family,experiment_id,run_id,backtest_id,configuration_id,symbol,timeframe,mode,period,scenario,closed_trades,winners,losers,breakeven_trades,net_pnl,expectancy,profit_factor,win_rate_pct,median_net_pnl,sample_status,diagnostic,removed_trades,removed_net_pnl,interpretation
atr,eth_short_regime_challenge_v1_atr,20261007T203617Z-52e2dc923989,b7e8247ec6d74a51aee45ead5f91cfce,cf431489718e192b,ETHUSDT,1h,SHORT_ONLY,train,base,94,32,62,0,-569.1249672280137,-6.054520927957593,0.803363984442703,34.04255319148936,-32.53455887550461,DESCRIPTIVE_SAMPLE,complete,0,0.0,"descriptive deletion of net PnL; no resimulation, return or drawdown"
atr,eth_short_regime_challenge_v1_atr,20261007T203617Z-52e2dc923989,b7e8247ec6d74a51aee45ead5f91cfce,cf431489718e192b,ETHUSDT,1h,SHORT_ONLY,train,base,93,31,62,0,-740.888908072464,-7.966547398628645,0.7440185350441696,33.333333333333336,-32.87928686059617,DESCRIPTIVE_SAMPLE,without_best,1,171.76394084445036,"descriptive deletion of net PnL; no resimulation, return or drawdown"
atr,eth_short_regime_challenge_v1_atr,20261007T203617Z-52e2dc923989,b7e8247ec6d74a51aee45ead5f91cfce,cf431489718e192b,ETHUSDT,1h,SHORT_ONLY,train,base,89,27,62,0,-1314.9995064757993,-14.775275353660666,0.545659954662264,30.337078651685392,-33.270548487518866,DESCRIPTIVE_SAMPLE,without_top_5pct,5,745.8745392477858,"descriptive deletion of net PnL; no resimulation, return or drawdown"
atr,eth_short_regime_challenge_v1_atr,20261007T203617Z-52e2dc923989,b7e8247ec6d74a51aee45ead5f91cfce,cf431489718e192b,ETHUSDT,1h,SHORT_ONLY,train,base,84,22,62,0,-1776.00638305217,-21.14293313157345,0.38637937381546755,26.19047619047619,-34.008437759372924,DESCRIPTIVE_SAMPLE,without_top_10pct,10,1206.8814158241562,"descriptive deletion of net PnL; no resimulation, return or drawdown"
atr,eth_short_regime_challenge_v1_atr,20261007T203617Z-52e2dc923989,be5fea572aae49d3a07a704b775e73de,cf431489718e192b,ETHUSDT,1h,SHORT_ONLY,train,adverse,93,32,61,0,-781.691799022157,-8.40528816152857,0.7360909221179378,34.40860215053763,-35.24466594834227,DESCRIPTIVE_SAMPLE,complete,0,0.0,"descriptive deletion of net PnL; no resimulation, return or drawdown"
atr,eth_short_regime_challenge_v1_atr,20261007T203617Z-52e2dc923989,be5fea572aae49d3a07a704b775e73de,cf431489718e192b,ETHUSDT,1h,SHORT_ONLY,train,adverse,92,31,61,0,-941.826517644693,-10.237244757007533,0.6820274075954078,33.69565217391305,-35.314877883719745,DESCRIPTIVE_SAMPLE,without_best,1,160.1347186225358,"descriptive deletion of net PnL; no resimulation, return or drawdown"
atr,eth_short_regime_challenge_v1_atr,20261007T203617Z-52e2dc923989,be5fea572aae49d3a07a704b775e73de,cf431489718e192b,ETHUSDT,1h,SHORT_ONLY,train,adverse,88,27,61,0,-1490.1944879661105,-16.934028272342164,0.49689141721068425,30.681818181818183,-36.10153184864615,DESCRIPTIVE_SAMPLE,without_top_5pct,5,708.5026889439532,"descriptive deletion of net PnL; no resimulation, return or drawdown"
atr,eth_short_regime_challenge_v1_atr,20261007T203617Z-52e2dc923989,be5fea572aae49d3a07a704b775e73de,cf431489718e192b,ETHUSDT,1h,SHORT_ONLY,train,adverse,83,22,61,0,-1926.7526558773295,-23.21388742020879,0.3495038359677262,26.50602409638554,-36.439675791312354,DESCRIPTIVE_SAMPLE,without_top_10pct,10,1145.060856855172,"descriptive deletion of net PnL; no resimulation, return or drawdown"
atr,eth_short_regime_challenge_v1_atr,20261007T203617Z-52e2dc923989,7af0a45591244d29a43c233a4eabee16,b189830689073f8b,ETHUSDT,1h,SHORT_ONLY,train,base,82,31,51,0,17.57171973146599,0.21428926501787793,1.007207110812392,37.80487804878049,-30.26643813700685,DESCRIPTIVE_SAMPLE,complete,0,0.0,"descriptive deletion of net PnL; no resimulation, return or drawdown"
atr,eth_short_regime_challenge_v1_atr,20261007T203617Z-52e2dc923989,7af0a45591244d29a43c233a4eabee16,b189830689073f8b,ETHUSDT,1h,SHORT_ONLY,train,base,81,30,51,0,-161.94952103777047,-1.999376802935438,0.9335757591191894,37.03703703703704,-30.93254116070169,DESCRIPTIVE_SAMPLE,without_best,1,179.5212407692365,"descriptive deletion of net PnL; no resimulation, return or drawdown"
atr,eth_short_regime_challenge_v1_atr,20261007T203617Z-52e2dc923989,7af0a45591244d29a43c233a4eabee16,b189830689073f8b,ETHUSDT,1h,SHORT_ONLY,train,base,77,26,51,0,-769.5979675976831,-9.994778799969911,0.6843463293159825,33.76623376623377,-33.41274296697023,DESCRIPTIVE_SAMPLE,without_top_5pct,5,787.1696873291492,"descriptive deletion of net PnL; no resimulation, return or drawdown"
atr,eth_short_regime_challenge_v1_atr,20261007T203617Z-52e2dc923989,7af0a45591244d29a43c233a4eabee16,b189830689073f8b,ETHUSDT,1h,SHORT_ONLY,train,base,73,22,51,0,-1199.8586821341048,-16.436420303206916,0.507873184099014,30.136986301369863,-34.363188730854205,DESCRIPTIVE_SAMPLE,without_top_10pct,9,1217.4304018655707,"descriptive deletion of net PnL; no resimulation, return or drawdown"
atr,eth_short_regime_challenge_v1_atr,20261007T203617Z-52e2dc923989,c866a6df27c4463a8d66364a8f1d67d0,b189830689073f8b,ETHUSDT,1h,SHORT_ONLY,train,adverse,81,31,50,0,-171.34557619724637,-2.115377483916622,0.9310739296607318,38.27160493827161,-32.749081078624876,DESCRIPTIVE_SAMPLE,complete,0,0.0,"descriptive deletion of net PnL; no resimulation, return or drawdown"
atr,eth_short_regime_challenge_v1_atr,20261007T203617Z-52e2dc923989,c866a6df27c4463a8d66364a8f1d67d0,b189830689073f8b,ETHUSDT,1h,SHORT_ONLY,train,adverse,80,30,50,0,-339.34195204426544,-4.241774400553318,0.8634951203599066,37.5,-33.42137524248969,DESCRIPTIVE_SAMPLE,without_best,1,167.996375847019,"descriptive deletion of net PnL; no resimulation, return or drawdown"
atr,eth_short_regime_challenge_v1_atr,20261007T203617Z-52e2dc923989,c866a6df27c4463a8d66364a8f1d67d0,b189830689073f8b,ETHUSDT,1h,SHORT_ONLY,train,adverse,76,26,50,0,-922.0706178612005,-12.132508129752638,0.6290846505934204,34.21052631578947,-35.387912286884685,DESCRIPTIVE_SAMPLE,without_top_5pct,5,750.7250416639539,"descriptive deletion of net PnL; no resimulation, return or drawdown"
atr,eth_short_regime_challenge_v1_atr,20261007T203617Z-52e2dc923989,c866a6df27c4463a8d66364a8f1d67d0,b189830689073f8b,ETHUSDT,1h,SHORT_ONLY,train,adverse,72,22,50,0,-1332.1046165007897,-18.501453006955412,0.46414294121897204,30.555555555555557,-36.9920817497918,DESCRIPTIVE_SAMPLE,without_top_10pct,9,1160.7590403035433,"descriptive deletion of net PnL; no resimulation, return or drawdown"
atr,eth_short_regime_challenge_v1_atr,20261007T203617Z-52e2dc923989,aa5334eb9e37486da6e26afeb06d2f71,817d1c5f49c84d4e,ETHUSDT,1h,SHORT_ONLY,train,base,68,27,41,0,263.6952354033681,3.87787110887306,1.1355326219384287,39.705882352941174,-27.093208199950265,DESCRIPTIVE_SAMPLE,complete,0,0.0,"descriptive deletion of net PnL; no resimulation, return or drawdown"
atr,eth_short_regime_challenge_v1_atr,20261007T203617Z-52e2dc923989,aa5334eb9e37486da6e26afeb06d2f71,817d1c5f49c84d4e,ETHUSDT,1h,SHORT_ONLY,train,base,67,26,41,0,82.22853997238418,1.2272916413788684,1.0422633712117642,38.80597014925373,-27.486995068060356,DESCRIPTIVE_SAMPLE,without_best,1,181.46669543098392,"descriptive deletion of net PnL; no resimulation, return or drawdown"
atr,eth_short_regime_challenge_v1_atr,20261007T203617Z-52e2dc923989,aa5334eb9e37486da6e26afeb06d2f71,817d1c5f49c84d4e,ETHUSDT,1h,SHORT_ONLY,train,base,64,23,41,0,-414.0116133977969,-6.468931459340577,0.787208595593586,35.9375,-30.502930282347883,DESCRIPTIVE_SAMPLE,without_top_5pct,4,677.7068488011648,"descriptive deletion of net PnL; no resimulation, return or drawdown"
atr,eth_short_regime_challenge_v1_atr,20261007T203617Z-52e2dc923989,aa5334eb9e37486da6e26afeb06d2f71,817d1c5f49c84d4e,ETHUSDT,1h,SHORT_ONLY,train,base,61,20,41,0,-762.4532461196716,-12.499233542945436,0.6081184880189706,32.78688524590164,-31.292126735384834,DESCRIPTIVE_SAMPLE,without_top_10pct,7,1026.1484815230397,"descriptive deletion of net PnL; no resimulation, return or drawdown"
atr,eth_short_regime_challenge_v1_atr,20261007T203617Z-52e2dc923989,ebeee4bdb9004415b5cd15a7d5c32b06,817d1c5f49c84d4e,ETHUSDT,1h,SHORT_ONLY,train,adverse,68,27,41,0,31.921660945786883,0.46943619037921885,1.0155480785677582,39.705882352941174,-30.000267554291007,DESCRIPTIVE_SAMPLE,complete,0,0.0,"descriptive deletion of net PnL; no resimulation, return or drawdown"
atr,eth_short_regime_challenge_v1_atr,20261007T203617Z-52e2dc923989,ebeee4bdb9004415b5cd15a7d5c32b06,817d1c5f49c84d4e,ETHUSDT,1h,SHORT_ONLY,train,adverse,67,26,41,0,-138.4126567692786,-2.0658605487952033,0.9325833682064432,38.80597014925373,-30.306296958669087,DESCRIPTIVE_SAMPLE,without_best,1,170.3343177150654,"descriptive deletion of net PnL; no resimulation, return or drawdown"
atr,eth_short_regime_challenge_v1_atr,20261007T203617Z-52e2dc923989,ebeee4bdb9004415b5cd15a7d5c32b06,817d1c5f49c84d4e,ETHUSDT,1h,SHORT_ONLY,train,adverse,64,23,41,0,-616.6889424954494,-9.635764726491397,0.6996294100713949,35.9375,-33.712982054273965,DESCRIPTIVE_SAMPLE,without_top_5pct,4,648.6106034412362,"descriptive deletion of net PnL; no resimulation, return or drawdown"
atr,eth_short_regime_challenge_v1_atr,20261007T203617Z-52e2dc923989,ebeee4bdb9004415b5cd15a7d5c32b06,817d1c5f49c84d4e,ETHUSDT,1h,SHORT_ONLY,train,adverse,61,20,41,0,-949.8915015596057,-15.571991828845995,0.5373364900348724,32.78688524590164,-34.48072841458556,DESCRIPTIVE_SAMPLE,without_top_10pct,7,981.8131625053925,"descriptive deletion of net PnL; no resimulation, return or drawdown"
atr,eth_short_regime_challenge_v1_atr,20261007T203617Z-52e2dc923989,fd1637e50e1f4b38b272eaf2dc5a5cb4,143528a8db38d8af,ETHUSDT,1h,SHORT_ONLY,train,base,72,24,48,0,-540.0503297295639,-7.5006990240217215,0.7684916773131505,33.333333333333336,-32.81374979804738,DESCRIPTIVE_SAMPLE,complete,0,0.0,"descriptive deletion of net PnL; no resimulation, return or drawdown"
atr,eth_short_regime_challenge_v1_atr,20261007T203617Z-52e2dc923989,fd1637e50e1f4b38b272eaf2dc5a5cb4,143528a8db38d8af,ETHUSDT,1h,SHORT_ONLY,train,base,71,23,48,0,-713.7772818516605,-10.05320115284029,0.6940185530926258,32.394366197183096,-33.261702776634905,DESCRIPTIVE_SAMPLE,without_best,1,173.72695212209652,"descriptive deletion of net PnL; no resimulation, return or drawdown"
atr,eth_short_regime_challenge_v1_atr,20261007T203617Z-52e2dc923989,fd1637e50e1f4b38b272eaf2dc5a5cb4,143528a8db38d8af,ETHUSDT,1h,SHORT_ONLY,train,base,68,20,48,0,-1153.7166030362898,-16.966420632886614,0.5054257336373593,29.41176470588235,-34.68103726672966,DESCRIPTIVE_SAMPLE,without_top_5pct,4,613.6662733067257,"descriptive deletion of net PnL; no resimulation, return or drawdown"
atr,eth_short_regime_challenge_v1_atr,20261007T203617Z-52e2dc923989,fd1637e50e1f4b38b272eaf2dc5a5cb4,143528a8db38d8af,ETHUSDT,1h,SHORT_ONLY,train,base,64,16,48,0,-1539.21585352424,-24.05024771131625,0.3401702380575415,25.0,-35.8486720375283,DESCRIPTIVE_SAMPLE,without_top_10pct,8,999.1655237946761,"descriptive deletion of net PnL; no resimulation, return or drawdown"
atr,eth_short_regime_challenge_v1_atr,20261007T203617Z-52e2dc923989,d5046f27b25f4db18f4d4d63c29fc310,143528a8db38d8af,ETHUSDT,1h,SHORT_ONLY,train,adverse,72,24,48,0,-763.6991006019456,-10.6069319528048,0.6882492894314679,33.333333333333336,-35.72156292346054,DESCRIPTIVE_SAMPLE,complete,0,0.0,"descriptive deletion of net PnL; no resimulation, return or drawdown"
atr,eth_short_regime_challenge_v1_atr,20261007T203617Z-52e2dc923989,d5046f27b25f4db18f4d4d63c29fc310,143528a8db38d8af,ETHUSDT,1h,SHORT_ONLY,train,adverse,71,23,48,0,-926.4318303140881,-13.048335638226593,0.6218199272906322,32.394366197183096,-35.816433589450284,DESCRIPTIVE_SAMPLE,without_best,1,162.73272971214237,"descriptive deletion of net PnL; no resimulation, return or drawdown"
atr,eth_short_regime_challenge_v1_atr,20261007T203617Z-52e2dc923989,d5046f27b25f4db18f4d4d63c29fc310,143528a8db38d8af,ETHUSDT,1h,SHORT_ONLY,train,adverse,68,20,48,0,-1349.0592846539685,-19.839107127264242,0.4492985650258619,29.41176470588235,-37.574044622536015,DESCRIPTIVE_SAMPLE,without_top_5pct,4,585.3601840520228,"descriptive deletion of net PnL; no resimulation, return or drawdown"
atr,eth_short_regime_challenge_v1_atr,20261007T203617Z-52e2dc923989,d5046f27b25f4db18f4d4d63c29fc310,143528a8db38d8af,ETHUSDT,1h,SHORT_ONLY,train,adverse,64,16,48,0,-1714.818691880432,-26.79404206063175,0.2999913902366022,25.0,-38.942454952674915,DESCRIPTIVE_SAMPLE,without_top_10pct,8,951.1195912784864,"descriptive deletion of net PnL; no resimulation, return or drawdown"
atr,eth_short_regime_challenge_v1_atr,20261007T203617Z-52e2dc923989,9fd6193418ec463c8ac4c9e26b8dcdd3,49c4a234fbe24bab,ETHUSDT,1h,SHORT_ONLY,train,base,65,23,42,0,-390.8793500312945,-6.013528462019916,0.8161493361685519,35.38461538461539,-31.21323661793723,DESCRIPTIVE_SAMPLE,complete,0,0.0,"descriptive deletion of net PnL; no resimulation, return or drawdown"
atr,eth_short_regime_challenge_v1_atr,20261007T203617Z-52e2dc923989,9fd6193418ec463c8ac4c9e26b8dcdd3,49c4a234fbe24bab,ETHUSDT,1h,SHORT_ONLY,train,base,64,22,42,0,-570.9723916183373,-8.92144361903652,0.7314423153332186,34.375,-32.94391707605516,DESCRIPTIVE_SAMPLE,without_best,1,180.09304158704276,"descriptive deletion of net PnL; no resimulation, return or drawdown"
atr,eth_short_regime_challenge_v1_atr,20261007T203617Z-52e2dc923989,9fd6193418ec463c8ac4c9e26b8dcdd3,49c4a234fbe24bab,ETHUSDT,1h,SHORT_ONLY,train,base,61,19,42,0,-1013.8578562774791,-16.620620594712772,0.523130500773653,31.147540983606557,-35.39370307204997,DESCRIPTIVE_SAMPLE,without_top_5pct,4,622.9785062461846,"descriptive deletion of net PnL; no resimulation, return or drawdown"
atr,eth_short_regime_challenge_v1_atr,20261007T203617Z-52e2dc923989,9fd6193418ec463c8ac4c9e26b8dcdd3,49c4a234fbe24bab,ETHUSDT,1h,SHORT_ONLY,train,base,58,16,42,0,-1313.3565270785525,-22.64407805307849,0.3822608706972488,27.586206896551722,-36.75496217393357,DESCRIPTIVE_SAMPLE,without_top_10pct,7,922.4771770472582,"descriptive deletion of net PnL; no resimulation, return or drawdown"
atr,eth_short_regime_challenge_v1_atr,20261007T203617Z-52e2dc923989,2d28a410843b4f3483fd4e3da684da38,49c4a234fbe24bab,ETHUSDT,1h,SHORT_ONLY,train,adverse,65,23,42,0,-595.7469078257734,-9.165337043473437,0.732857332274498,35.38461538461539,-34.32878645906637,DESCRIPTIVE_SAMPLE,complete,0,0.0,"descriptive deletion of net PnL; no resimulation, return or drawdown"
atr,eth_short_regime_challenge_v1_atr,20261007T203617Z-52e2dc923989,2d28a410843b4f3483fd4e3da684da38,49c4a234fbe24bab,ETHUSDT,1h,SHORT_ONLY,train,adverse,64,22,42,0,-764.8476096800362,-11.950743901250565,0.6570298088510551,34.375,-36.19828228555876,DESCRIPTIVE_SAMPLE,without_best,1,169.10070185426264,"descriptive deletion of net PnL; no resimulation, return or drawdown"
atr,eth_short_regime_challenge_v1_atr,20261007T203617Z-52e2dc923989,2d28a410843b4f3483fd4e3da684da38,49c4a234fbe24bab,ETHUSDT,1h,SHORT_ONLY,train,adverse,61,19,42,0,-1191.5511165519456,-19.533624861507306,0.4656889698870609,31.147540983606557,-38.20414107793997,DESCRIPTIVE_SAMPLE,without_top_5pct,4,595.8042087261721,"descriptive deletion of net PnL; no resimulation, return or drawdown"
atr,eth_short_regime_challenge_v1_atr,20261007T203617Z-52e2dc923989,2d28a410843b4f3483fd4e3da684da38,49c4a234fbe24bab,ETHUSDT,1h,SHORT_ONLY,train,adverse,58,16,42,0,-1476.1226899689232,-25.450391206360745,0.33808241703242575,27.586206896551722,-40.02599534195629,DESCRIPTIVE_SAMPLE,without_top_10pct,7,880.3757821431498,"descriptive deletion of net PnL; no resimulation, return or drawdown"
atr,eth_short_regime_challenge_v1_atr,20261007T203617Z-52e2dc923989,2278be821b54488690bb4e75b4bc3a01,cfd1f51b4fb4e68c,ETHUSDT,1h,SHORT_ONLY,train,base,52,20,32,0,-86.78972506961912,-1.6690331744157523,0.946040656158541,38.46153846153846,-30.721235588307955,DESCRIPTIVE_SAMPLE,complete,0,0.0,"descriptive deletion of net PnL; no resimulation, return or drawdown"
atr,eth_short_regime_challenge_v1_atr,20261007T203617Z-52e2dc923989,2278be821b54488690bb4e75b4bc3a01,cfd1f51b4fb4e68c,ETHUSDT,1h,SHORT_ONLY,train,base,51,19,32,0,-271.21803998255984,-5.318000783971762,0.8313769577713707,37.254901960784316,-31.44403535110216,DESCRIPTIVE_SAMPLE,without_best,1,184.42831491294075,"descriptive deletion of net PnL; no resimulation, return or drawdown"
atr,eth_short_regime_challenge_v1_atr,20261007T203617Z-52e2dc923989,2278be821b54488690bb4e75b4bc3a01,cfd1f51b4fb4e68c,ETHUSDT,1h,SHORT_ONLY,train,base,49,17,32,0,-609.9440281792588,-12.447837309780791,0.6207825348660988,34.69387755102041,-31.526820629561314,DESCRIPTIVE_SAMPLE,without_top_5pct,3,523.1543031096397,"descriptive deletion of net PnL; no resimulation, return or drawdown"
atr,eth_short_regime_challenge_v1_atr,20261007T203617Z-52e2dc923989,2278be821b54488690bb4e75b4bc3a01,cfd1f51b4fb4e68c,ETHUSDT,1h,SHORT_ONLY,train,base,46,14,32,0,-910.7649238113954,-19.79923747416077,0.4337546565188707,30.434782608695652,-35.25777587760169,DESCRIPTIVE_SAMPLE,without_top_10pct,6,823.9751987417762,"descriptive deletion of net PnL; no resimulation, return or drawdown"
atr,eth_short_regime_challenge_v1_atr,20261007T203617Z-52e2dc923989,6a4808833c7046f2a41e08861dc2e9ff,cfd1f51b4fb4e68c,ETHUSDT,1h,SHORT_ONLY,train,adverse,52,20,32,0,-258.6172555859616,-4.973408761268492,0.8473467913289314,38.46153846153846,-33.98897072145717,DESCRIPTIVE_SAMPLE,complete,0,0.0,"descriptive deletion of net PnL; no resimulation, return or drawdown"
atr,eth_short_regime_challenge_v1_atr,20261007T203617Z-52e2dc923989,6a4808833c7046f2a41e08861dc2e9ff,cfd1f51b4fb4e68c,ETHUSDT,1h,SHORT_ONLY,train,adverse,51,19,32,0,-432.20199171619697,-8.474548857180332,0.7448854652795045,37.254901960784316,-34.72079502214315,DESCRIPTIVE_SAMPLE,without_best,1,173.5847361302354,"descriptive deletion of net PnL; no resimulation, return or drawdown"
atr,eth_short_regime_challenge_v1_atr,20261007T203617Z-52e2dc923989,6a4808833c7046f2a41e08861dc2e9ff,cfd1f51b4fb4e68c,ETHUSDT,1h,SHORT_ONLY,train,adverse,49,17,32,0,-759.7639688249624,-15.505387118876783,0.5515364687827428,34.69387755102041,-34.73989595424019,DESCRIPTIVE_SAMPLE,without_top_5pct,3,501.14671323900086,"descriptive deletion of net PnL; no resimulation, return or drawdown"
atr,eth_short_regime_challenge_v1_atr,20261007T203617Z-52e2dc923989,6a4808833c7046f2a41e08861dc2e9ff,cfd1f51b4fb4e68c,ETHUSDT,1h,SHORT_ONLY,train,adverse,46,14,32,0,-1047.0114233194931,-22.76111789824985,0.3819838010311824,30.434782608695652,-38.4101979612029,DESCRIPTIVE_SAMPLE,without_top_10pct,6,788.3941677335317,"descriptive deletion of net PnL; no resimulation, return or drawdown"
atr,eth_short_regime_challenge_v1_atr,20261007T203617Z-52e2dc923989,332f12a952da45628517692799de225a,cf431489718e192b,ETHUSDT,1h,SHORT_ONLY,validation,base,51,19,32,0,-34.102860106820685,-0.6686835315062879,0.9843940967114183,37.254901960784316,-50.72403785451224,DESCRIPTIVE_SAMPLE,complete,0,0.0,"descriptive deletion of net PnL; no resimulation, return or drawdown"
atr,eth_short_regime_challenge_v1_atr,20261007T203617Z-52e2dc923989,332f12a952da45628517692799de225a,cf431489718e192b,ETHUSDT,1h,SHORT_ONLY,validation,base,50,18,32,0,-230.3627565968677,-4.607255131937354,0.8945830675350658,36.0,-51.65950644920978,DESCRIPTIVE_SAMPLE,without_best,1,196.25989649004705,"descriptive deletion of net PnL; no resimulation, return or drawdown"
atr,eth_short_regime_challenge_v1_atr,20261007T203617Z-52e2dc923989,332f12a952da45628517692799de225a,cf431489718e192b,ETHUSDT,1h,SHORT_ONLY,validation,base,48,16,32,0,-561.5730696154792,-11.699438950322483,0.743017008355309,33.333333333333336,-52.71573791334714,DESCRIPTIVE_SAMPLE,without_top_5pct,3,527.4702095086586,"descriptive deletion of net PnL; no resimulation, return or drawdown"
atr,eth_short_regime_challenge_v1_atr,20261007T203617Z-52e2dc923989,332f12a952da45628517692799de225a,cf431489718e192b,ETHUSDT,1h,SHORT_ONLY,validation,base,45,13,32,0,-948.1445765826139,-21.069879479613643,0.5661169614690996,28.88888888888889,-53.44463169422701,DESCRIPTIVE_SAMPLE,without_top_10pct,6,914.0417164757934,"descriptive deletion of net PnL; no resimulation, return or drawdown"
atr,eth_short_regime_challenge_v1_atr,20261007T203617Z-52e2dc923989,cdfa91e794f0443d815f7c89edca5209,cf431489718e192b,ETHUSDT,1h,SHORT_ONLY,validation,adverse,51,19,32,0,-195.0353697071519,-3.8242229354343507,0.9137232311007828,37.254901960784316,-53.31697362794413,DESCRIPTIVE_SAMPLE,complete,0,0.0,"descriptive deletion of net PnL; no resimulation, return or drawdown"
atr,eth_short_regime_challenge_v1_atr,20261007T203617Z-52e2dc923989,cdfa91e794f0443d815f7c89edca5209,cf431489718e192b,ETHUSDT,1h,SHORT_ONLY,validation,adverse,50,18,32,0,-382.9419621150923,-7.658839242301846,0.8305999818554707,36.0,-54.42391644721555,DESCRIPTIVE_SAMPLE,without_best,1,187.90659240794042,"descriptive deletion of net PnL; no resimulation, return or drawdown"
atr,eth_short_regime_challenge_v1_atr,20261007T203617Z-52e2dc923989,cdfa91e794f0443d815f7c89edca5209,cf431489718e192b,ETHUSDT,1h,SHORT_ONLY,validation,adverse,48,16,32,0,-701.4246827326422,-14.613014223596712,0.6897144587507522,33.333333333333336,-55.69670326548521,DESCRIPTIVE_SAMPLE,without_top_5pct,3,506.38931302549037,"descriptive deletion of net PnL; no resimulation, return or drawdown"
atr,eth_short_regime_challenge_v1_atr,20261007T203617Z-52e2dc923989,cdfa91e794f0443d815f7c89edca5209,cf431489718e192b,ETHUSDT,1h,SHORT_ONLY,validation,adverse,45,13,32,0,-1074.029900876976,-23.867331130599464,0.5248870515745544,28.88888888888889,-56.07481622993528,DESCRIPTIVE_SAMPLE,without_top_10pct,6,878.9945311698241,"descriptive deletion of net PnL; no resimulation, return or drawdown"
atr,eth_short_regime_challenge_v1_atr,20261007T203617Z-52e2dc923989,be31d88eb23041e491616d35095cdf44,b189830689073f8b,ETHUSDT,1h,SHORT_ONLY,validation,base,41,15,26,0,-20.78143552294881,-0.506864281047532,0.988186232870449,36.58536585365854,-48.16589979742558,DESCRIPTIVE_SAMPLE,complete,0,0.0,"descriptive deletion of net PnL; no resimulation, return or drawdown"
atr,eth_short_regime_challenge_v1_atr,20261007T203617Z-52e2dc923989,be31d88eb23041e491616d35095cdf44,b189830689073f8b,ETHUSDT,1h,SHORT_ONLY,validation,base,40,14,26,0,-218.08694806925206,-5.452173701731302,0.8760225964351975,35.0,-49.47885470514845,DESCRIPTIVE_SAMPLE,without_best,1,197.30551254630325,"descriptive deletion of net PnL; no resimulation, return or drawdown"
atr,eth_short_regime_challenge_v1_atr,20261007T203617Z-52e2dc923989,be31d88eb23041e491616d35095cdf44,b189830689073f8b,ETHUSDT,1h,SHORT_ONLY,validation,base,38,12,26,0,-547.4793175399373,-14.407350461577296,0.6887706261427526,31.57894736842105,-51.715820311474154,DESCRIPTIVE_SAMPLE,without_top_5pct,3,526.6978820169884,"descriptive deletion of net PnL; no resimulation, return or drawdown"
atr,eth_short_regime_challenge_v1_atr,20261007T203617Z-52e2dc923989,be31d88eb23041e491616d35095cdf44,b189830689073f8b,ETHUSDT,1h,SHORT_ONLY,validation,base,36,10,26,0,-814.886827486759,-22.635745207965527,0.5367556198783308,27.77777777777778,-52.90937415226886,DESCRIPTIVE_SAMPLE,without_top_10pct,5,794.1053919638101,"descriptive deletion of net PnL; no resimulation, return or drawdown"
atr,eth_short_regime_challenge_v1_atr,20261007T203617Z-52e2dc923989,25a5084d295749cca501a161b3b1a9b8,b189830689073f8b,ETHUSDT,1h,SHORT_ONLY,validation,adverse,41,15,26,0,-151.2360068237713,-3.6886830932627146,0.9170278358168944,36.58536585365854,-51.4139921636169,DESCRIPTIVE_SAMPLE,complete,0,0.0,"descriptive deletion of net PnL; no resimulation, return or drawdown"
atr,eth_short_regime_challenge_v1_atr,20261007T203617Z-52e2dc923989,25a5084d295749cca501a161b3b1a9b8,b189830689073f8b,ETHUSDT,1h,SHORT_ONLY,validation,adverse,40,14,26,0,-340.2083518042652,-8.505208795106629,0.8133524957766186,35.0,-52.484575804523544,DESCRIPTIVE_SAMPLE,without_best,1,188.97234498049392,"descriptive deletion of net PnL; no resimulation, return or drawdown"
atr,eth_short_regime_challenge_v1_atr,20261007T203617Z-52e2dc923989,25a5084d295749cca501a161b3b1a9b8,b189830689073f8b,ETHUSDT,1h,SHORT_ONLY,validation,adverse,38,12,26,0,-657.457473131633,-17.301512450832448,0.6393010464257164,31.57894736842105,-54.50488259879988,DESCRIPTIVE_SAMPLE,without_top_5pct,3,506.2214663078619,"descriptive deletion of net PnL; no resimulation, return or drawdown"
atr,eth_short_regime_challenge_v1_atr,20261007T203617Z-52e2dc923989,25a5084d295749cca501a161b3b1a9b8,b189830689073f8b,ETHUSDT,1h,SHORT_ONLY,validation,adverse,36,10,26,0,-915.5673467344251,-25.432426298178473,0.49769498805625356,27.77777777777778,-55.702865213947874,DESCRIPTIVE_SAMPLE,without_top_10pct,5,764.3313399106538,"descriptive deletion of net PnL; no resimulation, return or drawdown"
atr,eth_short_regime_challenge_v1_atr,20261007T203617Z-52e2dc923989,a343e1709f79436d978778d3b8ea8b1d,817d1c5f49c84d4e,ETHUSDT,1h,SHORT_ONLY,validation,base,34,12,22,0,22.59738550041402,0.6646289853062948,1.015764980631536,35.294117647058826,-49.92048271876166,DESCRIPTIVE_SAMPLE,complete,0,0.0,"descriptive deletion of net PnL; no resimulation, return or drawdown"
atr,eth_short_regime_challenge_v1_atr,20261007T203617Z-52e2dc923989,a343e1709f79436d978778d3b8ea8b1d,817d1c5f49c84d4e,ETHUSDT,1h,SHORT_ONLY,validation,base,33,11,22,0,-177.42186088763768,-5.376420026898112,0.8762223089722738,33.333333333333336,-51.01258837374976,DESCRIPTIVE_SAMPLE,without_best,1,200.01924638805178,"descriptive deletion of net PnL; no resimulation, return or drawdown"
atr,eth_short_regime_challenge_v1_atr,20261007T203617Z-52e2dc923989,a343e1709f79436d978778d3b8ea8b1d,817d1c5f49c84d4e,ETHUSDT,1h,SHORT_ONLY,validation,base,32,10,22,0,-363.93342403923407,-11.372919501226065,0.7461032214969312,31.25,-52.04778996369741,DESCRIPTIVE_SAMPLE,without_top_5pct,2,386.5308095396482,"descriptive deletion of net PnL; no resimulation, return or drawdown"
atr,eth_short_regime_challenge_v1_atr,20261007T203617Z-52e2dc923989,a343e1709f79436d978778d3b8ea8b1d,817d1c5f49c84d4e,ETHUSDT,1h,SHORT_ONLY,validation,base,30,8,22,0,-634.1726937687625,-21.139089792292086,0.5575718158133678,26.666666666666668,-53.246524852912415,DESCRIPTIVE_SAMPLE,without_top_10pct,4,656.7700792691767,"descriptive deletion of net PnL; no resimulation, return or drawdown"
atr,eth_short_regime_challenge_v1_atr,20261007T203617Z-52e2dc923989,a3e283a740fe47e5adc47ecf802fd22a,817d1c5f49c84d4e,ETHUSDT,1h,SHORT_ONLY,validation,adverse,34,12,22,0,-91.90608719242138,-2.703120211541805,0.9384843390373128,35.294117647058826,-52.99953543366979,DESCRIPTIVE_SAMPLE,complete,0,0.0,"descriptive deletion of net PnL; no resimulation, return or drawdown"
atr,eth_short_regime_challenge_v1_atr,20261007T203617Z-52e2dc923989,a3e283a740fe47e5adc47ecf802fd22a,817d1c5f49c84d4e,ETHUSDT,1h,SHORT_ONLY,validation,adverse,33,11,22,0,-283.47826665887567,-8.590250504814414,0.8102589994331126,33.333333333333336,-53.87776101334714,DESCRIPTIVE_SAMPLE,without_best,1,191.57217946645434,"descriptive deletion of net PnL; no resimulation, return or drawdown"
atr,eth_short_regime_challenge_v1_atr,20261007T203617Z-52e2dc923989,a3e283a740fe47e5adc47ecf802fd22a,817d1c5f49c84d4e,ETHUSDT,1h,SHORT_ONLY,validation,adverse,32,10,22,0,-461.8761876534245,-14.433630864169515,0.6908516091329208,31.25,-54.93729807068047,DESCRIPTIVE_SAMPLE,without_top_5pct,2,369.97010046100314,"descriptive deletion of net PnL; no resimulation, return or drawdown"
atr,eth_short_regime_challenge_v1_atr,20261007T203617Z-52e2dc923989,a3e283a740fe47e5adc47ecf802fd22a,817d1c5f49c84d4e,ETHUSDT,1h,SHORT_ONLY,validation,adverse,30,8,22,0,-723.9752448440246,-24.132508161467488,0.5154203919707734,26.666666666666668,-56.14251521282718,DESCRIPTIVE_SAMPLE,without_top_10pct,4,632.0691576516033,"descriptive deletion of net PnL; no resimulation, return or drawdown"
atr,eth_short_regime_challenge_v1_atr,20261007T203617Z-52e2dc923989,1ae5e874249e43f59f880d9ed80a2931,143528a8db38d8af,ETHUSDT,1h,SHORT_ONLY,validation,base,35,12,23,0,-180.34087360476875,-5.152596388707678,0.8884559837905612,34.285714285714285,-51.907246161424226,DESCRIPTIVE_SAMPLE,complete,0,0.0,"descriptive deletion of net PnL; no resimulation, return or drawdown"
atr,eth_short_regime_challenge_v1_atr,20261007T203617Z-52e2dc923989,1ae5e874249e43f59f880d9ed80a2931,143528a8db38d8af,ETHUSDT,1h,SHORT_ONLY,validation,base,34,11,23,0,-371.6305904114685,-10.93031148269025,0.7701399146394948,32.35294117647059,-53.87956367927761,DESCRIPTIVE_SAMPLE,without_best,1,191.28971680669974,"descriptive deletion of net PnL; no resimulation, return or drawdown"
atr,eth_short_regime_challenge_v1_atr,20261007T203617Z-52e2dc923989,1ae5e874249e43f59f880d9ed80a2931,143528a8db38d8af,ETHUSDT,1h,SHORT_ONLY,validation,base,33,10,23,0,-556.4082945716079,-16.860857411260845,0.6558516403509281,30.303030303030305,-55.851881197131,DESCRIPTIVE_SAMPLE,without_top_5pct,2,376.0674209668392,"descriptive deletion of net PnL; no resimulation, return or drawdown"
atr,eth_short_regime_challenge_v1_atr,20261007T203617Z-52e2dc923989,1ae5e874249e43f59f880d9ed80a2931,143528a8db38d8af,ETHUSDT,1h,SHORT_ONLY,validation,base,31,8,23,0,-825.3299256700061,-26.623545989355037,0.48951886077235957,25.806451612903224,-60.39791847483215,DESCRIPTIVE_SAMPLE,without_top_10pct,4,644.9890520652373,"descriptive deletion of net PnL; no resimulation, return or drawdown"
atr,eth_short_regime_challenge_v1_atr,20261007T203617Z-52e2dc923989,29a3aa6a29fa4b2b8469b2e00e02029c,143528a8db38d8af,ETHUSDT,1h,SHORT_ONLY,validation,adverse,35,12,23,0,-286.8311685555127,-8.19517624444322,0.8282313317681709,34.285714285714285,-54.79272524789476,DESCRIPTIVE_SAMPLE,complete,0,0.0,"descriptive deletion of net PnL; no resimulation, return or drawdown"
atr,eth_short_regime_challenge_v1_atr,20261007T203617Z-52e2dc923989,29a3aa6a29fa4b2b8469b2e00e02029c,143528a8db38d8af,ETHUSDT,1h,SHORT_ONLY,validation,adverse,34,11,23,0,-470.2214160453371,-13.830041648392267,0.7184081952636172,32.35294117647059,-56.872899373994784,DESCRIPTIVE_SAMPLE,without_best,1,183.3902474898244,"descriptive deletion of net PnL; no resimulation, return or drawdown"
atr,eth_short_regime_challenge_v1_atr,20261007T203617Z-52e2dc923989,29a3aa6a29fa4b2b8469b2e00e02029c,143528a8db38d8af,ETHUSDT,1h,SHORT_ONLY,validation,adverse,33,10,23,0,-647.0648369369325,-19.608025361725225,0.6125056218261309,30.303030303030305,-58.9530735000948,DESCRIPTIVE_SAMPLE,without_top_5pct,2,360.23366838141965,"descriptive deletion of net PnL; no resimulation, return or drawdown"
atr,eth_short_regime_challenge_v1_atr,20261007T203617Z-52e2dc923989,29a3aa6a29fa4b2b8469b2e00e02029c,143528a8db38d8af,ETHUSDT,1h,SHORT_ONLY,validation,adverse,31,8,23,0,-907.691316064036,-29.28036503432374,0.4564296156826456,25.806451612903224,-63.290403816236264,DESCRIPTIVE_SAMPLE,without_top_10pct,4,620.8601475085234,"descriptive deletion of net PnL; no resimulation, return or drawdown"
atr,eth_short_regime_challenge_v1_atr,20261007T203617Z-52e2dc923989,d1aee8ab517e4e71afaeee73df0b5d48,49c4a234fbe24bab,ETHUSDT,1h,SHORT_ONLY,validation,base,29,9,20,0,-245.7218848712335,-8.473168443835638,0.8187450202114481,31.03448275862069,-50.677305980097735,DESCRIPTIVE_SAMPLE,complete,0,0.0,"descriptive deletion of net PnL; no resimulation, return or drawdown"
atr,eth_short_regime_challenge_v1_atr,20261007T203617Z-52e2dc923989,d1aee8ab517e4e71afaeee73df0b5d48,49c4a234fbe24bab,ETHUSDT,1h,SHORT_ONLY,validation,base,28,8,20,0,-434.69811776319744,-15.524932777257051,0.6793480621777783,28.571428571428573,-55.07887579907174,DESCRIPTIVE_SAMPLE,without_best,1,188.976232891964,"descriptive deletion of net PnL; no resimulation, return or drawdown"
atr,eth_short_regime_challenge_v1_atr,20261007T203617Z-52e2dc923989,d1aee8ab517e4e71afaeee73df0b5d48,49c4a234fbe24bab,ETHUSDT,1h,SHORT_ONLY,validation,base,27,7,20,0,-617.0888478272418,-22.855142512120068,0.5448088529058742,25.925925925925927,-59.48044561804575,DESCRIPTIVE_SAMPLE,without_top_5pct,2,371.36696295600836,"descriptive deletion of net PnL; no resimulation, return or drawdown"
atr,eth_short_regime_challenge_v1_atr,20261007T203617Z-52e2dc923989,d1aee8ab517e4e71afaeee73df0b5d48,49c4a234fbe24bab,ETHUSDT,1h,SHORT_ONLY,validation,base,26,6,20,0,-756.0052199643859,-29.077123844784072,0.44233819085144715,23.076923076923077,-60.138544183221384,DESCRIPTIVE_SAMPLE,without_top_10pct,3,510.28333509315246,"descriptive deletion of net PnL; no resimulation, return or drawdown"
atr,eth_short_regime_challenge_v1_atr,20261007T203617Z-52e2dc923989,218114ea6a7649b79899f725f62b14e2,49c4a234fbe24bab,ETHUSDT,1h,SHORT_ONLY,validation,adverse,29,9,20,0,-337.8143910853677,-11.64877210639199,0.7598131985895434,31.03448275862069,-53.54660904585351,DESCRIPTIVE_SAMPLE,complete,0,0.0,"descriptive deletion of net PnL; no resimulation, return or drawdown"
atr,eth_short_regime_challenge_v1_atr,20261007T203617Z-52e2dc923989,218114ea6a7649b79899f725f62b14e2,49c4a234fbe24bab,ETHUSDT,1h,SHORT_ONLY,validation,adverse,28,8,20,0,-519.045470453475,-18.53733823048125,0.6309574884176514,28.571428571428573,-57.95796743439807,DESCRIPTIVE_SAMPLE,without_best,1,181.23107936810743,"descriptive deletion of net PnL; no resimulation, return or drawdown"
atr,eth_short_regime_challenge_v1_atr,20261007T203617Z-52e2dc923989,218114ea6a7649b79899f725f62b14e2,49c4a234fbe24bab,ETHUSDT,1h,SHORT_ONLY,validation,adverse,27,7,20,0,-693.7921061753875,-25.69600393242176,0.506712232446073,25.925925925925927,-62.36932582294263,DESCRIPTIVE_SAMPLE,without_top_5pct,2,355.97771509001984,"descriptive deletion of net PnL; no resimulation, return or drawdown"
atr,eth_short_regime_challenge_v1_atr,20261007T203617Z-52e2dc923989,218114ea6a7649b79899f725f62b14e2,49c4a234fbe24bab,ETHUSDT,1h,SHORT_ONLY,validation,adverse,26,6,20,0,-828.4949838656919,-31.865191687141994,0.41093817963183943,23.076923076923077,-62.96567560750352,DESCRIPTIVE_SAMPLE,without_top_10pct,3,490.6805927803242,"descriptive deletion of net PnL; no resimulation, return or drawdown"
atr,eth_short_regime_challenge_v1_atr,20261007T203617Z-52e2dc923989,8f92f179804d405890e4ba8cdb059276,cfd1f51b4fb4e68c,ETHUSDT,1h,SHORT_ONLY,validation,base,21,6,15,0,-206.36689066090779,-9.826994793376562,0.786293550680207,28.571428571428573,-51.82399331285376,DESCRIPTIVE_SAMPLE,complete,0,0.0,"descriptive deletion of net PnL; no resimulation, return or drawdown"
atr,eth_short_regime_challenge_v1_atr,20261007T203617Z-52e2dc923989,8f92f179804d405890e4ba8cdb059276,cfd1f51b4fb4e68c,ETHUSDT,1h,SHORT_ONLY,validation,base,20,5,15,0,-398.47308781626185,-19.92365439081309,0.587354984736228,25.0,-52.8931847286772,DESCRIPTIVE_SAMPLE,without_best,1,192.10619715535407,"descriptive deletion of net PnL; no resimulation, return or drawdown"
atr,eth_short_regime_challenge_v1_atr,20261007T203617Z-52e2dc923989,8f92f179804d405890e4ba8cdb059276,cfd1f51b4fb4e68c,ETHUSDT,1h,SHORT_ONLY,validation,base,19,4,15,0,-579.7684520135329,-30.514129053343833,0.39961174532094895,21.05263157894737,-53.96237614450064,INSUFFICIENT_SAMPLE,without_top_5pct,2,373.401561352625,"descriptive deletion of net PnL; no resimulation, return or drawdown"
atr,eth_short_regime_challenge_v1_atr,20261007T203617Z-52e2dc923989,8f92f179804d405890e4ba8cdb059276,cfd1f51b4fb4e68c,ETHUSDT,1h,SHORT_ONLY,validation,base,18,3,15,0,-707.9559659744227,-39.33088699857904,0.26686516776686564,16.666666666666668,-57.394344736953244,INSUFFICIENT_SAMPLE,without_top_10pct,3,501.5890753135151,"descriptive deletion of net PnL; no resimulation, return or drawdown"
atr,eth_short_regime_challenge_v1_atr,20261007T203617Z-52e2dc923989,404b943cdeed4edfb30b8c56384097ce,cfd1f51b4fb4e68c,ETHUSDT,1h,SHORT_ONLY,validation,adverse,21,6,15,0,-279.3580341393765,-13.302763530446502,0.723297924579471,28.571428571428573,-54.83285867648286,DESCRIPTIVE_SAMPLE,complete,0,0.0,"descriptive deletion of net PnL; no resimulation, return or drawdown"
atr,eth_short_regime_challenge_v1_atr,20261007T203617Z-52e2dc923989,404b943cdeed4edfb30b8c56384097ce,cfd1f51b4fb4e68c,ETHUSDT,1h,SHORT_ONLY,validation,adverse,20,5,15,0,-463.6538801266439,-23.182694006332195,0.540754246416928,25.0,-55.95221091601984,DESCRIPTIVE_SAMPLE,without_best,1,184.29584598726737,"descriptive deletion of net PnL; no resimulation, return or drawdown"
atr,eth_short_regime_challenge_v1_atr,20261007T203617Z-52e2dc923989,404b943cdeed4edfb30b8c56384097ce,cfd1f51b4fb4e68c,ETHUSDT,1h,SHORT_ONLY,validation,adverse,19,4,15,0,-637.6996546279578,-33.56313971726094,0.36836318857228545,21.05263157894737,-57.071563155556824,INSUFFICIENT_SAMPLE,without_top_5pct,2,358.34162048858116,"descriptive deletion of net PnL; no resimulation, return or drawdown"
atr,eth_short_regime_challenge_v1_atr,20261007T203617Z-52e2dc923989,404b943cdeed4edfb30b8c56384097ce,cfd1f51b4fb4e68c,ETHUSDT,1h,SHORT_ONLY,validation,adverse,18,3,15,0,-762.2141489339648,-42.345230496331375,0.2450324989769385,16.666666666666668,-60.46949096821699,INSUFFICIENT_SAMPLE,without_top_10pct,3,482.8561147945883,"descriptive deletion of net PnL; no resimulation, return or drawdown"
atr,eth_short_regime_challenge_v1_atr,20261007T203617Z-52e2dc923989,bbf8e77d319f423db9cc3b88c3f2a7eb,cf431489718e192b,ETHUSDT,1h,SHORT_ONLY,test,base,90,34,56,0,404.8914176049035,4.498793528943372,1.1091469707823842,37.77777777777778,-47.9119189674781,DESCRIPTIVE_SAMPLE,complete,0,0.0,"descriptive deletion of net PnL; no resimulation, return or drawdown"
atr,eth_short_regime_challenge_v1_atr,20261007T203617Z-52e2dc923989,bbf8e77d319f423db9cc3b88c3f2a7eb,cf431489718e192b,ETHUSDT,1h,SHORT_ONLY,test,base,89,33,56,0,200.43099869695934,2.2520336932242624,1.0540303780407818,37.07865168539326,-48.83088413257684,DESCRIPTIVE_SAMPLE,without_best,1,204.46041890794427,"descriptive deletion of net PnL; no resimulation, return or drawdown"
atr,eth_short_regime_challenge_v1_atr,20261007T203617Z-52e2dc923989,bbf8e77d319f423db9cc3b88c3f2a7eb,cf431489718e192b,ETHUSDT,1h,SHORT_ONLY,test,base,85,29,56,0,-566.7118321299595,-6.6671980250583465,0.8472309436702395,34.11764705882353,-52.63793593437874,DESCRIPTIVE_SAMPLE,without_top_5pct,5,971.6032497348631,"descriptive deletion of net PnL; no resimulation, return or drawdown"
atr,eth_short_regime_challenge_v1_atr,20261007T203617Z-52e2dc923989,bbf8e77d319f423db9cc3b88c3f2a7eb,cf431489718e192b,ETHUSDT,1h,SHORT_ONLY,test,base,81,25,56,0,-1263.1049299542028,-15.593888024125961,0.6595035832067803,30.864197530864196,-53.47685842504496,DESCRIPTIVE_SAMPLE,without_top_10pct,9,1667.9963475591067,"descriptive deletion of net PnL; no resimulation, return or drawdown"
atr,eth_short_regime_challenge_v1_atr,20261007T203617Z-52e2dc923989,7305322853484913bced003b0eb2cb1c,cf431489718e192b,ETHUSDT,1h,SHORT_ONLY,test,adverse,90,34,56,0,105.68511951348414,1.1742791057053794,1.0275805711653863,37.77777777777778,-50.594142862358595,DESCRIPTIVE_SAMPLE,complete,0,0.0,"descriptive deletion of net PnL; no resimulation, return or drawdown"
atr,eth_short_regime_challenge_v1_atr,20261007T203617Z-52e2dc923989,7305322853484913bced003b0eb2cb1c,cf431489718e192b,ETHUSDT,1h,SHORT_ONLY,test,adverse,89,33,56,0,-88.76736319848094,-0.9973861033537184,0.9768344437785581,37.07865168539326,-51.273446016137505,DESCRIPTIVE_SAMPLE,without_best,1,194.45248271196505,"descriptive deletion of net PnL; no resimulation, return or drawdown"
atr,eth_short_regime_challenge_v1_atr,20261007T203617Z-52e2dc923989,7305322853484913bced003b0eb2cb1c,cf431489718e192b,ETHUSDT,1h,SHORT_ONLY,test,adverse,85,29,56,0,-826.2671531143594,-9.720790036639523,0.7843696433045686,34.11764705882353,-55.07405689507064,DESCRIPTIVE_SAMPLE,without_top_5pct,5,931.9522726278435,"descriptive deletion of net PnL; no resimulation, return or drawdown"
atr,eth_short_regime_challenge_v1_atr,20261007T203617Z-52e2dc923989,7305322853484913bced003b0eb2cb1c,cf431489718e192b,ETHUSDT,1h,SHORT_ONLY,test,adverse,81,25,56,0,-1500.8057339818104,-18.52846585162729,0.6083357851885275,30.864197530864196,-56.343905120475874,DESCRIPTIVE_SAMPLE,without_top_10pct,9,1606.4908534952942,"descriptive deletion of net PnL; no resimulation, return or drawdown"
atr,eth_short_regime_challenge_v1_atr,20261007T203617Z-52e2dc923989,15e46c8857a942aaa01be0617050ff31,b189830689073f8b,ETHUSDT,1h,SHORT_ONLY,test,base,76,29,47,0,349.6423754652181,4.600557571910764,1.1138496048610802,38.1578947368421,-46.64538332749703,DESCRIPTIVE_SAMPLE,complete,0,0.0,"descriptive deletion of net PnL; no resimulation, return or drawdown"
atr,eth_short_regime_challenge_v1_atr,20261007T203617Z-52e2dc923989,15e46c8857a942aaa01be0617050ff31,b189830689073f8b,ETHUSDT,1h,SHORT_ONLY,test,base,75,28,47,0,151.67305635085899,2.022307418011453,1.0493873704828875,37.333333333333336,-47.10692949013001,DESCRIPTIVE_SAMPLE,without_best,1,197.9693191143594,"descriptive deletion of net PnL; no resimulation, return or drawdown"
atr,eth_short_regime_challenge_v1_atr,20261007T203617Z-52e2dc923989,15e46c8857a942aaa01be0617050ff31,b189830689073f8b,ETHUSDT,1h,SHORT_ONLY,test,base,72,25,47,0,-418.88702092201976,-5.817875290583608,0.8636031409237719,34.72222222222222,-48.49131101448566,DESCRIPTIVE_SAMPLE,without_top_5pct,4,768.5293963872382,"descriptive deletion of net PnL; no resimulation, return or drawdown"
atr,eth_short_regime_challenge_v1_atr,20261007T203617Z-52e2dc923989,15e46c8857a942aaa01be0617050ff31,b189830689073f8b,ETHUSDT,1h,SHORT_ONLY,test,base,68,21,47,0,-1081.6053824438493,-15.905961506527195,0.6478105800448104,30.88235294117647,-51.35514956349074,DESCRIPTIVE_SAMPLE,without_top_10pct,8,1431.2477579090676,"descriptive deletion of net PnL; no resimulation, return or drawdown"
atr,eth_short_regime_challenge_v1_atr,20261007T203617Z-52e2dc923989,d734fc9db5594d259cc581aea4c056d7,b189830689073f8b,ETHUSDT,1h,SHORT_ONLY,test,adverse,76,29,47,0,96.93231998398952,1.2754252629472305,1.0304844532629553,38.1578947368421,-49.56192301014365,DESCRIPTIVE_SAMPLE,complete,0,0.0,"descriptive deletion of net PnL; no resimulation, return or drawdown"
atr,eth_short_regime_challenge_v1_atr,20261007T203617Z-52e2dc923989,d734fc9db5594d259cc581aea4c056d7,b189830689073f8b,ETHUSDT,1h,SHORT_ONLY,test,adverse,75,28,47,0,-92.03542368159191,-1.2271389824212255,0.9710555821606126,37.333333333333336,-50.12560270227548,DESCRIPTIVE_SAMPLE,without_best,1,188.96774366558134,"descriptive deletion of net PnL; no resimulation, return or drawdown"
atr,eth_short_regime_challenge_v1_atr,20261007T203617Z-52e2dc923989,d734fc9db5594d259cc581aea4c056d7,b189830689073f8b,ETHUSDT,1h,SHORT_ONLY,test,adverse,72,25,47,0,-640.2306029213172,-8.892091707240517,0.7986525041854735,34.72222222222222,-51.2712722030997,DESCRIPTIVE_SAMPLE,without_top_5pct,4,737.1629229053068,"descriptive deletion of net PnL; no resimulation, return or drawdown"
atr,eth_short_regime_challenge_v1_atr,20261007T203617Z-52e2dc923989,d734fc9db5594d259cc581aea4c056d7,b189830689073f8b,ETHUSDT,1h,SHORT_ONLY,test,adverse,68,21,47,0,-1283.5592434407156,-18.875871227069347,0.5963306998804335,30.88235294117647,-54.12337437886606,DESCRIPTIVE_SAMPLE,without_top_10pct,8,1380.491563424705,"descriptive deletion of net PnL; no resimulation, return or drawdown"
atr,eth_short_regime_challenge_v1_atr,20261007T203617Z-52e2dc923989,484984db313341259be2281460afdfe3,817d1c5f49c84d4e,ETHUSDT,1h,SHORT_ONLY,test,base,59,25,34,0,631.3567333652366,10.700961582461636,1.2835094302867611,42.3728813559322,-42.446857651321565,DESCRIPTIVE_SAMPLE,complete,0,0.0,"descriptive deletion of net PnL; no resimulation, return or drawdown"
atr,eth_short_regime_challenge_v1_atr,20261007T203617Z-52e2dc923989,484984db313341259be2281460afdfe3,817d1c5f49c84d4e,ETHUSDT,1h,SHORT_ONLY,test,base,58,24,34,0,434.46271825831667,7.490736521695115,1.1950945815968632,41.37931034482759,-43.03078662233257,DESCRIPTIVE_SAMPLE,without_best,1,196.89401510691982,"descriptive deletion of net PnL; no resimulation, return or drawdown"
atr,eth_short_regime_challenge_v1_atr,20261007T203617Z-52e2dc923989,484984db313341259be2281460afdfe3,817d1c5f49c84d4e,ETHUSDT,1h,SHORT_ONLY,test,base,56,22,34,0,76.12487110868,1.3593726983692858,1.0341837153199251,39.285714285714285,-45.57769205161725,DESCRIPTIVE_SAMPLE,without_top_5pct,3,555.2318622565565,"descriptive deletion of net PnL; no resimulation, return or drawdown"
atr,eth_short_regime_challenge_v1_atr,20261007T203617Z-52e2dc923989,484984db313341259be2281460afdfe3,817d1c5f49c84d4e,ETHUSDT,1h,SHORT_ONLY,test,base,53,19,34,0,-394.35000526979854,-7.440566137166011,0.8229179488881051,35.84905660377358,-47.73872947336918,DESCRIPTIVE_SAMPLE,without_top_10pct,6,1025.706738635035,"descriptive deletion of net PnL; no resimulation, return or drawdown"
atr,eth_short_regime_challenge_v1_atr,20261007T203617Z-52e2dc923989,626fe837f5594561a7247a7105b651ce,817d1c5f49c84d4e,ETHUSDT,1h,SHORT_ONLY,test,adverse,59,25,34,0,430.5412371612241,7.297309104427527,1.1858878335060574,42.3728813559322,-45.43651234072852,DESCRIPTIVE_SAMPLE,complete,0,0.0,"descriptive deletion of net PnL; no resimulation, return or drawdown"
atr,eth_short_regime_challenge_v1_atr,20261007T203617Z-52e2dc923989,626fe837f5594561a7247a7105b651ce,817d1c5f49c84d4e,ETHUSDT,1h,SHORT_ONLY,test,adverse,58,24,34,0,241.332362734722,4.1609028057710695,1.104196174934241,41.37931034482759,-46.1874333499908,DESCRIPTIVE_SAMPLE,without_best,1,189.20887442650186,"descriptive deletion of net PnL; no resimulation, return or drawdown"
atr,eth_short_regime_challenge_v1_atr,20261007T203617Z-52e2dc923989,626fe837f5594561a7247a7105b651ce,817d1c5f49c84d4e,ETHUSDT,1h,SHORT_ONLY,test,adverse,56,22,34,0,-107.83754248724193,-1.9256704015578916,0.9534407266636244,39.285714285714285,-48.77977161788354,DESCRIPTIVE_SAMPLE,without_top_5pct,3,538.3787796484659,"descriptive deletion of net PnL; no resimulation, return or drawdown"
atr,eth_short_regime_challenge_v1_atr,20261007T203617Z-52e2dc923989,626fe837f5594561a7247a7105b651ce,817d1c5f49c84d4e,ETHUSDT,1h,SHORT_ONLY,test,adverse,53,19,34,0,-563.4478424186583,-10.631091366389779,0.7567292289782555,35.84905660377358,-50.747176744675265,DESCRIPTIVE_SAMPLE,without_top_10pct,6,993.9890795798823,"descriptive deletion of net PnL; no resimulation, return or drawdown"
atr,eth_short_regime_challenge_v1_atr,20261007T203617Z-52e2dc923989,cc71080d6cca48b9a23c5c0d2ca714bb,143528a8db38d8af,ETHUSDT,1h,SHORT_ONLY,test,base,69,27,42,0,596.2200711224301,8.640870595977248,1.2117154787893092,39.130434782608695,-47.83252434469573,DESCRIPTIVE_SAMPLE,complete,0,0.0,"descriptive deletion of net PnL; no resimulation, return or drawdown"
atr,eth_short_regime_challenge_v1_atr,20261007T203617Z-52e2dc923989,cc71080d6cca48b9a23c5c0d2ca714bb,143528a8db38d8af,ETHUSDT,1h,SHORT_ONLY,test,base,68,26,42,0,388.444405506311,5.712417728033985,1.1379351304627745,38.23529411764706,-48.77074990077212,DESCRIPTIVE_SAMPLE,without_best,1,207.77566561611908,"descriptive deletion of net PnL; no resimulation, return or drawdown"
atr,eth_short_regime_challenge_v1_atr,20261007T203617Z-52e2dc923989,cc71080d6cca48b9a23c5c0d2ca714bb,143528a8db38d8af,ETHUSDT,1h,SHORT_ONLY,test,base,65,23,42,0,-218.61279591073375,-3.363273783242058,0.9223714279383819,35.38461538461539,-50.49458785004536,DESCRIPTIVE_SAMPLE,without_top_5pct,4,814.8328670331638,"descriptive deletion of net PnL; no resimulation, return or drawdown"
atr,eth_short_regime_challenge_v1_atr,20261007T203617Z-52e2dc923989,cc71080d6cca48b9a23c5c0d2ca714bb,143528a8db38d8af,ETHUSDT,1h,SHORT_ONLY,test,base,62,20,42,0,-748.7076285315142,-12.075929492443777,0.734136769751235,32.25806451612903,-54.00836366536036,DESCRIPTIVE_SAMPLE,without_top_10pct,7,1344.9276996539443,"descriptive deletion of net PnL; no resimulation, return or drawdown"
atr,eth_short_regime_challenge_v1_atr,20261007T203617Z-52e2dc923989,b69ef36ce72949d9ba103d59ef5689a3,143528a8db38d8af,ETHUSDT,1h,SHORT_ONLY,test,adverse,69,27,42,0,345.4488160660903,5.006504580667975,1.1183776127266187,39.130434782608695,-50.96618714914847,DESCRIPTIVE_SAMPLE,complete,0,0.0,"descriptive deletion of net PnL; no resimulation, return or drawdown"
atr,eth_short_regime_challenge_v1_atr,20261007T203617Z-52e2dc923989,b69ef36ce72949d9ba103d59ef5689a3,143528a8db38d8af,ETHUSDT,1h,SHORT_ONLY,test,adverse,68,26,42,0,148.06607870530684,2.177442333901571,1.05073894628596,38.23529411764706,-51.68873999073228,DESCRIPTIVE_SAMPLE,without_best,1,197.38273736078344,"descriptive deletion of net PnL; no resimulation, return or drawdown"
atr,eth_short_regime_challenge_v1_atr,20261007T203617Z-52e2dc923989,b69ef36ce72949d9ba103d59ef5689a3,143528a8db38d8af,ETHUSDT,1h,SHORT_ONLY,test,adverse,65,23,42,0,-426.57140389434926,-6.562636982989988,0.8538234838217117,35.38461538461539,-53.13319202061608,DESCRIPTIVE_SAMPLE,without_top_5pct,4,772.0202199604396,"descriptive deletion of net PnL; no resimulation, return or drawdown"
atr,eth_short_regime_challenge_v1_atr,20261007T203617Z-52e2dc923989,b69ef36ce72949d9ba103d59ef5689a3,143528a8db38d8af,ETHUSDT,1h,SHORT_ONLY,test,adverse,62,20,42,0,-940.1750857115248,-15.164114285669756,0.6778229450632077,32.25806451612903,-56.921811126692916,DESCRIPTIVE_SAMPLE,without_top_10pct,7,1285.6239017776152,"descriptive deletion of net PnL; no resimulation, return or drawdown"
atr,eth_short_regime_challenge_v1_atr,20261007T203617Z-52e2dc923989,4c93ca22f10b4c8da5d416d45677a152,49c4a234fbe24bab,ETHUSDT,1h,SHORT_ONLY,test,base,53,20,33,0,335.5165987505864,6.330501863218611,1.156447447025557,37.735849056603776,-46.700136760960866,DESCRIPTIVE_SAMPLE,complete,0,0.0,"descriptive deletion of net PnL; no resimulation, return or drawdown"
atr,eth_short_regime_challenge_v1_atr,20261007T203617Z-52e2dc923989,4c93ca22f10b4c8da5d416d45677a152,49c4a234fbe24bab,ETHUSDT,1h,SHORT_ONLY,test,base,52,19,33,0,136.16953155363154,2.6186448375698372,1.0634942523069268,36.53846153846154,-46.96362634530203,DESCRIPTIVE_SAMPLE,without_best,1,199.34706719695473,"descriptive deletion of net PnL; no resimulation, return or drawdown"
atr,eth_short_regime_challenge_v1_atr,20261007T203617Z-52e2dc923989,4c93ca22f10b4c8da5d416d45677a152,49c4a234fbe24bab,ETHUSDT,1h,SHORT_ONLY,test,base,50,17,33,0,-241.5953221325321,-4.8319064426506415,0.8873469405039813,34.0,-47.92974569058253,DESCRIPTIVE_SAMPLE,without_top_5pct,3,577.1119208831183,"descriptive deletion of net PnL; no resimulation, return or drawdown"
atr,eth_short_regime_challenge_v1_atr,20261007T203617Z-52e2dc923989,4c93ca22f10b4c8da5d416d45677a152,49c4a234fbe24bab,ETHUSDT,1h,SHORT_ONLY,test,base,47,14,33,0,-733.6747738275936,-15.610101570799864,0.6578960750680914,29.78723404255319,-49.30082022033784,DESCRIPTIVE_SAMPLE,without_top_10pct,6,1069.1913725781799,"descriptive deletion of net PnL; no resimulation, return or drawdown"
atr,eth_short_regime_challenge_v1_atr,20261007T203617Z-52e2dc923989,6abb7ab5764a4ba2ad55ec468e52021f,49c4a234fbe24bab,ETHUSDT,1h,SHORT_ONLY,test,adverse,53,20,33,0,158.06103956479325,2.9822837653734573,1.070940358766535,37.735849056603776,-49.78033924978757,DESCRIPTIVE_SAMPLE,complete,0,0.0,"descriptive deletion of net PnL; no resimulation, return or drawdown"
atr,eth_short_regime_challenge_v1_atr,20261007T203617Z-52e2dc923989,6abb7ab5764a4ba2ad55ec468e52021f,49c4a234fbe24bab,ETHUSDT,1h,SHORT_ONLY,test,adverse,52,19,33,0,-30.725673687429364,-0.5908783401428723,0.9862098191892748,36.53846153846154,-50.110290926208805,DESCRIPTIVE_SAMPLE,without_best,1,188.78671325222263,"descriptive deletion of net PnL; no resimulation, return or drawdown"
atr,eth_short_regime_challenge_v1_atr,20261007T203617Z-52e2dc923989,6abb7ab5764a4ba2ad55ec468e52021f,49c4a234fbe24bab,ETHUSDT,1h,SHORT_ONLY,test,adverse,50,17,33,0,-394.8374211960936,-7.896748423921872,0.8227905599556542,34.0,-51.15550168151984,DESCRIPTIVE_SAMPLE,without_top_5pct,3,552.8984607608868,"descriptive deletion of net PnL; no resimulation, return or drawdown"
atr,eth_short_regime_challenge_v1_atr,20261007T203617Z-52e2dc923989,6abb7ab5764a4ba2ad55ec468e52021f,49c4a234fbe24bab,ETHUSDT,1h,SHORT_ONLY,test,adverse,47,14,33,0,-874.3448047660222,-18.603080952468556,0.6075798672048395,29.78723404255319,-52.209118930621436,DESCRIPTIVE_SAMPLE,without_top_10pct,6,1032.4058443308154,"descriptive deletion of net PnL; no resimulation, return or drawdown"
atr,eth_short_regime_challenge_v1_atr,20261007T203617Z-52e2dc923989,6f094f5c0d9a418ea56af162fb38b5c5,cfd1f51b4fb4e68c,ETHUSDT,1h,SHORT_ONLY,test,base,41,18,23,0,618.1074021125364,15.075790295427717,1.4237264254569786,43.90243902439025,-45.12149123070082,DESCRIPTIVE_SAMPLE,complete,0,0.0,"descriptive deletion of net PnL; no resimulation, return or drawdown"
atr,eth_short_regime_challenge_v1_atr,20261007T203617Z-52e2dc923989,6f094f5c0d9a418ea56af162fb38b5c5,cfd1f51b4fb4e68c,ETHUSDT,1h,SHORT_ONLY,test,base,40,17,23,0,419.599427101182,10.48998567752955,1.2876447762342271,42.5,-46.32446991347446,DESCRIPTIVE_SAMPLE,without_best,1,198.50797501135446,"descriptive deletion of net PnL; no resimulation, return or drawdown"
atr,eth_short_regime_challenge_v1_atr,20261007T203617Z-52e2dc923989,6f094f5c0d9a418ea56af162fb38b5c5,cfd1f51b4fb4e68c,ETHUSDT,1h,SHORT_ONLY,test,base,38,15,23,0,69.03740804411676,1.8167738958978095,1.0473266847045823,39.473684210526315,-47.626451297213094,DESCRIPTIVE_SAMPLE,without_top_5pct,3,549.0699940684196,"descriptive deletion of net PnL; no resimulation, return or drawdown"
atr,eth_short_regime_challenge_v1_atr,20261007T203617Z-52e2dc923989,6f094f5c0d9a418ea56af162fb38b5c5,cfd1f51b4fb4e68c,ETHUSDT,1h,SHORT_ONLY,test,base,36,13,23,0,-251.97874617062593,-6.99940961585072,0.8272629432343032,36.111111111111114,-48.515404474143565,DESCRIPTIVE_SAMPLE,without_top_10pct,5,870.0861482831623,"descriptive deletion of net PnL; no resimulation, return or drawdown"
atr,eth_short_regime_challenge_v1_atr,20261007T203617Z-52e2dc923989,97d0c86695e84d5e8ad9ef57a472402e,cfd1f51b4fb4e68c,ETHUSDT,1h,SHORT_ONLY,test,adverse,41,18,23,0,477.26871075992597,11.64070026243722,1.313009840029898,43.90243902439025,-48.273810207057075,DESCRIPTIVE_SAMPLE,complete,0,0.0,"descriptive deletion of net PnL; no resimulation, return or drawdown"
atr,eth_short_regime_challenge_v1_atr,20261007T203617Z-52e2dc923989,97d0c86695e84d5e8ad9ef57a472402e,cfd1f51b4fb4e68c,ETHUSDT,1h,SHORT_ONLY,test,adverse,40,17,23,0,285.92801739170375,7.148200434792594,1.1875217900652661,42.5,-49.53442383336768,DESCRIPTIVE_SAMPLE,without_best,1,191.34069336822236,"descriptive deletion of net PnL; no resimulation, return or drawdown"
atr,eth_short_regime_challenge_v1_atr,20261007T203617Z-52e2dc923989,97d0c86695e84d5e8ad9ef57a472402e,cfd1f51b4fb4e68c,ETHUSDT,1h,SHORT_ONLY,test,adverse,38,15,23,0,-56.930396603869696,-1.4981683316807815,0.9626630157559618,39.473684210526315,-50.85823873159839,DESCRIPTIVE_SAMPLE,without_top_5pct,3,534.1991073637957,"descriptive deletion of net PnL; no resimulation, return or drawdown"
atr,eth_short_regime_challenge_v1_atr,20261007T203617Z-52e2dc923989,97d0c86695e84d5e8ad9ef57a472402e,cfd1f51b4fb4e68c,ETHUSDT,1h,SHORT_ONLY,test,adverse,36,13,23,0,-369.69514030254396,-10.269309452848443,0.7575407435746656,36.111111111111114,-51.814944545433505,DESCRIPTIVE_SAMPLE,without_top_10pct,5,846.96385106247,"descriptive deletion of net PnL; no resimulation, return or drawdown"
atr,eth_short_regime_challenge_v1_atr,20261007T203617Z-52e2dc923989,2945c8d04dbf437dbaf93d1ca6633d41,cf431489718e192b,ETHUSDT,1h,SHORT_ONLY,diagnostic_year_2023,base,53,17,36,0,-600.497639918071,-11.330144149397565,0.5715655431532584,32.075471698113205,-30.80091074427609,DESCRIPTIVE_SAMPLE,complete,0,0.0,"descriptive deletion of net PnL; no resimulation, return or drawdown"
atr,eth_short_regime_challenge_v1_atr,20261007T203617Z-52e2dc923989,2945c8d04dbf437dbaf93d1ca6633d41,cf431489718e192b,ETHUSDT,1h,SHORT_ONLY,diagnostic_year_2023,base,52,16,36,0,-668.9897106625457,-12.865186743510494,0.522698801342714,30.76923076923077,-30.84286995717087,DESCRIPTIVE_SAMPLE,without_best,1,68.49207074447476,"descriptive deletion of net PnL; no resimulation, return or drawdown"
atr,eth_short_regime_challenge_v1_atr,20261007T203617Z-52e2dc923989,2945c8d04dbf437dbaf93d1ca6633d41,cf431489718e192b,ETHUSDT,1h,SHORT_ONLY,diagnostic_year_2023,base,50,14,36,0,-795.2981184612447,-15.905962369224895,0.4325820873156688,28.0,-31.53733003023935,DESCRIPTIVE_SAMPLE,without_top_5pct,3,194.8004785431737,"descriptive deletion of net PnL; no resimulation, return or drawdown"
atr,eth_short_regime_challenge_v1_atr,20261007T203617Z-52e2dc923989,2945c8d04dbf437dbaf93d1ca6633d41,cf431489718e192b,ETHUSDT,1h,SHORT_ONLY,diagnostic_year_2023,base,47,11,36,0,-964.2206204076467,-20.515332349098866,0.3120616796410046,23.404255319148938,-32.87928686059617,DESCRIPTIVE_SAMPLE,without_top_10pct,6,363.72298048957595,"descriptive deletion of net PnL; no resimulation, return or drawdown"
atr,eth_short_regime_challenge_v1_atr,20261007T203617Z-52e2dc923989,cae1beebac2448129d8687f1af121e36,cf431489718e192b,ETHUSDT,1h,SHORT_ONLY,diagnostic_year_2023,adverse,53,17,36,0,-764.2554964442704,-14.419915027250385,0.49188065260521285,32.075471698113205,-33.89862683400497,DESCRIPTIVE_SAMPLE,complete,0,0.0,"descriptive deletion of net PnL; no resimulation, return or drawdown"
atr,eth_short_regime_challenge_v1_atr,20261007T203617Z-52e2dc923989,cae1beebac2448129d8687f1af121e36,cf431489718e192b,ETHUSDT,1h,SHORT_ONLY,diagnostic_year_2023,adverse,52,16,36,0,-829.3660682900309,-15.949347467115977,0.4485915412691564,30.76923076923077,-33.917811366094114,DESCRIPTIVE_SAMPLE,without_best,1,65.11057184576046,"descriptive deletion of net PnL; no resimulation, return or drawdown"
atr,eth_short_regime_challenge_v1_atr,20261007T203617Z-52e2dc923989,cae1beebac2448129d8687f1af121e36,cf431489718e192b,ETHUSDT,1h,SHORT_ONLY,diagnostic_year_2023,adverse,50,14,36,0,-948.2002018819364,-18.96400403763873,0.3695840330603528,28.0,-34.66104285864024,DESCRIPTIVE_SAMPLE,without_top_5pct,3,183.94470543766587,"descriptive deletion of net PnL; no resimulation, return or drawdown"
atr,eth_short_regime_challenge_v1_atr,20261007T203617Z-52e2dc923989,cae1beebac2448129d8687f1af121e36,cf431489718e192b,ETHUSDT,1h,SHORT_ONLY,diagnostic_year_2023,adverse,47,11,36,0,-1105.8871672271732,-23.529514196322836,0.2647450122137049,23.404255319148938,-36.07914768369318,DESCRIPTIVE_SAMPLE,without_top_10pct,6,341.63167078290263,"descriptive deletion of net PnL; no resimulation, return or drawdown"
atr,eth_short_regime_challenge_v1_atr,20261007T203617Z-52e2dc923989,0221625dc3c240498b5e310e1440f87c,b189830689073f8b,ETHUSDT,1h,SHORT_ONLY,diagnostic_year_2023,base,47,16,31,0,-447.1899611143837,-9.514680023710293,0.6324603093495731,34.04255319148936,-29.600335113312017,DESCRIPTIVE_SAMPLE,complete,0,0.0,"descriptive deletion of net PnL; no resimulation, return or drawdown"
atr,eth_short_regime_challenge_v1_atr,20261007T203617Z-52e2dc923989,0221625dc3c240498b5e310e1440f87c,b189830689073f8b,ETHUSDT,1h,SHORT_ONLY,diagnostic_year_2023,base,46,15,31,0,-515.6820318588584,-11.210478953453444,0.5761675553022781,32.608695652173914,-30.26643813700685,DESCRIPTIVE_SAMPLE,without_best,1,68.49207074447476,"descriptive deletion of net PnL; no resimulation, return or drawdown"
atr,eth_short_regime_challenge_v1_atr,20261007T203617Z-52e2dc923989,0221625dc3c240498b5e310e1440f87c,b189830689073f8b,ETHUSDT,1h,SHORT_ONLY,diagnostic_year_2023,base,44,13,31,0,-642.6877221027191,-14.606539138698162,0.4717832082414714,29.545454545454547,-31.020765061720148,DESCRIPTIVE_SAMPLE,without_top_5pct,3,195.49776098833544,"descriptive deletion of net PnL; no resimulation, return or drawdown"
atr,eth_short_regime_challenge_v1_atr,20261007T203617Z-52e2dc923989,0221625dc3c240498b5e310e1440f87c,b189830689073f8b,ETHUSDT,1h,SHORT_ONLY,diagnostic_year_2023,base,42,11,31,0,-759.7246204920195,-18.08868144028618,0.3755920832853229,26.19047619047619,-32.26086596485442,DESCRIPTIVE_SAMPLE,without_top_10pct,5,312.53465937763576,"descriptive deletion of net PnL; no resimulation, return or drawdown"
atr,eth_short_regime_challenge_v1_atr,20261007T203617Z-52e2dc923989,3fbc6b8564f34913b0767630fa9354dc,b189830689073f8b,ETHUSDT,1h,SHORT_ONLY,diagnostic_year_2023,adverse,47,16,31,0,-594.4647642891399,-12.648186474237018,0.5449932640271853,34.04255319148936,-32.749081078624876,DESCRIPTIVE_SAMPLE,complete,0,0.0,"descriptive deletion of net PnL; no resimulation, return or drawdown"
atr,eth_short_regime_challenge_v1_atr,20261007T203617Z-52e2dc923989,3fbc6b8564f34913b0767630fa9354dc,b189830689073f8b,ETHUSDT,1h,SHORT_ONLY,diagnostic_year_2023,adverse,46,15,31,0,-659.5753361349005,-14.338594263802184,0.49515725935113136,32.608695652173914,-33.42137524248969,DESCRIPTIVE_SAMPLE,without_best,1,65.11057184576046,"descriptive deletion of net PnL; no resimulation, return or drawdown"
atr,eth_short_regime_challenge_v1_atr,20261007T203617Z-52e2dc923989,3fbc6b8564f34913b0767630fa9354dc,b189830689073f8b,ETHUSDT,1h,SHORT_ONLY,diagnostic_year_2023,adverse,44,13,31,0,-779.1658620233777,-17.708315045985856,0.40362198576286884,29.545454545454547,-34.13079413485331,DESCRIPTIVE_SAMPLE,without_top_5pct,3,184.70109773423766,"descriptive deletion of net PnL; no resimulation, return or drawdown"
atr,eth_short_regime_challenge_v1_atr,20261007T203617Z-52e2dc923989,3fbc6b8564f34913b0767630fa9354dc,b189830689073f8b,ETHUSDT,1h,SHORT_ONLY,diagnostic_year_2023,adverse,42,11,31,0,-888.6642528117343,-21.158672685993672,0.3198112901929414,26.19047619047619,-35.387912286884685,DESCRIPTIVE_SAMPLE,without_top_10pct,5,294.19948852259415,"descriptive deletion of net PnL; no resimulation, return or drawdown"
atr,eth_short_regime_challenge_v1_atr,20261007T203617Z-52e2dc923989,cd131159242f40d1a18e0806402ed50c,817d1c5f49c84d4e,ETHUSDT,1h,SHORT_ONLY,diagnostic_year_2023,base,39,13,26,0,-401.1749581934043,-10.286537389574468,0.601510102990527,33.333333333333336,-29.77512669144263,DESCRIPTIVE_SAMPLE,complete,0,0.0,"descriptive deletion of net PnL; no resimulation, return or drawdown"
atr,eth_short_regime_challenge_v1_atr,20261007T203617Z-52e2dc923989,cd131159242f40d1a18e0806402ed50c,817d1c5f49c84d4e,ETHUSDT,1h,SHORT_ONLY,diagnostic_year_2023,base,38,12,26,0,-466.504619587939,-12.276437357577342,0.5366176925619045,31.57894736842105,-30.502930282347883,DESCRIPTIVE_SAMPLE,without_best,1,65.3296613945347,"descriptive deletion of net PnL; no resimulation, return or drawdown"
atr,eth_short_regime_challenge_v1_atr,20261007T203617Z-52e2dc923989,cd131159242f40d1a18e0806402ed50c,817d1c5f49c84d4e,ETHUSDT,1h,SHORT_ONLY,diagnostic_year_2023,base,37,11,26,0,-528.2152824732699,-14.276088715493781,0.47532005871082406,29.72972972972973,-31.230733873253133,DESCRIPTIVE_SAMPLE,without_top_5pct,2,127.0403242798656,"descriptive deletion of net PnL; no resimulation, return or drawdown"
atr,eth_short_regime_challenge_v1_atr,20261007T203617Z-52e2dc923989,cd131159242f40d1a18e0806402ed50c,817d1c5f49c84d4e,ETHUSDT,1h,SHORT_ONLY,diagnostic_year_2023,base,35,9,26,0,-645.6224384442401,-18.446355384121144,0.35869870801202997,25.714285714285715,-31.292126735384834,DESCRIPTIVE_SAMPLE,without_top_10pct,4,244.44748025083584,"descriptive deletion of net PnL; no resimulation, return or drawdown"
atr,eth_short_regime_challenge_v1_atr,20261007T203617Z-52e2dc923989,018121927544486fba759238c517bffc,817d1c5f49c84d4e,ETHUSDT,1h,SHORT_ONLY,diagnostic_year_2023,adverse,39,13,26,0,-523.6014358241536,-13.425677841644964,0.5165779086088031,33.333333333333336,-32.9871005462935,DESCRIPTIVE_SAMPLE,complete,0,0.0,"descriptive deletion of net PnL; no resimulation, return or drawdown"
atr,eth_short_regime_challenge_v1_atr,20261007T203617Z-52e2dc923989,018121927544486fba759238c517bffc,817d1c5f49c84d4e,ETHUSDT,1h,SHORT_ONLY,diagnostic_year_2023,adverse,38,12,26,0,-584.9971590887133,-15.394662081281927,0.4598934785970482,31.57894736842105,-33.712982054273965,DESCRIPTIVE_SAMPLE,without_best,1,61.395723264559734,"descriptive deletion of net PnL; no resimulation, return or drawdown"
atr,eth_short_regime_challenge_v1_atr,20261007T203617Z-52e2dc923989,018121927544486fba759238c517bffc,817d1c5f49c84d4e,ETHUSDT,1h,SHORT_ONLY,diagnostic_year_2023,adverse,37,11,26,0,-643.3691061385225,-17.388354219960068,0.4060007907800657,29.72972972972973,-34.438863562254426,DESCRIPTIVE_SAMPLE,without_top_5pct,2,119.7676703143689,"descriptive deletion of net PnL; no resimulation, return or drawdown"
atr,eth_short_regime_challenge_v1_atr,20261007T203617Z-52e2dc923989,018121927544486fba759238c517bffc,817d1c5f49c84d4e,ETHUSDT,1h,SHORT_ONLY,diagnostic_year_2023,adverse,35,9,26,0,-753.4555557468012,-21.52730159276575,0.30436199061195746,25.714285714285715,-34.48072841458556,DESCRIPTIVE_SAMPLE,without_top_10pct,4,229.85411992264767,"descriptive deletion of net PnL; no resimulation, return or drawdown"
atr,eth_short_regime_challenge_v1_atr,20261007T203617Z-52e2dc923989,1fde648d61084bd5983b886a41768a46,143528a8db38d8af,ETHUSDT,1h,SHORT_ONLY,diagnostic_year_2023,base,42,13,29,0,-614.601582860759,-14.63337102049426,0.4926760138025387,30.952380952380953,-31.07284918387172,DESCRIPTIVE_SAMPLE,complete,0,0.0,"descriptive deletion of net PnL; no resimulation, return or drawdown"
atr,eth_short_regime_challenge_v1_atr,20261007T203617Z-52e2dc923989,1fde648d61084bd5983b886a41768a46,143528a8db38d8af,ETHUSDT,1h,SHORT_ONLY,diagnostic_year_2023,base,41,12,29,0,-686.9314068977252,-16.7544245584811,0.4329712299642128,29.26829268292683,-31.115128598744658,DESCRIPTIVE_SAMPLE,without_best,1,72.32982403696624,"descriptive deletion of net PnL; no resimulation, return or drawdown"
atr,eth_short_regime_challenge_v1_atr,20261007T203617Z-52e2dc923989,1fde648d61084bd5983b886a41768a46,143528a8db38d8af,ETHUSDT,1h,SHORT_ONLY,diagnostic_year_2023,base,39,10,29,0,-806.4625024052008,-20.678525702697456,0.33430407137158613,25.641025641025642,-32.36579681945986,DESCRIPTIVE_SAMPLE,without_top_5pct,3,191.86091954444174,"descriptive deletion of net PnL; no resimulation, return or drawdown"
atr,eth_short_regime_challenge_v1_atr,20261007T203617Z-52e2dc923989,1fde648d61084bd5983b886a41768a46,143528a8db38d8af,ETHUSDT,1h,SHORT_ONLY,diagnostic_year_2023,base,37,8,29,0,-912.2654575818141,-24.655823177886866,0.24696883100037567,21.62162162162162,-34.67459753417308,DESCRIPTIVE_SAMPLE,without_top_10pct,5,297.6638747210551,"descriptive deletion of net PnL; no resimulation, return or drawdown"
atr,eth_short_regime_challenge_v1_atr,20261007T203617Z-52e2dc923989,24e3dc0706b74e5ca8b148fe94614b61,143528a8db38d8af,ETHUSDT,1h,SHORT_ONLY,diagnostic_year_2023,adverse,42,13,29,0,-743.8837519893393,-17.711517904508078,0.4255151842711819,30.952380952380953,-34.22860077200377,DESCRIPTIVE_SAMPLE,complete,0,0.0,"descriptive deletion of net PnL; no resimulation, return or drawdown"
atr,eth_short_regime_challenge_v1_atr,20261007T203617Z-52e2dc923989,24e3dc0706b74e5ca8b148fe94614b61,143528a8db38d8af,ETHUSDT,1h,SHORT_ONLY,diagnostic_year_2023,adverse,41,12,29,0,-812.2142136033061,-19.810102770812346,0.3727450941274097,29.26829268292683,-34.24796594177643,DESCRIPTIVE_SAMPLE,without_best,1,68.33046161396692,"descriptive deletion of net PnL; no resimulation, return or drawdown"
atr,eth_short_regime_challenge_v1_atr,20261007T203617Z-52e2dc923989,24e3dc0706b74e5ca8b148fe94614b61,143528a8db38d8af,ETHUSDT,1h,SHORT_ONLY,diagnostic_year_2023,adverse,39,10,29,0,-924.7866601434565,-23.712478465216833,0.28580790665179545,25.641025641025642,-35.626692257470786,DESCRIPTIVE_SAMPLE,without_top_5pct,3,180.90290815411723,"descriptive deletion of net PnL; no resimulation, return or drawdown"
atr,eth_short_regime_challenge_v1_atr,20261007T203617Z-52e2dc923989,24e3dc0706b74e5ca8b148fe94614b61,143528a8db38d8af,ETHUSDT,1h,SHORT_ONLY,diagnostic_year_2023,adverse,37,8,29,0,-1023.4172799614813,-27.659926485445443,0.2096376807262409,21.62162162162162,-37.87315979568627,DESCRIPTIVE_SAMPLE,without_top_10pct,5,279.53352797214217,"descriptive deletion of net PnL; no resimulation, return or drawdown"
atr,eth_short_regime_challenge_v1_atr,20261007T203617Z-52e2dc923989,bfaac31d14494267b28cf51c1340b76f,49c4a234fbe24bab,ETHUSDT,1h,SHORT_ONLY,diagnostic_year_2023,base,39,13,26,0,-482.4480913117257,-12.370463879787838,0.5538559918838867,33.333333333333336,-29.699517215579114,DESCRIPTIVE_SAMPLE,complete,0,0.0,"descriptive deletion of net PnL; no resimulation, return or drawdown"
atr,eth_short_regime_challenge_v1_atr,20261007T203617Z-52e2dc923989,bfaac31d14494267b28cf51c1340b76f,49c4a234fbe24bab,ETHUSDT,1h,SHORT_ONLY,diagnostic_year_2023,base,38,12,26,0,-555.3601959489506,-14.614741998656594,0.4864305026160376,31.57894736842105,-30.367855310260815,DESCRIPTIVE_SAMPLE,without_best,1,72.91210463722499,"descriptive deletion of net PnL; no resimulation, return or drawdown"
atr,eth_short_regime_challenge_v1_atr,20261007T203617Z-52e2dc923989,bfaac31d14494267b28cf51c1340b76f,49c4a234fbe24bab,ETHUSDT,1h,SHORT_ONLY,diagnostic_year_2023,base,37,11,26,0,-617.3496971230895,-16.68512694927269,0.4291056939723671,29.72972972972973,-31.036193404942516,DESCRIPTIVE_SAMPLE,without_top_5pct,2,134.90160581136382,"descriptive deletion of net PnL; no resimulation, return or drawdown"
atr,eth_short_regime_challenge_v1_atr,20261007T203617Z-52e2dc923989,bfaac31d14494267b28cf51c1340b76f,49c4a234fbe24bab,ETHUSDT,1h,SHORT_ONLY,diagnostic_year_2023,base,35,9,26,0,-728.8015150656321,-20.82290043044663,0.32604059398716423,25.714285714285715,-31.21323661793723,DESCRIPTIVE_SAMPLE,without_top_10pct,4,246.35342375390638,"descriptive deletion of net PnL; no resimulation, return or drawdown"
atr,eth_short_regime_challenge_v1_atr,20261007T203617Z-52e2dc923989,80ff46e8f0a440119a730b7a6efc9e9c,49c4a234fbe24bab,ETHUSDT,1h,SHORT_ONLY,diagnostic_year_2023,adverse,39,13,26,0,-603.9211710160979,-15.485158231181998,0.47802787081291087,33.333333333333336,-32.90325585636907,DESCRIPTIVE_SAMPLE,complete,0,0.0,"descriptive deletion of net PnL; no resimulation, return or drawdown"
atr,eth_short_regime_challenge_v1_atr,20261007T203617Z-52e2dc923989,80ff46e8f0a440119a730b7a6efc9e9c,49c4a234fbe24bab,ETHUSDT,1h,SHORT_ONLY,diagnostic_year_2023,adverse,38,12,26,0,-672.8487675476374,-17.70654651441151,0.4184533997593746,31.57894736842105,-33.578711298310964,DESCRIPTIVE_SAMPLE,without_best,1,68.92759653153954,"descriptive deletion of net PnL; no resimulation, return or drawdown"
atr,eth_short_regime_challenge_v1_atr,20261007T203617Z-52e2dc923989,80ff46e8f0a440119a730b7a6efc9e9c,49c4a234fbe24bab,ETHUSDT,1h,SHORT_ONLY,diagnostic_year_2023,adverse,37,11,26,0,-731.5044768551807,-19.770391266356235,0.36775697289835774,29.72972972972973,-34.254166740252856,DESCRIPTIVE_SAMPLE,without_top_5pct,2,127.58330583908275,"descriptive deletion of net PnL; no resimulation, return or drawdown"
atr,eth_short_regime_challenge_v1_atr,20261007T203617Z-52e2dc923989,80ff46e8f0a440119a730b7a6efc9e9c,49c4a234fbe24bab,ETHUSDT,1h,SHORT_ONLY,diagnostic_year_2023,adverse,35,9,26,0,-835.7327667020006,-23.87807904862859,0.27767193368481524,25.714285714285715,-34.32878645906637,DESCRIPTIVE_SAMPLE,without_top_10pct,4,231.81159568590274,"descriptive deletion of net PnL; no resimulation, return or drawdown"
atr,eth_short_regime_challenge_v1_atr,20261007T203617Z-52e2dc923989,95824efc8ed64a8ab75151ae1911d3e9,cfd1f51b4fb4e68c,ETHUSDT,1h,SHORT_ONLY,diagnostic_year_2023,base,33,12,21,0,-311.3755974493035,-9.435624165130408,0.6447124340350865,36.36363636363637,-29.998435825513752,DESCRIPTIVE_SAMPLE,complete,0,0.0,"descriptive deletion of net PnL; no resimulation, return or drawdown"
atr,eth_short_regime_challenge_v1_atr,20261007T203617Z-52e2dc923989,95824efc8ed64a8ab75151ae1911d3e9,cfd1f51b4fb4e68c,ETHUSDT,1h,SHORT_ONLY,diagnostic_year_2023,base,32,11,21,0,-385.20908657120196,-12.037783955350061,0.5604665237848874,34.375,-30.721235588307955,DESCRIPTIVE_SAMPLE,without_best,1,73.83348912189842,"descriptive deletion of net PnL; no resimulation, return or drawdown"
atr,eth_short_regime_challenge_v1_atr,20261007T203617Z-52e2dc923989,95824efc8ed64a8ab75151ae1911d3e9,cfd1f51b4fb4e68c,ETHUSDT,1h,SHORT_ONLY,diagnostic_year_2023,base,31,10,21,0,-447.1985877453407,-14.42576089501099,0.4897349084368838,32.25806451612903,-31.44403535110216,DESCRIPTIVE_SAMPLE,without_top_5pct,2,135.82299029603723,"descriptive deletion of net PnL; no resimulation, return or drawdown"
atr,eth_short_regime_challenge_v1_atr,20261007T203617Z-52e2dc923989,95824efc8ed64a8ab75151ae1911d3e9,cfd1f51b4fb4e68c,ETHUSDT,1h,SHORT_ONLY,diagnostic_year_2023,base,29,8,21,0,-559.7701283680854,-19.30241821958915,0.3612878849950833,27.586206896551722,-31.526820629561314,DESCRIPTIVE_SAMPLE,without_top_10pct,4,248.39453091878184,"descriptive deletion of net PnL; no resimulation, return or drawdown"
atr,eth_short_regime_challenge_v1_atr,20261007T203617Z-52e2dc923989,cb2d2f0992f44741b5354ec031baa78a,cfd1f51b4fb4e68c,ETHUSDT,1h,SHORT_ONLY,diagnostic_year_2023,adverse,33,12,21,0,-415.49761421058383,-12.590836794260117,0.5571809338554635,36.36363636363637,-33.25714642077119,DESCRIPTIVE_SAMPLE,complete,0,0.0,"descriptive deletion of net PnL; no resimulation, return or drawdown"
atr,eth_short_regime_challenge_v1_atr,20261007T203617Z-52e2dc923989,cb2d2f0992f44741b5354ec031baa78a,cfd1f51b4fb4e68c,ETHUSDT,1h,SHORT_ONLY,diagnostic_year_2023,adverse,32,11,21,0,-485.41477982250933,-15.169211869453417,0.4826662966473322,34.375,-33.98897072145717,DESCRIPTIVE_SAMPLE,without_best,1,69.9171656119255,"descriptive deletion of net PnL; no resimulation, return or drawdown"
atr,eth_short_regime_challenge_v1_atr,20261007T203617Z-52e2dc923989,cb2d2f0992f44741b5354ec031baa78a,cfd1f51b4fb4e68c,ETHUSDT,1h,SHORT_ONLY,diagnostic_year_2023,adverse,31,10,21,0,-544.0704891300526,-17.550660939679116,0.42015362381535887,32.25806451612903,-34.72079502214315,DESCRIPTIVE_SAMPLE,without_top_5pct,2,128.57287491946872,"descriptive deletion of net PnL; no resimulation, return or drawdown"
atr,eth_short_regime_challenge_v1_atr,20261007T203617Z-52e2dc923989,cb2d2f0992f44741b5354ec031baa78a,cfd1f51b4fb4e68c,ETHUSDT,1h,SHORT_ONLY,diagnostic_year_2023,adverse,29,8,21,0,-649.4889825296251,-22.396171811366383,0.3078032342944613,27.586206896551722,-34.73989595424019,DESCRIPTIVE_SAMPLE,without_top_10pct,4,233.99136831904133,"descriptive deletion of net PnL; no resimulation, return or drawdown"
atr,eth_short_regime_challenge_v1_atr,20261007T203617Z-52e2dc923989,e2d4e2ca8be844988a7b14bb0b0146d3,cf431489718e192b,ETHUSDT,1h,SHORT_ONLY,diagnostic_year_2024,base,92,34,58,0,-21.835893785264872,-0.237346671578966,0.994249282067241,36.95652173913044,-47.975463139011445,DESCRIPTIVE_SAMPLE,complete,0,0.0,"descriptive deletion of net PnL; no resimulation, return or drawdown"
atr,eth_short_regime_challenge_v1_atr,20261007T203617Z-52e2dc923989,e2d4e2ca8be844988a7b14bb0b0146d3,cf431489718e192b,ETHUSDT,1h,SHORT_ONLY,diagnostic_year_2024,base,91,33,58,0,-218.3374645248535,-2.399312796976412,0.9424984759046804,36.26373626373626,-48.286887694729245,DESCRIPTIVE_SAMPLE,without_best,1,196.5015707395885,"descriptive deletion of net PnL; no resimulation, return or drawdown"
atr,eth_short_regime_challenge_v1_atr,20261007T203617Z-52e2dc923989,e2d4e2ca8be844988a7b14bb0b0146d3,cf431489718e192b,ETHUSDT,1h,SHORT_ONLY,diagnostic_year_2024,base,87,29,58,0,-930.5582696551074,-10.696072065001236,0.7549274519555426,33.333333333333336,-50.786436232624816,DESCRIPTIVE_SAMPLE,without_top_5pct,5,908.7223758698424,"descriptive deletion of net PnL; no resimulation, return or drawdown"
atr,eth_short_regime_challenge_v1_atr,20261007T203617Z-52e2dc923989,e2d4e2ca8be844988a7b14bb0b0146d3,cf431489718e192b,ETHUSDT,1h,SHORT_ONLY,diagnostic_year_2024,base,82,24,58,0,-1613.6941752780713,-19.679197259488674,0.5750162497116169,29.26829268292683,-52.166993227663326,DESCRIPTIVE_SAMPLE,without_top_10pct,10,1591.8582814928063,"descriptive deletion of net PnL; no resimulation, return or drawdown"
atr,eth_short_regime_challenge_v1_atr,20261007T203617Z-52e2dc923989,e76874aa45ad4065a412385d0723def9,cf431489718e192b,ETHUSDT,1h,SHORT_ONLY,diagnostic_year_2024,adverse,91,34,57,0,-233.25924228747573,-2.5632883767854477,0.9394194418858242,37.362637362637365,-50.41545668476018,DESCRIPTIVE_SAMPLE,complete,0,0.0,"descriptive deletion of net PnL; no resimulation, return or drawdown"
atr,eth_short_regime_challenge_v1_atr,20261007T203617Z-52e2dc923989,e76874aa45ad4065a412385d0723def9,cf431489718e192b,ETHUSDT,1h,SHORT_ONLY,diagnostic_year_2024,adverse,90,33,57,0,-420.43325113063065,-4.671480568118119,0.8908078378653871,36.666666666666664,-50.75149808369464,DESCRIPTIVE_SAMPLE,without_best,1,187.1740088431547,"descriptive deletion of net PnL; no resimulation, return or drawdown"
atr,eth_short_regime_challenge_v1_atr,20261007T203617Z-52e2dc923989,e76874aa45ad4065a412385d0723def9,cf431489718e192b,ETHUSDT,1h,SHORT_ONLY,diagnostic_year_2024,adverse,86,29,57,0,-1104.4993384930144,-12.84301556387226,0.7131466873231916,33.72093023255814,-53.26812755806996,DESCRIPTIVE_SAMPLE,without_top_5pct,5,871.2400962055385,"descriptive deletion of net PnL; no resimulation, return or drawdown"
atr,eth_short_regime_challenge_v1_atr,20261007T203617Z-52e2dc923989,e76874aa45ad4065a412385d0723def9,cf431489718e192b,ETHUSDT,1h,SHORT_ONLY,diagnostic_year_2024,adverse,81,24,57,0,-1763.3321039210298,-21.76953214717321,0.5420389693947181,29.62962962962963,-55.01249748478265,DESCRIPTIVE_SAMPLE,without_top_10pct,10,1530.0728616335537,"descriptive deletion of net PnL; no resimulation, return or drawdown"
atr,eth_short_regime_challenge_v1_atr,20261007T203617Z-52e2dc923989,1c7bf069089d45e48abebbb076aea9e5,b189830689073f8b,ETHUSDT,1h,SHORT_ONLY,diagnostic_year_2024,base,76,30,46,0,442.7523175865466,5.8256883892966655,1.1409415750363103,39.473684210526315,-48.73841905156577,DESCRIPTIVE_SAMPLE,complete,0,0.0,"descriptive deletion of net PnL; no resimulation, return or drawdown"
atr,eth_short_regime_challenge_v1_atr,20261007T203617Z-52e2dc923989,1c7bf069089d45e48abebbb076aea9e5,b189830689073f8b,ETHUSDT,1h,SHORT_ONLY,diagnostic_year_2024,base,75,29,46,0,236.281868443695,3.1504249125826003,1.0752157298069185,38.666666666666664,-49.77476362842355,DESCRIPTIVE_SAMPLE,without_best,1,206.47044914285155,"descriptive deletion of net PnL; no resimulation, return or drawdown"
atr,eth_short_regime_challenge_v1_atr,20261007T203617Z-52e2dc923989,1c7bf069089d45e48abebbb076aea9e5,b189830689073f8b,ETHUSDT,1h,SHORT_ONLY,diagnostic_year_2024,base,72,26,46,0,-330.5197670155097,-4.5905523196598566,0.8947854710332611,36.111111111111114,-50.27404886124341,DESCRIPTIVE_SAMPLE,without_top_5pct,4,773.2720846020563,"descriptive deletion of net PnL; no resimulation, return or drawdown"
atr,eth_short_regime_challenge_v1_atr,20261007T203617Z-52e2dc923989,1c7bf069089d45e48abebbb076aea9e5,b189830689073f8b,ETHUSDT,1h,SHORT_ONLY,diagnostic_year_2024,base,68,22,46,0,-956.9568085706994,-14.072894243686756,0.6953714424875687,32.35294117647059,-53.321443934602314,DESCRIPTIVE_SAMPLE,without_top_10pct,8,1399.709126157246,"descriptive deletion of net PnL; no resimulation, return or drawdown"
atr,eth_short_regime_challenge_v1_atr,20261007T203617Z-52e2dc923989,67e5b38e46ad4355a1bab07d5ac81993,b189830689073f8b,ETHUSDT,1h,SHORT_ONLY,diagnostic_year_2024,adverse,75,30,45,0,271.090953680769,3.61454604907692,1.08535814876013,40.0,-51.04933681197906,DESCRIPTIVE_SAMPLE,complete,0,0.0,"descriptive deletion of net PnL; no resimulation, return or drawdown"
atr,eth_short_regime_challenge_v1_atr,20261007T203617Z-52e2dc923989,67e5b38e46ad4355a1bab07d5ac81993,b189830689073f8b,ETHUSDT,1h,SHORT_ONLY,diagnostic_year_2024,adverse,74,29,45,0,74.01529781506302,1.0002067272305815,1.0233051258835555,39.189189189189186,-51.86344642158065,DESCRIPTIVE_SAMPLE,without_best,1,197.07565586570593,"descriptive deletion of net PnL; no resimulation, return or drawdown"
atr,eth_short_regime_challenge_v1_atr,20261007T203617Z-52e2dc923989,67e5b38e46ad4355a1bab07d5ac81993,b189830689073f8b,ETHUSDT,1h,SHORT_ONLY,diagnostic_year_2024,adverse,71,26,45,0,-469.7486647793575,-6.61617837717405,0.8520906881484276,36.61971830985915,-53.216062145134735,DESCRIPTIVE_SAMPLE,without_top_5pct,4,740.8396184601263,"descriptive deletion of net PnL; no resimulation, return or drawdown"
atr,eth_short_regime_challenge_v1_atr,20261007T203617Z-52e2dc923989,67e5b38e46ad4355a1bab07d5ac81993,b189830689073f8b,ETHUSDT,1h,SHORT_ONLY,diagnostic_year_2024,adverse,67,22,45,0,-1078.3344612873207,-16.094544198318218,0.6604658616970006,32.83582089552239,-55.85166949538595,DESCRIPTIVE_SAMPLE,without_top_10pct,8,1349.4254149680894,"descriptive deletion of net PnL; no resimulation, return or drawdown"
atr,eth_short_regime_challenge_v1_atr,20261007T203617Z-52e2dc923989,b06f0f7f5e4b4b1f9d8b889c1506aa74,817d1c5f49c84d4e,ETHUSDT,1h,SHORT_ONLY,diagnostic_year_2024,base,63,26,37,0,694.316838407714,11.020902196947842,1.274429829053678,41.26984126984127,-47.97671652469897,DESCRIPTIVE_SAMPLE,complete,0,0.0,"descriptive deletion of net PnL; no resimulation, return or drawdown"
atr,eth_short_regime_challenge_v1_atr,20261007T203617Z-52e2dc923989,b06f0f7f5e4b4b1f9d8b889c1506aa74,817d1c5f49c84d4e,ETHUSDT,1h,SHORT_ONLY,diagnostic_year_2024,base,62,25,37,0,480.8921697098979,7.756325317901579,1.190073391031954,40.32258064516129,-49.57859421556456,DESCRIPTIVE_SAMPLE,without_best,1,213.424668697816,"descriptive deletion of net PnL; no resimulation, return or drawdown"
atr,eth_short_regime_challenge_v1_atr,20261007T203617Z-52e2dc923989,b06f0f7f5e4b4b1f9d8b889c1506aa74,817d1c5f49c84d4e,ETHUSDT,1h,SHORT_ONLY,diagnostic_year_2024,base,59,22,37,0,-90.84717034739515,-1.5397825482609346,0.964092512165453,37.28813559322034,-51.19804946737789,DESCRIPTIVE_SAMPLE,without_top_5pct,4,785.1640087551092,"descriptive deletion of net PnL; no resimulation, return or drawdown"
atr,eth_short_regime_challenge_v1_atr,20261007T203617Z-52e2dc923989,b06f0f7f5e4b4b1f9d8b889c1506aa74,817d1c5f49c84d4e,ETHUSDT,1h,SHORT_ONLY,diagnostic_year_2024,base,56,19,37,0,-577.5481104863252,-10.313359115827236,0.7717231954297422,33.92857142857143,-53.266155187347,DESCRIPTIVE_SAMPLE,without_top_10pct,7,1271.8649488940391,"descriptive deletion of net PnL; no resimulation, return or drawdown"
atr,eth_short_regime_challenge_v1_atr,20261007T203617Z-52e2dc923989,36145e36b44740be9858d98df5f5a270,817d1c5f49c84d4e,ETHUSDT,1h,SHORT_ONLY,diagnostic_year_2024,adverse,63,26,37,0,467.7962962475064,7.425338035674705,1.1783221093457144,41.26984126984127,-51.04933681197906,DESCRIPTIVE_SAMPLE,complete,0,0.0,"descriptive deletion of net PnL; no resimulation, return or drawdown"
atr,eth_short_regime_challenge_v1_atr,20261007T203617Z-52e2dc923989,36145e36b44740be9858d98df5f5a270,817d1c5f49c84d4e,ETHUSDT,1h,SHORT_ONLY,diagnostic_year_2024,adverse,62,25,37,0,265.4023117996841,4.280682448382002,1.1011703180315655,40.32258064516129,-52.468000407556275,DESCRIPTIVE_SAMPLE,without_best,1,202.39398444782228,"descriptive deletion of net PnL; no resimulation, return or drawdown"
atr,eth_short_regime_challenge_v1_atr,20261007T203617Z-52e2dc923989,36145e36b44740be9858d98df5f5a270,817d1c5f49c84d4e,ETHUSDT,1h,SHORT_ONLY,diagnostic_year_2024,adverse,59,22,37,0,-282.2970515867373,-4.784695789605717,0.8923894735703751,37.28813559322034,-54.0356074295789,DESCRIPTIVE_SAMPLE,without_top_5pct,4,750.0933478342438,"descriptive deletion of net PnL; no resimulation, return or drawdown"
atr,eth_short_regime_challenge_v1_atr,20261007T203617Z-52e2dc923989,36145e36b44740be9858d98df5f5a270,817d1c5f49c84d4e,ETHUSDT,1h,SHORT_ONLY,diagnostic_year_2024,adverse,56,19,37,0,-755.4607107267741,-13.49036983440668,0.712021346587716,33.92857142857143,-55.99346295567339,DESCRIPTIVE_SAMPLE,without_top_10pct,7,1223.2570069742806,"descriptive deletion of net PnL; no resimulation, return or drawdown"
atr,eth_short_regime_challenge_v1_atr,20261007T203617Z-52e2dc923989,add3cfd88fbd46539e918c186776fdb3,143528a8db38d8af,ETHUSDT,1h,SHORT_ONLY,diagnostic_year_2024,base,65,23,42,0,-123.12346579409189,-1.894207166062952,0.956678262336659,35.38461538461539,-46.46297728239531,DESCRIPTIVE_SAMPLE,complete,0,0.0,"descriptive deletion of net PnL; no resimulation, return or drawdown"
atr,eth_short_regime_challenge_v1_atr,20261007T203617Z-52e2dc923989,add3cfd88fbd46539e918c186776fdb3,143528a8db38d8af,ETHUSDT,1h,SHORT_ONLY,diagnostic_year_2024,base,64,22,42,0,-315.52788356459735,-4.9301231806968335,0.888979601824117,34.375,-48.366952423810346,DESCRIPTIVE_SAMPLE,without_best,1,192.40441777050546,"descriptive deletion of net PnL; no resimulation, return or drawdown"
atr,eth_short_regime_challenge_v1_atr,20261007T203617Z-52e2dc923989,add3cfd88fbd46539e918c186776fdb3,143528a8db38d8af,ETHUSDT,1h,SHORT_ONLY,diagnostic_year_2024,base,61,19,42,0,-859.7581730544132,-14.094396279580543,0.6974888760094973,31.147540983606557,-50.707515456626325,DESCRIPTIVE_SAMPLE,without_top_5pct,4,736.6347072603213,"descriptive deletion of net PnL; no resimulation, return or drawdown"
atr,eth_short_regime_challenge_v1_atr,20261007T203617Z-52e2dc923989,add3cfd88fbd46539e918c186776fdb3,143528a8db38d8af,ETHUSDT,1h,SHORT_ONLY,diagnostic_year_2024,base,58,16,42,0,-1296.7888004421425,-22.358427593830044,0.5437170010185871,27.586206896551722,-54.193516489569696,DESCRIPTIVE_SAMPLE,without_top_10pct,7,1173.6653346480505,"descriptive deletion of net PnL; no resimulation, return or drawdown"
atr,eth_short_regime_challenge_v1_atr,20261007T203617Z-52e2dc923989,31e32df069e44b23aa6feaf9e37df075,143528a8db38d8af,ETHUSDT,1h,SHORT_ONLY,diagnostic_year_2024,adverse,65,23,42,0,-327.14933699676624,-5.033066723027173,0.8883711758653382,35.38461538461539,-49.21416799181342,DESCRIPTIVE_SAMPLE,complete,0,0.0,"descriptive deletion of net PnL; no resimulation, return or drawdown"
atr,eth_short_regime_challenge_v1_atr,20261007T203617Z-52e2dc923989,31e32df069e44b23aa6feaf9e37df075,143528a8db38d8af,ETHUSDT,1h,SHORT_ONLY,diagnostic_year_2024,adverse,64,22,42,0,-509.77836731443665,-7.965286989288073,0.8260550969321976,34.375,-50.90635561358885,DESCRIPTIVE_SAMPLE,without_best,1,182.6290303176704,"descriptive deletion of net PnL; no resimulation, return or drawdown"
atr,eth_short_regime_challenge_v1_atr,20261007T203617Z-52e2dc923989,31e32df069e44b23aa6feaf9e37df075,143528a8db38d8af,ETHUSDT,1h,SHORT_ONLY,diagnostic_year_2024,adverse,61,19,42,0,-1030.9442558892142,-16.90072550638056,0.6482245811965849,31.147540983606557,-53.76456997038094,DESCRIPTIVE_SAMPLE,without_top_5pct,4,703.794918892448,"descriptive deletion of net PnL; no resimulation, return or drawdown"
atr,eth_short_regime_challenge_v1_atr,20261007T203617Z-52e2dc923989,31e32df069e44b23aa6feaf9e37df075,143528a8db38d8af,ETHUSDT,1h,SHORT_ONLY,diagnostic_year_2024,adverse,58,16,42,0,-1454.044469820364,-25.069732238282135,0.503855713431693,27.586206896551722,-56.63683507215862,DESCRIPTIVE_SAMPLE,without_top_10pct,7,1126.8951328235978,"descriptive deletion of net PnL; no resimulation, return or drawdown"
atr,eth_short_regime_challenge_v1_atr,20261007T203617Z-52e2dc923989,155071431e044dbb8e1ec522925cb64d,49c4a234fbe24bab,ETHUSDT,1h,SHORT_ONLY,diagnostic_year_2024,base,55,19,36,0,-172.55457212489515,-3.137355856816275,0.9305529238434642,34.54545454545455,-51.05742360572659,DESCRIPTIVE_SAMPLE,complete,0,0.0,"descriptive deletion of net PnL; no resimulation, return or drawdown"
atr,eth_short_regime_challenge_v1_atr,20261007T203617Z-52e2dc923989,155071431e044dbb8e1ec522925cb64d,49c4a234fbe24bab,ETHUSDT,1h,SHORT_ONLY,diagnostic_year_2024,base,54,18,36,0,-362.94839781732304,-6.721266626246723,0.8539261828085994,33.333333333333336,-52.105596333402204,DESCRIPTIVE_SAMPLE,without_best,1,190.39382569242798,"descriptive deletion of net PnL; no resimulation, return or drawdown"
atr,eth_short_regime_challenge_v1_atr,20261007T203617Z-52e2dc923989,155071431e044dbb8e1ec522925cb64d,49c4a234fbe24bab,ETHUSDT,1h,SHORT_ONLY,diagnostic_year_2024,base,52,16,36,0,-735.929360002121,-14.152487692348481,0.7038146153965377,30.76923076923077,-55.47800905335627,DESCRIPTIVE_SAMPLE,without_top_5pct,3,563.3747878772258,"descriptive deletion of net PnL; no resimulation, return or drawdown"
atr,eth_short_regime_challenge_v1_atr,20261007T203617Z-52e2dc923989,155071431e044dbb8e1ec522925cb64d,49c4a234fbe24bab,ETHUSDT,1h,SHORT_ONLY,diagnostic_year_2024,base,49,13,36,0,-1219.9427179440304,-24.896790162123068,0.5090164589881228,26.53061224489796,-59.92659840684277,DESCRIPTIVE_SAMPLE,without_top_10pct,6,1047.3881458191354,"descriptive deletion of net PnL; no resimulation, return or drawdown"
atr,eth_short_regime_challenge_v1_atr,20261007T203617Z-52e2dc923989,5bc8f9e8c1764b5a8aa46e862e35d438,49c4a234fbe24bab,ETHUSDT,1h,SHORT_ONLY,diagnostic_year_2024,adverse,55,19,36,0,-348.8880337796533,-6.3434187959936965,0.8640901939111867,34.54545454545455,-53.48523165573279,DESCRIPTIVE_SAMPLE,complete,0,0.0,"descriptive deletion of net PnL; no resimulation, return or drawdown"
atr,eth_short_regime_challenge_v1_atr,20261007T203617Z-52e2dc923989,5bc8f9e8c1764b5a8aa46e862e35d438,49c4a234fbe24bab,ETHUSDT,1h,SHORT_ONLY,diagnostic_year_2024,adverse,54,18,36,0,-529.9113981654962,-9.813174040101782,0.7935722971387142,33.333333333333336,-54.879832668437345,DESCRIPTIVE_SAMPLE,without_best,1,181.02336438584288,"descriptive deletion of net PnL; no resimulation, return or drawdown"
atr,eth_short_regime_challenge_v1_atr,20261007T203617Z-52e2dc923989,5bc8f9e8c1764b5a8aa46e862e35d438,49c4a234fbe24bab,ETHUSDT,1h,SHORT_ONLY,diagnostic_year_2024,adverse,52,16,36,0,-884.4272506894437,-17.00821635941238,0.6554701666358077,30.76923076923077,-58.71339348471402,DESCRIPTIVE_SAMPLE,without_top_5pct,3,535.5392169097903,"descriptive deletion of net PnL; no resimulation, return or drawdown"
atr,eth_short_regime_challenge_v1_atr,20261007T203617Z-52e2dc923989,5bc8f9e8c1764b5a8aa46e862e35d438,49c4a234fbe24bab,ETHUSDT,1h,SHORT_ONLY,diagnostic_year_2024,adverse,49,13,36,0,-1355.190089131191,-27.6569405945141,0.4720838653250389,26.53061224489796,-62.2978372432526,DESCRIPTIVE_SAMPLE,without_top_10pct,6,1006.3020553515375,"descriptive deletion of net PnL; no resimulation, return or drawdown"
atr,eth_short_regime_challenge_v1_atr,20261007T203617Z-52e2dc923989,1380eca8ee864badb72ba84b470af24d,cfd1f51b4fb4e68c,ETHUSDT,1h,SHORT_ONLY,diagnostic_year_2024,base,40,14,26,0,-0.3887336027615902,-0.009718340069039755,0.9997795045089978,35.0,-51.90477760121103,DESCRIPTIVE_SAMPLE,complete,0,0.0,"descriptive deletion of net PnL; no resimulation, return or drawdown"
atr,eth_short_regime_challenge_v1_atr,20261007T203617Z-52e2dc923989,1380eca8ee864badb72ba84b470af24d,cfd1f51b4fb4e68c,ETHUSDT,1h,SHORT_ONLY,diagnostic_year_2024,base,39,13,26,0,-196.53529150782532,-5.039366448918598,0.8885222545918152,33.333333333333336,-52.91397218354003,DESCRIPTIVE_SAMPLE,without_best,1,196.1465579050637,"descriptive deletion of net PnL; no resimulation, return or drawdown"
atr,eth_short_regime_challenge_v1_atr,20261007T203617Z-52e2dc923989,1380eca8ee864badb72ba84b470af24d,cfd1f51b4fb4e68c,ETHUSDT,1h,SHORT_ONLY,diagnostic_year_2024,base,38,12,26,0,-386.8907804882432,-10.181336328637979,0.7805497852464577,31.57894736842105,-53.86136265697859,DESCRIPTIVE_SAMPLE,without_top_5pct,2,386.5020468854816,"descriptive deletion of net PnL; no resimulation, return or drawdown"
atr,eth_short_regime_challenge_v1_atr,20261007T203617Z-52e2dc923989,1380eca8ee864badb72ba84b470af24d,cfd1f51b4fb4e68c,ETHUSDT,1h,SHORT_ONLY,diagnostic_year_2024,base,36,10,26,0,-751.9881844591547,-20.888560679420962,0.5734610983403812,27.77777777777778,-54.95303507026786,DESCRIPTIVE_SAMPLE,without_top_10pct,4,751.5994508563931,"descriptive deletion of net PnL; no resimulation, return or drawdown"
atr,eth_short_regime_challenge_v1_atr,20261007T203617Z-52e2dc923989,a7605db72f794646ad8e62a21aadbc33,cfd1f51b4fb4e68c,ETHUSDT,1h,SHORT_ONLY,diagnostic_year_2024,adverse,40,14,26,0,-140.15037615763111,-3.503759403940778,0.9235464726548934,35.0,-54.61674388263772,DESCRIPTIVE_SAMPLE,complete,0,0.0,"descriptive deletion of net PnL; no resimulation, return or drawdown"
atr,eth_short_regime_challenge_v1_atr,20261007T203617Z-52e2dc923989,a7605db72f794646ad8e62a21aadbc33,cfd1f51b4fb4e68c,ETHUSDT,1h,SHORT_ONLY,diagnostic_year_2024,adverse,39,13,26,0,-327.0856098342575,-8.386810508570706,0.8215713057556956,33.333333333333336,-55.61808258461843,DESCRIPTIVE_SAMPLE,without_best,1,186.93523367662632,"descriptive deletion of net PnL; no resimulation, return or drawdown"
atr,eth_short_regime_challenge_v1_atr,20261007T203617Z-52e2dc923989,a7605db72f794646ad8e62a21aadbc33,cfd1f51b4fb4e68c,ETHUSDT,1h,SHORT_ONLY,diagnostic_year_2024,adverse,38,12,26,0,-508.1953729251009,-13.373562445397392,0.7227739952914125,31.57894736842105,-56.75349044196288,DESCRIPTIVE_SAMPLE,without_top_5pct,2,368.0449967674698,"descriptive deletion of net PnL; no resimulation, return or drawdown"
atr,eth_short_regime_challenge_v1_atr,20261007T203617Z-52e2dc923989,a7605db72f794646ad8e62a21aadbc33,cfd1f51b4fb4e68c,ETHUSDT,1h,SHORT_ONLY,diagnostic_year_2024,adverse,36,10,26,0,-860.8412698940344,-23.912257497056512,0.530401891368337,27.77777777777778,-57.987724220216975,DESCRIPTIVE_SAMPLE,without_top_10pct,4,720.6908937364034,"descriptive deletion of net PnL; no resimulation, return or drawdown"
atr,eth_short_regime_challenge_v1_atr,20261007T203617Z-52e2dc923989,7a6b3c880e4c43089172d5e95dd71576,cf431489718e192b,ETHUSDT,1h,SHORT_ONLY,diagnostic_year_2025,base,80,34,46,0,913.1144892982873,11.413931116228591,1.2472627237224165,42.5,-56.07244108480595,DESCRIPTIVE_SAMPLE,complete,0,0.0,"descriptive deletion of net PnL; no resimulation, return or drawdown"
atr,eth_short_regime_challenge_v1_atr,20261007T203617Z-52e2dc923989,7a6b3c880e4c43089172d5e95dd71576,cf431489718e192b,ETHUSDT,1h,SHORT_ONLY,diagnostic_year_2025,base,79,33,46,0,708.6905011661868,8.970765837546669,1.191906650971248,41.77215189873418,-56.177925563060285,DESCRIPTIVE_SAMPLE,without_best,1,204.42398813210076,"descriptive deletion of net PnL; no resimulation, return or drawdown"
atr,eth_short_regime_challenge_v1_atr,20261007T203617Z-52e2dc923989,7a6b3c880e4c43089172d5e95dd71576,cf431489718e192b,ETHUSDT,1h,SHORT_ONLY,diagnostic_year_2025,base,76,30,46,0,101.3623241469265,1.3337147914069276,1.027447953838367,39.473684210526315,-61.60755750449935,DESCRIPTIVE_SAMPLE,without_top_5pct,4,811.752165151361,"descriptive deletion of net PnL; no resimulation, return or drawdown"
atr,eth_short_regime_challenge_v1_atr,20261007T203617Z-52e2dc923989,7a6b3c880e4c43089172d5e95dd71576,cf431489718e192b,ETHUSDT,1h,SHORT_ONLY,diagnostic_year_2025,base,72,26,46,0,-634.3605217472167,-8.810562802044677,0.8282212008816884,36.111111111111114,-65.4647457388973,DESCRIPTIVE_SAMPLE,without_top_10pct,8,1547.4750110455043,"descriptive deletion of net PnL; no resimulation, return or drawdown"
atr,eth_short_regime_challenge_v1_atr,20261007T203617Z-52e2dc923989,e6081827db824a939c7bda70cb9fa355,cf431489718e192b,ETHUSDT,1h,SHORT_ONLY,diagnostic_year_2025,adverse,80,34,46,0,642.6170626992185,8.032713283740232,1.1700727514542837,42.5,-58.49701677897951,DESCRIPTIVE_SAMPLE,complete,0,0.0,"descriptive deletion of net PnL; no resimulation, return or drawdown"
atr,eth_short_regime_challenge_v1_atr,20261007T203617Z-52e2dc923989,e6081827db824a939c7bda70cb9fa355,cf431489718e192b,ETHUSDT,1h,SHORT_ONLY,diagnostic_year_2025,adverse,79,33,46,0,446.2383260038414,5.648586405111916,1.1180998518605307,41.77215189873418,-58.75240738620318,DESCRIPTIVE_SAMPLE,without_best,1,196.37873669537728,"descriptive deletion of net PnL; no resimulation, return or drawdown"
atr,eth_short_regime_challenge_v1_atr,20261007T203617Z-52e2dc923989,e6081827db824a939c7bda70cb9fa355,cf431489718e192b,ETHUSDT,1h,SHORT_ONLY,diagnostic_year_2025,adverse,76,30,46,0,-133.23517413296838,-1.753094396486426,0.964738451605835,39.473684210526315,-64.50845882601004,DESCRIPTIVE_SAMPLE,without_top_5pct,4,775.8522368321871,"descriptive deletion of net PnL; no resimulation, return or drawdown"
atr,eth_short_regime_challenge_v1_atr,20261007T203617Z-52e2dc923989,e6081827db824a939c7bda70cb9fa355,cf431489718e192b,ETHUSDT,1h,SHORT_ONLY,diagnostic_year_2025,adverse,72,26,46,0,-840.7665598188973,-11.677313330818018,0.7774857057817016,36.111111111111114,-68.0354165911631,DESCRIPTIVE_SAMPLE,without_top_10pct,8,1483.383622518116,"descriptive deletion of net PnL; no resimulation, return or drawdown"
atr,eth_short_regime_challenge_v1_atr,20261007T203617Z-52e2dc923989,a849a96e6ccd46529de15010f000c61e,b189830689073f8b,ETHUSDT,1h,SHORT_ONLY,diagnostic_year_2025,base,67,29,38,0,991.3884009070495,14.796841804582828,1.3339626782595857,43.28358208955224,-44.56677416783681,DESCRIPTIVE_SAMPLE,complete,0,0.0,"descriptive deletion of net PnL; no resimulation, return or drawdown"
atr,eth_short_regime_challenge_v1_atr,20261007T203617Z-52e2dc923989,a849a96e6ccd46529de15010f000c61e,b189830689073f8b,ETHUSDT,1h,SHORT_ONLY,diagnostic_year_2025,base,66,28,38,0,783.2196075642155,11.866963750972962,1.2638381864950738,42.42424242424242,-47.78727287167307,DESCRIPTIVE_SAMPLE,without_best,1,208.1687933428339,"descriptive deletion of net PnL; no resimulation, return or drawdown"
atr,eth_short_regime_challenge_v1_atr,20261007T203617Z-52e2dc923989,a849a96e6ccd46529de15010f000c61e,b189830689073f8b,ETHUSDT,1h,SHORT_ONLY,diagnostic_year_2025,base,63,25,38,0,181.5171351836961,2.881224367995176,1.061146517914161,39.682539682539684,-56.30969020177384,DESCRIPTIVE_SAMPLE,without_top_5pct,4,809.8712657233531,"descriptive deletion of net PnL; no resimulation, return or drawdown"
atr,eth_short_regime_challenge_v1_atr,20261007T203617Z-52e2dc923989,a849a96e6ccd46529de15010f000c61e,b189830689073f8b,ETHUSDT,1h,SHORT_ONLY,diagnostic_year_2025,base,60,22,38,0,-357.2204498113373,-5.9536741635222885,0.8796654287674351,36.666666666666664,-60.12211002046393,DESCRIPTIVE_SAMPLE,without_top_10pct,7,1348.6088507183865,"descriptive deletion of net PnL; no resimulation, return or drawdown"
atr,eth_short_regime_challenge_v1_atr,20261007T203617Z-52e2dc923989,b9f7031d1b05433cbc29053fe278844a,b189830689073f8b,ETHUSDT,1h,SHORT_ONLY,diagnostic_year_2025,adverse,67,29,38,0,756.1031136283483,11.285121098930572,1.2482311817497969,43.28358208955224,-47.37260673525138,DESCRIPTIVE_SAMPLE,complete,0,0.0,"descriptive deletion of net PnL; no resimulation, return or drawdown"
atr,eth_short_regime_challenge_v1_atr,20261007T203617Z-52e2dc923989,b9f7031d1b05433cbc29053fe278844a,b189830689073f8b,ETHUSDT,1h,SHORT_ONLY,diagnostic_year_2025,adverse,66,28,38,0,559.5749178763347,8.478407846611132,1.183710317598645,42.42424242424242,-50.491085594849714,DESCRIPTIVE_SAMPLE,without_best,1,196.52819575201343,"descriptive deletion of net PnL; no resimulation, return or drawdown"
atr,eth_short_regime_challenge_v1_atr,20261007T203617Z-52e2dc923989,b9f7031d1b05433cbc29053fe278844a,b189830689073f8b,ETHUSDT,1h,SHORT_ONLY,diagnostic_year_2025,adverse,63,25,38,0,-16.60136090295252,-0.2635136651262305,0.9945497176756498,39.682539682539684,-58.96807034446949,DESCRIPTIVE_SAMPLE,without_top_5pct,4,772.7044745313007,"descriptive deletion of net PnL; no resimulation, return or drawdown"
atr,eth_short_regime_challenge_v1_atr,20261007T203617Z-52e2dc923989,b9f7031d1b05433cbc29053fe278844a,b189830689073f8b,ETHUSDT,1h,SHORT_ONLY,diagnostic_year_2025,adverse,60,22,38,0,-535.6187190512992,-8.926978650854986,0.8241545826211615,36.666666666666664,-63.10632890490367,DESCRIPTIVE_SAMPLE,without_top_10pct,7,1291.7218326796474,"descriptive deletion of net PnL; no resimulation, return or drawdown"
atr,eth_short_regime_challenge_v1_atr,20261007T203617Z-52e2dc923989,4db591f7d66a41009062ba802687899c,817d1c5f49c84d4e,ETHUSDT,1h,SHORT_ONLY,diagnostic_year_2025,base,53,25,28,0,1120.1801113181932,21.135473798456477,1.5207758745768114,47.16981132075472,-40.03062337473382,DESCRIPTIVE_SAMPLE,complete,0,0.0,"descriptive deletion of net PnL; no resimulation, return or drawdown"
atr,eth_short_regime_challenge_v1_atr,20261007T203617Z-52e2dc923989,4db591f7d66a41009062ba802687899c,817d1c5f49c84d4e,ETHUSDT,1h,SHORT_ONLY,diagnostic_year_2025,base,52,24,28,0,920.3947727634053,17.699899476219333,1.4278949321620604,46.15384615384615,-40.275251990856866,DESCRIPTIVE_SAMPLE,without_best,1,199.78533855478804,"descriptive deletion of net PnL; no resimulation, return or drawdown"
atr,eth_short_regime_challenge_v1_atr,20261007T203617Z-52e2dc923989,4db591f7d66a41009062ba802687899c,817d1c5f49c84d4e,ETHUSDT,1h,SHORT_ONLY,diagnostic_year_2025,base,50,22,28,0,539.1025373700436,10.782050747400872,1.2506307624539794,44.0,-41.6680718758838,DESCRIPTIVE_SAMPLE,without_top_5pct,3,581.0775739481498,"descriptive deletion of net PnL; no resimulation, return or drawdown"
atr,eth_short_regime_challenge_v1_atr,20261007T203617Z-52e2dc923989,4db591f7d66a41009062ba802687899c,817d1c5f49c84d4e,ETHUSDT,1h,SHORT_ONLY,diagnostic_year_2025,base,47,19,28,0,25.769699806519924,0.5482914852451047,1.0119804286995684,40.42553191489362,-45.70431480442906,DESCRIPTIVE_SAMPLE,without_top_10pct,6,1094.4104115116736,"descriptive deletion of net PnL; no resimulation, return or drawdown"
atr,eth_short_regime_challenge_v1_atr,20261007T203617Z-52e2dc923989,5e6b6fcc1bf04c419fb034ab24ba3893,817d1c5f49c84d4e,ETHUSDT,1h,SHORT_ONLY,diagnostic_year_2025,adverse,53,25,28,0,932.5742750073925,17.59574103787533,1.4212471203962052,47.16981132075472,-43.21653062785977,DESCRIPTIVE_SAMPLE,complete,0,0.0,"descriptive deletion of net PnL; no resimulation, return or drawdown"
atr,eth_short_regime_challenge_v1_atr,20261007T203617Z-52e2dc923989,5e6b6fcc1bf04c419fb034ab24ba3893,817d1c5f49c84d4e,ETHUSDT,1h,SHORT_ONLY,diagnostic_year_2025,adverse,52,24,28,0,743.1487941778386,14.291322964958434,1.335682956267312,46.15384615384615,-43.41368739816552,DESCRIPTIVE_SAMPLE,without_best,1,189.4254808295538,"descriptive deletion of net PnL; no resimulation, return or drawdown"
atr,eth_short_regime_challenge_v1_atr,20261007T203617Z-52e2dc923989,5e6b6fcc1bf04c419fb034ab24ba3893,817d1c5f49c84d4e,ETHUSDT,1h,SHORT_ONLY,diagnostic_year_2025,adverse,50,22,28,0,375.85227585949735,7.517045517189947,1.1697738112054599,44.0,-44.78185397164709,DESCRIPTIVE_SAMPLE,without_top_5pct,3,556.7219991478951,"descriptive deletion of net PnL; no resimulation, return or drawdown"
atr,eth_short_regime_challenge_v1_atr,20261007T203617Z-52e2dc923989,5e6b6fcc1bf04c419fb034ab24ba3893,817d1c5f49c84d4e,ETHUSDT,1h,SHORT_ONLY,diagnostic_year_2025,adverse,47,19,28,0,-121.7573441919989,-2.5905817913191256,0.9450017741186755,40.42553191489362,-48.71370973484751,DESCRIPTIVE_SAMPLE,without_top_10pct,6,1054.3316191993913,"descriptive deletion of net PnL; no resimulation, return or drawdown"
atr,eth_short_regime_challenge_v1_atr,20261007T203617Z-52e2dc923989,c94f561765d64918963157e188edd88d,143528a8db38d8af,ETHUSDT,1h,SHORT_ONLY,diagnostic_year_2025,base,59,29,30,0,1425.7609303298273,24.165439497115717,1.5408422437941907,49.152542372881356,-43.984104920092946,DESCRIPTIVE_SAMPLE,complete,0,0.0,"descriptive deletion of net PnL; no resimulation, return or drawdown"
atr,eth_short_regime_challenge_v1_atr,20261007T203617Z-52e2dc923989,c94f561765d64918963157e188edd88d,143528a8db38d8af,ETHUSDT,1h,SHORT_ONLY,diagnostic_year_2025,base,58,28,30,0,1205.1207209445054,20.777943464560437,1.457145500969591,48.275862068965516,-51.29003550270458,DESCRIPTIVE_SAMPLE,without_best,1,220.64020938532173,"descriptive deletion of net PnL; no resimulation, return or drawdown"
atr,eth_short_regime_challenge_v1_atr,20261007T203617Z-52e2dc923989,c94f561765d64918963157e188edd88d,143528a8db38d8af,ETHUSDT,1h,SHORT_ONLY,diagnostic_year_2025,base,56,26,30,0,791.213833697069,14.128818458876234,1.3001357773485442,46.42857142857143,-60.46141548239315,DESCRIPTIVE_SAMPLE,without_top_5pct,3,634.5470966327582,"descriptive deletion of net PnL; no resimulation, return or drawdown"
atr,eth_short_regime_challenge_v1_atr,20261007T203617Z-52e2dc923989,c94f561765d64918963157e188edd88d,143528a8db38d8af,ETHUSDT,1h,SHORT_ONLY,diagnostic_year_2025,base,53,23,30,0,230.0202159850902,4.3400040751903814,1.0872549156629092,43.39622641509434,-66.51471764761152,DESCRIPTIVE_SAMPLE,without_top_10pct,6,1195.7407143447372,"descriptive deletion of net PnL; no resimulation, return or drawdown"
atr,eth_short_regime_challenge_v1_atr,20261007T203617Z-52e2dc923989,395bd98115be4b95979d2189b8cc0cb1,143528a8db38d8af,ETHUSDT,1h,SHORT_ONLY,diagnostic_year_2025,adverse,59,29,30,0,1215.051606829137,20.594095031002322,1.4511255727162473,49.152542372881356,-47.222611885219514,DESCRIPTIVE_SAMPLE,complete,0,0.0,"descriptive deletion of net PnL; no resimulation, return or drawdown"
atr,eth_short_regime_challenge_v1_atr,20261007T203617Z-52e2dc923989,395bd98115be4b95979d2189b8cc0cb1,143528a8db38d8af,ETHUSDT,1h,SHORT_ONLY,diagnostic_year_2025,adverse,58,28,30,0,1008.3859267393876,17.385964254127373,1.3743945328433118,48.275862068965516,-54.2984474014621,DESCRIPTIVE_SAMPLE,without_best,1,206.66568008974934,"descriptive deletion of net PnL; no resimulation, return or drawdown"
atr,eth_short_regime_challenge_v1_atr,20261007T203617Z-52e2dc923989,395bd98115be4b95979d2189b8cc0cb1,143528a8db38d8af,ETHUSDT,1h,SHORT_ONLY,diagnostic_year_2025,adverse,56,26,30,0,614.2385049214797,10.968544730740708,1.2280550848701857,46.42857142857143,-63.262962570792226,DESCRIPTIVE_SAMPLE,without_top_5pct,3,600.8131019076573,"descriptive deletion of net PnL; no resimulation, return or drawdown"
atr,eth_short_regime_challenge_v1_atr,20261007T203617Z-52e2dc923989,395bd98115be4b95979d2189b8cc0cb1,143528a8db38d8af,ETHUSDT,1h,SHORT_ONLY,diagnostic_year_2025,adverse,53,23,30,0,72.34074498421666,1.3649197166833331,1.0268587439647028,43.39622641509434,-69.48249748526831,DESCRIPTIVE_SAMPLE,without_top_10pct,6,1142.7108618449204,"descriptive deletion of net PnL; no resimulation, return or drawdown"
atr,eth_short_regime_challenge_v1_atr,20261007T203617Z-52e2dc923989,dd9aa1bffea14b25b66aee2c2113b254,49c4a234fbe24bab,ETHUSDT,1h,SHORT_ONLY,diagnostic_year_2025,base,47,22,25,0,923.5704668049626,19.650435463935374,1.4430181370472641,46.808510638297875,-42.58992206862379,DESCRIPTIVE_SAMPLE,complete,0,0.0,"descriptive deletion of net PnL; no resimulation, return or drawdown"
atr,eth_short_regime_challenge_v1_atr,20261007T203617Z-52e2dc923989,dd9aa1bffea14b25b66aee2c2113b254,49c4a234fbe24bab,ETHUSDT,1h,SHORT_ONLY,diagnostic_year_2025,base,46,21,25,0,715.776594359985,15.560360746956196,1.3433436048170655,45.65217391304348,-46.64147514465207,DESCRIPTIVE_SAMPLE,without_best,1,207.79387244497767,"descriptive deletion of net PnL; no resimulation, return or drawdown"
atr,eth_short_regime_challenge_v1_atr,20261007T203617Z-52e2dc923989,dd9aa1bffea14b25b66aee2c2113b254,49c4a234fbe24bab,ETHUSDT,1h,SHORT_ONLY,diagnostic_year_2025,base,44,19,25,0,327.444549034548,7.441921568967,1.1570685500602966,43.18181818181818,-54.69813213218194,DESCRIPTIVE_SAMPLE,without_top_5pct,3,596.1259177704146,"descriptive deletion of net PnL; no resimulation, return or drawdown"
atr,eth_short_regime_challenge_v1_atr,20261007T203617Z-52e2dc923989,dd9aa1bffea14b25b66aee2c2113b254,49c4a234fbe24bab,ETHUSDT,1h,SHORT_ONLY,diagnostic_year_2025,base,42,17,25,0,-16.58863071005723,-0.3949673978585055,0.9920427682158804,40.476190476190474,-59.70440601412844,DESCRIPTIVE_SAMPLE,without_top_10pct,5,940.1590975150198,"descriptive deletion of net PnL; no resimulation, return or drawdown"
atr,eth_short_regime_challenge_v1_atr,20261007T203617Z-52e2dc923989,e93f1cab43b54fbbabc9ebb173bb12cf,49c4a234fbe24bab,ETHUSDT,1h,SHORT_ONLY,diagnostic_year_2025,adverse,47,22,25,0,765.1536547898513,16.27986499552875,1.3585554056887539,46.808510638297875,-45.80090809879673,DESCRIPTIVE_SAMPLE,complete,0,0.0,"descriptive deletion of net PnL; no resimulation, return or drawdown"
atr,eth_short_regime_challenge_v1_atr,20261007T203617Z-52e2dc923989,e93f1cab43b54fbbabc9ebb173bb12cf,49c4a234fbe24bab,ETHUSDT,1h,SHORT_ONLY,diagnostic_year_2025,adverse,46,21,25,0,569.8742652589065,12.38857098388927,1.2670463600250423,45.65217391304348,-49.72777718186196,DESCRIPTIVE_SAMPLE,without_best,1,195.27938953094505,"descriptive deletion of net PnL; no resimulation, return or drawdown"
atr,eth_short_regime_challenge_v1_atr,20261007T203617Z-52e2dc923989,e93f1cab43b54fbbabc9ebb173bb12cf,49c4a234fbe24bab,ETHUSDT,1h,SHORT_ONLY,diagnostic_year_2025,adverse,44,19,25,0,196.56167983003968,4.4673109052281745,1.0921099342767688,43.18181818181818,-57.6433450251008,DESCRIPTIVE_SAMPLE,without_top_5pct,3,568.5919749598118,"descriptive deletion of net PnL; no resimulation, return or drawdown"
atr,eth_short_regime_challenge_v1_atr,20261007T203617Z-52e2dc923989,e93f1cab43b54fbbabc9ebb173bb12cf,49c4a234fbe24bab,ETHUSDT,1h,SHORT_ONLY,diagnostic_year_2025,adverse,42,17,25,0,-136.72786533873426,-3.2554253652079588,0.9359285355057846,40.476190476190474,-62.80346332128394,DESCRIPTIVE_SAMPLE,without_top_10pct,5,901.8815201285856,"descriptive deletion of net PnL; no resimulation, return or drawdown"
atr,eth_short_regime_challenge_v1_atr,20261007T203617Z-52e2dc923989,a6fc984cb5074f7683e0ad169e1456ca,cfd1f51b4fb4e68c,ETHUSDT,1h,SHORT_ONLY,diagnostic_year_2025,base,38,21,17,0,1378.7172859518744,36.2820338408388,1.9575485388618803,55.26315789473684,83.14479383964428,DESCRIPTIVE_SAMPLE,complete,0,0.0,"descriptive deletion of net PnL; no resimulation, return or drawdown"
atr,eth_short_regime_challenge_v1_atr,20261007T203617Z-52e2dc923989,a6fc984cb5074f7683e0ad169e1456ca,cfd1f51b4fb4e68c,ETHUSDT,1h,SHORT_ONLY,diagnostic_year_2025,base,37,20,17,0,1177.729334543709,31.83052255523538,1.817958123074166,54.054054054054056,82.4996559796026,DESCRIPTIVE_SAMPLE,without_best,1,200.98795140816543,"descriptive deletion of net PnL; no resimulation, return or drawdown"
atr,eth_short_regime_challenge_v1_atr,20261007T203617Z-52e2dc923989,a6fc984cb5074f7683e0ad169e1456ca,cfd1f51b4fb4e68c,ETHUSDT,1h,SHORT_ONLY,diagnostic_year_2025,base,36,19,17,0,983.7155749045195,27.325432636236652,1.6832114321067393,52.77777777777778,72.89883156118366,DESCRIPTIVE_SAMPLE,without_top_5pct,2,395.0017110473551,"descriptive deletion of net PnL; no resimulation, return or drawdown"
atr,eth_short_regime_challenge_v1_atr,20261007T203617Z-52e2dc923989,a6fc984cb5074f7683e0ad169e1456ca,cfd1f51b4fb4e68c,ETHUSDT,1h,SHORT_ONLY,diagnostic_year_2025,base,34,17,17,0,608.2690803563846,17.89026706930543,1.4224558399788183,50.0,9.769518683111674,DESCRIPTIVE_SAMPLE,without_top_10pct,4,770.44820559549,"descriptive deletion of net PnL; no resimulation, return or drawdown"
atr,eth_short_regime_challenge_v1_atr,20261007T203617Z-52e2dc923989,eb6bb5921c4d40f49f48e5e505c374a5,cfd1f51b4fb4e68c,ETHUSDT,1h,SHORT_ONLY,diagnostic_year_2025,adverse,38,21,17,0,1247.0450845101318,32.81697590816136,1.8450769699416047,55.26315789473684,79.27037686205128,DESCRIPTIVE_SAMPLE,complete,0,0.0,"descriptive deletion of net PnL; no resimulation, return or drawdown"
atr,eth_short_regime_challenge_v1_atr,20261007T203617Z-52e2dc923989,eb6bb5921c4d40f49f48e5e505c374a5,cfd1f51b4fb4e68c,ETHUSDT,1h,SHORT_ONLY,diagnostic_year_2025,adverse,37,20,17,0,1056.1644202221937,28.54498433032956,1.7157241057985595,54.054054054054056,79.18848980879713,DESCRIPTIVE_SAMPLE,without_best,1,190.88066428793837,"descriptive deletion of net PnL; no resimulation, return or drawdown"
atr,eth_short_regime_challenge_v1_atr,20261007T203617Z-52e2dc923989,eb6bb5921c4d40f49f48e5e505c374a5,cfd1f51b4fb4e68c,ETHUSDT,1h,SHORT_ONLY,diagnostic_year_2025,adverse,36,19,17,0,867.0582023904853,24.08495006640237,1.5875737192990096,52.77777777777778,69.25790090997646,DESCRIPTIVE_SAMPLE,without_top_5pct,2,379.98688211964674,"descriptive deletion of net PnL; no resimulation, return or drawdown"
atr,eth_short_regime_challenge_v1_atr,20261007T203617Z-52e2dc923989,eb6bb5921c4d40f49f48e5e505c374a5,cfd1f51b4fb4e68c,ETHUSDT,1h,SHORT_ONLY,diagnostic_year_2025,adverse,34,17,17,0,502.4216829481188,14.777108322003494,1.340472849564653,50.0,6.118335554986622,DESCRIPTIVE_SAMPLE,without_top_10pct,4,744.6234015620134,"descriptive deletion of net PnL; no resimulation, return or drawdown"
atr,eth_short_regime_challenge_v1_atr,20261007T203617Z-52e2dc923989,51efacabf2a74d4c94ee337028e792bc,cf431489718e192b,ETHUSDT,1h,SHORT_ONLY,diagnostic_year_2026,base,52,18,34,0,-21.750801403387484,-0.41828464237283625,0.9893307753977864,34.61538461538461,-44.539342481660974,DESCRIPTIVE_SAMPLE,complete,0,0.0,"descriptive deletion of net PnL; no resimulation, return or drawdown"
atr,eth_short_regime_challenge_v1_atr,20261007T203617Z-52e2dc923989,51efacabf2a74d4c94ee337028e792bc,cf431489718e192b,ETHUSDT,1h,SHORT_ONLY,diagnostic_year_2026,base,51,17,34,0,-217.8273910982671,-4.271125315652296,0.8931510928245736,33.333333333333336,-44.828589455325634,DESCRIPTIVE_SAMPLE,without_best,1,196.07658969487957,"descriptive deletion of net PnL; no resimulation, return or drawdown"
atr,eth_short_regime_challenge_v1_atr,20261007T203617Z-52e2dc923989,51efacabf2a74d4c94ee337028e792bc,cf431489718e192b,ETHUSDT,1h,SHORT_ONLY,diagnostic_year_2026,base,49,15,34,0,-581.9834634474022,-11.877213539742902,0.7145248962951962,30.612244897959183,-45.06605407986747,DESCRIPTIVE_SAMPLE,without_top_5pct,3,560.2326620440147,"descriptive deletion of net PnL; no resimulation, return or drawdown"
atr,eth_short_regime_challenge_v1_atr,20261007T203617Z-52e2dc923989,51efacabf2a74d4c94ee337028e792bc,cf431489718e192b,ETHUSDT,1h,SHORT_ONLY,diagnostic_year_2026,base,46,12,34,0,-1046.943331408091,-22.759637639306323,0.48645232231106333,26.08695652173913,-47.112031319714916,DESCRIPTIVE_SAMPLE,without_top_10pct,6,1025.1925300047033,"descriptive deletion of net PnL; no resimulation, return or drawdown"
atr,eth_short_regime_challenge_v1_atr,20261007T203617Z-52e2dc923989,f1790797538d49c5a4b2ab6cab472a16,cf431489718e192b,ETHUSDT,1h,SHORT_ONLY,diagnostic_year_2026,adverse,52,18,34,0,-187.54365996200437,-3.606608845423161,0.9117537862484733,34.61538461538461,-47.63209274519441,DESCRIPTIVE_SAMPLE,complete,0,0.0,"descriptive deletion of net PnL; no resimulation, return or drawdown"
atr,eth_short_regime_challenge_v1_atr,20261007T203617Z-52e2dc923989,f1790797538d49c5a4b2ab6cab472a16,cf431489718e192b,ETHUSDT,1h,SHORT_ONLY,diagnostic_year_2026,adverse,51,17,34,0,-376.3538063935889,-7.379486399874293,0.8229116438703504,33.333333333333336,-48.0057401236489,DESCRIPTIVE_SAMPLE,without_best,1,188.81014643158457,"descriptive deletion of net PnL; no resimulation, return or drawdown"
atr,eth_short_regime_challenge_v1_atr,20261007T203617Z-52e2dc923989,f1790797538d49c5a4b2ab6cab472a16,cf431489718e192b,ETHUSDT,1h,SHORT_ONLY,diagnostic_year_2026,adverse,49,15,34,0,-729.0408246985195,-14.878384177520806,0.656959385014834,30.612244897959183,-48.46652119250619,DESCRIPTIVE_SAMPLE,without_top_5pct,3,541.4971647365152,"descriptive deletion of net PnL; no resimulation, return or drawdown"
atr,eth_short_regime_challenge_v1_atr,20261007T203617Z-52e2dc923989,f1790797538d49c5a4b2ab6cab472a16,cf431489718e192b,ETHUSDT,1h,SHORT_ONLY,diagnostic_year_2026,adverse,46,12,34,0,-1181.5705153927884,-25.68631555201714,0.4440274638717295,26.08695652173913,-49.90188830798145,DESCRIPTIVE_SAMPLE,without_top_10pct,6,994.0268554307842,"descriptive deletion of net PnL; no resimulation, return or drawdown"
atr,eth_short_regime_challenge_v1_atr,20261007T203617Z-52e2dc923989,142ebd2d2ca94c4db548ef4cf3657fce,b189830689073f8b,ETHUSDT,1h,SHORT_ONLY,diagnostic_year_2026,base,44,15,29,0,-98.74180933794756,-2.244132030407899,0.9432824524943917,34.09090909090909,-44.62451832938878,DESCRIPTIVE_SAMPLE,complete,0,0.0,"descriptive deletion of net PnL; no resimulation, return or drawdown"
atr,eth_short_regime_challenge_v1_atr,20261007T203617Z-52e2dc923989,142ebd2d2ca94c4db548ef4cf3657fce,b189830689073f8b,ETHUSDT,1h,SHORT_ONLY,diagnostic_year_2026,base,43,14,29,0,-283.44892945723916,-6.5918355687730035,0.8371862108898346,32.55813953488372,-45.06605407986747,DESCRIPTIVE_SAMPLE,without_best,1,184.7071201192915,"descriptive deletion of net PnL; no resimulation, return or drawdown"
atr,eth_short_regime_challenge_v1_atr,20261007T203617Z-52e2dc923989,142ebd2d2ca94c4db548ef4cf3657fce,b189830689073f8b,ETHUSDT,1h,SHORT_ONLY,diagnostic_year_2026,base,41,12,29,0,-627.9028845358908,-15.314704500875386,0.6393309792340787,29.26829268292683,-46.37396307369005,DESCRIPTIVE_SAMPLE,without_top_5pct,3,529.1610751979432,"descriptive deletion of net PnL; no resimulation, return or drawdown"
atr,eth_short_regime_challenge_v1_atr,20261007T203617Z-52e2dc923989,142ebd2d2ca94c4db548ef4cf3657fce,b189830689073f8b,ETHUSDT,1h,SHORT_ONLY,diagnostic_year_2026,base,39,10,29,0,-917.3109830009469,-23.520794435921715,0.47309422822397434,25.641025641025642,-47.029755472531534,DESCRIPTIVE_SAMPLE,without_top_10pct,5,818.5691736629992,"descriptive deletion of net PnL; no resimulation, return or drawdown"
atr,eth_short_regime_challenge_v1_atr,20261007T203617Z-52e2dc923989,39c8ffc1b7324d42b41a1e2157f04cf9,b189830689073f8b,ETHUSDT,1h,SHORT_ONLY,diagnostic_year_2026,adverse,44,15,29,0,-237.25874395396676,-5.392244180771971,0.8694689217518482,34.09090909090909,-47.92150332257721,DESCRIPTIVE_SAMPLE,complete,0,0.0,"descriptive deletion of net PnL; no resimulation, return or drawdown"
atr,eth_short_regime_challenge_v1_atr,20261007T203617Z-52e2dc923989,39c8ffc1b7324d42b41a1e2157f04cf9,b189830689073f8b,ETHUSDT,1h,SHORT_ONLY,diagnostic_year_2026,adverse,43,14,29,0,-416.00318553134264,-9.67449268677541,0.7711302712931509,32.55813953488372,-48.46652119250619,DESCRIPTIVE_SAMPLE,without_best,1,178.74444157737597,"descriptive deletion of net PnL; no resimulation, return or drawdown"
atr,eth_short_regime_challenge_v1_atr,20261007T203617Z-52e2dc923989,39c8ffc1b7324d42b41a1e2157f04cf9,b189830689073f8b,ETHUSDT,1h,SHORT_ONLY,diagnostic_year_2026,adverse,41,12,29,0,-751.6693982141469,-18.33339995644261,0.5864590050511747,29.26829268292683,-49.38390820190835,DESCRIPTIVE_SAMPLE,without_top_5pct,3,514.41065426018,"descriptive deletion of net PnL; no resimulation, return or drawdown"
atr,eth_short_regime_challenge_v1_atr,20261007T203617Z-52e2dc923989,39c8ffc1b7324d42b41a1e2157f04cf9,b189830689073f8b,ETHUSDT,1h,SHORT_ONLY,diagnostic_year_2026,adverse,39,10,29,0,-1032.9872533736893,-26.486852650607418,0.43168821619646697,25.641025641025642,-49.76465438916521,DESCRIPTIVE_SAMPLE,without_top_10pct,5,795.7285094197227,"descriptive deletion of net PnL; no resimulation, return or drawdown"
atr,eth_short_regime_challenge_v1_atr,20261007T203617Z-52e2dc923989,74cc31f2cc504ff887dd5d2aa67d4ac0,817d1c5f49c84d4e,ETHUSDT,1h,SHORT_ONLY,diagnostic_year_2026,base,36,13,23,0,18.470405751478964,0.5130668264299713,1.013258394320742,36.111111111111114,-44.893311872392346,DESCRIPTIVE_SAMPLE,complete,0,0.0,"descriptive deletion of net PnL; no resimulation, return or drawdown"
atr,eth_short_regime_challenge_v1_atr,20261007T203617Z-52e2dc923989,74cc31f2cc504ff887dd5d2aa67d4ac0,817d1c5f49c84d4e,ETHUSDT,1h,SHORT_ONLY,diagnostic_year_2026,base,35,12,23,0,-167.0729353081349,-4.773512437375283,0.8800719980684953,34.285714285714285,-44.98664300882671,DESCRIPTIVE_SAMPLE,without_best,1,185.54334105961388,"descriptive deletion of net PnL; no resimulation, return or drawdown"
atr,eth_short_regime_challenge_v1_atr,20261007T203617Z-52e2dc923989,74cc31f2cc504ff887dd5d2aa67d4ac0,817d1c5f49c84d4e,ETHUSDT,1h,SHORT_ONLY,diagnostic_year_2026,base,34,11,23,0,-338.4426842917678,-9.9541965968167,0.7570596648667933,32.35294117647059,-46.28658082238911,DESCRIPTIVE_SAMPLE,without_top_5pct,2,356.9130900432468,"descriptive deletion of net PnL; no resimulation, return or drawdown"
atr,eth_short_regime_challenge_v1_atr,20261007T203617Z-52e2dc923989,74cc31f2cc504ff887dd5d2aa67d4ac0,817d1c5f49c84d4e,ETHUSDT,1h,SHORT_ONLY,diagnostic_year_2026,base,32,9,23,0,-631.1528097621139,-19.723525305066058,0.5469469950436668,28.125,-47.59728031108447,DESCRIPTIVE_SAMPLE,without_top_10pct,4,649.6232155135928,"descriptive deletion of net PnL; no resimulation, return or drawdown"
atr,eth_short_regime_challenge_v1_atr,20261007T203617Z-52e2dc923989,b50b0cbd211148ec988b0d82ec34453c,817d1c5f49c84d4e,ETHUSDT,1h,SHORT_ONLY,diagnostic_year_2026,adverse,36,13,23,0,-98.33948493665939,-2.7316523593516497,0.9325249062952913,36.111111111111114,-48.11425751869014,DESCRIPTIVE_SAMPLE,complete,0,0.0,"descriptive deletion of net PnL; no resimulation, return or drawdown"
atr,eth_short_regime_challenge_v1_atr,20261007T203617Z-52e2dc923989,b50b0cbd211148ec988b0d82ec34453c,817d1c5f49c84d4e,ETHUSDT,1h,SHORT_ONLY,diagnostic_year_2026,adverse,35,12,23,0,-277.9543856660421,-7.941553876172632,0.8092831355530173,34.285714285714285,-48.17404237963771,DESCRIPTIVE_SAMPLE,without_best,1,179.6149007293828,"descriptive deletion of net PnL; no resimulation, return or drawdown"
atr,eth_short_regime_challenge_v1_atr,20261007T203617Z-52e2dc923989,b50b0cbd211148ec988b0d82ec34453c,817d1c5f49c84d4e,ETHUSDT,1h,SHORT_ONLY,diagnostic_year_2026,adverse,34,11,23,0,-445.5824336517665,-13.105365695640192,0.6942660775253143,32.35294117647059,-49.323401859041894,DESCRIPTIVE_SAMPLE,without_top_5pct,2,347.2429487151071,"descriptive deletion of net PnL; no resimulation, return or drawdown"
atr,eth_short_regime_challenge_v1_atr,20261007T203617Z-52e2dc923989,b50b0cbd211148ec988b0d82ec34453c,817d1c5f49c84d4e,ETHUSDT,1h,SHORT_ONLY,diagnostic_year_2026,adverse,32,9,23,0,-730.3314768492833,-22.822858651540102,0.49888709639221185,28.125,-50.611496513924884,DESCRIPTIVE_SAMPLE,without_top_10pct,4,631.9919919126239,"descriptive deletion of net PnL; no resimulation, return or drawdown"
atr,eth_short_regime_challenge_v1_atr,20261007T203617Z-52e2dc923989,4e9485dd60f24e9bb53a0037b303629a,143528a8db38d8af,ETHUSDT,1h,SHORT_ONLY,diagnostic_year_2026,base,42,14,28,0,-16.619695112400308,-0.3957070264857216,0.989802878535599,33.333333333333336,-44.82667284217671,DESCRIPTIVE_SAMPLE,complete,0,0.0,"descriptive deletion of net PnL; no resimulation, return or drawdown"
atr,eth_short_regime_challenge_v1_atr,20261007T203617Z-52e2dc923989,4e9485dd60f24e9bb53a0037b303629a,143528a8db38d8af,ETHUSDT,1h,SHORT_ONLY,diagnostic_year_2026,base,41,13,28,0,-212.37844472559544,-5.1799620664779376,0.869693831165915,31.70731707317073,-45.06605407986747,DESCRIPTIVE_SAMPLE,without_best,1,195.7587496131952,"descriptive deletion of net PnL; no resimulation, return or drawdown"
atr,eth_short_regime_challenge_v1_atr,20261007T203617Z-52e2dc923989,4e9485dd60f24e9bb53a0037b303629a,143528a8db38d8af,ETHUSDT,1h,SHORT_ONLY,diagnostic_year_2026,base,39,11,28,0,-591.2185732745711,-15.159450596783874,0.6372540192273174,28.205128205128204,-46.834029606375786,DESCRIPTIVE_SAMPLE,without_top_5pct,3,574.5988781621708,"descriptive deletion of net PnL; no resimulation, return or drawdown"
atr,eth_short_regime_challenge_v1_atr,20261007T203617Z-52e2dc923989,4e9485dd60f24e9bb53a0037b303629a,143528a8db38d8af,ETHUSDT,1h,SHORT_ONLY,diagnostic_year_2026,base,37,9,28,0,-888.6919646875109,-24.018701748311106,0.45473729529525453,24.324324324324323,-47.57418458179471,DESCRIPTIVE_SAMPLE,without_top_10pct,5,872.0722695751108,"descriptive deletion of net PnL; no resimulation, return or drawdown"
atr,eth_short_regime_challenge_v1_atr,20261007T203617Z-52e2dc923989,a2043e1ce92d419489b05cb99f7af1fe,143528a8db38d8af,ETHUSDT,1h,SHORT_ONLY,diagnostic_year_2026,adverse,42,14,28,0,-161.95023852896838,-3.855958060213533,0.9051223346884149,33.333333333333336,-48.12239048235019,DESCRIPTIVE_SAMPLE,complete,0,0.0,"descriptive deletion of net PnL; no resimulation, return or drawdown"
atr,eth_short_regime_challenge_v1_atr,20261007T203617Z-52e2dc923989,a2043e1ce92d419489b05cb99f7af1fe,143528a8db38d8af,ETHUSDT,1h,SHORT_ONLY,diagnostic_year_2026,adverse,41,13,28,0,-349.6521766275078,-8.528101868963605,0.7951581764197404,31.70731707317073,-48.46652119250619,DESCRIPTIVE_SAMPLE,without_best,1,187.70193809853942,"descriptive deletion of net PnL; no resimulation, return or drawdown"
atr,eth_short_regime_challenge_v1_atr,20261007T203617Z-52e2dc923989,a2043e1ce92d419489b05cb99f7af1fe,143528a8db38d8af,ETHUSDT,1h,SHORT_ONLY,diagnostic_year_2026,adverse,39,11,28,0,-711.8310169798109,-18.252077358456688,0.582977675112623,28.205128205128204,-49.84072407362049,DESCRIPTIVE_SAMPLE,without_top_5pct,3,549.8807784508425,"descriptive deletion of net PnL; no resimulation, return or drawdown"
atr,eth_short_regime_challenge_v1_atr,20261007T203617Z-52e2dc923989,a2043e1ce92d419489b05cb99f7af1fe,143528a8db38d8af,ETHUSDT,1h,SHORT_ONLY,diagnostic_year_2026,adverse,37,9,28,0,-1000.9535942930772,-27.052799845758845,0.4135967876652467,24.324324324324323,-50.527244556008625,DESCRIPTIVE_SAMPLE,without_top_10pct,5,839.0033557641088,"descriptive deletion of net PnL; no resimulation, return or drawdown"
atr,eth_short_regime_challenge_v1_atr,20261007T203617Z-52e2dc923989,4605c5390db44f3e8bcbccfbb76d567e,49c4a234fbe24bab,ETHUSDT,1h,SHORT_ONLY,diagnostic_year_2026,base,32,10,22,0,-137.42362812740015,-4.294488378981255,0.8906017642571494,31.25,-44.814623441721025,DESCRIPTIVE_SAMPLE,complete,0,0.0,"descriptive deletion of net PnL; no resimulation, return or drawdown"
atr,eth_short_regime_challenge_v1_atr,20261007T203617Z-52e2dc923989,4605c5390db44f3e8bcbccfbb76d567e,49c4a234fbe24bab,ETHUSDT,1h,SHORT_ONLY,diagnostic_year_2026,base,31,9,22,0,-323.42073939876667,-10.43292707737957,0.7425358449998686,29.032258064516128,-45.06605407986747,DESCRIPTIVE_SAMPLE,without_best,1,185.99711127136666,"descriptive deletion of net PnL; no resimulation, return or drawdown"
atr,eth_short_regime_challenge_v1_atr,20261007T203617Z-52e2dc923989,4605c5390db44f3e8bcbccfbb76d567e,49c4a234fbe24bab,ETHUSDT,1h,SHORT_ONLY,diagnostic_year_2026,base,30,8,22,0,-497.9025483180987,-16.596751610603288,0.6036368628881436,26.666666666666668,-46.055466635971,DESCRIPTIVE_SAMPLE,without_top_5pct,2,360.47892019069855,"descriptive deletion of net PnL; no resimulation, return or drawdown"
atr,eth_short_regime_challenge_v1_atr,20261007T203617Z-52e2dc923989,4605c5390db44f3e8bcbccfbb76d567e,49c4a234fbe24bab,ETHUSDT,1h,SHORT_ONLY,diagnostic_year_2026,base,28,6,22,0,-773.0386393553208,-27.6085228341186,0.38461045994124654,21.428571428571427,-47.22899905253642,DESCRIPTIVE_SAMPLE,without_top_10pct,4,635.6150112279208,"descriptive deletion of net PnL; no resimulation, return or drawdown"
atr,eth_short_regime_challenge_v1_atr,20261007T203617Z-52e2dc923989,45c81c8cb85e43ceae137ec925712a62,49c4a234fbe24bab,ETHUSDT,1h,SHORT_ONLY,diagnostic_year_2026,adverse,32,10,22,0,-239.426271940949,-7.482070998154656,0.8183376865692904,31.25,-48.14946617436948,DESCRIPTIVE_SAMPLE,complete,0,0.0,"descriptive deletion of net PnL; no resimulation, return or drawdown"
atr,eth_short_regime_challenge_v1_atr,20261007T203617Z-52e2dc923989,45c81c8cb85e43ceae137ec925712a62,49c4a234fbe24bab,ETHUSDT,1h,SHORT_ONLY,diagnostic_year_2026,adverse,31,9,22,0,-419.4809577894014,-13.53164379965811,0.6817229762866329,29.032258064516128,-48.46652119250619,DESCRIPTIVE_SAMPLE,without_best,1,180.0546858484523,"descriptive deletion of net PnL; no resimulation, return or drawdown"
atr,eth_short_regime_challenge_v1_atr,20261007T203617Z-52e2dc923989,45c81c8cb85e43ceae137ec925712a62,49c4a234fbe24bab,ETHUSDT,1h,SHORT_ONLY,diagnostic_year_2026,adverse,30,8,22,0,-589.2902267521454,-19.643007558404847,0.5528818746327683,26.666666666666668,-49.31634238032484,DESCRIPTIVE_SAMPLE,without_top_5pct,2,349.8639548111963,"descriptive deletion of net PnL; no resimulation, return or drawdown"
atr,eth_short_regime_challenge_v1_atr,20261007T203617Z-52e2dc923989,45c81c8cb85e43ceae137ec925712a62,49c4a234fbe24bab,ETHUSDT,1h,SHORT_ONLY,diagnostic_year_2026,adverse,28,6,22,0,-857.298700493387,-30.617810731906676,0.34953309855995923,21.428571428571427,-50.32026440120576,DESCRIPTIVE_SAMPLE,without_top_10pct,4,617.8724285524379,"descriptive deletion of net PnL; no resimulation, return or drawdown"
atr,eth_short_regime_challenge_v1_atr,20261007T203617Z-52e2dc923989,8249f652710a4752b4302af0d3799317,cfd1f51b4fb4e68c,ETHUSDT,1h,SHORT_ONLY,diagnostic_year_2026,base,26,9,17,0,-6.057500881225991,-0.23298080312407657,0.9936676511478029,34.61538461538461,-44.82681210580856,DESCRIPTIVE_SAMPLE,complete,0,0.0,"descriptive deletion of net PnL; no resimulation, return or drawdown"
atr,eth_short_regime_challenge_v1_atr,20261007T203617Z-52e2dc923989,8249f652710a4752b4302af0d3799317,cfd1f51b4fb4e68c,ETHUSDT,1h,SHORT_ONLY,diagnostic_year_2026,base,25,8,17,0,-192.89653865156964,-7.7158615460627855,0.798351135381779,32.0,-44.91998403188226,DESCRIPTIVE_SAMPLE,without_best,1,186.8390377703437,"descriptive deletion of net PnL; no resimulation, return or drawdown"
atr,eth_short_regime_challenge_v1_atr,20261007T203617Z-52e2dc923989,8249f652710a4752b4302af0d3799317,cfd1f51b4fb4e68c,ETHUSDT,1h,SHORT_ONLY,diagnostic_year_2026,base,24,7,17,0,-348.21308586324113,-14.508878577635047,0.6359873852564939,29.166666666666668,-46.22876459806676,DESCRIPTIVE_SAMPLE,without_top_5pct,2,342.1555849820152,"descriptive deletion of net PnL; no resimulation, return or drawdown"
atr,eth_short_regime_challenge_v1_atr,20261007T203617Z-52e2dc923989,8249f652710a4752b4302af0d3799317,cfd1f51b4fb4e68c,ETHUSDT,1h,SHORT_ONLY,diagnostic_year_2026,base,23,6,17,0,-469.27827604635013,-20.40340330636305,0.509429084543231,26.08695652173913,-47.53754516425127,DESCRIPTIVE_SAMPLE,without_top_10pct,3,463.22077516512417,"descriptive deletion of net PnL; no resimulation, return or drawdown"
atr,eth_short_regime_challenge_v1_atr,20261007T203617Z-52e2dc923989,5b6571e32a7d4f93acb9b9a09b9232c4,cfd1f51b4fb4e68c,ETHUSDT,1h,SHORT_ONLY,diagnostic_year_2026,adverse,26,9,17,0,-92.70693662072006,-3.565651408489233,0.9080181117728701,34.61538461538461,-48.091505067031335,DESCRIPTIVE_SAMPLE,complete,0,0.0,"descriptive deletion of net PnL; no resimulation, return or drawdown"
atr,eth_short_regime_challenge_v1_atr,20261007T203617Z-52e2dc923989,5b6571e32a7d4f93acb9b9a09b9232c4,cfd1f51b4fb4e68c,ETHUSDT,1h,SHORT_ONLY,diagnostic_year_2026,adverse,25,8,17,0,-273.63856450938863,-10.945542580375545,0.7285015256376256,32.0,-48.151252107596065,DESCRIPTIVE_SAMPLE,without_best,1,180.93162788866857,"descriptive deletion of net PnL; no resimulation, return or drawdown"
atr,eth_short_regime_challenge_v1_atr,20261007T203617Z-52e2dc923989,5b6571e32a7d4f93acb9b9a09b9232c4,cfd1f51b4fb4e68c,ETHUSDT,1h,SHORT_ONLY,diagnostic_year_2026,adverse,24,7,17,0,-425.51844055766486,-17.729935023236035,0.5778094815268667,29.166666666666668,-49.43873610470024,DESCRIPTIVE_SAMPLE,without_top_5pct,2,332.81150393694486,"descriptive deletion of net PnL; no resimulation, return or drawdown"
atr,eth_short_regime_challenge_v1_atr,20261007T203617Z-52e2dc923989,5b6571e32a7d4f93acb9b9a09b9232c4,cfd1f51b4fb4e68c,ETHUSDT,1h,SHORT_ONLY,diagnostic_year_2026,adverse,23,6,17,0,-542.9522690823184,-23.606620394883407,0.46129408706797576,26.08695652173913,-50.72622010180442,DESCRIPTIVE_SAMPLE,without_top_10pct,3,450.2453324615983,"descriptive deletion of net PnL; no resimulation, return or drawdown"
atr,eth_short_regime_challenge_v1_atr,20261007T203617Z-52e2dc923989,6de2c59260ed46b4af56ca4badc1476e,cf431489718e192b,ETHUSDT,1h,SHORT_ONLY,wf_0_train,base,86,30,56,0,-429.296168739815,-4.991815915579244,0.8384172792855591,34.883720930232556,-31.643275395532065,DESCRIPTIVE_SAMPLE,complete,0,0.0,"descriptive deletion of net PnL; no resimulation, return or drawdown"
atr,eth_short_regime_challenge_v1_atr,20261007T203617Z-52e2dc923989,6de2c59260ed46b4af56ca4badc1476e,cf431489718e192b,ETHUSDT,1h,SHORT_ONLY,wf_0_train,base,85,29,56,0,-603.6067269904083,-7.101255611651863,0.7728085543485002,34.11764705882353,-31.943814110930795,DESCRIPTIVE_SAMPLE,without_best,1,174.31055825059335,"descriptive deletion of net PnL; no resimulation, return or drawdown"
atr,eth_short_regime_challenge_v1_atr,20261007T203617Z-52e2dc923989,6de2c59260ed46b4af56ca4badc1476e,cf431489718e192b,ETHUSDT,1h,SHORT_ONLY,wf_0_train,base,81,25,56,0,-1186.22967321432,-14.644810780423704,0.5535151907998035,30.864197530864196,-33.36678855905841,DESCRIPTIVE_SAMPLE,without_top_5pct,5,756.9335044745048,"descriptive deletion of net PnL; no resimulation, return or drawdown"
atr,eth_short_regime_challenge_v1_atr,20261007T203617Z-52e2dc923989,6de2c59260ed46b4af56ca4badc1476e,cf431489718e192b,ETHUSDT,1h,SHORT_ONLY,wf_0_train,base,77,21,56,0,-1566.7030097964878,-20.346792335019323,0.4103088885755972,27.272727272727273,-33.763841082567566,DESCRIPTIVE_SAMPLE,without_top_10pct,9,1137.4068410566729,"descriptive deletion of net PnL; no resimulation, return or drawdown"
atr,eth_short_regime_challenge_v1_atr,20261007T203617Z-52e2dc923989,8f5e8097d7ec4a5a8cf0e0d523ae2a6a,cf431489718e192b,ETHUSDT,1h,SHORT_ONLY,wf_0_train,adverse,85,30,55,0,-619.6193390955652,-7.289639283477238,0.7715757104538588,35.294117647058826,-34.4946120634461,DESCRIPTIVE_SAMPLE,complete,0,0.0,"descriptive deletion of net PnL; no resimulation, return or drawdown"
atr,eth_short_regime_challenge_v1_atr,20261007T203617Z-52e2dc923989,8f5e8097d7ec4a5a8cf0e0d523ae2a6a,cf431489718e192b,ETHUSDT,1h,SHORT_ONLY,wf_0_train,adverse,84,29,55,0,-782.5695379162288,-9.316304022812247,0.7115036935743602,34.523809523809526,-34.51413989751211,DESCRIPTIVE_SAMPLE,without_best,1,162.9501988206635,"descriptive deletion of net PnL; no resimulation, return or drawdown"
atr,eth_short_regime_challenge_v1_atr,20261007T203617Z-52e2dc923989,8f5e8097d7ec4a5a8cf0e0d523ae2a6a,cf431489718e192b,ETHUSDT,1h,SHORT_ONLY,wf_0_train,adverse,80,25,55,0,-1340.5788036557324,-16.757235045696653,0.5057921186697376,31.25,-35.935763861279604,DESCRIPTIVE_SAMPLE,without_top_5pct,5,720.959464560167,"descriptive deletion of net PnL; no resimulation, return or drawdown"
atr,eth_short_regime_challenge_v1_atr,20261007T203617Z-52e2dc923989,8f5e8097d7ec4a5a8cf0e0d523ae2a6a,cf431489718e192b,ETHUSDT,1h,SHORT_ONLY,wf_0_train,adverse,76,21,55,0,-1701.8905936938086,-22.39329728544485,0.37259358250951796,27.63157894736842,-36.73624974602887,DESCRIPTIVE_SAMPLE,without_top_10pct,9,1082.2712545982433,"descriptive deletion of net PnL; no resimulation, return or drawdown"
atr,eth_short_regime_challenge_v1_atr,20261007T203617Z-52e2dc923989,4bfe1c1085b541268739d5018270d7c6,b189830689073f8b,ETHUSDT,1h,SHORT_ONLY,wf_0_train,base,75,29,46,0,120.62469730311624,1.608329297374883,1.0541214963616279,38.666666666666664,-28.562380955631046,DESCRIPTIVE_SAMPLE,complete,0,0.0,"descriptive deletion of net PnL; no resimulation, return or drawdown"
atr,eth_short_regime_challenge_v1_atr,20261007T203617Z-52e2dc923989,4bfe1c1085b541268739d5018270d7c6,b189830689073f8b,ETHUSDT,1h,SHORT_ONLY,wf_0_train,base,74,28,46,0,-60.743317838505746,-0.8208556464662938,0.9727458859678736,37.83783783783784,-29.23360621354857,DESCRIPTIVE_SAMPLE,without_best,1,181.3680151416219,"descriptive deletion of net PnL; no resimulation, return or drawdown"
atr,eth_short_regime_challenge_v1_atr,20261007T203617Z-52e2dc923989,4bfe1c1085b541268739d5018270d7c6,b189830689073f8b,ETHUSDT,1h,SHORT_ONLY,wf_0_train,base,71,25,46,0,-556.7140480666231,-7.841042930515819,0.7502153538989536,35.2112676056338,-31.250731616007382,DESCRIPTIVE_SAMPLE,without_top_5pct,4,677.3387453697393,"descriptive deletion of net PnL; no resimulation, return or drawdown"
atr,eth_short_regime_challenge_v1_atr,20261007T203617Z-52e2dc923989,4bfe1c1085b541268739d5018270d7c6,b189830689073f8b,ETHUSDT,1h,SHORT_ONLY,wf_0_train,base,67,21,46,0,-1012.8951894321153,-15.117838648240527,0.5455374849828191,31.34328358208955,-33.756454690603306,DESCRIPTIVE_SAMPLE,without_top_10pct,8,1133.5198867352315,"descriptive deletion of net PnL; no resimulation, return or drawdown"
atr,eth_short_regime_challenge_v1_atr,20261007T203617Z-52e2dc923989,42d5c93b38584496b43ba067d53122eb,b189830689073f8b,ETHUSDT,1h,SHORT_ONLY,wf_0_train,adverse,74,29,45,0,-46.68192598194517,-0.6308368375938537,0.9793951338784945,39.189189189189186,-31.69042420649394,DESCRIPTIVE_SAMPLE,complete,0,0.0,"descriptive deletion of net PnL; no resimulation, return or drawdown"
atr,eth_short_regime_challenge_v1_atr,20261007T203617Z-52e2dc923989,42d5c93b38584496b43ba067d53122eb,b189830689073f8b,ETHUSDT,1h,SHORT_ONLY,wf_0_train,adverse,73,28,45,0,-216.809201189583,-2.969989057391548,0.9043029080216255,38.35616438356164,-31.803837965463728,DESCRIPTIVE_SAMPLE,without_best,1,170.12727520763775,"descriptive deletion of net PnL; no resimulation, return or drawdown"
atr,eth_short_regime_challenge_v1_atr,20261007T203617Z-52e2dc923989,42d5c93b38584496b43ba067d53122eb,b189830689073f8b,ETHUSDT,1h,SHORT_ONLY,wf_0_train,adverse,70,25,45,0,-694.5033335722266,-9.921476193888951,0.6934542029236427,35.714285714285715,-33.84528095177308,DESCRIPTIVE_SAMPLE,without_top_5pct,4,647.8214075902813,"descriptive deletion of net PnL; no resimulation, return or drawdown"
atr,eth_short_regime_challenge_v1_atr,20261007T203617Z-52e2dc923989,42d5c93b38584496b43ba067d53122eb,b189830689073f8b,ETHUSDT,1h,SHORT_ONLY,wf_0_train,adverse,66,21,45,0,-1130.3613609534602,-17.126687287173638,0.5010714742065977,31.818181818181817,-35.83676431200976,DESCRIPTIVE_SAMPLE,without_top_10pct,8,1083.679434971515,"descriptive deletion of net PnL; no resimulation, return or drawdown"
atr,eth_short_regime_challenge_v1_atr,20261007T203617Z-52e2dc923989,ec519d6227a9411a9150c1b6f0a854fd,817d1c5f49c84d4e,ETHUSDT,1h,SHORT_ONLY,wf_0_train,base,63,26,37,0,373.1763987316732,5.923434900502749,1.207627306593175,41.26984126984127,-25.670352672377295,DESCRIPTIVE_SAMPLE,complete,0,0.0,"descriptive deletion of net PnL; no resimulation, return or drawdown"
atr,eth_short_regime_challenge_v1_atr,20261007T203617Z-52e2dc923989,ec519d6227a9411a9150c1b6f0a854fd,817d1c5f49c84d4e,ETHUSDT,1h,SHORT_ONLY,wf_0_train,base,62,25,37,0,189.77423774798757,3.060874802386896,1.1055862963957674,40.32258064516129,-26.327286921925655,DESCRIPTIVE_SAMPLE,without_best,1,183.40216098368543,"descriptive deletion of net PnL; no resimulation, return or drawdown"
atr,eth_short_regime_challenge_v1_atr,20261007T203617Z-52e2dc923989,ec519d6227a9411a9150c1b6f0a854fd,817d1c5f49c84d4e,ETHUSDT,1h,SHORT_ONLY,wf_0_train,base,59,22,37,0,-311.75901218776556,-5.284051054029924,0.8265440037829468,37.28813559322034,-27.78019134800762,DESCRIPTIVE_SAMPLE,without_top_5pct,4,684.9354109194387,"descriptive deletion of net PnL; no resimulation, return or drawdown"
atr,eth_short_regime_challenge_v1_atr,20261007T203617Z-52e2dc923989,ec519d6227a9411a9150c1b6f0a854fd,817d1c5f49c84d4e,ETHUSDT,1h,SHORT_ONLY,wf_0_train,base,56,19,37,0,-663.9172652244458,-11.855665450436533,0.6306107405297745,33.92857142857143,-30.828292398316457,DESCRIPTIVE_SAMPLE,without_top_10pct,7,1037.0936639561191,"descriptive deletion of net PnL; no resimulation, return or drawdown"
atr,eth_short_regime_challenge_v1_atr,20261007T203617Z-52e2dc923989,4fc3b49a093c451c8d49f2d42da78371,817d1c5f49c84d4e,ETHUSDT,1h,SHORT_ONLY,wf_0_train,adverse,63,26,37,0,156.1395148581882,2.478404997749019,1.082369518311072,41.26984126984127,-28.787819766587816,DESCRIPTIVE_SAMPLE,complete,0,0.0,"descriptive deletion of net PnL; no resimulation, return or drawdown"
atr,eth_short_regime_challenge_v1_atr,20261007T203617Z-52e2dc923989,4fc3b49a093c451c8d49f2d42da78371,817d1c5f49c84d4e,ETHUSDT,1h,SHORT_ONLY,wf_0_train,adverse,62,25,37,0,-16.303955306643957,-0.26296702107490255,0.9913990449733804,40.32258064516129,-29.424870077344977,DESCRIPTIVE_SAMPLE,without_best,1,172.44347016483204,"descriptive deletion of net PnL; no resimulation, return or drawdown"
atr,eth_short_regime_challenge_v1_atr,20261007T203617Z-52e2dc923989,4fc3b49a093c451c8d49f2d42da78371,817d1c5f49c84d4e,ETHUSDT,1h,SHORT_ONLY,wf_0_train,adverse,59,22,37,0,-500.50241807174035,-8.483091831724412,0.7359659844752364,37.28813559322034,-30.681551505786715,DESCRIPTIVE_SAMPLE,without_top_5pct,4,656.6419329299285,"descriptive deletion of net PnL; no resimulation, return or drawdown"
atr,eth_short_regime_challenge_v1_atr,20261007T203617Z-52e2dc923989,4fc3b49a093c451c8d49f2d42da78371,817d1c5f49c84d4e,ETHUSDT,1h,SHORT_ONLY,wf_0_train,adverse,56,19,37,0,-837.8308246457401,-14.961264725816788,0.5580124511407842,33.92857142857143,-34.130408719433774,DESCRIPTIVE_SAMPLE,without_top_10pct,7,993.9703395039282,"descriptive deletion of net PnL; no resimulation, return or drawdown"
atr,eth_short_regime_challenge_v1_atr,20261007T203617Z-52e2dc923989,040d91dc95674bc9917fb6c4a04c8d01,143528a8db38d8af,ETHUSDT,1h,SHORT_ONLY,wf_0_train,base,67,23,44,0,-420.0122470130034,-6.268839507656767,0.8066847557240635,34.32835820895522,-32.24083326174259,DESCRIPTIVE_SAMPLE,complete,0,0.0,"descriptive deletion of net PnL; no resimulation, return or drawdown"
atr,eth_short_regime_challenge_v1_atr,20261007T203617Z-52e2dc923989,040d91dc95674bc9917fb6c4a04c8d01,143528a8db38d8af,ETHUSDT,1h,SHORT_ONLY,wf_0_train,base,66,22,44,0,-595.9434625312169,-9.029446401988135,0.7257104837938143,33.333333333333336,-32.50865439693572,DESCRIPTIVE_SAMPLE,without_best,1,175.9312155182136,"descriptive deletion of net PnL; no resimulation, return or drawdown"
atr,eth_short_regime_challenge_v1_atr,20261007T203617Z-52e2dc923989,040d91dc95674bc9917fb6c4a04c8d01,143528a8db38d8af,ETHUSDT,1h,SHORT_ONLY,wf_0_train,base,63,19,44,0,-1041.4653640178008,-16.531196254250805,0.5206541412022321,30.158730158730158,-33.683753104072714,DESCRIPTIVE_SAMPLE,without_top_5pct,4,621.453117004797,"descriptive deletion of net PnL; no resimulation, return or drawdown"
atr,eth_short_regime_challenge_v1_atr,20261007T203617Z-52e2dc923989,040d91dc95674bc9917fb6c4a04c8d01,143528a8db38d8af,ETHUSDT,1h,SHORT_ONLY,wf_0_train,base,60,16,44,0,-1340.70355203066,-22.345059200511,0.3829264824880239,26.666666666666668,-35.342106347283156,DESCRIPTIVE_SAMPLE,without_top_10pct,7,920.6913050176565,"descriptive deletion of net PnL; no resimulation, return or drawdown"
atr,eth_short_regime_challenge_v1_atr,20261007T203617Z-52e2dc923989,201b6099ed0144ab98da7a8e2aed93e9,143528a8db38d8af,ETHUSDT,1h,SHORT_ONLY,wf_0_train,adverse,67,23,44,0,-630.6042792350815,-9.412004167687785,0.7235902102661864,34.32835820895522,-34.88641211421846,DESCRIPTIVE_SAMPLE,complete,0,0.0,"descriptive deletion of net PnL; no resimulation, return or drawdown"
atr,eth_short_regime_challenge_v1_atr,20261007T203617Z-52e2dc923989,201b6099ed0144ab98da7a8e2aed93e9,143528a8db38d8af,ETHUSDT,1h,SHORT_ONLY,wf_0_train,adverse,66,22,44,0,-795.6821004845917,-12.055789401281693,0.6512324300166756,33.333333333333336,-35.5132341197733,DESCRIPTIVE_SAMPLE,without_best,1,165.07782124951,"descriptive deletion of net PnL; no resimulation, return or drawdown"
atr,eth_short_regime_challenge_v1_atr,20261007T203617Z-52e2dc923989,201b6099ed0144ab98da7a8e2aed93e9,143528a8db38d8af,ETHUSDT,1h,SHORT_ONLY,wf_0_train,adverse,63,19,44,0,-1224.3997074101537,-19.43491599063736,0.46331467004013366,30.158730158730158,-36.33255071600572,DESCRIPTIVE_SAMPLE,without_top_5pct,4,593.795428175072,"descriptive deletion of net PnL; no resimulation, return or drawdown"
atr,eth_short_regime_challenge_v1_atr,20261007T203617Z-52e2dc923989,201b6099ed0144ab98da7a8e2aed93e9,143528a8db38d8af,ETHUSDT,1h,SHORT_ONLY,wf_0_train,adverse,60,16,44,0,-1509.0741382542087,-25.151235637570146,0.33853467383134656,26.666666666666668,-38.11549655516308,DESCRIPTIVE_SAMPLE,without_top_10pct,7,878.469859019127,"descriptive deletion of net PnL; no resimulation, return or drawdown"
atr,eth_short_regime_challenge_v1_atr,20261007T203617Z-52e2dc923989,7858a8a8ce984bb7a02f02e3edc9230c,49c4a234fbe24bab,ETHUSDT,1h,SHORT_ONLY,wf_0_train,base,60,22,38,0,-268.94835347102986,-4.482472557850498,0.8630177409139977,36.666666666666664,-30.75320138009159,DESCRIPTIVE_SAMPLE,complete,0,0.0,"descriptive deletion of net PnL; no resimulation, return or drawdown"
atr,eth_short_regime_challenge_v1_atr,20261007T203617Z-52e2dc923989,7858a8a8ce984bb7a02f02e3edc9230c,49c4a234fbe24bab,ETHUSDT,1h,SHORT_ONLY,wf_0_train,base,59,21,38,0,-451.326782127653,-7.649606476739882,0.7701277535111545,35.59322033898305,-31.430011263126307,DESCRIPTIVE_SAMPLE,without_best,1,182.37842865662307,"descriptive deletion of net PnL; no resimulation, return or drawdown"
atr,eth_short_regime_challenge_v1_atr,20261007T203617Z-52e2dc923989,7858a8a8ce984bb7a02f02e3edc9230c,49c4a234fbe24bab,ETHUSDT,1h,SHORT_ONLY,wf_0_train,base,57,19,38,0,-782.9380959513226,-13.735756069321448,0.6012296497682122,33.333333333333336,-31.609285192628885,DESCRIPTIVE_SAMPLE,without_top_5pct,3,513.9897424802928,"descriptive deletion of net PnL; no resimulation, return or drawdown"
atr,eth_short_regime_challenge_v1_atr,20261007T203617Z-52e2dc923989,7858a8a8ce984bb7a02f02e3edc9230c,49c4a234fbe24bab,ETHUSDT,1h,SHORT_ONLY,wf_0_train,base,54,16,38,0,-1110.6559020702473,-20.567701890189763,0.4343146088486023,29.62962962962963,-36.28692382044366,DESCRIPTIVE_SAMPLE,without_top_10pct,6,841.7075485992173,"descriptive deletion of net PnL; no resimulation, return or drawdown"
atr,eth_short_regime_challenge_v1_atr,20261007T203617Z-52e2dc923989,d470a26c655f4efb837b5966648964f4,49c4a234fbe24bab,ETHUSDT,1h,SHORT_ONLY,wf_0_train,adverse,60,22,38,0,-460.2319980657012,-7.67053330109502,0.776435011528859,36.666666666666664,-34.06258771835118,DESCRIPTIVE_SAMPLE,complete,0,0.0,"descriptive deletion of net PnL; no resimulation, return or drawdown"
atr,eth_short_regime_challenge_v1_atr,20261007T203617Z-52e2dc923989,d470a26c655f4efb837b5966648964f4,49c4a234fbe24bab,ETHUSDT,1h,SHORT_ONLY,wf_0_train,adverse,59,21,38,0,-631.7695455469541,-10.707958399100917,0.6931079286963016,35.59322033898305,-34.747776135637324,DESCRIPTIVE_SAMPLE,without_best,1,171.5375474812529,"descriptive deletion of net PnL; no resimulation, return or drawdown"
atr,eth_short_regime_challenge_v1_atr,20261007T203617Z-52e2dc923989,d470a26c655f4efb837b5966648964f4,49c4a234fbe24bab,ETHUSDT,1h,SHORT_ONLY,wf_0_train,adverse,57,19,38,0,-952.2314706360029,-16.70581527431584,0.5374384687520035,33.333333333333336,-34.82347002788697,DESCRIPTIVE_SAMPLE,without_top_5pct,3,491.9994725703017,"descriptive deletion of net PnL; no resimulation, return or drawdown"
atr,eth_short_regime_challenge_v1_atr,20261007T203617Z-52e2dc923989,d470a26c655f4efb837b5966648964f4,49c4a234fbe24bab,ETHUSDT,1h,SHORT_ONLY,wf_0_train,adverse,54,16,38,0,-1265.477272462884,-23.43476430486822,0.385274355069359,29.62962962962963,-39.41323582191508,DESCRIPTIVE_SAMPLE,without_top_10pct,6,805.2452743971829,"descriptive deletion of net PnL; no resimulation, return or drawdown"
atr,eth_short_regime_challenge_v1_atr,20261007T203617Z-52e2dc923989,7cc6cf8a4c034bb2b1e4f9e04d01381c,cfd1f51b4fb4e68c,ETHUSDT,1h,SHORT_ONLY,wf_0_train,base,48,19,29,0,-26.109295866890875,-0.5439436638935599,0.9825320010382472,39.583333333333336,-28.666471099129303,DESCRIPTIVE_SAMPLE,complete,0,0.0,"descriptive deletion of net PnL; no resimulation, return or drawdown"
atr,eth_short_regime_challenge_v1_atr,20261007T203617Z-52e2dc923989,7cc6cf8a4c034bb2b1e4f9e04d01381c,cfd1f51b4fb4e68c,ETHUSDT,1h,SHORT_ONLY,wf_0_train,base,47,18,29,0,-211.66668280228646,-4.50354644260184,0.8583878548744519,38.297872340425535,-30.182058838325137,DESCRIPTIVE_SAMPLE,without_best,1,185.55738693539564,"descriptive deletion of net PnL; no resimulation, return or drawdown"
atr,eth_short_regime_challenge_v1_atr,20261007T203617Z-52e2dc923989,7cc6cf8a4c034bb2b1e4f9e04d01381c,cfd1f51b4fb4e68c,ETHUSDT,1h,SHORT_ONLY,wf_0_train,base,45,16,29,0,-552.4660900981412,-12.277024224403137,0.6303815645800016,35.55555555555556,-31.6365223755827,DESCRIPTIVE_SAMPLE,without_top_5pct,3,526.3567942312504,"descriptive deletion of net PnL; no resimulation, return or drawdown"
atr,eth_short_regime_challenge_v1_atr,20261007T203617Z-52e2dc923989,7cc6cf8a4c034bb2b1e4f9e04d01381c,cfd1f51b4fb4e68c,ETHUSDT,1h,SHORT_ONLY,wf_0_train,base,43,14,29,0,-767.128328464266,-17.84019368521549,0.4867652918155552,32.55813953488372,-31.719798640737793,DESCRIPTIVE_SAMPLE,without_top_10pct,5,741.0190325973751,"descriptive deletion of net PnL; no resimulation, return or drawdown"
atr,eth_short_regime_challenge_v1_atr,20261007T203617Z-52e2dc923989,967924573659404db674122b02fbfa2e,cfd1f51b4fb4e68c,ETHUSDT,1h,SHORT_ONLY,wf_0_train,adverse,48,19,29,0,-185.70721173283533,-3.8689002444340694,0.8819323701527122,39.583333333333336,-31.90242848376643,DESCRIPTIVE_SAMPLE,complete,0,0.0,"descriptive deletion of net PnL; no resimulation, return or drawdown"
atr,eth_short_regime_challenge_v1_atr,20261007T203617Z-52e2dc923989,967924573659404db674122b02fbfa2e,cfd1f51b4fb4e68c,ETHUSDT,1h,SHORT_ONLY,wf_0_train,adverse,47,18,29,0,-360.5911023593182,-7.672151114028047,0.770745915560705,38.297872340425535,-33.506071113817534,DESCRIPTIVE_SAMPLE,without_best,1,174.88389062648292,"descriptive deletion of net PnL; no resimulation, return or drawdown"
atr,eth_short_regime_challenge_v1_atr,20261007T203617Z-52e2dc923989,967924573659404db674122b02fbfa2e,cfd1f51b4fb4e68c,ETHUSDT,1h,SHORT_ONLY,wf_0_train,adverse,45,16,29,0,-690.6046926682848,-15.346770948184107,0.5609321874798141,35.55555555555556,-34.980659851915085,DESCRIPTIVE_SAMPLE,without_top_5pct,3,504.8974809354495,"descriptive deletion of net PnL; no resimulation, return or drawdown"
atr,eth_short_regime_challenge_v1_atr,20261007T203617Z-52e2dc923989,967924573659404db674122b02fbfa2e,cfd1f51b4fb4e68c,ETHUSDT,1h,SHORT_ONLY,wf_0_train,adverse,43,14,29,0,-896.297136176057,-20.844119445954814,0.43015848700878484,32.55813953488372,-34.999890267024995,DESCRIPTIVE_SAMPLE,without_top_10pct,5,710.5899244432218,"descriptive deletion of net PnL; no resimulation, return or drawdown"
atr,eth_short_regime_challenge_v1_atr,20261007T203617Z-52e2dc923989,d51c445604a546df9ee2219bffb8ffb9,817d1c5f49c84d4e,ETHUSDT,1h,SHORT_ONLY,wf_0_test,base,21,8,13,0,21.998127616692045,1.047529886509145,1.0238388818511373,38.095238095238095,-48.828377063773566,DESCRIPTIVE_SAMPLE,complete,0,0.0,"descriptive deletion of net PnL; no resimulation, return or drawdown"
atr,eth_short_regime_challenge_v1_atr,20261007T203617Z-52e2dc923989,d51c445604a546df9ee2219bffb8ffb9,817d1c5f49c84d4e,ETHUSDT,1h,SHORT_ONLY,wf_0_test,base,20,7,13,0,-178.02111877135974,-8.901055938567987,0.8070824712291645,35.0,-52.901409959155565,DESCRIPTIVE_SAMPLE,without_best,1,200.01924638805178,"descriptive deletion of net PnL; no resimulation, return or drawdown"
atr,eth_short_regime_challenge_v1_atr,20261007T203617Z-52e2dc923989,d51c445604a546df9ee2219bffb8ffb9,817d1c5f49c84d4e,ETHUSDT,1h,SHORT_ONLY,wf_0_test,base,19,6,13,0,-321.7840448915373,-16.93600236271249,0.651289784230105,31.57894736842105,-56.974442854537564,INSUFFICIENT_SAMPLE,without_top_5pct,2,343.78217250822934,"descriptive deletion of net PnL; no resimulation, return or drawdown"
atr,eth_short_regime_challenge_v1_atr,20261007T203617Z-52e2dc923989,d51c445604a546df9ee2219bffb8ffb9,817d1c5f49c84d4e,ETHUSDT,1h,SHORT_ONLY,wf_0_test,base,18,5,13,0,-438.0712904627909,-24.337293914599496,0.5252718814216957,27.77777777777778,-57.08602196805631,INSUFFICIENT_SAMPLE,without_top_10pct,3,460.06941807948283,"descriptive deletion of net PnL; no resimulation, return or drawdown"
atr,eth_short_regime_challenge_v1_atr,20261007T203617Z-52e2dc923989,10330140299f4fd49bb523ff46eb0807,817d1c5f49c84d4e,ETHUSDT,1h,SHORT_ONLY,wf_0_test,adverse,21,8,13,0,-45.9612569074005,-2.1886312813047857,0.9519958413396945,38.095238095238095,-52.121309853992436,DESCRIPTIVE_SAMPLE,complete,0,0.0,"descriptive deletion of net PnL; no resimulation, return or drawdown"
atr,eth_short_regime_challenge_v1_atr,20261007T203617Z-52e2dc923989,10330140299f4fd49bb523ff46eb0807,817d1c5f49c84d4e,ETHUSDT,1h,SHORT_ONLY,wf_0_test,adverse,20,7,13,0,-237.53343637385484,-11.876671818692742,0.7519085957594406,35.0,-56.199814687555424,DESCRIPTIVE_SAMPLE,without_best,1,191.57217946645434,"descriptive deletion of net PnL; no resimulation, return or drawdown"
atr,eth_short_regime_challenge_v1_atr,20261007T203617Z-52e2dc923989,10330140299f4fd49bb523ff46eb0807,817d1c5f49c84d4e,ETHUSDT,1h,SHORT_ONLY,wf_0_test,adverse,19,6,13,0,-377.56196286433953,-19.87168225601787,0.6056560331682798,31.57894736842105,-60.27831952111841,INSUFFICIENT_SAMPLE,without_top_5pct,2,331.600705956939,"descriptive deletion of net PnL; no resimulation, return or drawdown"
atr,eth_short_regime_challenge_v1_atr,20261007T203617Z-52e2dc923989,10330140299f4fd49bb523ff46eb0807,817d1c5f49c84d4e,ETHUSDT,1h,SHORT_ONLY,wf_0_test,adverse,18,5,13,0,-490.24459246859976,-27.235810692699985,0.4879648472922824,27.77777777777778,-60.322321125888095,INSUFFICIENT_SAMPLE,without_top_10pct,3,444.2833355611993,"descriptive deletion of net PnL; no resimulation, return or drawdown"
atr,eth_short_regime_challenge_v1_atr,20261007T203617Z-52e2dc923989,378b643ff2df4867928b6cf0098e84e8,cf431489718e192b,ETHUSDT,1h,SHORT_ONLY,wf_1_train,base,82,30,52,0,-154.42324787874472,-1.8832103399846918,0.9512660773267333,36.58536585365854,-43.672537619762835,DESCRIPTIVE_SAMPLE,complete,0,0.0,"descriptive deletion of net PnL; no resimulation, return or drawdown"
atr,eth_short_regime_challenge_v1_atr,20261007T203617Z-52e2dc923989,378b643ff2df4867928b6cf0098e84e8,cf431489718e192b,ETHUSDT,1h,SHORT_ONLY,wf_1_train,base,81,29,52,0,-347.65299673339126,-4.292012305350509,0.8902853392046378,35.80246913580247,-44.49527167337262,DESCRIPTIVE_SAMPLE,without_best,1,193.22974885464657,"descriptive deletion of net PnL; no resimulation, return or drawdown"
atr,eth_short_regime_challenge_v1_atr,20261007T203617Z-52e2dc923989,378b643ff2df4867928b6cf0098e84e8,cf431489718e192b,ETHUSDT,1h,SHORT_ONLY,wf_1_train,base,77,25,52,0,-1013.0765661209891,-13.156838521051807,0.6802865131148774,32.467532467532465,-46.69920119313507,DESCRIPTIVE_SAMPLE,without_top_5pct,5,858.6533182422443,"descriptive deletion of net PnL; no resimulation, return or drawdown"
atr,eth_short_regime_challenge_v1_atr,20261007T203617Z-52e2dc923989,378b643ff2df4867928b6cf0098e84e8,cf431489718e192b,ETHUSDT,1h,SHORT_ONLY,wf_1_train,base,73,21,52,0,-1504.4316919886116,-20.608653314912488,0.5252213720944752,28.767123287671232,-47.4828734141473,DESCRIPTIVE_SAMPLE,without_top_10pct,9,1350.0084441098668,"descriptive deletion of net PnL; no resimulation, return or drawdown"
atr,eth_short_regime_challenge_v1_atr,20261007T203617Z-52e2dc923989,c2bee8b26e5a464bb325cf87bdde308f,cf431489718e192b,ETHUSDT,1h,SHORT_ONLY,wf_1_train,adverse,81,30,51,0,-334.30927453423715,-4.1272749942498415,0.8959842036484412,37.03703703703704,-46.165329155040304,DESCRIPTIVE_SAMPLE,complete,0,0.0,"descriptive deletion of net PnL; no resimulation, return or drawdown"
atr,eth_short_regime_challenge_v1_atr,20261007T203617Z-52e2dc923989,c2bee8b26e5a464bb325cf87bdde308f,cf431489718e192b,ETHUSDT,1h,SHORT_ONLY,wf_1_train,adverse,80,29,51,0,-517.7444136966303,-6.471805171207879,0.8389108481293099,36.25,-46.61264704235323,DESCRIPTIVE_SAMPLE,without_best,1,183.43513916239323,"descriptive deletion of net PnL; no resimulation, return or drawdown"
atr,eth_short_regime_challenge_v1_atr,20261007T203617Z-52e2dc923989,c2bee8b26e5a464bb325cf87bdde308f,cf431489718e192b,ETHUSDT,1h,SHORT_ONLY,wf_1_train,adverse,76,25,51,0,-1159.175225701653,-15.25230560133754,0.6393383510513188,32.89473684210526,-49.32766006285336,DESCRIPTIVE_SAMPLE,without_top_5pct,5,824.8659511674161,"descriptive deletion of net PnL; no resimulation, return or drawdown"
atr,eth_short_regime_challenge_v1_atr,20261007T203617Z-52e2dc923989,c2bee8b26e5a464bb325cf87bdde308f,cf431489718e192b,ETHUSDT,1h,SHORT_ONLY,wf_1_train,adverse,72,21,51,0,-1631.71565108321,-22.662717376155697,0.4923138070184151,29.166666666666668,-50.24877089679704,DESCRIPTIVE_SAMPLE,without_top_10pct,9,1297.406376548973,"descriptive deletion of net PnL; no resimulation, return or drawdown"
atr,eth_short_regime_challenge_v1_atr,20261007T203617Z-52e2dc923989,3d3f0436435d44ab913be5bb72cb546c,b189830689073f8b,ETHUSDT,1h,SHORT_ONLY,wf_1_train,base,69,27,42,0,297.66223177084686,4.313945387983288,1.1111993603052266,39.130434782608695,-44.85516904954097,DESCRIPTIVE_SAMPLE,complete,0,0.0,"descriptive deletion of net PnL; no resimulation, return or drawdown"
atr,eth_short_regime_challenge_v1_atr,20261007T203617Z-52e2dc923989,3d3f0436435d44ab913be5bb72cb546c,b189830689073f8b,ETHUSDT,1h,SHORT_ONLY,wf_1_train,base,68,26,42,0,94.31191274084455,1.386939893247714,1.035232633658468,38.23529411764706,-44.88689589314789,DESCRIPTIVE_SAMPLE,without_best,1,203.35031903000228,"descriptive deletion of net PnL; no resimulation, return or drawdown"
atr,eth_short_regime_challenge_v1_atr,20261007T203617Z-52e2dc923989,3d3f0436435d44ab913be5bb72cb546c,b189830689073f8b,ETHUSDT,1h,SHORT_ONLY,wf_1_train,base,65,23,42,0,-440.0651467998562,-6.770233027690096,0.8356023788249972,35.38461538461539,-46.27973500043985,DESCRIPTIVE_SAMPLE,without_top_5pct,4,737.7273785707031,"descriptive deletion of net PnL; no resimulation, return or drawdown"
atr,eth_short_regime_challenge_v1_atr,20261007T203617Z-52e2dc923989,3d3f0436435d44ab913be5bb72cb546c,b189830689073f8b,ETHUSDT,1h,SHORT_ONLY,wf_1_train,base,62,20,42,0,-863.4117435193275,-13.92599586321496,0.6774504007841927,32.25806451612903,-48.17205622455222,DESCRIPTIVE_SAMPLE,without_top_10pct,7,1161.0739752901743,"descriptive deletion of net PnL; no resimulation, return or drawdown"
atr,eth_short_regime_challenge_v1_atr,20261007T203617Z-52e2dc923989,1004cdf5dd814bae9df622712e89a27c,b189830689073f8b,ETHUSDT,1h,SHORT_ONLY,wf_1_train,adverse,68,27,41,0,150.8443129729978,2.2182987201911444,1.055797584552825,39.705882352941174,-47.04832239500669,DESCRIPTIVE_SAMPLE,complete,0,0.0,"descriptive deletion of net PnL; no resimulation, return or drawdown"
atr,eth_short_regime_challenge_v1_atr,20261007T203617Z-52e2dc923989,1004cdf5dd814bae9df622712e89a27c,b189830689073f8b,ETHUSDT,1h,SHORT_ONLY,wf_1_train,adverse,67,26,41,0,-42.727608513131756,-0.6377255001959964,0.9841949802298599,38.80597014925373,-48.09468684339683,DESCRIPTIVE_SAMPLE,without_best,1,193.57192148612947,"descriptive deletion of net PnL; no resimulation, return or drawdown"
atr,eth_short_regime_challenge_v1_atr,20261007T203617Z-52e2dc923989,1004cdf5dd814bae9df622712e89a27c,b189830689073f8b,ETHUSDT,1h,SHORT_ONLY,wf_1_train,adverse,64,23,41,0,-558.1226663380347,-8.720666661531792,0.7935494149426823,35.9375,-48.68461605907339,DESCRIPTIVE_SAMPLE,without_top_5pct,4,708.9669793110324,"descriptive deletion of net PnL; no resimulation, return or drawdown"
atr,eth_short_regime_challenge_v1_atr,20261007T203617Z-52e2dc923989,1004cdf5dd814bae9df622712e89a27c,b189830689073f8b,ETHUSDT,1h,SHORT_ONLY,wf_1_train,adverse,61,20,41,0,-968.2013059411158,-15.872152556411734,0.6418605834873246,32.78688524590164,-50.14173900786236,DESCRIPTIVE_SAMPLE,without_top_10pct,7,1119.0456189141134,"descriptive deletion of net PnL; no resimulation, return or drawdown"
atr,eth_short_regime_challenge_v1_atr,20261007T203617Z-52e2dc923989,eb7df229e46041d4b83044644a9bf117,817d1c5f49c84d4e,ETHUSDT,1h,SHORT_ONLY,wf_1_train,base,57,24,33,0,577.1979620320113,10.126280035649321,1.2637086685745693,42.10526315789474,-42.60199986137677,DESCRIPTIVE_SAMPLE,complete,0,0.0,"descriptive deletion of net PnL; no resimulation, return or drawdown"
atr,eth_short_regime_challenge_v1_atr,20261007T203617Z-52e2dc923989,eb7df229e46041d4b83044644a9bf117,817d1c5f49c84d4e,ETHUSDT,1h,SHORT_ONLY,wf_1_train,base,56,23,33,0,366.0980865220532,6.537465830750951,1.1672619193327534,41.07142857142857,-44.267412195509074,DESCRIPTIVE_SAMPLE,without_best,1,211.09987550995825,"descriptive deletion of net PnL; no resimulation, return or drawdown"
atr,eth_short_regime_challenge_v1_atr,20261007T203617Z-52e2dc923989,eb7df229e46041d4b83044644a9bf117,817d1c5f49c84d4e,ETHUSDT,1h,SHORT_ONLY,wf_1_train,base,54,21,33,0,-2.5699152137969463,-0.04759102247772123,0.9988258639774227,38.888888888888886,-46.545474627845394,DESCRIPTIVE_SAMPLE,without_top_5pct,3,579.7678772458084,"descriptive deletion of net PnL; no resimulation, return or drawdown"
atr,eth_short_regime_challenge_v1_atr,20261007T203617Z-52e2dc923989,eb7df229e46041d4b83044644a9bf117,817d1c5f49c84d4e,ETHUSDT,1h,SHORT_ONLY,wf_1_train,base,51,18,33,0,-483.9694502837494,-9.489597064387242,0.7788853257281327,35.294117647058826,-47.454142010903425,DESCRIPTIVE_SAMPLE,without_top_10pct,6,1061.1674123157609,"descriptive deletion of net PnL; no resimulation, return or drawdown"
atr,eth_short_regime_challenge_v1_atr,20261007T203617Z-52e2dc923989,da937d59da914b9f80db930eb7db6eab,817d1c5f49c84d4e,ETHUSDT,1h,SHORT_ONLY,wf_1_train,adverse,57,24,33,0,377.1642324584465,6.616916358920115,1.1660716285145885,42.10526315789474,-46.001957946616564,DESCRIPTIVE_SAMPLE,complete,0,0.0,"descriptive deletion of net PnL; no resimulation, return or drawdown"
atr,eth_short_regime_challenge_v1_atr,20261007T203617Z-52e2dc923989,da937d59da914b9f80db930eb7db6eab,817d1c5f49c84d4e,ETHUSDT,1h,SHORT_ONLY,wf_1_train,adverse,56,23,33,0,177.44870358800247,3.1687268497857586,1.078133589154451,41.07142857142857,-47.47482268889944,DESCRIPTIVE_SAMPLE,without_best,1,199.715528870444,"descriptive deletion of net PnL; no resimulation, return or drawdown"
atr,eth_short_regime_challenge_v1_atr,20261007T203617Z-52e2dc923989,da937d59da914b9f80db930eb7db6eab,817d1c5f49c84d4e,ETHUSDT,1h,SHORT_ONLY,wf_1_train,adverse,54,21,33,0,-177.0210571353062,-3.2781677247278926,0.9220547106277552,38.888888888888886,-49.53286469569743,DESCRIPTIVE_SAMPLE,without_top_5pct,3,554.1852895937527,"descriptive deletion of net PnL; no resimulation, return or drawdown"
atr,eth_short_regime_challenge_v1_atr,20261007T203617Z-52e2dc923989,da937d59da914b9f80db930eb7db6eab,817d1c5f49c84d4e,ETHUSDT,1h,SHORT_ONLY,wf_1_train,adverse,51,18,33,0,-643.9228098363149,-12.62593744777088,0.7164701727675413,35.294117647058826,-50.37375461057966,DESCRIPTIVE_SAMPLE,without_top_10pct,6,1021.0870422947613,"descriptive deletion of net PnL; no resimulation, return or drawdown"
atr,eth_short_regime_challenge_v1_atr,20261007T203617Z-52e2dc923989,7b089ff88e1342bc8d15180977468d5f,143528a8db38d8af,ETHUSDT,1h,SHORT_ONLY,wf_1_train,base,60,20,40,0,-347.2020718608384,-5.78670119768064,0.8619170226351078,33.333333333333336,-44.08785257984423,DESCRIPTIVE_SAMPLE,complete,0,0.0,"descriptive deletion of net PnL; no resimulation, return or drawdown"
atr,eth_short_regime_challenge_v1_atr,20261007T203617Z-52e2dc923989,7b089ff88e1342bc8d15180977468d5f,143528a8db38d8af,ETHUSDT,1h,SHORT_ONLY,wf_1_train,base,59,19,40,0,-535.1326886965461,-9.070045571127899,0.7871766301840619,32.20338983050848,-44.79412026674523,DESCRIPTIVE_SAMPLE,without_best,1,187.93061683570775,"descriptive deletion of net PnL; no resimulation, return or drawdown"
atr,eth_short_regime_challenge_v1_atr,20261007T203617Z-52e2dc923989,7b089ff88e1342bc8d15180977468d5f,143528a8db38d8af,ETHUSDT,1h,SHORT_ONLY,wf_1_train,base,57,17,40,0,-885.1756345507448,-15.529397097381487,0.6479638313949502,29.82456140350877,-45.38261029004949,DESCRIPTIVE_SAMPLE,without_top_5pct,3,537.9735626899067,"descriptive deletion of net PnL; no resimulation, return or drawdown"
atr,eth_short_regime_challenge_v1_atr,20261007T203617Z-52e2dc923989,7b089ff88e1342bc8d15180977468d5f,143528a8db38d8af,ETHUSDT,1h,SHORT_ONLY,wf_1_train,base,54,14,40,0,-1299.7173714391643,-24.068840211836374,0.4830997308877689,25.925925925925927,-49.81660057595056,DESCRIPTIVE_SAMPLE,without_top_10pct,6,952.5152995783261,"descriptive deletion of net PnL; no resimulation, return or drawdown"
atr,eth_short_regime_challenge_v1_atr,20261007T203617Z-52e2dc923989,f506249946e64475a4850360393236ef,143528a8db38d8af,ETHUSDT,1h,SHORT_ONLY,wf_1_train,adverse,60,20,40,0,-534.4744363280588,-8.907907272134313,0.7948995850121808,33.333333333333336,-46.932406902321475,DESCRIPTIVE_SAMPLE,complete,0,0.0,"descriptive deletion of net PnL; no resimulation, return or drawdown"
atr,eth_short_regime_challenge_v1_atr,20261007T203617Z-52e2dc923989,f506249946e64475a4850360393236ef,143528a8db38d8af,ETHUSDT,1h,SHORT_ONLY,wf_1_train,adverse,59,19,40,0,-712.3121905653402,-12.073087975683732,0.726655727653622,32.20338983050848,-47.86285585802639,DESCRIPTIVE_SAMPLE,without_best,1,177.8377542372814,"descriptive deletion of net PnL; no resimulation, return or drawdown"
atr,eth_short_regime_challenge_v1_atr,20261007T203617Z-52e2dc923989,f506249946e64475a4850360393236ef,143528a8db38d8af,ETHUSDT,1h,SHORT_ONLY,wf_1_train,adverse,57,17,40,0,-1048.3166747878108,-18.39152061031247,0.5977166157566083,29.82456140350877,-47.923065924259284,DESCRIPTIVE_SAMPLE,without_top_5pct,3,513.8422384597519,"descriptive deletion of net PnL; no resimulation, return or drawdown"
atr,eth_short_regime_challenge_v1_atr,20261007T203617Z-52e2dc923989,f506249946e64475a4850360393236ef,143528a8db38d8af,ETHUSDT,1h,SHORT_ONLY,wf_1_train,adverse,54,14,40,0,-1448.669097321123,-26.827205505946722,0.4440844821655441,25.925925925925927,-52.82822591805834,DESCRIPTIVE_SAMPLE,without_top_10pct,6,914.1946609930642,"descriptive deletion of net PnL; no resimulation, return or drawdown"
atr,eth_short_regime_challenge_v1_atr,20261007T203617Z-52e2dc923989,7ac1892350d9465386f4aceea50e3280,49c4a234fbe24bab,ETHUSDT,1h,SHORT_ONLY,wf_1_train,base,52,17,35,0,-421.05950429567685,-8.097298159532247,0.8151648041042125,32.69230769230769,-48.01890436907577,DESCRIPTIVE_SAMPLE,complete,0,0.0,"descriptive deletion of net PnL; no resimulation, return or drawdown"
atr,eth_short_regime_challenge_v1_atr,20261007T203617Z-52e2dc923989,7ac1892350d9465386f4aceea50e3280,49c4a234fbe24bab,ETHUSDT,1h,SHORT_ONLY,wf_1_train,base,51,16,35,0,-608.1384836945467,-11.92428399401072,0.7330415425404687,31.372549019607842,-50.40448406280477,DESCRIPTIVE_SAMPLE,without_best,1,187.07897939886982,"descriptive deletion of net PnL; no resimulation, return or drawdown"
atr,eth_short_regime_challenge_v1_atr,20261007T203617Z-52e2dc923989,7ac1892350d9465386f4aceea50e3280,49c4a234fbe24bab,ETHUSDT,1h,SHORT_ONLY,wf_1_train,base,49,14,35,0,-968.1102712931797,-19.757352475371015,0.5750224141299921,28.571428571428573,-52.06273985365607,DESCRIPTIVE_SAMPLE,without_top_5pct,3,547.0507669975032,"descriptive deletion of net PnL; no resimulation, return or drawdown"
atr,eth_short_regime_challenge_v1_atr,20261007T203617Z-52e2dc923989,7ac1892350d9465386f4aceea50e3280,49c4a234fbe24bab,ETHUSDT,1h,SHORT_ONLY,wf_1_train,base,46,11,35,0,-1376.2723118209626,-29.918963300455708,0.3958489007702277,23.91304347826087,-54.51212408585663,DESCRIPTIVE_SAMPLE,without_top_10pct,6,955.2128075252863,"descriptive deletion of net PnL; no resimulation, return or drawdown"
atr,eth_short_regime_challenge_v1_atr,20261007T203617Z-52e2dc923989,9ab43274c91a4a1e9bd31358990b508c,49c4a234fbe24bab,ETHUSDT,1h,SHORT_ONLY,wf_1_train,adverse,52,17,35,0,-584.8885764540702,-11.24785723950135,0.7523957459219796,32.69230769230769,-51.16024288340911,DESCRIPTIVE_SAMPLE,complete,0,0.0,"descriptive deletion of net PnL; no resimulation, return or drawdown"
atr,eth_short_regime_challenge_v1_atr,20261007T203617Z-52e2dc923989,9ab43274c91a4a1e9bd31358990b508c,49c4a234fbe24bab,ETHUSDT,1h,SHORT_ONLY,wf_1_train,adverse,51,16,35,0,-762.2781419387319,-14.946630234092781,0.677300398173291,31.372549019607842,-53.63959242732881,DESCRIPTIVE_SAMPLE,without_best,1,177.38956548466155,"descriptive deletion of net PnL; no resimulation, return or drawdown"
atr,eth_short_regime_challenge_v1_atr,20261007T203617Z-52e2dc923989,9ab43274c91a4a1e9bd31358990b508c,49c4a234fbe24bab,ETHUSDT,1h,SHORT_ONLY,wf_1_train,adverse,49,14,35,0,-1108.4063650256749,-22.620538061748466,0.5307719413988865,28.571428571428573,-55.14486207474412,DESCRIPTIVE_SAMPLE,without_top_5pct,3,523.5177885716045,"descriptive deletion of net PnL; no resimulation, return or drawdown"
atr,eth_short_regime_challenge_v1_atr,20261007T203617Z-52e2dc923989,9ab43274c91a4a1e9bd31358990b508c,49c4a234fbe24bab,ETHUSDT,1h,SHORT_ONLY,wf_1_train,adverse,46,11,35,0,-1503.550425879398,-32.685878823465174,0.36349332735208056,23.91304347826087,-57.62820340035531,DESCRIPTIVE_SAMPLE,without_top_10pct,6,918.6618494253278,"descriptive deletion of net PnL; no resimulation, return or drawdown"
atr,eth_short_regime_challenge_v1_atr,20261007T203617Z-52e2dc923989,233a007039ba426191086ed4db1130f6,cfd1f51b4fb4e68c,ETHUSDT,1h,SHORT_ONLY,wf_1_train,base,39,14,25,0,-73.58618494583936,-1.886825255021522,0.9558082601667772,35.8974358974359,-45.71080933679306,DESCRIPTIVE_SAMPLE,complete,0,0.0,"descriptive deletion of net PnL; no resimulation, return or drawdown"
atr,eth_short_regime_challenge_v1_atr,20261007T203617Z-52e2dc923989,233a007039ba426191086ed4db1130f6,cfd1f51b4fb4e68c,ETHUSDT,1h,SHORT_ONLY,wf_1_train,base,38,13,25,0,-267.33370182646183,-7.035097416485837,0.8394543567048279,34.21052631578947,-46.48538135992608,DESCRIPTIVE_SAMPLE,without_best,1,193.7475168806225,"descriptive deletion of net PnL; no resimulation, return or drawdown"
atr,eth_short_regime_challenge_v1_atr,20261007T203617Z-52e2dc923989,233a007039ba426191086ed4db1130f6,cfd1f51b4fb4e68c,ETHUSDT,1h,SHORT_ONLY,wf_1_train,base,37,12,25,0,-455.36112299864897,-12.307057378341863,0.72653562224307,32.432432432432435,-47.25995338305909,DESCRIPTIVE_SAMPLE,without_top_5pct,2,381.7749380528096,"descriptive deletion of net PnL; no resimulation, return or drawdown"
atr,eth_short_regime_challenge_v1_atr,20261007T203617Z-52e2dc923989,233a007039ba426191086ed4db1130f6,cfd1f51b4fb4e68c,ETHUSDT,1h,SHORT_ONLY,wf_1_train,base,35,10,25,0,-800.6972871754963,-22.877065347871323,0.5191460703382035,28.571428571428573,-50.670164867234185,DESCRIPTIVE_SAMPLE,without_top_10pct,4,727.1111022296569,"descriptive deletion of net PnL; no resimulation, return or drawdown"
atr,eth_short_regime_challenge_v1_atr,20261007T203617Z-52e2dc923989,a2952833478f431181fb7dafb55ab0dc,cfd1f51b4fb4e68c,ETHUSDT,1h,SHORT_ONLY,wf_1_train,adverse,39,14,25,0,-206.1085531756533,-5.284834696811623,0.8809692297785732,35.8974358974359,-48.95424675139382,DESCRIPTIVE_SAMPLE,complete,0,0.0,"descriptive deletion of net PnL; no resimulation, return or drawdown"
atr,eth_short_regime_challenge_v1_atr,20261007T203617Z-52e2dc923989,a2952833478f431181fb7dafb55ab0dc,cfd1f51b4fb4e68c,ETHUSDT,1h,SHORT_ONLY,wf_1_train,adverse,38,13,25,0,-390.3201969446428,-10.271584130122179,0.7745842520387552,34.21052631578947,-49.5166389005944,DESCRIPTIVE_SAMPLE,without_best,1,184.2116437689896,"descriptive deletion of net PnL; no resimulation, return or drawdown"
atr,eth_short_regime_challenge_v1_atr,20261007T203617Z-52e2dc923989,a2952833478f431181fb7dafb55ab0dc,cfd1f51b4fb4e68c,ETHUSDT,1h,SHORT_ONLY,wf_1_train,adverse,37,12,25,0,-568.791136250171,-15.372733412166784,0.6715146169345098,32.432432432432435,-50.079031049794985,DESCRIPTIVE_SAMPLE,without_top_5pct,2,362.68258307451777,"descriptive deletion of net PnL; no resimulation, return or drawdown"
atr,eth_short_regime_challenge_v1_atr,20261007T203617Z-52e2dc923989,a2952833478f431181fb7dafb55ab0dc,cfd1f51b4fb4e68c,ETHUSDT,1h,SHORT_ONLY,wf_1_train,adverse,35,10,25,0,-905.5736209604821,-25.873532027442348,0.47701769803182703,28.571428571428573,-53.94082667187439,DESCRIPTIVE_SAMPLE,without_top_10pct,4,699.4650677848289,"descriptive deletion of net PnL; no resimulation, return or drawdown"
atr,eth_short_regime_challenge_v1_atr,20261007T203617Z-52e2dc923989,a0bed1e112604ae1bc658e2ded68867e,817d1c5f49c84d4e,ETHUSDT,1h,SHORT_ONLY,wf_1_test,base,13,4,9,0,0.5977998696214399,0.04598460535549538,1.0011733367168536,30.76923076923077,-50.90062056286313,INSUFFICIENT_SAMPLE,complete,0,0.0,"descriptive deletion of net PnL; no resimulation, return or drawdown"
atr,eth_short_regime_challenge_v1_atr,20261007T203617Z-52e2dc923989,a0bed1e112604ae1bc658e2ded68867e,817d1c5f49c84d4e,ETHUSDT,1h,SHORT_ONLY,wf_1_test,base,12,3,9,0,-185.5043478432466,-15.458695653603883,0.6358997826508169,25.0,-51.933564255676266,INSUFFICIENT_SAMPLE,without_best,1,186.10214771286803,"descriptive deletion of net PnL; no resimulation, return or drawdown"
atr,eth_short_regime_challenge_v1_atr,20261007T203617Z-52e2dc923989,a0bed1e112604ae1bc658e2ded68867e,817d1c5f49c84d4e,ETHUSDT,1h,SHORT_ONLY,wf_1_test,base,12,3,9,0,-185.5043478432466,-15.458695653603883,0.6358997826508169,25.0,-51.933564255676266,INSUFFICIENT_SAMPLE,without_top_5pct,1,186.10214771286803,"descriptive deletion of net PnL; no resimulation, return or drawdown"
atr,eth_short_regime_challenge_v1_atr,20261007T203617Z-52e2dc923989,a0bed1e112604ae1bc658e2ded68867e,817d1c5f49c84d4e,ETHUSDT,1h,SHORT_ONLY,wf_1_test,base,11,2,9,0,-311.703065024071,-28.336642274915548,0.3882021901741505,18.181818181818183,-52.9665079484894,INSUFFICIENT_SAMPLE,without_top_10pct,2,312.3008648936925,"descriptive deletion of net PnL; no resimulation, return or drawdown"
atr,eth_short_regime_challenge_v1_atr,20261007T203617Z-52e2dc923989,7b63cbc9b3a746ecb340a363cee2a23b,817d1c5f49c84d4e,ETHUSDT,1h,SHORT_ONLY,wf_1_test,adverse,13,4,9,0,-46.15682570423435,-3.550525054171873,0.9143756401280146,30.76923076923077,-54.12656155561124,INSUFFICIENT_SAMPLE,complete,0,0.0,"descriptive deletion of net PnL; no resimulation, return or drawdown"
atr,eth_short_regime_challenge_v1_atr,20261007T203617Z-52e2dc923989,7b63cbc9b3a746ecb340a363cee2a23b,817d1c5f49c84d4e,ETHUSDT,1h,SHORT_ONLY,wf_1_test,adverse,12,3,9,0,-225.37863679551555,-18.78155306629296,0.5819057916136909,25.0,-55.190981493104296,INSUFFICIENT_SAMPLE,without_best,1,179.2218110912812,"descriptive deletion of net PnL; no resimulation, return or drawdown"
atr,eth_short_regime_challenge_v1_atr,20261007T203617Z-52e2dc923989,7b63cbc9b3a746ecb340a363cee2a23b,817d1c5f49c84d4e,ETHUSDT,1h,SHORT_ONLY,wf_1_test,adverse,12,3,9,0,-225.37863679551555,-18.78155306629296,0.5819057916136909,25.0,-55.190981493104296,INSUFFICIENT_SAMPLE,without_top_5pct,1,179.2218110912812,"descriptive deletion of net PnL; no resimulation, return or drawdown"
atr,eth_short_regime_challenge_v1_atr,20261007T203617Z-52e2dc923989,7b63cbc9b3a746ecb340a363cee2a23b,817d1c5f49c84d4e,ETHUSDT,1h,SHORT_ONLY,wf_1_test,adverse,11,2,9,0,-348.012783031639,-31.637525730149,0.3544102888423161,18.181818181818183,-56.25540143059735,INSUFFICIENT_SAMPLE,without_top_10pct,2,301.85595732740467,"descriptive deletion of net PnL; no resimulation, return or drawdown"
atr,eth_short_regime_challenge_v1_atr,20261007T203617Z-52e2dc923989,1b254342c7a5425a98e2973c3331a199,cf431489718e192b,ETHUSDT,1h,SHORT_ONLY,wf_2_train,base,92,34,58,0,-21.835893785264872,-0.237346671578966,0.994249282067241,36.95652173913044,-47.975463139011445,DESCRIPTIVE_SAMPLE,complete,0,0.0,"descriptive deletion of net PnL; no resimulation, return or drawdown"
atr,eth_short_regime_challenge_v1_atr,20261007T203617Z-52e2dc923989,1b254342c7a5425a98e2973c3331a199,cf431489718e192b,ETHUSDT,1h,SHORT_ONLY,wf_2_train,base,91,33,58,0,-218.3374645248535,-2.399312796976412,0.9424984759046804,36.26373626373626,-48.286887694729245,DESCRIPTIVE_SAMPLE,without_best,1,196.5015707395885,"descriptive deletion of net PnL; no resimulation, return or drawdown"
atr,eth_short_regime_challenge_v1_atr,20261007T203617Z-52e2dc923989,1b254342c7a5425a98e2973c3331a199,cf431489718e192b,ETHUSDT,1h,SHORT_ONLY,wf_2_train,base,87,29,58,0,-930.5582696551074,-10.696072065001236,0.7549274519555426,33.333333333333336,-50.786436232624816,DESCRIPTIVE_SAMPLE,without_top_5pct,5,908.7223758698424,"descriptive deletion of net PnL; no resimulation, return or drawdown"
atr,eth_short_regime_challenge_v1_atr,20261007T203617Z-52e2dc923989,1b254342c7a5425a98e2973c3331a199,cf431489718e192b,ETHUSDT,1h,SHORT_ONLY,wf_2_train,base,82,24,58,0,-1613.6941752780713,-19.679197259488674,0.5750162497116169,29.26829268292683,-52.166993227663326,DESCRIPTIVE_SAMPLE,without_top_10pct,10,1591.8582814928063,"descriptive deletion of net PnL; no resimulation, return or drawdown"
atr,eth_short_regime_challenge_v1_atr,20261007T203617Z-52e2dc923989,ef0f6f00a6474ec19501ea7d9076f99b,cf431489718e192b,ETHUSDT,1h,SHORT_ONLY,wf_2_train,adverse,91,34,57,0,-233.25924228747573,-2.5632883767854477,0.9394194418858242,37.362637362637365,-50.41545668476018,DESCRIPTIVE_SAMPLE,complete,0,0.0,"descriptive deletion of net PnL; no resimulation, return or drawdown"
atr,eth_short_regime_challenge_v1_atr,20261007T203617Z-52e2dc923989,ef0f6f00a6474ec19501ea7d9076f99b,cf431489718e192b,ETHUSDT,1h,SHORT_ONLY,wf_2_train,adverse,90,33,57,0,-420.43325113063065,-4.671480568118119,0.8908078378653871,36.666666666666664,-50.75149808369464,DESCRIPTIVE_SAMPLE,without_best,1,187.1740088431547,"descriptive deletion of net PnL; no resimulation, return or drawdown"
atr,eth_short_regime_challenge_v1_atr,20261007T203617Z-52e2dc923989,ef0f6f00a6474ec19501ea7d9076f99b,cf431489718e192b,ETHUSDT,1h,SHORT_ONLY,wf_2_train,adverse,86,29,57,0,-1104.4993384930144,-12.84301556387226,0.7131466873231916,33.72093023255814,-53.26812755806996,DESCRIPTIVE_SAMPLE,without_top_5pct,5,871.2400962055385,"descriptive deletion of net PnL; no resimulation, return or drawdown"
atr,eth_short_regime_challenge_v1_atr,20261007T203617Z-52e2dc923989,ef0f6f00a6474ec19501ea7d9076f99b,cf431489718e192b,ETHUSDT,1h,SHORT_ONLY,wf_2_train,adverse,81,24,57,0,-1763.3321039210298,-21.76953214717321,0.5420389693947181,29.62962962962963,-55.01249748478265,DESCRIPTIVE_SAMPLE,without_top_10pct,10,1530.0728616335537,"descriptive deletion of net PnL; no resimulation, return or drawdown"
atr,eth_short_regime_challenge_v1_atr,20261007T203617Z-52e2dc923989,6118f0e049e444fc87a24e87340e2e92,b189830689073f8b,ETHUSDT,1h,SHORT_ONLY,wf_2_train,base,76,30,46,0,442.7523175865466,5.8256883892966655,1.1409415750363103,39.473684210526315,-48.73841905156577,DESCRIPTIVE_SAMPLE,complete,0,0.0,"descriptive deletion of net PnL; no resimulation, return or drawdown"
atr,eth_short_regime_challenge_v1_atr,20261007T203617Z-52e2dc923989,6118f0e049e444fc87a24e87340e2e92,b189830689073f8b,ETHUSDT,1h,SHORT_ONLY,wf_2_train,base,75,29,46,0,236.281868443695,3.1504249125826003,1.0752157298069185,38.666666666666664,-49.77476362842355,DESCRIPTIVE_SAMPLE,without_best,1,206.47044914285155,"descriptive deletion of net PnL; no resimulation, return or drawdown"
atr,eth_short_regime_challenge_v1_atr,20261007T203617Z-52e2dc923989,6118f0e049e444fc87a24e87340e2e92,b189830689073f8b,ETHUSDT,1h,SHORT_ONLY,wf_2_train,base,72,26,46,0,-330.5197670155097,-4.5905523196598566,0.8947854710332611,36.111111111111114,-50.27404886124341,DESCRIPTIVE_SAMPLE,without_top_5pct,4,773.2720846020563,"descriptive deletion of net PnL; no resimulation, return or drawdown"
atr,eth_short_regime_challenge_v1_atr,20261007T203617Z-52e2dc923989,6118f0e049e444fc87a24e87340e2e92,b189830689073f8b,ETHUSDT,1h,SHORT_ONLY,wf_2_train,base,68,22,46,0,-956.9568085706994,-14.072894243686756,0.6953714424875687,32.35294117647059,-53.321443934602314,DESCRIPTIVE_SAMPLE,without_top_10pct,8,1399.709126157246,"descriptive deletion of net PnL; no resimulation, return or drawdown"
atr,eth_short_regime_challenge_v1_atr,20261007T203617Z-52e2dc923989,bc5f10291cdc42278640e635a5f84f10,b189830689073f8b,ETHUSDT,1h,SHORT_ONLY,wf_2_train,adverse,75,30,45,0,271.090953680769,3.61454604907692,1.08535814876013,40.0,-51.04933681197906,DESCRIPTIVE_SAMPLE,complete,0,0.0,"descriptive deletion of net PnL; no resimulation, return or drawdown"
atr,eth_short_regime_challenge_v1_atr,20261007T203617Z-52e2dc923989,bc5f10291cdc42278640e635a5f84f10,b189830689073f8b,ETHUSDT,1h,SHORT_ONLY,wf_2_train,adverse,74,29,45,0,74.01529781506302,1.0002067272305815,1.0233051258835555,39.189189189189186,-51.86344642158065,DESCRIPTIVE_SAMPLE,without_best,1,197.07565586570593,"descriptive deletion of net PnL; no resimulation, return or drawdown"
atr,eth_short_regime_challenge_v1_atr,20261007T203617Z-52e2dc923989,bc5f10291cdc42278640e635a5f84f10,b189830689073f8b,ETHUSDT,1h,SHORT_ONLY,wf_2_train,adverse,71,26,45,0,-469.7486647793575,-6.61617837717405,0.8520906881484276,36.61971830985915,-53.216062145134735,DESCRIPTIVE_SAMPLE,without_top_5pct,4,740.8396184601263,"descriptive deletion of net PnL; no resimulation, return or drawdown"
atr,eth_short_regime_challenge_v1_atr,20261007T203617Z-52e2dc923989,bc5f10291cdc42278640e635a5f84f10,b189830689073f8b,ETHUSDT,1h,SHORT_ONLY,wf_2_train,adverse,67,22,45,0,-1078.3344612873207,-16.094544198318218,0.6604658616970006,32.83582089552239,-55.85166949538595,DESCRIPTIVE_SAMPLE,without_top_10pct,8,1349.4254149680894,"descriptive deletion of net PnL; no resimulation, return or drawdown"
atr,eth_short_regime_challenge_v1_atr,20261007T203617Z-52e2dc923989,260ad96212bf455d9be4c4709af89b72,817d1c5f49c84d4e,ETHUSDT,1h,SHORT_ONLY,wf_2_train,base,63,26,37,0,694.316838407714,11.020902196947842,1.274429829053678,41.26984126984127,-47.97671652469897,DESCRIPTIVE_SAMPLE,complete,0,0.0,"descriptive deletion of net PnL; no resimulation, return or drawdown"
atr,eth_short_regime_challenge_v1_atr,20261007T203617Z-52e2dc923989,260ad96212bf455d9be4c4709af89b72,817d1c5f49c84d4e,ETHUSDT,1h,SHORT_ONLY,wf_2_train,base,62,25,37,0,480.8921697098979,7.756325317901579,1.190073391031954,40.32258064516129,-49.57859421556456,DESCRIPTIVE_SAMPLE,without_best,1,213.424668697816,"descriptive deletion of net PnL; no resimulation, return or drawdown"
atr,eth_short_regime_challenge_v1_atr,20261007T203617Z-52e2dc923989,260ad96212bf455d9be4c4709af89b72,817d1c5f49c84d4e,ETHUSDT,1h,SHORT_ONLY,wf_2_train,base,59,22,37,0,-90.84717034739515,-1.5397825482609346,0.964092512165453,37.28813559322034,-51.19804946737789,DESCRIPTIVE_SAMPLE,without_top_5pct,4,785.1640087551092,"descriptive deletion of net PnL; no resimulation, return or drawdown"
atr,eth_short_regime_challenge_v1_atr,20261007T203617Z-52e2dc923989,260ad96212bf455d9be4c4709af89b72,817d1c5f49c84d4e,ETHUSDT,1h,SHORT_ONLY,wf_2_train,base,56,19,37,0,-577.5481104863252,-10.313359115827236,0.7717231954297422,33.92857142857143,-53.266155187347,DESCRIPTIVE_SAMPLE,without_top_10pct,7,1271.8649488940391,"descriptive deletion of net PnL; no resimulation, return or drawdown"
atr,eth_short_regime_challenge_v1_atr,20261007T203617Z-52e2dc923989,21ee709da21240ee9559d5e7fdf951df,817d1c5f49c84d4e,ETHUSDT,1h,SHORT_ONLY,wf_2_train,adverse,63,26,37,0,467.7962962475064,7.425338035674705,1.1783221093457144,41.26984126984127,-51.04933681197906,DESCRIPTIVE_SAMPLE,complete,0,0.0,"descriptive deletion of net PnL; no resimulation, return or drawdown"
atr,eth_short_regime_challenge_v1_atr,20261007T203617Z-52e2dc923989,21ee709da21240ee9559d5e7fdf951df,817d1c5f49c84d4e,ETHUSDT,1h,SHORT_ONLY,wf_2_train,adverse,62,25,37,0,265.4023117996841,4.280682448382002,1.1011703180315655,40.32258064516129,-52.468000407556275,DESCRIPTIVE_SAMPLE,without_best,1,202.39398444782228,"descriptive deletion of net PnL; no resimulation, return or drawdown"
atr,eth_short_regime_challenge_v1_atr,20261007T203617Z-52e2dc923989,21ee709da21240ee9559d5e7fdf951df,817d1c5f49c84d4e,ETHUSDT,1h,SHORT_ONLY,wf_2_train,adverse,59,22,37,0,-282.2970515867373,-4.784695789605717,0.8923894735703751,37.28813559322034,-54.0356074295789,DESCRIPTIVE_SAMPLE,without_top_5pct,4,750.0933478342438,"descriptive deletion of net PnL; no resimulation, return or drawdown"
atr,eth_short_regime_challenge_v1_atr,20261007T203617Z-52e2dc923989,21ee709da21240ee9559d5e7fdf951df,817d1c5f49c84d4e,ETHUSDT,1h,SHORT_ONLY,wf_2_train,adverse,56,19,37,0,-755.4607107267741,-13.49036983440668,0.712021346587716,33.92857142857143,-55.99346295567339,DESCRIPTIVE_SAMPLE,without_top_10pct,7,1223.2570069742806,"descriptive deletion of net PnL; no resimulation, return or drawdown"
atr,eth_short_regime_challenge_v1_atr,20261007T203617Z-52e2dc923989,97747e7d8faf453886277a92d3d06d85,143528a8db38d8af,ETHUSDT,1h,SHORT_ONLY,wf_2_train,base,65,23,42,0,-123.12346579409189,-1.894207166062952,0.956678262336659,35.38461538461539,-46.46297728239531,DESCRIPTIVE_SAMPLE,complete,0,0.0,"descriptive deletion of net PnL; no resimulation, return or drawdown"
atr,eth_short_regime_challenge_v1_atr,20261007T203617Z-52e2dc923989,97747e7d8faf453886277a92d3d06d85,143528a8db38d8af,ETHUSDT,1h,SHORT_ONLY,wf_2_train,base,64,22,42,0,-315.52788356459735,-4.9301231806968335,0.888979601824117,34.375,-48.366952423810346,DESCRIPTIVE_SAMPLE,without_best,1,192.40441777050546,"descriptive deletion of net PnL; no resimulation, return or drawdown"
atr,eth_short_regime_challenge_v1_atr,20261007T203617Z-52e2dc923989,97747e7d8faf453886277a92d3d06d85,143528a8db38d8af,ETHUSDT,1h,SHORT_ONLY,wf_2_train,base,61,19,42,0,-859.7581730544132,-14.094396279580543,0.6974888760094973,31.147540983606557,-50.707515456626325,DESCRIPTIVE_SAMPLE,without_top_5pct,4,736.6347072603213,"descriptive deletion of net PnL; no resimulation, return or drawdown"
atr,eth_short_regime_challenge_v1_atr,20261007T203617Z-52e2dc923989,97747e7d8faf453886277a92d3d06d85,143528a8db38d8af,ETHUSDT,1h,SHORT_ONLY,wf_2_train,base,58,16,42,0,-1296.7888004421425,-22.358427593830044,0.5437170010185871,27.586206896551722,-54.193516489569696,DESCRIPTIVE_SAMPLE,without_top_10pct,7,1173.6653346480505,"descriptive deletion of net PnL; no resimulation, return or drawdown"
atr,eth_short_regime_challenge_v1_atr,20261007T203617Z-52e2dc923989,928678ae5a814a84844c28fcb556c61e,143528a8db38d8af,ETHUSDT,1h,SHORT_ONLY,wf_2_train,adverse,65,23,42,0,-327.14933699676624,-5.033066723027173,0.8883711758653382,35.38461538461539,-49.21416799181342,DESCRIPTIVE_SAMPLE,complete,0,0.0,"descriptive deletion of net PnL; no resimulation, return or drawdown"
atr,eth_short_regime_challenge_v1_atr,20261007T203617Z-52e2dc923989,928678ae5a814a84844c28fcb556c61e,143528a8db38d8af,ETHUSDT,1h,SHORT_ONLY,wf_2_train,adverse,64,22,42,0,-509.77836731443665,-7.965286989288073,0.8260550969321976,34.375,-50.90635561358885,DESCRIPTIVE_SAMPLE,without_best,1,182.6290303176704,"descriptive deletion of net PnL; no resimulation, return or drawdown"
atr,eth_short_regime_challenge_v1_atr,20261007T203617Z-52e2dc923989,928678ae5a814a84844c28fcb556c61e,143528a8db38d8af,ETHUSDT,1h,SHORT_ONLY,wf_2_train,adverse,61,19,42,0,-1030.9442558892142,-16.90072550638056,0.6482245811965849,31.147540983606557,-53.76456997038094,DESCRIPTIVE_SAMPLE,without_top_5pct,4,703.794918892448,"descriptive deletion of net PnL; no resimulation, return or drawdown"
atr,eth_short_regime_challenge_v1_atr,20261007T203617Z-52e2dc923989,928678ae5a814a84844c28fcb556c61e,143528a8db38d8af,ETHUSDT,1h,SHORT_ONLY,wf_2_train,adverse,58,16,42,0,-1454.044469820364,-25.069732238282135,0.503855713431693,27.586206896551722,-56.63683507215862,DESCRIPTIVE_SAMPLE,without_top_10pct,7,1126.8951328235978,"descriptive deletion of net PnL; no resimulation, return or drawdown"
atr,eth_short_regime_challenge_v1_atr,20261007T203617Z-52e2dc923989,3875d05bf7ea4b85ad0443b65629c1ae,49c4a234fbe24bab,ETHUSDT,1h,SHORT_ONLY,wf_2_train,base,55,19,36,0,-172.55457212489515,-3.137355856816275,0.9305529238434642,34.54545454545455,-51.05742360572659,DESCRIPTIVE_SAMPLE,complete,0,0.0,"descriptive deletion of net PnL; no resimulation, return or drawdown"
atr,eth_short_regime_challenge_v1_atr,20261007T203617Z-52e2dc923989,3875d05bf7ea4b85ad0443b65629c1ae,49c4a234fbe24bab,ETHUSDT,1h,SHORT_ONLY,wf_2_train,base,54,18,36,0,-362.94839781732304,-6.721266626246723,0.8539261828085994,33.333333333333336,-52.105596333402204,DESCRIPTIVE_SAMPLE,without_best,1,190.39382569242798,"descriptive deletion of net PnL; no resimulation, return or drawdown"
atr,eth_short_regime_challenge_v1_atr,20261007T203617Z-52e2dc923989,3875d05bf7ea4b85ad0443b65629c1ae,49c4a234fbe24bab,ETHUSDT,1h,SHORT_ONLY,wf_2_train,base,52,16,36,0,-735.929360002121,-14.152487692348481,0.7038146153965377,30.76923076923077,-55.47800905335627,DESCRIPTIVE_SAMPLE,without_top_5pct,3,563.3747878772258,"descriptive deletion of net PnL; no resimulation, return or drawdown"
atr,eth_short_regime_challenge_v1_atr,20261007T203617Z-52e2dc923989,3875d05bf7ea4b85ad0443b65629c1ae,49c4a234fbe24bab,ETHUSDT,1h,SHORT_ONLY,wf_2_train,base,49,13,36,0,-1219.9427179440304,-24.896790162123068,0.5090164589881228,26.53061224489796,-59.92659840684277,DESCRIPTIVE_SAMPLE,without_top_10pct,6,1047.3881458191354,"descriptive deletion of net PnL; no resimulation, return or drawdown"
atr,eth_short_regime_challenge_v1_atr,20261007T203617Z-52e2dc923989,e14da9ebaa7a4faaaafa10a5a0978bd8,49c4a234fbe24bab,ETHUSDT,1h,SHORT_ONLY,wf_2_train,adverse,55,19,36,0,-348.8880337796533,-6.3434187959936965,0.8640901939111867,34.54545454545455,-53.48523165573279,DESCRIPTIVE_SAMPLE,complete,0,0.0,"descriptive deletion of net PnL; no resimulation, return or drawdown"
atr,eth_short_regime_challenge_v1_atr,20261007T203617Z-52e2dc923989,e14da9ebaa7a4faaaafa10a5a0978bd8,49c4a234fbe24bab,ETHUSDT,1h,SHORT_ONLY,wf_2_train,adverse,54,18,36,0,-529.9113981654962,-9.813174040101782,0.7935722971387142,33.333333333333336,-54.879832668437345,DESCRIPTIVE_SAMPLE,without_best,1,181.02336438584288,"descriptive deletion of net PnL; no resimulation, return or drawdown"
atr,eth_short_regime_challenge_v1_atr,20261007T203617Z-52e2dc923989,e14da9ebaa7a4faaaafa10a5a0978bd8,49c4a234fbe24bab,ETHUSDT,1h,SHORT_ONLY,wf_2_train,adverse,52,16,36,0,-884.4272506894437,-17.00821635941238,0.6554701666358077,30.76923076923077,-58.71339348471402,DESCRIPTIVE_SAMPLE,without_top_5pct,3,535.5392169097903,"descriptive deletion of net PnL; no resimulation, return or drawdown"
atr,eth_short_regime_challenge_v1_atr,20261007T203617Z-52e2dc923989,e14da9ebaa7a4faaaafa10a5a0978bd8,49c4a234fbe24bab,ETHUSDT,1h,SHORT_ONLY,wf_2_train,adverse,49,13,36,0,-1355.190089131191,-27.6569405945141,0.4720838653250389,26.53061224489796,-62.2978372432526,DESCRIPTIVE_SAMPLE,without_top_10pct,6,1006.3020553515375,"descriptive deletion of net PnL; no resimulation, return or drawdown"
atr,eth_short_regime_challenge_v1_atr,20261007T203617Z-52e2dc923989,c9cf87aa5bc448c29f119a780bd4457d,cfd1f51b4fb4e68c,ETHUSDT,1h,SHORT_ONLY,wf_2_train,base,40,14,26,0,-0.3887336027615902,-0.009718340069039755,0.9997795045089978,35.0,-51.90477760121103,DESCRIPTIVE_SAMPLE,complete,0,0.0,"descriptive deletion of net PnL; no resimulation, return or drawdown"
atr,eth_short_regime_challenge_v1_atr,20261007T203617Z-52e2dc923989,c9cf87aa5bc448c29f119a780bd4457d,cfd1f51b4fb4e68c,ETHUSDT,1h,SHORT_ONLY,wf_2_train,base,39,13,26,0,-196.53529150782532,-5.039366448918598,0.8885222545918152,33.333333333333336,-52.91397218354003,DESCRIPTIVE_SAMPLE,without_best,1,196.1465579050637,"descriptive deletion of net PnL; no resimulation, return or drawdown"
atr,eth_short_regime_challenge_v1_atr,20261007T203617Z-52e2dc923989,c9cf87aa5bc448c29f119a780bd4457d,cfd1f51b4fb4e68c,ETHUSDT,1h,SHORT_ONLY,wf_2_train,base,38,12,26,0,-386.8907804882432,-10.181336328637979,0.7805497852464577,31.57894736842105,-53.86136265697859,DESCRIPTIVE_SAMPLE,without_top_5pct,2,386.5020468854816,"descriptive deletion of net PnL; no resimulation, return or drawdown"
atr,eth_short_regime_challenge_v1_atr,20261007T203617Z-52e2dc923989,c9cf87aa5bc448c29f119a780bd4457d,cfd1f51b4fb4e68c,ETHUSDT,1h,SHORT_ONLY,wf_2_train,base,36,10,26,0,-751.9881844591547,-20.888560679420962,0.5734610983403812,27.77777777777778,-54.95303507026786,DESCRIPTIVE_SAMPLE,without_top_10pct,4,751.5994508563931,"descriptive deletion of net PnL; no resimulation, return or drawdown"
atr,eth_short_regime_challenge_v1_atr,20261007T203617Z-52e2dc923989,e9126c1c06d1447f9f52d1384ea70db1,cfd1f51b4fb4e68c,ETHUSDT,1h,SHORT_ONLY,wf_2_train,adverse,40,14,26,0,-140.15037615763111,-3.503759403940778,0.9235464726548934,35.0,-54.61674388263772,DESCRIPTIVE_SAMPLE,complete,0,0.0,"descriptive deletion of net PnL; no resimulation, return or drawdown"
atr,eth_short_regime_challenge_v1_atr,20261007T203617Z-52e2dc923989,e9126c1c06d1447f9f52d1384ea70db1,cfd1f51b4fb4e68c,ETHUSDT,1h,SHORT_ONLY,wf_2_train,adverse,39,13,26,0,-327.0856098342575,-8.386810508570706,0.8215713057556956,33.333333333333336,-55.61808258461843,DESCRIPTIVE_SAMPLE,without_best,1,186.93523367662632,"descriptive deletion of net PnL; no resimulation, return or drawdown"
atr,eth_short_regime_challenge_v1_atr,20261007T203617Z-52e2dc923989,e9126c1c06d1447f9f52d1384ea70db1,cfd1f51b4fb4e68c,ETHUSDT,1h,SHORT_ONLY,wf_2_train,adverse,38,12,26,0,-508.1953729251009,-13.373562445397392,0.7227739952914125,31.57894736842105,-56.75349044196288,DESCRIPTIVE_SAMPLE,without_top_5pct,2,368.0449967674698,"descriptive deletion of net PnL; no resimulation, return or drawdown"
atr,eth_short_regime_challenge_v1_atr,20261007T203617Z-52e2dc923989,e9126c1c06d1447f9f52d1384ea70db1,cfd1f51b4fb4e68c,ETHUSDT,1h,SHORT_ONLY,wf_2_train,adverse,36,10,26,0,-860.8412698940344,-23.912257497056512,0.530401891368337,27.77777777777778,-57.987724220216975,DESCRIPTIVE_SAMPLE,without_top_10pct,4,720.6908937364034,"descriptive deletion of net PnL; no resimulation, return or drawdown"
atr,eth_short_regime_challenge_v1_atr,20261007T203617Z-52e2dc923989,7a7faad88ead405f9c961346cfd0249d,817d1c5f49c84d4e,ETHUSDT,1h,SHORT_ONLY,wf_2_test,base,16,7,9,0,217.57913180949834,13.598695738093646,1.2790143471415847,43.75,-64.51606671828739,INSUFFICIENT_SAMPLE,complete,0,0.0,"descriptive deletion of net PnL; no resimulation, return or drawdown"
atr,eth_short_regime_challenge_v1_atr,20261007T203617Z-52e2dc923989,7a7faad88ead405f9c961346cfd0249d,817d1c5f49c84d4e,ETHUSDT,1h,SHORT_ONLY,wf_2_test,base,15,6,9,0,26.45306739420134,1.7635378262800894,1.0339223034281968,40.0,-68.20296563505518,INSUFFICIENT_SAMPLE,without_best,1,191.12606441529712,"descriptive deletion of net PnL; no resimulation, return or drawdown"
atr,eth_short_regime_challenge_v1_atr,20261007T203617Z-52e2dc923989,7a7faad88ead405f9c961346cfd0249d,817d1c5f49c84d4e,ETHUSDT,1h,SHORT_ONLY,wf_2_test,base,15,6,9,0,26.45306739420134,1.7635378262800894,1.0339223034281968,40.0,-68.20296563505518,INSUFFICIENT_SAMPLE,without_top_5pct,1,191.12606441529712,"descriptive deletion of net PnL; no resimulation, return or drawdown"
atr,eth_short_regime_challenge_v1_atr,20261007T203617Z-52e2dc923989,7a7faad88ead405f9c961346cfd0249d,817d1c5f49c84d4e,ETHUSDT,1h,SHORT_ONLY,wf_2_test,base,14,5,9,0,-163.71310358386344,-11.693793113133102,0.790061186773335,35.714285714285715,-71.51332642339247,INSUFFICIENT_SAMPLE,without_top_10pct,2,381.2922353933618,"descriptive deletion of net PnL; no resimulation, return or drawdown"
atr,eth_short_regime_challenge_v1_atr,20261007T203617Z-52e2dc923989,90686c0852a94e2bb5841880e8383601,817d1c5f49c84d4e,ETHUSDT,1h,SHORT_ONLY,wf_2_test,adverse,16,7,9,0,168.9311659165787,10.558197869786168,1.2121691762660949,43.75,-67.86244824647159,INSUFFICIENT_SAMPLE,complete,0,0.0,"descriptive deletion of net PnL; no resimulation, return or drawdown"
atr,eth_short_regime_challenge_v1_atr,20261007T203617Z-52e2dc923989,90686c0852a94e2bb5841880e8383601,817d1c5f49c84d4e,ETHUSDT,1h,SHORT_ONLY,wf_2_test,adverse,15,6,9,0,-17.232163081450906,-1.1488108720967272,0.9783572567771186,40.0,-71.6195683815394,INSUFFICIENT_SAMPLE,without_best,1,186.1633289980297,"descriptive deletion of net PnL; no resimulation, return or drawdown"
atr,eth_short_regime_challenge_v1_atr,20261007T203617Z-52e2dc923989,90686c0852a94e2bb5841880e8383601,817d1c5f49c84d4e,ETHUSDT,1h,SHORT_ONLY,wf_2_test,adverse,15,6,9,0,-17.232163081450906,-1.1488108720967272,0.9783572567771186,40.0,-71.6195683815394,INSUFFICIENT_SAMPLE,without_top_5pct,1,186.1633289980297,"descriptive deletion of net PnL; no resimulation, return or drawdown"
atr,eth_short_regime_challenge_v1_atr,20261007T203617Z-52e2dc923989,90686c0852a94e2bb5841880e8383601,817d1c5f49c84d4e,ETHUSDT,1h,SHORT_ONLY,wf_2_test,adverse,14,5,9,0,-198.3653524017626,-14.168953742983044,0.7508629435518195,35.714285714285715,-74.8810789919128,INSUFFICIENT_SAMPLE,without_top_10pct,2,367.2965183183413,"descriptive deletion of net PnL; no resimulation, return or drawdown"
atr,eth_short_regime_challenge_v1_atr,20261007T203617Z-52e2dc923989,abc818bf12d54499a28c6ac61a9ae53d,cf431489718e192b,ETHUSDT,1h,SHORT_ONLY,wf_3_train,base,99,42,57,0,764.4579508746593,7.721797483582417,1.1785947272964896,42.42424242424242,-51.34375496112192,DESCRIPTIVE_SAMPLE,complete,0,0.0,"descriptive deletion of net PnL; no resimulation, return or drawdown"
atr,eth_short_regime_challenge_v1_atr,20261007T203617Z-52e2dc923989,abc818bf12d54499a28c6ac61a9ae53d,cf431489718e192b,ETHUSDT,1h,SHORT_ONLY,wf_3_train,base,98,41,57,0,558.2178744057427,5.696100759242272,1.1304123646532205,41.83673469387755,-51.67128005593264,DESCRIPTIVE_SAMPLE,without_best,1,206.24007646891664,"descriptive deletion of net PnL; no resimulation, return or drawdown"
atr,eth_short_regime_challenge_v1_atr,20261007T203617Z-52e2dc923989,abc818bf12d54499a28c6ac61a9ae53d,cf431489718e192b,ETHUSDT,1h,SHORT_ONLY,wf_3_train,base,94,37,57,0,-218.42432451327784,-2.323663026736998,0.948971120482512,39.361702127659576,-52.637505410686714,DESCRIPTIVE_SAMPLE,without_top_5pct,5,982.882275387937,"descriptive deletion of net PnL; no resimulation, return or drawdown"
atr,eth_short_regime_challenge_v1_atr,20261007T203617Z-52e2dc923989,abc818bf12d54499a28c6ac61a9ae53d,cf431489718e192b,ETHUSDT,1h,SHORT_ONLY,wf_3_train,base,89,32,57,0,-1006.5361419166385,-11.309394852995938,0.7648503131218832,35.95505617977528,-54.164373662794176,DESCRIPTIVE_SAMPLE,without_top_10pct,10,1770.9940927912974,"descriptive deletion of net PnL; no resimulation, return or drawdown"
atr,eth_short_regime_challenge_v1_atr,20261007T203617Z-52e2dc923989,92b66e2c959a4a3186a806e9ee9286b6,cf431489718e192b,ETHUSDT,1h,SHORT_ONLY,wf_3_train,adverse,98,42,56,0,528.2048397911773,5.3898453039916046,1.1223772772390004,42.857142857142854,-53.661209070105755,DESCRIPTIVE_SAMPLE,complete,0,0.0,"descriptive deletion of net PnL; no resimulation, return or drawdown"
atr,eth_short_regime_challenge_v1_atr,20261007T203617Z-52e2dc923989,92b66e2c959a4a3186a806e9ee9286b6,cf431489718e192b,ETHUSDT,1h,SHORT_ONLY,wf_3_train,adverse,97,41,56,0,330.65301331691387,3.4087939517207615,1.0766074303609035,42.2680412371134,-54.70233865370758,DESCRIPTIVE_SAMPLE,without_best,1,197.5518264742634,"descriptive deletion of net PnL; no resimulation, return or drawdown"
atr,eth_short_regime_challenge_v1_atr,20261007T203617Z-52e2dc923989,92b66e2c959a4a3186a806e9ee9286b6,cf431489718e192b,ETHUSDT,1h,SHORT_ONLY,wf_3_train,adverse,93,37,56,0,-412.19668713752674,-4.432222442338997,0.9045001021218035,39.784946236559136,-56.09524936201521,DESCRIPTIVE_SAMPLE,without_top_5pct,5,940.401526928704,"descriptive deletion of net PnL; no resimulation, return or drawdown"
atr,eth_short_regime_challenge_v1_atr,20261007T203617Z-52e2dc923989,92b66e2c959a4a3186a806e9ee9286b6,cf431489718e192b,ETHUSDT,1h,SHORT_ONLY,wf_3_train,adverse,88,32,56,0,-1173.7311345875569,-13.337853802131328,0.7280637933604427,36.36363636363637,-57.14389355992827,DESCRIPTIVE_SAMPLE,without_top_10pct,10,1701.935974378734,"descriptive deletion of net PnL; no resimulation, return or drawdown"
atr,eth_short_regime_challenge_v1_atr,20261007T203617Z-52e2dc923989,542a359fa6ba4caaaf59f75067218bd4,b189830689073f8b,ETHUSDT,1h,SHORT_ONLY,wf_3_train,base,85,35,50,0,670.196253534395,7.884661806287001,1.1826650708541682,41.1764705882353,-49.34351829686888,DESCRIPTIVE_SAMPLE,complete,0,0.0,"descriptive deletion of net PnL; no resimulation, return or drawdown"
atr,eth_short_regime_challenge_v1_atr,20261007T203617Z-52e2dc923989,542a359fa6ba4caaaf59f75067218bd4,b189830689073f8b,ETHUSDT,1h,SHORT_ONLY,wf_3_train,base,84,34,50,0,468.0668442940397,5.572224336833806,1.1275737708567626,40.476190476190474,-50.688558042354195,DESCRIPTIVE_SAMPLE,without_best,1,202.12940924035536,"descriptive deletion of net PnL; no resimulation, return or drawdown"
atr,eth_short_regime_challenge_v1_atr,20261007T203617Z-52e2dc923989,542a359fa6ba4caaaf59f75067218bd4,b189830689073f8b,ETHUSDT,1h,SHORT_ONLY,wf_3_train,base,80,30,50,0,-301.0269433814633,-3.762836792268291,0.9179537222838762,37.5,-52.637505410686714,DESCRIPTIVE_SAMPLE,without_top_5pct,5,971.2231969158584,"descriptive deletion of net PnL; no resimulation, return or drawdown"
atr,eth_short_regime_challenge_v1_atr,20261007T203617Z-52e2dc923989,542a359fa6ba4caaaf59f75067218bd4,b189830689073f8b,ETHUSDT,1h,SHORT_ONLY,wf_3_train,base,76,26,50,0,-941.0654811686729,-12.382440541693065,0.7435082755393743,34.21052631578947,-53.855863238187425,DESCRIPTIVE_SAMPLE,without_top_10pct,9,1611.261734703068,"descriptive deletion of net PnL; no resimulation, return or drawdown"
atr,eth_short_regime_challenge_v1_atr,20261007T203617Z-52e2dc923989,ebd8cfe14fe9454a8a2f9a7d0e6adcf5,b189830689073f8b,ETHUSDT,1h,SHORT_ONLY,wf_3_train,adverse,84,35,49,0,475.36651539089644,5.659125183224957,1.1283955889020005,41.666666666666664,-52.49908602783223,DESCRIPTIVE_SAMPLE,complete,0,0.0,"descriptive deletion of net PnL; no resimulation, return or drawdown"
atr,eth_short_regime_challenge_v1_atr,20261007T203617Z-52e2dc923989,ebd8cfe14fe9454a8a2f9a7d0e6adcf5,b189830689073f8b,ETHUSDT,1h,SHORT_ONLY,wf_3_train,adverse,83,34,49,0,281.67860352915676,3.3937181148091176,1.0760808534262858,40.963855421686745,-52.696914718279615,DESCRIPTIVE_SAMPLE,without_best,1,193.68791186173982,"descriptive deletion of net PnL; no resimulation, return or drawdown"
atr,eth_short_regime_challenge_v1_atr,20261007T203617Z-52e2dc923989,ebd8cfe14fe9454a8a2f9a7d0e6adcf5,b189830689073f8b,ETHUSDT,1h,SHORT_ONLY,wf_3_train,adverse,79,30,49,0,-455.5587321797981,-5.766566230124027,0.8769544555539934,37.9746835443038,-56.09524936201521,DESCRIPTIVE_SAMPLE,without_top_5pct,5,930.9252475706945,"descriptive deletion of net PnL; no resimulation, return or drawdown"
atr,eth_short_regime_challenge_v1_atr,20261007T203617Z-52e2dc923989,ebd8cfe14fe9454a8a2f9a7d0e6adcf5,b189830689073f8b,ETHUSDT,1h,SHORT_ONLY,wf_3_train,adverse,75,26,49,0,-1076.057043728125,-14.347427249708335,0.7093590453925692,34.666666666666664,-56.83840636988704,DESCRIPTIVE_SAMPLE,without_top_10pct,9,1551.4235591190215,"descriptive deletion of net PnL; no resimulation, return or drawdown"
atr,eth_short_regime_challenge_v1_atr,20261007T203617Z-52e2dc923989,53924d2a156349a395990320126fe535,817d1c5f49c84d4e,ETHUSDT,1h,SHORT_ONLY,wf_3_train,base,70,29,41,0,633.5730648270825,9.051043783244035,1.208863829664985,41.42857142857143,-51.83581179964315,DESCRIPTIVE_SAMPLE,complete,0,0.0,"descriptive deletion of net PnL; no resimulation, return or drawdown"
atr,eth_short_regime_challenge_v1_atr,20261007T203617Z-52e2dc923989,53924d2a156349a395990320126fe535,817d1c5f49c84d4e,ETHUSDT,1h,SHORT_ONLY,wf_3_train,base,69,28,41,0,425.87973906447604,6.172170131369218,1.1403956042575891,40.57971014492754,-52.969842128540584,DESCRIPTIVE_SAMPLE,without_best,1,207.6933257626067,"descriptive deletion of net PnL; no resimulation, return or drawdown"
atr,eth_short_regime_challenge_v1_atr,20261007T203617Z-52e2dc923989,53924d2a156349a395990320126fe535,817d1c5f49c84d4e,ETHUSDT,1h,SHORT_ONLY,wf_3_train,base,66,25,41,0,-164.6036133261296,-2.4939941413049938,0.945736738247588,37.878787878787875,-54.273751811802654,DESCRIPTIVE_SAMPLE,without_top_5pct,4,798.1766781532123,"descriptive deletion of net PnL; no resimulation, return or drawdown"
atr,eth_short_regime_challenge_v1_atr,20261007T203617Z-52e2dc923989,53924d2a156349a395990320126fe535,817d1c5f49c84d4e,ETHUSDT,1h,SHORT_ONLY,wf_3_train,base,63,22,41,0,-679.2242112803708,-10.781336686990013,0.7760868038038896,34.92063492063492,-55.11966993606481,DESCRIPTIVE_SAMPLE,without_top_10pct,7,1312.7972761074534,"descriptive deletion of net PnL; no resimulation, return or drawdown"
atr,eth_short_regime_challenge_v1_atr,20261007T203617Z-52e2dc923989,593c756930464d98b9b6fb4f2a667c7a,817d1c5f49c84d4e,ETHUSDT,1h,SHORT_ONLY,wf_3_train,adverse,70,29,41,0,395.78091867104405,5.6540131238720575,1.1269124459176545,41.42857142857143,-54.684454910168824,DESCRIPTIVE_SAMPLE,complete,0,0.0,"descriptive deletion of net PnL; no resimulation, return or drawdown"
atr,eth_short_regime_challenge_v1_atr,20261007T203617Z-52e2dc923989,593c756930464d98b9b6fb4f2a667c7a,817d1c5f49c84d4e,ETHUSDT,1h,SHORT_ONLY,wf_3_train,adverse,69,28,41,0,198.11851651197867,2.871282847999691,1.06352935254317,40.57971014492754,-55.59060464273638,DESCRIPTIVE_SAMPLE,without_best,1,197.66240215906532,"descriptive deletion of net PnL; no resimulation, return or drawdown"
atr,eth_short_regime_challenge_v1_atr,20261007T203617Z-52e2dc923989,593c756930464d98b9b6fb4f2a667c7a,817d1c5f49c84d4e,ETHUSDT,1h,SHORT_ONLY,wf_3_train,adverse,66,25,41,0,-361.4411720405725,-5.476381394554129,0.8840990532008465,37.878787878787875,-57.41268877329414,DESCRIPTIVE_SAMPLE,without_top_5pct,4,757.2220907116166,"descriptive deletion of net PnL; no resimulation, return or drawdown"
atr,eth_short_regime_challenge_v1_atr,20261007T203617Z-52e2dc923989,593c756930464d98b9b6fb4f2a667c7a,817d1c5f49c84d4e,ETHUSDT,1h,SHORT_ONLY,wf_3_train,adverse,63,22,41,0,-862.0565667415161,-13.683437567325653,0.7235700301775416,34.92063492063492,-58.07763937900195,DESCRIPTIVE_SAMPLE,without_top_10pct,7,1257.8374854125602,"descriptive deletion of net PnL; no resimulation, return or drawdown"
atr,eth_short_regime_challenge_v1_atr,20261007T203617Z-52e2dc923989,6af176a72fcc45b293b76ef8a6b0cdf2,143528a8db38d8af,ETHUSDT,1h,SHORT_ONLY,wf_3_train,base,73,30,43,0,512.3288951298941,7.018204042875262,1.1555465981659456,41.0958904109589,-51.26822693897741,DESCRIPTIVE_SAMPLE,complete,0,0.0,"descriptive deletion of net PnL; no resimulation, return or drawdown"
atr,eth_short_regime_challenge_v1_atr,20261007T203617Z-52e2dc923989,6af176a72fcc45b293b76ef8a6b0cdf2,143528a8db38d8af,ETHUSDT,1h,SHORT_ONLY,wf_3_train,base,72,29,43,0,310.4753843404427,4.312158115839482,1.0942624753502848,40.27777777777778,-51.490864160124914,DESCRIPTIVE_SAMPLE,without_best,1,201.8535107894515,"descriptive deletion of net PnL; no resimulation, return or drawdown"
atr,eth_short_regime_challenge_v1_atr,20261007T203617Z-52e2dc923989,6af176a72fcc45b293b76ef8a6b0cdf2,143528a8db38d8af,ETHUSDT,1h,SHORT_ONLY,wf_3_train,base,69,26,43,0,-251.99748625755223,-3.6521374819935106,0.9234918192076713,37.68115942028985,-53.24547537404349,DESCRIPTIVE_SAMPLE,without_top_5pct,4,764.3263813874463,"descriptive deletion of net PnL; no resimulation, return or drawdown"
atr,eth_short_regime_challenge_v1_atr,20261007T203617Z-52e2dc923989,6af176a72fcc45b293b76ef8a6b0cdf2,143528a8db38d8af,ETHUSDT,1h,SHORT_ONLY,wf_3_train,base,65,22,43,0,-911.8048958852282,-14.027767629003511,0.7231697234058156,33.84615384615385,-61.95504436919385,DESCRIPTIVE_SAMPLE,without_top_10pct,8,1424.1337910151221,"descriptive deletion of net PnL; no resimulation, return or drawdown"
atr,eth_short_regime_challenge_v1_atr,20261007T203617Z-52e2dc923989,e8deb2d0aa5b48caacc7e75a9631e122,143528a8db38d8af,ETHUSDT,1h,SHORT_ONLY,wf_3_train,adverse,73,30,43,0,283.0662525174015,3.8776198974986507,1.083978916633706,41.0958904109589,-53.87195160316455,DESCRIPTIVE_SAMPLE,complete,0,0.0,"descriptive deletion of net PnL; no resimulation, return or drawdown"
atr,eth_short_regime_challenge_v1_atr,20261007T203617Z-52e2dc923989,e8deb2d0aa5b48caacc7e75a9631e122,143528a8db38d8af,ETHUSDT,1h,SHORT_ONLY,wf_3_train,adverse,72,29,43,0,89.94131530046366,1.2491849347286619,1.026683414756689,40.27777777777778,-54.469089533231454,DESCRIPTIVE_SAMPLE,without_best,1,193.12493721693775,"descriptive deletion of net PnL; no resimulation, return or drawdown"
atr,eth_short_regime_challenge_v1_atr,20261007T203617Z-52e2dc923989,e8deb2d0aa5b48caacc7e75a9631e122,143528a8db38d8af,ETHUSDT,1h,SHORT_ONLY,wf_3_train,adverse,69,26,43,0,-450.8253922278134,-6.5337013366349765,0.8662510006277422,37.68115942028985,-55.886334421301235,DESCRIPTIVE_SAMPLE,without_top_5pct,4,733.8916447452148,"descriptive deletion of net PnL; no resimulation, return or drawdown"
atr,eth_short_regime_challenge_v1_atr,20261007T203617Z-52e2dc923989,e8deb2d0aa5b48caacc7e75a9631e122,143528a8db38d8af,ETHUSDT,1h,SHORT_ONLY,wf_3_train,adverse,65,22,43,0,-1087.3044540392,-16.727760831372308,0.6774230439370306,33.84615384615385,-64.55360572661786,DESCRIPTIVE_SAMPLE,without_top_10pct,8,1370.3707065566014,"descriptive deletion of net PnL; no resimulation, return or drawdown"
atr,eth_short_regime_challenge_v1_atr,20261007T203617Z-52e2dc923989,67795a05cc6f4e188327e4a1b18ff84c,49c4a234fbe24bab,ETHUSDT,1h,SHORT_ONLY,wf_3_train,base,61,22,39,0,-92.28443513035332,-1.512859592300874,0.9673347812802822,36.0655737704918,-53.02834144421174,DESCRIPTIVE_SAMPLE,complete,0,0.0,"descriptive deletion of net PnL; no resimulation, return or drawdown"
atr,eth_short_regime_challenge_v1_atr,20261007T203617Z-52e2dc923989,67795a05cc6f4e188327e4a1b18ff84c,49c4a234fbe24bab,ETHUSDT,1h,SHORT_ONLY,wf_3_train,base,60,21,39,0,-282.22884014306436,-4.703814002384406,0.9001016067415553,35.0,-56.27281997369108,DESCRIPTIVE_SAMPLE,without_best,1,189.944405012711,"descriptive deletion of net PnL; no resimulation, return or drawdown"
atr,eth_short_regime_challenge_v1_atr,20261007T203617Z-52e2dc923989,67795a05cc6f4e188327e4a1b18ff84c,49c4a234fbe24bab,ETHUSDT,1h,SHORT_ONLY,wf_3_train,base,57,18,39,0,-829.2684467919096,-14.548569241963326,0.7064701631043651,31.57894736842105,-59.78514727561561,DESCRIPTIVE_SAMPLE,without_top_5pct,4,736.9840116615562,"descriptive deletion of net PnL; no resimulation, return or drawdown"
atr,eth_short_regime_challenge_v1_atr,20261007T203617Z-52e2dc923989,67795a05cc6f4e188327e4a1b18ff84c,49c4a234fbe24bab,ETHUSDT,1h,SHORT_ONLY,wf_3_train,base,54,15,39,0,-1300.1202896602097,-24.076301660374252,0.539806322011877,27.77777777777778,-61.51395689359387,DESCRIPTIVE_SAMPLE,without_top_10pct,7,1207.8358545298563,"descriptive deletion of net PnL; no resimulation, return or drawdown"
atr,eth_short_regime_challenge_v1_atr,20261007T203617Z-52e2dc923989,a1f86c08006f4b97abbf7c0e81f7e95f,49c4a234fbe24bab,ETHUSDT,1h,SHORT_ONLY,wf_3_train,adverse,61,22,39,0,-278.873563478994,-4.5716977619507215,0.9040146940573043,36.0655737704918,-56.30507557428708,DESCRIPTIVE_SAMPLE,complete,0,0.0,"descriptive deletion of net PnL; no resimulation, return or drawdown"
atr,eth_short_regime_challenge_v1_atr,20261007T203617Z-52e2dc923989,a1f86c08006f4b97abbf7c0e81f7e95f,49c4a234fbe24bab,ETHUSDT,1h,SHORT_ONLY,wf_3_train,adverse,60,21,39,0,-459.99544688679885,-7.666590781446647,0.8416744737261471,35.0,-59.0407932060163,DESCRIPTIVE_SAMPLE,without_best,1,181.1218834078048,"descriptive deletion of net PnL; no resimulation, return or drawdown"
atr,eth_short_regime_challenge_v1_atr,20261007T203617Z-52e2dc923989,a1f86c08006f4b97abbf7c0e81f7e95f,49c4a234fbe24bab,ETHUSDT,1h,SHORT_ONLY,wf_3_train,adverse,57,18,39,0,-987.3805988076068,-17.32246664574749,0.6601541297923381,31.57894736842105,-62.331771695637116,DESCRIPTIVE_SAMPLE,without_top_5pct,4,708.5070353286128,"descriptive deletion of net PnL; no resimulation, return or drawdown"
atr,eth_short_regime_challenge_v1_atr,20261007T203617Z-52e2dc923989,a1f86c08006f4b97abbf7c0e81f7e95f,49c4a234fbe24bab,ETHUSDT,1h,SHORT_ONLY,wf_3_train,adverse,54,15,39,0,-1443.008612743543,-26.722381717473016,0.5033318273549187,27.77777777777778,-64.07295600065977,DESCRIPTIVE_SAMPLE,without_top_10pct,7,1164.1350492645486,"descriptive deletion of net PnL; no resimulation, return or drawdown"
atr,eth_short_regime_challenge_v1_atr,20261007T203617Z-52e2dc923989,e4d62c73cb0340c985343dc825f2d6eb,cfd1f51b4fb4e68c,ETHUSDT,1h,SHORT_ONLY,wf_3_train,base,46,17,29,0,91.43357998466094,1.9876865214056725,1.0438920121186883,36.95652173913044,-52.880141733029106,DESCRIPTIVE_SAMPLE,complete,0,0.0,"descriptive deletion of net PnL; no resimulation, return or drawdown"
atr,eth_short_regime_challenge_v1_atr,20261007T203617Z-52e2dc923989,e4d62c73cb0340c985343dc825f2d6eb,cfd1f51b4fb4e68c,ETHUSDT,1h,SHORT_ONLY,wf_3_train,base,45,16,29,0,-101.13973932138373,-2.247549762697416,0.9514486180600182,35.55555555555556,-53.81025459078526,DESCRIPTIVE_SAMPLE,without_best,1,192.57331930604462,"descriptive deletion of net PnL; no resimulation, return or drawdown"
atr,eth_short_regime_challenge_v1_atr,20261007T203617Z-52e2dc923989,e4d62c73cb0340c985343dc825f2d6eb,cfd1f51b4fb4e68c,ETHUSDT,1h,SHORT_ONLY,wf_3_train,base,43,14,29,0,-473.3476298157237,-11.008084414319155,0.7727729800396143,32.55813953488372,-54.09356186334701,DESCRIPTIVE_SAMPLE,without_top_5pct,3,564.7812098003844,"descriptive deletion of net PnL; no resimulation, return or drawdown"
atr,eth_short_regime_challenge_v1_atr,20261007T203617Z-52e2dc923989,e4d62c73cb0340c985343dc825f2d6eb,cfd1f51b4fb4e68c,ETHUSDT,1h,SHORT_ONLY,wf_3_train,base,41,12,29,0,-816.5907240159768,-19.916846927218945,0.6080016777147904,29.26829268292683,-60.62094907543284,DESCRIPTIVE_SAMPLE,without_top_10pct,5,908.0243040006375,"descriptive deletion of net PnL; no resimulation, return or drawdown"
atr,eth_short_regime_challenge_v1_atr,20261007T203617Z-52e2dc923989,ce842268a14a4b8ca48d9cc203e9e8a1,cfd1f51b4fb4e68c,ETHUSDT,1h,SHORT_ONLY,wf_3_train,adverse,46,17,29,0,-55.161873444686975,-1.1991711618410212,0.9743341129150419,36.95652173913044,-55.86261122924282,DESCRIPTIVE_SAMPLE,complete,0,0.0,"descriptive deletion of net PnL; no resimulation, return or drawdown"
atr,eth_short_regime_challenge_v1_atr,20261007T203617Z-52e2dc923989,ce842268a14a4b8ca48d9cc203e9e8a1,cfd1f51b4fb4e68c,ETHUSDT,1h,SHORT_ONLY,wf_3_train,adverse,45,16,29,0,-239.16264768144782,-5.3147255040321735,0.8887216635873175,35.55555555555556,-56.98017572375354,DESCRIPTIVE_SAMPLE,without_best,1,184.00077423676078,"descriptive deletion of net PnL; no resimulation, return or drawdown"
atr,eth_short_regime_challenge_v1_atr,20261007T203617Z-52e2dc923989,ce842268a14a4b8ca48d9cc203e9e8a1,cfd1f51b4fb4e68c,ETHUSDT,1h,SHORT_ONLY,wf_3_train,adverse,43,14,29,0,-596.4588016417589,-13.871134921901369,0.7224778040013905,32.55813953488372,-57.17472168450301,DESCRIPTIVE_SAMPLE,without_top_5pct,3,541.2969281970718,"descriptive deletion of net PnL; no resimulation, return or drawdown"
atr,eth_short_regime_challenge_v1_atr,20261007T203617Z-52e2dc923989,ce842268a14a4b8ca48d9cc203e9e8a1,cfd1f51b4fb4e68c,ETHUSDT,1h,SHORT_ONLY,wf_3_train,adverse,41,12,29,0,-932.8562500850245,-22.752591465488404,0.5659577587554558,29.26829268292683,-63.198155266624156,DESCRIPTIVE_SAMPLE,without_top_10pct,5,877.6943766403376,"descriptive deletion of net PnL; no resimulation, return or drawdown"
atr,eth_short_regime_challenge_v1_atr,20261007T203617Z-52e2dc923989,fe9af974b0e24ae58865c7c8c1de2690,817d1c5f49c84d4e,ETHUSDT,1h,SHORT_ONLY,wf_3_test,base,14,6,8,0,255.96439859566107,18.283171328261506,1.4457672728952902,42.857142857142854,-37.88862886699908,INSUFFICIENT_SAMPLE,complete,0,0.0,"descriptive deletion of net PnL; no resimulation, return or drawdown"
atr,eth_short_regime_challenge_v1_atr,20261007T203617Z-52e2dc923989,fe9af974b0e24ae58865c7c8c1de2690,817d1c5f49c84d4e,ETHUSDT,1h,SHORT_ONLY,wf_3_test,base,13,5,8,0,60.43345640419203,4.6487274157070795,1.1052461092274326,38.46153846153846,-39.17818223925165,INSUFFICIENT_SAMPLE,without_best,1,195.53094219146897,"descriptive deletion of net PnL; no resimulation, return or drawdown"
atr,eth_short_regime_challenge_v1_atr,20261007T203617Z-52e2dc923989,fe9af974b0e24ae58865c7c8c1de2690,817d1c5f49c84d4e,ETHUSDT,1h,SHORT_ONLY,wf_3_test,base,13,5,8,0,60.43345640419203,4.6487274157070795,1.1052461092274326,38.46153846153846,-39.17818223925165,INSUFFICIENT_SAMPLE,without_top_5pct,1,195.53094219146897,"descriptive deletion of net PnL; no resimulation, return or drawdown"
atr,eth_short_regime_challenge_v1_atr,20261007T203617Z-52e2dc923989,fe9af974b0e24ae58865c7c8c1de2690,817d1c5f49c84d4e,ETHUSDT,1h,SHORT_ONLY,wf_3_test,base,12,4,8,0,-81.33130895074804,-6.777609079229003,0.8583598500772371,33.333333333333336,-40.54133858068682,INSUFFICIENT_SAMPLE,without_top_10pct,2,337.295707546409,"descriptive deletion of net PnL; no resimulation, return or drawdown"
atr,eth_short_regime_challenge_v1_atr,20261007T203617Z-52e2dc923989,0778625bfecc4e9c8f32a4783048e827,817d1c5f49c84d4e,ETHUSDT,1h,SHORT_ONLY,wf_3_test,adverse,14,6,8,0,205.8303492576373,14.70216780411695,1.3446944871945907,42.857142857142854,-41.23336203285415,INSUFFICIENT_SAMPLE,complete,0,0.0,"descriptive deletion of net PnL; no resimulation, return or drawdown"
atr,eth_short_regime_challenge_v1_atr,20261007T203617Z-52e2dc923989,0778625bfecc4e9c8f32a4783048e827,817d1c5f49c84d4e,ETHUSDT,1h,SHORT_ONLY,wf_3_test,adverse,13,5,8,0,19.551642894420738,1.5039725303400568,1.0327422245825784,38.46153846153846,-42.49858178402012,INSUFFICIENT_SAMPLE,without_best,1,186.2787063632166,"descriptive deletion of net PnL; no resimulation, return or drawdown"
atr,eth_short_regime_challenge_v1_atr,20261007T203617Z-52e2dc923989,0778625bfecc4e9c8f32a4783048e827,817d1c5f49c84d4e,ETHUSDT,1h,SHORT_ONLY,wf_3_test,adverse,13,5,8,0,19.551642894420738,1.5039725303400568,1.0327422245825784,38.46153846153846,-42.49858178402012,INSUFFICIENT_SAMPLE,without_top_5pct,1,186.2787063632166,"descriptive deletion of net PnL; no resimulation, return or drawdown"
atr,eth_short_regime_challenge_v1_atr,20261007T203617Z-52e2dc923989,0778625bfecc4e9c8f32a4783048e827,817d1c5f49c84d4e,ETHUSDT,1h,SHORT_ONLY,wf_3_test,adverse,12,4,8,0,-118.9435720283058,-9.911964335692149,0.8008107467472102,33.333333333333336,-43.8440331666543,INSUFFICIENT_SAMPLE,without_top_10pct,2,324.7739212859431,"descriptive deletion of net PnL; no resimulation, return or drawdown"
donchian_atr,eth_short_regime_challenge_v1_donchian_atr,20261007T203647Z-194d4424b93c,b8723678ab154b20b0a084d4473e110a,ff43266d9f6c730a,ETHUSDT,1h,SHORT_ONLY,train,base,61,17,44,0,-818.1380913309061,-13.412099857883707,0.6168569569616715,27.868852459016395,-34.67459753417308,DESCRIPTIVE_SAMPLE,complete,0,0.0,"descriptive deletion of net PnL; no resimulation, return or drawdown"
donchian_atr,eth_short_regime_challenge_v1_donchian_atr,20261007T203647Z-194d4424b93c,b8723678ab154b20b0a084d4473e110a,ff43266d9f6c730a,ETHUSDT,1h,SHORT_ONLY,train,base,60,16,44,0,-979.8763196414211,-16.331271994023684,0.5411131703966056,26.666666666666668,-35.229517424685724,DESCRIPTIVE_SAMPLE,without_best,1,161.73822831051496,"descriptive deletion of net PnL; no resimulation, return or drawdown"
donchian_atr,eth_short_regime_challenge_v1_donchian_atr,20261007T203647Z-194d4424b93c,b8723678ab154b20b0a084d4473e110a,ff43266d9f6c730a,ETHUSDT,1h,SHORT_ONLY,train,base,57,13,44,0,-1336.9598247930455,-23.455435522685008,0.37388704777466053,22.80701754385965,-36.40437512234682,DESCRIPTIVE_SAMPLE,without_top_5pct,4,518.8217334621395,"descriptive deletion of net PnL; no resimulation, return or drawdown"
donchian_atr,eth_short_regime_challenge_v1_donchian_atr,20261007T203647Z-194d4424b93c,b8723678ab154b20b0a084d4473e110a,ff43266d9f6c730a,ETHUSDT,1h,SHORT_ONLY,train,base,54,10,44,0,-1594.326812112835,-29.524570594682128,0.25335926433054806,18.51851851851852,-37.604346139308866,DESCRIPTIVE_SAMPLE,without_top_10pct,7,776.1887207819287,"descriptive deletion of net PnL; no resimulation, return or drawdown"
donchian_atr,eth_short_regime_challenge_v1_donchian_atr,20261007T203647Z-194d4424b93c,6ebeceed1be44ea48dcc281a80fddd38,ff43266d9f6c730a,ETHUSDT,1h,SHORT_ONLY,train,adverse,59,16,43,0,-970.2188534255531,-16.444387346195814,0.5516620587058368,27.11864406779661,-38.067778112051144,DESCRIPTIVE_SAMPLE,complete,0,0.0,"descriptive deletion of net PnL; no resimulation, return or drawdown"
donchian_atr,eth_short_regime_challenge_v1_donchian_atr,20261007T203647Z-194d4424b93c,6ebeceed1be44ea48dcc281a80fddd38,ff43266d9f6c730a,ETHUSDT,1h,SHORT_ONLY,train,adverse,58,15,43,0,-1125.5971500795008,-19.406847415163806,0.47986177839004124,25.862068965517242,-38.29354251528679,DESCRIPTIVE_SAMPLE,without_best,1,155.37829665394773,"descriptive deletion of net PnL; no resimulation, return or drawdown"
donchian_atr,eth_short_regime_challenge_v1_donchian_atr,20261007T203647Z-194d4424b93c,6ebeceed1be44ea48dcc281a80fddd38,ff43266d9f6c730a,ETHUSDT,1h,SHORT_ONLY,train,adverse,56,13,43,0,-1373.2498579785158,-24.522318892473496,0.3654215107912949,23.214285714285715,-39.090471557242054,DESCRIPTIVE_SAMPLE,without_top_5pct,3,403.0310045529627,"descriptive deletion of net PnL; no resimulation, return or drawdown"
donchian_atr,eth_short_regime_challenge_v1_donchian_atr,20261007T203647Z-194d4424b93c,6ebeceed1be44ea48dcc281a80fddd38,ff43266d9f6c730a,ETHUSDT,1h,SHORT_ONLY,train,adverse,53,10,43,0,-1659.0418779130289,-31.302676941755262,0.23335707460419514,18.867924528301888,-39.77790201614445,DESCRIPTIVE_SAMPLE,without_top_10pct,6,688.8230244874757,"descriptive deletion of net PnL; no resimulation, return or drawdown"
donchian_atr,eth_short_regime_challenge_v1_donchian_atr,20261007T203647Z-194d4424b93c,a3bf8e8b459c457294c431e6b4c51375,e0dd4c731d1d27f0,ETHUSDT,1h,SHORT_ONLY,train,base,58,17,41,0,-722.4264234718648,-12.455627990894222,0.6478411689414839,29.310344827586206,-35.69272562377231,DESCRIPTIVE_SAMPLE,complete,0,0.0,"descriptive deletion of net PnL; no resimulation, return or drawdown"
donchian_atr,eth_short_regime_challenge_v1_donchian_atr,20261007T203647Z-194d4424b93c,a3bf8e8b459c457294c431e6b4c51375,e0dd4c731d1d27f0,ETHUSDT,1h,SHORT_ONLY,train,base,57,16,41,0,-885.8506744139596,-15.541239901999292,0.5681772871833949,28.07017543859649,-36.56886284133954,DESCRIPTIVE_SAMPLE,without_best,1,163.42425094209486,"descriptive deletion of net PnL; no resimulation, return or drawdown"
donchian_atr,eth_short_regime_challenge_v1_donchian_atr,20261007T203647Z-194d4424b93c,a3bf8e8b459c457294c431e6b4c51375,e0dd4c731d1d27f0,ETHUSDT,1h,SHORT_ONLY,train,base,55,14,41,0,-1141.229728037614,-20.749631418865707,0.4436885003963225,25.454545454545453,-37.16495655053021,DESCRIPTIVE_SAMPLE,without_top_5pct,3,418.80330456574904,"descriptive deletion of net PnL; no resimulation, return or drawdown"
donchian_atr,eth_short_regime_challenge_v1_donchian_atr,20261007T203647Z-194d4424b93c,a3bf8e8b459c457294c431e6b4c51375,e0dd4c731d1d27f0,ETHUSDT,1h,SHORT_ONLY,train,base,52,11,41,0,-1428.5277809313734,-27.471688094834104,0.30364026408427636,21.153846153846153,-39.65687031749239,DESCRIPTIVE_SAMPLE,without_top_10pct,6,706.1013574595087,"descriptive deletion of net PnL; no resimulation, return or drawdown"
donchian_atr,eth_short_regime_challenge_v1_donchian_atr,20261007T203647Z-194d4424b93c,ff049b6d0b4a42d191e26cc3afc9e1fc,e0dd4c731d1d27f0,ETHUSDT,1h,SHORT_ONLY,train,adverse,56,16,40,0,-866.7656290178876,-15.477957661033708,0.5817659918026999,28.571428571428573,-38.96111270444278,DESCRIPTIVE_SAMPLE,complete,0,0.0,"descriptive deletion of net PnL; no resimulation, return or drawdown"
donchian_atr,eth_short_regime_challenge_v1_donchian_atr,20261007T203647Z-194d4424b93c,ff049b6d0b4a42d191e26cc3afc9e1fc,e0dd4c731d1d27f0,ETHUSDT,1h,SHORT_ONLY,train,adverse,55,15,40,0,-1023.9240622283252,-18.616801131424094,0.5059334954010083,27.272727272727273,-39.85444729683443,DESCRIPTIVE_SAMPLE,without_best,1,157.15843321043744,"descriptive deletion of net PnL; no resimulation, return or drawdown"
donchian_atr,eth_short_regime_challenge_v1_donchian_atr,20261007T203647Z-194d4424b93c,ff049b6d0b4a42d191e26cc3afc9e1fc,e0dd4c731d1d27f0,ETHUSDT,1h,SHORT_ONLY,train,adverse,53,13,40,0,-1273.9993673071012,-24.03772391145474,0.38526650804853607,24.528301886792452,-40.11191349909946,DESCRIPTIVE_SAMPLE,without_top_5pct,3,407.2337382892134,"descriptive deletion of net PnL; no resimulation, return or drawdown"
donchian_atr,eth_short_regime_challenge_v1_donchian_atr,20261007T203647Z-194d4424b93c,ff049b6d0b4a42d191e26cc3afc9e1fc,e0dd4c731d1d27f0,ETHUSDT,1h,SHORT_ONLY,train,adverse,50,10,40,0,-1563.0658056896102,-31.261316113792205,0.24578541752926764,20.0,-42.44304971023147,DESCRIPTIVE_SAMPLE,without_top_10pct,6,696.3001766717224,"descriptive deletion of net PnL; no resimulation, return or drawdown"
donchian_atr,eth_short_regime_challenge_v1_donchian_atr,20261007T203647Z-194d4424b93c,6def503865814554987af189861dcdd2,827790540ac7604f,ETHUSDT,1h,SHORT_ONLY,train,base,56,16,40,0,-722.3233074312307,-12.898630489843404,0.6351177296885508,28.571428571428573,-35.818699219624804,DESCRIPTIVE_SAMPLE,complete,0,0.0,"descriptive deletion of net PnL; no resimulation, return or drawdown"
donchian_atr,eth_short_regime_challenge_v1_donchian_atr,20261007T203647Z-194d4424b93c,6def503865814554987af189861dcdd2,827790540ac7604f,ETHUSDT,1h,SHORT_ONLY,train,base,55,15,40,0,-885.7493722761031,-16.104534041383694,0.5525629056157582,27.272727272727273,-36.56886284133954,DESCRIPTIVE_SAMPLE,without_best,1,163.42606484487226,"descriptive deletion of net PnL; no resimulation, return or drawdown"
donchian_atr,eth_short_regime_challenge_v1_donchian_atr,20261007T203647Z-194d4424b93c,6def503865814554987af189861dcdd2,827790540ac7604f,ETHUSDT,1h,SHORT_ONLY,train,base,53,13,40,0,-1141.1312126259163,-21.530777596715403,0.42355653859910536,24.528301886792452,-37.16495655053021,DESCRIPTIVE_SAMPLE,without_top_5pct,3,418.80790519468553,"descriptive deletion of net PnL; no resimulation, return or drawdown"
donchian_atr,eth_short_regime_challenge_v1_donchian_atr,20261007T203647Z-194d4424b93c,6def503865814554987af189861dcdd2,827790540ac7604f,ETHUSDT,1h,SHORT_ONLY,train,base,50,10,40,0,-1428.4324700034445,-28.56864940006889,0.2784260492783976,20.0,-39.65711413666192,DESCRIPTIVE_SAMPLE,without_top_10pct,6,706.1091625722139,"descriptive deletion of net PnL; no resimulation, return or drawdown"
donchian_atr,eth_short_regime_challenge_v1_donchian_atr,20261007T203647Z-194d4424b93c,d12d689d659b4cf2843638024096038e,827790540ac7604f,ETHUSDT,1h,SHORT_ONLY,train,adverse,54,15,39,0,-860.5071935096709,-15.935318398327238,0.5694866340289972,27.77777777777778,-38.96111270444278,DESCRIPTIVE_SAMPLE,complete,0,0.0,"descriptive deletion of net PnL; no resimulation, return or drawdown"
donchian_atr,eth_short_regime_challenge_v1_donchian_atr,20261007T203647Z-194d4424b93c,d12d689d659b4cf2843638024096038e,827790540ac7604f,ETHUSDT,1h,SHORT_ONLY,train,adverse,53,14,39,0,-1017.7733653837748,-19.203271044976884,0.4908060727070728,26.41509433962264,-39.85444729683443,DESCRIPTIVE_SAMPLE,without_best,1,157.26617187410395,"descriptive deletion of net PnL; no resimulation, return or drawdown"
donchian_atr,eth_short_regime_challenge_v1_donchian_atr,20261007T203647Z-194d4424b93c,d12d689d659b4cf2843638024096038e,827790540ac7604f,ETHUSDT,1h,SHORT_ONLY,train,adverse,51,12,39,0,-1268.0198612982508,-24.86313453525982,0.3656072805398823,23.529411764705884,-40.11191349909946,DESCRIPTIVE_SAMPLE,without_top_5pct,3,407.51266778857973,"descriptive deletion of net PnL; no resimulation, return or drawdown"
donchian_atr,eth_short_regime_challenge_v1_donchian_atr,20261007T203647Z-194d4424b93c,d12d689d659b4cf2843638024096038e,827790540ac7604f,ETHUSDT,1h,SHORT_ONLY,train,adverse,48,9,39,0,-1557.2843022946477,-32.44342296447183,0.22088773712600165,18.75,-42.457873841834044,DESCRIPTIVE_SAMPLE,without_top_10pct,6,696.7771087849767,"descriptive deletion of net PnL; no resimulation, return or drawdown"
donchian_atr,eth_short_regime_challenge_v1_donchian_atr,20261007T203647Z-194d4424b93c,88919b3ba6d9468ca662e541ef7e19dd,6719be4e317770b6,ETHUSDT,1h,SHORT_ONLY,train,base,46,13,33,0,-709.8193110290215,-15.430854587587424,0.5760228904332437,28.26086956521739,-37.64775124196507,DESCRIPTIVE_SAMPLE,complete,0,0.0,"descriptive deletion of net PnL; no resimulation, return or drawdown"
donchian_atr,eth_short_regime_challenge_v1_donchian_atr,20261007T203647Z-194d4424b93c,88919b3ba6d9468ca662e541ef7e19dd,6719be4e317770b6,ETHUSDT,1h,SHORT_ONLY,train,base,45,12,33,0,-871.80831139851,-19.373518031078,0.4792663960816045,26.666666666666668,-38.7266396425906,DESCRIPTIVE_SAMPLE,without_best,1,161.9890003694885,"descriptive deletion of net PnL; no resimulation, return or drawdown"
donchian_atr,eth_short_regime_challenge_v1_donchian_atr,20261007T203647Z-194d4424b93c,88919b3ba6d9468ca662e541ef7e19dd,6719be4e317770b6,ETHUSDT,1h,SHORT_ONLY,train,base,43,10,33,0,-1077.9962561801824,-25.069680376283312,0.35610974551188074,23.25581395348837,-40.74541383120752,DESCRIPTIVE_SAMPLE,without_top_5pct,3,368.1769451511608,"descriptive deletion of net PnL; no resimulation, return or drawdown"
donchian_atr,eth_short_regime_challenge_v1_donchian_atr,20261007T203647Z-194d4424b93c,88919b3ba6d9468ca662e541ef7e19dd,6719be4e317770b6,ETHUSDT,1h,SHORT_ONLY,train,base,41,8,33,0,-1246.2799589257984,-30.397072168921913,0.2555934073837392,19.51219512195122,-40.87449879316075,DESCRIPTIVE_SAMPLE,without_top_10pct,5,536.4606478967769,"descriptive deletion of net PnL; no resimulation, return or drawdown"
donchian_atr,eth_short_regime_challenge_v1_donchian_atr,20261007T203647Z-194d4424b93c,f12833c236a64fc8987cecca6468164d,6719be4e317770b6,ETHUSDT,1h,SHORT_ONLY,train,adverse,45,12,33,0,-895.4140423196583,-19.89808982932574,0.48964929542031843,26.666666666666668,-41.75799978714812,DESCRIPTIVE_SAMPLE,complete,0,0.0,"descriptive deletion of net PnL; no resimulation, return or drawdown"
donchian_atr,eth_short_regime_challenge_v1_donchian_atr,20261007T203647Z-194d4424b93c,f12833c236a64fc8987cecca6468164d,6719be4e317770b6,ETHUSDT,1h,SHORT_ONLY,train,adverse,44,11,33,0,-1051.6640427069076,-23.901455516066083,0.40059295497961234,25.0,-42.43782323077867,DESCRIPTIVE_SAMPLE,without_best,1,156.25000038724946,"descriptive deletion of net PnL; no resimulation, return or drawdown"
donchian_atr,eth_short_regime_challenge_v1_donchian_atr,20261007T203647Z-194d4424b93c,f12833c236a64fc8987cecca6468164d,6719be4e317770b6,ETHUSDT,1h,SHORT_ONLY,train,adverse,42,9,33,0,-1269.940564093784,-30.236680097471044,0.2761839428153538,21.428571428571427,-43.49296015205614,DESCRIPTIVE_SAMPLE,without_top_5pct,3,374.5265217741258,"descriptive deletion of net PnL; no resimulation, return or drawdown"
donchian_atr,eth_short_regime_challenge_v1_donchian_atr,20261007T203647Z-194d4424b93c,f12833c236a64fc8987cecca6468164d,6719be4e317770b6,ETHUSDT,1h,SHORT_ONLY,train,adverse,40,7,33,0,-1426.8555572445875,-35.67138893111469,0.18674858271516026,17.5,-45.075042598965084,DESCRIPTIVE_SAMPLE,without_top_10pct,5,531.4415149249295,"descriptive deletion of net PnL; no resimulation, return or drawdown"
donchian_atr,eth_short_regime_challenge_v1_donchian_atr,20261007T203647Z-194d4424b93c,a829314d04e64ce8bf44aa4b3a74b597,4c4aa07c4c65af74,ETHUSDT,1h,SHORT_ONLY,train,base,45,13,32,0,-680.2999514086014,-15.11777669796892,0.5870815020361595,28.88888888888889,-38.84969043189473,DESCRIPTIVE_SAMPLE,complete,0,0.0,"descriptive deletion of net PnL; no resimulation, return or drawdown"
donchian_atr,eth_short_regime_challenge_v1_donchian_atr,20261007T203647Z-194d4424b93c,a829314d04e64ce8bf44aa4b3a74b597,4c4aa07c4c65af74,ETHUSDT,1h,SHORT_ONLY,train,base,44,12,32,0,-842.8036466911728,-19.15462833389029,0.4884473897880005,27.272727272727273,-39.862286121059356,DESCRIPTIVE_SAMPLE,without_best,1,162.50369528257164,"descriptive deletion of net PnL; no resimulation, return or drawdown"
donchian_atr,eth_short_regime_challenge_v1_donchian_atr,20261007T203647Z-194d4424b93c,a829314d04e64ce8bf44aa4b3a74b597,4c4aa07c4c65af74,ETHUSDT,1h,SHORT_ONLY,train,base,42,10,32,0,-1049.646811664009,-24.991590753904976,0.36290075581011294,23.80952380952381,-40.93963355079549,DESCRIPTIVE_SAMPLE,without_top_5pct,3,369.3468602554078,"descriptive deletion of net PnL; no resimulation, return or drawdown"
donchian_atr,eth_short_regime_challenge_v1_donchian_atr,20261007T203647Z-194d4424b93c,a829314d04e64ce8bf44aa4b3a74b597,4c4aa07c4c65af74,ETHUSDT,1h,SHORT_ONLY,train,base,40,8,32,0,-1218.465157010506,-30.461628925262648,0.26043386977714855,20.0,-42.31868574262429,DESCRIPTIVE_SAMPLE,without_top_10pct,5,538.1652056019046,"descriptive deletion of net PnL; no resimulation, return or drawdown"
donchian_atr,eth_short_regime_challenge_v1_donchian_atr,20261007T203647Z-194d4424b93c,2a6d5ea759914484b47565b472844415,4c4aa07c4c65af74,ETHUSDT,1h,SHORT_ONLY,train,adverse,44,12,32,0,-863.3762814136328,-19.6221882139462,0.49957498221689356,27.272727272727273,-42.587161700768746,DESCRIPTIVE_SAMPLE,complete,0,0.0,"descriptive deletion of net PnL; no resimulation, return or drawdown"
donchian_atr,eth_short_regime_challenge_v1_donchian_atr,20261007T203647Z-194d4424b93c,2a6d5ea759914484b47565b472844415,4c4aa07c4c65af74,ETHUSDT,1h,SHORT_ONLY,train,adverse,43,11,32,0,-1020.1761051464529,-23.7250257010803,0.40869160231744944,25.58139534883721,-43.26937215440369,DESCRIPTIVE_SAMPLE,without_best,1,156.79982373282022,"descriptive deletion of net PnL; no resimulation, return or drawdown"
donchian_atr,eth_short_regime_challenge_v1_donchian_atr,20261007T203647Z-194d4424b93c,2a6d5ea759914484b47565b472844415,4c4aa07c4c65af74,ETHUSDT,1h,SHORT_ONLY,train,adverse,41,9,32,0,-1239.2205913254181,-30.224892471351662,0.2817303419132101,21.951219512195124,-44.02264849959116,DESCRIPTIVE_SAMPLE,without_top_5pct,3,375.8443099117854,"descriptive deletion of net PnL; no resimulation, return or drawdown"
donchian_atr,eth_short_regime_challenge_v1_donchian_atr,20261007T203647Z-194d4424b93c,2a6d5ea759914484b47565b472844415,4c4aa07c4c65af74,ETHUSDT,1h,SHORT_ONLY,train,adverse,39,7,32,0,-1396.6876169508616,-35.812502998740044,0.19046024242675788,17.94871794871795,-46.44469845295315,DESCRIPTIVE_SAMPLE,without_top_10pct,5,533.3113355372288,"descriptive deletion of net PnL; no resimulation, return or drawdown"
donchian_atr,eth_short_regime_challenge_v1_donchian_atr,20261007T203647Z-194d4424b93c,e000f7d1c3e341fa96ca8272a60bcf2f,db2f1a56c8656a10,ETHUSDT,1h,SHORT_ONLY,train,base,43,12,31,0,-680.1966375259432,-15.818526454091701,0.5681875662208975,27.906976744186046,-38.84969043189473,DESCRIPTIVE_SAMPLE,complete,0,0.0,"descriptive deletion of net PnL; no resimulation, return or drawdown"
donchian_atr,eth_short_regime_challenge_v1_donchian_atr,20261007T203647Z-194d4424b93c,e000f7d1c3e341fa96ca8272a60bcf2f,db2f1a56c8656a10,ETHUSDT,1h,SHORT_ONLY,train,base,42,11,31,0,-842.7021467112921,-20.064336826459336,0.4650234287457818,26.19047619047619,-39.862529940228875,DESCRIPTIVE_SAMPLE,without_best,1,162.50550918534907,"descriptive deletion of net PnL; no resimulation, return or drawdown"
donchian_atr,eth_short_regime_challenge_v1_donchian_atr,20261007T203647Z-194d4424b93c,e000f7d1c3e341fa96ca8272a60bcf2f,db2f1a56c8656a10,ETHUSDT,1h,SHORT_ONLY,train,base,40,9,31,0,-1049.5475843401196,-26.238689608502987,0.33371076574367914,22.5,-40.93987736996502,DESCRIPTIVE_SAMPLE,without_top_5pct,3,369.3509468141765,"descriptive deletion of net PnL; no resimulation, return or drawdown"
donchian_atr,eth_short_regime_challenge_v1_donchian_atr,20261007T203647Z-194d4424b93c,e000f7d1c3e341fa96ca8272a60bcf2f,db2f1a56c8656a10,ETHUSDT,1h,SHORT_ONLY,train,base,38,7,31,0,-1218.367792928139,-32.06231034021418,0.22653783791704327,18.42105263157895,-42.31892945648552,DESCRIPTIVE_SAMPLE,without_top_10pct,5,538.1711554021957,"descriptive deletion of net PnL; no resimulation, return or drawdown"
donchian_atr,eth_short_regime_challenge_v1_donchian_atr,20261007T203647Z-194d4424b93c,3d9f21bb838441a0a26d75dc77778fc9,db2f1a56c8656a10,ETHUSDT,1h,SHORT_ONLY,train,adverse,42,11,31,0,-857.1149346587474,-20.40749844425589,0.4808004057380955,26.19047619047619,-42.60198583237133,DESCRIPTIVE_SAMPLE,complete,0,0.0,"descriptive deletion of net PnL; no resimulation, return or drawdown"
donchian_atr,eth_short_regime_challenge_v1_donchian_atr,20261007T203647Z-194d4424b93c,3d9f21bb838441a0a26d75dc77778fc9,db2f1a56c8656a10,ETHUSDT,1h,SHORT_ONLY,train,adverse,41,10,31,0,-1014.0222744546894,-24.732250596455838,0.38575337777888385,24.390243902439025,-43.29902041760885,DESCRIPTIVE_SAMPLE,without_best,1,156.90733979594194,"descriptive deletion of net PnL; no resimulation, return or drawdown"
donchian_atr,eth_short_regime_challenge_v1_donchian_atr,20261007T203647Z-194d4424b93c,3d9f21bb838441a0a26d75dc77778fc9,db2f1a56c8656a10,ETHUSDT,1h,SHORT_ONLY,train,adverse,39,8,31,0,-1233.216957582044,-31.62094763030882,0.2529756300788042,20.512820512820515,-44.02264849959116,DESCRIPTIVE_SAMPLE,without_top_5pct,3,376.1020229232968,"descriptive deletion of net PnL; no resimulation, return or drawdown"
donchian_atr,eth_short_regime_challenge_v1_donchian_atr,20261007T203647Z-194d4424b93c,3d9f21bb838441a0a26d75dc77778fc9,db2f1a56c8656a10,ETHUSDT,1h,SHORT_ONLY,train,adverse,37,6,31,0,-1390.7919864037372,-37.58897260550641,0.15752414776085347,16.216216216216218,-46.47649083286353,DESCRIPTIVE_SAMPLE,without_top_10pct,5,533.6770517449899,"descriptive deletion of net PnL; no resimulation, return or drawdown"
donchian_atr,eth_short_regime_challenge_v1_donchian_atr,20261007T203647Z-194d4424b93c,95e401341ff947939d9fa3ac4554378a,ff43266d9f6c730a,ETHUSDT,1h,SHORT_ONLY,validation,base,34,14,20,0,211.59040341452504,6.223247159250737,1.1548642622001584,41.1764705882353,-49.131506408086466,DESCRIPTIVE_SAMPLE,complete,0,0.0,"descriptive deletion of net PnL; no resimulation, return or drawdown"
donchian_atr,eth_short_regime_challenge_v1_donchian_atr,20261007T203647Z-194d4424b93c,95e401341ff947939d9fa3ac4554378a,ff43266d9f6c730a,ETHUSDT,1h,SHORT_ONLY,validation,base,33,13,20,0,12.11056018363918,0.3669866722314903,1.0088637903109225,39.39393939393939,-49.18995096054212,DESCRIPTIVE_SAMPLE,without_best,1,199.47984323088593,"descriptive deletion of net PnL; no resimulation, return or drawdown"
donchian_atr,eth_short_regime_challenge_v1_donchian_atr,20261007T203647Z-194d4424b93c,95e401341ff947939d9fa3ac4554378a,ff43266d9f6c730a,ETHUSDT,1h,SHORT_ONLY,validation,base,32,12,20,0,-131.2646432288753,-4.102020100902353,0.903926634674532,37.5,-50.418315491822526,DESCRIPTIVE_SAMPLE,without_top_5pct,2,342.8550466434004,"descriptive deletion of net PnL; no resimulation, return or drawdown"
donchian_atr,eth_short_regime_challenge_v1_donchian_atr,20261007T203647Z-194d4424b93c,95e401341ff947939d9fa3ac4554378a,ff43266d9f6c730a,ETHUSDT,1h,SHORT_ONLY,validation,base,30,10,20,0,-398.41292403940366,-13.280430801313456,0.7083992348580469,33.333333333333336,-52.6788940885067,DESCRIPTIVE_SAMPLE,without_top_10pct,4,610.0033274539287,"descriptive deletion of net PnL; no resimulation, return or drawdown"
donchian_atr,eth_short_regime_challenge_v1_donchian_atr,20261007T203647Z-194d4424b93c,81765cc7b3cd40c9b383fd691ff66219,ff43266d9f6c730a,ETHUSDT,1h,SHORT_ONLY,validation,adverse,34,14,20,0,100.73122897934039,2.9626832052747174,1.0710226528270614,41.1764705882353,-52.33660159533393,DESCRIPTIVE_SAMPLE,complete,0,0.0,"descriptive deletion of net PnL; no resimulation, return or drawdown"
donchian_atr,eth_short_regime_challenge_v1_donchian_atr,20261007T203647Z-194d4424b93c,81765cc7b3cd40c9b383fd691ff66219,ff43266d9f6c730a,ETHUSDT,1h,SHORT_ONLY,validation,adverse,33,13,20,0,-90.32384695065872,-2.7370862712320823,0.9363152888237173,39.39393939393939,-52.40048264531353,DESCRIPTIVE_SAMPLE,without_best,1,191.05507592999905,"descriptive deletion of net PnL; no resimulation, return or drawdown"
donchian_atr,eth_short_regime_challenge_v1_donchian_atr,20261007T203647Z-194d4424b93c,81765cc7b3cd40c9b383fd691ff66219,ff43266d9f6c730a,ETHUSDT,1h,SHORT_ONLY,validation,adverse,32,12,20,0,-229.97439464097454,-7.186699832530454,0.8378517590304638,37.5,-53.48049654476279,DESCRIPTIVE_SAMPLE,without_top_5pct,2,330.70562362031495,"descriptive deletion of net PnL; no resimulation, return or drawdown"
donchian_atr,eth_short_regime_challenge_v1_donchian_atr,20261007T203647Z-194d4424b93c,81765cc7b3cd40c9b383fd691ff66219,ff43266d9f6c730a,ETHUSDT,1h,SHORT_ONLY,validation,adverse,30,10,20,0,-488.4844429920963,-16.28281476640321,0.6555838605606239,33.333333333333336,-55.60046261653224,DESCRIPTIVE_SAMPLE,without_top_10pct,4,589.2156719714367,"descriptive deletion of net PnL; no resimulation, return or drawdown"
donchian_atr,eth_short_regime_challenge_v1_donchian_atr,20261007T203647Z-194d4424b93c,c122df20c69a4f22ac5a2010df9ee60a,e0dd4c731d1d27f0,ETHUSDT,1h,SHORT_ONLY,validation,base,34,14,20,0,211.59040341452504,6.223247159250737,1.1548642622001584,41.1764705882353,-49.131506408086466,DESCRIPTIVE_SAMPLE,complete,0,0.0,"descriptive deletion of net PnL; no resimulation, return or drawdown"
donchian_atr,eth_short_regime_challenge_v1_donchian_atr,20261007T203647Z-194d4424b93c,c122df20c69a4f22ac5a2010df9ee60a,e0dd4c731d1d27f0,ETHUSDT,1h,SHORT_ONLY,validation,base,33,13,20,0,12.11056018363918,0.3669866722314903,1.0088637903109225,39.39393939393939,-49.18995096054212,DESCRIPTIVE_SAMPLE,without_best,1,199.47984323088593,"descriptive deletion of net PnL; no resimulation, return or drawdown"
donchian_atr,eth_short_regime_challenge_v1_donchian_atr,20261007T203647Z-194d4424b93c,c122df20c69a4f22ac5a2010df9ee60a,e0dd4c731d1d27f0,ETHUSDT,1h,SHORT_ONLY,validation,base,32,12,20,0,-131.2646432288753,-4.102020100902353,0.903926634674532,37.5,-50.418315491822526,DESCRIPTIVE_SAMPLE,without_top_5pct,2,342.8550466434004,"descriptive deletion of net PnL; no resimulation, return or drawdown"
donchian_atr,eth_short_regime_challenge_v1_donchian_atr,20261007T203647Z-194d4424b93c,c122df20c69a4f22ac5a2010df9ee60a,e0dd4c731d1d27f0,ETHUSDT,1h,SHORT_ONLY,validation,base,30,10,20,0,-398.41292403940366,-13.280430801313456,0.7083992348580469,33.333333333333336,-52.6788940885067,DESCRIPTIVE_SAMPLE,without_top_10pct,4,610.0033274539287,"descriptive deletion of net PnL; no resimulation, return or drawdown"
donchian_atr,eth_short_regime_challenge_v1_donchian_atr,20261007T203647Z-194d4424b93c,4d746512f47a43a7b714d58cdb0ebdb3,e0dd4c731d1d27f0,ETHUSDT,1h,SHORT_ONLY,validation,adverse,34,14,20,0,100.73122897934039,2.9626832052747174,1.0710226528270614,41.1764705882353,-52.33660159533393,DESCRIPTIVE_SAMPLE,complete,0,0.0,"descriptive deletion of net PnL; no resimulation, return or drawdown"
donchian_atr,eth_short_regime_challenge_v1_donchian_atr,20261007T203647Z-194d4424b93c,4d746512f47a43a7b714d58cdb0ebdb3,e0dd4c731d1d27f0,ETHUSDT,1h,SHORT_ONLY,validation,adverse,33,13,20,0,-90.32384695065872,-2.7370862712320823,0.9363152888237173,39.39393939393939,-52.40048264531353,DESCRIPTIVE_SAMPLE,without_best,1,191.05507592999905,"descriptive deletion of net PnL; no resimulation, return or drawdown"
donchian_atr,eth_short_regime_challenge_v1_donchian_atr,20261007T203647Z-194d4424b93c,4d746512f47a43a7b714d58cdb0ebdb3,e0dd4c731d1d27f0,ETHUSDT,1h,SHORT_ONLY,validation,adverse,32,12,20,0,-229.97439464097454,-7.186699832530454,0.8378517590304638,37.5,-53.48049654476279,DESCRIPTIVE_SAMPLE,without_top_5pct,2,330.70562362031495,"descriptive deletion of net PnL; no resimulation, return or drawdown"
donchian_atr,eth_short_regime_challenge_v1_donchian_atr,20261007T203647Z-194d4424b93c,4d746512f47a43a7b714d58cdb0ebdb3,e0dd4c731d1d27f0,ETHUSDT,1h,SHORT_ONLY,validation,adverse,30,10,20,0,-488.4844429920963,-16.28281476640321,0.6555838605606239,33.333333333333336,-55.60046261653224,DESCRIPTIVE_SAMPLE,without_top_10pct,4,589.2156719714367,"descriptive deletion of net PnL; no resimulation, return or drawdown"
donchian_atr,eth_short_regime_challenge_v1_donchian_atr,20261007T203647Z-194d4424b93c,88add49ff8394e3e8ba1ca1eafc80c6f,827790540ac7604f,ETHUSDT,1h,SHORT_ONLY,validation,base,33,14,19,0,269.6098180722594,8.169994487038164,1.2055921382785613,42.42424242424242,-49.073061855630804,DESCRIPTIVE_SAMPLE,complete,0,0.0,"descriptive deletion of net PnL; no resimulation, return or drawdown"
donchian_atr,eth_short_regime_challenge_v1_donchian_atr,20261007T203647Z-194d4424b93c,88add49ff8394e3e8ba1ca1eafc80c6f,827790540ac7604f,ETHUSDT,1h,SHORT_ONLY,validation,base,32,13,19,0,70.1299748413735,2.1915617137929218,1.0534779170437902,40.625,-49.27124545584096,DESCRIPTIVE_SAMPLE,without_best,1,199.47984323088593,"descriptive deletion of net PnL; no resimulation, return or drawdown"
donchian_atr,eth_short_regime_challenge_v1_donchian_atr,20261007T203647Z-194d4424b93c,88add49ff8394e3e8ba1ca1eafc80c6f,827790540ac7604f,ETHUSDT,1h,SHORT_ONLY,validation,base,31,12,19,0,-73.24522857114098,-2.3627493087464835,0.9441465326881868,38.70967741935484,-49.46942905605112,DESCRIPTIVE_SAMPLE,without_top_5pct,2,342.8550466434004,"descriptive deletion of net PnL; no resimulation, return or drawdown"
donchian_atr,eth_short_regime_challenge_v1_donchian_atr,20261007T203647Z-194d4424b93c,88add49ff8394e3e8ba1ca1eafc80c6f,827790540ac7604f,ETHUSDT,1h,SHORT_ONLY,validation,base,29,10,19,0,-341.1467938413525,-11.763682546253536,0.7398570300065209,34.48275862068966,-51.94016308827821,DESCRIPTIVE_SAMPLE,without_top_10pct,4,610.7566119136119,"descriptive deletion of net PnL; no resimulation, return or drawdown"
donchian_atr,eth_short_regime_challenge_v1_donchian_atr,20261007T203647Z-194d4424b93c,3fc7dd5681b44cc1b70af38fb8fa57f6,827790540ac7604f,ETHUSDT,1h,SHORT_ONLY,validation,adverse,33,14,19,0,161.60381205508583,4.897085213790479,1.1187749802816582,42.42424242424242,-52.40048264531353,DESCRIPTIVE_SAMPLE,complete,0,0.0,"descriptive deletion of net PnL; no resimulation, return or drawdown"
donchian_atr,eth_short_regime_challenge_v1_donchian_atr,20261007T203647Z-194d4424b93c,3fc7dd5681b44cc1b70af38fb8fa57f6,827790540ac7604f,ETHUSDT,1h,SHORT_ONLY,validation,adverse,32,13,19,0,-29.451263874913252,-0.9203519960910391,0.9783540175103024,40.625,-52.49409986428887,DESCRIPTIVE_SAMPLE,without_best,1,191.05507592999905,"descriptive deletion of net PnL; no resimulation, return or drawdown"
donchian_atr,eth_short_regime_challenge_v1_donchian_atr,20261007T203647Z-194d4424b93c,3fc7dd5681b44cc1b70af38fb8fa57f6,827790540ac7604f,ETHUSDT,1h,SHORT_ONLY,validation,adverse,31,12,19,0,-169.10181156522907,-5.454897147265454,0.875714167389774,38.70967741935484,-52.58771708326421,DESCRIPTIVE_SAMPLE,without_top_5pct,2,330.70562362031495,"descriptive deletion of net PnL; no resimulation, return or drawdown"
donchian_atr,eth_short_regime_challenge_v1_donchian_atr,20261007T203647Z-194d4424b93c,3fc7dd5681b44cc1b70af38fb8fa57f6,827790540ac7604f,ETHUSDT,1h,SHORT_ONLY,validation,adverse,29,10,19,0,-428.3835263347287,-14.7718457356803,0.6851482384830703,34.48275862068966,-54.889284799656664,DESCRIPTIVE_SAMPLE,without_top_10pct,4,589.9873383898145,"descriptive deletion of net PnL; no resimulation, return or drawdown"
donchian_atr,eth_short_regime_challenge_v1_donchian_atr,20261007T203647Z-194d4424b93c,bb884692d73849d99ead7a0bd625d129,6719be4e317770b6,ETHUSDT,1h,SHORT_ONLY,validation,base,26,10,16,0,84.45079687169482,3.248107571988262,1.074193613020432,38.46153846153846,-49.61981466837587,DESCRIPTIVE_SAMPLE,complete,0,0.0,"descriptive deletion of net PnL; no resimulation, return or drawdown"
donchian_atr,eth_short_regime_challenge_v1_donchian_atr,20261007T203647Z-194d4424b93c,bb884692d73849d99ead7a0bd625d129,6719be4e317770b6,ETHUSDT,1h,SHORT_ONLY,validation,base,25,9,16,0,-111.62618441829227,-4.4650473767316905,0.9019316544489117,36.0,-51.0036598284624,DESCRIPTIVE_SAMPLE,without_best,1,196.07698128998715,"descriptive deletion of net PnL; no resimulation, return or drawdown"
donchian_atr,eth_short_regime_challenge_v1_donchian_atr,20261007T203647Z-194d4424b93c,bb884692d73849d99ead7a0bd625d129,6719be4e317770b6,ETHUSDT,1h,SHORT_ONLY,validation,base,24,8,16,0,-269.88944993718786,-11.245393747382828,0.7628906517322828,33.333333333333336,-52.31407340601527,DESCRIPTIVE_SAMPLE,without_top_5pct,2,354.3402468088827,"descriptive deletion of net PnL; no resimulation, return or drawdown"
donchian_atr,eth_short_regime_challenge_v1_donchian_atr,20261007T203647Z-194d4424b93c,bb884692d73849d99ead7a0bd625d129,6719be4e317770b6,ETHUSDT,1h,SHORT_ONLY,validation,base,23,7,16,0,-415.27961423045633,-18.05563540132419,0.6351592153677407,30.434782608695652,-53.62448698356813,DESCRIPTIVE_SAMPLE,without_top_10pct,3,499.73041110215115,"descriptive deletion of net PnL; no resimulation, return or drawdown"
donchian_atr,eth_short_regime_challenge_v1_donchian_atr,20261007T203647Z-194d4424b93c,08b5fbc540c645219a9bcd0e226fb43c,6719be4e317770b6,ETHUSDT,1h,SHORT_ONLY,validation,adverse,26,10,16,0,1.768167075083312,0.06800642596474277,1.001499778094394,38.46153846153846,-52.783167849454195,DESCRIPTIVE_SAMPLE,complete,0,0.0,"descriptive deletion of net PnL; no resimulation, return or drawdown"
donchian_atr,eth_short_regime_challenge_v1_donchian_atr,20261007T203647Z-194d4424b93c,08b5fbc540c645219a9bcd0e226fb43c,6719be4e317770b6,ETHUSDT,1h,SHORT_ONLY,validation,adverse,25,9,16,0,-186.1510435327143,-7.446041741308573,0.8421047075962673,36.0,-54.02594927937771,DESCRIPTIVE_SAMPLE,without_best,1,187.91921060779762,"descriptive deletion of net PnL; no resimulation, return or drawdown"
donchian_atr,eth_short_regime_challenge_v1_donchian_atr,20261007T203647Z-194d4424b93c,08b5fbc540c645219a9bcd0e226fb43c,6719be4e317770b6,ETHUSDT,1h,SHORT_ONLY,validation,adverse,24,8,16,0,-340.82604532366577,-14.201085221819406,0.7109077281335219,33.333333333333336,-55.354211950695245,DESCRIPTIVE_SAMPLE,without_top_5pct,2,342.5942123987491,"descriptive deletion of net PnL; no resimulation, return or drawdown"
donchian_atr,eth_short_regime_challenge_v1_donchian_atr,20261007T203647Z-194d4424b93c,08b5fbc540c645219a9bcd0e226fb43c,6719be4e317770b6,ETHUSDT,1h,SHORT_ONLY,validation,adverse,23,7,16,0,-481.84658913300945,-20.949851701435193,0.5912926049671744,30.434782608695652,-56.68247462201278,DESCRIPTIVE_SAMPLE,without_top_10pct,3,483.6147562080928,"descriptive deletion of net PnL; no resimulation, return or drawdown"
donchian_atr,eth_short_regime_challenge_v1_donchian_atr,20261007T203647Z-194d4424b93c,f96dc49ebcac4155a00123c436ee4eff,4c4aa07c4c65af74,ETHUSDT,1h,SHORT_ONLY,validation,base,26,10,16,0,84.45079687169482,3.248107571988262,1.074193613020432,38.46153846153846,-49.61981466837587,DESCRIPTIVE_SAMPLE,complete,0,0.0,"descriptive deletion of net PnL; no resimulation, return or drawdown"
donchian_atr,eth_short_regime_challenge_v1_donchian_atr,20261007T203647Z-194d4424b93c,f96dc49ebcac4155a00123c436ee4eff,4c4aa07c4c65af74,ETHUSDT,1h,SHORT_ONLY,validation,base,25,9,16,0,-111.62618441829227,-4.4650473767316905,0.9019316544489117,36.0,-51.0036598284624,DESCRIPTIVE_SAMPLE,without_best,1,196.07698128998715,"descriptive deletion of net PnL; no resimulation, return or drawdown"
donchian_atr,eth_short_regime_challenge_v1_donchian_atr,20261007T203647Z-194d4424b93c,f96dc49ebcac4155a00123c436ee4eff,4c4aa07c4c65af74,ETHUSDT,1h,SHORT_ONLY,validation,base,24,8,16,0,-269.88944993718786,-11.245393747382828,0.7628906517322828,33.333333333333336,-52.31407340601527,DESCRIPTIVE_SAMPLE,without_top_5pct,2,354.3402468088827,"descriptive deletion of net PnL; no resimulation, return or drawdown"
donchian_atr,eth_short_regime_challenge_v1_donchian_atr,20261007T203647Z-194d4424b93c,f96dc49ebcac4155a00123c436ee4eff,4c4aa07c4c65af74,ETHUSDT,1h,SHORT_ONLY,validation,base,23,7,16,0,-415.27961423045633,-18.05563540132419,0.6351592153677407,30.434782608695652,-53.62448698356813,DESCRIPTIVE_SAMPLE,without_top_10pct,3,499.73041110215115,"descriptive deletion of net PnL; no resimulation, return or drawdown"
donchian_atr,eth_short_regime_challenge_v1_donchian_atr,20261007T203647Z-194d4424b93c,c90476a092114b7185d5fa04f2801b68,4c4aa07c4c65af74,ETHUSDT,1h,SHORT_ONLY,validation,adverse,26,10,16,0,1.768167075083312,0.06800642596474277,1.001499778094394,38.46153846153846,-52.783167849454195,DESCRIPTIVE_SAMPLE,complete,0,0.0,"descriptive deletion of net PnL; no resimulation, return or drawdown"
donchian_atr,eth_short_regime_challenge_v1_donchian_atr,20261007T203647Z-194d4424b93c,c90476a092114b7185d5fa04f2801b68,4c4aa07c4c65af74,ETHUSDT,1h,SHORT_ONLY,validation,adverse,25,9,16,0,-186.1510435327143,-7.446041741308573,0.8421047075962673,36.0,-54.02594927937771,DESCRIPTIVE_SAMPLE,without_best,1,187.91921060779762,"descriptive deletion of net PnL; no resimulation, return or drawdown"
donchian_atr,eth_short_regime_challenge_v1_donchian_atr,20261007T203647Z-194d4424b93c,c90476a092114b7185d5fa04f2801b68,4c4aa07c4c65af74,ETHUSDT,1h,SHORT_ONLY,validation,adverse,24,8,16,0,-340.82604532366577,-14.201085221819406,0.7109077281335219,33.333333333333336,-55.354211950695245,DESCRIPTIVE_SAMPLE,without_top_5pct,2,342.5942123987491,"descriptive deletion of net PnL; no resimulation, return or drawdown"
donchian_atr,eth_short_regime_challenge_v1_donchian_atr,20261007T203647Z-194d4424b93c,c90476a092114b7185d5fa04f2801b68,4c4aa07c4c65af74,ETHUSDT,1h,SHORT_ONLY,validation,adverse,23,7,16,0,-481.84658913300945,-20.949851701435193,0.5912926049671744,30.434782608695652,-56.68247462201278,DESCRIPTIVE_SAMPLE,without_top_10pct,3,483.6147562080928,"descriptive deletion of net PnL; no resimulation, return or drawdown"
donchian_atr,eth_short_regime_challenge_v1_donchian_atr,20261007T203647Z-194d4424b93c,18c6eed06b064a25a6ca315c76e6f172,db2f1a56c8656a10,ETHUSDT,1h,SHORT_ONLY,validation,base,26,10,16,0,84.45079687169482,3.248107571988262,1.074193613020432,38.46153846153846,-49.61981466837587,DESCRIPTIVE_SAMPLE,complete,0,0.0,"descriptive deletion of net PnL; no resimulation, return or drawdown"
donchian_atr,eth_short_regime_challenge_v1_donchian_atr,20261007T203647Z-194d4424b93c,18c6eed06b064a25a6ca315c76e6f172,db2f1a56c8656a10,ETHUSDT,1h,SHORT_ONLY,validation,base,25,9,16,0,-111.62618441829227,-4.4650473767316905,0.9019316544489117,36.0,-51.0036598284624,DESCRIPTIVE_SAMPLE,without_best,1,196.07698128998715,"descriptive deletion of net PnL; no resimulation, return or drawdown"
donchian_atr,eth_short_regime_challenge_v1_donchian_atr,20261007T203647Z-194d4424b93c,18c6eed06b064a25a6ca315c76e6f172,db2f1a56c8656a10,ETHUSDT,1h,SHORT_ONLY,validation,base,24,8,16,0,-269.88944993718786,-11.245393747382828,0.7628906517322828,33.333333333333336,-52.31407340601527,DESCRIPTIVE_SAMPLE,without_top_5pct,2,354.3402468088827,"descriptive deletion of net PnL; no resimulation, return or drawdown"
donchian_atr,eth_short_regime_challenge_v1_donchian_atr,20261007T203647Z-194d4424b93c,18c6eed06b064a25a6ca315c76e6f172,db2f1a56c8656a10,ETHUSDT,1h,SHORT_ONLY,validation,base,23,7,16,0,-415.27961423045633,-18.05563540132419,0.6351592153677407,30.434782608695652,-53.62448698356813,DESCRIPTIVE_SAMPLE,without_top_10pct,3,499.73041110215115,"descriptive deletion of net PnL; no resimulation, return or drawdown"
donchian_atr,eth_short_regime_challenge_v1_donchian_atr,20261007T203647Z-194d4424b93c,034a34fd5f8d4dd494a004e85e033662,db2f1a56c8656a10,ETHUSDT,1h,SHORT_ONLY,validation,adverse,26,10,16,0,1.768167075083312,0.06800642596474277,1.001499778094394,38.46153846153846,-52.783167849454195,DESCRIPTIVE_SAMPLE,complete,0,0.0,"descriptive deletion of net PnL; no resimulation, return or drawdown"
donchian_atr,eth_short_regime_challenge_v1_donchian_atr,20261007T203647Z-194d4424b93c,034a34fd5f8d4dd494a004e85e033662,db2f1a56c8656a10,ETHUSDT,1h,SHORT_ONLY,validation,adverse,25,9,16,0,-186.1510435327143,-7.446041741308573,0.8421047075962673,36.0,-54.02594927937771,DESCRIPTIVE_SAMPLE,without_best,1,187.91921060779762,"descriptive deletion of net PnL; no resimulation, return or drawdown"
donchian_atr,eth_short_regime_challenge_v1_donchian_atr,20261007T203647Z-194d4424b93c,034a34fd5f8d4dd494a004e85e033662,db2f1a56c8656a10,ETHUSDT,1h,SHORT_ONLY,validation,adverse,24,8,16,0,-340.82604532366577,-14.201085221819406,0.7109077281335219,33.333333333333336,-55.354211950695245,DESCRIPTIVE_SAMPLE,without_top_5pct,2,342.5942123987491,"descriptive deletion of net PnL; no resimulation, return or drawdown"
donchian_atr,eth_short_regime_challenge_v1_donchian_atr,20261007T203647Z-194d4424b93c,034a34fd5f8d4dd494a004e85e033662,db2f1a56c8656a10,ETHUSDT,1h,SHORT_ONLY,validation,adverse,23,7,16,0,-481.84658913300945,-20.949851701435193,0.5912926049671744,30.434782608695652,-56.68247462201278,DESCRIPTIVE_SAMPLE,without_top_10pct,3,483.6147562080928,"descriptive deletion of net PnL; no resimulation, return or drawdown"
donchian_atr,eth_short_regime_challenge_v1_donchian_atr,20261007T203647Z-194d4424b93c,9834fe4e38f64f3fbfa74408923bc63a,ff43266d9f6c730a,ETHUSDT,1h,SHORT_ONLY,test,base,68,27,41,0,266.8304053395336,3.9239765491107885,1.0953903197802874,39.705882352941174,-46.402502636815946,DESCRIPTIVE_SAMPLE,complete,0,0.0,"descriptive deletion of net PnL; no resimulation, return or drawdown"
donchian_atr,eth_short_regime_challenge_v1_donchian_atr,20261007T203647Z-194d4424b93c,9834fe4e38f64f3fbfa74408923bc63a,ff43266d9f6c730a,ETHUSDT,1h,SHORT_ONLY,test,base,67,26,41,0,75.8147203352769,1.1315629900787598,1.0271033220806776,38.80597014925373,-47.104785358926684,DESCRIPTIVE_SAMPLE,without_best,1,191.0156850042568,"descriptive deletion of net PnL; no resimulation, return or drawdown"
donchian_atr,eth_short_regime_challenge_v1_donchian_atr,20261007T203647Z-194d4424b93c,9834fe4e38f64f3fbfa74408923bc63a,ff43266d9f6c730a,ETHUSDT,1h,SHORT_ONLY,test,base,64,23,41,0,-452.6368577675926,-7.072450902618634,0.8381849529034987,35.9375,-48.21587971214092,DESCRIPTIVE_SAMPLE,without_top_5pct,4,719.4672631071263,"descriptive deletion of net PnL; no resimulation, return or drawdown"
donchian_atr,eth_short_regime_challenge_v1_donchian_atr,20261007T203647Z-194d4424b93c,9834fe4e38f64f3fbfa74408923bc63a,ff43266d9f6c730a,ETHUSDT,1h,SHORT_ONLY,test,base,61,20,41,0,-913.9807730476398,-14.983291361436718,0.6732571833292069,32.78688524590164,-49.91429997938327,DESCRIPTIVE_SAMPLE,without_top_10pct,7,1180.8111783871736,"descriptive deletion of net PnL; no resimulation, return or drawdown"
donchian_atr,eth_short_regime_challenge_v1_donchian_atr,20261007T203647Z-194d4424b93c,42c07221b11145e09ab067a2e33c0acd,ff43266d9f6c730a,ETHUSDT,1h,SHORT_ONLY,test,adverse,67,27,40,0,113.83787881737163,1.6990728181697259,1.0401252475794696,40.298507462686565,-48.82651140373518,DESCRIPTIVE_SAMPLE,complete,0,0.0,"descriptive deletion of net PnL; no resimulation, return or drawdown"
donchian_atr,eth_short_regime_challenge_v1_donchian_atr,20261007T203647Z-194d4424b93c,42c07221b11145e09ab067a2e33c0acd,ff43266d9f6c730a,ETHUSDT,1h,SHORT_ONLY,test,adverse,66,26,40,0,-70.46695349851842,-1.0676811136139155,0.9751620112332278,39.39393939393939,-49.36743986108776,DESCRIPTIVE_SAMPLE,without_best,1,184.30483231589,"descriptive deletion of net PnL; no resimulation, return or drawdown"
donchian_atr,eth_short_regime_challenge_v1_donchian_atr,20261007T203647Z-194d4424b93c,42c07221b11145e09ab067a2e33c0acd,ff43266d9f6c730a,ETHUSDT,1h,SHORT_ONLY,test,adverse,63,23,40,0,-584.9121645058086,-9.284320071520773,0.7938318452798008,36.507936507936506,-51.16067852500125,DESCRIPTIVE_SAMPLE,without_top_5pct,4,698.7500433231802,"descriptive deletion of net PnL; no resimulation, return or drawdown"
donchian_atr,eth_short_regime_challenge_v1_donchian_atr,20261007T203647Z-194d4424b93c,42c07221b11145e09ab067a2e33c0acd,ff43266d9f6c730a,ETHUSDT,1h,SHORT_ONLY,test,adverse,60,20,40,0,-1032.8848429132295,-17.214747381887157,0.635931726121985,33.333333333333336,-52.059858976385186,DESCRIPTIVE_SAMPLE,without_top_10pct,7,1146.722721730601,"descriptive deletion of net PnL; no resimulation, return or drawdown"
donchian_atr,eth_short_regime_challenge_v1_donchian_atr,20261007T203647Z-194d4424b93c,8ed2a467f3f5407a92cc7a47bcbcce92,e0dd4c731d1d27f0,ETHUSDT,1h,SHORT_ONLY,test,base,65,27,38,0,401.67344248382284,6.179591422828044,1.1504456720477512,41.53846153846154,-45.92389155731907,DESCRIPTIVE_SAMPLE,complete,0,0.0,"descriptive deletion of net PnL; no resimulation, return or drawdown"
donchian_atr,eth_short_regime_challenge_v1_donchian_atr,20261007T203647Z-194d4424b93c,8ed2a467f3f5407a92cc7a47bcbcce92,e0dd4c731d1d27f0,ETHUSDT,1h,SHORT_ONLY,test,base,64,26,38,0,209.72275905503494,3.276918110234921,1.0785510768016835,40.625,-47.07167483087315,DESCRIPTIVE_SAMPLE,without_best,1,191.95068342878787,"descriptive deletion of net PnL; no resimulation, return or drawdown"
donchian_atr,eth_short_regime_challenge_v1_donchian_atr,20261007T203647Z-194d4424b93c,8ed2a467f3f5407a92cc7a47bcbcce92,e0dd4c731d1d27f0,ETHUSDT,1h,SHORT_ONLY,test,base,61,23,38,0,-319.6120403333866,-5.239541644809616,0.8802901981640325,37.704918032786885,-49.083475344747164,DESCRIPTIVE_SAMPLE,without_top_5pct,4,721.2854828172095,"descriptive deletion of net PnL; no resimulation, return or drawdown"
donchian_atr,eth_short_regime_challenge_v1_donchian_atr,20261007T203647Z-194d4424b93c,8ed2a467f3f5407a92cc7a47bcbcce92,e0dd4c731d1d27f0,ETHUSDT,1h,SHORT_ONLY,test,base,58,20,38,0,-782.4166161986736,-13.489941658597822,0.7069480299283725,34.48275862068966,-53.094944889921365,DESCRIPTIVE_SAMPLE,without_top_10pct,7,1184.0900586824964,"descriptive deletion of net PnL; no resimulation, return or drawdown"
donchian_atr,eth_short_regime_challenge_v1_donchian_atr,20261007T203647Z-194d4424b93c,cef759945c584deea3664286ef19e0ce,e0dd4c731d1d27f0,ETHUSDT,1h,SHORT_ONLY,test,adverse,64,27,37,0,257.17358973046333,4.01833733953849,1.095199828358758,42.1875,-48.8822953292004,DESCRIPTIVE_SAMPLE,complete,0,0.0,"descriptive deletion of net PnL; no resimulation, return or drawdown"
donchian_atr,eth_short_regime_challenge_v1_donchian_atr,20261007T203647Z-194d4424b93c,cef759945c584deea3664286ef19e0ce,e0dd4c731d1d27f0,ETHUSDT,1h,SHORT_ONLY,test,adverse,63,26,37,0,71.90333271095886,1.1413227414437914,1.0266169824812892,41.26984126984127,-49.082273715259674,DESCRIPTIVE_SAMPLE,without_best,1,185.27025701950464,"descriptive deletion of net PnL; no resimulation, return or drawdown"
donchian_atr,eth_short_regime_challenge_v1_donchian_atr,20261007T203647Z-194d4424b93c,cef759945c584deea3664286ef19e0ce,e0dd4c731d1d27f0,ETHUSDT,1h,SHORT_ONLY,test,adverse,60,23,37,0,-443.4588568491107,-7.390980947485178,0.83584159205285,38.333333333333336,-51.67686599416932,DESCRIPTIVE_SAMPLE,without_top_5pct,4,700.6324465795742,"descriptive deletion of net PnL; no resimulation, return or drawdown"
donchian_atr,eth_short_regime_challenge_v1_donchian_atr,20261007T203647Z-194d4424b93c,cef759945c584deea3664286ef19e0ce,e0dd4c731d1d27f0,ETHUSDT,1h,SHORT_ONLY,test,adverse,57,20,37,0,-892.94785039316,-15.66575176128351,0.669450964308404,35.08771929824562,-55.74148801744791,DESCRIPTIVE_SAMPLE,without_top_10pct,7,1150.1214401236234,"descriptive deletion of net PnL; no resimulation, return or drawdown"
donchian_atr,eth_short_regime_challenge_v1_donchian_atr,20261007T203647Z-194d4424b93c,b8636398bdbf45098f420601b59391d6,827790540ac7604f,ETHUSDT,1h,SHORT_ONLY,test,base,63,25,38,0,190.73274989862566,3.0275039666448516,1.07138166701281,39.682539682539684,-47.04783494226106,DESCRIPTIVE_SAMPLE,complete,0,0.0,"descriptive deletion of net PnL; no resimulation, return or drawdown"
donchian_atr,eth_short_regime_challenge_v1_donchian_atr,20261007T203647Z-194d4424b93c,b8636398bdbf45098f420601b59391d6,827790540ac7604f,ETHUSDT,1h,SHORT_ONLY,test,base,62,24,38,0,-1.363425275856045,-0.02199073025574266,0.9994897385525573,38.70967741935484,-47.567950840661325,DESCRIPTIVE_SAMPLE,without_best,1,192.09617517448152,"descriptive deletion of net PnL; no resimulation, return or drawdown"
donchian_atr,eth_short_regime_challenge_v1_donchian_atr,20261007T203647Z-194d4424b93c,b8636398bdbf45098f420601b59391d6,827790540ac7604f,ETHUSDT,1h,SHORT_ONLY,test,base,59,21,38,0,-526.0864022084822,-8.916718681499699,0.8031123422570452,35.59322033898305,-52.34900264135812,DESCRIPTIVE_SAMPLE,without_top_5pct,4,716.8191521071078,"descriptive deletion of net PnL; no resimulation, return or drawdown"
donchian_atr,eth_short_regime_challenge_v1_donchian_atr,20261007T203647Z-194d4424b93c,b8636398bdbf45098f420601b59391d6,827790540ac7604f,ETHUSDT,1h,SHORT_ONLY,test,base,56,18,38,0,-985.4650658933813,-17.59759046238181,0.6311900330501906,32.142857142857146,-53.74171351509613,DESCRIPTIVE_SAMPLE,without_top_10pct,7,1176.1978157920066,"descriptive deletion of net PnL; no resimulation, return or drawdown"
donchian_atr,eth_short_regime_challenge_v1_donchian_atr,20261007T203647Z-194d4424b93c,63d214cdd8f14054af6a580504d9090d,827790540ac7604f,ETHUSDT,1h,SHORT_ONLY,test,adverse,62,25,37,0,55.72479320443111,0.8987869871682437,1.0206144697383173,40.32258064516129,-49.01658312675803,DESCRIPTIVE_SAMPLE,complete,0,0.0,"descriptive deletion of net PnL; no resimulation, return or drawdown"
donchian_atr,eth_short_regime_challenge_v1_donchian_atr,20261007T203647Z-194d4424b93c,63d214cdd8f14054af6a580504d9090d,827790540ac7604f,ETHUSDT,1h,SHORT_ONLY,test,adverse,61,24,37,0,-129.68616001053692,-2.126002623123556,0.9520247403842634,39.34426229508197,-50.16085667710663,DESCRIPTIVE_SAMPLE,without_best,1,185.41095321496795,"descriptive deletion of net PnL; no resimulation, return or drawdown"
donchian_atr,eth_short_regime_challenge_v1_donchian_atr,20261007T203647Z-194d4424b93c,63d214cdd8f14054af6a580504d9090d,827790540ac7604f,ETHUSDT,1h,SHORT_ONLY,test,adverse,58,21,37,0,-640.6269035430354,-11.045291440397161,0.7630106249440555,36.206896551724135,-53.11525880885664,DESCRIPTIVE_SAMPLE,without_top_5pct,4,696.3516967474663,"descriptive deletion of net PnL; no resimulation, return or drawdown"
donchian_atr,eth_short_regime_challenge_v1_donchian_atr,20261007T203647Z-194d4424b93c,63d214cdd8f14054af6a580504d9090d,827790540ac7604f,ETHUSDT,1h,SHORT_ONLY,test,adverse,55,18,37,0,-1086.8518893932908,-19.76094344351438,0.5979370385146715,32.72727272727273,-55.74148801744791,DESCRIPTIVE_SAMPLE,without_top_10pct,7,1142.576682597722,"descriptive deletion of net PnL; no resimulation, return or drawdown"
donchian_atr,eth_short_regime_challenge_v1_donchian_atr,20261007T203647Z-194d4424b93c,02f807b3e6734ceb8632cec814aface1,6719be4e317770b6,ETHUSDT,1h,SHORT_ONLY,test,base,52,22,30,0,508.3593588693285,9.776141516717855,1.2436629687311889,42.30769230769231,-46.46145503619801,DESCRIPTIVE_SAMPLE,complete,0,0.0,"descriptive deletion of net PnL; no resimulation, return or drawdown"
donchian_atr,eth_short_regime_challenge_v1_donchian_atr,20261007T203647Z-194d4424b93c,02f807b3e6734ceb8632cec814aface1,6719be4e317770b6,ETHUSDT,1h,SHORT_ONLY,test,base,51,21,30,0,312.26519176630774,6.122846897378583,1.1496725934709318,41.1764705882353,-47.55509336357929,DESCRIPTIVE_SAMPLE,without_best,1,196.09416710302082,"descriptive deletion of net PnL; no resimulation, return or drawdown"
donchian_atr,eth_short_regime_challenge_v1_donchian_atr,20261007T203647Z-194d4424b93c,02f807b3e6734ceb8632cec814aface1,6719be4e317770b6,ETHUSDT,1h,SHORT_ONLY,test,base,49,19,30,0,-49.40933795130023,-1.008353835740821,0.9763174892756307,38.775510204081634,-47.98648324647552,DESCRIPTIVE_SAMPLE,without_top_5pct,3,557.7686968206287,"descriptive deletion of net PnL; no resimulation, return or drawdown"
donchian_atr,eth_short_regime_challenge_v1_donchian_atr,20261007T203647Z-194d4424b93c,02f807b3e6734ceb8632cec814aface1,6719be4e317770b6,ETHUSDT,1h,SHORT_ONLY,test,base,46,16,30,0,-551.7127786018946,-11.993756056562926,0.7355571975303676,34.78260869565217,-49.59467090994359,DESCRIPTIVE_SAMPLE,without_top_10pct,6,1060.072137471223,"descriptive deletion of net PnL; no resimulation, return or drawdown"
donchian_atr,eth_short_regime_challenge_v1_donchian_atr,20261007T203647Z-194d4424b93c,e824997c9f554815b58efb97889618e3,6719be4e317770b6,ETHUSDT,1h,SHORT_ONLY,test,adverse,51,22,29,0,404.36830761628784,7.928790345417409,1.1923622414734616,43.13725490196079,-48.785454909299965,DESCRIPTIVE_SAMPLE,complete,0,0.0,"descriptive deletion of net PnL; no resimulation, return or drawdown"
donchian_atr,eth_short_regime_challenge_v1_donchian_atr,20261007T203647Z-194d4424b93c,e824997c9f554815b58efb97889618e3,6719be4e317770b6,ETHUSDT,1h,SHORT_ONLY,test,adverse,50,21,29,0,214.58368263151402,4.291673652630281,1.1020797065377268,42.0,-49.92618137574429,DESCRIPTIVE_SAMPLE,without_best,1,189.78462498477373,"descriptive deletion of net PnL; no resimulation, return or drawdown"
donchian_atr,eth_short_regime_challenge_v1_donchian_atr,20261007T203647Z-194d4424b93c,e824997c9f554815b58efb97889618e3,6719be4e317770b6,ETHUSDT,1h,SHORT_ONLY,test,adverse,48,19,29,0,-137.9690510745944,-2.8743552307207167,0.9343666765698664,39.583333333333336,-51.075177536721995,DESCRIPTIVE_SAMPLE,without_top_5pct,3,542.3373586908822,"descriptive deletion of net PnL; no resimulation, return or drawdown"
donchian_atr,eth_short_regime_challenge_v1_donchian_atr,20261007T203647Z-194d4424b93c,e824997c9f554815b58efb97889618e3,6719be4e317770b6,ETHUSDT,1h,SHORT_ONLY,test,adverse,45,16,29,0,-628.5912696841942,-13.968694881870983,0.7009725457469791,35.55555555555556,-51.486474105600635,DESCRIPTIVE_SAMPLE,without_top_10pct,6,1032.959577300482,"descriptive deletion of net PnL; no resimulation, return or drawdown"
donchian_atr,eth_short_regime_challenge_v1_donchian_atr,20261007T203647Z-194d4424b93c,580f19ae128a465b87ff6e842de746eb,4c4aa07c4c65af74,ETHUSDT,1h,SHORT_ONLY,test,base,50,22,28,0,594.5175966289556,11.890351932579113,1.2972344929791908,44.0,-46.46145503619801,DESCRIPTIVE_SAMPLE,complete,0,0.0,"descriptive deletion of net PnL; no resimulation, return or drawdown"
donchian_atr,eth_short_regime_challenge_v1_donchian_atr,20261007T203647Z-194d4424b93c,580f19ae128a465b87ff6e842de746eb,4c4aa07c4c65af74,ETHUSDT,1h,SHORT_ONLY,test,base,49,21,28,0,398.4234295259349,8.131090398488467,1.199195426237454,42.857142857142854,-47.55509336357929,DESCRIPTIVE_SAMPLE,without_best,1,196.09416710302082,"descriptive deletion of net PnL; no resimulation, return or drawdown"
donchian_atr,eth_short_regime_challenge_v1_donchian_atr,20261007T203647Z-194d4424b93c,580f19ae128a465b87ff6e842de746eb,4c4aa07c4c65af74,ETHUSDT,1h,SHORT_ONLY,test,base,47,19,28,0,36.74889980832684,0.7818914852835498,1.0183729475191436,40.42553191489362,-48.00958939598053,DESCRIPTIVE_SAMPLE,without_top_5pct,3,557.7686968206287,"descriptive deletion of net PnL; no resimulation, return or drawdown"
donchian_atr,eth_short_regime_challenge_v1_donchian_atr,20261007T203647Z-194d4424b93c,580f19ae128a465b87ff6e842de746eb,4c4aa07c4c65af74,ETHUSDT,1h,SHORT_ONLY,test,base,45,17,28,0,-302.54449878769134,-6.723211084170918,0.8487401193661777,37.77777777777778,-51.17975242390664,DESCRIPTIVE_SAMPLE,without_top_10pct,5,897.0620954166468,"descriptive deletion of net PnL; no resimulation, return or drawdown"
donchian_atr,eth_short_regime_challenge_v1_donchian_atr,20261007T203647Z-194d4424b93c,9f4ba9c7bc62470fa03a7645c8ad745d,4c4aa07c4c65af74,ETHUSDT,1h,SHORT_ONLY,test,adverse,49,22,27,0,496.8343187007162,10.139475891851351,1.2472239440371118,44.89795918367347,-48.785454909299965,DESCRIPTIVE_SAMPLE,complete,0,0.0,"descriptive deletion of net PnL; no resimulation, return or drawdown"
donchian_atr,eth_short_regime_challenge_v1_donchian_atr,20261007T203647Z-194d4424b93c,9f4ba9c7bc62470fa03a7645c8ad745d,4c4aa07c4c65af74,ETHUSDT,1h,SHORT_ONLY,test,adverse,48,21,27,0,307.0496937159425,6.396868619082135,1.1527874251810073,43.75,-49.92618137574429,DESCRIPTIVE_SAMPLE,without_best,1,189.78462498477373,"descriptive deletion of net PnL; no resimulation, return or drawdown"
donchian_atr,eth_short_regime_challenge_v1_donchian_atr,20261007T203647Z-194d4424b93c,9f4ba9c7bc62470fa03a7645c8ad745d,4c4aa07c4c65af74,ETHUSDT,1h,SHORT_ONLY,test,adverse,46,19,27,0,-45.503039990165874,-0.9891965215253451,0.9773577617555366,41.30434782608695,-51.276690973894624,DESCRIPTIVE_SAMPLE,without_top_5pct,3,542.3373586908822,"descriptive deletion of net PnL; no resimulation, return or drawdown"
donchian_atr,eth_short_regime_challenge_v1_donchian_atr,20261007T203647Z-194d4424b93c,9f4ba9c7bc62470fa03a7645c8ad745d,4c4aa07c4c65af74,ETHUSDT,1h,SHORT_ONLY,test,adverse,44,17,27,0,-376.81394254431945,-8.563953239643624,0.812497998754195,38.63636363636363,-53.01635611638797,DESCRIPTIVE_SAMPLE,without_top_10pct,5,873.6482612450357,"descriptive deletion of net PnL; no resimulation, return or drawdown"
donchian_atr,eth_short_regime_challenge_v1_donchian_atr,20261007T203647Z-194d4424b93c,68838f625a7845f0a14cf745f2537bef,db2f1a56c8656a10,ETHUSDT,1h,SHORT_ONLY,test,base,47,20,27,0,447.09114080478304,9.512577463931555,1.230276391032126,42.5531914893617,-46.700997432421985,DESCRIPTIVE_SAMPLE,complete,0,0.0,"descriptive deletion of net PnL; no resimulation, return or drawdown"
donchian_atr,eth_short_regime_challenge_v1_donchian_atr,20261007T203647Z-194d4424b93c,68838f625a7845f0a14cf745f2537bef,db2f1a56c8656a10,ETHUSDT,1h,SHORT_ONLY,test,base,46,19,27,0,250.8482725793255,5.453223316941859,1.1292005804504013,41.30434782608695,-46.92416230019179,DESCRIPTIVE_SAMPLE,without_best,1,196.2428682254577,"descriptive deletion of net PnL; no resimulation, return or drawdown"
donchian_atr,eth_short_regime_challenge_v1_donchian_atr,20261007T203647Z-194d4424b93c,68838f625a7845f0a14cf745f2537bef,db2f1a56c8656a10,ETHUSDT,1h,SHORT_ONLY,test,base,44,17,27,0,-107.2807323941544,-2.438198463503509,0.9447445551290942,38.63636363636363,-48.7039326322369,DESCRIPTIVE_SAMPLE,without_top_5pct,3,554.3718731989377,"descriptive deletion of net PnL; no resimulation, return or drawdown"
donchian_atr,eth_short_regime_challenge_v1_donchian_atr,20261007T203647Z-194d4424b93c,68838f625a7845f0a14cf745f2537bef,db2f1a56c8656a10,ETHUSDT,1h,SHORT_ONLY,test,base,42,15,27,0,-446.698663854363,-10.635682472722928,0.7699257560637517,35.714285714285715,-51.470299434326,DESCRIPTIVE_SAMPLE,without_top_10pct,5,893.7898046591462,"descriptive deletion of net PnL; no resimulation, return or drawdown"
donchian_atr,eth_short_regime_challenge_v1_donchian_atr,20261007T203647Z-194d4424b93c,92ccb6abe203436aa45e8b53d3f9fde6,db2f1a56c8656a10,ETHUSDT,1h,SHORT_ONLY,test,adverse,46,20,26,0,361.08566318926376,7.849688330201386,1.1853805391238539,43.47826086956522,-49.02859994173095,DESCRIPTIVE_SAMPLE,complete,0,0.0,"descriptive deletion of net PnL; no resimulation, return or drawdown"
donchian_atr,eth_short_regime_challenge_v1_donchian_atr,20261007T203647Z-194d4424b93c,92ccb6abe203436aa45e8b53d3f9fde6,db2f1a56c8656a10,ETHUSDT,1h,SHORT_ONLY,test,adverse,45,19,26,0,171.15683774512976,3.803485283225106,1.0878715221636903,42.22222222222222,-50.14882104604183,DESCRIPTIVE_SAMPLE,without_best,1,189.92882544413396,"descriptive deletion of net PnL; no resimulation, return or drawdown"
donchian_atr,eth_short_regime_challenge_v1_donchian_atr,20261007T203647Z-194d4424b93c,92ccb6abe203436aa45e8b53d3f9fde6,db2f1a56c8656a10,ETHUSDT,1h,SHORT_ONLY,test,adverse,43,17,26,0,-178.05993552366863,-4.140928733108573,0.9085844435024422,39.53488372093023,-50.56082510959702,DESCRIPTIVE_SAMPLE,without_top_5pct,3,539.1455987129323,"descriptive deletion of net PnL; no resimulation, return or drawdown"
donchian_atr,eth_short_regime_challenge_v1_donchian_atr,20261007T203647Z-194d4424b93c,92ccb6abe203436aa45e8b53d3f9fde6,db2f1a56c8656a10,ETHUSDT,1h,SHORT_ONLY,test,adverse,41,15,26,0,-509.4923671160127,-12.426643100390553,0.7384278044682471,36.58536585365854,-53.56559709105539,DESCRIPTIVE_SAMPLE,without_top_10pct,5,870.5780303052763,"descriptive deletion of net PnL; no resimulation, return or drawdown"
donchian_atr,eth_short_regime_challenge_v1_donchian_atr,20261007T203647Z-194d4424b93c,946d16c82eef44b7a02127159454c4c4,ff43266d9f6c730a,ETHUSDT,1h,SHORT_ONLY,diagnostic_year_2023,base,33,7,26,0,-709.272690863353,-21.49311184434403,0.3355693772261435,21.21212121212121,-33.78507332609613,DESCRIPTIVE_SAMPLE,complete,0,0.0,"descriptive deletion of net PnL; no resimulation, return or drawdown"
donchian_atr,eth_short_regime_challenge_v1_donchian_atr,20261007T203647Z-194d4424b93c,946d16c82eef44b7a02127159454c4c4,ff43266d9f6c730a,ETHUSDT,1h,SHORT_ONLY,diagnostic_year_2023,base,32,6,26,0,-780.4471567965063,-24.388973649890822,0.26889474653086337,18.75,-34.167630993956465,DESCRIPTIVE_SAMPLE,without_best,1,71.17446593315327,"descriptive deletion of net PnL; no resimulation, return or drawdown"
donchian_atr,eth_short_regime_challenge_v1_donchian_atr,20261007T203647Z-194d4424b93c,946d16c82eef44b7a02127159454c4c4,ff43266d9f6c730a,ETHUSDT,1h,SHORT_ONLY,diagnostic_year_2023,base,31,5,26,0,-842.1578196818372,-27.166381280059262,0.2110855925892697,16.129032258064516,-34.55018866181679,DESCRIPTIVE_SAMPLE,without_top_5pct,2,132.8851288184842,"descriptive deletion of net PnL; no resimulation, return or drawdown"
donchian_atr,eth_short_regime_challenge_v1_donchian_atr,20261007T203647Z-194d4424b93c,946d16c82eef44b7a02127159454c4c4,ff43266d9f6c730a,ETHUSDT,1h,SHORT_ONLY,diagnostic_year_2023,base,29,3,26,0,-957.3053889637396,-33.01053065392205,0.10321795274578116,10.344827586206897,-34.67459753417308,DESCRIPTIVE_SAMPLE,without_top_10pct,4,248.0326981003865,"descriptive deletion of net PnL; no resimulation, return or drawdown"
donchian_atr,eth_short_regime_challenge_v1_donchian_atr,20261007T203647Z-194d4424b93c,9c7fa1ce81fa4270bea9724bfe791569,ff43266d9f6c730a,ETHUSDT,1h,SHORT_ONLY,diagnostic_year_2023,adverse,33,7,26,0,-809.5186529880885,-24.53086827236632,0.29197573844534075,21.21212121212121,-36.79441447720882,DESCRIPTIVE_SAMPLE,complete,0,0.0,"descriptive deletion of net PnL; no resimulation, return or drawdown"
donchian_atr,eth_short_regime_challenge_v1_donchian_atr,20261007T203647Z-194d4424b93c,9c7fa1ce81fa4270bea9724bfe791569,ff43266d9f6c730a,ETHUSDT,1h,SHORT_ONLY,diagnostic_year_2023,adverse,32,6,26,0,-876.9380195001816,-27.404313109380674,0.23300915748638412,18.75,-37.081295047596285,DESCRIPTIVE_SAMPLE,without_best,1,67.41936651209309,"descriptive deletion of net PnL; no resimulation, return or drawdown"
donchian_atr,eth_short_regime_challenge_v1_donchian_atr,20261007T203647Z-194d4424b93c,9c7fa1ce81fa4270bea9724bfe791569,ff43266d9f6c730a,ETHUSDT,1h,SHORT_ONLY,diagnostic_year_2023,adverse,31,5,26,0,-935.3099665499908,-30.17128924354809,0.18195566470657423,16.129032258064516,-37.36817561798376,DESCRIPTIVE_SAMPLE,without_top_5pct,2,125.79131356190226,"descriptive deletion of net PnL; no resimulation, return or drawdown"
donchian_atr,eth_short_regime_challenge_v1_donchian_atr,20261007T203647Z-194d4424b93c,9c7fa1ce81fa4270bea9724bfe791569,ff43266d9f6c730a,ETHUSDT,1h,SHORT_ONLY,diagnostic_year_2023,adverse,29,3,26,0,-1043.4042410566847,-35.97945658816154,0.08741384210200648,10.344827586206897,-38.067778112051144,DESCRIPTIVE_SAMPLE,without_top_10pct,4,233.88558806859604,"descriptive deletion of net PnL; no resimulation, return or drawdown"
donchian_atr,eth_short_regime_challenge_v1_donchian_atr,20261007T203647Z-194d4424b93c,d0c4a346080848e19cff62348d7477e1,e0dd4c731d1d27f0,ETHUSDT,1h,SHORT_ONLY,diagnostic_year_2023,base,31,7,24,0,-637.6422506601425,-20.569104860004597,0.3613511624768943,22.580645161290324,-34.04555411949144,DESCRIPTIVE_SAMPLE,complete,0,0.0,"descriptive deletion of net PnL; no resimulation, return or drawdown"
donchian_atr,eth_short_regime_challenge_v1_donchian_atr,20261007T203647Z-194d4424b93c,d0c4a346080848e19cff62348d7477e1,e0dd4c731d1d27f0,ETHUSDT,1h,SHORT_ONLY,diagnostic_year_2023,base,30,6,24,0,-709.3654764252656,-23.645515880842186,0.2895147138869823,20.0,-34.36007582683226,DESCRIPTIVE_SAMPLE,without_best,1,71.72322576512303,"descriptive deletion of net PnL; no resimulation, return or drawdown"
donchian_atr,eth_short_regime_challenge_v1_donchian_atr,20261007T203647Z-194d4424b93c,d0c4a346080848e19cff62348d7477e1,e0dd4c731d1d27f0,ETHUSDT,1h,SHORT_ONLY,diagnostic_year_2023,base,29,5,24,0,-771.3549775994044,-26.59844750342774,0.22742735561905938,17.24137931034483,-34.67459753417308,DESCRIPTIVE_SAMPLE,without_top_5pct,2,133.71272693926187,"descriptive deletion of net PnL; no resimulation, return or drawdown"
donchian_atr,eth_short_regime_challenge_v1_donchian_atr,20261007T203647Z-194d4424b93c,d0c4a346080848e19cff62348d7477e1,e0dd4c731d1d27f0,ETHUSDT,1h,SHORT_ONLY,diagnostic_year_2023,base,27,3,24,0,-887.3902887008835,-32.866306988921615,0.11120887030088791,11.11111111111111,-34.816588406205085,DESCRIPTIVE_SAMPLE,without_top_10pct,4,249.74803804074102,"descriptive deletion of net PnL; no resimulation, return or drawdown"
donchian_atr,eth_short_regime_challenge_v1_donchian_atr,20261007T203647Z-194d4424b93c,f161b4cd17da437c9dac74dca88d555a,e0dd4c731d1d27f0,ETHUSDT,1h,SHORT_ONLY,diagnostic_year_2023,adverse,31,7,24,0,-732.3435594401418,-23.62398578839167,0.3147793781649537,22.580645161290324,-37.10339331616902,DESCRIPTIVE_SAMPLE,complete,0,0.0,"descriptive deletion of net PnL; no resimulation, return or drawdown"
donchian_atr,eth_short_regime_challenge_v1_donchian_atr,20261007T203647Z-194d4424b93c,f161b4cd17da437c9dac74dca88d555a,e0dd4c731d1d27f0,ETHUSDT,1h,SHORT_ONLY,diagnostic_year_2023,adverse,30,6,24,0,-800.3290826080198,-26.677636086933994,0.2511684105250015,20.0,-37.39268116238107,DESCRIPTIVE_SAMPLE,without_best,1,67.98552316787796,"descriptive deletion of net PnL; no resimulation, return or drawdown"
donchian_atr,eth_short_regime_challenge_v1_donchian_atr,20261007T203647Z-194d4424b93c,f161b4cd17da437c9dac74dca88d555a,e0dd4c731d1d27f0,ETHUSDT,1h,SHORT_ONLY,diagnostic_year_2023,adverse,29,5,24,0,-858.9847919155628,-29.620165238467685,0.19628692616182045,17.24137931034483,-37.68196900859313,DESCRIPTIVE_SAMPLE,without_top_5pct,2,126.64123247542119,"descriptive deletion of net PnL; no resimulation, return or drawdown"
donchian_atr,eth_short_regime_challenge_v1_donchian_atr,20261007T203647Z-194d4424b93c,f161b4cd17da437c9dac74dca88d555a,e0dd4c731d1d27f0,ETHUSDT,1h,SHORT_ONLY,diagnostic_year_2023,adverse,27,3,24,0,-967.9867200783959,-35.851360002903554,0.0942987704196516,11.11111111111111,-38.067778112051144,DESCRIPTIVE_SAMPLE,without_top_10pct,4,235.6431606382542,"descriptive deletion of net PnL; no resimulation, return or drawdown"
donchian_atr,eth_short_regime_challenge_v1_donchian_atr,20261007T203647Z-194d4424b93c,8dd2d5f360144ceea988ae35e5efde9b,827790540ac7604f,ETHUSDT,1h,SHORT_ONLY,diagnostic_year_2023,base,29,6,23,0,-637.538405934654,-21.98408296326393,0.311957046449505,20.689655172413794,-34.04555411949144,DESCRIPTIVE_SAMPLE,complete,0,0.0,"descriptive deletion of net PnL; no resimulation, return or drawdown"
donchian_atr,eth_short_regime_challenge_v1_donchian_atr,20261007T203647Z-194d4424b93c,8dd2d5f360144ceea988ae35e5efde9b,827790540ac7604f,ETHUSDT,1h,SHORT_ONLY,diagnostic_year_2023,base,28,5,23,0,-699.5279071087928,-24.98313953959974,0.24505685803740798,17.857142857142858,-34.36007582683226,DESCRIPTIVE_SAMPLE,without_best,1,61.98950117413882,"descriptive deletion of net PnL; no resimulation, return or drawdown"
donchian_atr,eth_short_regime_challenge_v1_donchian_atr,20261007T203647Z-194d4424b93c,8dd2d5f360144ceea988ae35e5efde9b,827790540ac7604f,ETHUSDT,1h,SHORT_ONLY,diagnostic_year_2023,base,27,4,23,0,-758.389206126589,-28.088489115799593,0.18153268184813154,14.814814814814815,-34.67459753417308,DESCRIPTIVE_SAMPLE,without_top_5pct,2,120.8508001919351,"descriptive deletion of net PnL; no resimulation, return or drawdown"
donchian_atr,eth_short_regime_challenge_v1_donchian_atr,20261007T203647Z-194d4424b93c,8dd2d5f360144ceea988ae35e5efde9b,827790540ac7604f,ETHUSDT,1h,SHORT_ONLY,diagnostic_year_2023,base,26,3,23,0,-815.5632182102719,-31.367816085010457,0.11982945616917391,11.538461538461538,-34.87156656604158,DESCRIPTIVE_SAMPLE,without_top_10pct,3,178.024812275618,"descriptive deletion of net PnL; no resimulation, return or drawdown"
donchian_atr,eth_short_regime_challenge_v1_donchian_atr,20261007T203647Z-194d4424b93c,a217dacd32e54b0eb6d555c7cc612073,827790540ac7604f,ETHUSDT,1h,SHORT_ONLY,diagnostic_year_2023,adverse,29,6,23,0,-725.9927116193289,-25.034231435149273,0.26994386115080715,20.689655172413794,-37.10339331616902,DESCRIPTIVE_SAMPLE,complete,0,0.0,"descriptive deletion of net PnL; no resimulation, return or drawdown"
donchian_atr,eth_short_regime_challenge_v1_donchian_atr,20261007T203647Z-194d4424b93c,a217dacd32e54b0eb6d555c7cc612073,827790540ac7604f,ETHUSDT,1h,SHORT_ONLY,diagnostic_year_2023,adverse,28,5,23,0,-784.648420926872,-28.023157890245425,0.21095985211990215,17.857142857142858,-37.53557593454964,DESCRIPTIVE_SAMPLE,without_best,1,58.655709307543226,"descriptive deletion of net PnL; no resimulation, return or drawdown"
donchian_atr,eth_short_regime_challenge_v1_donchian_atr,20261007T203647Z-194d4424b93c,a217dacd32e54b0eb6d555c7cc612073,827790540ac7604f,ETHUSDT,1h,SHORT_ONLY,diagnostic_year_2023,adverse,27,4,23,0,-839.9699796925912,-31.10999924787375,0.155328655082766,14.814814814814815,-37.96775855293026,DESCRIPTIVE_SAMPLE,without_top_5pct,2,113.9772680732624,"descriptive deletion of net PnL; no resimulation, return or drawdown"
donchian_atr,eth_short_regime_challenge_v1_donchian_atr,20261007T203647Z-194d4424b93c,a217dacd32e54b0eb6d555c7cc612073,827790540ac7604f,ETHUSDT,1h,SHORT_ONLY,diagnostic_year_2023,adverse,26,3,23,0,-893.6503490897051,-34.371167272680964,0.10134783325517133,11.538461538461538,-38.017768332490704,DESCRIPTIVE_SAMPLE,without_top_10pct,3,167.65763747037622,"descriptive deletion of net PnL; no resimulation, return or drawdown"
donchian_atr,eth_short_regime_challenge_v1_donchian_atr,20261007T203647Z-194d4424b93c,b731f0f30d754845b8abe858d82dd2d3,6719be4e317770b6,ETHUSDT,1h,SHORT_ONLY,diagnostic_year_2023,base,27,6,21,0,-601.1683524737593,-22.265494536065162,0.33444791382064104,22.22222222222222,-34.67459753417308,DESCRIPTIVE_SAMPLE,complete,0,0.0,"descriptive deletion of net PnL; no resimulation, return or drawdown"
donchian_atr,eth_short_regime_challenge_v1_donchian_atr,20261007T203647Z-194d4424b93c,b731f0f30d754845b8abe858d82dd2d3,6719be4e317770b6,ETHUSDT,1h,SHORT_ONLY,diagnostic_year_2023,base,26,5,21,0,-673.1709627585495,-25.891190875328828,0.2547339912759686,19.23076923076923,-34.8134122469111,DESCRIPTIVE_SAMPLE,without_best,1,72.00261028479035,"descriptive deletion of net PnL; no resimulation, return or drawdown"
donchian_atr,eth_short_regime_challenge_v1_donchian_atr,20261007T203647Z-194d4424b93c,b731f0f30d754845b8abe858d82dd2d3,6719be4e317770b6,ETHUSDT,1h,SHORT_ONLY,diagnostic_year_2023,base,25,4,21,0,-735.1604639326885,-29.40641855730754,0.18610555856174518,16.0,-34.95222695964912,DESCRIPTIVE_SAMPLE,without_top_5pct,2,133.99211145892917,"descriptive deletion of net PnL; no resimulation, return or drawdown"
donchian_atr,eth_short_regime_challenge_v1_donchian_atr,20261007T203647Z-194d4424b93c,b731f0f30d754845b8abe858d82dd2d3,6719be4e317770b6,ETHUSDT,1h,SHORT_ONLY,diagnostic_year_2023,base,24,3,21,0,-792.2845413877845,-33.01185589115769,0.12286362514182184,12.5,-35.760544900494324,DESCRIPTIVE_SAMPLE,without_top_10pct,3,191.1161889140253,"descriptive deletion of net PnL; no resimulation, return or drawdown"
donchian_atr,eth_short_regime_challenge_v1_donchian_atr,20261007T203647Z-194d4424b93c,464a0801913a4d58a4bd3807be367099,6719be4e317770b6,ETHUSDT,1h,SHORT_ONLY,diagnostic_year_2023,adverse,27,6,21,0,-683.6529060400069,-25.320478001481735,0.2915974548532967,22.22222222222222,-37.879956528503804,DESCRIPTIVE_SAMPLE,complete,0,0.0,"descriptive deletion of net PnL; no resimulation, return or drawdown"
donchian_atr,eth_short_regime_challenge_v1_donchian_atr,20261007T203647Z-194d4424b93c,464a0801913a4d58a4bd3807be367099,6719be4e317770b6,ETHUSDT,1h,SHORT_ONLY,diagnostic_year_2023,adverse,26,5,21,0,-751.9955790019814,-28.922906884691592,0.2207806367857401,19.23076923076923,-37.97386732027748,DESCRIPTIVE_SAMPLE,without_best,1,68.34267296197451,"descriptive deletion of net PnL; no resimulation, return or drawdown"
donchian_atr,eth_short_regime_challenge_v1_donchian_atr,20261007T203647Z-194d4424b93c,464a0801913a4d58a4bd3807be367099,6719be4e317770b6,ETHUSDT,1h,SHORT_ONLY,diagnostic_year_2023,adverse,25,4,21,0,-810.6512883095245,-32.42605153238098,0.16000147034946488,16.0,-38.067778112051144,DESCRIPTIVE_SAMPLE,without_top_5pct,2,126.99838226951775,"descriptive deletion of net PnL; no resimulation, return or drawdown"
donchian_atr,eth_short_regime_challenge_v1_donchian_atr,20261007T203647Z-194d4424b93c,464a0801913a4d58a4bd3807be367099,6719be4e317770b6,ETHUSDT,1h,SHORT_ONLY,diagnostic_year_2023,adverse,24,3,21,0,-864.2847520272215,-36.0118646678009,0.10442636510676673,12.5,-38.96111270444278,DESCRIPTIVE_SAMPLE,without_top_10pct,3,180.63184598721463,"descriptive deletion of net PnL; no resimulation, return or drawdown"
donchian_atr,eth_short_regime_challenge_v1_donchian_atr,20261007T203647Z-194d4424b93c,92e00c2580ab45798e9beb94eac6eeaa,4c4aa07c4c65af74,ETHUSDT,1h,SHORT_ONLY,diagnostic_year_2023,base,26,6,20,0,-571.3035276487649,-21.973212601875574,0.3464548851378017,23.076923076923077,-34.8689333887411,DESCRIPTIVE_SAMPLE,complete,0,0.0,"descriptive deletion of net PnL; no resimulation, return or drawdown"
donchian_atr,eth_short_regime_challenge_v1_donchian_atr,20261007T203647Z-194d4424b93c,92e00c2580ab45798e9beb94eac6eeaa,4c4aa07c4c65af74,ETHUSDT,1h,SHORT_ONLY,diagnostic_year_2023,base,25,5,20,0,-643.5349390092914,-25.741397560371656,0.26382545305892896,20.0,-35.06326924330911,DESCRIPTIVE_SAMPLE,without_best,1,72.23141136052655,"descriptive deletion of net PnL; no resimulation, return or drawdown"
donchian_atr,eth_short_regime_challenge_v1_donchian_atr,20261007T203647Z-194d4424b93c,92e00c2580ab45798e9beb94eac6eeaa,4c4aa07c4c65af74,ETHUSDT,1h,SHORT_ONLY,diagnostic_year_2023,base,24,4,20,0,-705.5244401834302,-29.39685167430959,0.1929122979593334,16.666666666666668,-35.81606604232432,DESCRIPTIVE_SAMPLE,without_top_5pct,2,134.2209125346654,"descriptive deletion of net PnL; no resimulation, return or drawdown"
donchian_atr,eth_short_regime_challenge_v1_donchian_atr,20261007T203647Z-194d4424b93c,92e00c2580ab45798e9beb94eac6eeaa,4c4aa07c4c65af74,ETHUSDT,1h,SHORT_ONLY,diagnostic_year_2023,base,23,3,20,0,-762.83005378216,-33.16652407748522,0.12735729609234725,13.043478260869565,-36.56886284133954,DESCRIPTIVE_SAMPLE,without_top_10pct,3,191.5265261333951,"descriptive deletion of net PnL; no resimulation, return or drawdown"
donchian_atr,eth_short_regime_challenge_v1_donchian_atr,20261007T203647Z-194d4424b93c,546c20d21f384d9a8fcbd5646e528f44,4c4aa07c4c65af74,ETHUSDT,1h,SHORT_ONLY,diagnostic_year_2023,adverse,26,6,20,0,-650.8698107307524,-25.033454258875093,0.30243785437750453,23.076923076923077,-38.040511246149364,DESCRIPTIVE_SAMPLE,complete,0,0.0,"descriptive deletion of net PnL; no resimulation, return or drawdown"
donchian_atr,eth_short_regime_challenge_v1_donchian_atr,20261007T203647Z-194d4424b93c,546c20d21f384d9a8fcbd5646e528f44,4c4aa07c4c65af74,ETHUSDT,1h,SHORT_ONLY,diagnostic_year_2023,adverse,25,5,20,0,-719.4529829782244,-28.778119319128976,0.2289346376084995,20.0,-38.067778112051144,DESCRIPTIVE_SAMPLE,without_best,1,68.58317224747198,"descriptive deletion of net PnL; no resimulation, return or drawdown"
donchian_atr,eth_short_regime_challenge_v1_donchian_atr,20261007T203647Z-194d4424b93c,546c20d21f384d9a8fcbd5646e528f44,4c4aa07c4c65af74,ETHUSDT,1h,SHORT_ONLY,diagnostic_year_2023,adverse,24,4,20,0,-778.1086922857676,-32.42119551190698,0.16607106372167021,16.666666666666668,-38.96111270444278,DESCRIPTIVE_SAMPLE,without_top_5pct,2,127.23888155501521,"descriptive deletion of net PnL; no resimulation, return or drawdown"
donchian_atr,eth_short_regime_challenge_v1_donchian_atr,20261007T203647Z-194d4424b93c,546c20d21f384d9a8fcbd5646e528f44,4c4aa07c4c65af74,ETHUSDT,1h,SHORT_ONLY,diagnostic_year_2023,adverse,23,3,20,0,-831.930890048504,-36.170908262978436,0.10838774958648163,13.043478260869565,-39.85444729683443,DESCRIPTIVE_SAMPLE,without_top_10pct,3,181.06107931775168,"descriptive deletion of net PnL; no resimulation, return or drawdown"
donchian_atr,eth_short_regime_challenge_v1_donchian_atr,20261007T203647Z-194d4424b93c,322502fb5ae44d189dcfb40ea1f360c3,db2f1a56c8656a10,ETHUSDT,1h,SHORT_ONLY,diagnostic_year_2023,base,24,5,19,0,-571.1990280175228,-23.799959500730115,0.2876262286260941,20.833333333333332,-34.995819619907955,DESCRIPTIVE_SAMPLE,complete,0,0.0,"descriptive deletion of net PnL; no resimulation, return or drawdown"
donchian_atr,eth_short_regime_challenge_v1_donchian_atr,20261007T203647Z-194d4424b93c,322502fb5ae44d189dcfb40ea1f360c3,db2f1a56c8656a10,ETHUSDT,1h,SHORT_ONLY,diagnostic_year_2023,base,23,4,19,0,-633.1885291916617,-27.52993605181138,0.21031570712490247,17.391304347826086,-35.31704170564283,DESCRIPTIVE_SAMPLE,without_best,1,61.98950117413882,"descriptive deletion of net PnL; no resimulation, return or drawdown"
donchian_atr,eth_short_regime_challenge_v1_donchian_atr,20261007T203647Z-194d4424b93c,322502fb5ae44d189dcfb40ea1f360c3,db2f1a56c8656a10,ETHUSDT,1h,SHORT_ONLY,diagnostic_year_2023,base,22,3,19,0,-690.4941427903915,-31.38609739956325,0.13884671982303592,13.636363636363637,-35.94295227349119,DESCRIPTIVE_SAMPLE,without_top_5pct,2,119.29511477286854,"descriptive deletion of net PnL; no resimulation, return or drawdown"
donchian_atr,eth_short_regime_challenge_v1_donchian_atr,20261007T203647Z-194d4424b93c,322502fb5ae44d189dcfb40ea1f360c3,db2f1a56c8656a10,ETHUSDT,1h,SHORT_ONLY,diagnostic_year_2023,base,21,2,19,0,-737.6058387325317,-35.12408755869198,0.0800911287454306,9.523809523809524,-36.56886284133954,DESCRIPTIVE_SAMPLE,without_top_10pct,3,166.40681071500882,"descriptive deletion of net PnL; no resimulation, return or drawdown"
donchian_atr,eth_short_regime_challenge_v1_donchian_atr,20261007T203647Z-194d4424b93c,5236dfd1d33e4bddb77298a78fb760ad,db2f1a56c8656a10,ETHUSDT,1h,SHORT_ONLY,diagnostic_year_2023,adverse,24,5,19,0,-644.4629999957558,-26.85262499982316,0.24894201841235986,20.833333333333332,-38.18464772912114,DESCRIPTIVE_SAMPLE,complete,0,0.0,"descriptive deletion of net PnL; no resimulation, return or drawdown"
donchian_atr,eth_short_regime_challenge_v1_donchian_atr,20261007T203647Z-194d4424b93c,5236dfd1d33e4bddb77298a78fb760ad,db2f1a56c8656a10,ETHUSDT,1h,SHORT_ONLY,diagnostic_year_2023,adverse,23,4,19,0,-703.118709303299,-30.570378665360828,0.18058458184671544,17.391304347826086,-38.30151734619113,DESCRIPTIVE_SAMPLE,without_best,1,58.655709307543226,"descriptive deletion of net PnL; no resimulation, return or drawdown"
donchian_atr,eth_short_regime_challenge_v1_donchian_atr,20261007T203647Z-194d4424b93c,5236dfd1d33e4bddb77298a78fb760ad,db2f1a56c8656a10,ETHUSDT,1h,SHORT_ONLY,diagnostic_year_2023,adverse,22,3,19,0,-756.9409070660354,-34.40640486663797,0.11786012564588177,13.636363636363637,-39.07798232151278,DESCRIPTIVE_SAMPLE,without_top_5pct,2,112.47790707027971,"descriptive deletion of net PnL; no resimulation, return or drawdown"
donchian_atr,eth_short_regime_challenge_v1_donchian_atr,20261007T203647Z-194d4424b93c,5236dfd1d33e4bddb77298a78fb760ad,db2f1a56c8656a10,ETHUSDT,1h,SHORT_ONLY,diagnostic_year_2023,adverse,21,2,19,0,-800.5909934078609,-38.12338063846956,0.06699026074404321,9.523809523809524,-39.85444729683443,DESCRIPTIVE_SAMPLE,without_top_10pct,3,156.12799341210518,"descriptive deletion of net PnL; no resimulation, return or drawdown"
donchian_atr,eth_short_regime_challenge_v1_donchian_atr,20261007T203647Z-194d4424b93c,92e7db64f9724ac2ba6c18841f7d7a71,ff43266d9f6c730a,ETHUSDT,1h,SHORT_ONLY,diagnostic_year_2024,base,62,24,38,0,91.9349987815658,1.4828225609929968,1.0367791282209595,38.70967741935484,-48.087742521984936,DESCRIPTIVE_SAMPLE,complete,0,0.0,"descriptive deletion of net PnL; no resimulation, return or drawdown"
donchian_atr,eth_short_regime_challenge_v1_donchian_atr,20261007T203647Z-194d4424b93c,92e7db64f9724ac2ba6c18841f7d7a71,ff43266d9f6c730a,ETHUSDT,1h,SHORT_ONLY,diagnostic_year_2024,base,61,23,38,0,-105.20751271952278,-1.7247133232708654,0.9579111257801479,37.704918032786885,-48.498062319917004,DESCRIPTIVE_SAMPLE,without_best,1,197.14251150108862,"descriptive deletion of net PnL; no resimulation, return or drawdown"
donchian_atr,eth_short_regime_challenge_v1_donchian_atr,20261007T203647Z-194d4424b93c,92e7db64f9724ac2ba6c18841f7d7a71,ff43266d9f6c730a,ETHUSDT,1h,SHORT_ONLY,diagnostic_year_2024,base,58,20,38,0,-577.6547965578673,-9.959565457894263,0.7689058561850531,34.48275862068966,-49.82752373777855,DESCRIPTIVE_SAMPLE,without_top_5pct,4,669.5897953394331,"descriptive deletion of net PnL; no resimulation, return or drawdown"
donchian_atr,eth_short_regime_challenge_v1_donchian_atr,20261007T203647Z-194d4424b93c,92e7db64f9724ac2ba6c18841f7d7a71,ff43266d9f6c730a,ETHUSDT,1h,SHORT_ONLY,diagnostic_year_2024,base,55,17,38,0,-971.2144882333577,-17.658445240606504,0.6114600242976155,30.90909090909091,-53.08173471716303,DESCRIPTIVE_SAMPLE,without_top_10pct,7,1063.1494870149236,"descriptive deletion of net PnL; no resimulation, return or drawdown"
donchian_atr,eth_short_regime_challenge_v1_donchian_atr,20261007T203647Z-194d4424b93c,35ccc5357e144a60b80a236bf4f9d84b,ff43266d9f6c730a,ETHUSDT,1h,SHORT_ONLY,diagnostic_year_2024,adverse,60,23,37,0,-75.88448143480419,-1.2647413572467365,0.969695759893618,38.333333333333336,-51.204016320876185,DESCRIPTIVE_SAMPLE,complete,0,0.0,"descriptive deletion of net PnL; no resimulation, return or drawdown"
donchian_atr,eth_short_regime_challenge_v1_donchian_atr,20261007T203647Z-194d4424b93c,35ccc5357e144a60b80a236bf4f9d84b,ff43266d9f6c730a,ETHUSDT,1h,SHORT_ONLY,diagnostic_year_2024,adverse,59,22,37,0,-263.59888895261207,-4.4677777788578314,0.8947325741501113,37.28813559322034,-51.35869582977331,DESCRIPTIVE_SAMPLE,without_best,1,187.71440751780784,"descriptive deletion of net PnL; no resimulation, return or drawdown"
donchian_atr,eth_short_regime_challenge_v1_donchian_atr,20261007T203647Z-194d4424b93c,35ccc5357e144a60b80a236bf4f9d84b,ff43266d9f6c730a,ETHUSDT,1h,SHORT_ONLY,diagnostic_year_2024,adverse,57,20,37,0,-584.7280675675926,-10.258387150308641,0.7664905996394931,35.08771929824562,-51.48422857562839,DESCRIPTIVE_SAMPLE,without_top_5pct,3,508.8435861327884,"descriptive deletion of net PnL; no resimulation, return or drawdown"
donchian_atr,eth_short_regime_challenge_v1_donchian_atr,20261007T203647Z-194d4424b93c,35ccc5357e144a60b80a236bf4f9d84b,ff43266d9f6c730a,ETHUSDT,1h,SHORT_ONLY,diagnostic_year_2024,adverse,54,17,37,0,-975.9267845645986,-18.07271823267775,0.6102665650933647,31.48148148148148,-54.628247529152794,DESCRIPTIVE_SAMPLE,without_top_10pct,6,900.0423031297944,"descriptive deletion of net PnL; no resimulation, return or drawdown"
donchian_atr,eth_short_regime_challenge_v1_donchian_atr,20261007T203647Z-194d4424b93c,ce3016cf15b0499092b46d051dfdbfdf,e0dd4c731d1d27f0,ETHUSDT,1h,SHORT_ONLY,diagnostic_year_2024,base,61,24,37,0,119.11527662878288,1.9527094529308668,1.0480567480150096,39.34426229508197,-48.6286710939489,DESCRIPTIVE_SAMPLE,complete,0,0.0,"descriptive deletion of net PnL; no resimulation, return or drawdown"
donchian_atr,eth_short_regime_challenge_v1_donchian_atr,20261007T203647Z-194d4424b93c,ce3016cf15b0499092b46d051dfdbfdf,e0dd4c731d1d27f0,ETHUSDT,1h,SHORT_ONLY,diagnostic_year_2024,base,60,23,37,0,-78.55803314774815,-1.3093005524624692,0.9683059662002769,38.333333333333336,-48.68658409602864,DESCRIPTIVE_SAMPLE,without_best,1,197.67330977653117,"descriptive deletion of net PnL; no resimulation, return or drawdown"
donchian_atr,eth_short_regime_challenge_v1_donchian_atr,20261007T203647Z-194d4424b93c,ce3016cf15b0499092b46d051dfdbfdf,e0dd4c731d1d27f0,ETHUSDT,1h,SHORT_ONLY,diagnostic_year_2024,base,57,20,37,0,-552.2776961772809,-9.689082389075104,0.7771850023719965,35.08771929824562,-51.17902897245528,DESCRIPTIVE_SAMPLE,without_top_5pct,4,671.3929728060638,"descriptive deletion of net PnL; no resimulation, return or drawdown"
donchian_atr,eth_short_regime_challenge_v1_donchian_atr,20261007T203647Z-194d4424b93c,ce3016cf15b0499092b46d051dfdbfdf,e0dd4c731d1d27f0,ETHUSDT,1h,SHORT_ONLY,diagnostic_year_2024,base,54,17,37,0,-946.8974382252095,-17.535137744911285,0.6179766955781835,31.48148148148148,-54.42968366415411,DESCRIPTIVE_SAMPLE,without_top_10pct,7,1066.0127148539925,"descriptive deletion of net PnL; no resimulation, return or drawdown"
donchian_atr,eth_short_regime_challenge_v1_donchian_atr,20261007T203647Z-194d4424b93c,49b0cc7496e142fea0a8054bda77bf13,e0dd4c731d1d27f0,ETHUSDT,1h,SHORT_ONLY,diagnostic_year_2024,adverse,59,23,36,0,-45.77419843514062,-0.7758338717820444,0.981547932392109,38.983050847457626,-51.51453890269235,DESCRIPTIVE_SAMPLE,complete,0,0.0,"descriptive deletion of net PnL; no resimulation, return or drawdown"
donchian_atr,eth_short_regime_challenge_v1_donchian_atr,20261007T203647Z-194d4424b93c,49b0cc7496e142fea0a8054bda77bf13,e0dd4c731d1d27f0,ETHUSDT,1h,SHORT_ONLY,diagnostic_year_2024,adverse,58,22,36,0,-234.05812355034897,-4.03548488879912,0.9056486739784914,37.93103448275862,-51.577467649321626,DESCRIPTIVE_SAMPLE,without_best,1,188.28392511520832,"descriptive deletion of net PnL; no resimulation, return or drawdown"
donchian_atr,eth_short_regime_challenge_v1_donchian_atr,20261007T203647Z-194d4424b93c,49b0cc7496e142fea0a8054bda77bf13,e0dd4c731d1d27f0,ETHUSDT,1h,SHORT_ONLY,diagnostic_year_2024,adverse,56,20,36,0,-556.161546132654,-9.93145618094025,0.7758053488431879,35.714285714285715,-52.70476984925702,DESCRIPTIVE_SAMPLE,without_top_5pct,3,510.3873476975134,"descriptive deletion of net PnL; no resimulation, return or drawdown"
donchian_atr,eth_short_regime_challenge_v1_donchian_atr,20261007T203647Z-194d4424b93c,49b0cc7496e142fea0a8054bda77bf13,e0dd4c731d1d27f0,ETHUSDT,1h,SHORT_ONLY,diagnostic_year_2024,adverse,53,17,36,0,-948.5471472610858,-17.89711598605822,0.6176305279199119,32.075471698113205,-55.818910261273246,DESCRIPTIVE_SAMPLE,without_top_10pct,6,902.7729488259453,"descriptive deletion of net PnL; no resimulation, return or drawdown"
donchian_atr,eth_short_regime_challenge_v1_donchian_atr,20261007T203647Z-194d4424b93c,27d628d6a97846acb587a4cb71c55fe0,827790540ac7604f,ETHUSDT,1h,SHORT_ONLY,diagnostic_year_2024,base,60,24,36,0,176.60928452460286,2.9434880754100474,1.0728519725412502,40.0,-48.13448053427464,DESCRIPTIVE_SAMPLE,complete,0,0.0,"descriptive deletion of net PnL; no resimulation, return or drawdown"
donchian_atr,eth_short_regime_challenge_v1_donchian_atr,20261007T203647Z-194d4424b93c,27d628d6a97846acb587a4cb71c55fe0,827790540ac7604f,ETHUSDT,1h,SHORT_ONLY,diagnostic_year_2024,base,59,23,36,0,-21.064025251928314,-0.35701737715132736,0.9913110129323476,38.983050847457626,-48.6286710939489,DESCRIPTIVE_SAMPLE,without_best,1,197.67330977653117,"descriptive deletion of net PnL; no resimulation, return or drawdown"
donchian_atr,eth_short_regime_challenge_v1_donchian_atr,20261007T203647Z-194d4424b93c,27d628d6a97846acb587a4cb71c55fe0,827790540ac7604f,ETHUSDT,1h,SHORT_ONLY,diagnostic_year_2024,base,57,21,36,0,-352.7068875294877,-6.187840132096275,0.854507125406375,36.8421052631579,-49.02140855804638,DESCRIPTIVE_SAMPLE,without_top_5pct,3,529.3161720540905,"descriptive deletion of net PnL; no resimulation, return or drawdown"
donchian_atr,eth_short_regime_challenge_v1_donchian_atr,20261007T203647Z-194d4424b93c,27d628d6a97846acb587a4cb71c55fe0,827790540ac7604f,ETHUSDT,1h,SHORT_ONLY,diagnostic_year_2024,base,54,18,36,0,-760.259168179761,-14.078873484810389,0.6863903265700072,33.333333333333336,-52.49844167919224,DESCRIPTIVE_SAMPLE,without_top_10pct,6,936.868452704364,"descriptive deletion of net PnL; no resimulation, return or drawdown"
donchian_atr,eth_short_regime_challenge_v1_donchian_atr,20261007T203647Z-194d4424b93c,75c40ca6cbee4de29fff9a70ff29ffc8,827790540ac7604f,ETHUSDT,1h,SHORT_ONLY,diagnostic_year_2024,adverse,58,23,35,0,14.21559883332769,0.24509653160909808,1.0058649170508622,39.6551724137931,-51.324952390059124,DESCRIPTIVE_SAMPLE,complete,0,0.0,"descriptive deletion of net PnL; no resimulation, return or drawdown"
donchian_atr,eth_short_regime_challenge_v1_donchian_atr,20261007T203647Z-194d4424b93c,75c40ca6cbee4de29fff9a70ff29ffc8,827790540ac7604f,ETHUSDT,1h,SHORT_ONLY,diagnostic_year_2024,adverse,57,22,35,0,-174.06832628188073,-3.0538302856470305,0.9281847844192003,38.59649122807018,-51.6403963959509,DESCRIPTIVE_SAMPLE,without_best,1,188.28392511520832,"descriptive deletion of net PnL; no resimulation, return or drawdown"
donchian_atr,eth_short_regime_challenge_v1_donchian_atr,20261007T203647Z-194d4424b93c,75c40ca6cbee4de29fff9a70ff29ffc8,827790540ac7604f,ETHUSDT,1h,SHORT_ONLY,diagnostic_year_2024,adverse,55,20,35,0,-496.1717488641859,-9.02130452480338,0.7952948599501005,36.36363636363637,-51.82500274991928,DESCRIPTIVE_SAMPLE,without_top_5pct,3,510.3873476975134,"descriptive deletion of net PnL; no resimulation, return or drawdown"
donchian_atr,eth_short_regime_challenge_v1_donchian_atr,20261007T203647Z-194d4424b93c,75c40ca6cbee4de29fff9a70ff29ffc8,827790540ac7604f,ETHUSDT,1h,SHORT_ONLY,diagnostic_year_2024,adverse,52,17,35,0,-889.3179062857496,-17.10226742857211,0.6330948971362359,32.69230769230769,-55.124212711059414,DESCRIPTIVE_SAMPLE,without_top_10pct,6,903.5335051190773,"descriptive deletion of net PnL; no resimulation, return or drawdown"
donchian_atr,eth_short_regime_challenge_v1_donchian_atr,20261007T203647Z-194d4424b93c,b7ef6bf2425449e3b903f4d6a83c6dd7,6719be4e317770b6,ETHUSDT,1h,SHORT_ONLY,diagnostic_year_2024,base,45,17,28,0,-32.12640530898413,-0.7139201179774252,0.9834853780277155,37.77777777777778,-50.414091187984084,DESCRIPTIVE_SAMPLE,complete,0,0.0,"descriptive deletion of net PnL; no resimulation, return or drawdown"
donchian_atr,eth_short_regime_challenge_v1_donchian_atr,20261007T203647Z-194d4424b93c,b7ef6bf2425449e3b903f4d6a83c6dd7,6719be4e317770b6,ETHUSDT,1h,SHORT_ONLY,diagnostic_year_2024,base,44,16,28,0,-225.93661489930452,-5.134923065893284,0.8838569784302582,36.36363636363637,-51.70932807257486,DESCRIPTIVE_SAMPLE,without_best,1,193.81020959032045,"descriptive deletion of net PnL; no resimulation, return or drawdown"
donchian_atr,eth_short_regime_challenge_v1_donchian_atr,20261007T203647Z-194d4424b93c,b7ef6bf2425449e3b903f4d6a83c6dd7,6719be4e317770b6,ETHUSDT,1h,SHORT_ONLY,diagnostic_year_2024,base,42,14,28,0,-554.7205140113026,-13.207631285983396,0.7148451717190382,33.333333333333336,-54.28450316455912,DESCRIPTIVE_SAMPLE,without_top_5pct,3,522.5941087023186,"descriptive deletion of net PnL; no resimulation, return or drawdown"
donchian_atr,eth_short_regime_challenge_v1_donchian_atr,20261007T203647Z-194d4424b93c,b7ef6bf2425449e3b903f4d6a83c6dd7,6719be4e317770b6,ETHUSDT,1h,SHORT_ONLY,diagnostic_year_2024,base,40,12,28,0,-829.2660233086131,-20.731650582715325,0.5737146824337824,30.0,-56.8565701998471,DESCRIPTIVE_SAMPLE,without_top_10pct,5,797.1396179996291,"descriptive deletion of net PnL; no resimulation, return or drawdown"
donchian_atr,eth_short_regime_challenge_v1_donchian_atr,20261007T203647Z-194d4424b93c,66f73e9bd81c4aaba24d0bf497df3dc0,6719be4e317770b6,ETHUSDT,1h,SHORT_ONLY,diagnostic_year_2024,adverse,44,16,28,0,-225.5727629803376,-5.126653704098581,0.8871871279272862,36.36363636363637,-54.096005506009135,DESCRIPTIVE_SAMPLE,complete,0,0.0,"descriptive deletion of net PnL; no resimulation, return or drawdown"
donchian_atr,eth_short_regime_challenge_v1_donchian_atr,20261007T203647Z-194d4424b93c,66f73e9bd81c4aaba24d0bf497df3dc0,6719be4e317770b6,ETHUSDT,1h,SHORT_ONLY,diagnostic_year_2024,adverse,43,15,28,0,-409.2204702787866,-9.51675512276248,0.7953417072471617,34.883720930232556,-55.39408454185874,DESCRIPTIVE_SAMPLE,without_best,1,183.647707298449,"descriptive deletion of net PnL; no resimulation, return or drawdown"
donchian_atr,eth_short_regime_challenge_v1_donchian_atr,20261007T203647Z-194d4424b93c,66f73e9bd81c4aaba24d0bf497df3dc0,6719be4e317770b6,ETHUSDT,1h,SHORT_ONLY,diagnostic_year_2024,adverse,41,13,28,0,-728.0955316156491,-17.758427600381683,0.6358667288566636,31.70731707317073,-58.46714987814543,DESCRIPTIVE_SAMPLE,without_top_5pct,3,502.52276863531154,"descriptive deletion of net PnL; no resimulation, return or drawdown"
donchian_atr,eth_short_regime_challenge_v1_donchian_atr,20261007T203647Z-194d4424b93c,66f73e9bd81c4aaba24d0bf497df3dc0,6719be4e317770b6,ETHUSDT,1h,SHORT_ONLY,diagnostic_year_2024,adverse,39,11,28,0,-991.1481027857207,-25.41405391758258,0.5043095511738488,28.205128205128204,-61.152353288286136,DESCRIPTIVE_SAMPLE,without_top_10pct,5,765.575339805383,"descriptive deletion of net PnL; no resimulation, return or drawdown"
donchian_atr,eth_short_regime_challenge_v1_donchian_atr,20261007T203647Z-194d4424b93c,92c1e8865c6f4804a4dcb7f79ede23ec,4c4aa07c4c65af74,ETHUSDT,1h,SHORT_ONLY,diagnostic_year_2024,base,45,17,28,0,-32.12640530898413,-0.7139201179774252,0.9834853780277155,37.77777777777778,-50.414091187984084,DESCRIPTIVE_SAMPLE,complete,0,0.0,"descriptive deletion of net PnL; no resimulation, return or drawdown"
donchian_atr,eth_short_regime_challenge_v1_donchian_atr,20261007T203647Z-194d4424b93c,92c1e8865c6f4804a4dcb7f79ede23ec,4c4aa07c4c65af74,ETHUSDT,1h,SHORT_ONLY,diagnostic_year_2024,base,44,16,28,0,-225.93661489930452,-5.134923065893284,0.8838569784302582,36.36363636363637,-51.70932807257486,DESCRIPTIVE_SAMPLE,without_best,1,193.81020959032045,"descriptive deletion of net PnL; no resimulation, return or drawdown"
donchian_atr,eth_short_regime_challenge_v1_donchian_atr,20261007T203647Z-194d4424b93c,92c1e8865c6f4804a4dcb7f79ede23ec,4c4aa07c4c65af74,ETHUSDT,1h,SHORT_ONLY,diagnostic_year_2024,base,42,14,28,0,-554.7205140113026,-13.207631285983396,0.7148451717190382,33.333333333333336,-54.28450316455912,DESCRIPTIVE_SAMPLE,without_top_5pct,3,522.5941087023186,"descriptive deletion of net PnL; no resimulation, return or drawdown"
donchian_atr,eth_short_regime_challenge_v1_donchian_atr,20261007T203647Z-194d4424b93c,92c1e8865c6f4804a4dcb7f79ede23ec,4c4aa07c4c65af74,ETHUSDT,1h,SHORT_ONLY,diagnostic_year_2024,base,40,12,28,0,-829.2660233086131,-20.731650582715325,0.5737146824337824,30.0,-56.8565701998471,DESCRIPTIVE_SAMPLE,without_top_10pct,5,797.1396179996291,"descriptive deletion of net PnL; no resimulation, return or drawdown"
donchian_atr,eth_short_regime_challenge_v1_donchian_atr,20261007T203647Z-194d4424b93c,0d58de13c1ce458680c63d3353d11796,4c4aa07c4c65af74,ETHUSDT,1h,SHORT_ONLY,diagnostic_year_2024,adverse,44,16,28,0,-225.5727629803376,-5.126653704098581,0.8871871279272862,36.36363636363637,-54.096005506009135,DESCRIPTIVE_SAMPLE,complete,0,0.0,"descriptive deletion of net PnL; no resimulation, return or drawdown"
donchian_atr,eth_short_regime_challenge_v1_donchian_atr,20261007T203647Z-194d4424b93c,0d58de13c1ce458680c63d3353d11796,4c4aa07c4c65af74,ETHUSDT,1h,SHORT_ONLY,diagnostic_year_2024,adverse,43,15,28,0,-409.2204702787866,-9.51675512276248,0.7953417072471617,34.883720930232556,-55.39408454185874,DESCRIPTIVE_SAMPLE,without_best,1,183.647707298449,"descriptive deletion of net PnL; no resimulation, return or drawdown"
donchian_atr,eth_short_regime_challenge_v1_donchian_atr,20261007T203647Z-194d4424b93c,0d58de13c1ce458680c63d3353d11796,4c4aa07c4c65af74,ETHUSDT,1h,SHORT_ONLY,diagnostic_year_2024,adverse,41,13,28,0,-728.0955316156491,-17.758427600381683,0.6358667288566636,31.70731707317073,-58.46714987814543,DESCRIPTIVE_SAMPLE,without_top_5pct,3,502.52276863531154,"descriptive deletion of net PnL; no resimulation, return or drawdown"
donchian_atr,eth_short_regime_challenge_v1_donchian_atr,20261007T203647Z-194d4424b93c,0d58de13c1ce458680c63d3353d11796,4c4aa07c4c65af74,ETHUSDT,1h,SHORT_ONLY,diagnostic_year_2024,adverse,39,11,28,0,-991.1481027857207,-25.41405391758258,0.5043095511738488,28.205128205128204,-61.152353288286136,DESCRIPTIVE_SAMPLE,without_top_10pct,5,765.575339805383,"descriptive deletion of net PnL; no resimulation, return or drawdown"
donchian_atr,eth_short_regime_challenge_v1_donchian_atr,20261007T203647Z-194d4424b93c,b444796d7d0a47958c54c2efce3b90a4,db2f1a56c8656a10,ETHUSDT,1h,SHORT_ONLY,diagnostic_year_2024,base,45,17,28,0,-32.12640530898413,-0.7139201179774252,0.9834853780277155,37.77777777777778,-50.414091187984084,DESCRIPTIVE_SAMPLE,complete,0,0.0,"descriptive deletion of net PnL; no resimulation, return or drawdown"
donchian_atr,eth_short_regime_challenge_v1_donchian_atr,20261007T203647Z-194d4424b93c,b444796d7d0a47958c54c2efce3b90a4,db2f1a56c8656a10,ETHUSDT,1h,SHORT_ONLY,diagnostic_year_2024,base,44,16,28,0,-225.93661489930452,-5.134923065893284,0.8838569784302582,36.36363636363637,-51.70932807257486,DESCRIPTIVE_SAMPLE,without_best,1,193.81020959032045,"descriptive deletion of net PnL; no resimulation, return or drawdown"
donchian_atr,eth_short_regime_challenge_v1_donchian_atr,20261007T203647Z-194d4424b93c,b444796d7d0a47958c54c2efce3b90a4,db2f1a56c8656a10,ETHUSDT,1h,SHORT_ONLY,diagnostic_year_2024,base,42,14,28,0,-554.7205140113026,-13.207631285983396,0.7148451717190382,33.333333333333336,-54.28450316455912,DESCRIPTIVE_SAMPLE,without_top_5pct,3,522.5941087023186,"descriptive deletion of net PnL; no resimulation, return or drawdown"
donchian_atr,eth_short_regime_challenge_v1_donchian_atr,20261007T203647Z-194d4424b93c,b444796d7d0a47958c54c2efce3b90a4,db2f1a56c8656a10,ETHUSDT,1h,SHORT_ONLY,diagnostic_year_2024,base,40,12,28,0,-829.2660233086131,-20.731650582715325,0.5737146824337824,30.0,-56.8565701998471,DESCRIPTIVE_SAMPLE,without_top_10pct,5,797.1396179996291,"descriptive deletion of net PnL; no resimulation, return or drawdown"
donchian_atr,eth_short_regime_challenge_v1_donchian_atr,20261007T203647Z-194d4424b93c,a654e1cf1f6843849bab1ecfdaa08ba0,db2f1a56c8656a10,ETHUSDT,1h,SHORT_ONLY,diagnostic_year_2024,adverse,44,16,28,0,-225.5727629803376,-5.126653704098581,0.8871871279272862,36.36363636363637,-54.096005506009135,DESCRIPTIVE_SAMPLE,complete,0,0.0,"descriptive deletion of net PnL; no resimulation, return or drawdown"
donchian_atr,eth_short_regime_challenge_v1_donchian_atr,20261007T203647Z-194d4424b93c,a654e1cf1f6843849bab1ecfdaa08ba0,db2f1a56c8656a10,ETHUSDT,1h,SHORT_ONLY,diagnostic_year_2024,adverse,43,15,28,0,-409.2204702787866,-9.51675512276248,0.7953417072471617,34.883720930232556,-55.39408454185874,DESCRIPTIVE_SAMPLE,without_best,1,183.647707298449,"descriptive deletion of net PnL; no resimulation, return or drawdown"
donchian_atr,eth_short_regime_challenge_v1_donchian_atr,20261007T203647Z-194d4424b93c,a654e1cf1f6843849bab1ecfdaa08ba0,db2f1a56c8656a10,ETHUSDT,1h,SHORT_ONLY,diagnostic_year_2024,adverse,41,13,28,0,-728.0955316156491,-17.758427600381683,0.6358667288566636,31.70731707317073,-58.46714987814543,DESCRIPTIVE_SAMPLE,without_top_5pct,3,502.52276863531154,"descriptive deletion of net PnL; no resimulation, return or drawdown"
donchian_atr,eth_short_regime_challenge_v1_donchian_atr,20261007T203647Z-194d4424b93c,a654e1cf1f6843849bab1ecfdaa08ba0,db2f1a56c8656a10,ETHUSDT,1h,SHORT_ONLY,diagnostic_year_2024,adverse,39,11,28,0,-991.1481027857207,-25.41405391758258,0.5043095511738488,28.205128205128204,-61.152353288286136,DESCRIPTIVE_SAMPLE,without_top_10pct,5,765.575339805383,"descriptive deletion of net PnL; no resimulation, return or drawdown"
donchian_atr,eth_short_regime_challenge_v1_donchian_atr,20261007T203647Z-194d4424b93c,6b2d45e5e0834affbc15aab0a678e9c6,ff43266d9f6c730a,ETHUSDT,1h,SHORT_ONLY,diagnostic_year_2025,base,63,28,35,0,785.0136695580657,12.460534437429613,1.2661827866551003,44.44444444444444,-55.56349162637281,DESCRIPTIVE_SAMPLE,complete,0,0.0,"descriptive deletion of net PnL; no resimulation, return or drawdown"
donchian_atr,eth_short_regime_challenge_v1_donchian_atr,20261007T203647Z-194d4424b93c,6b2d45e5e0834affbc15aab0a678e9c6,ff43266d9f6c730a,ETHUSDT,1h,SHORT_ONLY,diagnostic_year_2025,base,62,27,35,0,579.2149807179471,9.342177108353987,1.1964004750728472,43.54838709677419,-59.112271409054756,DESCRIPTIVE_SAMPLE,without_best,1,205.7986888401186,"descriptive deletion of net PnL; no resimulation, return or drawdown"
donchian_atr,eth_short_regime_challenge_v1_donchian_atr,20261007T203647Z-194d4424b93c,6b2d45e5e0834affbc15aab0a678e9c6,ff43266d9f6c730a,ETHUSDT,1h,SHORT_ONLY,diagnostic_year_2025,base,59,24,35,0,8.642051122983489,0.14647544276243202,1.0029303505652667,40.67796610169491,-63.16495132315249,DESCRIPTIVE_SAMPLE,without_top_5pct,4,776.3716184350822,"descriptive deletion of net PnL; no resimulation, return or drawdown"
donchian_atr,eth_short_regime_challenge_v1_donchian_atr,20261007T203647Z-194d4424b93c,6b2d45e5e0834affbc15aab0a678e9c6,ff43266d9f6c730a,ETHUSDT,1h,SHORT_ONLY,diagnostic_year_2025,base,56,21,35,0,-517.1524843700043,-9.234865792321505,0.8246437039845282,37.5,-67.85137051493516,DESCRIPTIVE_SAMPLE,without_top_10pct,7,1302.16615392807,"descriptive deletion of net PnL; no resimulation, return or drawdown"
donchian_atr,eth_short_regime_challenge_v1_donchian_atr,20261007T203647Z-194d4424b93c,79b6f0cd14774339825ecf4cfd95fce9,ff43266d9f6c730a,ETHUSDT,1h,SHORT_ONLY,diagnostic_year_2025,adverse,63,28,35,0,583.7461312388756,9.26581160696628,1.1935598958282216,44.44444444444444,-58.39812445381824,DESCRIPTIVE_SAMPLE,complete,0,0.0,"descriptive deletion of net PnL; no resimulation, return or drawdown"
donchian_atr,eth_short_regime_challenge_v1_donchian_atr,20261007T203647Z-194d4424b93c,79b6f0cd14774339825ecf4cfd95fce9,ff43266d9f6c730a,ETHUSDT,1h,SHORT_ONLY,diagnostic_year_2025,adverse,62,27,35,0,383.65320814877816,6.1879549701415835,1.12721262040031,43.54838709677419,-62.20685221649405,DESCRIPTIVE_SAMPLE,without_best,1,200.0929230900973,"descriptive deletion of net PnL; no resimulation, return or drawdown"
donchian_atr,eth_short_regime_challenge_v1_donchian_atr,20261007T203647Z-194d4424b93c,79b6f0cd14774339825ecf4cfd95fce9,ff43266d9f6c730a,ETHUSDT,1h,SHORT_ONLY,diagnostic_year_2025,adverse,59,24,35,0,-167.0772610091391,-2.8318179832057475,0.9446001343639572,40.67796610169491,-66.31940948217066,DESCRIPTIVE_SAMPLE,without_top_5pct,4,750.8233922480146,"descriptive deletion of net PnL; no resimulation, return or drawdown"
donchian_atr,eth_short_regime_challenge_v1_donchian_atr,20261007T203647Z-194d4424b93c,79b6f0cd14774339825ecf4cfd95fce9,ff43266d9f6c730a,ETHUSDT,1h,SHORT_ONLY,diagnostic_year_2025,adverse,56,21,35,0,-675.7076285980964,-12.066207653537436,0.775947297630549,37.5,-70.82181664118653,DESCRIPTIVE_SAMPLE,without_top_10pct,7,1259.4537598369718,"descriptive deletion of net PnL; no resimulation, return or drawdown"
donchian_atr,eth_short_regime_challenge_v1_donchian_atr,20261007T203647Z-194d4424b93c,0f97421b8732488da629986155893a51,e0dd4c731d1d27f0,ETHUSDT,1h,SHORT_ONLY,diagnostic_year_2025,base,61,28,33,0,902.9878052693415,14.803078774907238,1.3175914281267438,45.90163934426229,-55.89769031417552,DESCRIPTIVE_SAMPLE,complete,0,0.0,"descriptive deletion of net PnL; no resimulation, return or drawdown"
donchian_atr,eth_short_regime_challenge_v1_donchian_atr,20261007T203647Z-194d4424b93c,0f97421b8732488da629986155893a51,e0dd4c731d1d27f0,ETHUSDT,1h,SHORT_ONLY,diagnostic_year_2025,base,60,27,33,0,697.1891164292226,11.61981860715371,1.24520960955296,45.0,-59.27937075295611,DESCRIPTIVE_SAMPLE,without_best,1,205.7986888401186,"descriptive deletion of net PnL; no resimulation, return or drawdown"
donchian_atr,eth_short_regime_challenge_v1_donchian_atr,20261007T203647Z-194d4424b93c,0f97421b8732488da629986155893a51,e0dd4c731d1d27f0,ETHUSDT,1h,SHORT_ONLY,diagnostic_year_2025,base,57,24,33,0,125.5059259307548,2.201858349662365,1.0441419098044504,42.10526315789474,-66.02095632893966,DESCRIPTIVE_SAMPLE,without_top_5pct,4,777.4818793385864,"descriptive deletion of net PnL; no resimulation, return or drawdown"
donchian_atr,eth_short_regime_challenge_v1_donchian_atr,20261007T203647Z-194d4424b93c,0f97421b8732488da629986155893a51,e0dd4c731d1d27f0,ETHUSDT,1h,SHORT_ONLY,diagnostic_year_2025,base,54,21,33,0,-402.4285038920367,-7.452379701704383,0.8584611635681406,38.888888888888886,-70.79961118542371,DESCRIPTIVE_SAMPLE,without_top_10pct,7,1305.416309161378,"descriptive deletion of net PnL; no resimulation, return or drawdown"
donchian_atr,eth_short_regime_challenge_v1_donchian_atr,20261007T203647Z-194d4424b93c,a8dd3ff9b4d94cbdace99518580ca85d,e0dd4c731d1d27f0,ETHUSDT,1h,SHORT_ONLY,diagnostic_year_2025,adverse,61,28,33,0,706.8524119842274,11.587744458757825,1.243325090986474,45.90163934426229,-58.769544054843564,DESCRIPTIVE_SAMPLE,complete,0,0.0,"descriptive deletion of net PnL; no resimulation, return or drawdown"
donchian_atr,eth_short_regime_challenge_v1_donchian_atr,20261007T203647Z-194d4424b93c,a8dd3ff9b4d94cbdace99518580ca85d,e0dd4c731d1d27f0,ETHUSDT,1h,SHORT_ONLY,diagnostic_year_2025,adverse,60,27,33,0,506.75948889412996,8.445991481568832,1.174445607955533,45.0,-62.39256201700671,DESCRIPTIVE_SAMPLE,without_best,1,200.0929230900973,"descriptive deletion of net PnL; no resimulation, return or drawdown"
donchian_atr,eth_short_regime_challenge_v1_donchian_atr,20261007T203647Z-194d4424b93c,a8dd3ff9b4d94cbdace99518580ca85d,e0dd4c731d1d27f0,ETHUSDT,1h,SHORT_ONLY,diagnostic_year_2025,adverse,57,24,33,0,-45.107199002732074,-0.7913543684689838,0.984472411616062,42.10526315789474,-68.6214878478546,DESCRIPTIVE_SAMPLE,without_top_5pct,4,751.9596109869594,"descriptive deletion of net PnL; no resimulation, return or drawdown"
donchian_atr,eth_short_regime_challenge_v1_donchian_atr,20261007T203647Z-194d4424b93c,a8dd3ff9b4d94cbdace99518580ca85d,e0dd4c731d1d27f0,ETHUSDT,1h,SHORT_ONLY,diagnostic_year_2025,adverse,54,21,33,0,-555.9188717592394,-10.294793921467397,0.8086318901109817,38.888888888888886,-73.86872281268046,DESCRIPTIVE_SAMPLE,without_top_10pct,7,1262.771283743467,"descriptive deletion of net PnL; no resimulation, return or drawdown"
donchian_atr,eth_short_regime_challenge_v1_donchian_atr,20261007T203647Z-194d4424b93c,5ef729a9f8b3430182df8d5e0678ad00,827790540ac7604f,ETHUSDT,1h,SHORT_ONLY,diagnostic_year_2025,base,60,28,32,0,955.5912364397436,15.92652060732906,1.3398837279548923,46.666666666666664,-59.392914407556866,DESCRIPTIVE_SAMPLE,complete,0,0.0,"descriptive deletion of net PnL; no resimulation, return or drawdown"
donchian_atr,eth_short_regime_challenge_v1_donchian_atr,20261007T203647Z-194d4424b93c,5ef729a9f8b3430182df8d5e0678ad00,827790540ac7604f,ETHUSDT,1h,SHORT_ONLY,diagnostic_year_2025,base,59,27,32,0,749.7925475996246,12.708348264400417,1.2666854577072362,45.76271186440678,-62.66105119173671,DESCRIPTIVE_SAMPLE,without_best,1,205.7986888401186,"descriptive deletion of net PnL; no resimulation, return or drawdown"
donchian_atr,eth_short_regime_challenge_v1_donchian_atr,20261007T203647Z-194d4424b93c,5ef729a9f8b3430182df8d5e0678ad00,827790540ac7604f,ETHUSDT,1h,SHORT_ONLY,diagnostic_year_2025,base,57,25,32,0,363.728985764223,6.381210276565316,1.1293707590992454,43.85964912280702,-66.33948631592621,DESCRIPTIVE_SAMPLE,without_top_5pct,3,591.8622506755204,"descriptive deletion of net PnL; no resimulation, return or drawdown"
donchian_atr,eth_short_regime_challenge_v1_donchian_atr,20261007T203647Z-194d4424b93c,5ef729a9f8b3430182df8d5e0678ad00,827790540ac7604f,ETHUSDT,1h,SHORT_ONLY,diagnostic_year_2025,base,54,22,32,0,-182.33941214864223,-3.3766557805304114,0.9351457016442701,40.74074074074074,-70.9449091635789,DESCRIPTIVE_SAMPLE,without_top_10pct,6,1137.9306485883856,"descriptive deletion of net PnL; no resimulation, return or drawdown"
donchian_atr,eth_short_regime_challenge_v1_donchian_atr,20261007T203647Z-194d4424b93c,242e3c150a8b4aa880c61e452f832629,827790540ac7604f,ETHUSDT,1h,SHORT_ONLY,diagnostic_year_2025,adverse,60,28,32,0,762.189773648487,12.70316289414145,1.265508332844243,46.666666666666664,-62.52201864869582,DESCRIPTIVE_SAMPLE,complete,0,0.0,"descriptive deletion of net PnL; no resimulation, return or drawdown"
donchian_atr,eth_short_regime_challenge_v1_donchian_atr,20261007T203647Z-194d4424b93c,242e3c150a8b4aa880c61e452f832629,827790540ac7604f,ETHUSDT,1h,SHORT_ONLY,diagnostic_year_2025,adverse,59,27,32,0,562.0968505583897,9.527065263701521,1.1958060877337169,45.76271186440678,-66.01557997916986,DESCRIPTIVE_SAMPLE,without_best,1,200.0929230900973,"descriptive deletion of net PnL; no resimulation, return or drawdown"
donchian_atr,eth_short_regime_challenge_v1_donchian_atr,20261007T203647Z-194d4424b93c,242e3c150a8b4aa880c61e452f832629,827790540ac7604f,ETHUSDT,1h,SHORT_ONLY,diagnostic_year_2025,adverse,57,25,32,0,189.92275843851752,3.3319782182196054,1.0661594745896532,43.85964912280702,-68.97615960995398,DESCRIPTIVE_SAMPLE,without_top_5pct,3,572.2670152099695,"descriptive deletion of net PnL; no resimulation, return or drawdown"
donchian_atr,eth_short_regime_challenge_v1_donchian_atr,20261007T203647Z-194d4424b93c,242e3c150a8b4aa880c61e452f832629,827790540ac7604f,ETHUSDT,1h,SHORT_ONLY,diagnostic_year_2025,adverse,54,22,32,0,-337.6053626623039,-6.251951160413035,0.8823953822278857,40.74074074074074,-74.03237863785964,DESCRIPTIVE_SAMPLE,without_top_10pct,6,1099.795136310791,"descriptive deletion of net PnL; no resimulation, return or drawdown"
donchian_atr,eth_short_regime_challenge_v1_donchian_atr,20261007T203647Z-194d4424b93c,40abb5fb23ef44fd8350a70b76469f5a,6719be4e317770b6,ETHUSDT,1h,SHORT_ONLY,diagnostic_year_2025,base,46,24,22,0,1258.0988761045965,27.349975567491228,1.6171248270433987,52.17391304347826,69.51723154687176,DESCRIPTIVE_SAMPLE,complete,0,0.0,"descriptive deletion of net PnL; no resimulation, return or drawdown"
donchian_atr,eth_short_regime_challenge_v1_donchian_atr,20261007T203647Z-194d4424b93c,40abb5fb23ef44fd8350a70b76469f5a,6719be4e317770b6,ETHUSDT,1h,SHORT_ONLY,diagnostic_year_2025,base,45,23,22,0,1055.6192294522727,23.458205098939395,1.5178041621152034,51.111111111111114,63.04974543173986,DESCRIPTIVE_SAMPLE,without_best,1,202.4796466523233,"descriptive deletion of net PnL; no resimulation, return or drawdown"
donchian_atr,eth_short_regime_challenge_v1_donchian_atr,20261007T203647Z-194d4424b93c,40abb5fb23ef44fd8350a70b76469f5a,6719be4e317770b6,ETHUSDT,1h,SHORT_ONLY,diagnostic_year_2025,base,43,21,22,0,670.6454992836661,15.59640696008526,1.3289661851017007,48.83720930232558,-57.03592350192195,DESCRIPTIVE_SAMPLE,without_top_5pct,3,587.4533768209296,"descriptive deletion of net PnL; no resimulation, return or drawdown"
donchian_atr,eth_short_regime_challenge_v1_donchian_atr,20261007T203647Z-194d4424b93c,40abb5fb23ef44fd8350a70b76469f5a,6719be4e317770b6,ETHUSDT,1h,SHORT_ONLY,diagnostic_year_2025,base,41,19,22,0,292.57793920041587,7.136047297571118,1.1435158345302896,46.34146341463415,-63.93543247018671,DESCRIPTIVE_SAMPLE,without_top_10pct,5,965.52093690418,"descriptive deletion of net PnL; no resimulation, return or drawdown"
donchian_atr,eth_short_regime_challenge_v1_donchian_atr,20261007T203647Z-194d4424b93c,ce56873bce1f4832b757b0bc255700be,6719be4e317770b6,ETHUSDT,1h,SHORT_ONLY,diagnostic_year_2025,adverse,46,24,22,0,1109.5319092418613,24.120258896562202,1.534370544657876,52.17391304347826,65.30860315333483,DESCRIPTIVE_SAMPLE,complete,0,0.0,"descriptive deletion of net PnL; no resimulation, return or drawdown"
donchian_atr,eth_short_regime_challenge_v1_donchian_atr,20261007T203647Z-194d4424b93c,ce56873bce1f4832b757b0bc255700be,6719be4e317770b6,ETHUSDT,1h,SHORT_ONLY,diagnostic_year_2025,adverse,45,23,22,0,912.4699663347917,20.277110362995373,1.439461964845562,51.111111111111114,59.07679319658952,DESCRIPTIVE_SAMPLE,without_best,1,197.0619429070697,"descriptive deletion of net PnL; no resimulation, return or drawdown"
donchian_atr,eth_short_regime_challenge_v1_donchian_atr,20261007T203647Z-194d4424b93c,ce56873bce1f4832b757b0bc255700be,6719be4e317770b6,ETHUSDT,1h,SHORT_ONLY,diagnostic_year_2025,adverse,43,21,22,0,542.470353515796,12.615589616646417,1.2612634894539088,48.83720930232558,-60.17701320748796,DESCRIPTIVE_SAMPLE,without_top_5pct,3,567.0615557260653,"descriptive deletion of net PnL; no resimulation, return or drawdown"
donchian_atr,eth_short_regime_challenge_v1_donchian_atr,20261007T203647Z-194d4424b93c,ce56873bce1f4832b757b0bc255700be,6719be4e317770b6,ETHUSDT,1h,SHORT_ONLY,diagnostic_year_2025,adverse,41,19,22,0,173.92502663462272,4.2420738203566515,1.0837654243543877,46.34146341463415,-67.27298974511008,DESCRIPTIVE_SAMPLE,without_top_10pct,5,935.6068826072386,"descriptive deletion of net PnL; no resimulation, return or drawdown"
donchian_atr,eth_short_regime_challenge_v1_donchian_atr,20261007T203647Z-194d4424b93c,9f26cd76d87b4489aaa5d1c535a4c22a,4c4aa07c4c65af74,ETHUSDT,1h,SHORT_ONLY,diagnostic_year_2025,base,45,24,21,0,1325.8108446133037,29.462463213628972,1.6689670319711738,53.333333333333336,76.44173229243894,DESCRIPTIVE_SAMPLE,complete,0,0.0,"descriptive deletion of net PnL; no resimulation, return or drawdown"
donchian_atr,eth_short_regime_challenge_v1_donchian_atr,20261007T203647Z-194d4424b93c,9f26cd76d87b4489aaa5d1c535a4c22a,4c4aa07c4c65af74,ETHUSDT,1h,SHORT_ONLY,diagnostic_year_2025,base,44,23,21,0,1123.3311979609803,25.530254499113187,1.5668014713213183,52.27272727272727,69.93533848191564,DESCRIPTIVE_SAMPLE,without_best,1,202.4796466523233,"descriptive deletion of net PnL; no resimulation, return or drawdown"
donchian_atr,eth_short_regime_challenge_v1_donchian_atr,20261007T203647Z-194d4424b93c,9f26cd76d87b4489aaa5d1c535a4c22a,4c4aa07c4c65af74,ETHUSDT,1h,SHORT_ONLY,diagnostic_year_2025,base,42,21,21,0,737.2102937619018,17.55262604195004,1.3719756737246622,50.0,3.024983224747185,DESCRIPTIVE_SAMPLE,without_top_5pct,3,588.6005508514019,"descriptive deletion of net PnL; no resimulation, return or drawdown"
donchian_atr,eth_short_regime_challenge_v1_donchian_atr,20261007T203647Z-194d4424b93c,9f26cd76d87b4489aaa5d1c535a4c22a,4c4aa07c4c65af74,ETHUSDT,1h,SHORT_ONLY,diagnostic_year_2025,base,40,19,21,0,358.003353805349,8.950083845133724,1.1806384689067337,47.5,-62.853676693342976,DESCRIPTIVE_SAMPLE,without_top_10pct,5,967.8074908079548,"descriptive deletion of net PnL; no resimulation, return or drawdown"
donchian_atr,eth_short_regime_challenge_v1_donchian_atr,20261007T203647Z-194d4424b93c,780bc062273345a0b7b16820eabe149c,4c4aa07c4c65af74,ETHUSDT,1h,SHORT_ONLY,diagnostic_year_2025,adverse,45,24,21,0,1180.1865705567545,26.226368234594545,1.5851691813540838,53.333333333333336,71.9953929723109,DESCRIPTIVE_SAMPLE,complete,0,0.0,"descriptive deletion of net PnL; no resimulation, return or drawdown"
donchian_atr,eth_short_regime_challenge_v1_donchian_atr,20261007T203647Z-194d4424b93c,780bc062273345a0b7b16820eabe149c,4c4aa07c4c65af74,ETHUSDT,1h,SHORT_ONLY,diagnostic_year_2025,adverse,44,23,21,0,983.124627649685,22.34374153749284,1.4874604133644806,52.27272727272727,65.72398219537493,DESCRIPTIVE_SAMPLE,without_best,1,197.0619429070697,"descriptive deletion of net PnL; no resimulation, return or drawdown"
donchian_atr,eth_short_regime_challenge_v1_donchian_atr,20261007T203647Z-194d4424b93c,780bc062273345a0b7b16820eabe149c,4c4aa07c4c65af74,ETHUSDT,1h,SHORT_ONLY,diagnostic_year_2025,adverse,42,21,21,0,611.7971570287453,14.56659897687489,1.3033459712767086,50.0,-0.5535807930511609,DESCRIPTIVE_SAMPLE,without_top_5pct,3,568.3894135280094,"descriptive deletion of net PnL; no resimulation, return or drawdown"
donchian_atr,eth_short_regime_challenge_v1_donchian_atr,20261007T203647Z-194d4424b93c,780bc062273345a0b7b16820eabe149c,4c4aa07c4c65af74,ETHUSDT,1h,SHORT_ONLY,diagnostic_year_2025,adverse,40,19,21,0,242.2331853700167,6.055829634250418,1.1201059208061444,47.5,-66.13464879330633,DESCRIPTIVE_SAMPLE,without_top_10pct,5,937.953385186738,"descriptive deletion of net PnL; no resimulation, return or drawdown"
donchian_atr,eth_short_regime_challenge_v1_donchian_atr,20261007T203647Z-194d4424b93c,d5ecbc42e22c47a786d55b6121080973,db2f1a56c8656a10,ETHUSDT,1h,SHORT_ONLY,diagnostic_year_2025,base,45,24,21,0,1338.756125756837,29.75013612792971,1.675116171287836,53.333333333333336,85.04605680647566,DESCRIPTIVE_SAMPLE,complete,0,0.0,"descriptive deletion of net PnL; no resimulation, return or drawdown"
donchian_atr,eth_short_regime_challenge_v1_donchian_atr,20261007T203647Z-194d4424b93c,d5ecbc42e22c47a786d55b6121080973,db2f1a56c8656a10,ETHUSDT,1h,SHORT_ONLY,diagnostic_year_2025,base,44,23,21,0,1136.2764791045138,25.824465434193495,1.5730084899994672,52.27272727272727,74.24965922373512,DESCRIPTIVE_SAMPLE,without_best,1,202.4796466523233,"descriptive deletion of net PnL; no resimulation, return or drawdown"
donchian_atr,eth_short_regime_challenge_v1_donchian_atr,20261007T203647Z-194d4424b93c,d5ecbc42e22c47a786d55b6121080973,db2f1a56c8656a10,ETHUSDT,1h,SHORT_ONLY,diagnostic_year_2025,base,42,21,21,0,749.9363993792884,17.855628556649727,1.3781825389386047,50.0,3.026141585375175,DESCRIPTIVE_SAMPLE,without_top_5pct,3,588.819726377549,"descriptive deletion of net PnL; no resimulation, return or drawdown"
donchian_atr,eth_short_regime_challenge_v1_donchian_atr,20261007T203647Z-194d4424b93c,d5ecbc42e22c47a786d55b6121080973,db2f1a56c8656a10,ETHUSDT,1h,SHORT_ONLY,diagnostic_year_2025,base,40,19,21,0,370.58382257243517,9.264595564310879,1.1868802888165126,47.5,-62.86467681751613,DESCRIPTIVE_SAMPLE,without_top_10pct,5,968.1723031844022,"descriptive deletion of net PnL; no resimulation, return or drawdown"
donchian_atr,eth_short_regime_challenge_v1_donchian_atr,20261007T203647Z-194d4424b93c,918158e1cd784c0e9dbe9b27a973801a,db2f1a56c8656a10,ETHUSDT,1h,SHORT_ONLY,diagnostic_year_2025,adverse,45,24,21,0,1192.9790234979464,26.51064496662103,1.5911772054175877,53.333333333333336,80.51924619957367,DESCRIPTIVE_SAMPLE,complete,0,0.0,"descriptive deletion of net PnL; no resimulation, return or drawdown"
donchian_atr,eth_short_regime_challenge_v1_donchian_atr,20261007T203647Z-194d4424b93c,918158e1cd784c0e9dbe9b27a973801a,db2f1a56c8656a10,ETHUSDT,1h,SHORT_ONLY,diagnostic_year_2025,adverse,44,23,21,0,995.9170805908767,22.63447910433811,1.4935237459624706,52.27272727272727,69.99734511069008,DESCRIPTIVE_SAMPLE,without_best,1,197.0619429070697,"descriptive deletion of net PnL; no resimulation, return or drawdown"
donchian_atr,eth_short_regime_challenge_v1_donchian_atr,20261007T203647Z-194d4424b93c,918158e1cd784c0e9dbe9b27a973801a,db2f1a56c8656a10,ETHUSDT,1h,SHORT_ONLY,diagnostic_year_2025,adverse,42,21,21,0,624.3053254994836,14.864412511892468,1.3093726464476576,50.0,-0.5537916232383502,DESCRIPTIVE_SAMPLE,without_top_5pct,3,568.6736979984627,"descriptive deletion of net PnL; no resimulation, return or drawdown"
donchian_atr,eth_short_regime_challenge_v1_donchian_atr,20261007T203647Z-194d4424b93c,918158e1cd784c0e9dbe9b27a973801a,db2f1a56c8656a10,ETHUSDT,1h,SHORT_ONLY,diagnostic_year_2025,adverse,40,19,21,0,254.67046015631226,6.3667615039078065,1.1262011887653942,47.5,-66.15920073613043,DESCRIPTIVE_SAMPLE,without_top_10pct,5,938.308563341634,"descriptive deletion of net PnL; no resimulation, return or drawdown"
donchian_atr,eth_short_regime_challenge_v1_donchian_atr,20261007T203647Z-194d4424b93c,e53a3a266b234afcbf6e9606e894344b,ff43266d9f6c730a,ETHUSDT,1h,SHORT_ONLY,diagnostic_year_2026,base,38,14,24,0,67.87679859565063,1.786231541990806,1.0474087596508077,36.8421052631579,-43.36949758898052,DESCRIPTIVE_SAMPLE,complete,0,0.0,"descriptive deletion of net PnL; no resimulation, return or drawdown"
donchian_atr,eth_short_regime_challenge_v1_donchian_atr,20261007T203647Z-194d4424b93c,e53a3a266b234afcbf6e9606e894344b,ff43266d9f6c730a,ETHUSDT,1h,SHORT_ONLY,diagnostic_year_2026,base,37,13,24,0,-119.43740523140087,-3.2280379792270506,0.9165785753735525,35.13513513513514,-44.39033554732319,DESCRIPTIVE_SAMPLE,without_best,1,187.31420382705147,"descriptive deletion of net PnL; no resimulation, return or drawdown"
donchian_atr,eth_short_regime_challenge_v1_donchian_atr,20261007T203647Z-194d4424b93c,e53a3a266b234afcbf6e9606e894344b,ff43266d9f6c730a,ETHUSDT,1h,SHORT_ONLY,diagnostic_year_2026,base,36,12,24,0,-296.39223375027876,-8.23311760417441,0.792983928780439,33.333333333333336,-44.60248029032164,DESCRIPTIVE_SAMPLE,without_top_5pct,2,364.2690323459293,"descriptive deletion of net PnL; no resimulation, return or drawdown"
donchian_atr,eth_short_regime_challenge_v1_donchian_atr,20261007T203647Z-194d4424b93c,e53a3a266b234afcbf6e9606e894344b,ff43266d9f6c730a,ETHUSDT,1h,SHORT_ONLY,diagnostic_year_2026,base,34,10,24,0,-589.0448934764671,-17.324849808131386,0.5885797745895616,29.41176470588235,-45.503289803990796,DESCRIPTIVE_SAMPLE,without_top_10pct,4,656.9216920721177,"descriptive deletion of net PnL; no resimulation, return or drawdown"
donchian_atr,eth_short_regime_challenge_v1_donchian_atr,20261007T203647Z-194d4424b93c,617ee622ed084083bfd99ec8a79b0ce3,ff43266d9f6c730a,ETHUSDT,1h,SHORT_ONLY,diagnostic_year_2026,adverse,37,14,23,0,11.464121926572489,0.3098411331506078,1.0079620161312923,37.83783783783784,-45.79674835048303,DESCRIPTIVE_SAMPLE,complete,0,0.0,"descriptive deletion of net PnL; no resimulation, return or drawdown"
donchian_atr,eth_short_regime_challenge_v1_donchian_atr,20261007T203647Z-194d4424b93c,617ee622ed084083bfd99ec8a79b0ce3,ff43266d9f6c730a,ETHUSDT,1h,SHORT_ONLY,diagnostic_year_2026,adverse,36,13,23,0,-170.97504029057177,-4.749306674738104,0.8812550985098562,36.111111111111114,-46.86758055966844,DESCRIPTIVE_SAMPLE,without_best,1,182.4391622171442,"descriptive deletion of net PnL; no resimulation, return or drawdown"
donchian_atr,eth_short_regime_challenge_v1_donchian_atr,20261007T203647Z-194d4424b93c,617ee622ed084083bfd99ec8a79b0ce3,ff43266d9f6c730a,ETHUSDT,1h,SHORT_ONLY,diagnostic_year_2026,adverse,35,12,23,0,-344.2479782093401,-9.835656520266859,0.7609142703450882,34.285714285714285,-47.93841276885385,DESCRIPTIVE_SAMPLE,without_top_5pct,2,355.7121001359126,"descriptive deletion of net PnL; no resimulation, return or drawdown"
donchian_atr,eth_short_regime_challenge_v1_donchian_atr,20261007T203647Z-194d4424b93c,617ee622ed084083bfd99ec8a79b0ce3,ff43266d9f6c730a,ETHUSDT,1h,SHORT_ONLY,diagnostic_year_2026,adverse,33,10,23,0,-630.787722962021,-19.114779483697607,0.561907832295169,30.303030303030305,-48.33227445852768,DESCRIPTIVE_SAMPLE,without_top_10pct,4,642.2518448885935,"descriptive deletion of net PnL; no resimulation, return or drawdown"
donchian_atr,eth_short_regime_challenge_v1_donchian_atr,20261007T203647Z-194d4424b93c,1ffc60689d9147b58b3530fb5a433c43,e0dd4c731d1d27f0,ETHUSDT,1h,SHORT_ONLY,diagnostic_year_2026,base,36,14,22,0,150.42347815140934,4.178429948650259,1.1114918008947223,38.888888888888886,-43.36949758898052,DESCRIPTIVE_SAMPLE,complete,0,0.0,"descriptive deletion of net PnL; no resimulation, return or drawdown"
donchian_atr,eth_short_regime_challenge_v1_donchian_atr,20261007T203647Z-194d4424b93c,1ffc60689d9147b58b3530fb5a433c43,e0dd4c731d1d27f0,ETHUSDT,1h,SHORT_ONLY,diagnostic_year_2026,base,35,13,22,0,-36.89072567564229,-1.0540207335897795,0.9726571045129634,37.142857142857146,-44.39033554732319,DESCRIPTIVE_SAMPLE,without_best,1,187.31420382705147,"descriptive deletion of net PnL; no resimulation, return or drawdown"
donchian_atr,eth_short_regime_challenge_v1_donchian_atr,20261007T203647Z-194d4424b93c,1ffc60689d9147b58b3530fb5a433c43,e0dd4c731d1d27f0,ETHUSDT,1h,SHORT_ONLY,diagnostic_year_2026,base,34,12,22,0,-213.8455541945201,-6.289575123368238,0.8415006337875081,35.294117647058826,-44.60248029032164,DESCRIPTIVE_SAMPLE,without_top_5pct,2,364.2690323459293,"descriptive deletion of net PnL; no resimulation, return or drawdown"
donchian_atr,eth_short_regime_challenge_v1_donchian_atr,20261007T203647Z-194d4424b93c,1ffc60689d9147b58b3530fb5a433c43,e0dd4c731d1d27f0,ETHUSDT,1h,SHORT_ONLY,diagnostic_year_2026,base,32,10,22,0,-506.4982139207085,-15.82806918502214,0.6245905312524441,31.25,-45.93467505236214,DESCRIPTIVE_SAMPLE,without_top_10pct,4,656.9216920721177,"descriptive deletion of net PnL; no resimulation, return or drawdown"
donchian_atr,eth_short_regime_challenge_v1_donchian_atr,20261007T203647Z-194d4424b93c,fb1516870a7842d39284bb754b8e5ce7,e0dd4c731d1d27f0,ETHUSDT,1h,SHORT_ONLY,diagnostic_year_2026,adverse,35,14,21,0,100.43830695576133,2.8696659130217523,1.0743504209990995,40.0,-45.79674835048303,DESCRIPTIVE_SAMPLE,complete,0,0.0,"descriptive deletion of net PnL; no resimulation, return or drawdown"
donchian_atr,eth_short_regime_challenge_v1_donchian_atr,20261007T203647Z-194d4424b93c,fb1516870a7842d39284bb754b8e5ce7,e0dd4c731d1d27f0,ETHUSDT,1h,SHORT_ONLY,diagnostic_year_2026,adverse,34,13,21,0,-82.00085526138281,-2.411789860628906,0.9392980796295644,38.23529411764706,-46.86758055966844,DESCRIPTIVE_SAMPLE,without_best,1,182.4391622171442,"descriptive deletion of net PnL; no resimulation, return or drawdown"
donchian_atr,eth_short_regime_challenge_v1_donchian_atr,20261007T203647Z-194d4424b93c,fb1516870a7842d39284bb754b8e5ce7,e0dd4c731d1d27f0,ETHUSDT,1h,SHORT_ONLY,diagnostic_year_2026,adverse,33,12,21,0,-255.27379318015122,-7.735569490307612,0.8110311237988018,36.36363636363637,-47.93841276885385,DESCRIPTIVE_SAMPLE,without_top_5pct,2,355.7121001359126,"descriptive deletion of net PnL; no resimulation, return or drawdown"
donchian_atr,eth_short_regime_challenge_v1_donchian_atr,20261007T203647Z-194d4424b93c,fb1516870a7842d39284bb754b8e5ce7,e0dd4c731d1d27f0,ETHUSDT,1h,SHORT_ONLY,diagnostic_year_2026,adverse,31,10,21,0,-541.8135379328321,-17.477856062349424,0.5989173267719375,32.25806451612903,-48.33227445852768,DESCRIPTIVE_SAMPLE,without_top_10pct,4,642.2518448885935,"descriptive deletion of net PnL; no resimulation, return or drawdown"
donchian_atr,eth_short_regime_challenge_v1_donchian_atr,20261007T203647Z-194d4424b93c,2732b175ba82422e9f3d5d4fb1d40df5,827790540ac7604f,ETHUSDT,1h,SHORT_ONLY,diagnostic_year_2026,base,34,12,22,0,-62.96043459579718,-1.8517774881116817,0.9533551546292022,35.294117647058826,-43.48574952741589,DESCRIPTIVE_SAMPLE,complete,0,0.0,"descriptive deletion of net PnL; no resimulation, return or drawdown"
donchian_atr,eth_short_regime_challenge_v1_donchian_atr,20261007T203647Z-194d4424b93c,2732b175ba82422e9f3d5d4fb1d40df5,827790540ac7604f,ETHUSDT,1h,SHORT_ONLY,diagnostic_year_2026,base,33,11,22,0,-250.27463842284868,-7.584079952207536,0.8145816196407686,33.333333333333336,-43.6925657786824,DESCRIPTIVE_SAMPLE,without_best,1,187.31420382705147,"descriptive deletion of net PnL; no resimulation, return or drawdown"
donchian_atr,eth_short_regime_challenge_v1_donchian_atr,20261007T203647Z-194d4424b93c,2732b175ba82422e9f3d5d4fb1d40df5,827790540ac7604f,ETHUSDT,1h,SHORT_ONLY,diagnostic_year_2026,base,32,10,22,0,-422.47005937940446,-13.20218935560639,0.6870089807979278,31.25,-44.78457703428326,DESCRIPTIVE_SAMPLE,without_top_5pct,2,359.50962478360725,"descriptive deletion of net PnL; no resimulation, return or drawdown"
donchian_atr,eth_short_regime_challenge_v1_donchian_atr,20261007T203647Z-194d4424b93c,2732b175ba82422e9f3d5d4fb1d40df5,827790540ac7604f,ETHUSDT,1h,SHORT_ONLY,diagnostic_year_2026,base,30,8,22,0,-711.4395525115924,-23.714651750386412,0.47292314402499686,26.666666666666668,-46.383757370498785,DESCRIPTIVE_SAMPLE,without_top_10pct,4,648.4791179157951,"descriptive deletion of net PnL; no resimulation, return or drawdown"
donchian_atr,eth_short_regime_challenge_v1_donchian_atr,20261007T203647Z-194d4424b93c,03e1701098664a1da6a74d5c59daae27,827790540ac7604f,ETHUSDT,1h,SHORT_ONLY,diagnostic_year_2026,adverse,33,12,21,0,-105.44638901392761,-3.19534512163417,0.9219573014135906,36.36363636363637,-46.72117576341927,DESCRIPTIVE_SAMPLE,complete,0,0.0,"descriptive deletion of net PnL; no resimulation, return or drawdown"
donchian_atr,eth_short_regime_challenge_v1_donchian_atr,20261007T203647Z-194d4424b93c,03e1701098664a1da6a74d5c59daae27,827790540ac7604f,ETHUSDT,1h,SHORT_ONLY,diagnostic_year_2026,adverse,32,11,21,0,-287.8855512310718,-8.996423475970994,0.7869309180502956,34.375,-46.913099202627606,DESCRIPTIVE_SAMPLE,without_best,1,182.4391622171442,"descriptive deletion of net PnL; no resimulation, return or drawdown"
donchian_atr,eth_short_regime_challenge_v1_donchian_atr,20261007T203647Z-194d4424b93c,03e1701098664a1da6a74d5c59daae27,827790540ac7604f,ETHUSDT,1h,SHORT_ONLY,diagnostic_year_2026,adverse,31,10,21,0,-456.5502203394066,-14.727426462561503,0.6620992755778379,32.25806451612903,-47.105022641835944,DESCRIPTIVE_SAMPLE,without_top_5pct,2,351.103831325479,"descriptive deletion of net PnL; no resimulation, return or drawdown"
donchian_atr,eth_short_regime_challenge_v1_donchian_atr,20261007T203647Z-194d4424b93c,03e1701098664a1da6a74d5c59daae27,827790540ac7604f,ETHUSDT,1h,SHORT_ONLY,diagnostic_year_2026,adverse,29,8,21,0,-739.5421679782977,-25.50145406821716,0.45265203439212104,27.586206896551722,-49.35688247560232,DESCRIPTIVE_SAMPLE,without_top_10pct,4,634.09577896437,"descriptive deletion of net PnL; no resimulation, return or drawdown"
donchian_atr,eth_short_regime_challenge_v1_donchian_atr,20261007T203647Z-194d4424b93c,d7573b10635c4c848355c283228e175b,6719be4e317770b6,ETHUSDT,1h,SHORT_ONLY,diagnostic_year_2026,base,30,11,19,0,105.83366865037408,3.5277889550124693,1.0945058579219435,36.666666666666664,-44.681727448653,DESCRIPTIVE_SAMPLE,complete,0,0.0,"descriptive deletion of net PnL; no resimulation, return or drawdown"
donchian_atr,eth_short_regime_challenge_v1_donchian_atr,20261007T203647Z-194d4424b93c,d7573b10635c4c848355c283228e175b,6719be4e317770b6,ETHUSDT,1h,SHORT_ONLY,diagnostic_year_2026,base,29,10,19,0,-82.74895218508965,-2.8534121443134364,0.9261080068552818,34.48275862068966,-45.73346500268904,DESCRIPTIVE_SAMPLE,without_best,1,188.5826208354637,"descriptive deletion of net PnL; no resimulation, return or drawdown"
donchian_atr,eth_short_regime_challenge_v1_donchian_atr,20261007T203647Z-194d4424b93c,d7573b10635c4c848355c283228e175b,6719be4e317770b6,ETHUSDT,1h,SHORT_ONLY,diagnostic_year_2026,base,28,9,19,0,-261.1598925263744,-9.327139018799086,0.7667931196872443,32.142857142857146,-45.940907853135,DESCRIPTIVE_SAMPLE,without_top_5pct,2,366.99356117674847,"descriptive deletion of net PnL; no resimulation, return or drawdown"
donchian_atr,eth_short_regime_challenge_v1_donchian_atr,20261007T203647Z-194d4424b93c,d7573b10635c4c848355c283228e175b,6719be4e317770b6,ETHUSDT,1h,SHORT_ONLY,diagnostic_year_2026,base,27,8,19,0,-417.92584397689023,-15.478734962107046,0.6268064696569621,29.62962962962963,-46.148350703580974,DESCRIPTIVE_SAMPLE,without_top_10pct,3,523.7595126272643,"descriptive deletion of net PnL; no resimulation, return or drawdown"
donchian_atr,eth_short_regime_challenge_v1_donchian_atr,20261007T203647Z-194d4424b93c,0e7367db0f874a1cae292711a3cad2d0,6719be4e317770b6,ETHUSDT,1h,SHORT_ONLY,diagnostic_year_2026,adverse,29,11,18,0,72.87497499110319,2.5129301721070063,1.0653280891258476,37.93103448275862,-47.23110726105935,DESCRIPTIVE_SAMPLE,complete,0,0.0,"descriptive deletion of net PnL; no resimulation, return or drawdown"
donchian_atr,eth_short_regime_challenge_v1_donchian_atr,20261007T203647Z-194d4424b93c,0e7367db0f874a1cae292711a3cad2d0,6719be4e317770b6,ETHUSDT,1h,SHORT_ONLY,diagnostic_year_2026,adverse,28,10,18,0,-110.86304263945227,-3.9593943799804383,0.9006178632487083,35.714285714285715,-48.33549342479089,DESCRIPTIVE_SAMPLE,without_best,1,183.7380176305554,"descriptive deletion of net PnL; no resimulation, return or drawdown"
donchian_atr,eth_short_regime_challenge_v1_donchian_atr,20261007T203647Z-194d4424b93c,0e7367db0f874a1cae292711a3cad2d0,6719be4e317770b6,ETHUSDT,1h,SHORT_ONLY,diagnostic_year_2026,adverse,27,9,18,0,-285.7381842327112,-10.582895712322637,0.7438526796271107,33.333333333333336,-49.43987958852243,DESCRIPTIVE_SAMPLE,without_top_5pct,2,358.61315922381436,"descriptive deletion of net PnL; no resimulation, return or drawdown"
donchian_atr,eth_short_regime_challenge_v1_donchian_atr,20261007T203647Z-194d4424b93c,0e7367db0f874a1cae292711a3cad2d0,6719be4e317770b6,ETHUSDT,1h,SHORT_ONLY,diagnostic_year_2026,adverse,26,8,18,0,-439.97372916524364,-16.922066506355524,0.6055896692184449,30.76923076923077,-49.44787470104657,DESCRIPTIVE_SAMPLE,without_top_10pct,3,512.8487041563468,"descriptive deletion of net PnL; no resimulation, return or drawdown"
donchian_atr,eth_short_regime_challenge_v1_donchian_atr,20261007T203647Z-194d4424b93c,d7e2cfa4fe5e4a61944f2e04d7c086d9,4c4aa07c4c65af74,ETHUSDT,1h,SHORT_ONLY,diagnostic_year_2026,base,28,11,17,0,188.69157904603173,6.7389849659297045,1.1819580973015107,39.285714285714285,-44.681727448653,DESCRIPTIVE_SAMPLE,complete,0,0.0,"descriptive deletion of net PnL; no resimulation, return or drawdown"
donchian_atr,eth_short_regime_challenge_v1_donchian_atr,20261007T203647Z-194d4424b93c,d7e2cfa4fe5e4a61944f2e04d7c086d9,4c4aa07c4c65af74,ETHUSDT,1h,SHORT_ONLY,diagnostic_year_2026,base,27,10,17,0,0.10895821056804778,0.004035489280298066,1.000105070023689,37.03703703703704,-45.73346500268904,DESCRIPTIVE_SAMPLE,without_best,1,188.5826208354637,"descriptive deletion of net PnL; no resimulation, return or drawdown"
donchian_atr,eth_short_regime_challenge_v1_donchian_atr,20261007T203647Z-194d4424b93c,d7e2cfa4fe5e4a61944f2e04d7c086d9,4c4aa07c4c65af74,ETHUSDT,1h,SHORT_ONLY,diagnostic_year_2026,base,26,9,17,0,-178.30198213071674,-6.857768543489105,0.8280607455954432,34.61538461538461,-45.95201951314327,DESCRIPTIVE_SAMPLE,without_top_5pct,2,366.99356117674847,"descriptive deletion of net PnL; no resimulation, return or drawdown"
donchian_atr,eth_short_regime_challenge_v1_donchian_atr,20261007T203647Z-194d4424b93c,d7e2cfa4fe5e4a61944f2e04d7c086d9,4c4aa07c4c65af74,ETHUSDT,1h,SHORT_ONLY,diagnostic_year_2026,base,25,8,17,0,-335.0679335812326,-13.402717343249304,0.6768890060201537,32.0,-46.17057402359751,DESCRIPTIVE_SAMPLE,without_top_10pct,3,523.7595126272643,"descriptive deletion of net PnL; no resimulation, return or drawdown"
donchian_atr,eth_short_regime_challenge_v1_donchian_atr,20261007T203647Z-194d4424b93c,6ae586981b9c415fb93132c9cadfa698,4c4aa07c4c65af74,ETHUSDT,1h,SHORT_ONLY,diagnostic_year_2026,adverse,27,11,16,0,162.39491965306584,6.0146266538172535,1.158279203359455,40.74074074074074,-47.23110726105935,DESCRIPTIVE_SAMPLE,complete,0,0.0,"descriptive deletion of net PnL; no resimulation, return or drawdown"
donchian_atr,eth_short_regime_challenge_v1_donchian_atr,20261007T203647Z-194d4424b93c,6ae586981b9c415fb93132c9cadfa698,4c4aa07c4c65af74,ETHUSDT,1h,SHORT_ONLY,diagnostic_year_2026,adverse,26,10,16,0,-21.34309797748959,-0.8208883837495997,0.9791978187968143,38.46153846153846,-48.33549342479089,DESCRIPTIVE_SAMPLE,without_best,1,183.7380176305554,"descriptive deletion of net PnL; no resimulation, return or drawdown"
donchian_atr,eth_short_regime_challenge_v1_donchian_atr,20261007T203647Z-194d4424b93c,6ae586981b9c415fb93132c9cadfa698,4c4aa07c4c65af74,ETHUSDT,1h,SHORT_ONLY,diagnostic_year_2026,adverse,25,9,16,0,-196.21823957074858,-7.848729582829943,0.8087546906627237,36.0,-49.43987958852243,DESCRIPTIVE_SAMPLE,without_top_5pct,2,358.61315922381436,"descriptive deletion of net PnL; no resimulation, return or drawdown"
donchian_atr,eth_short_regime_challenge_v1_donchian_atr,20261007T203647Z-194d4424b93c,6ae586981b9c415fb93132c9cadfa698,4c4aa07c4c65af74,ETHUSDT,1h,SHORT_ONLY,diagnostic_year_2026,adverse,24,8,16,0,-350.453784503281,-14.602241020970041,0.6584280718634037,33.333333333333336,-49.64296535488562,DESCRIPTIVE_SAMPLE,without_top_10pct,3,512.8487041563468,"descriptive deletion of net PnL; no resimulation, return or drawdown"
donchian_atr,eth_short_regime_challenge_v1_donchian_atr,20261007T203647Z-194d4424b93c,ab8c24c5e66f403cb8759cf4374a1359,db2f1a56c8656a10,ETHUSDT,1h,SHORT_ONLY,diagnostic_year_2026,base,25,9,16,0,39.29615174890573,1.571846069956229,1.040119365206605,36.0,-44.87806085091083,DESCRIPTIVE_SAMPLE,complete,0,0.0,"descriptive deletion of net PnL; no resimulation, return or drawdown"
donchian_atr,eth_short_regime_challenge_v1_donchian_atr,20261007T203647Z-194d4424b93c,ab8c24c5e66f403cb8759cf4374a1359,db2f1a56c8656a10,ETHUSDT,1h,SHORT_ONLY,diagnostic_year_2026,base,24,8,16,0,-149.28646908655793,-6.220269545273247,0.8475861348470347,33.333333333333336,-45.092522549485146,DESCRIPTIVE_SAMPLE,without_best,1,188.5826208354637,"descriptive deletion of net PnL; no resimulation, return or drawdown"
donchian_atr,eth_short_regime_challenge_v1_donchian_atr,20261007T203647Z-194d4424b93c,ab8c24c5e66f403cb8759cf4374a1359,db2f1a56c8656a10,ETHUSDT,1h,SHORT_ONLY,diagnostic_year_2026,base,23,7,16,0,-324.02650591853217,-14.08810895297966,0.6691854762107134,30.434782608695652,-45.306984248059464,DESCRIPTIVE_SAMPLE,without_top_5pct,2,363.3226576674379,"descriptive deletion of net PnL; no resimulation, return or drawdown"
donchian_atr,eth_short_regime_challenge_v1_donchian_atr,20261007T203647Z-194d4424b93c,ab8c24c5e66f403cb8759cf4374a1359,db2f1a56c8656a10,ETHUSDT,1h,SHORT_ONLY,diagnostic_year_2026,base,22,6,16,0,-480.79245736904795,-21.854202607683998,0.5091354413270991,27.272727272727273,-46.80282811360344,DESCRIPTIVE_SAMPLE,without_top_10pct,3,520.0886091179538,"descriptive deletion of net PnL; no resimulation, return or drawdown"
donchian_atr,eth_short_regime_challenge_v1_donchian_atr,20261007T203647Z-194d4424b93c,7823bf9ad3b94d4cb66ea35aead64557,db2f1a56c8656a10,ETHUSDT,1h,SHORT_ONLY,diagnostic_year_2026,adverse,24,9,15,0,23.359524035411027,0.9733135014754595,1.0242072906658541,37.5,-47.430477818347214,DESCRIPTIVE_SAMPLE,complete,0,0.0,"descriptive deletion of net PnL; no resimulation, return or drawdown"
donchian_atr,eth_short_regime_challenge_v1_donchian_atr,20261007T203647Z-194d4424b93c,7823bf9ad3b94d4cb66ea35aead64557,db2f1a56c8656a10,ETHUSDT,1h,SHORT_ONLY,diagnostic_year_2026,adverse,23,8,15,0,-160.37849359514436,-6.972977982397581,0.8338010310002788,34.78260869565217,-48.51418413320642,DESCRIPTIVE_SAMPLE,without_best,1,183.7380176305554,"descriptive deletion of net PnL; no resimulation, return or drawdown"
donchian_atr,eth_short_regime_challenge_v1_donchian_atr,20261007T203647Z-194d4424b93c,7823bf9ad3b94d4cb66ea35aead64557,db2f1a56c8656a10,ETHUSDT,1h,SHORT_ONLY,diagnostic_year_2026,adverse,22,7,15,0,-331.76729855088894,-15.080331752313134,0.6561921631077736,31.818181818181817,-48.713480308047735,DESCRIPTIVE_SAMPLE,without_top_5pct,2,355.12682258629997,"descriptive deletion of net PnL; no resimulation, return or drawdown"
donchian_atr,eth_short_regime_challenge_v1_donchian_atr,20261007T203647Z-194d4424b93c,7823bf9ad3b94d4cb66ea35aead64557,db2f1a56c8656a10,ETHUSDT,1h,SHORT_ONLY,diagnostic_year_2026,adverse,21,6,15,0,-486.0028434834213,-23.142992546829586,0.4963590833956874,28.571428571428573,-48.91277648288905,DESCRIPTIVE_SAMPLE,without_top_10pct,3,509.36236751883234,"descriptive deletion of net PnL; no resimulation, return or drawdown"
donchian_atr,eth_short_regime_challenge_v1_donchian_atr,20261007T203647Z-194d4424b93c,e2f0ce0249e44346a349a625afca277d,ff43266d9f6c730a,ETHUSDT,1h,SHORT_ONLY,wf_0_train,base,56,16,40,0,-706.5232657416799,-12.616486888244284,0.6426773309422542,28.571428571428573,-34.582972386795625,DESCRIPTIVE_SAMPLE,complete,0,0.0,"descriptive deletion of net PnL; no resimulation, return or drawdown"
donchian_atr,eth_short_regime_challenge_v1_donchian_atr,20261007T203647Z-194d4424b93c,e2f0ce0249e44346a349a625afca277d,ff43266d9f6c730a,ETHUSDT,1h,SHORT_ONLY,wf_0_train,base,55,15,40,0,-870.227764662881,-15.822322993870563,0.559884121818591,27.272727272727273,-34.970180441243286,DESCRIPTIVE_SAMPLE,without_best,1,163.70449892120092,"descriptive deletion of net PnL; no resimulation, return or drawdown"
donchian_atr,eth_short_regime_challenge_v1_donchian_atr,20261007T203647Z-194d4424b93c,e2f0ce0249e44346a349a625afca277d,ff43266d9f6c730a,ETHUSDT,1h,SHORT_ONLY,wf_0_train,base,53,13,40,0,-1126.0445164361963,-21.246122951626347,0.43050533280254033,24.528301886792452,-36.21942291322115,DESCRIPTIVE_SAMPLE,without_top_5pct,3,419.52125069451637,"descriptive deletion of net PnL; no resimulation, return or drawdown"
donchian_atr,eth_short_regime_challenge_v1_donchian_atr,20261007T203647Z-194d4424b93c,e2f0ce0249e44346a349a625afca277d,ff43266d9f6c730a,ETHUSDT,1h,SHORT_ONLY,wf_0_train,base,50,10,40,0,-1414.1552191363353,-28.283104382726705,0.2847939454148297,20.0,-37.08793239915633,DESCRIPTIVE_SAMPLE,without_top_10pct,6,707.6319533946553,"descriptive deletion of net PnL; no resimulation, return or drawdown"
donchian_atr,eth_short_regime_challenge_v1_donchian_atr,20261007T203647Z-194d4424b93c,6a0ac6f336ce4492bf62e5475996085d,ff43266d9f6c730a,ETHUSDT,1h,SHORT_ONLY,wf_0_train,adverse,54,15,39,0,-844.9268654157147,-15.646793803994717,0.5767165742572857,27.77777777777778,-37.59582484999213,DESCRIPTIVE_SAMPLE,complete,0,0.0,"descriptive deletion of net PnL; no resimulation, return or drawdown"
donchian_atr,eth_short_regime_challenge_v1_donchian_atr,20261007T203647Z-194d4424b93c,6a0ac6f336ce4492bf62e5475996085d,ff43266d9f6c730a,ETHUSDT,1h,SHORT_ONLY,wf_0_train,adverse,53,14,39,0,-1002.4610483457163,-18.914359402749366,0.4977965974503198,26.41509433962264,-37.88668790812116,DESCRIPTIVE_SAMPLE,without_best,1,157.5341829300016,"descriptive deletion of net PnL; no resimulation, return or drawdown"
donchian_atr,eth_short_regime_challenge_v1_donchian_atr,20261007T203647Z-194d4424b93c,6a0ac6f336ce4492bf62e5475996085d,ff43266d9f6c730a,ETHUSDT,1h,SHORT_ONLY,wf_0_train,adverse,51,12,39,0,-1253.5501794440304,-24.57941528321628,0.3720083524218417,23.529411764705884,-39.05377186196038,DESCRIPTIVE_SAMPLE,without_top_5pct,3,408.62331402831563,"descriptive deletion of net PnL; no resimulation, return or drawdown"
donchian_atr,eth_short_regime_challenge_v1_donchian_atr,20261007T203647Z-194d4424b93c,6a0ac6f336ce4492bf62e5475996085d,ff43266d9f6c730a,ETHUSDT,1h,SHORT_ONLY,wf_0_train,adverse,48,9,39,0,-1543.3077138460762,-32.15224403845992,0.2268483784445492,18.75,-40.27090080445167,DESCRIPTIVE_SAMPLE,without_top_10pct,6,698.3808484303617,"descriptive deletion of net PnL; no resimulation, return or drawdown"
donchian_atr,eth_short_regime_challenge_v1_donchian_atr,20261007T203647Z-194d4424b93c,0b2f7c338dca43fdb2000905ae56b4a3,e0dd4c731d1d27f0,ETHUSDT,1h,SHORT_ONLY,wf_0_train,base,54,16,38,0,-651.8834946145207,-12.071916566935569,0.6619779158734486,29.62962962962963,-35.96411729335493,DESCRIPTIVE_SAMPLE,complete,0,0.0,"descriptive deletion of net PnL; no resimulation, return or drawdown"
donchian_atr,eth_short_regime_challenge_v1_donchian_atr,20261007T203647Z-194d4424b93c,0b2f7c338dca43fdb2000905ae56b4a3,e0dd4c731d1d27f0,ETHUSDT,1h,SHORT_ONLY,wf_0_train,base,53,15,38,0,-816.5502689591247,-15.406608848285371,0.576593017022353,28.30188679245283,-36.84692209439859,DESCRIPTIVE_SAMPLE,without_best,1,164.66677434460397,"descriptive deletion of net PnL; no resimulation, return or drawdown"
donchian_atr,eth_short_regime_challenge_v1_donchian_atr,20261007T203647Z-194d4424b93c,0b2f7c338dca43fdb2000905ae56b4a3,e0dd4c731d1d27f0,ETHUSDT,1h,SHORT_ONLY,wf_0_train,base,51,13,38,0,-1073.8710182129018,-21.05629447476278,0.4431641195731215,25.49019607843137,-37.44753624044262,DESCRIPTIVE_SAMPLE,without_top_5pct,3,421.987523598381,"descriptive deletion of net PnL; no resimulation, return or drawdown"
donchian_atr,eth_short_regime_challenge_v1_donchian_atr,20261007T203647Z-194d4424b93c,0b2f7c338dca43fdb2000905ae56b4a3,e0dd4c731d1d27f0,ETHUSDT,1h,SHORT_ONLY,wf_0_train,base,48,10,38,0,-1363.3537054841372,-28.403202197586193,0.29305824624089305,20.833333333333332,-39.95840750612122,DESCRIPTIVE_SAMPLE,without_top_10pct,6,711.4702108696165,"descriptive deletion of net PnL; no resimulation, return or drawdown"
donchian_atr,eth_short_regime_challenge_v1_donchian_atr,20261007T203647Z-194d4424b93c,6d2fa80644614691b36050860eaa7bd2,e0dd4c731d1d27f0,ETHUSDT,1h,SHORT_ONLY,wf_0_train,adverse,52,15,37,0,-784.8362107534728,-15.093004052951398,0.595892211977011,28.846153846153847,-39.11598838753625,DESCRIPTIVE_SAMPLE,complete,0,0.0,"descriptive deletion of net PnL; no resimulation, return or drawdown"
donchian_atr,eth_short_regime_challenge_v1_donchian_atr,20261007T203647Z-194d4424b93c,6d2fa80644614691b36050860eaa7bd2,e0dd4c731d1d27f0,ETHUSDT,1h,SHORT_ONLY,wf_0_train,adverse,51,14,37,0,-943.4043732139102,-18.49812496497863,0.5142463494329784,27.45098039215686,-40.211968338607456,DESCRIPTIVE_SAMPLE,without_best,1,158.56816246043738,"descriptive deletion of net PnL; no resimulation, return or drawdown"
donchian_atr,eth_short_regime_challenge_v1_donchian_atr,20261007T203647Z-194d4424b93c,6d2fa80644614691b36050860eaa7bd2,e0dd4c731d1d27f0,ETHUSDT,1h,SHORT_ONLY,wf_0_train,adverse,49,12,37,0,-1195.72290605671,-24.40250828687163,0.3843289440084498,24.489795918367346,-40.47174888688787,DESCRIPTIVE_SAMPLE,without_top_5pct,3,410.88669530323716,"descriptive deletion of net PnL; no resimulation, return or drawdown"
donchian_atr,eth_short_regime_challenge_v1_donchian_atr,20261007T203647Z-194d4424b93c,6d2fa80644614691b36050860eaa7bd2,e0dd4c731d1d27f0,ETHUSDT,1h,SHORT_ONLY,wf_0_train,adverse,46,9,37,0,-1487.3822830511256,-32.334397457633166,0.23415515732724598,19.565217391304348,-42.82377915478777,DESCRIPTIVE_SAMPLE,without_top_10pct,6,702.5460722976527,"descriptive deletion of net PnL; no resimulation, return or drawdown"
donchian_atr,eth_short_regime_challenge_v1_donchian_atr,20261007T203647Z-194d4424b93c,16367f83d8ae450294324c390e49ddd1,827790540ac7604f,ETHUSDT,1h,SHORT_ONLY,wf_0_train,base,52,15,37,0,-651.7801109794052,-12.5342329034501,0.6488560292159493,28.846153846153847,-36.091048408225774,DESCRIPTIVE_SAMPLE,complete,0,0.0,"descriptive deletion of net PnL; no resimulation, return or drawdown"
donchian_atr,eth_short_regime_challenge_v1_donchian_atr,20261007T203647Z-194d4424b93c,16367f83d8ae450294324c390e49ddd1,827790540ac7604f,ETHUSDT,1h,SHORT_ONLY,wf_0_train,base,51,14,37,0,-816.4486992267866,-16.00879802405464,0.5601414750794296,27.45098039215686,-36.84692209439859,DESCRIPTIVE_SAMPLE,without_best,1,164.66858824738136,"descriptive deletion of net PnL; no resimulation, return or drawdown"
donchian_atr,eth_short_regime_challenge_v1_donchian_atr,20261007T203647Z-194d4424b93c,16367f83d8ae450294324c390e49ddd1,827790540ac7604f,ETHUSDT,1h,SHORT_ONLY,wf_0_train,base,49,12,37,0,-1073.7723079084303,-21.913720569559803,0.42150939317503316,24.489795918367346,-37.44753624044262,DESCRIPTIVE_SAMPLE,without_top_5pct,3,421.9921969290251,"descriptive deletion of net PnL; no resimulation, return or drawdown"
donchian_atr,eth_short_regime_challenge_v1_donchian_atr,20261007T203647Z-194d4424b93c,16367f83d8ae450294324c390e49ddd1,827790540ac7604f,ETHUSDT,1h,SHORT_ONLY,wf_0_train,base,46,9,37,0,-1363.258046428337,-29.63604448757254,0.26555009034131216,19.565217391304348,-39.95862084789455,DESCRIPTIVE_SAMPLE,without_top_10pct,6,711.4779354489319,"descriptive deletion of net PnL; no resimulation, return or drawdown"
donchian_atr,eth_short_regime_challenge_v1_donchian_atr,20261007T203647Z-194d4424b93c,fe6bee4681f44b2e84ae45c671ef798c,827790540ac7604f,ETHUSDT,1h,SHORT_ONLY,wf_0_train,adverse,50,14,36,0,-778.5214721268544,-15.570429442537089,0.5831961505111475,28.0,-39.2601575471081,DESCRIPTIVE_SAMPLE,complete,0,0.0,"descriptive deletion of net PnL; no resimulation, return or drawdown"
donchian_atr,eth_short_regime_challenge_v1_donchian_atr,20261007T203647Z-194d4424b93c,fe6bee4681f44b2e84ae45c671ef798c,827790540ac7604f,ETHUSDT,1h,SHORT_ONLY,wf_0_train,adverse,49,13,36,0,-937.1982636531374,-19.12649517659464,0.4982439688429733,26.53061224489796,-40.211968338607456,DESCRIPTIVE_SAMPLE,without_best,1,158.67679152628293,"descriptive deletion of net PnL; no resimulation, return or drawdown"
donchian_atr,eth_short_regime_challenge_v1_donchian_atr,20261007T203647Z-194d4424b93c,fe6bee4681f44b2e84ae45c671ef798c,827790540ac7604f,ETHUSDT,1h,SHORT_ONLY,wf_0_train,adverse,47,11,36,0,-1189.6895968528306,-25.31254461389001,0.36306547549622,23.404255319148938,-40.47174888688787,DESCRIPTIVE_SAMPLE,without_top_5pct,3,411.168124725976,"descriptive deletion of net PnL; no resimulation, return or drawdown"
donchian_atr,eth_short_regime_challenge_v1_donchian_atr,20261007T203647Z-194d4424b93c,fe6bee4681f44b2e84ae45c671ef798c,827790540ac7604f,ETHUSDT,1h,SHORT_ONLY,wf_0_train,adverse,45,9,36,0,-1395.0900734239642,-31.002001631643648,0.2530984259197844,20.0,-42.00623521677985,DESCRIPTIVE_SAMPLE,without_top_10pct,5,616.5686012971098,"descriptive deletion of net PnL; no resimulation, return or drawdown"
donchian_atr,eth_short_regime_challenge_v1_donchian_atr,20261007T203647Z-194d4424b93c,f8907fce31d04b0e849da39a7d0208af,6719be4e317770b6,ETHUSDT,1h,SHORT_ONLY,wf_0_train,base,42,12,30,0,-639.1809359374047,-15.21859371279535,0.5872060039091601,28.571428571428573,-37.934015774230204,DESCRIPTIVE_SAMPLE,complete,0,0.0,"descriptive deletion of net PnL; no resimulation, return or drawdown"
donchian_atr,eth_short_regime_challenge_v1_donchian_atr,20261007T203647Z-194d4424b93c,f8907fce31d04b0e849da39a7d0208af,6719be4e317770b6,ETHUSDT,1h,SHORT_ONLY,wf_0_train,base,41,11,30,0,-802.401576292738,-19.570770153481416,0.48179531878293463,26.829268292682926,-39.02110945406181,DESCRIPTIVE_SAMPLE,without_best,1,163.2206403553333,"descriptive deletion of net PnL; no resimulation, return or drawdown"
donchian_atr,eth_short_regime_challenge_v1_donchian_atr,20261007T203647Z-194d4424b93c,f8907fce31d04b0e849da39a7d0208af,6719be4e317770b6,ETHUSDT,1h,SHORT_ONLY,wf_0_train,base,39,9,30,0,-1010.1572711829933,-25.901468491871622,0.3476231326575707,23.076923076923077,-41.05524704087826,DESCRIPTIVE_SAMPLE,without_top_5pct,3,370.97633524558853,"descriptive deletion of net PnL; no resimulation, return or drawdown"
donchian_atr,eth_short_regime_challenge_v1_donchian_atr,20261007T203647Z-194d4424b93c,f8907fce31d04b0e849da39a7d0208af,6719be4e317770b6,ETHUSDT,1h,SHORT_ONLY,wf_0_train,base,37,7,30,0,-1179.7204372615643,-31.88433614220444,0.23811633578676616,18.91891891891892,-41.18530052852444,DESCRIPTIVE_SAMPLE,without_top_10pct,5,540.5395013241596,"descriptive deletion of net PnL; no resimulation, return or drawdown"
donchian_atr,eth_short_regime_challenge_v1_donchian_atr,20261007T203647Z-194d4424b93c,057c6b3adf874591beaaa43c3de2265f,6719be4e317770b6,ETHUSDT,1h,SHORT_ONLY,wf_0_train,adverse,41,11,30,0,-813.7415630507378,-19.84735519635946,0.49811152405261044,26.829268292682926,-42.13260912308273,DESCRIPTIVE_SAMPLE,complete,0,0.0,"descriptive deletion of net PnL; no resimulation, return or drawdown"
donchian_atr,eth_short_regime_challenge_v1_donchian_atr,20261007T203647Z-194d4424b93c,057c6b3adf874591beaaa43c3de2265f,6719be4e317770b6,ETHUSDT,1h,SHORT_ONLY,wf_0_train,adverse,40,10,30,0,-971.3932790683757,-24.28483197670939,0.40087723853087,25.0,-42.81853186847896,DESCRIPTIVE_SAMPLE,without_best,1,157.6517160176378,"descriptive deletion of net PnL; no resimulation, return or drawdown"
donchian_atr,eth_short_regime_challenge_v1_donchian_atr,20261007T203647Z-194d4424b93c,057c6b3adf874591beaaa43c3de2265f,6719be4e317770b6,ETHUSDT,1h,SHORT_ONLY,wf_0_train,adverse,38,8,30,0,-1191.627717337499,-31.3586241404605,0.2650440310446648,21.05263157894737,-43.883119506599954,DESCRIPTIVE_SAMPLE,without_top_5pct,3,377.88615428676115,"descriptive deletion of net PnL; no resimulation, return or drawdown"
donchian_atr,eth_short_regime_challenge_v1_donchian_atr,20261007T203647Z-194d4424b93c,057c6b3adf874591beaaa43c3de2265f,6719be4e317770b6,ETHUSDT,1h,SHORT_ONLY,wf_0_train,adverse,36,6,30,0,-1349.950240365377,-37.498617787927145,0.16739601428033885,16.666666666666668,-45.479386088540565,DESCRIPTIVE_SAMPLE,without_top_10pct,5,536.2086773146393,"descriptive deletion of net PnL; no resimulation, return or drawdown"
donchian_atr,eth_short_regime_challenge_v1_donchian_atr,20261007T203647Z-194d4424b93c,93281c3c7bf74af7a2c7380ea5ab251c,4c4aa07c4c65af74,ETHUSDT,1h,SHORT_ONLY,wf_0_train,base,41,12,29,0,-609.4369012977838,-14.864314665799606,0.599468700191433,29.26829268292683,-39.14508751000634,DESCRIPTIVE_SAMPLE,complete,0,0.0,"descriptive deletion of net PnL; no resimulation, return or drawdown"
donchian_atr,eth_short_regime_challenge_v1_donchian_atr,20261007T203647Z-194d4424b93c,93281c3c7bf74af7a2c7380ea5ab251c,4c4aa07c4c65af74,ETHUSDT,1h,SHORT_ONLY,wf_0_train,base,40,11,29,0,-773.1763178474495,-19.329407946186237,0.49185663862956047,27.5,-40.16538890328957,DESCRIPTIVE_SAMPLE,without_best,1,163.73941654966558,"descriptive deletion of net PnL; no resimulation, return or drawdown"
donchian_atr,eth_short_regime_challenge_v1_donchian_atr,20261007T203647Z-194d4424b93c,93281c3c7bf74af7a2c7380ea5ab251c,4c4aa07c4c65af74,ETHUSDT,1h,SHORT_ONLY,wf_0_train,base,38,9,29,0,-981.5921668504164,-25.831372811853065,0.35488253889240684,23.68421052631579,-41.250930857517545,DESCRIPTIVE_SAMPLE,without_top_5pct,3,372.15526555263267,"descriptive deletion of net PnL; no resimulation, return or drawdown"
donchian_atr,eth_short_regime_challenge_v1_donchian_atr,20261007T203647Z-194d4424b93c,93281c3c7bf74af7a2c7380ea5ab251c,4c4aa07c4c65af74,ETHUSDT,1h,SHORT_ONLY,wf_0_train,base,36,7,29,0,-1151.6941437507082,-31.991503993075227,0.24308890486270399,19.444444444444443,-42.64044639822883,DESCRIPTIVE_SAMPLE,without_top_10pct,5,542.2572424529242,"descriptive deletion of net PnL; no resimulation, return or drawdown"
donchian_atr,eth_short_regime_challenge_v1_donchian_atr,20261007T203647Z-194d4424b93c,00816938eb6b4ffa938f53122d82841d,4c4aa07c4c65af74,ETHUSDT,1h,SHORT_ONLY,wf_0_train,adverse,40,11,29,0,-781.4159195013198,-19.535397987532996,0.5091225289398036,27.5,-42.96918012061623,DESCRIPTIVE_SAMPLE,complete,0,0.0,"descriptive deletion of net PnL; no resimulation, return or drawdown"
donchian_atr,eth_short_regime_challenge_v1_donchian_atr,20261007T203647Z-194d4424b93c,00816938eb6b4ffa938f53122d82841d,4c4aa07c4c65af74,ETHUSDT,1h,SHORT_ONLY,wf_0_train,adverse,39,10,29,0,-939.6223560765133,-24.092880925038802,0.4097388671108547,25.641025641025642,-43.657494872725785,DESCRIPTIVE_SAMPLE,without_best,1,158.20643657519344,"descriptive deletion of net PnL; no resimulation, return or drawdown"
donchian_atr,eth_short_regime_challenge_v1_donchian_atr,20261007T203647Z-194d4424b93c,00816938eb6b4ffa938f53122d82841d,4c4aa07c4c65af74,ETHUSDT,1h,SHORT_ONLY,wf_0_train,adverse,38,9,29,0,-1050.8514528564979,-27.653985601486784,0.33986588862007483,23.68421052631579,-44.03751688606468,DESCRIPTIVE_SAMPLE,without_top_5pct,2,269.43553335517805,"descriptive deletion of net PnL; no resimulation, return or drawdown"
donchian_atr,eth_short_regime_challenge_v1_donchian_atr,20261007T203647Z-194d4424b93c,00816938eb6b4ffa938f53122d82841d,4c4aa07c4c65af74,ETHUSDT,1h,SHORT_ONLY,wf_0_train,adverse,36,7,29,0,-1247.0635400672147,-34.640653890755964,0.21660746662259894,19.444444444444443,-45.63942636155828,DESCRIPTIVE_SAMPLE,without_top_10pct,4,465.6476205658948,"descriptive deletion of net PnL; no resimulation, return or drawdown"
donchian_atr,eth_short_regime_challenge_v1_donchian_atr,20261007T203647Z-194d4424b93c,c26f9a7219b843e7ab7bb8bfac9c8c69,db2f1a56c8656a10,ETHUSDT,1h,SHORT_ONLY,wf_0_train,base,39,11,28,0,-609.3328813801958,-15.623920035389634,0.5793915492262584,28.205128205128204,-39.14508751000634,DESCRIPTIVE_SAMPLE,complete,0,0.0,"descriptive deletion of net PnL; no resimulation, return or drawdown"
donchian_atr,eth_short_regime_challenge_v1_donchian_atr,20261007T203647Z-194d4424b93c,c26f9a7219b843e7ab7bb8bfac9c8c69,db2f1a56c8656a10,ETHUSDT,1h,SHORT_ONLY,wf_0_train,base,38,10,28,0,-773.0741118326387,-20.344055574543123,0.4663647499627931,26.31578947368421,-40.165632722459094,DESCRIPTIVE_SAMPLE,without_best,1,163.74123045244298,"descriptive deletion of net PnL; no resimulation, return or drawdown"
donchian_atr,eth_short_regime_challenge_v1_donchian_atr,20261007T203647Z-194d4424b93c,c26f9a7219b843e7ab7bb8bfac9c8c69,db2f1a56c8656a10,ETHUSDT,1h,SHORT_ONLY,wf_0_train,base,37,9,28,0,-887.710384704857,-23.99217255959073,0.3872339716827113,24.324324324324323,-41.186177934911846,DESCRIPTIVE_SAMPLE,without_top_5pct,2,278.3775033246613,"descriptive deletion of net PnL; no resimulation, return or drawdown"
donchian_atr,eth_short_regime_challenge_v1_donchian_atr,20261007T203647Z-194d4424b93c,c26f9a7219b843e7ab7bb8bfac9c8c69,db2f1a56c8656a10,ETHUSDT,1h,SHORT_ONLY,wf_0_train,base,35,7,28,0,-1072.4836153086615,-30.6423890088189,0.2596892672303783,20.0,-41.31617141846229,DESCRIPTIVE_SAMPLE,without_top_10pct,4,463.1507339284659,"descriptive deletion of net PnL; no resimulation, return or drawdown"
donchian_atr,eth_short_regime_challenge_v1_donchian_atr,20261007T203647Z-194d4424b93c,d586ac64dd3a4756bec43705de43b4c3,db2f1a56c8656a10,ETHUSDT,1h,SHORT_ONLY,wf_0_train,adverse,38,10,28,0,-775.0990085290031,-20.397342329710607,0.48897749549426317,26.31578947368421,-42.98413573010441,DESCRIPTIVE_SAMPLE,complete,0,0.0,"descriptive deletion of net PnL; no resimulation, return or drawdown"
donchian_atr,eth_short_regime_challenge_v1_donchian_atr,20261007T203647Z-194d4424b93c,d586ac64dd3a4756bec43705de43b4c3,db2f1a56c8656a10,ETHUSDT,1h,SHORT_ONLY,wf_0_train,adverse,37,9,28,0,-933.4138515694973,-25.227401393770197,0.38460057499668165,24.324324324324323,-43.68740609170216,DESCRIPTIVE_SAMPLE,without_best,1,158.31484304049425,"descriptive deletion of net PnL; no resimulation, return or drawdown"
donchian_atr,eth_short_regime_challenge_v1_donchian_atr,20261007T203647Z-194d4424b93c,d586ac64dd3a4756bec43705de43b4c3,db2f1a56c8656a10,ETHUSDT,1h,SHORT_ONLY,wf_0_train,adverse,36,8,28,0,-1044.7190838161946,-29.01997455044985,0.3112170744097736,22.22222222222222,-44.05247249555286,DESCRIPTIVE_SAMPLE,without_top_5pct,2,269.62007528719147,"descriptive deletion of net PnL; no resimulation, return or drawdown"
donchian_atr,eth_short_regime_challenge_v1_donchian_atr,20261007T203647Z-194d4424b93c,d586ac64dd3a4756bec43705de43b4c3,db2f1a56c8656a10,ETHUSDT,1h,SHORT_ONLY,wf_0_train,adverse,34,6,28,0,-1241.0655693578328,-36.50192851052449,0.18176590534840467,17.647058823529413,-45.65547518982579,DESCRIPTIVE_SAMPLE,without_top_10pct,4,465.96656082882964,"descriptive deletion of net PnL; no resimulation, return or drawdown"
donchian_atr,eth_short_regime_challenge_v1_donchian_atr,20261007T203647Z-194d4424b93c,b255c3ef5598417e84d4764b39989eec,e0dd4c731d1d27f0,ETHUSDT,1h,SHORT_ONLY,wf_0_test,base,22,10,12,0,317.4008630909176,14.427311958678073,1.409242760958508,45.45454545454545,-32.088776360001205,DESCRIPTIVE_SAMPLE,complete,0,0.0,"descriptive deletion of net PnL; no resimulation, return or drawdown"
donchian_atr,eth_short_regime_challenge_v1_donchian_atr,20261007T203647Z-194d4424b93c,b255c3ef5598417e84d4764b39989eec,e0dd4c731d1d27f0,ETHUSDT,1h,SHORT_ONLY,wf_0_test,base,21,9,12,0,117.92101986003173,5.615286660001511,1.152042194443369,42.857142857142854,-46.36845767988353,DESCRIPTIVE_SAMPLE,without_best,1,199.47984323088593,"descriptive deletion of net PnL; no resimulation, return or drawdown"
donchian_atr,eth_short_regime_challenge_v1_donchian_atr,20261007T203647Z-194d4424b93c,b255c3ef5598417e84d4764b39989eec,e0dd4c731d1d27f0,ETHUSDT,1h,SHORT_ONLY,wf_0_test,base,20,8,12,0,-25.45418355248286,-1.272709177624143,0.9671804914028265,40.0,-47.720759767757166,DESCRIPTIVE_SAMPLE,without_top_5pct,2,342.8550466434004,"descriptive deletion of net PnL; no resimulation, return or drawdown"
donchian_atr,eth_short_regime_challenge_v1_donchian_atr,20261007T203647Z-194d4424b93c,b255c3ef5598417e84d4764b39989eec,e0dd4c731d1d27f0,ETHUSDT,1h,SHORT_ONLY,wf_0_test,base,19,7,12,0,-160.02240082661461,-8.4222316224534,0.7936741302725002,36.8421052631579,-49.073061855630804,INSUFFICIENT_SAMPLE,without_top_10pct,3,477.42326391753215,"descriptive deletion of net PnL; no resimulation, return or drawdown"
donchian_atr,eth_short_regime_challenge_v1_donchian_atr,20261007T203647Z-194d4424b93c,074d1707ae9147138dc6f17a6a98972b,e0dd4c731d1d27f0,ETHUSDT,1h,SHORT_ONLY,wf_0_test,adverse,22,10,12,0,239.8371300992859,10.901687731785723,1.2953353138300585,45.45454545454545,-35.806358686542985,DESCRIPTIVE_SAMPLE,complete,0,0.0,"descriptive deletion of net PnL; no resimulation, return or drawdown"
donchian_atr,eth_short_regime_challenge_v1_donchian_atr,20261007T203647Z-194d4424b93c,074d1707ae9147138dc6f17a6a98972b,e0dd4c731d1d27f0,ETHUSDT,1h,SHORT_ONLY,wf_0_test,adverse,21,9,12,0,48.782054169286766,2.322954960442227,1.0600701954338643,42.857142857142854,-49.56129947780512,DESCRIPTIVE_SAMPLE,without_best,1,191.05507592999905,"descriptive deletion of net PnL; no resimulation, return or drawdown"
donchian_atr,eth_short_regime_challenge_v1_donchian_atr,20261007T203647Z-194d4424b93c,074d1707ae9147138dc6f17a6a98972b,e0dd4c731d1d27f0,ETHUSDT,1h,SHORT_ONLY,wf_0_test,adverse,20,8,12,0,-90.86849352102911,-4.543424676051456,0.8881045856403131,40.0,-50.980891061559326,DESCRIPTIVE_SAMPLE,without_top_5pct,2,330.70562362031495,"descriptive deletion of net PnL; no resimulation, return or drawdown"
donchian_atr,eth_short_regime_challenge_v1_donchian_atr,20261007T203647Z-194d4424b93c,074d1707ae9147138dc6f17a6a98972b,e0dd4c731d1d27f0,ETHUSDT,1h,SHORT_ONLY,wf_0_test,adverse,19,7,12,0,-221.32343320526218,-11.648601747645378,0.7274624426311185,36.8421052631579,-52.40048264531353,INSUFFICIENT_SAMPLE,without_top_10pct,3,461.160563304548,"descriptive deletion of net PnL; no resimulation, return or drawdown"
donchian_atr,eth_short_regime_challenge_v1_donchian_atr,20261007T203647Z-194d4424b93c,c4f4fb75d9d8464fba0e0c832237b4a1,ff43266d9f6c730a,ETHUSDT,1h,SHORT_ONLY,wf_1_train,base,59,22,37,0,-50.11264229340007,-0.8493668185322046,0.9775791136172826,37.28813559322034,-42.60199986137677,DESCRIPTIVE_SAMPLE,complete,0,0.0,"descriptive deletion of net PnL; no resimulation, return or drawdown"
donchian_atr,eth_short_regime_challenge_v1_donchian_atr,20261007T203647Z-194d4424b93c,c4f4fb75d9d8464fba0e0c832237b4a1,ff43266d9f6c730a,ETHUSDT,1h,SHORT_ONLY,wf_1_train,base,58,21,37,0,-242.4868200509925,-4.180807242258491,0.8915090246122233,36.206896551724135,-43.659384007099845,DESCRIPTIVE_SAMPLE,without_best,1,192.37417775759235,"descriptive deletion of net PnL; no resimulation, return or drawdown"
donchian_atr,eth_short_regime_challenge_v1_donchian_atr,20261007T203647Z-194d4424b93c,c4f4fb75d9d8464fba0e0c832237b4a1,ff43266d9f6c730a,ETHUSDT,1h,SHORT_ONLY,wf_1_train,base,56,19,37,0,-565.2390770044026,-10.093554946507188,0.747106507567716,33.92857142857143,-45.620533602913994,DESCRIPTIVE_SAMPLE,without_top_5pct,3,515.1264347110025,"descriptive deletion of net PnL; no resimulation, return or drawdown"
donchian_atr,eth_short_regime_challenge_v1_donchian_atr,20261007T203647Z-194d4424b93c,c4f4fb75d9d8464fba0e0c832237b4a1,ff43266d9f6c730a,ETHUSDT,1h,SHORT_ONLY,wf_1_train,base,53,16,37,0,-945.8643222756197,-17.846496646709806,0.5768110494145581,30.18867924528302,-47.32506326706084,DESCRIPTIVE_SAMPLE,without_top_10pct,6,895.7516799822197,"descriptive deletion of net PnL; no resimulation, return or drawdown"
donchian_atr,eth_short_regime_challenge_v1_donchian_atr,20261007T203647Z-194d4424b93c,5c3d6ad66ad943cd9307de3238a76295,ff43266d9f6c730a,ETHUSDT,1h,SHORT_ONLY,wf_1_train,adverse,57,21,36,0,-212.52304692376504,-3.7284745074344743,0.9053461989919551,36.8421052631579,-46.001957946616564,DESCRIPTIVE_SAMPLE,complete,0,0.0,"descriptive deletion of net PnL; no resimulation, return or drawdown"
donchian_atr,eth_short_regime_challenge_v1_donchian_atr,20261007T203647Z-194d4424b93c,5c3d6ad66ad943cd9307de3238a76295,ff43266d9f6c730a,ETHUSDT,1h,SHORT_ONLY,wf_1_train,adverse,56,20,36,0,-395.1380030954409,-7.056035769561445,0.8240129037434304,35.714285714285715,-46.686908097014964,DESCRIPTIVE_SAMPLE,without_best,1,182.61495617167586,"descriptive deletion of net PnL; no resimulation, return or drawdown"
donchian_atr,eth_short_regime_challenge_v1_donchian_atr,20261007T203647Z-194d4424b93c,5c3d6ad66ad943cd9307de3238a76295,ff43266d9f6c730a,ETHUSDT,1h,SHORT_ONLY,wf_1_train,adverse,54,18,36,0,-707.5431917617669,-13.10265169929198,0.6848734598575612,33.333333333333336,-48.51717759649421,DESCRIPTIVE_SAMPLE,without_top_5pct,3,495.0201448380018,"descriptive deletion of net PnL; no resimulation, return or drawdown"
donchian_atr,eth_short_regime_challenge_v1_donchian_atr,20261007T203647Z-194d4424b93c,5c3d6ad66ad943cd9307de3238a76295,ff43266d9f6c730a,ETHUSDT,1h,SHORT_ONLY,wf_1_train,adverse,51,15,36,0,-1079.9289554365505,-21.17507755757942,0.5190197866521999,29.41176470588235,-50.08560104824594,DESCRIPTIVE_SAMPLE,without_top_10pct,6,867.4059085127853,"descriptive deletion of net PnL; no resimulation, return or drawdown"
donchian_atr,eth_short_regime_challenge_v1_donchian_atr,20261007T203647Z-194d4424b93c,3aab3e24d1ad48a3ae02a4fc14efe5c0,e0dd4c731d1d27f0,ETHUSDT,1h,SHORT_ONLY,wf_1_train,base,58,22,36,0,-23.313956365690544,-0.40196476492569905,0.989465228387926,37.93103448275862,-44.99735677271259,DESCRIPTIVE_SAMPLE,complete,0,0.0,"descriptive deletion of net PnL; no resimulation, return or drawdown"
donchian_atr,eth_short_regime_challenge_v1_donchian_atr,20261007T203647Z-194d4424b93c,3aab3e24d1ad48a3ae02a4fc14efe5c0,e0dd4c731d1d27f0,ETHUSDT,1h,SHORT_ONLY,wf_1_train,base,57,21,36,0,-216.20639385678592,-3.79309462906642,0.9023037984362356,36.8421052631579,-45.15749763384235,DESCRIPTIVE_SAMPLE,without_best,1,192.8924374910953,"descriptive deletion of net PnL; no resimulation, return or drawdown"
donchian_atr,eth_short_regime_challenge_v1_donchian_atr,20261007T203647Z-194d4424b93c,3aab3e24d1ad48a3ae02a4fc14efe5c0,e0dd4c731d1d27f0,ETHUSDT,1h,SHORT_ONLY,wf_1_train,base,55,19,36,0,-539.8280574435962,-9.815055589883567,0.7560703466303634,34.54545454545455,-46.48805375291055,DESCRIPTIVE_SAMPLE,without_top_5pct,3,516.5141010779056,"descriptive deletion of net PnL; no resimulation, return or drawdown"
donchian_atr,eth_short_regime_challenge_v1_donchian_atr,20261007T203647Z-194d4424b93c,3aab3e24d1ad48a3ae02a4fc14efe5c0,e0dd4c731d1d27f0,ETHUSDT,1h,SHORT_ONLY,wf_1_train,base,52,16,36,0,-921.4785764767855,-17.7207418553228,0.5836156593787014,30.76923076923077,-48.75467272315649,DESCRIPTIVE_SAMPLE,without_top_10pct,6,898.1646201110949,"descriptive deletion of net PnL; no resimulation, return or drawdown"
donchian_atr,eth_short_regime_challenge_v1_donchian_atr,20261007T203647Z-194d4424b93c,aa50f188cc1f4cf48af4c07a1186c4df,e0dd4c731d1d27f0,ETHUSDT,1h,SHORT_ONLY,wf_1_train,adverse,56,21,35,0,-182.8268752404814,-3.2647656292943106,0.9176739077334712,37.5,-47.9220396704,DESCRIPTIVE_SAMPLE,complete,0,0.0,"descriptive deletion of net PnL; no resimulation, return or drawdown"
donchian_atr,eth_short_regime_challenge_v1_donchian_atr,20261007T203647Z-194d4424b93c,aa50f188cc1f4cf48af4c07a1186c4df,e0dd4c731d1d27f0,ETHUSDT,1h,SHORT_ONLY,wf_1_train,adverse,55,20,35,0,-365.99581891742577,-6.654469434862286,0.8351937836397033,36.36363636363637,-48.32851689274605,DESCRIPTIVE_SAMPLE,without_best,1,183.16894367694442,"descriptive deletion of net PnL; no resimulation, return or drawdown"
donchian_atr,eth_short_regime_challenge_v1_donchian_atr,20261007T203647Z-194d4424b93c,aa50f188cc1f4cf48af4c07a1186c4df,e0dd4c731d1d27f0,ETHUSDT,1h,SHORT_ONLY,wf_1_train,adverse,53,18,35,0,-679.3490206522694,-12.817906050042819,0.6940922931498468,33.9622641509434,-49.623769303456605,DESCRIPTIVE_SAMPLE,without_top_5pct,3,496.522145411788,"descriptive deletion of net PnL; no resimulation, return or drawdown"
donchian_atr,eth_short_regime_challenge_v1_donchian_atr,20261007T203647Z-194d4424b93c,aa50f188cc1f4cf48af4c07a1186c4df,e0dd4c731d1d27f0,ETHUSDT,1h,SHORT_ONLY,wf_1_train,adverse,50,15,35,0,-1052.4290413116962,-21.048580826233923,0.5260960936676505,30.0,-51.744442258217674,DESCRIPTIVE_SAMPLE,without_top_10pct,6,869.6021660712152,"descriptive deletion of net PnL; no resimulation, return or drawdown"
donchian_atr,eth_short_regime_challenge_v1_donchian_atr,20261007T203647Z-194d4424b93c,3994209188e043f29e9537b242bc64fa,827790540ac7604f,ETHUSDT,1h,SHORT_ONLY,wf_1_train,base,55,21,34,0,33.481574252354505,0.6087558954973546,1.0160825410383623,38.18181818181818,-45.0924642355208,DESCRIPTIVE_SAMPLE,complete,0,0.0,"descriptive deletion of net PnL; no resimulation, return or drawdown"
donchian_atr,eth_short_regime_challenge_v1_donchian_atr,20261007T203647Z-194d4424b93c,3994209188e043f29e9537b242bc64fa,827790540ac7604f,ETHUSDT,1h,SHORT_ONLY,wf_1_train,base,54,20,34,0,-159.41283006884908,-2.952089445719427,0.9234276332916622,37.03703703703704,-45.125244958031246,DESCRIPTIVE_SAMPLE,without_best,1,192.8944043212035,"descriptive deletion of net PnL; no resimulation, return or drawdown"
donchian_atr,eth_short_regime_challenge_v1_donchian_atr,20261007T203647Z-194d4424b93c,3994209188e043f29e9537b242bc64fa,827790540ac7604f,ETHUSDT,1h,SHORT_ONLY,wf_1_train,base,52,18,34,0,-483.03802807920044,-9.289192847676931,0.7679774896149922,34.61538461538461,-45.82329660996133,DESCRIPTIVE_SAMPLE,without_top_5pct,3,516.5196023315549,"descriptive deletion of net PnL; no resimulation, return or drawdown"
donchian_atr,eth_short_regime_challenge_v1_donchian_atr,20261007T203647Z-194d4424b93c,3994209188e043f29e9537b242bc64fa,827790540ac7604f,ETHUSDT,1h,SHORT_ONLY,wf_1_train,base,49,15,34,0,-864.6927829269026,-17.646791488304135,0.5846534257265497,30.612244897959183,-47.453046250401115,DESCRIPTIVE_SAMPLE,without_top_10pct,6,898.174357179257,"descriptive deletion of net PnL; no resimulation, return or drawdown"
donchian_atr,eth_short_regime_challenge_v1_donchian_atr,20261007T203647Z-194d4424b93c,cd4ef21ed7fd4a0e9ed250b7b4e087aa,827790540ac7604f,ETHUSDT,1h,SHORT_ONLY,wf_1_train,adverse,53,20,33,0,-116.89529092861284,-2.205571526954959,0.9439383065980991,37.735849056603776,-47.834712204681075,DESCRIPTIVE_SAMPLE,complete,0,0.0,"descriptive deletion of net PnL; no resimulation, return or drawdown"
donchian_atr,eth_short_regime_challenge_v1_donchian_atr,20261007T203647Z-194d4424b93c,cd4ef21ed7fd4a0e9ed250b7b4e087aa,827790540ac7604f,ETHUSDT,1h,SHORT_ONLY,wf_1_train,adverse,52,19,33,0,-300.18968863106033,-5.772878627520391,0.856032333272312,36.53846153846154,-48.09816490286444,DESCRIPTIVE_SAMPLE,without_best,1,183.29439770244764,"descriptive deletion of net PnL; no resimulation, return or drawdown"
donchian_atr,eth_short_regime_challenge_v1_donchian_atr,20261007T203647Z-194d4424b93c,cd4ef21ed7fd4a0e9ed250b7b4e087aa,827790540ac7604f,ETHUSDT,1h,SHORT_ONLY,wf_1_train,adverse,50,17,33,0,-613.7577261580718,-12.275154523161437,0.7056485578368188,34.0,-49.009705594784855,DESCRIPTIVE_SAMPLE,without_top_5pct,3,496.86243522945915,"descriptive deletion of net PnL; no resimulation, return or drawdown"
donchian_atr,eth_short_regime_challenge_v1_donchian_atr,20261007T203647Z-194d4424b93c,cd4ef21ed7fd4a0e9ed250b7b4e087aa,827790540ac7604f,ETHUSDT,1h,SHORT_ONLY,wf_1_train,adverse,47,14,33,0,-987.0935199388803,-21.001989785933624,0.5266008251126941,29.78723404255319,-50.27195957573597,DESCRIPTIVE_SAMPLE,without_top_10pct,6,870.1982290102676,"descriptive deletion of net PnL; no resimulation, return or drawdown"
donchian_atr,eth_short_regime_challenge_v1_donchian_atr,20261007T203647Z-194d4424b93c,148c0d6f66c04c4291dd2cca6bf2d289,6719be4e317770b6,ETHUSDT,1h,SHORT_ONLY,wf_1_train,base,45,16,29,0,-195.89971245362753,-4.353326943413945,0.893280229076545,35.55555555555556,-46.70596017287834,DESCRIPTIVE_SAMPLE,complete,0,0.0,"descriptive deletion of net PnL; no resimulation, return or drawdown"
donchian_atr,eth_short_regime_challenge_v1_donchian_atr,20261007T203647Z-194d4424b93c,148c0d6f66c04c4291dd2cca6bf2d289,6719be4e317770b6,ETHUSDT,1h,SHORT_ONLY,wf_1_train,base,44,15,29,0,-385.7573310878155,-8.767212070177624,0.7898519937058094,34.09090909090909,-48.47866811744481,DESCRIPTIVE_SAMPLE,without_best,1,189.857618634188,"descriptive deletion of net PnL; no resimulation, return or drawdown"
donchian_atr,eth_short_regime_challenge_v1_donchian_atr,20261007T203647Z-194d4424b93c,148c0d6f66c04c4291dd2cca6bf2d289,6719be4e317770b6,ETHUSDT,1h,SHORT_ONLY,wf_1_train,base,42,13,29,0,-707.8357247601934,-16.853231541909366,0.6143941946023678,30.952380952380953,-51.07800673639855,DESCRIPTIVE_SAMPLE,without_top_5pct,3,511.9360123065659,"descriptive deletion of net PnL; no resimulation, return or drawdown"
donchian_atr,eth_short_regime_challenge_v1_donchian_atr,20261007T203647Z-194d4424b93c,148c0d6f66c04c4291dd2cca6bf2d289,6719be4e317770b6,ETHUSDT,1h,SHORT_ONLY,wf_1_train,base,40,11,29,0,-953.9483758884517,-23.84870939721129,0.4803200531919292,27.5,-53.16795420926788,DESCRIPTIVE_SAMPLE,without_top_10pct,5,758.0486634348242,"descriptive deletion of net PnL; no resimulation, return or drawdown"
donchian_atr,eth_short_regime_challenge_v1_donchian_atr,20261007T203647Z-194d4424b93c,902335d494e4419aa1c24392406249a4,6719be4e317770b6,ETHUSDT,1h,SHORT_ONLY,wf_1_train,adverse,44,15,29,0,-392.9143932824148,-8.929872574600337,0.7933921358687135,34.09090909090909,-51.34212893149973,DESCRIPTIVE_SAMPLE,complete,0,0.0,"descriptive deletion of net PnL; no resimulation, return or drawdown"
donchian_atr,eth_short_regime_challenge_v1_donchian_atr,20261007T203647Z-194d4424b93c,902335d494e4419aa1c24392406249a4,6719be4e317770b6,ETHUSDT,1h,SHORT_ONLY,wf_1_train,adverse,43,14,29,0,-572.3286945287763,-13.3099696402041,0.6990499427374113,32.55813953488372,-53.476533750629855,DESCRIPTIVE_SAMPLE,without_best,1,179.41430124636153,"descriptive deletion of net PnL; no resimulation, return or drawdown"
donchian_atr,eth_short_regime_challenge_v1_donchian_atr,20261007T203647Z-194d4424b93c,902335d494e4419aa1c24392406249a4,6719be4e317770b6,ETHUSDT,1h,SHORT_ONLY,wf_1_train,adverse,41,12,29,0,-883.8529508812704,-21.557389045884644,0.5352398041156533,29.26829268292683,-55.16335054974006,DESCRIPTIVE_SAMPLE,without_top_5pct,3,490.9385575988556,"descriptive deletion of net PnL; no resimulation, return or drawdown"
donchian_atr,eth_short_regime_challenge_v1_donchian_atr,20261007T203647Z-194d4424b93c,902335d494e4419aa1c24392406249a4,6719be4e317770b6,ETHUSDT,1h,SHORT_ONLY,wf_1_train,adverse,39,10,29,0,-1121.3962050585835,-28.753748847655988,0.41033141383152855,25.641025641025642,-57.11933375373011,DESCRIPTIVE_SAMPLE,without_top_10pct,5,728.4818117761687,"descriptive deletion of net PnL; no resimulation, return or drawdown"
donchian_atr,eth_short_regime_challenge_v1_donchian_atr,20261007T203647Z-194d4424b93c,4dc69270c5f14cffbdf98a7407fff47d,4c4aa07c4c65af74,ETHUSDT,1h,SHORT_ONLY,wf_1_train,base,45,16,29,0,-195.89971245362753,-4.353326943413945,0.893280229076545,35.55555555555556,-46.70596017287834,DESCRIPTIVE_SAMPLE,complete,0,0.0,"descriptive deletion of net PnL; no resimulation, return or drawdown"
donchian_atr,eth_short_regime_challenge_v1_donchian_atr,20261007T203647Z-194d4424b93c,4dc69270c5f14cffbdf98a7407fff47d,4c4aa07c4c65af74,ETHUSDT,1h,SHORT_ONLY,wf_1_train,base,44,15,29,0,-385.7573310878155,-8.767212070177624,0.7898519937058094,34.09090909090909,-48.47866811744481,DESCRIPTIVE_SAMPLE,without_best,1,189.857618634188,"descriptive deletion of net PnL; no resimulation, return or drawdown"
donchian_atr,eth_short_regime_challenge_v1_donchian_atr,20261007T203647Z-194d4424b93c,4dc69270c5f14cffbdf98a7407fff47d,4c4aa07c4c65af74,ETHUSDT,1h,SHORT_ONLY,wf_1_train,base,42,13,29,0,-707.8357247601934,-16.853231541909366,0.6143941946023678,30.952380952380953,-51.07800673639855,DESCRIPTIVE_SAMPLE,without_top_5pct,3,511.9360123065659,"descriptive deletion of net PnL; no resimulation, return or drawdown"
donchian_atr,eth_short_regime_challenge_v1_donchian_atr,20261007T203647Z-194d4424b93c,4dc69270c5f14cffbdf98a7407fff47d,4c4aa07c4c65af74,ETHUSDT,1h,SHORT_ONLY,wf_1_train,base,40,11,29,0,-953.9483758884517,-23.84870939721129,0.4803200531919292,27.5,-53.16795420926788,DESCRIPTIVE_SAMPLE,without_top_10pct,5,758.0486634348242,"descriptive deletion of net PnL; no resimulation, return or drawdown"
donchian_atr,eth_short_regime_challenge_v1_donchian_atr,20261007T203647Z-194d4424b93c,1a0b1fa2a40c4d25964c507ab051bf21,4c4aa07c4c65af74,ETHUSDT,1h,SHORT_ONLY,wf_1_train,adverse,44,15,29,0,-392.9143932824148,-8.929872574600337,0.7933921358687135,34.09090909090909,-51.34212893149973,DESCRIPTIVE_SAMPLE,complete,0,0.0,"descriptive deletion of net PnL; no resimulation, return or drawdown"
donchian_atr,eth_short_regime_challenge_v1_donchian_atr,20261007T203647Z-194d4424b93c,1a0b1fa2a40c4d25964c507ab051bf21,4c4aa07c4c65af74,ETHUSDT,1h,SHORT_ONLY,wf_1_train,adverse,43,14,29,0,-572.3286945287763,-13.3099696402041,0.6990499427374113,32.55813953488372,-53.476533750629855,DESCRIPTIVE_SAMPLE,without_best,1,179.41430124636153,"descriptive deletion of net PnL; no resimulation, return or drawdown"
donchian_atr,eth_short_regime_challenge_v1_donchian_atr,20261007T203647Z-194d4424b93c,1a0b1fa2a40c4d25964c507ab051bf21,4c4aa07c4c65af74,ETHUSDT,1h,SHORT_ONLY,wf_1_train,adverse,41,12,29,0,-883.8529508812704,-21.557389045884644,0.5352398041156533,29.26829268292683,-55.16335054974006,DESCRIPTIVE_SAMPLE,without_top_5pct,3,490.9385575988556,"descriptive deletion of net PnL; no resimulation, return or drawdown"
donchian_atr,eth_short_regime_challenge_v1_donchian_atr,20261007T203647Z-194d4424b93c,1a0b1fa2a40c4d25964c507ab051bf21,4c4aa07c4c65af74,ETHUSDT,1h,SHORT_ONLY,wf_1_train,adverse,39,10,29,0,-1121.3962050585835,-28.753748847655988,0.41033141383152855,25.641025641025642,-57.11933375373011,DESCRIPTIVE_SAMPLE,without_top_10pct,5,728.4818117761687,"descriptive deletion of net PnL; no resimulation, return or drawdown"
donchian_atr,eth_short_regime_challenge_v1_donchian_atr,20261007T203647Z-194d4424b93c,c047680a019a4ff792ac2e9c783ccd05,db2f1a56c8656a10,ETHUSDT,1h,SHORT_ONLY,wf_1_train,base,43,15,28,0,-195.79069269677717,-4.553271923180865,0.8887874116561878,34.883720930232556,-46.70649505616738,DESCRIPTIVE_SAMPLE,complete,0,0.0,"descriptive deletion of net PnL; no resimulation, return or drawdown"
donchian_atr,eth_short_regime_challenge_v1_donchian_atr,20261007T203647Z-194d4424b93c,c047680a019a4ff792ac2e9c783ccd05,db2f1a56c8656a10,ETHUSDT,1h,SHORT_ONLY,wf_1_train,base,42,14,28,0,-385.65052401483683,-9.182155333686591,0.7809436578363795,33.333333333333336,-47.2725694072862,DESCRIPTIVE_SAMPLE,without_best,1,189.85983131805966,"descriptive deletion of net PnL; no resimulation, return or drawdown"
donchian_atr,eth_short_regime_challenge_v1_donchian_atr,20261007T203647Z-194d4424b93c,c047680a019a4ff792ac2e9c783ccd05,db2f1a56c8656a10,ETHUSDT,1h,SHORT_ONLY,wf_1_train,base,40,12,28,0,-707.7326366945306,-17.693315917363265,0.5979953015229044,30.0,-49.04527954566596,DESCRIPTIVE_SAMPLE,without_top_5pct,3,511.94194399775336,"descriptive deletion of net PnL; no resimulation, return or drawdown"
donchian_atr,eth_short_regime_challenge_v1_donchian_atr,20261007T203647Z-194d4424b93c,c047680a019a4ff792ac2e9c783ccd05,db2f1a56c8656a10,ETHUSDT,1h,SHORT_ONLY,wf_1_train,base,38,10,28,0,-953.8480761119633,-25.10126516084114,0.4581973638784561,26.31578947368421,-52.3419028220297,DESCRIPTIVE_SAMPLE,without_top_10pct,5,758.0573834151862,"descriptive deletion of net PnL; no resimulation, return or drawdown"
donchian_atr,eth_short_regime_challenge_v1_donchian_atr,20261007T203647Z-194d4424b93c,6a75aef3c98a4dca972469224540d282,db2f1a56c8656a10,ETHUSDT,1h,SHORT_ONLY,wf_1_train,adverse,42,14,28,0,-386.3310963251439,-9.19835943631295,0.7882471187615124,33.333333333333336,-50.188665395743946,DESCRIPTIVE_SAMPLE,complete,0,0.0,"descriptive deletion of net PnL; no resimulation, return or drawdown"
donchian_atr,eth_short_regime_challenge_v1_donchian_atr,20261007T203647Z-194d4424b93c,6a75aef3c98a4dca972469224540d282,db2f1a56c8656a10,ETHUSDT,1h,SHORT_ONLY,wf_1_train,adverse,41,13,28,0,-565.8681823624236,-13.801662984449356,0.6898406078200272,31.70731707317073,-51.13587025850103,DESCRIPTIVE_SAMPLE,without_best,1,179.53708603727958,"descriptive deletion of net PnL; no resimulation, return or drawdown"
donchian_atr,eth_short_regime_challenge_v1_donchian_atr,20261007T203647Z-194d4424b93c,6a75aef3c98a4dca972469224540d282,db2f1a56c8656a10,ETHUSDT,1h,SHORT_ONLY,wf_1_train,adverse,39,11,28,0,-877.6060413118133,-22.502719007995214,0.5189732081942561,28.205128205128204,-53.51316322107914,DESCRIPTIVE_SAMPLE,without_top_5pct,3,491.2749449866694,"descriptive deletion of net PnL; no resimulation, return or drawdown"
donchian_atr,eth_short_regime_challenge_v1_donchian_atr,20261007T203647Z-194d4424b93c,6a75aef3c98a4dca972469224540d282,db2f1a56c8656a10,ETHUSDT,1h,SHORT_ONLY,wf_1_train,adverse,37,9,28,0,-1115.3120477262416,-30.14356885746599,0.3886835881643251,24.324324324324323,-57.158424691776766,DESCRIPTIVE_SAMPLE,without_top_10pct,5,728.9809514010979,"descriptive deletion of net PnL; no resimulation, return or drawdown"
donchian_atr,eth_short_regime_challenge_v1_donchian_atr,20261007T203647Z-194d4424b93c,d723268f34e04e0785d598cad84f8fca,827790540ac7604f,ETHUSDT,1h,SHORT_ONLY,wf_1_test,base,12,4,8,0,-74.40430582587553,-6.20035881882296,0.8636605449370462,33.333333333333336,-51.20352197279506,INSUFFICIENT_SAMPLE,complete,0,0.0,"descriptive deletion of net PnL; no resimulation, return or drawdown"
donchian_atr,eth_short_regime_challenge_v1_donchian_atr,20261007T203647Z-194d4424b93c,d723268f34e04e0785d598cad84f8fca,827790540ac7604f,ETHUSDT,1h,SHORT_ONLY,wf_1_test,base,11,3,8,0,-203.27131054242756,-18.479210049311597,0.6275229047342454,27.272727272727273,-52.206825705283805,INSUFFICIENT_SAMPLE,without_best,1,128.86700471655197,"descriptive deletion of net PnL; no resimulation, return or drawdown"
donchian_atr,eth_short_regime_challenge_v1_donchian_atr,20261007T203647Z-194d4424b93c,d723268f34e04e0785d598cad84f8fca,827790540ac7604f,ETHUSDT,1h,SHORT_ONLY,wf_1_test,base,11,3,8,0,-203.27131054242756,-18.479210049311597,0.6275229047342454,27.272727272727273,-52.206825705283805,INSUFFICIENT_SAMPLE,without_top_5pct,1,128.86700471655197,"descriptive deletion of net PnL; no resimulation, return or drawdown"
donchian_atr,eth_short_regime_challenge_v1_donchian_atr,20261007T203647Z-194d4424b93c,d723268f34e04e0785d598cad84f8fca,827790540ac7604f,ETHUSDT,1h,SHORT_ONLY,wf_1_test,base,10,2,8,0,-330.6779960213325,-33.06779960213325,0.3940611732287811,20.0,-55.47587788542336,INSUFFICIENT_SAMPLE,without_top_10pct,2,256.27369019545694,"descriptive deletion of net PnL; no resimulation, return or drawdown"
donchian_atr,eth_short_regime_challenge_v1_donchian_atr,20261007T203647Z-194d4424b93c,0f31d11437bf4245bdaf9bca3dee1eac,827790540ac7604f,ETHUSDT,1h,SHORT_ONLY,wf_1_test,adverse,12,4,8,0,-108.63101460332624,-9.052584550277187,0.808091492194012,33.333333333333336,-54.44802052701389,INSUFFICIENT_SAMPLE,complete,0,0.0,"descriptive deletion of net PnL; no resimulation, return or drawdown"
donchian_atr,eth_short_regime_challenge_v1_donchian_atr,20261007T203647Z-194d4424b93c,0f31d11437bf4245bdaf9bca3dee1eac,827790540ac7604f,ETHUSDT,1h,SHORT_ONLY,wf_1_test,adverse,11,3,8,0,-234.03197282337254,-21.275633893033866,0.5865570541946338,27.272727272727273,-55.46643173579355,INSUFFICIENT_SAMPLE,without_best,1,125.40095822004625,"descriptive deletion of net PnL; no resimulation, return or drawdown"
donchian_atr,eth_short_regime_challenge_v1_donchian_atr,20261007T203647Z-194d4424b93c,0f31d11437bf4245bdaf9bca3dee1eac,827790540ac7604f,ETHUSDT,1h,SHORT_ONLY,wf_1_test,adverse,11,3,8,0,-234.03197282337254,-21.275633893033866,0.5865570541946338,27.272727272727273,-55.46643173579355,INSUFFICIENT_SAMPLE,without_top_5pct,1,125.40095822004625,"descriptive deletion of net PnL; no resimulation, return or drawdown"
donchian_atr,eth_short_regime_challenge_v1_donchian_atr,20261007T203647Z-194d4424b93c,0f31d11437bf4245bdaf9bca3dee1eac,827790540ac7604f,ETHUSDT,1h,SHORT_ONLY,wf_1_test,adverse,10,2,8,0,-357.83042039418785,-35.78304203941879,0.3678536256317421,20.0,-58.75273758281257,INSUFFICIENT_SAMPLE,without_top_10pct,2,249.19940579086153,"descriptive deletion of net PnL; no resimulation, return or drawdown"
donchian_atr,eth_short_regime_challenge_v1_donchian_atr,20261007T203647Z-194d4424b93c,2686ec9e552b4fe99ac3960aa7b5c251,ff43266d9f6c730a,ETHUSDT,1h,SHORT_ONLY,wf_2_train,base,62,24,38,0,91.9349987815658,1.4828225609929968,1.0367791282209595,38.70967741935484,-48.087742521984936,DESCRIPTIVE_SAMPLE,complete,0,0.0,"descriptive deletion of net PnL; no resimulation, return or drawdown"
donchian_atr,eth_short_regime_challenge_v1_donchian_atr,20261007T203647Z-194d4424b93c,2686ec9e552b4fe99ac3960aa7b5c251,ff43266d9f6c730a,ETHUSDT,1h,SHORT_ONLY,wf_2_train,base,61,23,38,0,-105.20751271952278,-1.7247133232708654,0.9579111257801479,37.704918032786885,-48.498062319917004,DESCRIPTIVE_SAMPLE,without_best,1,197.14251150108862,"descriptive deletion of net PnL; no resimulation, return or drawdown"
donchian_atr,eth_short_regime_challenge_v1_donchian_atr,20261007T203647Z-194d4424b93c,2686ec9e552b4fe99ac3960aa7b5c251,ff43266d9f6c730a,ETHUSDT,1h,SHORT_ONLY,wf_2_train,base,58,20,38,0,-577.6547965578673,-9.959565457894263,0.7689058561850531,34.48275862068966,-49.82752373777855,DESCRIPTIVE_SAMPLE,without_top_5pct,4,669.5897953394331,"descriptive deletion of net PnL; no resimulation, return or drawdown"
donchian_atr,eth_short_regime_challenge_v1_donchian_atr,20261007T203647Z-194d4424b93c,2686ec9e552b4fe99ac3960aa7b5c251,ff43266d9f6c730a,ETHUSDT,1h,SHORT_ONLY,wf_2_train,base,55,17,38,0,-971.2144882333577,-17.658445240606504,0.6114600242976155,30.90909090909091,-53.08173471716303,DESCRIPTIVE_SAMPLE,without_top_10pct,7,1063.1494870149236,"descriptive deletion of net PnL; no resimulation, return or drawdown"
donchian_atr,eth_short_regime_challenge_v1_donchian_atr,20261007T203647Z-194d4424b93c,6b127310ff0448529b79e37e3c042bdb,ff43266d9f6c730a,ETHUSDT,1h,SHORT_ONLY,wf_2_train,adverse,60,23,37,0,-75.88448143480419,-1.2647413572467365,0.969695759893618,38.333333333333336,-51.204016320876185,DESCRIPTIVE_SAMPLE,complete,0,0.0,"descriptive deletion of net PnL; no resimulation, return or drawdown"
donchian_atr,eth_short_regime_challenge_v1_donchian_atr,20261007T203647Z-194d4424b93c,6b127310ff0448529b79e37e3c042bdb,ff43266d9f6c730a,ETHUSDT,1h,SHORT_ONLY,wf_2_train,adverse,59,22,37,0,-263.59888895261207,-4.4677777788578314,0.8947325741501113,37.28813559322034,-51.35869582977331,DESCRIPTIVE_SAMPLE,without_best,1,187.71440751780784,"descriptive deletion of net PnL; no resimulation, return or drawdown"
donchian_atr,eth_short_regime_challenge_v1_donchian_atr,20261007T203647Z-194d4424b93c,6b127310ff0448529b79e37e3c042bdb,ff43266d9f6c730a,ETHUSDT,1h,SHORT_ONLY,wf_2_train,adverse,57,20,37,0,-584.7280675675926,-10.258387150308641,0.7664905996394931,35.08771929824562,-51.48422857562839,DESCRIPTIVE_SAMPLE,without_top_5pct,3,508.8435861327884,"descriptive deletion of net PnL; no resimulation, return or drawdown"
donchian_atr,eth_short_regime_challenge_v1_donchian_atr,20261007T203647Z-194d4424b93c,6b127310ff0448529b79e37e3c042bdb,ff43266d9f6c730a,ETHUSDT,1h,SHORT_ONLY,wf_2_train,adverse,54,17,37,0,-975.9267845645986,-18.07271823267775,0.6102665650933647,31.48148148148148,-54.628247529152794,DESCRIPTIVE_SAMPLE,without_top_10pct,6,900.0423031297944,"descriptive deletion of net PnL; no resimulation, return or drawdown"
donchian_atr,eth_short_regime_challenge_v1_donchian_atr,20261007T203647Z-194d4424b93c,34d9eb1acf7d4a34be281df29d79f744,e0dd4c731d1d27f0,ETHUSDT,1h,SHORT_ONLY,wf_2_train,base,61,24,37,0,119.11527662878288,1.9527094529308668,1.0480567480150096,39.34426229508197,-48.6286710939489,DESCRIPTIVE_SAMPLE,complete,0,0.0,"descriptive deletion of net PnL; no resimulation, return or drawdown"
donchian_atr,eth_short_regime_challenge_v1_donchian_atr,20261007T203647Z-194d4424b93c,34d9eb1acf7d4a34be281df29d79f744,e0dd4c731d1d27f0,ETHUSDT,1h,SHORT_ONLY,wf_2_train,base,60,23,37,0,-78.55803314774815,-1.3093005524624692,0.9683059662002769,38.333333333333336,-48.68658409602864,DESCRIPTIVE_SAMPLE,without_best,1,197.67330977653117,"descriptive deletion of net PnL; no resimulation, return or drawdown"
donchian_atr,eth_short_regime_challenge_v1_donchian_atr,20261007T203647Z-194d4424b93c,34d9eb1acf7d4a34be281df29d79f744,e0dd4c731d1d27f0,ETHUSDT,1h,SHORT_ONLY,wf_2_train,base,57,20,37,0,-552.2776961772809,-9.689082389075104,0.7771850023719965,35.08771929824562,-51.17902897245528,DESCRIPTIVE_SAMPLE,without_top_5pct,4,671.3929728060638,"descriptive deletion of net PnL; no resimulation, return or drawdown"
donchian_atr,eth_short_regime_challenge_v1_donchian_atr,20261007T203647Z-194d4424b93c,34d9eb1acf7d4a34be281df29d79f744,e0dd4c731d1d27f0,ETHUSDT,1h,SHORT_ONLY,wf_2_train,base,54,17,37,0,-946.8974382252095,-17.535137744911285,0.6179766955781835,31.48148148148148,-54.42968366415411,DESCRIPTIVE_SAMPLE,without_top_10pct,7,1066.0127148539925,"descriptive deletion of net PnL; no resimulation, return or drawdown"
donchian_atr,eth_short_regime_challenge_v1_donchian_atr,20261007T203647Z-194d4424b93c,4cb8f6cd2e6e463986691fc131e12462,e0dd4c731d1d27f0,ETHUSDT,1h,SHORT_ONLY,wf_2_train,adverse,59,23,36,0,-45.77419843514062,-0.7758338717820444,0.981547932392109,38.983050847457626,-51.51453890269235,DESCRIPTIVE_SAMPLE,complete,0,0.0,"descriptive deletion of net PnL; no resimulation, return or drawdown"
donchian_atr,eth_short_regime_challenge_v1_donchian_atr,20261007T203647Z-194d4424b93c,4cb8f6cd2e6e463986691fc131e12462,e0dd4c731d1d27f0,ETHUSDT,1h,SHORT_ONLY,wf_2_train,adverse,58,22,36,0,-234.05812355034897,-4.03548488879912,0.9056486739784914,37.93103448275862,-51.577467649321626,DESCRIPTIVE_SAMPLE,without_best,1,188.28392511520832,"descriptive deletion of net PnL; no resimulation, return or drawdown"
donchian_atr,eth_short_regime_challenge_v1_donchian_atr,20261007T203647Z-194d4424b93c,4cb8f6cd2e6e463986691fc131e12462,e0dd4c731d1d27f0,ETHUSDT,1h,SHORT_ONLY,wf_2_train,adverse,56,20,36,0,-556.161546132654,-9.93145618094025,0.7758053488431879,35.714285714285715,-52.70476984925702,DESCRIPTIVE_SAMPLE,without_top_5pct,3,510.3873476975134,"descriptive deletion of net PnL; no resimulation, return or drawdown"
donchian_atr,eth_short_regime_challenge_v1_donchian_atr,20261007T203647Z-194d4424b93c,4cb8f6cd2e6e463986691fc131e12462,e0dd4c731d1d27f0,ETHUSDT,1h,SHORT_ONLY,wf_2_train,adverse,53,17,36,0,-948.5471472610858,-17.89711598605822,0.6176305279199119,32.075471698113205,-55.818910261273246,DESCRIPTIVE_SAMPLE,without_top_10pct,6,902.7729488259453,"descriptive deletion of net PnL; no resimulation, return or drawdown"
donchian_atr,eth_short_regime_challenge_v1_donchian_atr,20261007T203647Z-194d4424b93c,fa70f4c9f40e475cac09e61f19197b21,827790540ac7604f,ETHUSDT,1h,SHORT_ONLY,wf_2_train,base,60,24,36,0,176.60928452460286,2.9434880754100474,1.0728519725412502,40.0,-48.13448053427464,DESCRIPTIVE_SAMPLE,complete,0,0.0,"descriptive deletion of net PnL; no resimulation, return or drawdown"
donchian_atr,eth_short_regime_challenge_v1_donchian_atr,20261007T203647Z-194d4424b93c,fa70f4c9f40e475cac09e61f19197b21,827790540ac7604f,ETHUSDT,1h,SHORT_ONLY,wf_2_train,base,59,23,36,0,-21.064025251928314,-0.35701737715132736,0.9913110129323476,38.983050847457626,-48.6286710939489,DESCRIPTIVE_SAMPLE,without_best,1,197.67330977653117,"descriptive deletion of net PnL; no resimulation, return or drawdown"
donchian_atr,eth_short_regime_challenge_v1_donchian_atr,20261007T203647Z-194d4424b93c,fa70f4c9f40e475cac09e61f19197b21,827790540ac7604f,ETHUSDT,1h,SHORT_ONLY,wf_2_train,base,57,21,36,0,-352.7068875294877,-6.187840132096275,0.854507125406375,36.8421052631579,-49.02140855804638,DESCRIPTIVE_SAMPLE,without_top_5pct,3,529.3161720540905,"descriptive deletion of net PnL; no resimulation, return or drawdown"
donchian_atr,eth_short_regime_challenge_v1_donchian_atr,20261007T203647Z-194d4424b93c,fa70f4c9f40e475cac09e61f19197b21,827790540ac7604f,ETHUSDT,1h,SHORT_ONLY,wf_2_train,base,54,18,36,0,-760.259168179761,-14.078873484810389,0.6863903265700072,33.333333333333336,-52.49844167919224,DESCRIPTIVE_SAMPLE,without_top_10pct,6,936.868452704364,"descriptive deletion of net PnL; no resimulation, return or drawdown"
donchian_atr,eth_short_regime_challenge_v1_donchian_atr,20261007T203647Z-194d4424b93c,ce255f01ca544d7d92cf8ea130d38459,827790540ac7604f,ETHUSDT,1h,SHORT_ONLY,wf_2_train,adverse,58,23,35,0,14.21559883332769,0.24509653160909808,1.0058649170508622,39.6551724137931,-51.324952390059124,DESCRIPTIVE_SAMPLE,complete,0,0.0,"descriptive deletion of net PnL; no resimulation, return or drawdown"
donchian_atr,eth_short_regime_challenge_v1_donchian_atr,20261007T203647Z-194d4424b93c,ce255f01ca544d7d92cf8ea130d38459,827790540ac7604f,ETHUSDT,1h,SHORT_ONLY,wf_2_train,adverse,57,22,35,0,-174.06832628188073,-3.0538302856470305,0.9281847844192003,38.59649122807018,-51.6403963959509,DESCRIPTIVE_SAMPLE,without_best,1,188.28392511520832,"descriptive deletion of net PnL; no resimulation, return or drawdown"
donchian_atr,eth_short_regime_challenge_v1_donchian_atr,20261007T203647Z-194d4424b93c,ce255f01ca544d7d92cf8ea130d38459,827790540ac7604f,ETHUSDT,1h,SHORT_ONLY,wf_2_train,adverse,55,20,35,0,-496.1717488641859,-9.02130452480338,0.7952948599501005,36.36363636363637,-51.82500274991928,DESCRIPTIVE_SAMPLE,without_top_5pct,3,510.3873476975134,"descriptive deletion of net PnL; no resimulation, return or drawdown"
donchian_atr,eth_short_regime_challenge_v1_donchian_atr,20261007T203647Z-194d4424b93c,ce255f01ca544d7d92cf8ea130d38459,827790540ac7604f,ETHUSDT,1h,SHORT_ONLY,wf_2_train,adverse,52,17,35,0,-889.3179062857496,-17.10226742857211,0.6330948971362359,32.69230769230769,-55.124212711059414,DESCRIPTIVE_SAMPLE,without_top_10pct,6,903.5335051190773,"descriptive deletion of net PnL; no resimulation, return or drawdown"
donchian_atr,eth_short_regime_challenge_v1_donchian_atr,20261007T203647Z-194d4424b93c,aa4f0559f98d4bb281e19565ba809003,6719be4e317770b6,ETHUSDT,1h,SHORT_ONLY,wf_2_train,base,45,17,28,0,-32.12640530898413,-0.7139201179774252,0.9834853780277155,37.77777777777778,-50.414091187984084,DESCRIPTIVE_SAMPLE,complete,0,0.0,"descriptive deletion of net PnL; no resimulation, return or drawdown"
donchian_atr,eth_short_regime_challenge_v1_donchian_atr,20261007T203647Z-194d4424b93c,aa4f0559f98d4bb281e19565ba809003,6719be4e317770b6,ETHUSDT,1h,SHORT_ONLY,wf_2_train,base,44,16,28,0,-225.93661489930452,-5.134923065893284,0.8838569784302582,36.36363636363637,-51.70932807257486,DESCRIPTIVE_SAMPLE,without_best,1,193.81020959032045,"descriptive deletion of net PnL; no resimulation, return or drawdown"
donchian_atr,eth_short_regime_challenge_v1_donchian_atr,20261007T203647Z-194d4424b93c,aa4f0559f98d4bb281e19565ba809003,6719be4e317770b6,ETHUSDT,1h,SHORT_ONLY,wf_2_train,base,42,14,28,0,-554.7205140113026,-13.207631285983396,0.7148451717190382,33.333333333333336,-54.28450316455912,DESCRIPTIVE_SAMPLE,without_top_5pct,3,522.5941087023186,"descriptive deletion of net PnL; no resimulation, return or drawdown"
donchian_atr,eth_short_regime_challenge_v1_donchian_atr,20261007T203647Z-194d4424b93c,aa4f0559f98d4bb281e19565ba809003,6719be4e317770b6,ETHUSDT,1h,SHORT_ONLY,wf_2_train,base,40,12,28,0,-829.2660233086131,-20.731650582715325,0.5737146824337824,30.0,-56.8565701998471,DESCRIPTIVE_SAMPLE,without_top_10pct,5,797.1396179996291,"descriptive deletion of net PnL; no resimulation, return or drawdown"
donchian_atr,eth_short_regime_challenge_v1_donchian_atr,20261007T203647Z-194d4424b93c,5ef674c2299f474da6e8530362fee7dc,6719be4e317770b6,ETHUSDT,1h,SHORT_ONLY,wf_2_train,adverse,44,16,28,0,-225.5727629803376,-5.126653704098581,0.8871871279272862,36.36363636363637,-54.096005506009135,DESCRIPTIVE_SAMPLE,complete,0,0.0,"descriptive deletion of net PnL; no resimulation, return or drawdown"
donchian_atr,eth_short_regime_challenge_v1_donchian_atr,20261007T203647Z-194d4424b93c,5ef674c2299f474da6e8530362fee7dc,6719be4e317770b6,ETHUSDT,1h,SHORT_ONLY,wf_2_train,adverse,43,15,28,0,-409.2204702787866,-9.51675512276248,0.7953417072471617,34.883720930232556,-55.39408454185874,DESCRIPTIVE_SAMPLE,without_best,1,183.647707298449,"descriptive deletion of net PnL; no resimulation, return or drawdown"
donchian_atr,eth_short_regime_challenge_v1_donchian_atr,20261007T203647Z-194d4424b93c,5ef674c2299f474da6e8530362fee7dc,6719be4e317770b6,ETHUSDT,1h,SHORT_ONLY,wf_2_train,adverse,41,13,28,0,-728.0955316156491,-17.758427600381683,0.6358667288566636,31.70731707317073,-58.46714987814543,DESCRIPTIVE_SAMPLE,without_top_5pct,3,502.52276863531154,"descriptive deletion of net PnL; no resimulation, return or drawdown"
donchian_atr,eth_short_regime_challenge_v1_donchian_atr,20261007T203647Z-194d4424b93c,5ef674c2299f474da6e8530362fee7dc,6719be4e317770b6,ETHUSDT,1h,SHORT_ONLY,wf_2_train,adverse,39,11,28,0,-991.1481027857207,-25.41405391758258,0.5043095511738488,28.205128205128204,-61.152353288286136,DESCRIPTIVE_SAMPLE,without_top_10pct,5,765.575339805383,"descriptive deletion of net PnL; no resimulation, return or drawdown"
donchian_atr,eth_short_regime_challenge_v1_donchian_atr,20261007T203647Z-194d4424b93c,e21e6b91745744ed8e0a213b92615cce,4c4aa07c4c65af74,ETHUSDT,1h,SHORT_ONLY,wf_2_train,base,45,17,28,0,-32.12640530898413,-0.7139201179774252,0.9834853780277155,37.77777777777778,-50.414091187984084,DESCRIPTIVE_SAMPLE,complete,0,0.0,"descriptive deletion of net PnL; no resimulation, return or drawdown"
donchian_atr,eth_short_regime_challenge_v1_donchian_atr,20261007T203647Z-194d4424b93c,e21e6b91745744ed8e0a213b92615cce,4c4aa07c4c65af74,ETHUSDT,1h,SHORT_ONLY,wf_2_train,base,44,16,28,0,-225.93661489930452,-5.134923065893284,0.8838569784302582,36.36363636363637,-51.70932807257486,DESCRIPTIVE_SAMPLE,without_best,1,193.81020959032045,"descriptive deletion of net PnL; no resimulation, return or drawdown"
donchian_atr,eth_short_regime_challenge_v1_donchian_atr,20261007T203647Z-194d4424b93c,e21e6b91745744ed8e0a213b92615cce,4c4aa07c4c65af74,ETHUSDT,1h,SHORT_ONLY,wf_2_train,base,42,14,28,0,-554.7205140113026,-13.207631285983396,0.7148451717190382,33.333333333333336,-54.28450316455912,DESCRIPTIVE_SAMPLE,without_top_5pct,3,522.5941087023186,"descriptive deletion of net PnL; no resimulation, return or drawdown"
donchian_atr,eth_short_regime_challenge_v1_donchian_atr,20261007T203647Z-194d4424b93c,e21e6b91745744ed8e0a213b92615cce,4c4aa07c4c65af74,ETHUSDT,1h,SHORT_ONLY,wf_2_train,base,40,12,28,0,-829.2660233086131,-20.731650582715325,0.5737146824337824,30.0,-56.8565701998471,DESCRIPTIVE_SAMPLE,without_top_10pct,5,797.1396179996291,"descriptive deletion of net PnL; no resimulation, return or drawdown"
donchian_atr,eth_short_regime_challenge_v1_donchian_atr,20261007T203647Z-194d4424b93c,a5d2dce7d0684c89b4d1ecd20ae17696,4c4aa07c4c65af74,ETHUSDT,1h,SHORT_ONLY,wf_2_train,adverse,44,16,28,0,-225.5727629803376,-5.126653704098581,0.8871871279272862,36.36363636363637,-54.096005506009135,DESCRIPTIVE_SAMPLE,complete,0,0.0,"descriptive deletion of net PnL; no resimulation, return or drawdown"
donchian_atr,eth_short_regime_challenge_v1_donchian_atr,20261007T203647Z-194d4424b93c,a5d2dce7d0684c89b4d1ecd20ae17696,4c4aa07c4c65af74,ETHUSDT,1h,SHORT_ONLY,wf_2_train,adverse,43,15,28,0,-409.2204702787866,-9.51675512276248,0.7953417072471617,34.883720930232556,-55.39408454185874,DESCRIPTIVE_SAMPLE,without_best,1,183.647707298449,"descriptive deletion of net PnL; no resimulation, return or drawdown"
donchian_atr,eth_short_regime_challenge_v1_donchian_atr,20261007T203647Z-194d4424b93c,a5d2dce7d0684c89b4d1ecd20ae17696,4c4aa07c4c65af74,ETHUSDT,1h,SHORT_ONLY,wf_2_train,adverse,41,13,28,0,-728.0955316156491,-17.758427600381683,0.6358667288566636,31.70731707317073,-58.46714987814543,DESCRIPTIVE_SAMPLE,without_top_5pct,3,502.52276863531154,"descriptive deletion of net PnL; no resimulation, return or drawdown"
donchian_atr,eth_short_regime_challenge_v1_donchian_atr,20261007T203647Z-194d4424b93c,a5d2dce7d0684c89b4d1ecd20ae17696,4c4aa07c4c65af74,ETHUSDT,1h,SHORT_ONLY,wf_2_train,adverse,39,11,28,0,-991.1481027857207,-25.41405391758258,0.5043095511738488,28.205128205128204,-61.152353288286136,DESCRIPTIVE_SAMPLE,without_top_10pct,5,765.575339805383,"descriptive deletion of net PnL; no resimulation, return or drawdown"
donchian_atr,eth_short_regime_challenge_v1_donchian_atr,20261007T203647Z-194d4424b93c,1c2ce4dc85074ac0b1d9dd0dcb0fb795,db2f1a56c8656a10,ETHUSDT,1h,SHORT_ONLY,wf_2_train,base,45,17,28,0,-32.12640530898413,-0.7139201179774252,0.9834853780277155,37.77777777777778,-50.414091187984084,DESCRIPTIVE_SAMPLE,complete,0,0.0,"descriptive deletion of net PnL; no resimulation, return or drawdown"
donchian_atr,eth_short_regime_challenge_v1_donchian_atr,20261007T203647Z-194d4424b93c,1c2ce4dc85074ac0b1d9dd0dcb0fb795,db2f1a56c8656a10,ETHUSDT,1h,SHORT_ONLY,wf_2_train,base,44,16,28,0,-225.93661489930452,-5.134923065893284,0.8838569784302582,36.36363636363637,-51.70932807257486,DESCRIPTIVE_SAMPLE,without_best,1,193.81020959032045,"descriptive deletion of net PnL; no resimulation, return or drawdown"
donchian_atr,eth_short_regime_challenge_v1_donchian_atr,20261007T203647Z-194d4424b93c,1c2ce4dc85074ac0b1d9dd0dcb0fb795,db2f1a56c8656a10,ETHUSDT,1h,SHORT_ONLY,wf_2_train,base,42,14,28,0,-554.7205140113026,-13.207631285983396,0.7148451717190382,33.333333333333336,-54.28450316455912,DESCRIPTIVE_SAMPLE,without_top_5pct,3,522.5941087023186,"descriptive deletion of net PnL; no resimulation, return or drawdown"
donchian_atr,eth_short_regime_challenge_v1_donchian_atr,20261007T203647Z-194d4424b93c,1c2ce4dc85074ac0b1d9dd0dcb0fb795,db2f1a56c8656a10,ETHUSDT,1h,SHORT_ONLY,wf_2_train,base,40,12,28,0,-829.2660233086131,-20.731650582715325,0.5737146824337824,30.0,-56.8565701998471,DESCRIPTIVE_SAMPLE,without_top_10pct,5,797.1396179996291,"descriptive deletion of net PnL; no resimulation, return or drawdown"
donchian_atr,eth_short_regime_challenge_v1_donchian_atr,20261007T203647Z-194d4424b93c,9fd821f6c5d34c6390f892648f582015,db2f1a56c8656a10,ETHUSDT,1h,SHORT_ONLY,wf_2_train,adverse,44,16,28,0,-225.5727629803376,-5.126653704098581,0.8871871279272862,36.36363636363637,-54.096005506009135,DESCRIPTIVE_SAMPLE,complete,0,0.0,"descriptive deletion of net PnL; no resimulation, return or drawdown"
donchian_atr,eth_short_regime_challenge_v1_donchian_atr,20261007T203647Z-194d4424b93c,9fd821f6c5d34c6390f892648f582015,db2f1a56c8656a10,ETHUSDT,1h,SHORT_ONLY,wf_2_train,adverse,43,15,28,0,-409.2204702787866,-9.51675512276248,0.7953417072471617,34.883720930232556,-55.39408454185874,DESCRIPTIVE_SAMPLE,without_best,1,183.647707298449,"descriptive deletion of net PnL; no resimulation, return or drawdown"
donchian_atr,eth_short_regime_challenge_v1_donchian_atr,20261007T203647Z-194d4424b93c,9fd821f6c5d34c6390f892648f582015,db2f1a56c8656a10,ETHUSDT,1h,SHORT_ONLY,wf_2_train,adverse,41,13,28,0,-728.0955316156491,-17.758427600381683,0.6358667288566636,31.70731707317073,-58.46714987814543,DESCRIPTIVE_SAMPLE,without_top_5pct,3,502.52276863531154,"descriptive deletion of net PnL; no resimulation, return or drawdown"
donchian_atr,eth_short_regime_challenge_v1_donchian_atr,20261007T203647Z-194d4424b93c,9fd821f6c5d34c6390f892648f582015,db2f1a56c8656a10,ETHUSDT,1h,SHORT_ONLY,wf_2_train,adverse,39,11,28,0,-991.1481027857207,-25.41405391758258,0.5043095511738488,28.205128205128204,-61.152353288286136,DESCRIPTIVE_SAMPLE,without_top_10pct,5,765.575339805383,"descriptive deletion of net PnL; no resimulation, return or drawdown"
donchian_atr,eth_short_regime_challenge_v1_donchian_atr,20261007T203647Z-194d4424b93c,d78df0e943744a6eb0c82d0bcdd1395e,827790540ac7604f,ETHUSDT,1h,SHORT_ONLY,wf_2_test,base,20,10,10,0,445.35564531196053,22.267782265598026,1.4791245056765296,50.0,5.821849477886641,DESCRIPTIVE_SAMPLE,complete,0,0.0,"descriptive deletion of net PnL; no resimulation, return or drawdown"
donchian_atr,eth_short_regime_challenge_v1_donchian_atr,20261007T203647Z-194d4424b93c,d78df0e943744a6eb0c82d0bcdd1395e,827790540ac7604f,ETHUSDT,1h,SHORT_ONLY,wf_2_test,base,19,9,10,0,239.556956471842,12.608260866939053,1.2577212382040117,47.36842105263158,-62.66105119173671,INSUFFICIENT_SAMPLE,without_best,1,205.7986888401186,"descriptive deletion of net PnL; no resimulation, return or drawdown"
donchian_atr,eth_short_regime_challenge_v1_donchian_atr,20261007T203647Z-194d4424b93c,d78df0e943744a6eb0c82d0bcdd1395e,827790540ac7604f,ETHUSDT,1h,SHORT_ONLY,wf_2_test,base,19,9,10,0,239.556956471842,12.608260866939053,1.2577212382040117,47.36842105263158,-62.66105119173671,INSUFFICIENT_SAMPLE,without_top_5pct,1,205.7986888401186,"descriptive deletion of net PnL; no resimulation, return or drawdown"
donchian_atr,eth_short_regime_challenge_v1_donchian_atr,20261007T203647Z-194d4424b93c,d78df0e943744a6eb0c82d0bcdd1395e,827790540ac7604f,ETHUSDT,1h,SHORT_ONLY,wf_2_test,base,18,8,10,0,42.12222733390547,2.340123740772526,1.0453161233315342,44.44444444444444,-66.36875993166574,INSUFFICIENT_SAMPLE,without_top_10pct,2,403.23341797805506,"descriptive deletion of net PnL; no resimulation, return or drawdown"
donchian_atr,eth_short_regime_challenge_v1_donchian_atr,20261007T203647Z-194d4424b93c,8ea8dd9b21c24cd982648e98feb64eae,827790540ac7604f,ETHUSDT,1h,SHORT_ONLY,wf_2_test,adverse,20,10,10,0,388.8679561847088,19.443397809235442,1.4131110229262083,50.0,2.425148763271615,DESCRIPTIVE_SAMPLE,complete,0,0.0,"descriptive deletion of net PnL; no resimulation, return or drawdown"
donchian_atr,eth_short_regime_challenge_v1_donchian_atr,20261007T203647Z-194d4424b93c,8ea8dd9b21c24cd982648e98feb64eae,827790540ac7604f,ETHUSDT,1h,SHORT_ONLY,wf_2_test,adverse,19,9,10,0,188.77503309461144,9.935528057611128,1.20054377272372,47.36842105263158,-66.01557997916986,INSUFFICIENT_SAMPLE,without_best,1,200.0929230900973,"descriptive deletion of net PnL; no resimulation, return or drawdown"
donchian_atr,eth_short_regime_challenge_v1_donchian_atr,20261007T203647Z-194d4424b93c,8ea8dd9b21c24cd982648e98feb64eae,827790540ac7604f,ETHUSDT,1h,SHORT_ONLY,wf_2_test,adverse,19,9,10,0,188.77503309461144,9.935528057611128,1.20054377272372,47.36842105263158,-66.01557997916986,INSUFFICIENT_SAMPLE,without_top_5pct,1,200.0929230900973,"descriptive deletion of net PnL; no resimulation, return or drawdown"
donchian_atr,eth_short_regime_challenge_v1_donchian_atr,20261007T203647Z-194d4424b93c,8ea8dd9b21c24cd982648e98feb64eae,827790540ac7604f,ETHUSDT,1h,SHORT_ONLY,wf_2_test,adverse,18,8,10,0,0.8412586983573647,0.046736594353186924,1.000893705011937,44.44444444444444,-69.73569824499192,INSUFFICIENT_SAMPLE,without_top_10pct,2,388.02669748635134,"descriptive deletion of net PnL; no resimulation, return or drawdown"
donchian_atr,eth_short_regime_challenge_v1_donchian_atr,20261007T203647Z-194d4424b93c,1064c1671b344b0ab6a153af5b859f99,ff43266d9f6c730a,ETHUSDT,1h,SHORT_ONLY,wf_3_train,base,69,30,39,0,664.0669854267027,9.624159209082647,1.2241039710972794,43.47826086956522,-49.19822123071535,DESCRIPTIVE_SAMPLE,complete,0,0.0,"descriptive deletion of net PnL; no resimulation, return or drawdown"
donchian_atr,eth_short_regime_challenge_v1_donchian_atr,20261007T203647Z-194d4424b93c,1064c1671b344b0ab6a153af5b859f99,ff43266d9f6c730a,ETHUSDT,1h,SHORT_ONLY,wf_3_train,base,68,29,39,0,453.87851789435257,6.674684086681656,1.1531712620685597,42.64705882352941,-50.426821509303174,DESCRIPTIVE_SAMPLE,without_best,1,210.18846753235024,"descriptive deletion of net PnL; no resimulation, return or drawdown"
donchian_atr,eth_short_regime_challenge_v1_donchian_atr,20261007T203647Z-194d4424b93c,1064c1671b344b0ab6a153af5b859f99,ff43266d9f6c730a,ETHUSDT,1h,SHORT_ONLY,wf_3_train,base,65,26,39,0,-123.46028413288987,-1.8993889866598441,0.9583356189147083,40.0,-53.720157376581184,DESCRIPTIVE_SAMPLE,without_top_5pct,4,787.5272695595927,"descriptive deletion of net PnL; no resimulation, return or drawdown"
donchian_atr,eth_short_regime_challenge_v1_donchian_atr,20261007T203647Z-194d4424b93c,1064c1671b344b0ab6a153af5b859f99,ff43266d9f6c730a,ETHUSDT,1h,SHORT_ONLY,wf_3_train,base,62,23,39,0,-575.852646876649,-9.287945917365308,0.8056658925017731,37.096774193548384,-56.49139651194127,DESCRIPTIVE_SAMPLE,without_top_10pct,7,1239.9196323033518,"descriptive deletion of net PnL; no resimulation, return or drawdown"
donchian_atr,eth_short_regime_challenge_v1_donchian_atr,20261007T203647Z-194d4424b93c,02a3782c68ea48e39f635f722568993e,ff43266d9f6c730a,ETHUSDT,1h,SHORT_ONLY,wf_3_train,adverse,68,30,38,0,531.584006467598,7.817411859817618,1.1790684273303023,44.11764705882353,-52.54663614153934,DESCRIPTIVE_SAMPLE,complete,0,0.0,"descriptive deletion of net PnL; no resimulation, return or drawdown"
donchian_atr,eth_short_regime_challenge_v1_donchian_atr,20261007T203647Z-194d4424b93c,02a3782c68ea48e39f635f722568993e,ff43266d9f6c730a,ETHUSDT,1h,SHORT_ONLY,wf_3_train,adverse,67,29,38,0,328.66458673391185,4.90544159304346,1.1107133584712026,43.28358208955224,-52.61077473858921,DESCRIPTIVE_SAMPLE,without_best,1,202.919419733686,"descriptive deletion of net PnL; no resimulation, return or drawdown"
donchian_atr,eth_short_regime_challenge_v1_donchian_atr,20261007T203647Z-194d4424b93c,02a3782c68ea48e39f635f722568993e,ff43266d9f6c730a,ETHUSDT,1h,SHORT_ONLY,wf_3_train,adverse,64,26,38,0,-226.5100456683647,-3.5392194635681986,0.9236982355397084,40.625,-55.823631809997025,DESCRIPTIVE_SAMPLE,without_top_5pct,4,758.0940521359626,"descriptive deletion of net PnL; no resimulation, return or drawdown"
donchian_atr,eth_short_regime_challenge_v1_donchian_atr,20261007T203647Z-194d4424b93c,02a3782c68ea48e39f635f722568993e,ff43266d9f6c730a,ETHUSDT,1h,SHORT_ONLY,wf_3_train,adverse,61,23,38,0,-665.6008562181656,-10.911489446199436,0.7757868989612762,37.704918032786885,-59.56071065761866,DESCRIPTIVE_SAMPLE,without_top_10pct,7,1197.1848626857636,"descriptive deletion of net PnL; no resimulation, return or drawdown"
donchian_atr,eth_short_regime_challenge_v1_donchian_atr,20261007T203647Z-194d4424b93c,b754dbd495234661b690b1c04471b481,e0dd4c731d1d27f0,ETHUSDT,1h,SHORT_ONLY,wf_3_train,base,69,30,39,0,664.0669854267027,9.624159209082647,1.2241039710972794,43.47826086956522,-49.19822123071535,DESCRIPTIVE_SAMPLE,complete,0,0.0,"descriptive deletion of net PnL; no resimulation, return or drawdown"
donchian_atr,eth_short_regime_challenge_v1_donchian_atr,20261007T203647Z-194d4424b93c,b754dbd495234661b690b1c04471b481,e0dd4c731d1d27f0,ETHUSDT,1h,SHORT_ONLY,wf_3_train,base,68,29,39,0,453.87851789435257,6.674684086681656,1.1531712620685597,42.64705882352941,-50.426821509303174,DESCRIPTIVE_SAMPLE,without_best,1,210.18846753235024,"descriptive deletion of net PnL; no resimulation, return or drawdown"
donchian_atr,eth_short_regime_challenge_v1_donchian_atr,20261007T203647Z-194d4424b93c,b754dbd495234661b690b1c04471b481,e0dd4c731d1d27f0,ETHUSDT,1h,SHORT_ONLY,wf_3_train,base,65,26,39,0,-123.46028413288987,-1.8993889866598441,0.9583356189147083,40.0,-53.720157376581184,DESCRIPTIVE_SAMPLE,without_top_5pct,4,787.5272695595927,"descriptive deletion of net PnL; no resimulation, return or drawdown"
donchian_atr,eth_short_regime_challenge_v1_donchian_atr,20261007T203647Z-194d4424b93c,b754dbd495234661b690b1c04471b481,e0dd4c731d1d27f0,ETHUSDT,1h,SHORT_ONLY,wf_3_train,base,62,23,39,0,-575.852646876649,-9.287945917365308,0.8056658925017731,37.096774193548384,-56.49139651194127,DESCRIPTIVE_SAMPLE,without_top_10pct,7,1239.9196323033518,"descriptive deletion of net PnL; no resimulation, return or drawdown"
donchian_atr,eth_short_regime_challenge_v1_donchian_atr,20261007T203647Z-194d4424b93c,8a19a63d6df44da0ae8ab978e80376dc,e0dd4c731d1d27f0,ETHUSDT,1h,SHORT_ONLY,wf_3_train,adverse,68,30,38,0,531.584006467598,7.817411859817618,1.1790684273303023,44.11764705882353,-52.54663614153934,DESCRIPTIVE_SAMPLE,complete,0,0.0,"descriptive deletion of net PnL; no resimulation, return or drawdown"
donchian_atr,eth_short_regime_challenge_v1_donchian_atr,20261007T203647Z-194d4424b93c,8a19a63d6df44da0ae8ab978e80376dc,e0dd4c731d1d27f0,ETHUSDT,1h,SHORT_ONLY,wf_3_train,adverse,67,29,38,0,328.66458673391185,4.90544159304346,1.1107133584712026,43.28358208955224,-52.61077473858921,DESCRIPTIVE_SAMPLE,without_best,1,202.919419733686,"descriptive deletion of net PnL; no resimulation, return or drawdown"
donchian_atr,eth_short_regime_challenge_v1_donchian_atr,20261007T203647Z-194d4424b93c,8a19a63d6df44da0ae8ab978e80376dc,e0dd4c731d1d27f0,ETHUSDT,1h,SHORT_ONLY,wf_3_train,adverse,64,26,38,0,-226.5100456683647,-3.5392194635681986,0.9236982355397084,40.625,-55.823631809997025,DESCRIPTIVE_SAMPLE,without_top_5pct,4,758.0940521359626,"descriptive deletion of net PnL; no resimulation, return or drawdown"
donchian_atr,eth_short_regime_challenge_v1_donchian_atr,20261007T203647Z-194d4424b93c,8a19a63d6df44da0ae8ab978e80376dc,e0dd4c731d1d27f0,ETHUSDT,1h,SHORT_ONLY,wf_3_train,adverse,61,23,38,0,-665.6008562181656,-10.911489446199436,0.7757868989612762,37.704918032786885,-59.56071065761866,DESCRIPTIVE_SAMPLE,without_top_10pct,7,1197.1848626857636,"descriptive deletion of net PnL; no resimulation, return or drawdown"
donchian_atr,eth_short_regime_challenge_v1_donchian_atr,20261007T203647Z-194d4424b93c,9d658a5aaf5c42b9ac1cb1f769b0864e,827790540ac7604f,ETHUSDT,1h,SHORT_ONLY,wf_3_train,base,68,30,38,0,728.7760306361109,10.717294568178103,1.2501043076036302,44.11764705882353,-49.2795375451234,DESCRIPTIVE_SAMPLE,complete,0,0.0,"descriptive deletion of net PnL; no resimulation, return or drawdown"
donchian_atr,eth_short_regime_challenge_v1_donchian_atr,20261007T203647Z-194d4424b93c,9d658a5aaf5c42b9ac1cb1f769b0864e,827790540ac7604f,ETHUSDT,1h,SHORT_ONLY,wf_3_train,base,67,29,38,0,517.39352723441,7.722291451259851,1.1775612046057737,43.28358208955224,-49.4777468565127,DESCRIPTIVE_SAMPLE,without_best,1,211.3825034017011,"descriptive deletion of net PnL; no resimulation, return or drawdown"
donchian_atr,eth_short_regime_challenge_v1_donchian_atr,20261007T203647Z-194d4424b93c,9d658a5aaf5c42b9ac1cb1f769b0864e,827790540ac7604f,ETHUSDT,1h,SHORT_ONLY,wf_3_train,base,64,26,38,0,-61.090878510698616,-0.9545449767296659,0.9790345850734423,40.625,-52.9871362004733,DESCRIPTIVE_SAMPLE,without_top_5pct,4,789.8669091468096,"descriptive deletion of net PnL; no resimulation, return or drawdown"
donchian_atr,eth_short_regime_challenge_v1_donchian_atr,20261007T203647Z-194d4424b93c,9d658a5aaf5c42b9ac1cb1f769b0864e,827790540ac7604f,ETHUSDT,1h,SHORT_ONLY,wf_3_train,base,61,23,38,0,-515.9027466621255,-8.457422076428287,0.8229504075043212,37.704918032786885,-56.15246993367436,DESCRIPTIVE_SAMPLE,without_top_10pct,7,1244.6787772982366,"descriptive deletion of net PnL; no resimulation, return or drawdown"
donchian_atr,eth_short_regime_challenge_v1_donchian_atr,20261007T203647Z-194d4424b93c,25d86c9011ae4fb9b53c4ffbd61a52e0,827790540ac7604f,ETHUSDT,1h,SHORT_ONLY,wf_3_train,adverse,67,30,37,0,599.1266549991763,8.94218888058472,1.205417651578568,44.776119402985074,-52.61077473858921,DESCRIPTIVE_SAMPLE,complete,0,0.0,"descriptive deletion of net PnL; no resimulation, return or drawdown"
donchian_atr,eth_short_regime_challenge_v1_donchian_atr,20261007T203647Z-194d4424b93c,25d86c9011ae4fb9b53c4ffbd61a52e0,827790540ac7604f,ETHUSDT,1h,SHORT_ONLY,wf_3_train,adverse,66,29,37,0,394.984320062764,5.984610910041879,1.1354250403660677,43.93939393939394,-52.70479648890864,DESCRIPTIVE_SAMPLE,without_best,1,204.14233493641203,"descriptive deletion of net PnL; no resimulation, return or drawdown"
donchian_atr,eth_short_regime_challenge_v1_donchian_atr,20261007T203647Z-194d4424b93c,25d86c9011ae4fb9b53c4ffbd61a52e0,827790540ac7604f,ETHUSDT,1h,SHORT_ONLY,wf_3_train,adverse,63,26,37,0,-161.33887591741995,-2.5609345383717455,0.9446830603800663,41.26984126984127,-55.10960779641323,DESCRIPTIVE_SAMPLE,without_top_5pct,4,760.465530916596,"descriptive deletion of net PnL; no resimulation, return or drawdown"
donchian_atr,eth_short_regime_challenge_v1_donchian_atr,20261007T203647Z-194d4424b93c,25d86c9011ae4fb9b53c4ffbd61a52e0,827790540ac7604f,ETHUSDT,1h,SHORT_ONLY,wf_3_train,adverse,60,23,37,0,-602.2926147680913,-10.038210246134856,0.7934968617129103,38.333333333333336,-58.385590333068194,DESCRIPTIVE_SAMPLE,without_top_10pct,7,1201.4192697672675,"descriptive deletion of net PnL; no resimulation, return or drawdown"
donchian_atr,eth_short_regime_challenge_v1_donchian_atr,20261007T203647Z-194d4424b93c,485d80c104bc4b80bae38ad185a1914e,6719be4e317770b6,ETHUSDT,1h,SHORT_ONLY,wf_3_train,base,52,22,30,0,520.0661108841331,10.001271363156405,1.2258555172194519,42.30769230769231,-49.56526228767004,DESCRIPTIVE_SAMPLE,complete,0,0.0,"descriptive deletion of net PnL; no resimulation, return or drawdown"
donchian_atr,eth_short_regime_challenge_v1_donchian_atr,20261007T203647Z-194d4424b93c,485d80c104bc4b80bae38ad185a1914e,6719be4e317770b6,ETHUSDT,1h,SHORT_ONLY,wf_3_train,base,51,21,30,0,316.1008474538988,6.198055832429388,1.1372770094052778,41.1764705882353,-50.94760576417244,DESCRIPTIVE_SAMPLE,without_best,1,203.9652634302341,"descriptive deletion of net PnL; no resimulation, return or drawdown"
donchian_atr,eth_short_regime_challenge_v1_donchian_atr,20261007T203647Z-194d4424b93c,485d80c104bc4b80bae38ad185a1914e,6719be4e317770b6,ETHUSDT,1h,SHORT_ONLY,wf_3_train,base,49,19,30,0,-75.4362457310459,-1.5395152190009367,0.9672393721872894,38.775510204081634,-53.565516215830705,DESCRIPTIVE_SAMPLE,without_top_5pct,3,595.502356615179,"descriptive deletion of net PnL; no resimulation, return or drawdown"
donchian_atr,eth_short_regime_challenge_v1_donchian_atr,20261007T203647Z-194d4424b93c,485d80c104bc4b80bae38ad185a1914e,6719be4e317770b6,ETHUSDT,1h,SHORT_ONLY,wf_3_train,base,46,16,30,0,-569.3264636636087,-12.376662253556711,0.7527515824884935,34.78260869565217,-60.05639343868169,DESCRIPTIVE_SAMPLE,without_top_10pct,6,1089.3925745477418,"descriptive deletion of net PnL; no resimulation, return or drawdown"
donchian_atr,eth_short_regime_challenge_v1_donchian_atr,20261007T203647Z-194d4424b93c,cdcc9ede235b42518f19491eedc120fc,6719be4e317770b6,ETHUSDT,1h,SHORT_ONLY,wf_3_train,adverse,52,22,30,0,357.73739514811706,6.879565291309944,1.151818476313372,42.30769230769231,-52.54820939381805,DESCRIPTIVE_SAMPLE,complete,0,0.0,"descriptive deletion of net PnL; no resimulation, return or drawdown"
donchian_atr,eth_short_regime_challenge_v1_donchian_atr,20261007T203647Z-194d4424b93c,cdcc9ede235b42518f19491eedc120fc,6719be4e317770b6,ETHUSDT,1h,SHORT_ONLY,wf_3_train,adverse,51,21,30,0,161.5180998090275,3.167021564882892,1.0685459002682256,41.1764705882353,-53.78546088544065,DESCRIPTIVE_SAMPLE,without_best,1,196.21929533908963,"descriptive deletion of net PnL; no resimulation, return or drawdown"
donchian_atr,eth_short_regime_challenge_v1_donchian_atr,20261007T203647Z-194d4424b93c,cdcc9ede235b42518f19491eedc120fc,6719be4e317770b6,ETHUSDT,1h,SHORT_ONLY,wf_3_train,adverse,49,19,30,0,-209.86053999347575,-4.282868163132158,0.9109382808388834,38.775510204081634,-56.43022264552708,DESCRIPTIVE_SAMPLE,without_top_5pct,3,567.5979351415929,"descriptive deletion of net PnL; no resimulation, return or drawdown"
donchian_atr,eth_short_regime_challenge_v1_donchian_atr,20261007T203647Z-194d4424b93c,cdcc9ede235b42518f19491eedc120fc,6719be4e317770b6,ETHUSDT,1h,SHORT_ONLY,wf_3_train,adverse,46,16,30,0,-690.5055556269568,-15.010990339716454,0.7069596224409288,34.78260869565217,-63.33122470129511,DESCRIPTIVE_SAMPLE,without_top_10pct,6,1048.242950775074,"descriptive deletion of net PnL; no resimulation, return or drawdown"
donchian_atr,eth_short_regime_challenge_v1_donchian_atr,20261007T203647Z-194d4424b93c,b07fc2f337b24f67a5b5837a38919e08,4c4aa07c4c65af74,ETHUSDT,1h,SHORT_ONLY,wf_3_train,base,52,22,30,0,520.0661108841331,10.001271363156405,1.2258555172194519,42.30769230769231,-49.56526228767004,DESCRIPTIVE_SAMPLE,complete,0,0.0,"descriptive deletion of net PnL; no resimulation, return or drawdown"
donchian_atr,eth_short_regime_challenge_v1_donchian_atr,20261007T203647Z-194d4424b93c,b07fc2f337b24f67a5b5837a38919e08,4c4aa07c4c65af74,ETHUSDT,1h,SHORT_ONLY,wf_3_train,base,51,21,30,0,316.1008474538988,6.198055832429388,1.1372770094052778,41.1764705882353,-50.94760576417244,DESCRIPTIVE_SAMPLE,without_best,1,203.9652634302341,"descriptive deletion of net PnL; no resimulation, return or drawdown"
donchian_atr,eth_short_regime_challenge_v1_donchian_atr,20261007T203647Z-194d4424b93c,b07fc2f337b24f67a5b5837a38919e08,4c4aa07c4c65af74,ETHUSDT,1h,SHORT_ONLY,wf_3_train,base,49,19,30,0,-75.4362457310459,-1.5395152190009367,0.9672393721872894,38.775510204081634,-53.565516215830705,DESCRIPTIVE_SAMPLE,without_top_5pct,3,595.502356615179,"descriptive deletion of net PnL; no resimulation, return or drawdown"
donchian_atr,eth_short_regime_challenge_v1_donchian_atr,20261007T203647Z-194d4424b93c,b07fc2f337b24f67a5b5837a38919e08,4c4aa07c4c65af74,ETHUSDT,1h,SHORT_ONLY,wf_3_train,base,46,16,30,0,-569.3264636636087,-12.376662253556711,0.7527515824884935,34.78260869565217,-60.05639343868169,DESCRIPTIVE_SAMPLE,without_top_10pct,6,1089.3925745477418,"descriptive deletion of net PnL; no resimulation, return or drawdown"
donchian_atr,eth_short_regime_challenge_v1_donchian_atr,20261007T203647Z-194d4424b93c,cb85e72f6d934a73a2dc8d2552df6671,4c4aa07c4c65af74,ETHUSDT,1h,SHORT_ONLY,wf_3_train,adverse,52,22,30,0,357.73739514811706,6.879565291309944,1.151818476313372,42.30769230769231,-52.54820939381805,DESCRIPTIVE_SAMPLE,complete,0,0.0,"descriptive deletion of net PnL; no resimulation, return or drawdown"
donchian_atr,eth_short_regime_challenge_v1_donchian_atr,20261007T203647Z-194d4424b93c,cb85e72f6d934a73a2dc8d2552df6671,4c4aa07c4c65af74,ETHUSDT,1h,SHORT_ONLY,wf_3_train,adverse,51,21,30,0,161.5180998090275,3.167021564882892,1.0685459002682256,41.1764705882353,-53.78546088544065,DESCRIPTIVE_SAMPLE,without_best,1,196.21929533908963,"descriptive deletion of net PnL; no resimulation, return or drawdown"
donchian_atr,eth_short_regime_challenge_v1_donchian_atr,20261007T203647Z-194d4424b93c,cb85e72f6d934a73a2dc8d2552df6671,4c4aa07c4c65af74,ETHUSDT,1h,SHORT_ONLY,wf_3_train,adverse,49,19,30,0,-209.86053999347575,-4.282868163132158,0.9109382808388834,38.775510204081634,-56.43022264552708,DESCRIPTIVE_SAMPLE,without_top_5pct,3,567.5979351415929,"descriptive deletion of net PnL; no resimulation, return or drawdown"
donchian_atr,eth_short_regime_challenge_v1_donchian_atr,20261007T203647Z-194d4424b93c,cb85e72f6d934a73a2dc8d2552df6671,4c4aa07c4c65af74,ETHUSDT,1h,SHORT_ONLY,wf_3_train,adverse,46,16,30,0,-690.5055556269568,-15.010990339716454,0.7069596224409288,34.78260869565217,-63.33122470129511,DESCRIPTIVE_SAMPLE,without_top_10pct,6,1048.242950775074,"descriptive deletion of net PnL; no resimulation, return or drawdown"
donchian_atr,eth_short_regime_challenge_v1_donchian_atr,20261007T203647Z-194d4424b93c,c6bbf12666d7449ba2377de589947e09,db2f1a56c8656a10,ETHUSDT,1h,SHORT_ONLY,wf_3_train,base,52,22,30,0,524.1066455899859,10.078973953653575,1.2275940542128387,42.30769230769231,-49.56526228767004,DESCRIPTIVE_SAMPLE,complete,0,0.0,"descriptive deletion of net PnL; no resimulation, return or drawdown"
donchian_atr,eth_short_regime_challenge_v1_donchian_atr,20261007T203647Z-194d4424b93c,c6bbf12666d7449ba2377de589947e09,db2f1a56c8656a10,ETHUSDT,1h,SHORT_ONLY,wf_3_train,base,51,21,30,0,320.1413821597515,6.277282003132383,1.1390218492746238,41.1764705882353,-50.94760576417244,DESCRIPTIVE_SAMPLE,without_best,1,203.9652634302341,"descriptive deletion of net PnL; no resimulation, return or drawdown"
donchian_atr,eth_short_regime_challenge_v1_donchian_atr,20261007T203647Z-194d4424b93c,c6bbf12666d7449ba2377de589947e09,db2f1a56c8656a10,ETHUSDT,1h,SHORT_ONLY,wf_3_train,base,49,19,30,0,-71.39571102519317,-1.4570553270447584,0.9689963112233769,38.775510204081634,-53.565516215830705,DESCRIPTIVE_SAMPLE,without_top_5pct,3,595.502356615179,"descriptive deletion of net PnL; no resimulation, return or drawdown"
donchian_atr,eth_short_regime_challenge_v1_donchian_atr,20261007T203647Z-194d4424b93c,c6bbf12666d7449ba2377de589947e09,db2f1a56c8656a10,ETHUSDT,1h,SHORT_ONLY,wf_3_train,base,46,16,30,0,-565.3478960272621,-12.290171652766567,0.7544968742903473,34.78260869565217,-60.05639343868169,DESCRIPTIVE_SAMPLE,without_top_10pct,6,1089.4545416172477,"descriptive deletion of net PnL; no resimulation, return or drawdown"
donchian_atr,eth_short_regime_challenge_v1_donchian_atr,20261007T203647Z-194d4424b93c,2b1bfadafd5c40d9ac566765d8707ce4,db2f1a56c8656a10,ETHUSDT,1h,SHORT_ONLY,wf_3_train,adverse,52,22,30,0,361.71987382527846,6.956151419716893,1.1534980531702559,42.30769230769231,-52.54820939381805,DESCRIPTIVE_SAMPLE,complete,0,0.0,"descriptive deletion of net PnL; no resimulation, return or drawdown"
donchian_atr,eth_short_regime_challenge_v1_donchian_atr,20261007T203647Z-194d4424b93c,2b1bfadafd5c40d9ac566765d8707ce4,db2f1a56c8656a10,ETHUSDT,1h,SHORT_ONLY,wf_3_train,adverse,51,21,30,0,165.50057848618877,3.245109382082133,1.0702311883710651,41.1764705882353,-53.78546088544065,DESCRIPTIVE_SAMPLE,without_best,1,196.21929533908963,"descriptive deletion of net PnL; no resimulation, return or drawdown"
donchian_atr,eth_short_regime_challenge_v1_donchian_atr,20261007T203647Z-194d4424b93c,2b1bfadafd5c40d9ac566765d8707ce4,db2f1a56c8656a10,ETHUSDT,1h,SHORT_ONLY,wf_3_train,adverse,49,19,30,0,-205.87806131631447,-4.2015930880880505,0.912634378453351,38.775510204081634,-56.43022264552708,DESCRIPTIVE_SAMPLE,without_top_5pct,3,567.5979351415929,"descriptive deletion of net PnL; no resimulation, return or drawdown"
donchian_atr,eth_short_regime_challenge_v1_donchian_atr,20261007T203647Z-194d4424b93c,2b1bfadafd5c40d9ac566765d8707ce4,db2f1a56c8656a10,ETHUSDT,1h,SHORT_ONLY,wf_3_train,adverse,46,16,30,0,-686.5829749456819,-14.92571684664526,0.7086442918397377,34.78260869565217,-63.33122470129511,DESCRIPTIVE_SAMPLE,without_top_10pct,6,1048.3028487709603,"descriptive deletion of net PnL; no resimulation, return or drawdown"
donchian_atr,eth_short_regime_challenge_v1_donchian_atr,20261007T203647Z-194d4424b93c,85269354ed7d49a1a9dfa2c07d0d48c2,827790540ac7604f,ETHUSDT,1h,SHORT_ONLY,wf_3_test,base,11,5,6,0,227.37573967714275,20.67052178883116,1.4690955502747867,45.45454545454545,-36.4843008866471,INSUFFICIENT_SAMPLE,complete,0,0.0,"descriptive deletion of net PnL; no resimulation, return or drawdown"
donchian_atr,eth_short_regime_challenge_v1_donchian_atr,20261007T203647Z-194d4424b93c,85269354ed7d49a1a9dfa2c07d0d48c2,827790540ac7604f,ETHUSDT,1h,SHORT_ONLY,wf_3_test,base,10,4,6,0,46.78942080830571,4.678942080830571,1.0965305671232837,40.0,-56.7761374694056,INSUFFICIENT_SAMPLE,without_best,1,180.58631886883705,"descriptive deletion of net PnL; no resimulation, return or drawdown"
donchian_atr,eth_short_regime_challenge_v1_donchian_atr,20261007T203647Z-194d4424b93c,85269354ed7d49a1a9dfa2c07d0d48c2,827790540ac7604f,ETHUSDT,1h,SHORT_ONLY,wf_3_test,base,10,4,6,0,46.78942080830571,4.678942080830571,1.0965305671232837,40.0,-56.7761374694056,INSUFFICIENT_SAMPLE,without_top_5pct,1,180.58631886883705,"descriptive deletion of net PnL; no resimulation, return or drawdown"
donchian_atr,eth_short_regime_challenge_v1_donchian_atr,20261007T203647Z-194d4424b93c,85269354ed7d49a1a9dfa2c07d0d48c2,827790540ac7604f,ETHUSDT,1h,SHORT_ONLY,wf_3_test,base,9,3,6,0,-116.0622044306783,-12.895800492297589,0.7605537700248023,33.333333333333336,-77.0679740521641,INSUFFICIENT_SAMPLE,without_top_10pct,2,343.4379441078211,"descriptive deletion of net PnL; no resimulation, return or drawdown"
donchian_atr,eth_short_regime_challenge_v1_donchian_atr,20261007T203647Z-194d4424b93c,687893e238ab49a1aceb108af9d3e92f,827790540ac7604f,ETHUSDT,1h,SHORT_ONLY,wf_3_test,adverse,11,5,6,0,193.309913979489,17.57362854358991,1.3855454142001842,45.45454545454545,-39.891705736103134,INSUFFICIENT_SAMPLE,complete,0,0.0,"descriptive deletion of net PnL; no resimulation, return or drawdown"
donchian_atr,eth_short_regime_challenge_v1_donchian_atr,20261007T203647Z-194d4424b93c,687893e238ab49a1aceb108af9d3e92f,827790540ac7604f,ETHUSDT,1h,SHORT_ONLY,wf_3_test,adverse,10,4,6,0,15.966047173944077,1.5966047173944076,1.0318433552842567,40.0,-60.157915887605625,INSUFFICIENT_SAMPLE,without_best,1,177.3438668055448,"descriptive deletion of net PnL; no resimulation, return or drawdown"
donchian_atr,eth_short_regime_challenge_v1_donchian_atr,20261007T203647Z-194d4424b93c,687893e238ab49a1aceb108af9d3e92f,827790540ac7604f,ETHUSDT,1h,SHORT_ONLY,wf_3_test,adverse,10,4,6,0,15.966047173944077,1.5966047173944076,1.0318433552842567,40.0,-60.157915887605625,INSUFFICIENT_SAMPLE,without_top_5pct,1,177.3438668055448,"descriptive deletion of net PnL; no resimulation, return or drawdown"
donchian_atr,eth_short_regime_challenge_v1_donchian_atr,20261007T203647Z-194d4424b93c,687893e238ab49a1aceb108af9d3e92f,827790540ac7604f,ETHUSDT,1h,SHORT_ONLY,wf_3_test,adverse,9,3,6,0,-143.51907947547454,-15.946564386163837,0.7137595180562127,33.333333333333336,-80.42412603910812,INSUFFICIENT_SAMPLE,without_top_10pct,2,336.8289934549635,"descriptive deletion of net PnL; no resimulation, return or drawdown"
donchian,eth_short_regime_challenge_v1_donchian,20261007T203717Z-2caf5e37e706,d4337e71132e4ebe93e0355b613abd7d,30db84831e4aaa26,ETHUSDT,1h,SHORT_ONLY,train,base,90,25,65,0,-1100.037393753701,-12.222637708374457,0.6138423805599607,27.77777777777778,-32.46519752685612,DESCRIPTIVE_SAMPLE,complete,0,0.0,"descriptive deletion of net PnL; no resimulation, return or drawdown"
donchian,eth_short_regime_challenge_v1_donchian,20261007T203717Z-2caf5e37e706,d4337e71132e4ebe93e0355b613abd7d,30db84831e4aaa26,ETHUSDT,1h,SHORT_ONLY,train,base,89,24,65,0,-1260.047426193062,-14.157836249360246,0.5576723870995913,26.96629213483146,-32.841223377367484,DESCRIPTIVE_SAMPLE,without_best,1,160.01003243936086,"descriptive deletion of net PnL; no resimulation, return or drawdown"
donchian,eth_short_regime_challenge_v1_donchian,20261007T203717Z-2caf5e37e706,d4337e71132e4ebe93e0355b613abd7d,30db84831e4aaa26,ETHUSDT,1h,SHORT_ONLY,train,base,85,20,65,0,-1719.0094776554208,-20.223640913593186,0.3965581429726289,23.529411764705884,-33.51089376045783,DESCRIPTIVE_SAMPLE,without_top_5pct,5,618.9720839017197,"descriptive deletion of net PnL; no resimulation, return or drawdown"
donchian,eth_short_regime_challenge_v1_donchian,20261007T203717Z-2caf5e37e706,d4337e71132e4ebe93e0355b613abd7d,30db84831e4aaa26,ETHUSDT,1h,SHORT_ONLY,train,base,81,16,65,0,-2073.0538139432256,-25.593256962262043,0.2722742605760469,19.753086419753085,-34.67459753417308,DESCRIPTIVE_SAMPLE,without_top_10pct,9,973.0164201895245,"descriptive deletion of net PnL; no resimulation, return or drawdown"
donchian,eth_short_regime_challenge_v1_donchian,20261007T203717Z-2caf5e37e706,01ef2f871d024956bf100dadab52566a,30db84831e4aaa26,ETHUSDT,1h,SHORT_ONLY,train,adverse,89,25,64,0,-1283.7754325533958,-14.424443062397707,0.5616795717059292,28.089887640449437,-34.446549488760034,DESCRIPTIVE_SAMPLE,complete,0,0.0,"descriptive deletion of net PnL; no resimulation, return or drawdown"
donchian,eth_short_regime_challenge_v1_donchian,20261007T203717Z-2caf5e37e706,01ef2f871d024956bf100dadab52566a,30db84831e4aaa26,ETHUSDT,1h,SHORT_ONLY,train,adverse,88,24,64,0,-1437.4272393821425,-16.334400447524345,0.5092181177245431,27.272727272727273,-35.05139631932329,DESCRIPTIVE_SAMPLE,without_best,1,153.65180682874646,"descriptive deletion of net PnL; no resimulation, return or drawdown"
donchian,eth_short_regime_challenge_v1_donchian,20261007T203717Z-2caf5e37e706,01ef2f871d024956bf100dadab52566a,30db84831e4aaa26,ETHUSDT,1h,SHORT_ONLY,train,adverse,84,20,64,0,-1875.6903661830077,-22.329647216464377,0.3595816029777444,23.80952380952381,-36.09609516996516,DESCRIPTIVE_SAMPLE,without_top_5pct,5,591.9149336296118,"descriptive deletion of net PnL; no resimulation, return or drawdown"
donchian,eth_short_regime_challenge_v1_donchian,20261007T203717Z-2caf5e37e706,01ef2f871d024956bf100dadab52566a,30db84831e4aaa26,ETHUSDT,1h,SHORT_ONLY,train,adverse,80,16,64,0,-2211.810939147532,-27.647636739344147,0.24481969854775676,20.0,-36.944183391389885,DESCRIPTIVE_SAMPLE,without_top_10pct,9,928.0355065941365,"descriptive deletion of net PnL; no resimulation, return or drawdown"
donchian,eth_short_regime_challenge_v1_donchian,20261007T203717Z-2caf5e37e706,65b87666fc2f47e3b78a98c56e0eb247,41d7ee3faad0311a,ETHUSDT,1h,SHORT_ONLY,train,base,77,22,55,0,-958.8146209377561,-12.452137934256573,0.6211967685020285,28.571428571428573,-33.91745699096757,DESCRIPTIVE_SAMPLE,complete,0,0.0,"descriptive deletion of net PnL; no resimulation, return or drawdown"
donchian,eth_short_regime_challenge_v1_donchian,20261007T203717Z-2caf5e37e706,65b87666fc2f47e3b78a98c56e0eb247,41d7ee3faad0311a,ETHUSDT,1h,SHORT_ONLY,train,base,76,21,55,0,-1119.1790446322486,-14.72604006095064,0.5578408698890397,27.63157894736842,-34.18697920066604,DESCRIPTIVE_SAMPLE,without_best,1,160.36442369449256,"descriptive deletion of net PnL; no resimulation, return or drawdown"
donchian,eth_short_regime_challenge_v1_donchian,20261007T203717Z-2caf5e37e706,65b87666fc2f47e3b78a98c56e0eb247,41d7ee3faad0311a,ETHUSDT,1h,SHORT_ONLY,train,base,73,18,55,0,-1481.7521969538302,-20.2979753007374,0.41459745374307594,24.65753424657534,-34.67459753417308,DESCRIPTIVE_SAMPLE,without_top_5pct,4,522.9375760160742,"descriptive deletion of net PnL; no resimulation, return or drawdown"
donchian,eth_short_regime_challenge_v1_donchian,20261007T203717Z-2caf5e37e706,65b87666fc2f47e3b78a98c56e0eb247,41d7ee3faad0311a,ETHUSDT,1h,SHORT_ONLY,train,base,69,14,55,0,-1834.40865199323,-26.585632637583043,0.275271872071313,20.28985507246377,-36.431255298835886,DESCRIPTIVE_SAMPLE,without_top_10pct,8,875.5940310554741,"descriptive deletion of net PnL; no resimulation, return or drawdown"
donchian,eth_short_regime_challenge_v1_donchian,20261007T203717Z-2caf5e37e706,3efdded996b849e3a0ed78ffa0961299,41d7ee3faad0311a,ETHUSDT,1h,SHORT_ONLY,train,adverse,76,22,54,0,-1106.4518602611781,-14.558577108699712,0.5730206703722142,28.94736842105263,-36.60694292750127,DESCRIPTIVE_SAMPLE,complete,0,0.0,"descriptive deletion of net PnL; no resimulation, return or drawdown"
donchian,eth_short_regime_challenge_v1_donchian,20261007T203717Z-2caf5e37e706,3efdded996b849e3a0ed78ffa0961299,41d7ee3faad0311a,ETHUSDT,1h,SHORT_ONLY,train,adverse,75,21,54,0,-1261.015884122374,-16.813545121631652,0.5133744754828603,28.0,-36.95117890785532,DESCRIPTIVE_SAMPLE,without_best,1,154.5640238611955,"descriptive deletion of net PnL; no resimulation, return or drawdown"
donchian,eth_short_regime_challenge_v1_donchian,20261007T203717Z-2caf5e37e706,3efdded996b849e3a0ed78ffa0961299,41d7ee3faad0311a,ETHUSDT,1h,SHORT_ONLY,train,adverse,72,18,54,0,-1608.942800317395,-22.34642778218604,0.3791096179034748,25.0,-37.64215081452188,DESCRIPTIVE_SAMPLE,without_top_5pct,4,502.49094005621674,"descriptive deletion of net PnL; no resimulation, return or drawdown"
donchian,eth_short_regime_challenge_v1_donchian,20261007T203717Z-2caf5e37e706,3efdded996b849e3a0ed78ffa0961299,41d7ee3faad0311a,ETHUSDT,1h,SHORT_ONLY,train,adverse,68,14,54,0,-1944.7406364854617,-28.599127007139142,0.2495253674475557,20.58823529411765,-39.30342451832292,DESCRIPTIVE_SAMPLE,without_top_10pct,8,838.2887762242831,"descriptive deletion of net PnL; no resimulation, return or drawdown"
donchian,eth_short_regime_challenge_v1_donchian,20261007T203717Z-2caf5e37e706,dd59ca9822164f68b5f6185b9705708a,b5bd78a75b1c644c,ETHUSDT,1h,SHORT_ONLY,train,base,71,21,50,0,-798.6133337780697,-11.248075123634784,0.6545563009589709,29.577464788732396,-33.91745699096757,DESCRIPTIVE_SAMPLE,complete,0,0.0,"descriptive deletion of net PnL; no resimulation, return or drawdown"
donchian,eth_short_regime_challenge_v1_donchian,20261007T203717Z-2caf5e37e706,dd59ca9822164f68b5f6185b9705708a,b5bd78a75b1c644c,ETHUSDT,1h,SHORT_ONLY,train,base,70,20,50,0,-960.9222612499196,-13.727460874998853,0.5843488627385127,28.571428571428573,-34.29602726257033,DESCRIPTIVE_SAMPLE,without_best,1,162.3089274718499,"descriptive deletion of net PnL; no resimulation, return or drawdown"
donchian,eth_short_regime_challenge_v1_donchian,20261007T203717Z-2caf5e37e706,dd59ca9822164f68b5f6185b9705708a,b5bd78a75b1c644c,ETHUSDT,1h,SHORT_ONLY,train,base,67,17,50,0,-1325.668794912717,-19.786101416607718,0.4265761503737021,25.37313432835821,-34.74704858749696,DESCRIPTIVE_SAMPLE,without_top_5pct,4,527.0554611346473,"descriptive deletion of net PnL; no resimulation, return or drawdown"
donchian,eth_short_regime_challenge_v1_donchian,20261007T203717Z-2caf5e37e706,dd59ca9822164f68b5f6185b9705708a,b5bd78a75b1c644c,ETHUSDT,1h,SHORT_ONLY,train,base,63,13,50,0,-1683.0164542714003,-26.714546893196832,0.27200385352945555,20.634920634920636,-36.974937738028316,DESCRIPTIVE_SAMPLE,without_top_10pct,8,884.4031204933308,"descriptive deletion of net PnL; no resimulation, return or drawdown"
donchian,eth_short_regime_challenge_v1_donchian,20261007T203717Z-2caf5e37e706,030cb3e4bad34ba983846fc118500ac2,b5bd78a75b1c644c,ETHUSDT,1h,SHORT_ONLY,train,adverse,70,21,49,0,-930.3825771674517,-13.29117967382074,0.6059651099176206,30.0,-36.58301159067466,DESCRIPTIVE_SAMPLE,complete,0,0.0,"descriptive deletion of net PnL; no resimulation, return or drawdown"
donchian,eth_short_regime_challenge_v1_donchian,20261007T203717Z-2caf5e37e706,030cb3e4bad34ba983846fc118500ac2,b5bd78a75b1c644c,ETHUSDT,1h,SHORT_ONLY,train,adverse,69,20,49,0,-1087.0866826660226,-15.754879458927864,0.5395979116263808,28.985507246376812,-36.95117890785532,DESCRIPTIVE_SAMPLE,without_best,1,156.70410549857104,"descriptive deletion of net PnL; no resimulation, return or drawdown"
donchian,eth_short_regime_challenge_v1_donchian,20261007T203717Z-2caf5e37e706,030cb3e4bad34ba983846fc118500ac2,b5bd78a75b1c644c,ETHUSDT,1h,SHORT_ONLY,train,adverse,66,17,49,0,-1437.567100467851,-21.78131970405835,0.3911627234643027,25.757575757575758,-37.811889413659685,DESCRIPTIVE_SAMPLE,without_top_5pct,4,507.1845233003995,"descriptive deletion of net PnL; no resimulation, return or drawdown"
donchian,eth_short_regime_challenge_v1_donchian,20261007T203717Z-2caf5e37e706,030cb3e4bad34ba983846fc118500ac2,b5bd78a75b1c644c,ETHUSDT,1h,SHORT_ONLY,train,adverse,63,14,49,0,-1706.9629868721477,-27.094650585272184,0.2770683916345519,22.22222222222222,-39.68627167082673,DESCRIPTIVE_SAMPLE,without_top_10pct,7,776.5804097046957,"descriptive deletion of net PnL; no resimulation, return or drawdown"
donchian,eth_short_regime_challenge_v1_donchian,20261007T203717Z-2caf5e37e706,16f84602d4344f9ab5105c7b075c0d3e,30db84831e4aaa26,ETHUSDT,1h,SHORT_ONLY,validation,base,59,25,34,0,281.3369213074496,4.768422395041519,1.1284812860609965,42.3728813559322,-46.85392998227535,DESCRIPTIVE_SAMPLE,complete,0,0.0,"descriptive deletion of net PnL; no resimulation, return or drawdown"
donchian,eth_short_regime_challenge_v1_donchian,20261007T203717Z-2caf5e37e706,16f84602d4344f9ab5105c7b075c0d3e,30db84831e4aaa26,ETHUSDT,1h,SHORT_ONLY,validation,base,58,24,34,0,74.25011677945004,1.2801744272318971,1.0339086332844942,41.37931034482759,-47.002335473791135,DESCRIPTIVE_SAMPLE,without_best,1,207.08680452799953,"descriptive deletion of net PnL; no resimulation, return or drawdown"
donchian,eth_short_regime_challenge_v1_donchian,20261007T203717Z-2caf5e37e706,16f84602d4344f9ab5105c7b075c0d3e,30db84831e4aaa26,ETHUSDT,1h,SHORT_ONLY,validation,base,56,22,34,0,-216.96563641148464,-3.874386364490797,0.900915870310791,39.285714285714285,-47.3574186168438,DESCRIPTIVE_SAMPLE,without_top_5pct,3,498.3025577189343,"descriptive deletion of net PnL; no resimulation, return or drawdown"
donchian,eth_short_regime_challenge_v1_donchian,20261007T203717Z-2caf5e37e706,16f84602d4344f9ab5105c7b075c0d3e,30db84831e4aaa26,ETHUSDT,1h,SHORT_ONLY,validation,base,53,19,34,0,-615.9889908542912,-11.622433789703607,0.7186894013889991,35.84905660377358,-48.10724800978001,DESCRIPTIVE_SAMPLE,without_top_10pct,6,897.3259121617407,"descriptive deletion of net PnL; no resimulation, return or drawdown"
donchian,eth_short_regime_challenge_v1_donchian,20261007T203717Z-2caf5e37e706,1313d6a193d74162b37f0a517867703b,30db84831e4aaa26,ETHUSDT,1h,SHORT_ONLY,validation,adverse,59,25,34,0,84.47948329919991,1.4318556491389816,1.037104896097918,42.3728813559322,-49.828229585314716,DESCRIPTIVE_SAMPLE,complete,0,0.0,"descriptive deletion of net PnL; no resimulation, return or drawdown"
donchian,eth_short_regime_challenge_v1_donchian,20261007T203717Z-2caf5e37e706,1313d6a193d74162b37f0a517867703b,30db84831e4aaa26,ETHUSDT,1h,SHORT_ONLY,validation,adverse,58,24,34,0,-113.53501516741879,-1.9575002615072206,0.9501333959827559,41.37931034482759,-50.15613660173563,DESCRIPTIVE_SAMPLE,without_best,1,198.01449846661885,"descriptive deletion of net PnL; no resimulation, return or drawdown"
donchian,eth_short_regime_challenge_v1_donchian,20261007T203717Z-2caf5e37e706,1313d6a193d74162b37f0a517867703b,30db84831e4aaa26,ETHUSDT,1h,SHORT_ONLY,validation,adverse,56,22,34,0,-394.7973995375183,-7.04995356316997,0.8265979393163919,39.285714285714285,-50.490854165305194,DESCRIPTIVE_SAMPLE,without_top_5pct,3,479.2768828367184,"descriptive deletion of net PnL; no resimulation, return or drawdown"
donchian,eth_short_regime_challenge_v1_donchian,20261007T203717Z-2caf5e37e706,1313d6a193d74162b37f0a517867703b,30db84831e4aaa26,ETHUSDT,1h,SHORT_ONLY,validation,adverse,53,19,34,0,-778.0598071575166,-14.680373719953144,0.6582622528561446,35.84905660377358,-51.13459651550572,DESCRIPTIVE_SAMPLE,without_top_10pct,6,862.5392904567167,"descriptive deletion of net PnL; no resimulation, return or drawdown"
donchian,eth_short_regime_challenge_v1_donchian,20261007T203717Z-2caf5e37e706,59e0f7fe28c9478295186c1012c74b53,41d7ee3faad0311a,ETHUSDT,1h,SHORT_ONLY,validation,base,54,23,31,0,283.7170302818471,5.254019079293465,1.1379364905430847,42.592592592592595,-47.86375746113508,DESCRIPTIVE_SAMPLE,complete,0,0.0,"descriptive deletion of net PnL; no resimulation, return or drawdown"
donchian,eth_short_regime_challenge_v1_donchian,20261007T203717Z-2caf5e37e706,59e0f7fe28c9478295186c1012c74b53,41d7ee3faad0311a,ETHUSDT,1h,SHORT_ONLY,validation,base,53,22,31,0,77.94923119513948,1.4707402112290466,1.0378970673029673,41.509433962264154,-48.13550235240425,DESCRIPTIVE_SAMPLE,without_best,1,205.76779908670758,"descriptive deletion of net PnL; no resimulation, return or drawdown"
donchian,eth_short_regime_challenge_v1_donchian,20261007T203717Z-2caf5e37e706,59e0f7fe28c9478295186c1012c74b53,41d7ee3faad0311a,ETHUSDT,1h,SHORT_ONLY,validation,base,51,20,31,0,-212.25791046936774,-4.161919813124857,0.8968052385467742,39.21568627450981,-49.61071681261918,DESCRIPTIVE_SAMPLE,without_top_5pct,3,495.97494075121483,"descriptive deletion of net PnL; no resimulation, return or drawdown"
donchian,eth_short_regime_challenge_v1_donchian,20261007T203717Z-2caf5e37e706,59e0f7fe28c9478295186c1012c74b53,41d7ee3faad0311a,ETHUSDT,1h,SHORT_ONLY,validation,base,48,17,31,0,-610.7215819937766,-12.723366291537012,0.7030816527458478,35.416666666666664,-50.190076422062674,DESCRIPTIVE_SAMPLE,without_top_10pct,6,894.4386122756237,"descriptive deletion of net PnL; no resimulation, return or drawdown"
donchian,eth_short_regime_challenge_v1_donchian,20261007T203717Z-2caf5e37e706,5220aa9aae1b468fb627721b904e072a,41d7ee3faad0311a,ETHUSDT,1h,SHORT_ONLY,validation,adverse,54,23,31,0,103.825106570107,1.922687158705685,1.048596355668423,42.592592592592595,-50.89746008765309,DESCRIPTIVE_SAMPLE,complete,0,0.0,"descriptive deletion of net PnL; no resimulation, return or drawdown"
donchian,eth_short_regime_challenge_v1_donchian,20261007T203717Z-2caf5e37e706,5220aa9aae1b468fb627721b904e072a,41d7ee3faad0311a,ETHUSDT,1h,SHORT_ONLY,validation,adverse,53,22,31,0,-92.99308948697444,-1.7545865940938574,0.9564736757735662,41.509433962264154,-51.2164135426342,DESCRIPTIVE_SAMPLE,without_best,1,196.81819605708137,"descriptive deletion of net PnL; no resimulation, return or drawdown"
donchian,eth_short_regime_challenge_v1_donchian,20261007T203717Z-2caf5e37e706,5220aa9aae1b468fb627721b904e072a,41d7ee3faad0311a,ETHUSDT,1h,SHORT_ONLY,validation,adverse,51,20,31,0,-373.5532530110775,-7.3245735884525,0.8251547497120556,39.21568627450981,-52.56133580490732,DESCRIPTIVE_SAMPLE,without_top_5pct,3,477.3783595811845,"descriptive deletion of net PnL; no resimulation, return or drawdown"
donchian,eth_short_regime_challenge_v1_donchian,20261007T203717Z-2caf5e37e706,5220aa9aae1b468fb627721b904e072a,41d7ee3faad0311a,ETHUSDT,1h,SHORT_ONLY,validation,adverse,48,17,31,0,-756.7874269304922,-15.766404727718587,0.6457782497947959,35.416666666666664,-53.211923958359776,DESCRIPTIVE_SAMPLE,without_top_10pct,6,860.6125335005992,"descriptive deletion of net PnL; no resimulation, return or drawdown"
donchian,eth_short_regime_challenge_v1_donchian,20261007T203717Z-2caf5e37e706,2a88933d1d844d708f509ede0a51847f,b5bd78a75b1c644c,ETHUSDT,1h,SHORT_ONLY,validation,base,50,21,29,0,223.09041712565474,4.461808342513095,1.1142989529239895,42.0,-49.519363872325265,DESCRIPTIVE_SAMPLE,complete,0,0.0,"descriptive deletion of net PnL; no resimulation, return or drawdown"
donchian,eth_short_regime_challenge_v1_donchian,20261007T203717Z-2caf5e37e706,2a88933d1d844d708f509ede0a51847f,b5bd78a75b1c644c,ETHUSDT,1h,SHORT_ONLY,validation,base,49,20,29,0,17.322618038947127,0.35352281712136996,1.0088751329136594,40.816326530612244,-49.8216553315136,DESCRIPTIVE_SAMPLE,without_best,1,205.76779908670758,"descriptive deletion of net PnL; no resimulation, return or drawdown"
donchian,eth_short_regime_challenge_v1_donchian,20261007T203717Z-2caf5e37e706,2a88933d1d844d708f509ede0a51847f,b5bd78a75b1c644c,ETHUSDT,1h,SHORT_ONLY,validation,base,47,18,29,0,-273.75057122619273,-5.824480238855164,0.8597456401012774,38.297872340425535,-49.99725290819866,DESCRIPTIVE_SAMPLE,without_top_5pct,3,496.8409883518474,"descriptive deletion of net PnL; no resimulation, return or drawdown"
donchian,eth_short_regime_challenge_v1_donchian,20261007T203717Z-2caf5e37e706,2a88933d1d844d708f509ede0a51847f,b5bd78a75b1c644c,ETHUSDT,1h,SHORT_ONLY,validation,base,45,16,29,0,-542.3000972646023,-12.051113272546718,0.7221560025457788,35.55555555555556,-50.993594404254566,DESCRIPTIVE_SAMPLE,without_top_10pct,5,765.3905143902571,"descriptive deletion of net PnL; no resimulation, return or drawdown"
donchian,eth_short_regime_challenge_v1_donchian,20261007T203717Z-2caf5e37e706,5305812cfc2f49c5a8a70c73d11b21f7,b5bd78a75b1c644c,ETHUSDT,1h,SHORT_ONLY,validation,adverse,50,21,29,0,57.74474197457981,1.154894839491596,1.02849407223903,42.0,-52.43251217308929,DESCRIPTIVE_SAMPLE,complete,0,0.0,"descriptive deletion of net PnL; no resimulation, return or drawdown"
donchian,eth_short_regime_challenge_v1_donchian,20261007T203717Z-2caf5e37e706,5305812cfc2f49c5a8a70c73d11b21f7,b5bd78a75b1c644c,ETHUSDT,1h,SHORT_ONLY,validation,adverse,49,20,29,0,-139.07345408250154,-2.838233756785746,0.9313743743300009,40.816326530612244,-52.95277693512161,DESCRIPTIVE_SAMPLE,without_best,1,196.81819605708137,"descriptive deletion of net PnL; no resimulation, return or drawdown"
donchian,eth_short_regime_challenge_v1_donchian,20261007T203717Z-2caf5e37e706,5305812cfc2f49c5a8a70c73d11b21f7,b5bd78a75b1c644c,ETHUSDT,1h,SHORT_ONLY,validation,adverse,47,18,29,0,-420.65158757480316,-8.9500337781873,0.7924299890525877,38.297872340425535,-53.093148196286506,DESCRIPTIVE_SAMPLE,without_top_5pct,3,478.3963295493829,"descriptive deletion of net PnL; no resimulation, return or drawdown"
donchian,eth_short_regime_challenge_v1_donchian,20261007T203717Z-2caf5e37e706,5305812cfc2f49c5a8a70c73d11b21f7,b5bd78a75b1c644c,ETHUSDT,1h,SHORT_ONLY,validation,adverse,45,16,29,0,-679.5632468756136,-15.101405486124746,0.6646703477177616,35.55555555555556,-53.97247625048194,DESCRIPTIVE_SAMPLE,without_top_10pct,5,737.3079888501934,"descriptive deletion of net PnL; no resimulation, return or drawdown"
donchian,eth_short_regime_challenge_v1_donchian,20261007T203717Z-2caf5e37e706,eb9753d5c01d4cacba12288895b36a13,30db84831e4aaa26,ETHUSDT,1h,SHORT_ONLY,test,base,118,42,76,0,94.00056374495162,0.7966149469911155,1.0214815892369873,35.59322033898305,-40.301407276091425,DESCRIPTIVE_SAMPLE,complete,0,0.0,"descriptive deletion of net PnL; no resimulation, return or drawdown"
donchian,eth_short_regime_challenge_v1_donchian,20261007T203717Z-2caf5e37e706,eb9753d5c01d4cacba12288895b36a13,30db84831e4aaa26,ETHUSDT,1h,SHORT_ONLY,test,base,117,41,76,0,-107.86977110094377,-0.9219638555636219,0.9753489338620829,35.042735042735046,-40.50522897404204,DESCRIPTIVE_SAMPLE,without_best,1,201.87033484589566,"descriptive deletion of net PnL; no resimulation, return or drawdown"
donchian,eth_short_regime_challenge_v1_donchian,20261007T203717Z-2caf5e37e706,eb9753d5c01d4cacba12288895b36a13,30db84831e4aaa26,ETHUSDT,1h,SHORT_ONLY,test,base,112,36,76,0,-991.8770614985069,-8.856045191950955,0.7733301295244085,32.142857142857146,-41.83530113347132,DESCRIPTIVE_SAMPLE,without_top_5pct,6,1085.8776252434586,"descriptive deletion of net PnL; no resimulation, return or drawdown"
donchian,eth_short_regime_challenge_v1_donchian,20261007T203717Z-2caf5e37e706,eb9753d5c01d4cacba12288895b36a13,30db84831e4aaa26,ETHUSDT,1h,SHORT_ONLY,test,base,106,30,76,0,-1860.5854744616136,-17.55269315529824,0.5748075191215462,28.30188679245283,-45.03641928962735,DESCRIPTIVE_SAMPLE,without_top_10pct,12,1954.586038206565,"descriptive deletion of net PnL; no resimulation, return or drawdown"
donchian,eth_short_regime_challenge_v1_donchian,20261007T203717Z-2caf5e37e706,5e441eaf8035414992b8fe0f330dfc7f,30db84831e4aaa26,ETHUSDT,1h,SHORT_ONLY,test,adverse,117,41,76,0,-237.1328191875695,-2.026776232372389,0.9471989260582202,35.042735042735046,-42.4856778581188,DESCRIPTIVE_SAMPLE,complete,0,0.0,"descriptive deletion of net PnL; no resimulation, return or drawdown"
donchian,eth_short_regime_challenge_v1_donchian,20261007T203717Z-2caf5e37e706,5e441eaf8035414992b8fe0f330dfc7f,30db84831e4aaa26,ETHUSDT,1h,SHORT_ONLY,test,adverse,116,40,76,0,-429.3401495453403,-3.701208185735692,0.9044011661482135,34.48275862068966,-42.517685375655496,DESCRIPTIVE_SAMPLE,without_best,1,192.20733035777062,"descriptive deletion of net PnL; no resimulation, return or drawdown"
donchian,eth_short_regime_challenge_v1_donchian,20261007T203717Z-2caf5e37e706,5e441eaf8035414992b8fe0f330dfc7f,30db84831e4aaa26,ETHUSDT,1h,SHORT_ONLY,test,adverse,111,35,76,0,-1284.161523391699,-11.56902273325855,0.7140627443215267,31.53153153153153,-44.3811573589133,DESCRIPTIVE_SAMPLE,without_top_5pct,6,1047.0287042041289,"descriptive deletion of net PnL; no resimulation, return or drawdown"
donchian,eth_short_regime_challenge_v1_donchian,20261007T203717Z-2caf5e37e706,5e441eaf8035414992b8fe0f330dfc7f,30db84831e4aaa26,ETHUSDT,1h,SHORT_ONLY,test,adverse,105,29,76,0,-2127.332914620408,-20.260313472575312,0.5263183607039855,27.61904761904762,-47.578722345697926,DESCRIPTIVE_SAMPLE,without_top_10pct,12,1890.2000954328378,"descriptive deletion of net PnL; no resimulation, return or drawdown"
donchian,eth_short_regime_challenge_v1_donchian,20261007T203717Z-2caf5e37e706,127cf971ed4c4699ba46d5cf94ce383b,41d7ee3faad0311a,ETHUSDT,1h,SHORT_ONLY,test,base,111,41,70,0,215.32341943719513,1.9398506255603165,1.0512048996691996,36.93693693693694,-41.10584376489278,DESCRIPTIVE_SAMPLE,complete,0,0.0,"descriptive deletion of net PnL; no resimulation, return or drawdown"
donchian,eth_short_regime_challenge_v1_donchian,20261007T203717Z-2caf5e37e706,127cf971ed4c4699ba46d5cf94ce383b,41d7ee3faad0311a,ETHUSDT,1h,SHORT_ONLY,test,base,110,40,70,0,13.606480422997251,0.12369527657270228,1.0032356836368823,36.36363636363637,-41.133444358339624,DESCRIPTIVE_SAMPLE,without_best,1,201.716939014198,"descriptive deletion of net PnL; no resimulation, return or drawdown"
donchian,eth_short_regime_challenge_v1_donchian,20261007T203717Z-2caf5e37e706,127cf971ed4c4699ba46d5cf94ce383b,41d7ee3faad0311a,ETHUSDT,1h,SHORT_ONLY,test,base,105,35,70,0,-873.6122410624575,-8.320116581547214,0.7922509902995695,33.333333333333336,-42.50818434275613,DESCRIPTIVE_SAMPLE,without_top_5pct,6,1088.935660499653,"descriptive deletion of net PnL; no resimulation, return or drawdown"
donchian,eth_short_regime_challenge_v1_donchian,20261007T203717Z-2caf5e37e706,127cf971ed4c4699ba46d5cf94ce383b,41d7ee3faad0311a,ETHUSDT,1h,SHORT_ONLY,test,base,99,29,70,0,-1743.5292204532402,-17.611406267204448,0.5853807308235415,29.292929292929294,-45.172031795171065,DESCRIPTIVE_SAMPLE,without_top_10pct,12,1958.8526398904357,"descriptive deletion of net PnL; no resimulation, return or drawdown"
donchian,eth_short_regime_challenge_v1_donchian,20261007T203717Z-2caf5e37e706,082a4535ea8743ee8d4440c3e21b270b,41d7ee3faad0311a,ETHUSDT,1h,SHORT_ONLY,test,adverse,110,40,70,0,-92.89484989861643,-0.8444986354419676,0.9784147228304961,36.36363636363637,-42.88354595074905,DESCRIPTIVE_SAMPLE,complete,0,0.0,"descriptive deletion of net PnL; no resimulation, return or drawdown"
donchian,eth_short_regime_challenge_v1_donchian,20261007T203717Z-2caf5e37e706,082a4535ea8743ee8d4440c3e21b270b,41d7ee3faad0311a,ETHUSDT,1h,SHORT_ONLY,test,adverse,109,39,70,0,-285.0226071520078,-2.614886304146861,0.9337714417789017,35.77981651376147,-42.89387307971131,DESCRIPTIVE_SAMPLE,without_best,1,192.1277572533914,"descriptive deletion of net PnL; no resimulation, return or drawdown"
donchian,eth_short_regime_challenge_v1_donchian,20261007T203717Z-2caf5e37e706,082a4535ea8743ee8d4440c3e21b270b,41d7ee3faad0311a,ETHUSDT,1h,SHORT_ONLY,test,adverse,104,34,70,0,-1143.3859432712104,-10.994095608377023,0.7343200131744728,32.69230769230769,-44.595841916852,DESCRIPTIVE_SAMPLE,without_top_5pct,6,1050.4910933725937,"descriptive deletion of net PnL; no resimulation, return or drawdown"
donchian,eth_short_regime_challenge_v1_donchian,20261007T203717Z-2caf5e37e706,082a4535ea8743ee8d4440c3e21b270b,41d7ee3faad0311a,ETHUSDT,1h,SHORT_ONLY,test,adverse,99,29,70,0,-1866.936854934647,-18.8579480296429,0.5661939330790989,29.292929292929294,-45.69367160889519,DESCRIPTIVE_SAMPLE,without_top_10pct,11,1774.0420050360308,"descriptive deletion of net PnL; no resimulation, return or drawdown"
donchian,eth_short_regime_challenge_v1_donchian,20261007T203717Z-2caf5e37e706,6102fc04ba504137bbe8042b30de9353,b5bd78a75b1c644c,ETHUSDT,1h,SHORT_ONLY,test,base,98,34,64,0,-85.1833945046755,-0.8692183112721991,0.9781582329829778,34.69387755102041,-41.60179557475436,DESCRIPTIVE_SAMPLE,complete,0,0.0,"descriptive deletion of net PnL; no resimulation, return or drawdown"
donchian,eth_short_regime_challenge_v1_donchian,20261007T203717Z-2caf5e37e706,6102fc04ba504137bbe8042b30de9353,b5bd78a75b1c644c,ETHUSDT,1h,SHORT_ONLY,test,base,97,33,64,0,-281.7084121677096,-2.9042104347186557,0.9277675004491089,34.02061855670103,-42.30836414166929,DESCRIPTIVE_SAMPLE,without_best,1,196.52501766303433,"descriptive deletion of net PnL; no resimulation, return or drawdown"
donchian,eth_short_regime_challenge_v1_donchian,20261007T203717Z-2caf5e37e706,6102fc04ba504137bbe8042b30de9353,b5bd78a75b1c644c,ETHUSDT,1h,SHORT_ONLY,test,base,93,29,64,0,-983.1694672425668,-10.571714701532978,0.7479067538147561,31.182795698924732,-43.347683712463656,DESCRIPTIVE_SAMPLE,without_top_5pct,5,897.9860727378914,"descriptive deletion of net PnL; no resimulation, return or drawdown"
donchian,eth_short_regime_challenge_v1_donchian,20261007T203717Z-2caf5e37e706,6102fc04ba504137bbe8042b30de9353,b5bd78a75b1c644c,ETHUSDT,1h,SHORT_ONLY,test,base,88,24,64,0,-1736.2513509902165,-19.730128988525188,0.5548099754437853,27.272727272727273,-45.3620530502006,DESCRIPTIVE_SAMPLE,without_top_10pct,10,1651.067956485541,"descriptive deletion of net PnL; no resimulation, return or drawdown"
donchian,eth_short_regime_challenge_v1_donchian,20261007T203717Z-2caf5e37e706,f0bf6527f6ff492893599a914b53e2a3,b5bd78a75b1c644c,ETHUSDT,1h,SHORT_ONLY,test,adverse,97,34,63,0,-289.93196732076206,-2.9889893538222894,0.9270065669541064,35.05154639175258,-43.62385916743048,DESCRIPTIVE_SAMPLE,complete,0,0.0,"descriptive deletion of net PnL; no resimulation, return or drawdown"
donchian,eth_short_regime_challenge_v1_donchian,20261007T203717Z-2caf5e37e706,f0bf6527f6ff492893599a914b53e2a3,b5bd78a75b1c644c,ETHUSDT,1h,SHORT_ONLY,test,adverse,96,33,63,0,-478.63487410934795,-4.985779938639041,0.8794986183842288,34.375,-43.88270391017274,DESCRIPTIVE_SAMPLE,without_best,1,188.7029067885861,"descriptive deletion of net PnL; no resimulation, return or drawdown"
donchian,eth_short_regime_challenge_v1_donchian,20261007T203717Z-2caf5e37e706,f0bf6527f6ff492893599a914b53e2a3,b5bd78a75b1c644c,ETHUSDT,1h,SHORT_ONLY,test,adverse,92,29,63,0,-1162.2139754351927,-12.632760602556441,0.7074003643514213,31.52173913043478,-45.515085206088,DESCRIPTIVE_SAMPLE,without_top_5pct,5,872.2820081144306,"descriptive deletion of net PnL; no resimulation, return or drawdown"
donchian,eth_short_regime_challenge_v1_donchian,20261007T203717Z-2caf5e37e706,f0bf6527f6ff492893599a914b53e2a3,b5bd78a75b1c644c,ETHUSDT,1h,SHORT_ONLY,test,adverse,87,24,63,0,-1894.5275740456816,-21.77617901201933,0.5230326862276978,27.586206896551722,-46.377250399471556,DESCRIPTIVE_SAMPLE,without_top_10pct,10,1604.5956067249201,"descriptive deletion of net PnL; no resimulation, return or drawdown"
donchian,eth_short_regime_challenge_v1_donchian,20261007T203717Z-2caf5e37e706,1b3ff94c1163410abb32cea88950c8ee,30db84831e4aaa26,ETHUSDT,1h,SHORT_ONLY,diagnostic_year_2023,base,45,9,36,0,-938.2281474407537,-20.849514387572302,0.3008509645456765,20.0,-30.708435768155784,DESCRIPTIVE_SAMPLE,complete,0,0.0,"descriptive deletion of net PnL; no resimulation, return or drawdown"
donchian,eth_short_regime_challenge_v1_donchian,20261007T203717Z-2caf5e37e706,1b3ff94c1163410abb32cea88950c8ee,30db84831e4aaa26,ETHUSDT,1h,SHORT_ONLY,diagnostic_year_2023,base,44,8,36,0,-1007.648650928965,-22.901105702931023,0.24912018010169207,18.181818181818183,-31.774829572761632,DESCRIPTIVE_SAMPLE,without_best,1,69.42050348821137,"descriptive deletion of net PnL; no resimulation, return or drawdown"
donchian,eth_short_regime_challenge_v1_donchian,20261007T203717Z-2caf5e37e706,1b3ff94c1163410abb32cea88950c8ee,30db84831e4aaa26,ETHUSDT,1h,SHORT_ONLY,diagnostic_year_2023,base,42,6,36,0,-1127.1898707668918,-26.837854065878375,0.16004043038975208,14.285714285714286,-32.87345085598015,DESCRIPTIVE_SAMPLE,without_top_5pct,3,188.9617233261378,"descriptive deletion of net PnL; no resimulation, return or drawdown"
donchian,eth_short_regime_challenge_v1_donchian,20261007T203717Z-2caf5e37e706,1b3ff94c1163410abb32cea88950c8ee,30db84831e4aaa26,ETHUSDT,1h,SHORT_ONLY,diagnostic_year_2023,base,40,4,36,0,-1229.5386511330362,-30.738466278325905,0.08377214610505448,10.0,-33.208286047525334,DESCRIPTIVE_SAMPLE,without_top_10pct,5,291.3105036922826,"descriptive deletion of net PnL; no resimulation, return or drawdown"
donchian,eth_short_regime_challenge_v1_donchian,20261007T203717Z-2caf5e37e706,3edb09b3a3fc4d3580820ea8bcd2f685,30db84831e4aaa26,ETHUSDT,1h,SHORT_ONLY,diagnostic_year_2023,adverse,45,9,36,0,-1072.4065943158628,-23.831257651463616,0.25771850958069425,20.0,-33.88064614202867,DESCRIPTIVE_SAMPLE,complete,0,0.0,"descriptive deletion of net PnL; no resimulation, return or drawdown"
donchian,eth_short_regime_challenge_v1_donchian,20261007T203717Z-2caf5e37e706,3edb09b3a3fc4d3580820ea8bcd2f685,30db84831e4aaa26,ETHUSDT,1h,SHORT_ONLY,diagnostic_year_2023,adverse,44,8,36,0,-1137.8974676262892,-25.861306082415663,0.2123880693284711,18.181818181818183,-34.7684446459576,DESCRIPTIVE_SAMPLE,without_best,1,65.49087331042648,"descriptive deletion of net PnL; no resimulation, return or drawdown"
donchian,eth_short_regime_challenge_v1_donchian,20261007T203717Z-2caf5e37e706,3edb09b3a3fc4d3580820ea8bcd2f685,30db84831e4aaa26,ETHUSDT,1h,SHORT_ONLY,diagnostic_year_2023,adverse,42,6,36,0,-1250.493172732647,-29.77364696982493,0.1344533491913966,14.285714285714286,-35.68949754027561,DESCRIPTIVE_SAMPLE,without_top_5pct,3,178.08657841678433,"descriptive deletion of net PnL; no resimulation, return or drawdown"
donchian,eth_short_regime_challenge_v1_donchian,20261007T203717Z-2caf5e37e706,3edb09b3a3fc4d3580820ea8bcd2f685,30db84831e4aaa26,ETHUSDT,1h,SHORT_ONLY,diagnostic_year_2023,adverse,40,4,36,0,-1345.7440330226216,-33.64360082556554,0.06852411030521834,10.0,-36.09609516996516,DESCRIPTIVE_SAMPLE,without_top_10pct,5,273.33743870675886,"descriptive deletion of net PnL; no resimulation, return or drawdown"
donchian,eth_short_regime_challenge_v1_donchian,20261007T203717Z-2caf5e37e706,cd2c0d9dc5ea4b19bc5f0fb304898179,41d7ee3faad0311a,ETHUSDT,1h,SHORT_ONLY,diagnostic_year_2023,base,37,8,29,0,-734.470203280233,-19.850546034600892,0.34752973445639807,21.62162162162162,-33.23715730260648,DESCRIPTIVE_SAMPLE,complete,0,0.0,"descriptive deletion of net PnL; no resimulation, return or drawdown"
donchian,eth_short_regime_challenge_v1_donchian,20261007T203717Z-2caf5e37e706,cd2c0d9dc5ea4b19bc5f0fb304898179,41d7ee3faad0311a,ETHUSDT,1h,SHORT_ONLY,diagnostic_year_2023,base,36,7,29,0,-805.4516728861432,-22.373657580170644,0.2844729921738623,19.444444444444443,-33.31721797636746,DESCRIPTIVE_SAMPLE,without_best,1,70.98146960591015,"descriptive deletion of net PnL; no resimulation, return or drawdown"
donchian,eth_short_regime_challenge_v1_donchian,20261007T203717Z-2caf5e37e706,cd2c0d9dc5ea4b19bc5f0fb304898179,41d7ee3faad0311a,ETHUSDT,1h,SHORT_ONLY,diagnostic_year_2023,base,35,6,29,0,-867.4411740602822,-24.78403354457949,0.22940430986194862,17.142857142857142,-33.39727865012844,DESCRIPTIVE_SAMPLE,without_top_5pct,2,132.97097078004896,"descriptive deletion of net PnL; no resimulation, return or drawdown"
donchian,eth_short_regime_challenge_v1_donchian,20261007T203717Z-2caf5e37e706,cd2c0d9dc5ea4b19bc5f0fb304898179,41d7ee3faad0311a,ETHUSDT,1h,SHORT_ONLY,diagnostic_year_2023,base,33,4,29,0,-982.9278244559827,-29.785691650181292,0.12681116841945783,12.121212121212121,-33.91745699096757,DESCRIPTIVE_SAMPLE,without_top_10pct,4,248.4576211757496,"descriptive deletion of net PnL; no resimulation, return or drawdown"
donchian,eth_short_regime_challenge_v1_donchian,20261007T203717Z-2caf5e37e706,d72a3e5d3fdb42cab85c4ce0c35cb285,41d7ee3faad0311a,ETHUSDT,1h,SHORT_ONLY,diagnostic_year_2023,adverse,37,8,29,0,-846.8150347656835,-22.886892831504962,0.3002041851695661,21.62162162162162,-36.21484427349399,DESCRIPTIVE_SAMPLE,complete,0,0.0,"descriptive deletion of net PnL; no resimulation, return or drawdown"
donchian,eth_short_regime_challenge_v1_donchian,20261007T203717Z-2caf5e37e706,d72a3e5d3fdb42cab85c4ce0c35cb285,41d7ee3faad0311a,ETHUSDT,1h,SHORT_ONLY,diagnostic_year_2023,adverse,36,7,29,0,-913.9608028121532,-25.38780007811537,0.2447158842615686,19.444444444444443,-36.2387756103206,DESCRIPTIVE_SAMPLE,without_best,1,67.14576804646971,"descriptive deletion of net PnL; no resimulation, return or drawdown"
donchian,eth_short_regime_challenge_v1_donchian,20261007T203717Z-2caf5e37e706,d72a3e5d3fdb42cab85c4ce0c35cb285,41d7ee3faad0311a,ETHUSDT,1h,SHORT_ONLY,diagnostic_year_2023,adverse,35,6,29,0,-972.6165121196965,-27.7890432034199,0.1962436462826018,17.142857142857142,-36.26270694714722,DESCRIPTIVE_SAMPLE,without_top_5pct,2,125.80147735401295,"descriptive deletion of net PnL; no resimulation, return or drawdown"
donchian,eth_short_regime_challenge_v1_donchian,20261007T203717Z-2caf5e37e706,d72a3e5d3fdb42cab85c4ce0c35cb285,41d7ee3faad0311a,ETHUSDT,1h,SHORT_ONLY,diagnostic_year_2023,adverse,33,4,29,0,-1081.0473917332174,-32.75901187070356,0.1066379205494485,12.121212121212121,-36.95117890785532,DESCRIPTIVE_SAMPLE,without_top_10pct,4,234.23235696753378,"descriptive deletion of net PnL; no resimulation, return or drawdown"
donchian,eth_short_regime_challenge_v1_donchian,20261007T203717Z-2caf5e37e706,f6d4569981de4b89823441e9890ecf8e,b5bd78a75b1c644c,ETHUSDT,1h,SHORT_ONLY,diagnostic_year_2023,base,34,7,27,0,-723.3689597640366,-21.275557640118723,0.30695176799869167,20.58823529411765,-33.57730714678702,DESCRIPTIVE_SAMPLE,complete,0,0.0,"descriptive deletion of net PnL; no resimulation, return or drawdown"
donchian,eth_short_regime_challenge_v1_donchian,20261007T203717Z-2caf5e37e706,f6d4569981de4b89823441e9890ecf8e,b5bd78a75b1c644c,ETHUSDT,1h,SHORT_ONLY,diagnostic_year_2023,base,33,6,27,0,-785.3584609381754,-23.798741240550772,0.24756061827975143,18.181818181818183,-33.91745699096757,DESCRIPTIVE_SAMPLE,without_best,1,61.98950117413882,"descriptive deletion of net PnL; no resimulation, return or drawdown"
donchian,eth_short_regime_challenge_v1_donchian,20261007T203717Z-2caf5e37e706,f6d4569981de4b89823441e9890ecf8e,b5bd78a75b1c644c,ETHUSDT,1h,SHORT_ONLY,diagnostic_year_2023,base,32,5,27,0,-843.8862366451215,-26.371444895160046,0.1914860923699036,15.625,-34.29602726257033,DESCRIPTIVE_SAMPLE,without_top_5pct,2,120.51727688108491,"descriptive deletion of net PnL; no resimulation, return or drawdown"
donchian,eth_short_regime_challenge_v1_donchian,20261007T203717Z-2caf5e37e706,f6d4569981de4b89823441e9890ecf8e,b5bd78a75b1c644c,ETHUSDT,1h,SHORT_ONLY,diagnostic_year_2023,base,30,3,27,0,-947.698722730914,-31.5899574243638,0.09202500965370854,10.0,-34.710823060835025,DESCRIPTIVE_SAMPLE,without_top_10pct,4,224.3297629668773,"descriptive deletion of net PnL; no resimulation, return or drawdown"
donchian,eth_short_regime_challenge_v1_donchian,20261007T203717Z-2caf5e37e706,d7810c16ac70422dbcddd1149d52dba2,b5bd78a75b1c644c,ETHUSDT,1h,SHORT_ONLY,diagnostic_year_2023,adverse,34,7,27,0,-826.5683519341706,-24.31083388041678,0.2638744371795093,20.58823529411765,-36.58301159067466,DESCRIPTIVE_SAMPLE,complete,0,0.0,"descriptive deletion of net PnL; no resimulation, return or drawdown"
donchian,eth_short_regime_challenge_v1_donchian,20261007T203717Z-2caf5e37e706,d7810c16ac70422dbcddd1149d52dba2,b5bd78a75b1c644c,ETHUSDT,1h,SHORT_ONLY,diagnostic_year_2023,adverse,33,6,27,0,-885.2240612417138,-26.824971552779207,0.21163681287945732,18.181818181818183,-36.95117890785532,DESCRIPTIVE_SAMPLE,without_best,1,58.655709307543226,"descriptive deletion of net PnL; no resimulation, return or drawdown"
donchian,eth_short_regime_challenge_v1_donchian,20261007T203717Z-2caf5e37e706,d7810c16ac70422dbcddd1149d52dba2,b5bd78a75b1c644c,ETHUSDT,1h,SHORT_ONLY,diagnostic_year_2023,adverse,32,5,27,0,-940.1947675642725,-29.381086486383516,0.1626809799641944,15.625,-37.253589811561774,DESCRIPTIVE_SAMPLE,without_top_5pct,2,113.626415630102,"descriptive deletion of net PnL; no resimulation, return or drawdown"
donchian,eth_short_regime_challenge_v1_donchian,20261007T203717Z-2caf5e37e706,d7810c16ac70422dbcddd1149d52dba2,b5bd78a75b1c644c,ETHUSDT,1h,SHORT_ONLY,diagnostic_year_2023,adverse,30,3,27,0,-1036.9633766294953,-34.565445887649844,0.07650075464488955,10.0,-37.811889413659685,DESCRIPTIVE_SAMPLE,without_top_10pct,4,210.395024695325,"descriptive deletion of net PnL; no resimulation, return or drawdown"
donchian,eth_short_regime_challenge_v1_donchian,20261007T203717Z-2caf5e37e706,5090197a52094c04ad8127993c5425a7,30db84831e4aaa26,ETHUSDT,1h,SHORT_ONLY,diagnostic_year_2024,base,104,41,63,0,97.75128949646904,0.9399162451583561,1.0256341053053386,39.42307692307692,-39.76538477534284,DESCRIPTIVE_SAMPLE,complete,0,0.0,"descriptive deletion of net PnL; no resimulation, return or drawdown"
donchian,eth_short_regime_challenge_v1_donchian,20261007T203717Z-2caf5e37e706,5090197a52094c04ad8127993c5425a7,30db84831e4aaa26,ETHUSDT,1h,SHORT_ONLY,diagnostic_year_2024,base,103,40,63,0,-105.63762857440634,-1.025608044411712,0.9722977966937163,38.83495145631068,-40.05428806586833,DESCRIPTIVE_SAMPLE,without_best,1,203.38891807087515,"descriptive deletion of net PnL; no resimulation, return or drawdown"
donchian,eth_short_regime_challenge_v1_donchian,20261007T203717Z-2caf5e37e706,5090197a52094c04ad8127993c5425a7,30db84831e4aaa26,ETHUSDT,1h,SHORT_ONLY,diagnostic_year_2024,base,98,35,63,0,-858.935065504276,-8.764643525553836,0.774754563003694,35.714285714285715,-42.22489372832922,DESCRIPTIVE_SAMPLE,without_top_5pct,6,956.6863550007448,"descriptive deletion of net PnL; no resimulation, return or drawdown"
donchian,eth_short_regime_challenge_v1_donchian,20261007T203717Z-2caf5e37e706,5090197a52094c04ad8127993c5425a7,30db84831e4aaa26,ETHUSDT,1h,SHORT_ONLY,diagnostic_year_2024,base,93,30,63,0,-1479.044555745093,-15.903704900484872,0.6121382736886853,32.25806451612903,-46.308798099726495,DESCRIPTIVE_SAMPLE,without_top_10pct,11,1576.795845241562,"descriptive deletion of net PnL; no resimulation, return or drawdown"
donchian,eth_short_regime_challenge_v1_donchian,20261007T203717Z-2caf5e37e706,62f12952aeff4497bd4f32a20a542753,30db84831e4aaa26,ETHUSDT,1h,SHORT_ONLY,diagnostic_year_2024,adverse,103,41,62,0,-154.2802483976646,-1.4978664892977145,0.960290800666818,39.80582524271845,-42.73213409548781,DESCRIPTIVE_SAMPLE,complete,0,0.0,"descriptive deletion of net PnL; no resimulation, return or drawdown"
donchian,eth_short_regime_challenge_v1_donchian,20261007T203717Z-2caf5e37e706,62f12952aeff4497bd4f32a20a542753,30db84831e4aaa26,ETHUSDT,1h,SHORT_ONLY,diagnostic_year_2024,adverse,102,40,62,0,-347.606600301958,-3.4079078460976273,0.9105317762689764,39.21568627450981,-42.8022599965414,DESCRIPTIVE_SAMPLE,without_best,1,193.32635190429338,"descriptive deletion of net PnL; no resimulation, return or drawdown"
donchian,eth_short_regime_challenge_v1_donchian,20261007T203717Z-2caf5e37e706,62f12952aeff4497bd4f32a20a542753,30db84831e4aaa26,ETHUSDT,1h,SHORT_ONLY,diagnostic_year_2024,adverse,97,35,62,0,-1075.6366064059669,-11.089037179442958,0.7231488226299199,36.08247422680412,-44.80902376950701,DESCRIPTIVE_SAMPLE,without_top_5pct,6,921.3563580083023,"descriptive deletion of net PnL; no resimulation, return or drawdown"
donchian,eth_short_regime_challenge_v1_donchian,20261007T203717Z-2caf5e37e706,62f12952aeff4497bd4f32a20a542753,30db84831e4aaa26,ETHUSDT,1h,SHORT_ONLY,diagnostic_year_2024,adverse,92,30,62,0,-1669.5632973668855,-18.147427145292234,0.5702818574441076,32.608695652173914,-48.968623255190295,DESCRIPTIVE_SAMPLE,without_top_10pct,11,1515.283048969221,"descriptive deletion of net PnL; no resimulation, return or drawdown"
donchian,eth_short_regime_challenge_v1_donchian,20261007T203717Z-2caf5e37e706,28df1b9e25a3432ebdb7946d8237f63c,41d7ee3faad0311a,ETHUSDT,1h,SHORT_ONLY,diagnostic_year_2024,base,94,37,57,0,34.71933031392862,0.3693545778077513,1.0098523394954906,39.361702127659576,-45.731152942668174,DESCRIPTIVE_SAMPLE,complete,0,0.0,"descriptive deletion of net PnL; no resimulation, return or drawdown"
donchian,eth_short_regime_challenge_v1_donchian,20261007T203717Z-2caf5e37e706,28df1b9e25a3432ebdb7946d8237f63c,41d7ee3faad0311a,ETHUSDT,1h,SHORT_ONLY,diagnostic_year_2024,base,93,36,57,0,-166.066242255019,-1.785658518871172,0.9528752143937397,38.70967741935484,-45.74628213480575,DESCRIPTIVE_SAMPLE,without_best,1,200.78557256894774,"descriptive deletion of net PnL; no resimulation, return or drawdown"
donchian,eth_short_regime_challenge_v1_donchian,20261007T203717Z-2caf5e37e706,28df1b9e25a3432ebdb7946d8237f63c,41d7ee3faad0311a,ETHUSDT,1h,SHORT_ONLY,diagnostic_year_2024,base,89,32,57,0,-777.9572216035855,-8.741092377568377,0.7792382920147469,35.95505617977528,-46.439663483050964,DESCRIPTIVE_SAMPLE,without_top_5pct,5,812.6765519175142,"descriptive deletion of net PnL; no resimulation, return or drawdown"
donchian,eth_short_regime_challenge_v1_donchian,20261007T203717Z-2caf5e37e706,28df1b9e25a3432ebdb7946d8237f63c,41d7ee3faad0311a,ETHUSDT,1h,SHORT_ONLY,diagnostic_year_2024,base,84,27,57,0,-1411.4595787796234,-16.803090223566944,0.5994686870812135,32.142857142857146,-48.450575393390594,DESCRIPTIVE_SAMPLE,without_top_10pct,10,1446.1789090935522,"descriptive deletion of net PnL; no resimulation, return or drawdown"
donchian,eth_short_regime_challenge_v1_donchian,20261007T203717Z-2caf5e37e706,4ed0d8e497794d9aad370792a66997a2,41d7ee3faad0311a,ETHUSDT,1h,SHORT_ONLY,diagnostic_year_2024,adverse,93,37,56,0,-182.77770504444493,-1.9653516671445692,0.9490148972743456,39.784946236559136,-48.49228802489856,DESCRIPTIVE_SAMPLE,complete,0,0.0,"descriptive deletion of net PnL; no resimulation, return or drawdown"
donchian,eth_short_regime_challenge_v1_donchian,20261007T203717Z-2caf5e37e706,4ed0d8e497794d9aad370792a66997a2,41d7ee3faad0311a,ETHUSDT,1h,SHORT_ONLY,diagnostic_year_2024,adverse,92,36,56,0,-374.0130756377881,-4.065359517802045,0.8956705628977361,39.130434782608695,-48.62398457811051,DESCRIPTIVE_SAMPLE,without_best,1,191.23537059334316,"descriptive deletion of net PnL; no resimulation, return or drawdown"
donchian,eth_short_regime_challenge_v1_donchian,20261007T203717Z-2caf5e37e706,4ed0d8e497794d9aad370792a66997a2,41d7ee3faad0311a,ETHUSDT,1h,SHORT_ONLY,diagnostic_year_2024,adverse,88,32,56,0,-967.3442801400554,-10.992548637955174,0.730163219403471,36.36363636363637,-49.41091779337685,DESCRIPTIVE_SAMPLE,without_top_5pct,5,784.5665750956102,"descriptive deletion of net PnL; no resimulation, return or drawdown"
donchian,eth_short_regime_challenge_v1_donchian,20261007T203717Z-2caf5e37e706,4ed0d8e497794d9aad370792a66997a2,41d7ee3faad0311a,ETHUSDT,1h,SHORT_ONLY,diagnostic_year_2024,adverse,83,27,56,0,-1575.362163430882,-18.980267029287734,0.5605590861691699,32.53012048192771,-51.070386144873105,DESCRIPTIVE_SAMPLE,without_top_10pct,10,1392.5844583864368,"descriptive deletion of net PnL; no resimulation, return or drawdown"
donchian,eth_short_regime_challenge_v1_donchian,20261007T203717Z-2caf5e37e706,a7e990c4cb274517a34e07797bae828d,b5bd78a75b1c644c,ETHUSDT,1h,SHORT_ONLY,diagnostic_year_2024,base,87,35,52,0,140.16893978590758,1.611137238918478,1.042437302328426,40.229885057471265,-46.27679416052783,DESCRIPTIVE_SAMPLE,complete,0,0.0,"descriptive deletion of net PnL; no resimulation, return or drawdown"
donchian,eth_short_regime_challenge_v1_donchian,20261007T203717Z-2caf5e37e706,a7e990c4cb274517a34e07797bae828d,b5bd78a75b1c644c,ETHUSDT,1h,SHORT_ONLY,diagnostic_year_2024,base,86,34,52,0,-63.929758100253636,-0.7433692802355074,0.9806447385816897,39.53488372093023,-46.53045207538739,DESCRIPTIVE_SAMPLE,without_best,1,204.09869788616123,"descriptive deletion of net PnL; no resimulation, return or drawdown"
donchian,eth_short_regime_challenge_v1_donchian,20261007T203717Z-2caf5e37e706,a7e990c4cb274517a34e07797bae828d,b5bd78a75b1c644c,ETHUSDT,1h,SHORT_ONLY,diagnostic_year_2024,base,82,30,52,0,-683.8709003218447,-8.339889028315179,0.7929524458492835,36.58536585365854,-48.155538030585944,DESCRIPTIVE_SAMPLE,without_top_5pct,5,824.0398401077525,"descriptive deletion of net PnL; no resimulation, return or drawdown"
donchian,eth_short_regime_challenge_v1_donchian,20261007T203717Z-2caf5e37e706,a7e990c4cb274517a34e07797bae828d,b5bd78a75b1c644c,ETHUSDT,1h,SHORT_ONLY,diagnostic_year_2024,base,78,26,52,0,-1206.0271599251807,-15.461886665707445,0.634865332646371,33.333333333333336,-49.50462559087528,DESCRIPTIVE_SAMPLE,without_top_10pct,9,1346.1960997110887,"descriptive deletion of net PnL; no resimulation, return or drawdown"
donchian,eth_short_regime_challenge_v1_donchian,20261007T203717Z-2caf5e37e706,300e85d0adfb4f8e9dd6ff9c416533f6,b5bd78a75b1c644c,ETHUSDT,1h,SHORT_ONLY,diagnostic_year_2024,adverse,86,35,51,0,-56.07770240137609,-0.6520663069927451,0.9832778613733758,40.69767441860465,-48.24041610984517,DESCRIPTIVE_SAMPLE,complete,0,0.0,"descriptive deletion of net PnL; no resimulation, return or drawdown"
donchian,eth_short_regime_challenge_v1_donchian,20261007T203717Z-2caf5e37e706,300e85d0adfb4f8e9dd6ff9c416533f6,b5bd78a75b1c644c,ETHUSDT,1h,SHORT_ONLY,diagnostic_year_2024,adverse,85,34,51,0,-250.66854352597363,-2.9490416885408663,0.9252516783912945,40.0,-49.67805762844823,DESCRIPTIVE_SAMPLE,without_best,1,194.59084112459763,"descriptive deletion of net PnL; no resimulation, return or drawdown"
donchian,eth_short_regime_challenge_v1_donchian,20261007T203717Z-2caf5e37e706,300e85d0adfb4f8e9dd6ff9c416533f6,b5bd78a75b1c644c,ETHUSDT,1h,SHORT_ONLY,diagnostic_year_2024,adverse,81,30,51,0,-852.4158024072195,-10.523651881570611,0.7458131377538582,37.03703703703704,-50.378505242590016,DESCRIPTIVE_SAMPLE,without_top_5pct,5,796.3381000058437,"descriptive deletion of net PnL; no resimulation, return or drawdown"
donchian,eth_short_regime_challenge_v1_donchian,20261007T203717Z-2caf5e37e706,300e85d0adfb4f8e9dd6ff9c416533f6,b5bd78a75b1c644c,ETHUSDT,1h,SHORT_ONLY,diagnostic_year_2024,adverse,77,26,51,0,-1353.1969346180736,-17.573986163871083,0.5964822779677358,33.76623376623377,-52.35354504101527,DESCRIPTIVE_SAMPLE,without_top_10pct,9,1297.119232216698,"descriptive deletion of net PnL; no resimulation, return or drawdown"
donchian,eth_short_regime_challenge_v1_donchian,20261007T203717Z-2caf5e37e706,7907c6c7798540e887b82f03c16bf2e1,30db84831e4aaa26,ETHUSDT,1h,SHORT_ONLY,diagnostic_year_2025,base,98,36,62,0,-13.482059939155974,-0.13757204019546912,0.9969202907774979,36.734693877551024,-50.838765984479195,DESCRIPTIVE_SAMPLE,complete,0,0.0,"descriptive deletion of net PnL; no resimulation, return or drawdown"
donchian,eth_short_regime_challenge_v1_donchian,20261007T203717Z-2caf5e37e706,7907c6c7798540e887b82f03c16bf2e1,30db84831e4aaa26,ETHUSDT,1h,SHORT_ONLY,diagnostic_year_2025,base,97,35,62,0,-218.85663109409643,-2.2562539288051178,0.9500065429001188,36.08247422680412,-52.79649428987078,DESCRIPTIVE_SAMPLE,without_best,1,205.37457115494047,"descriptive deletion of net PnL; no resimulation, return or drawdown"
donchian,eth_short_regime_challenge_v1_donchian,20261007T203717Z-2caf5e37e706,7907c6c7798540e887b82f03c16bf2e1,30db84831e4aaa26,ETHUSDT,1h,SHORT_ONLY,diagnostic_year_2025,base,93,31,62,0,-942.4684559777806,-10.13406941911592,0.7847117718738046,33.333333333333336,-54.122491366676535,DESCRIPTIVE_SAMPLE,without_top_5pct,5,928.9863960386243,"descriptive deletion of net PnL; no resimulation, return or drawdown"
donchian,eth_short_regime_challenge_v1_donchian,20261007T203717Z-2caf5e37e706,7907c6c7798540e887b82f03c16bf2e1,30db84831e4aaa26,ETHUSDT,1h,SHORT_ONLY,diagnostic_year_2025,base,88,26,62,0,-1715.170924022992,-19.490578682079455,0.608203216962431,29.545454545454547,-59.46443661593857,DESCRIPTIVE_SAMPLE,without_top_10pct,10,1701.6888640838356,"descriptive deletion of net PnL; no resimulation, return or drawdown"
donchian,eth_short_regime_challenge_v1_donchian,20261007T203717Z-2caf5e37e706,00ecd96e628a4ac0b1c2e1fecb31c64e,30db84831e4aaa26,ETHUSDT,1h,SHORT_ONLY,diagnostic_year_2025,adverse,97,36,61,0,-236.38016356393018,-2.43690890272093,0.9466195717883142,37.11340206185567,-51.146340241237816,DESCRIPTIVE_SAMPLE,complete,0,0.0,"descriptive deletion of net PnL; no resimulation, return or drawdown"
donchian,eth_short_regime_challenge_v1_donchian,20261007T203717Z-2caf5e37e706,00ecd96e628a4ac0b1c2e1fecb31c64e,30db84831e4aaa26,ETHUSDT,1h,SHORT_ONLY,diagnostic_year_2025,adverse,96,35,61,0,-435.85883882892927,-4.5401962378013465,0.9015724030910747,36.458333333333336,-53.34617734615338,DESCRIPTIVE_SAMPLE,without_best,1,199.47867526499923,"descriptive deletion of net PnL; no resimulation, return or drawdown"
donchian,eth_short_regime_challenge_v1_donchian,20261007T203717Z-2caf5e37e706,00ecd96e628a4ac0b1c2e1fecb31c64e,30db84831e4aaa26,ETHUSDT,1h,SHORT_ONLY,diagnostic_year_2025,adverse,92,31,61,0,-1132.7133640253621,-12.31210178288437,0.7442055902613002,33.69565217391305,-56.75235851259051,DESCRIPTIVE_SAMPLE,without_top_5pct,5,896.3332004614319,"descriptive deletion of net PnL; no resimulation, return or drawdown"
donchian,eth_short_regime_challenge_v1_donchian,20261007T203717Z-2caf5e37e706,00ecd96e628a4ac0b1c2e1fecb31c64e,30db84831e4aaa26,ETHUSDT,1h,SHORT_ONLY,diagnostic_year_2025,adverse,87,26,61,0,-1879.500996668609,-21.603459731823094,0.5755626592612707,29.885057471264368,-61.12380846768568,DESCRIPTIVE_SAMPLE,without_top_10pct,10,1643.1208331046794,"descriptive deletion of net PnL; no resimulation, return or drawdown"
donchian,eth_short_regime_challenge_v1_donchian,20261007T203717Z-2caf5e37e706,c9deee4a77b14ef5b5815a6074cea84e,41d7ee3faad0311a,ETHUSDT,1h,SHORT_ONLY,diagnostic_year_2025,base,93,35,58,0,180.83570448613727,1.9444699407111534,1.0434728915865323,37.634408602150536,-49.13715478279276,DESCRIPTIVE_SAMPLE,complete,0,0.0,"descriptive deletion of net PnL; no resimulation, return or drawdown"
donchian,eth_short_regime_challenge_v1_donchian,20261007T203717Z-2caf5e37e706,c9deee4a77b14ef5b5815a6074cea84e,41d7ee3faad0311a,ETHUSDT,1h,SHORT_ONLY,diagnostic_year_2025,base,92,34,58,0,-24.397494107077264,-0.26519015333779633,0.9941348440048722,36.95652173913044,-51.43552990566093,DESCRIPTIVE_SAMPLE,without_best,1,205.23319859321447,"descriptive deletion of net PnL; no resimulation, return or drawdown"
donchian,eth_short_regime_challenge_v1_donchian,20261007T203717Z-2caf5e37e706,c9deee4a77b14ef5b5815a6074cea84e,41d7ee3faad0311a,ETHUSDT,1h,SHORT_ONLY,diagnostic_year_2025,base,88,30,58,0,-757.0901204200243,-8.603296822954821,0.8179955843356278,34.09090909090909,-53.94731744920777,DESCRIPTIVE_SAMPLE,without_top_5pct,5,937.9258249061613,"descriptive deletion of net PnL; no resimulation, return or drawdown"
donchian,eth_short_regime_challenge_v1_donchian,20261007T203717Z-2caf5e37e706,c9deee4a77b14ef5b5815a6074cea84e,41d7ee3faad0311a,ETHUSDT,1h,SHORT_ONLY,diagnostic_year_2025,base,83,25,58,0,-1542.5152253898207,-18.584520787829163,0.6291794402300241,30.120481927710845,-55.685886191168734,DESCRIPTIVE_SAMPLE,without_top_10pct,10,1723.3509298759577,"descriptive deletion of net PnL; no resimulation, return or drawdown"
donchian,eth_short_regime_challenge_v1_donchian,20261007T203717Z-2caf5e37e706,2cc20d216ba94a4b984b1bef6cf4e623,41d7ee3faad0311a,ETHUSDT,1h,SHORT_ONLY,diagnostic_year_2025,adverse,92,35,57,0,-29.41521505003479,-0.31973059836994333,0.9930031656012559,38.04347826086956,-51.2281621178443,DESCRIPTIVE_SAMPLE,complete,0,0.0,"descriptive deletion of net PnL; no resimulation, return or drawdown"
donchian,eth_short_regime_challenge_v1_donchian,20261007T203717Z-2caf5e37e706,2cc20d216ba94a4b984b1bef6cf4e623,41d7ee3faad0311a,ETHUSDT,1h,SHORT_ONLY,diagnostic_year_2025,adverse,91,34,57,0,-228.75637214523604,-2.513806287310286,0.9455869878620593,37.362637362637365,-52.019648132547445,DESCRIPTIVE_SAMPLE,without_best,1,199.34115709520114,"descriptive deletion of net PnL; no resimulation, return or drawdown"
donchian,eth_short_regime_challenge_v1_donchian,20261007T203717Z-2caf5e37e706,2cc20d216ba94a4b984b1bef6cf4e623,41d7ee3faad0311a,ETHUSDT,1h,SHORT_ONLY,diagnostic_year_2025,adverse,87,30,57,0,-935.2173063507646,-10.749624210928328,0.7775450355115436,34.48275862068966,-57.05096020696608,DESCRIPTIVE_SAMPLE,without_top_5pct,5,905.8020913007297,"descriptive deletion of net PnL; no resimulation, return or drawdown"
donchian,eth_short_regime_challenge_v1_donchian,20261007T203717Z-2caf5e37e706,2cc20d216ba94a4b984b1bef6cf4e623,41d7ee3faad0311a,ETHUSDT,1h,SHORT_ONLY,diagnostic_year_2025,adverse,82,25,57,0,-1694.2463496898376,-20.66154084987607,0.5969989979916057,30.48780487804878,-57.943598931047916,DESCRIPTIVE_SAMPLE,without_top_10pct,10,1664.831134639803,"descriptive deletion of net PnL; no resimulation, return or drawdown"
donchian,eth_short_regime_challenge_v1_donchian,20261007T203717Z-2caf5e37e706,f3f78dcb853f46729a350eb4f6112c91,b5bd78a75b1c644c,ETHUSDT,1h,SHORT_ONLY,diagnostic_year_2025,base,83,32,51,0,253.44986302665862,3.053612807550104,1.0660936235375058,38.55421686746988,-54.607785922787514,DESCRIPTIVE_SAMPLE,complete,0,0.0,"descriptive deletion of net PnL; no resimulation, return or drawdown"
donchian,eth_short_regime_challenge_v1_donchian,20261007T203717Z-2caf5e37e706,f3f78dcb853f46729a350eb4f6112c91,b5bd78a75b1c644c,ETHUSDT,1h,SHORT_ONLY,diagnostic_year_2025,base,82,31,51,0,48.21666443344418,0.5880081028468802,1.0125737454707682,37.80487804878049,-54.928740103754095,DESCRIPTIVE_SAMPLE,without_best,1,205.23319859321447,"descriptive deletion of net PnL; no resimulation, return or drawdown"
donchian,eth_short_regime_challenge_v1_donchian,20261007T203717Z-2caf5e37e706,f3f78dcb853f46729a350eb4f6112c91,b5bd78a75b1c644c,ETHUSDT,1h,SHORT_ONLY,diagnostic_year_2025,base,78,27,51,0,-688.4460912230458,-8.826231938756997,0.8204698308541705,34.61538461538461,-60.466414934152326,DESCRIPTIVE_SAMPLE,without_top_5pct,5,941.8959542497043,"descriptive deletion of net PnL; no resimulation, return or drawdown"
donchian,eth_short_regime_challenge_v1_donchian,20261007T203717Z-2caf5e37e706,f3f78dcb853f46729a350eb4f6112c91,b5bd78a75b1c644c,ETHUSDT,1h,SHORT_ONLY,diagnostic_year_2025,base,74,23,51,0,-1326.4167785038069,-17.924551060862257,0.6541024320733578,31.08108108108108,-61.91327939265095,DESCRIPTIVE_SAMPLE,without_top_10pct,9,1579.8666415304656,"descriptive deletion of net PnL; no resimulation, return or drawdown"
donchian,eth_short_regime_challenge_v1_donchian,20261007T203717Z-2caf5e37e706,a290389ee6704c109c1bc1a399f9a1a4,b5bd78a75b1c644c,ETHUSDT,1h,SHORT_ONLY,diagnostic_year_2025,adverse,82,32,50,0,72.1680143269888,0.8800977356949853,1.018663409063487,39.02439024390244,-57.496445515632615,DESCRIPTIVE_SAMPLE,complete,0,0.0,"descriptive deletion of net PnL; no resimulation, return or drawdown"
donchian,eth_short_regime_challenge_v1_donchian,20261007T203717Z-2caf5e37e706,a290389ee6704c109c1bc1a399f9a1a4,b5bd78a75b1c644c,ETHUSDT,1h,SHORT_ONLY,diagnostic_year_2025,adverse,81,31,50,0,-127.17314276821229,-1.570038799607559,0.9671116850379411,38.27160493827161,-57.62753038433043,DESCRIPTIVE_SAMPLE,without_best,1,199.34115709520114,"descriptive deletion of net PnL; no resimulation, return or drawdown"
donchian,eth_short_regime_challenge_v1_donchian,20261007T203717Z-2caf5e37e706,a290389ee6704c109c1bc1a399f9a1a4,b5bd78a75b1c644c,ETHUSDT,1h,SHORT_ONLY,diagnostic_year_2025,adverse,77,27,50,0,-838.3506985497457,-10.887671409736958,0.7831936742113936,35.064935064935064,-63.41902409749187,DESCRIPTIVE_SAMPLE,without_top_5pct,5,910.5187128767344,"descriptive deletion of net PnL; no resimulation, return or drawdown"
donchian,eth_short_regime_challenge_v1_donchian,20261007T203717Z-2caf5e37e706,a290389ee6704c109c1bc1a399f9a1a4,b5bd78a75b1c644c,ETHUSDT,1h,SHORT_ONLY,diagnostic_year_2025,adverse,73,23,50,0,-1456.002722807905,-19.94524277819048,0.6234623514762215,31.506849315068493,-63.994354861856074,DESCRIPTIVE_SAMPLE,without_top_10pct,9,1528.1707371348937,"descriptive deletion of net PnL; no resimulation, return or drawdown"
donchian,eth_short_regime_challenge_v1_donchian,20261007T203717Z-2caf5e37e706,ad8a0e59a8954a65b260f2b49185537c,30db84831e4aaa26,ETHUSDT,1h,SHORT_ONLY,diagnostic_year_2026,base,71,25,46,0,171.84067602255462,2.420291211585276,1.0727416041809161,35.2112676056338,-37.062640751146105,DESCRIPTIVE_SAMPLE,complete,0,0.0,"descriptive deletion of net PnL; no resimulation, return or drawdown"
donchian,eth_short_regime_challenge_v1_donchian,20261007T203717Z-2caf5e37e706,ad8a0e59a8954a65b260f2b49185537c,30db84831e4aaa26,ETHUSDT,1h,SHORT_ONLY,diagnostic_year_2026,base,70,24,46,0,-31.586342448717048,-0.4512334635531007,0.9866292354458271,34.285714285714285,-37.18335134723105,DESCRIPTIVE_SAMPLE,without_best,1,203.4270184712719,"descriptive deletion of net PnL; no resimulation, return or drawdown"
donchian,eth_short_regime_challenge_v1_donchian,20261007T203717Z-2caf5e37e706,ad8a0e59a8954a65b260f2b49185537c,30db84831e4aaa26,ETHUSDT,1h,SHORT_ONLY,diagnostic_year_2026,base,67,21,46,0,-577.1661236869438,-8.61441975652155,0.7556807230532603,31.34328358208955,-39.269895298879014,DESCRIPTIVE_SAMPLE,without_top_5pct,4,749.0067997094985,"descriptive deletion of net PnL; no resimulation, return or drawdown"
donchian,eth_short_regime_challenge_v1_donchian,20261007T203717Z-2caf5e37e706,ad8a0e59a8954a65b260f2b49185537c,30db84831e4aaa26,ETHUSDT,1h,SHORT_ONLY,diagnostic_year_2026,base,63,17,46,0,-1121.3574956608509,-17.799325327950015,0.5253199359855928,26.984126984126984,-40.30251844580703,DESCRIPTIVE_SAMPLE,without_top_10pct,8,1293.1981716834057,"descriptive deletion of net PnL; no resimulation, return or drawdown"
donchian,eth_short_regime_challenge_v1_donchian,20261007T203717Z-2caf5e37e706,d0ad3574d7bb494ead99cf2eed3eff99,30db84831e4aaa26,ETHUSDT,1h,SHORT_ONLY,diagnostic_year_2026,adverse,71,24,47,0,-89.17105519208522,-1.2559303548181018,0.9640506388784511,33.80281690140845,-39.36492798879739,DESCRIPTIVE_SAMPLE,complete,0,0.0,"descriptive deletion of net PnL; no resimulation, return or drawdown"
donchian,eth_short_regime_challenge_v1_donchian,20261007T203717Z-2caf5e37e706,d0ad3574d7bb494ead99cf2eed3eff99,30db84831e4aaa26,ETHUSDT,1h,SHORT_ONLY,diagnostic_year_2026,adverse,70,23,47,0,-284.29152282705377,-4.061307468957911,0.8853877124601757,32.857142857142854,-39.54117289693535,DESCRIPTIVE_SAMPLE,without_best,1,195.12046763496858,"descriptive deletion of net PnL; no resimulation, return or drawdown"
donchian,eth_short_regime_challenge_v1_donchian,20261007T203717Z-2caf5e37e706,d0ad3574d7bb494ead99cf2eed3eff99,30db84831e4aaa26,ETHUSDT,1h,SHORT_ONLY,diagnostic_year_2026,adverse,67,20,47,0,-811.307696168502,-12.109070092067194,0.6729208453637082,29.850746268656717,-40.61672081548712,DESCRIPTIVE_SAMPLE,without_top_5pct,4,722.1366409764171,"descriptive deletion of net PnL; no resimulation, return or drawdown"
donchian,eth_short_regime_challenge_v1_donchian,20261007T203717Z-2caf5e37e706,d0ad3574d7bb494ead99cf2eed3eff99,30db84831e4aaa26,ETHUSDT,1h,SHORT_ONLY,diagnostic_year_2026,adverse,63,16,47,0,-1338.5765445596269,-21.247246739041696,0.46035211217865757,25.396825396825395,-42.819952663829774,DESCRIPTIVE_SAMPLE,without_top_10pct,8,1249.405489367542,"descriptive deletion of net PnL; no resimulation, return or drawdown"
donchian,eth_short_regime_challenge_v1_donchian,20261007T203717Z-2caf5e37e706,2ed3b45f22e641718b2a520cf0a6c9d6,41d7ee3faad0311a,ETHUSDT,1h,SHORT_ONLY,diagnostic_year_2026,base,64,24,40,0,291.3239536553989,4.551936775865608,1.1332628727838776,37.5,-38.01562814727596,DESCRIPTIVE_SAMPLE,complete,0,0.0,"descriptive deletion of net PnL; no resimulation, return or drawdown"
donchian,eth_short_regime_challenge_v1_donchian,20261007T203717Z-2caf5e37e706,2ed3b45f22e641718b2a520cf0a6c9d6,41d7ee3faad0311a,ETHUSDT,1h,SHORT_ONLY,diagnostic_year_2026,base,63,23,40,0,88.10633266866661,1.3985132169629622,1.0403032529750953,36.507936507936506,-38.62705904078671,DESCRIPTIVE_SAMPLE,without_best,1,203.21762098673227,"descriptive deletion of net PnL; no resimulation, return or drawdown"
donchian,eth_short_regime_challenge_v1_donchian,20261007T203717Z-2caf5e37e706,2ed3b45f22e641718b2a520cf0a6c9d6,41d7ee3faad0311a,ETHUSDT,1h,SHORT_ONLY,diagnostic_year_2026,base,60,20,40,0,-460.43266264418793,-7.673877710736465,0.789380246362871,33.333333333333336,-39.91309993727967,DESCRIPTIVE_SAMPLE,without_top_5pct,4,751.7566162995868,"descriptive deletion of net PnL; no resimulation, return or drawdown"
donchian,eth_short_regime_challenge_v1_donchian,20261007T203717Z-2caf5e37e706,2ed3b45f22e641718b2a520cf0a6c9d6,41d7ee3faad0311a,ETHUSDT,1h,SHORT_ONLY,diagnostic_year_2026,base,57,17,40,0,-884.6347862252001,-15.519908530266667,0.5953337461691526,29.82456140350877,-40.73294715990777,DESCRIPTIVE_SAMPLE,without_top_10pct,7,1175.9587398805988,"descriptive deletion of net PnL; no resimulation, return or drawdown"
donchian,eth_short_regime_challenge_v1_donchian,20261007T203717Z-2caf5e37e706,c9f70d8f659d4fd9ad38df972167a2c9,41d7ee3faad0311a,ETHUSDT,1h,SHORT_ONLY,diagnostic_year_2026,adverse,64,23,41,0,54.53938635515726,0.8521779117993322,1.0238592333211098,35.9375,-40.276675381545154,DESCRIPTIVE_SAMPLE,complete,0,0.0,"descriptive deletion of net PnL; no resimulation, return or drawdown"
donchian,eth_short_regime_challenge_v1_donchian,20261007T203717Z-2caf5e37e706,c9f70d8f659d4fd9ad38df972167a2c9,41d7ee3faad0311a,ETHUSDT,1h,SHORT_ONLY,diagnostic_year_2026,adverse,63,22,41,0,-140.44759088304414,-2.229326839413399,0.9385586809054828,34.92063492063492,-40.57966495743512,DESCRIPTIVE_SAMPLE,without_best,1,194.9869772382014,"descriptive deletion of net PnL; no resimulation, return or drawdown"
donchian,eth_short_regime_challenge_v1_donchian,20261007T203717Z-2caf5e37e706,c9f70d8f659d4fd9ad38df972167a2c9,41d7ee3faad0311a,ETHUSDT,1h,SHORT_ONLY,diagnostic_year_2026,adverse,60,19,41,0,-670.7881510157754,-11.17980251692959,0.7065516854204934,31.666666666666668,-42.01570022727434,DESCRIPTIVE_SAMPLE,without_top_5pct,4,725.3275373709328,"descriptive deletion of net PnL; no resimulation, return or drawdown"
donchian,eth_short_regime_challenge_v1_donchian,20261007T203717Z-2caf5e37e706,c9f70d8f659d4fd9ad38df972167a2c9,41d7ee3faad0311a,ETHUSDT,1h,SHORT_ONLY,diagnostic_year_2026,adverse,57,16,41,0,-1081.9670451121362,-18.98187798442344,0.526674099210112,28.07017543859649,-43.51125624437055,DESCRIPTIVE_SAMPLE,without_top_10pct,7,1136.5064314672936,"descriptive deletion of net PnL; no resimulation, return or drawdown"
donchian,eth_short_regime_challenge_v1_donchian,20261007T203717Z-2caf5e37e706,efb251442cd3423ea7b264ab30c90722,b5bd78a75b1c644c,ETHUSDT,1h,SHORT_ONLY,diagnostic_year_2026,base,57,19,38,0,23.303579903757537,0.408834735153641,1.0113569708749979,33.333333333333336,-39.05365278275812,DESCRIPTIVE_SAMPLE,complete,0,0.0,"descriptive deletion of net PnL; no resimulation, return or drawdown"
donchian,eth_short_regime_challenge_v1_donchian,20261007T203717Z-2caf5e37e706,efb251442cd3423ea7b264ab30c90722,b5bd78a75b1c644c,ETHUSDT,1h,SHORT_ONLY,diagnostic_year_2026,base,56,18,38,0,-175.37182006659395,-3.1316396440463206,0.9145327601588576,32.142857142857146,-39.21366335961294,DESCRIPTIVE_SAMPLE,without_best,1,198.67539997035152,"descriptive deletion of net PnL; no resimulation, return or drawdown"
donchian,eth_short_regime_challenge_v1_donchian,20261007T203717Z-2caf5e37e706,efb251442cd3423ea7b264ab30c90722,b5bd78a75b1c644c,ETHUSDT,1h,SHORT_ONLY,diagnostic_year_2026,base,54,16,38,0,-538.6233296541952,-9.974506104707318,0.737502585751183,29.62962962962963,-39.701723597346955,DESCRIPTIVE_SAMPLE,without_top_5pct,3,561.926909557953,"descriptive deletion of net PnL; no resimulation, return or drawdown"
donchian,eth_short_regime_challenge_v1_donchian,20261007T203717Z-2caf5e37e706,efb251442cd3423ea7b264ab30c90722,b5bd78a75b1c644c,ETHUSDT,1h,SHORT_ONLY,diagnostic_year_2026,base,51,13,38,0,-995.986228126403,-19.529141727968685,0.5146073422432996,25.49019607843137,-41.237760783721924,DESCRIPTIVE_SAMPLE,without_top_10pct,6,1019.2898080301607,"descriptive deletion of net PnL; no resimulation, return or drawdown"
donchian,eth_short_regime_challenge_v1_donchian,20261007T203717Z-2caf5e37e706,69228b9d76934c96b1bd2b1f74692f9b,b5bd78a75b1c644c,ETHUSDT,1h,SHORT_ONLY,diagnostic_year_2026,adverse,57,19,38,0,-131.1120213928391,-2.300210901628756,0.9384901393415025,33.333333333333336,-42.15359011905395,DESCRIPTIVE_SAMPLE,complete,0,0.0,"descriptive deletion of net PnL; no resimulation, return or drawdown"
donchian,eth_short_regime_challenge_v1_donchian,20261007T203717Z-2caf5e37e706,69228b9d76934c96b1bd2b1f74692f9b,b5bd78a75b1c644c,ETHUSDT,1h,SHORT_ONLY,diagnostic_year_2026,adverse,56,18,38,0,-322.90144262559545,-5.7660971897427755,0.8485140986209144,32.142857142857146,-42.265840886384595,DESCRIPTIVE_SAMPLE,without_best,1,191.78942123275633,"descriptive deletion of net PnL; no resimulation, return or drawdown"
donchian,eth_short_regime_challenge_v1_donchian,20261007T203717Z-2caf5e37e706,69228b9d76934c96b1bd2b1f74692f9b,b5bd78a75b1c644c,ETHUSDT,1h,SHORT_ONLY,diagnostic_year_2026,adverse,54,16,38,0,-676.4954376049634,-12.527693288980803,0.6826291009692022,29.62962962962963,-42.453279565569794,DESCRIPTIVE_SAMPLE,without_top_5pct,3,545.3834162121243,"descriptive deletion of net PnL; no resimulation, return or drawdown"
donchian,eth_short_regime_challenge_v1_donchian,20261007T203717Z-2caf5e37e706,69228b9d76934c96b1bd2b1f74692f9b,b5bd78a75b1c644c,ETHUSDT,1h,SHORT_ONLY,diagnostic_year_2026,adverse,51,13,38,0,-1122.3995862979104,-22.007835025449225,0.473437741078788,25.49019607843137,-43.05587216736683,DESCRIPTIVE_SAMPLE,without_top_10pct,6,991.2875649050713,"descriptive deletion of net PnL; no resimulation, return or drawdown"
donchian,eth_short_regime_challenge_v1_donchian,20261007T203717Z-2caf5e37e706,f86012afde554bc59809ba658dd2a1e9,30db84831e4aaa26,ETHUSDT,1h,SHORT_ONLY,wf_0_train,base,83,24,59,0,-918.145154647402,-11.06198981502894,0.6521582279503895,28.91566265060241,-32.21139388801166,DESCRIPTIVE_SAMPLE,complete,0,0.0,"descriptive deletion of net PnL; no resimulation, return or drawdown"
donchian,eth_short_regime_challenge_v1_donchian,20261007T203717Z-2caf5e37e706,f86012afde554bc59809ba658dd2a1e9,30db84831e4aaa26,ETHUSDT,1h,SHORT_ONLY,wf_0_train,base,82,23,59,0,-1081.4254270565418,-13.188114964104168,0.5902990556745747,28.048780487804876,-32.2168040455618,DESCRIPTIVE_SAMPLE,without_best,1,163.28027240913985,"descriptive deletion of net PnL; no resimulation, return or drawdown"
donchian,eth_short_regime_challenge_v1_donchian,20261007T203717Z-2caf5e37e706,f86012afde554bc59809ba658dd2a1e9,30db84831e4aaa26,ETHUSDT,1h,SHORT_ONLY,wf_0_train,base,78,19,59,0,-1549.7675092413879,-19.868814221043433,0.4128663926931492,24.358974358974358,-33.128698651721606,DESCRIPTIVE_SAMPLE,without_top_5pct,5,631.622354593986,"descriptive deletion of net PnL; no resimulation, return or drawdown"
donchian,eth_short_regime_challenge_v1_donchian,20261007T203717Z-2caf5e37e706,f86012afde554bc59809ba658dd2a1e9,30db84831e4aaa26,ETHUSDT,1h,SHORT_ONLY,wf_0_train,base,74,15,59,0,-1911.0477272004514,-25.824969286492585,0.2759944061828996,20.27027027027027,-33.88697769682065,DESCRIPTIVE_SAMPLE,without_top_10pct,9,992.9025725530495,"descriptive deletion of net PnL; no resimulation, return or drawdown"
donchian,eth_short_regime_challenge_v1_donchian,20261007T203717Z-2caf5e37e706,1b4b02adbbfc4c0982290b583be20126,30db84831e4aaa26,ETHUSDT,1h,SHORT_ONLY,wf_0_train,adverse,82,24,58,0,-1084.44768830863,-13.224971808641829,0.5994560259750412,29.26829268292683,-34.7500955141502,DESCRIPTIVE_SAMPLE,complete,0,0.0,"descriptive deletion of net PnL; no resimulation, return or drawdown"
donchian,eth_short_regime_challenge_v1_donchian,20261007T203717Z-2caf5e37e706,1b4b02adbbfc4c0982290b583be20126,30db84831e4aaa26,ETHUSDT,1h,SHORT_ONLY,wf_0_train,adverse,81,23,58,0,-1241.6132447364998,-15.328558576993824,0.5414064609935839,28.395061728395063,-34.84475511664131,DESCRIPTIVE_SAMPLE,without_best,1,157.16555642786992,"descriptive deletion of net PnL; no resimulation, return or drawdown"
donchian,eth_short_regime_challenge_v1_donchian,20261007T203717Z-2caf5e37e706,1b4b02adbbfc4c0982290b583be20126,30db84831e4aaa26,ETHUSDT,1h,SHORT_ONLY,wf_0_train,adverse,77,19,58,0,-1689.898703728563,-21.94673641205926,0.37583089549781223,24.675324675324674,-35.234268877742764,DESCRIPTIVE_SAMPLE,without_top_5pct,5,605.4510154199331,"descriptive deletion of net PnL; no resimulation, return or drawdown"
donchian,eth_short_regime_challenge_v1_donchian,20261007T203717Z-2caf5e37e706,1b4b02adbbfc4c0982290b583be20126,30db84831e4aaa26,ETHUSDT,1h,SHORT_ONLY,wf_0_train,adverse,73,15,58,0,-2033.7059818899354,-27.858986053286785,0.24884465634759448,20.54794520547945,-36.53969441348984,DESCRIPTIVE_SAMPLE,without_top_10pct,9,949.2582935813053,"descriptive deletion of net PnL; no resimulation, return or drawdown"
donchian,eth_short_regime_challenge_v1_donchian,20261007T203717Z-2caf5e37e706,16c9aa67439644e3b07af113d74c1591,41d7ee3faad0311a,ETHUSDT,1h,SHORT_ONLY,wf_0_train,base,72,21,51,0,-855.6604609629219,-11.88417306892947,0.6409700116303538,29.166666666666668,-33.69734932409611,DESCRIPTIVE_SAMPLE,complete,0,0.0,"descriptive deletion of net PnL; no resimulation, return or drawdown"
donchian,eth_short_regime_challenge_v1_donchian,20261007T203717Z-2caf5e37e706,16c9aa67439644e3b07af113d74c1591,41d7ee3faad0311a,ETHUSDT,1h,SHORT_ONLY,wf_0_train,base,71,20,51,0,-1017.854432346255,-14.335977920369787,0.5729143957452252,28.169014084507044,-33.778326235296326,DESCRIPTIVE_SAMPLE,without_best,1,162.19397138333306,"descriptive deletion of net PnL; no resimulation, return or drawdown"
donchian,eth_short_regime_challenge_v1_donchian,20261007T203717Z-2caf5e37e706,16c9aa67439644e3b07af113d74c1591,41d7ee3faad0311a,ETHUSDT,1h,SHORT_ONLY,wf_0_train,base,68,17,51,0,-1384.5641963357346,-20.36123818140786,0.41904518207136376,25.0,-34.57702371954199,DESCRIPTIVE_SAMPLE,without_top_5pct,4,528.9037353728129,"descriptive deletion of net PnL; no resimulation, return or drawdown"
donchian,eth_short_regime_challenge_v1_donchian,20261007T203717Z-2caf5e37e706,16c9aa67439644e3b07af113d74c1591,41d7ee3faad0311a,ETHUSDT,1h,SHORT_ONLY,wf_0_train,base,64,13,51,0,-1741.2441421606588,-27.206939721260294,0.2693844198373618,20.3125,-36.796312728523276,DESCRIPTIVE_SAMPLE,without_top_10pct,8,885.583681197737,"descriptive deletion of net PnL; no resimulation, return or drawdown"
donchian,eth_short_regime_challenge_v1_donchian,20261007T203717Z-2caf5e37e706,bc6a6a0d229a47a698e817a3e3de08ad,41d7ee3faad0311a,ETHUSDT,1h,SHORT_ONLY,wf_0_train,adverse,71,21,50,0,-989.7073973385858,-13.939540807585715,0.5934941994339307,29.577464788732396,-36.69021479859997,DESCRIPTIVE_SAMPLE,complete,0,0.0,"descriptive deletion of net PnL; no resimulation, return or drawdown"
donchian,eth_short_regime_challenge_v1_donchian,20261007T203717Z-2caf5e37e706,bc6a6a0d229a47a698e817a3e3de08ad,41d7ee3faad0311a,ETHUSDT,1h,SHORT_ONLY,wf_0_train,adverse,70,20,50,0,-1146.3004251653188,-16.375720359504555,0.529176225949093,28.571428571428573,-36.714473238874675,DESCRIPTIVE_SAMPLE,without_best,1,156.59302782673305,"descriptive deletion of net PnL; no resimulation, return or drawdown"
donchian,eth_short_regime_challenge_v1_donchian,20261007T203717Z-2caf5e37e706,bc6a6a0d229a47a698e817a3e3de08ad,41d7ee3faad0311a,ETHUSDT,1h,SHORT_ONLY,wf_0_train,adverse,67,17,50,0,-1498.7947039223411,-22.370070207796136,0.3843950821823541,25.37313432835821,-37.436241124743894,DESCRIPTIVE_SAMPLE,without_top_5pct,4,509.08730658375543,"descriptive deletion of net PnL; no resimulation, return or drawdown"
donchian,eth_short_regime_challenge_v1_donchian,20261007T203717Z-2caf5e37e706,bc6a6a0d229a47a698e817a3e3de08ad,41d7ee3faad0311a,ETHUSDT,1h,SHORT_ONLY,wf_0_train,adverse,63,13,50,0,-1839.0006807516088,-29.19048699605728,0.2446611534068058,20.634920634920636,-39.42670377689481,DESCRIPTIVE_SAMPLE,without_top_10pct,8,849.2932834130231,"descriptive deletion of net PnL; no resimulation, return or drawdown"
donchian,eth_short_regime_challenge_v1_donchian,20261007T203717Z-2caf5e37e706,df74fb46adf344e4becdc48e38d3bd46,b5bd78a75b1c644c,ETHUSDT,1h,SHORT_ONLY,wf_0_train,base,66,20,46,0,-693.6305985437953,-10.509554523390838,0.6790877487357221,30.303030303030305,-33.58121958374706,DESCRIPTIVE_SAMPLE,complete,0,0.0,"descriptive deletion of net PnL; no resimulation, return or drawdown"
donchian,eth_short_regime_challenge_v1_donchian,20261007T203717Z-2caf5e37e706,df74fb46adf344e4becdc48e38d3bd46,b5bd78a75b1c644c,ETHUSDT,1h,SHORT_ONLY,wf_0_train,base,65,19,46,0,-857.7915207513558,-13.196792626943935,0.6031377384192121,29.23076923076923,-33.61637241289589,DESCRIPTIVE_SAMPLE,without_best,1,164.16092220756056,"descriptive deletion of net PnL; no resimulation, return or drawdown"
donchian,eth_short_regime_challenge_v1_donchian,20261007T203717Z-2caf5e37e706,df74fb46adf344e4becdc48e38d3bd46,b5bd78a75b1c644c,ETHUSDT,1h,SHORT_ONLY,wf_0_train,base,62,16,46,0,-1226.6995082568994,-19.78547593962741,0.4324603014256318,25.806451612903224,-34.723958005155694,DESCRIPTIVE_SAMPLE,without_top_5pct,4,533.0689097131042,"descriptive deletion of net PnL; no resimulation, return or drawdown"
donchian,eth_short_regime_challenge_v1_donchian,20261007T203717Z-2caf5e37e706,df74fb46adf344e4becdc48e38d3bd46,b5bd78a75b1c644c,ETHUSDT,1h,SHORT_ONLY,wf_0_train,base,59,13,46,0,-1511.779173642291,-25.62337582444561,0.3005665277072329,22.033898305084747,-36.84692209439859,DESCRIPTIVE_SAMPLE,without_top_10pct,7,818.1485750984956,"descriptive deletion of net PnL; no resimulation, return or drawdown"
donchian,eth_short_regime_challenge_v1_donchian,20261007T203717Z-2caf5e37e706,79731a4203b84143b03959faf0dc7c99,b5bd78a75b1c644c,ETHUSDT,1h,SHORT_ONLY,wf_0_train,adverse,65,20,45,0,-811.3276675909004,-12.481964116783084,0.63146074729423,30.76923076923077,-36.30451409600267,DESCRIPTIVE_SAMPLE,complete,0,0.0,"descriptive deletion of net PnL; no resimulation, return or drawdown"
donchian,eth_short_regime_challenge_v1_donchian,20261007T203717Z-2caf5e37e706,79731a4203b84143b03959faf0dc7c99,b5bd78a75b1c644c,ETHUSDT,1h,SHORT_ONLY,wf_0_train,adverse,64,19,45,0,-970.0888247236496,-15.157637886307025,0.5593447323404429,29.6875,-36.49736444730132,DESCRIPTIVE_SAMPLE,without_best,1,158.76115713274905,"descriptive deletion of net PnL; no resimulation, return or drawdown"
donchian,eth_short_regime_challenge_v1_donchian,20261007T203717Z-2caf5e37e706,79731a4203b84143b03959faf0dc7c99,b5bd78a75b1c644c,ETHUSDT,1h,SHORT_ONLY,wf_0_train,adverse,61,16,45,0,-1325.1697324630563,-21.7240939748042,0.3980520048571837,26.229508196721312,-37.436241124743894,DESCRIPTIVE_SAMPLE,without_top_5pct,4,513.8420648721559,"descriptive deletion of net PnL; no resimulation, return or drawdown"
donchian,eth_short_regime_challenge_v1_donchian,20261007T203717Z-2caf5e37e706,79731a4203b84143b03959faf0dc7c99,b5bd78a75b1c644c,ETHUSDT,1h,SHORT_ONLY,wf_0_train,adverse,58,13,45,0,-1598.1019387765032,-27.553481703043158,0.27407468302768384,22.413793103448278,-39.12810882982494,DESCRIPTIVE_SAMPLE,without_top_10pct,7,786.7742711856024,"descriptive deletion of net PnL; no resimulation, return or drawdown"
donchian,eth_short_regime_challenge_v1_donchian,20261007T203717Z-2caf5e37e706,0300fc4abf4647488a5302d6fa2eb84b,b5bd78a75b1c644c,ETHUSDT,1h,SHORT_ONLY,wf_0_test,base,30,15,15,0,495.0144601595591,16.500482005318638,1.4898428231462608,50.0,15.932623074129662,DESCRIPTIVE_SAMPLE,complete,0,0.0,"descriptive deletion of net PnL; no resimulation, return or drawdown"
donchian,eth_short_regime_challenge_v1_donchian,20261007T203717Z-2caf5e37e706,0300fc4abf4647488a5302d6fa2eb84b,b5bd78a75b1c644c,ETHUSDT,1h,SHORT_ONLY,wf_0_test,base,29,14,15,0,289.24666107285145,9.974022795615568,1.2862247721003652,48.275862068965516,-18.115676843625586,DESCRIPTIVE_SAMPLE,without_best,1,205.76779908670758,"descriptive deletion of net PnL; no resimulation, return or drawdown"
donchian,eth_short_regime_challenge_v1_donchian,20261007T203717Z-2caf5e37e706,0300fc4abf4647488a5302d6fa2eb84b,b5bd78a75b1c644c,ETHUSDT,1h,SHORT_ONLY,wf_0_test,base,28,13,15,0,141.35205540538666,5.048287693049524,1.1398752873905598,46.42857142857143,-32.641174550310296,DESCRIPTIVE_SAMPLE,without_top_5pct,2,353.6624047541725,"descriptive deletion of net PnL; no resimulation, return or drawdown"
donchian,eth_short_regime_challenge_v1_donchian,20261007T203717Z-2caf5e37e706,0300fc4abf4647488a5302d6fa2eb84b,b5bd78a75b1c644c,ETHUSDT,1h,SHORT_ONLY,wf_0_test,base,27,12,15,0,5.240690020281164,0.19409963038078384,1.005185938192475,44.44444444444444,-47.166672256995,DESCRIPTIVE_SAMPLE,without_top_10pct,3,489.7737701392779,"descriptive deletion of net PnL; no resimulation, return or drawdown"
donchian,eth_short_regime_challenge_v1_donchian,20261007T203717Z-2caf5e37e706,82aa06d3beb843558c71cda334e481ac,b5bd78a75b1c644c,ETHUSDT,1h,SHORT_ONLY,wf_0_test,adverse,30,15,15,0,388.2576876244944,12.941922920816479,1.3677298842904342,50.0,12.137994584950599,DESCRIPTIVE_SAMPLE,complete,0,0.0,"descriptive deletion of net PnL; no resimulation, return or drawdown"
donchian,eth_short_regime_challenge_v1_donchian,20261007T203717Z-2caf5e37e706,82aa06d3beb843558c71cda334e481ac,b5bd78a75b1c644c,ETHUSDT,1h,SHORT_ONLY,wf_0_test,adverse,29,14,15,0,191.43949156741297,6.6013617781866545,1.181317780243904,48.275862068965516,-22.37104913385681,DESCRIPTIVE_SAMPLE,without_best,1,196.81819605708137,"descriptive deletion of net PnL; no resimulation, return or drawdown"
donchian,eth_short_regime_challenge_v1_donchian,20261007T203717Z-2caf5e37e706,82aa06d3beb843558c71cda334e481ac,b5bd78a75b1c644c,ETHUSDT,1h,SHORT_ONLY,wf_0_test,adverse,28,13,15,0,47.5762734775589,1.6991526241985322,1.045060840000143,46.42857142857143,-36.325345771372554,DESCRIPTIVE_SAMPLE,without_top_5pct,2,340.6814141469355,"descriptive deletion of net PnL; no resimulation, return or drawdown"
donchian,eth_short_regime_challenge_v1_donchian,20261007T203717Z-2caf5e37e706,82aa06d3beb843558c71cda334e481ac,b5bd78a75b1c644c,ETHUSDT,1h,SHORT_ONLY,wf_0_test,adverse,27,12,15,0,-83.97670658623488,-3.1102483920827733,0.9204632758594227,44.44444444444444,-50.2796424088883,DESCRIPTIVE_SAMPLE,without_top_10pct,3,472.2343942107293,"descriptive deletion of net PnL; no resimulation, return or drawdown"
donchian,eth_short_regime_challenge_v1_donchian,20261007T203717Z-2caf5e37e706,ed7a797cc9e043a2ad31243fc2ab8c77,30db84831e4aaa26,ETHUSDT,1h,SHORT_ONLY,wf_1_train,base,98,36,62,0,-156.81145207344701,-1.6001168578923164,0.9529024912653522,36.734693877551024,-35.40633610751682,DESCRIPTIVE_SAMPLE,complete,0,0.0,"descriptive deletion of net PnL; no resimulation, return or drawdown"
donchian,eth_short_regime_challenge_v1_donchian,20261007T203717Z-2caf5e37e706,ed7a797cc9e043a2ad31243fc2ab8c77,30db84831e4aaa26,ETHUSDT,1h,SHORT_ONLY,wf_1_train,base,97,35,62,0,-352.3330497116394,-3.6322994815632925,0.8941785904863196,36.08247422680412,-35.90465915822032,DESCRIPTIVE_SAMPLE,without_best,1,195.52159763819245,"descriptive deletion of net PnL; no resimulation, return or drawdown"
donchian,eth_short_regime_challenge_v1_donchian,20261007T203717Z-2caf5e37e706,ed7a797cc9e043a2ad31243fc2ab8c77,30db84831e4aaa26,ETHUSDT,1h,SHORT_ONLY,wf_1_train,base,93,31,62,0,-942.06943807062,-10.12977890398516,0.7170543158582928,33.333333333333336,-37.94944033829071,DESCRIPTIVE_SAMPLE,without_top_5pct,5,785.2579859971729,"descriptive deletion of net PnL; no resimulation, return or drawdown"
donchian,eth_short_regime_challenge_v1_donchian,20261007T203717Z-2caf5e37e706,ed7a797cc9e043a2ad31243fc2ab8c77,30db84831e4aaa26,ETHUSDT,1h,SHORT_ONLY,wf_1_train,base,88,26,62,0,-1500.996485261729,-17.05677824161056,0.5491834675302977,29.545454545454547,-38.83545098142819,DESCRIPTIVE_SAMPLE,without_top_10pct,10,1344.1850331882817,"descriptive deletion of net PnL; no resimulation, return or drawdown"
donchian,eth_short_regime_challenge_v1_donchian,20261007T203717Z-2caf5e37e706,da878ff71a8544dda5f69e627d382e32,30db84831e4aaa26,ETHUSDT,1h,SHORT_ONLY,wf_1_train,adverse,97,36,61,0,-389.9021328665101,-4.0196096171805165,0.8854956860922335,37.11340206185567,-38.186449591136046,DESCRIPTIVE_SAMPLE,complete,0,0.0,"descriptive deletion of net PnL; no resimulation, return or drawdown"
donchian,eth_short_regime_challenge_v1_donchian,20261007T203717Z-2caf5e37e706,da878ff71a8544dda5f69e627d382e32,30db84831e4aaa26,ETHUSDT,1h,SHORT_ONLY,wf_1_train,adverse,96,35,61,0,-574.7434733399114,-5.986911180624077,0.8312124978544688,36.458333333333336,-38.621904686938365,DESCRIPTIVE_SAMPLE,without_best,1,184.84134047340132,"descriptive deletion of net PnL; no resimulation, return or drawdown"
donchian,eth_short_regime_challenge_v1_donchian,20261007T203717Z-2caf5e37e706,da878ff71a8544dda5f69e627d382e32,30db84831e4aaa26,ETHUSDT,1h,SHORT_ONLY,wf_1_train,adverse,92,31,61,0,-1143.378438239295,-12.428026502601034,0.6642189088707873,33.69565217391305,-40.464643814544054,DESCRIPTIVE_SAMPLE,without_top_5pct,5,753.4763053727854,"descriptive deletion of net PnL; no resimulation, return or drawdown"
donchian,eth_short_regime_challenge_v1_donchian,20261007T203717Z-2caf5e37e706,da878ff71a8544dda5f69e627d382e32,30db84831e4aaa26,ETHUSDT,1h,SHORT_ONLY,wf_1_train,adverse,87,26,61,0,-1679.9996833765442,-19.31034118823614,0.5066269330305088,29.885057471264368,-41.87957652027874,DESCRIPTIVE_SAMPLE,without_top_10pct,10,1290.0975505100346,"descriptive deletion of net PnL; no resimulation, return or drawdown"
donchian,eth_short_regime_challenge_v1_donchian,20261007T203717Z-2caf5e37e706,45b205d63d304c9a816d568dc38a4db6,41d7ee3faad0311a,ETHUSDT,1h,SHORT_ONLY,wf_1_train,base,87,33,54,0,-113.93491774959729,-1.3095967557424977,0.9623810079389299,37.93103448275862,-38.68994021042937,DESCRIPTIVE_SAMPLE,complete,0,0.0,"descriptive deletion of net PnL; no resimulation, return or drawdown"
donchian,eth_short_regime_challenge_v1_donchian,20261007T203717Z-2caf5e37e706,45b205d63d304c9a816d568dc38a4db6,41d7ee3faad0311a,ETHUSDT,1h,SHORT_ONLY,wf_1_train,base,86,32,54,0,-308.94292687579366,-3.59235961483481,0.8979933303764966,37.2093023255814,-39.0764396637531,DESCRIPTIVE_SAMPLE,without_best,1,195.00800912619638,"descriptive deletion of net PnL; no resimulation, return or drawdown"
donchian,eth_short_regime_challenge_v1_donchian,20261007T203717Z-2caf5e37e706,45b205d63d304c9a816d568dc38a4db6,41d7ee3faad0311a,ETHUSDT,1h,SHORT_ONLY,wf_1_train,base,82,28,54,0,-897.8896682642038,-10.949874003221998,0.7035350973229874,34.146341463414636,-40.85381956562961,DESCRIPTIVE_SAMPLE,without_top_5pct,5,783.9547505146066,"descriptive deletion of net PnL; no resimulation, return or drawdown"
donchian,eth_short_regime_challenge_v1_donchian,20261007T203717Z-2caf5e37e706,45b205d63d304c9a816d568dc38a4db6,41d7ee3faad0311a,ETHUSDT,1h,SHORT_ONLY,wf_1_train,base,78,24,54,0,-1348.9285712550761,-17.293956041731747,0.5546112270469914,30.76923076923077,-43.530955230505526,DESCRIPTIVE_SAMPLE,without_top_10pct,9,1234.993653505479,"descriptive deletion of net PnL; no resimulation, return or drawdown"
donchian,eth_short_regime_challenge_v1_donchian,20261007T203717Z-2caf5e37e706,76afa74e07c442d7b0e3914f11ce4dc0,41d7ee3faad0311a,ETHUSDT,1h,SHORT_ONLY,wf_1_train,adverse,86,33,53,0,-312.15490628684546,-3.629708212637738,0.8989275047315916,38.372093023255815,-41.562113677715026,DESCRIPTIVE_SAMPLE,complete,0,0.0,"descriptive deletion of net PnL; no resimulation, return or drawdown"
donchian,eth_short_regime_challenge_v1_donchian,20261007T203717Z-2caf5e37e706,76afa74e07c442d7b0e3914f11ce4dc0,41d7ee3faad0311a,ETHUSDT,1h,SHORT_ONLY,wf_1_train,adverse,85,32,53,0,-497.0700146978734,-5.847882525857334,0.8390539258016599,37.64705882352941,-42.01317596412777,DESCRIPTIVE_SAMPLE,without_best,1,184.91510841102794,"descriptive deletion of net PnL; no resimulation, return or drawdown"
donchian,eth_short_regime_challenge_v1_donchian,20261007T203717Z-2caf5e37e706,76afa74e07c442d7b0e3914f11ce4dc0,41d7ee3faad0311a,ETHUSDT,1h,SHORT_ONLY,wf_1_train,adverse,81,28,53,0,-1066.3934483084865,-13.16535121368502,0.6547129499243645,34.5679012345679,-43.29431954912153,DESCRIPTIVE_SAMPLE,without_top_5pct,5,754.238542021641,"descriptive deletion of net PnL; no resimulation, return or drawdown"
donchian,eth_short_regime_challenge_v1_donchian,20261007T203717Z-2caf5e37e706,76afa74e07c442d7b0e3914f11ce4dc0,41d7ee3faad0311a,ETHUSDT,1h,SHORT_ONLY,wf_1_train,adverse,77,24,53,0,-1500.4976749530504,-19.486982791598056,0.5141545396291558,31.16883116883117,-46.03506907119506,DESCRIPTIVE_SAMPLE,without_top_10pct,9,1188.3427686662046,"descriptive deletion of net PnL; no resimulation, return or drawdown"
donchian,eth_short_regime_challenge_v1_donchian,20261007T203717Z-2caf5e37e706,9524e275d0d6439bb2f365edebd1f288,b5bd78a75b1c644c,ETHUSDT,1h,SHORT_ONLY,wf_1_train,base,77,31,46,0,122.45506405563243,1.5903255072160056,1.0459852089334047,40.25974025974026,-38.757619763954395,DESCRIPTIVE_SAMPLE,complete,0,0.0,"descriptive deletion of net PnL; no resimulation, return or drawdown"
donchian,eth_short_regime_challenge_v1_donchian,20261007T203717Z-2caf5e37e706,9524e275d0d6439bb2f365edebd1f288,b5bd78a75b1c644c,ETHUSDT,1h,SHORT_ONLY,wf_1_train,base,76,30,46,0,-76.00817386309306,-1.0001075508301718,0.9714568622972339,39.473684210526315,-38.76210811179935,DESCRIPTIVE_SAMPLE,without_best,1,198.46323791872524,"descriptive deletion of net PnL; no resimulation, return or drawdown"
donchian,eth_short_regime_challenge_v1_donchian,20261007T203717Z-2caf5e37e706,9524e275d0d6439bb2f365edebd1f288,b5bd78a75b1c644c,ETHUSDT,1h,SHORT_ONLY,wf_1_train,base,73,27,46,0,-540.7360059334695,-7.407342547033829,0.7969389146751099,36.986301369863014,-40.26377782383344,DESCRIPTIVE_SAMPLE,without_top_5pct,4,663.1910699891017,"descriptive deletion of net PnL; no resimulation, return or drawdown"
donchian,eth_short_regime_challenge_v1_donchian,20261007T203717Z-2caf5e37e706,9524e275d0d6439bb2f365edebd1f288,b5bd78a75b1c644c,ETHUSDT,1h,SHORT_ONLY,wf_1_train,base,69,23,46,0,-1016.8149247152063,-14.736448184278352,0.6181583250947412,33.333333333333336,-42.745880685280795,DESCRIPTIVE_SAMPLE,without_top_10pct,8,1139.2699887708384,"descriptive deletion of net PnL; no resimulation, return or drawdown"
donchian,eth_short_regime_challenge_v1_donchian,20261007T203717Z-2caf5e37e706,97973c965f5641668ebcf23c6f39c1b1,b5bd78a75b1c644c,ETHUSDT,1h,SHORT_ONLY,wf_1_train,adverse,76,31,45,0,-46.77917456242514,-0.6155154547687518,0.9827067284529979,40.78947368421053,-40.79971243560752,DESCRIPTIVE_SAMPLE,complete,0,0.0,"descriptive deletion of net PnL; no resimulation, return or drawdown"
donchian,eth_short_regime_challenge_v1_donchian,20261007T203717Z-2caf5e37e706,97973c965f5641668ebcf23c6f39c1b1,b5bd78a75b1c644c,ETHUSDT,1h,SHORT_ONLY,wf_1_train,adverse,75,30,45,0,-235.35525953586534,-3.1380701271448714,0.9129941378564199,40.0,-41.92493481928259,DESCRIPTIVE_SAMPLE,without_best,1,188.5760849734402,"descriptive deletion of net PnL; no resimulation, return or drawdown"
donchian,eth_short_regime_challenge_v1_donchian,20261007T203717Z-2caf5e37e706,97973c965f5641668ebcf23c6f39c1b1,b5bd78a75b1c644c,ETHUSDT,1h,SHORT_ONLY,wf_1_train,adverse,72,27,45,0,-686.554213764047,-9.535475191167318,0.7461954264602026,37.5,-42.750384401862206,DESCRIPTIVE_SAMPLE,without_top_5pct,4,639.7750392016219,"descriptive deletion of net PnL; no resimulation, return or drawdown"
donchian,eth_short_regime_challenge_v1_donchian,20261007T203717Z-2caf5e37e706,97973c965f5641668ebcf23c6f39c1b1,b5bd78a75b1c644c,ETHUSDT,1h,SHORT_ONLY,wf_1_train,adverse,68,23,45,0,-1145.0587933960794,-16.83909990288352,0.5766959798519762,33.8235294117647,-45.74899530165793,DESCRIPTIVE_SAMPLE,without_top_10pct,8,1098.2796188336542,"descriptive deletion of net PnL; no resimulation, return or drawdown"
donchian,eth_short_regime_challenge_v1_donchian,20261007T203717Z-2caf5e37e706,a98e7a6e4fc74aaab305de26b957b97e,b5bd78a75b1c644c,ETHUSDT,1h,SHORT_ONLY,wf_1_test,base,20,6,14,0,-231.39285851183124,-11.569642925591562,0.7343273371207921,30.0,-49.06644052046906,DESCRIPTIVE_SAMPLE,complete,0,0.0,"descriptive deletion of net PnL; no resimulation, return or drawdown"
donchian,eth_short_regime_challenge_v1_donchian,20261007T203717Z-2caf5e37e706,a98e7a6e4fc74aaab305de26b957b97e,b5bd78a75b1c644c,ETHUSDT,1h,SHORT_ONLY,wf_1_test,base,19,5,14,0,-368.206059589149,-19.379266294165735,0.5772458797197156,26.31578947368421,-49.40625245825641,INSUFFICIENT_SAMPLE,without_best,1,136.81320107731773,"descriptive deletion of net PnL; no resimulation, return or drawdown"
donchian,eth_short_regime_challenge_v1_donchian,20261007T203717Z-2caf5e37e706,a98e7a6e4fc74aaab305de26b957b97e,b5bd78a75b1c644c,ETHUSDT,1h,SHORT_ONLY,wf_1_test,base,19,5,14,0,-368.206059589149,-19.379266294165735,0.5772458797197156,26.31578947368421,-49.40625245825641,INSUFFICIENT_SAMPLE,without_top_5pct,1,136.81320107731773,"descriptive deletion of net PnL; no resimulation, return or drawdown"
donchian,eth_short_regime_challenge_v1_donchian,20261007T203717Z-2caf5e37e706,a98e7a6e4fc74aaab305de26b957b97e,b5bd78a75b1c644c,ETHUSDT,1h,SHORT_ONLY,wf_1_test,base,18,4,14,0,-494.75644977341443,-27.486469431856356,0.43194762218106497,22.22222222222222,-49.47479570011698,INSUFFICIENT_SAMPLE,without_top_10pct,2,263.3635912615832,"descriptive deletion of net PnL; no resimulation, return or drawdown"
donchian,eth_short_regime_challenge_v1_donchian,20261007T203717Z-2caf5e37e706,8eb95b3fe8944d48ae7dd87cc983e688,b5bd78a75b1c644c,ETHUSDT,1h,SHORT_ONLY,wf_1_test,adverse,20,6,14,0,-291.4461225759357,-14.572306128796786,0.6795307980184967,30.0,-52.27034814297946,DESCRIPTIVE_SAMPLE,complete,0,0.0,"descriptive deletion of net PnL; no resimulation, return or drawdown"
donchian,eth_short_regime_challenge_v1_donchian,20261007T203717Z-2caf5e37e706,8eb95b3fe8944d48ae7dd87cc983e688,b5bd78a75b1c644c,ETHUSDT,1h,SHORT_ONLY,wf_1_test,adverse,19,5,14,0,-424.37988593321046,-22.335783470168973,0.533359091622217,26.31578947368421,-52.4420749029531,INSUFFICIENT_SAMPLE,without_best,1,132.93376335727478,"descriptive deletion of net PnL; no resimulation, return or drawdown"
donchian,eth_short_regime_challenge_v1_donchian,20261007T203717Z-2caf5e37e706,8eb95b3fe8944d48ae7dd87cc983e688,b5bd78a75b1c644c,ETHUSDT,1h,SHORT_ONLY,wf_1_test,adverse,19,5,14,0,-424.37988593321046,-22.335783470168973,0.533359091622217,26.31578947368421,-52.4420749029531,INSUFFICIENT_SAMPLE,without_top_5pct,1,132.93376335727478,"descriptive deletion of net PnL; no resimulation, return or drawdown"
donchian,eth_short_regime_challenge_v1_donchian,20261007T203717Z-2caf5e37e706,8eb95b3fe8944d48ae7dd87cc983e688,b5bd78a75b1c644c,ETHUSDT,1h,SHORT_ONLY,wf_1_test,adverse,18,4,14,0,-547.3169302369363,-30.406496124274238,0.39817960755920706,22.22222222222222,-52.54886921107072,INSUFFICIENT_SAMPLE,without_top_10pct,2,255.87080766100055,"descriptive deletion of net PnL; no resimulation, return or drawdown"
donchian,eth_short_regime_challenge_v1_donchian,20261007T203717Z-2caf5e37e706,d254981bd5444549890a91c50b6181f9,30db84831e4aaa26,ETHUSDT,1h,SHORT_ONLY,wf_2_train,base,104,41,63,0,97.75128949646904,0.9399162451583561,1.0256341053053386,39.42307692307692,-39.76538477534284,DESCRIPTIVE_SAMPLE,complete,0,0.0,"descriptive deletion of net PnL; no resimulation, return or drawdown"
donchian,eth_short_regime_challenge_v1_donchian,20261007T203717Z-2caf5e37e706,d254981bd5444549890a91c50b6181f9,30db84831e4aaa26,ETHUSDT,1h,SHORT_ONLY,wf_2_train,base,103,40,63,0,-105.63762857440634,-1.025608044411712,0.9722977966937163,38.83495145631068,-40.05428806586833,DESCRIPTIVE_SAMPLE,without_best,1,203.38891807087515,"descriptive deletion of net PnL; no resimulation, return or drawdown"
donchian,eth_short_regime_challenge_v1_donchian,20261007T203717Z-2caf5e37e706,d254981bd5444549890a91c50b6181f9,30db84831e4aaa26,ETHUSDT,1h,SHORT_ONLY,wf_2_train,base,98,35,63,0,-858.935065504276,-8.764643525553836,0.774754563003694,35.714285714285715,-42.22489372832922,DESCRIPTIVE_SAMPLE,without_top_5pct,6,956.6863550007448,"descriptive deletion of net PnL; no resimulation, return or drawdown"
donchian,eth_short_regime_challenge_v1_donchian,20261007T203717Z-2caf5e37e706,d254981bd5444549890a91c50b6181f9,30db84831e4aaa26,ETHUSDT,1h,SHORT_ONLY,wf_2_train,base,93,30,63,0,-1479.044555745093,-15.903704900484872,0.6121382736886853,32.25806451612903,-46.308798099726495,DESCRIPTIVE_SAMPLE,without_top_10pct,11,1576.795845241562,"descriptive deletion of net PnL; no resimulation, return or drawdown"
donchian,eth_short_regime_challenge_v1_donchian,20261007T203717Z-2caf5e37e706,3745782fb7064f61954aff12dc7ebcef,30db84831e4aaa26,ETHUSDT,1h,SHORT_ONLY,wf_2_train,adverse,103,41,62,0,-154.2802483976646,-1.4978664892977145,0.960290800666818,39.80582524271845,-42.73213409548781,DESCRIPTIVE_SAMPLE,complete,0,0.0,"descriptive deletion of net PnL; no resimulation, return or drawdown"
donchian,eth_short_regime_challenge_v1_donchian,20261007T203717Z-2caf5e37e706,3745782fb7064f61954aff12dc7ebcef,30db84831e4aaa26,ETHUSDT,1h,SHORT_ONLY,wf_2_train,adverse,102,40,62,0,-347.606600301958,-3.4079078460976273,0.9105317762689764,39.21568627450981,-42.8022599965414,DESCRIPTIVE_SAMPLE,without_best,1,193.32635190429338,"descriptive deletion of net PnL; no resimulation, return or drawdown"
donchian,eth_short_regime_challenge_v1_donchian,20261007T203717Z-2caf5e37e706,3745782fb7064f61954aff12dc7ebcef,30db84831e4aaa26,ETHUSDT,1h,SHORT_ONLY,wf_2_train,adverse,97,35,62,0,-1075.6366064059669,-11.089037179442958,0.7231488226299199,36.08247422680412,-44.80902376950701,DESCRIPTIVE_SAMPLE,without_top_5pct,6,921.3563580083023,"descriptive deletion of net PnL; no resimulation, return or drawdown"
donchian,eth_short_regime_challenge_v1_donchian,20261007T203717Z-2caf5e37e706,3745782fb7064f61954aff12dc7ebcef,30db84831e4aaa26,ETHUSDT,1h,SHORT_ONLY,wf_2_train,adverse,92,30,62,0,-1669.5632973668855,-18.147427145292234,0.5702818574441076,32.608695652173914,-48.968623255190295,DESCRIPTIVE_SAMPLE,without_top_10pct,11,1515.283048969221,"descriptive deletion of net PnL; no resimulation, return or drawdown"
donchian,eth_short_regime_challenge_v1_donchian,20261007T203717Z-2caf5e37e706,17b032deb9f04e8ab7c0441bfdc0b52c,41d7ee3faad0311a,ETHUSDT,1h,SHORT_ONLY,wf_2_train,base,94,37,57,0,34.71933031392862,0.3693545778077513,1.0098523394954906,39.361702127659576,-45.731152942668174,DESCRIPTIVE_SAMPLE,complete,0,0.0,"descriptive deletion of net PnL; no resimulation, return or drawdown"
donchian,eth_short_regime_challenge_v1_donchian,20261007T203717Z-2caf5e37e706,17b032deb9f04e8ab7c0441bfdc0b52c,41d7ee3faad0311a,ETHUSDT,1h,SHORT_ONLY,wf_2_train,base,93,36,57,0,-166.066242255019,-1.785658518871172,0.9528752143937397,38.70967741935484,-45.74628213480575,DESCRIPTIVE_SAMPLE,without_best,1,200.78557256894774,"descriptive deletion of net PnL; no resimulation, return or drawdown"
donchian,eth_short_regime_challenge_v1_donchian,20261007T203717Z-2caf5e37e706,17b032deb9f04e8ab7c0441bfdc0b52c,41d7ee3faad0311a,ETHUSDT,1h,SHORT_ONLY,wf_2_train,base,89,32,57,0,-777.9572216035855,-8.741092377568377,0.7792382920147469,35.95505617977528,-46.439663483050964,DESCRIPTIVE_SAMPLE,without_top_5pct,5,812.6765519175142,"descriptive deletion of net PnL; no resimulation, return or drawdown"
donchian,eth_short_regime_challenge_v1_donchian,20261007T203717Z-2caf5e37e706,17b032deb9f04e8ab7c0441bfdc0b52c,41d7ee3faad0311a,ETHUSDT,1h,SHORT_ONLY,wf_2_train,base,84,27,57,0,-1411.4595787796234,-16.803090223566944,0.5994686870812135,32.142857142857146,-48.450575393390594,DESCRIPTIVE_SAMPLE,without_top_10pct,10,1446.1789090935522,"descriptive deletion of net PnL; no resimulation, return or drawdown"
donchian,eth_short_regime_challenge_v1_donchian,20261007T203717Z-2caf5e37e706,f145c2da9672481bb72dfe67ae0c2866,41d7ee3faad0311a,ETHUSDT,1h,SHORT_ONLY,wf_2_train,adverse,93,37,56,0,-182.77770504444493,-1.9653516671445692,0.9490148972743456,39.784946236559136,-48.49228802489856,DESCRIPTIVE_SAMPLE,complete,0,0.0,"descriptive deletion of net PnL; no resimulation, return or drawdown"
donchian,eth_short_regime_challenge_v1_donchian,20261007T203717Z-2caf5e37e706,f145c2da9672481bb72dfe67ae0c2866,41d7ee3faad0311a,ETHUSDT,1h,SHORT_ONLY,wf_2_train,adverse,92,36,56,0,-374.0130756377881,-4.065359517802045,0.8956705628977361,39.130434782608695,-48.62398457811051,DESCRIPTIVE_SAMPLE,without_best,1,191.23537059334316,"descriptive deletion of net PnL; no resimulation, return or drawdown"
donchian,eth_short_regime_challenge_v1_donchian,20261007T203717Z-2caf5e37e706,f145c2da9672481bb72dfe67ae0c2866,41d7ee3faad0311a,ETHUSDT,1h,SHORT_ONLY,wf_2_train,adverse,88,32,56,0,-967.3442801400554,-10.992548637955174,0.730163219403471,36.36363636363637,-49.41091779337685,DESCRIPTIVE_SAMPLE,without_top_5pct,5,784.5665750956102,"descriptive deletion of net PnL; no resimulation, return or drawdown"
donchian,eth_short_regime_challenge_v1_donchian,20261007T203717Z-2caf5e37e706,f145c2da9672481bb72dfe67ae0c2866,41d7ee3faad0311a,ETHUSDT,1h,SHORT_ONLY,wf_2_train,adverse,83,27,56,0,-1575.362163430882,-18.980267029287734,0.5605590861691699,32.53012048192771,-51.070386144873105,DESCRIPTIVE_SAMPLE,without_top_10pct,10,1392.5844583864368,"descriptive deletion of net PnL; no resimulation, return or drawdown"
donchian,eth_short_regime_challenge_v1_donchian,20261007T203717Z-2caf5e37e706,29d4c27fe1284a3a836a742101f1f566,b5bd78a75b1c644c,ETHUSDT,1h,SHORT_ONLY,wf_2_train,base,87,35,52,0,140.16893978590758,1.611137238918478,1.042437302328426,40.229885057471265,-46.27679416052783,DESCRIPTIVE_SAMPLE,complete,0,0.0,"descriptive deletion of net PnL; no resimulation, return or drawdown"
donchian,eth_short_regime_challenge_v1_donchian,20261007T203717Z-2caf5e37e706,29d4c27fe1284a3a836a742101f1f566,b5bd78a75b1c644c,ETHUSDT,1h,SHORT_ONLY,wf_2_train,base,86,34,52,0,-63.929758100253636,-0.7433692802355074,0.9806447385816897,39.53488372093023,-46.53045207538739,DESCRIPTIVE_SAMPLE,without_best,1,204.09869788616123,"descriptive deletion of net PnL; no resimulation, return or drawdown"
donchian,eth_short_regime_challenge_v1_donchian,20261007T203717Z-2caf5e37e706,29d4c27fe1284a3a836a742101f1f566,b5bd78a75b1c644c,ETHUSDT,1h,SHORT_ONLY,wf_2_train,base,82,30,52,0,-683.8709003218447,-8.339889028315179,0.7929524458492835,36.58536585365854,-48.155538030585944,DESCRIPTIVE_SAMPLE,without_top_5pct,5,824.0398401077525,"descriptive deletion of net PnL; no resimulation, return or drawdown"
donchian,eth_short_regime_challenge_v1_donchian,20261007T203717Z-2caf5e37e706,29d4c27fe1284a3a836a742101f1f566,b5bd78a75b1c644c,ETHUSDT,1h,SHORT_ONLY,wf_2_train,base,78,26,52,0,-1206.0271599251807,-15.461886665707445,0.634865332646371,33.333333333333336,-49.50462559087528,DESCRIPTIVE_SAMPLE,without_top_10pct,9,1346.1960997110887,"descriptive deletion of net PnL; no resimulation, return or drawdown"
donchian,eth_short_regime_challenge_v1_donchian,20261007T203717Z-2caf5e37e706,5638a83c6f9d40dfa2a1742f97eb358e,b5bd78a75b1c644c,ETHUSDT,1h,SHORT_ONLY,wf_2_train,adverse,86,35,51,0,-56.07770240137609,-0.6520663069927451,0.9832778613733758,40.69767441860465,-48.24041610984517,DESCRIPTIVE_SAMPLE,complete,0,0.0,"descriptive deletion of net PnL; no resimulation, return or drawdown"
donchian,eth_short_regime_challenge_v1_donchian,20261007T203717Z-2caf5e37e706,5638a83c6f9d40dfa2a1742f97eb358e,b5bd78a75b1c644c,ETHUSDT,1h,SHORT_ONLY,wf_2_train,adverse,85,34,51,0,-250.66854352597363,-2.9490416885408663,0.9252516783912945,40.0,-49.67805762844823,DESCRIPTIVE_SAMPLE,without_best,1,194.59084112459763,"descriptive deletion of net PnL; no resimulation, return or drawdown"
donchian,eth_short_regime_challenge_v1_donchian,20261007T203717Z-2caf5e37e706,5638a83c6f9d40dfa2a1742f97eb358e,b5bd78a75b1c644c,ETHUSDT,1h,SHORT_ONLY,wf_2_train,adverse,81,30,51,0,-852.4158024072195,-10.523651881570611,0.7458131377538582,37.03703703703704,-50.378505242590016,DESCRIPTIVE_SAMPLE,without_top_5pct,5,796.3381000058437,"descriptive deletion of net PnL; no resimulation, return or drawdown"
donchian,eth_short_regime_challenge_v1_donchian,20261007T203717Z-2caf5e37e706,5638a83c6f9d40dfa2a1742f97eb358e,b5bd78a75b1c644c,ETHUSDT,1h,SHORT_ONLY,wf_2_train,adverse,77,26,51,0,-1353.1969346180736,-17.573986163871083,0.5964822779677358,33.76623376623377,-52.35354504101527,DESCRIPTIVE_SAMPLE,without_top_10pct,9,1297.119232216698,"descriptive deletion of net PnL; no resimulation, return or drawdown"
donchian,eth_short_regime_challenge_v1_donchian,20261007T203717Z-2caf5e37e706,21af4ffcda1148c7b98df7ea817e8b52,b5bd78a75b1c644c,ETHUSDT,1h,SHORT_ONLY,wf_2_test,base,28,12,16,0,250.9891781250764,8.963899218752728,1.1954267277831898,42.857142857142854,-53.909597610311494,DESCRIPTIVE_SAMPLE,complete,0,0.0,"descriptive deletion of net PnL; no resimulation, return or drawdown"
donchian,eth_short_regime_challenge_v1_donchian,20261007T203717Z-2caf5e37e706,21af4ffcda1148c7b98df7ea817e8b52,b5bd78a75b1c644c,ETHUSDT,1h,SHORT_ONLY,wf_2_test,base,27,11,16,0,45.75597953186204,1.694665908587483,1.0356268004191416,40.74074074074074,-54.085290192093886,DESCRIPTIVE_SAMPLE,without_best,1,205.23319859321447,"descriptive deletion of net PnL; no resimulation, return or drawdown"
donchian,eth_short_regime_challenge_v1_donchian,20261007T203717Z-2caf5e37e706,21af4ffcda1148c7b98df7ea817e8b52,b5bd78a75b1c644c,ETHUSDT,1h,SHORT_ONLY,wf_2_test,base,26,10,16,0,-151.13648600221737,-5.812941769316053,0.8823211856036904,38.46153846153846,-57.24819159849594,DESCRIPTIVE_SAMPLE,without_top_5pct,2,402.1256641272938,"descriptive deletion of net PnL; no resimulation, return or drawdown"
donchian,eth_short_regime_challenge_v1_donchian,20261007T203717Z-2caf5e37e706,21af4ffcda1148c7b98df7ea817e8b52,b5bd78a75b1c644c,ETHUSDT,1h,SHORT_ONLY,wf_2_test,base,25,9,16,0,-310.50515716655565,-12.420206286662227,0.758232576885743,36.0,-60.411093004898,DESCRIPTIVE_SAMPLE,without_top_10pct,3,561.4943352916321,"descriptive deletion of net PnL; no resimulation, return or drawdown"
donchian,eth_short_regime_challenge_v1_donchian,20261007T203717Z-2caf5e37e706,ca8e3bad80e64a65b54e2633a854e1c3,b5bd78a75b1c644c,ETHUSDT,1h,SHORT_ONLY,wf_2_test,adverse,28,12,16,0,167.9076009516641,5.996700033988004,1.1277764804701262,42.857142857142854,-57.20816042695044,DESCRIPTIVE_SAMPLE,complete,0,0.0,"descriptive deletion of net PnL; no resimulation, return or drawdown"
donchian,eth_short_regime_challenge_v1_donchian,20261007T203717Z-2caf5e37e706,ca8e3bad80e64a65b54e2633a854e1c3,b5bd78a75b1c644c,ETHUSDT,1h,SHORT_ONLY,wf_2_test,adverse,27,11,16,0,-31.433556143537004,-1.1642057830939632,0.9760792891452393,40.74074074074074,-57.3653606469348,DESCRIPTIVE_SAMPLE,without_best,1,199.34115709520114,"descriptive deletion of net PnL; no resimulation, return or drawdown"
donchian,eth_short_regime_challenge_v1_donchian,20261007T203717Z-2caf5e37e706,ca8e3bad80e64a65b54e2633a854e1c3,b5bd78a75b1c644c,ETHUSDT,1h,SHORT_ONLY,wf_2_test,adverse,26,10,16,0,-218.66144742096637,-8.410055670037169,0.8336002062586924,38.46153846153846,-60.5645854674989,DESCRIPTIVE_SAMPLE,without_top_5pct,2,386.56904837263045,"descriptive deletion of net PnL; no resimulation, return or drawdown"
donchian,eth_short_regime_challenge_v1_donchian,20261007T203717Z-2caf5e37e706,ca8e3bad80e64a65b54e2633a854e1c3,b5bd78a75b1c644c,ETHUSDT,1h,SHORT_ONLY,wf_2_test,adverse,25,9,16,0,-373.6098340056854,-14.944393360227416,0.7156855950075944,36.0,-63.763810288063006,DESCRIPTIVE_SAMPLE,without_top_10pct,3,541.5174349573495,"descriptive deletion of net PnL; no resimulation, return or drawdown"
donchian,eth_short_regime_challenge_v1_donchian,20261007T203717Z-2caf5e37e706,5e01313e832247bea3409d5342e601a5,30db84831e4aaa26,ETHUSDT,1h,SHORT_ONLY,wf_3_train,base,119,48,71,0,220.5297094860244,1.8531908360170117,1.0464511123367162,40.33613445378151,-46.26467903059486,DESCRIPTIVE_SAMPLE,complete,0,0.0,"descriptive deletion of net PnL; no resimulation, return or drawdown"
donchian,eth_short_regime_challenge_v1_donchian,20261007T203717Z-2caf5e37e706,5e01313e832247bea3409d5342e601a5,30db84831e4aaa26,ETHUSDT,1h,SHORT_ONLY,wf_3_train,base,118,47,71,0,12.032491548640948,0.10197026736136397,1.0025344549626405,39.83050847457627,-46.41120731782893,DESCRIPTIVE_SAMPLE,without_best,1,208.49721793738345,"descriptive deletion of net PnL; no resimulation, return or drawdown"
donchian,eth_short_regime_challenge_v1_donchian,20261007T203717Z-2caf5e37e706,5e01313e832247bea3409d5342e601a5,30db84831e4aaa26,ETHUSDT,1h,SHORT_ONLY,wf_3_train,base,113,42,71,0,-876.788714339867,-7.759192162299708,0.8153182572983554,37.16814159292036,-47.5022328647244,DESCRIPTIVE_SAMPLE,without_top_5pct,6,1097.3184238258914,"descriptive deletion of net PnL; no resimulation, return or drawdown"
donchian,eth_short_regime_challenge_v1_donchian,20261007T203717Z-2caf5e37e706,5e01313e832247bea3409d5342e601a5,30db84831e4aaa26,ETHUSDT,1h,SHORT_ONLY,wf_3_train,base,107,36,71,0,-1696.0689037324898,-15.851111249836354,0.642749780237287,33.64485981308411,-49.300824885253085,DESCRIPTIVE_SAMPLE,without_top_10pct,12,1916.5986132185146,"descriptive deletion of net PnL; no resimulation, return or drawdown"
donchian,eth_short_regime_challenge_v1_donchian,20261007T203717Z-2caf5e37e706,d6deb434cc784f2bbbedd625bd4e475e,30db84831e4aaa26,ETHUSDT,1h,SHORT_ONLY,wf_3_train,adverse,118,48,70,0,-75.51649560490057,-0.6399703017364455,0.9843112064074404,40.67796610169491,-48.1655927166873,DESCRIPTIVE_SAMPLE,complete,0,0.0,"descriptive deletion of net PnL; no resimulation, return or drawdown"
donchian,eth_short_regime_challenge_v1_donchian,20261007T203717Z-2caf5e37e706,d6deb434cc784f2bbbedd625bd4e475e,30db84831e4aaa26,ETHUSDT,1h,SHORT_ONLY,wf_3_train,adverse,117,47,70,0,-274.10668391198703,-2.3427921701879235,0.9430534593562754,40.17094017094017,-49.190775914629285,DESCRIPTIVE_SAMPLE,without_best,1,198.5901883070865,"descriptive deletion of net PnL; no resimulation, return or drawdown"
donchian,eth_short_regime_challenge_v1_donchian,20261007T203717Z-2caf5e37e706,d6deb434cc784f2bbbedd625bd4e475e,30db84831e4aaa26,ETHUSDT,1h,SHORT_ONLY,wf_3_train,adverse,112,42,70,0,-1125.295996001675,-10.047285678586382,0.7662161562134485,37.5,-49.91107681811947,DESCRIPTIVE_SAMPLE,without_top_5pct,6,1049.779500396774,"descriptive deletion of net PnL; no resimulation, return or drawdown"
donchian,eth_short_regime_challenge_v1_donchian,20261007T203717Z-2caf5e37e706,d6deb434cc784f2bbbedd625bd4e475e,30db84831e4aaa26,ETHUSDT,1h,SHORT_ONLY,wf_3_train,adverse,106,36,70,0,-1910.5818662958104,-18.02435722920576,0.6030705039753357,33.9622641509434,-52.148686908111586,DESCRIPTIVE_SAMPLE,without_top_10pct,12,1835.0653706909095,"descriptive deletion of net PnL; no resimulation, return or drawdown"
donchian,eth_short_regime_challenge_v1_donchian,20261007T203717Z-2caf5e37e706,07f979fbd93846e18d040388b3b3c1ac,41d7ee3faad0311a,ETHUSDT,1h,SHORT_ONLY,wf_3_train,base,108,45,63,0,502.9813751506013,4.65723495509816,1.1165208962128264,41.666666666666664,-46.90698163134384,DESCRIPTIVE_SAMPLE,complete,0,0.0,"descriptive deletion of net PnL; no resimulation, return or drawdown"
donchian,eth_short_regime_challenge_v1_donchian,20261007T203717Z-2caf5e37e706,07f979fbd93846e18d040388b3b3c1ac,41d7ee3faad0311a,ETHUSDT,1h,SHORT_ONLY,wf_3_train,base,107,44,63,0,291.74024431062617,2.7265443393516464,1.0675846788924235,41.12149532710281,-46.922509097668176,DESCRIPTIVE_SAMPLE,without_best,1,211.24113083997509,"descriptive deletion of net PnL; no resimulation, return or drawdown"
donchian,eth_short_regime_challenge_v1_donchian,20261007T203717Z-2caf5e37e706,07f979fbd93846e18d040388b3b3c1ac,41d7ee3faad0311a,ETHUSDT,1h,SHORT_ONLY,wf_3_train,base,102,39,63,0,-606.3849481217735,-5.944950471782093,0.8595245846151629,38.23529411764706,-48.9159091605559,DESCRIPTIVE_SAMPLE,without_top_5pct,6,1109.3663232723745,"descriptive deletion of net PnL; no resimulation, return or drawdown"
donchian,eth_short_regime_challenge_v1_donchian,20261007T203717Z-2caf5e37e706,07f979fbd93846e18d040388b3b3c1ac,41d7ee3faad0311a,ETHUSDT,1h,SHORT_ONLY,wf_3_train,base,97,34,63,0,-1305.9134972366048,-13.463025744707267,0.6974714798756229,35.05154639175258,-50.72962477915,DESCRIPTIVE_SAMPLE,without_top_10pct,11,1808.8948723872059,"descriptive deletion of net PnL; no resimulation, return or drawdown"
donchian,eth_short_regime_challenge_v1_donchian,20261007T203717Z-2caf5e37e706,31a93f38f3ba422dbc7fb9a37782f202,41d7ee3faad0311a,ETHUSDT,1h,SHORT_ONLY,wf_3_train,adverse,107,45,62,0,236.91677214117155,2.214175440571697,1.0542097784907338,42.05607476635514,-49.975050048050974,DESCRIPTIVE_SAMPLE,complete,0,0.0,"descriptive deletion of net PnL; no resimulation, return or drawdown"
donchian,eth_short_regime_challenge_v1_donchian,20261007T203717Z-2caf5e37e706,31a93f38f3ba422dbc7fb9a37782f202,41d7ee3faad0311a,ETHUSDT,1h,SHORT_ONLY,wf_3_train,adverse,106,44,62,0,35.235015935668116,0.33240581071385017,1.0080622506871395,41.509433962264154,-50.11080342223046,DESCRIPTIVE_SAMPLE,without_best,1,201.68175620550335,"descriptive deletion of net PnL; no resimulation, return or drawdown"
donchian,eth_short_regime_challenge_v1_donchian,20261007T203717Z-2caf5e37e706,31a93f38f3ba422dbc7fb9a37782f202,41d7ee3faad0311a,ETHUSDT,1h,SHORT_ONLY,wf_3_train,adverse,101,39,62,0,-826.0654314161231,-8.178865657585378,0.8109849984397188,38.613861386138616,-51.285276207134004,DESCRIPTIVE_SAMPLE,without_top_5pct,6,1062.982203557295,"descriptive deletion of net PnL; no resimulation, return or drawdown"
donchian,eth_short_regime_challenge_v1_donchian,20261007T203717Z-2caf5e37e706,31a93f38f3ba422dbc7fb9a37782f202,41d7ee3faad0311a,ETHUSDT,1h,SHORT_ONLY,wf_3_train,adverse,96,34,62,0,-1498.2060103176987,-15.606312607476028,0.6571900958349494,35.416666666666664,-53.28347327566998,DESCRIPTIVE_SAMPLE,without_top_10pct,11,1735.12278245887,"descriptive deletion of net PnL; no resimulation, return or drawdown"
donchian,eth_short_regime_challenge_v1_donchian,20261007T203717Z-2caf5e37e706,a0517329dc224f3aae8ba5a531911a99,b5bd78a75b1c644c,ETHUSDT,1h,SHORT_ONLY,wf_3_train,base,102,43,59,0,546.8145502962482,5.360926963688708,1.1325788991549368,42.15686274509804,-47.82860667355375,DESCRIPTIVE_SAMPLE,complete,0,0.0,"descriptive deletion of net PnL; no resimulation, return or drawdown"
donchian,eth_short_regime_challenge_v1_donchian,20261007T203717Z-2caf5e37e706,a0517329dc224f3aae8ba5a531911a99,b5bd78a75b1c644c,ETHUSDT,1h,SHORT_ONLY,wf_3_train,base,101,42,59,0,335.6585642945855,3.3233521217285693,1.081382697153895,41.584158415841586,-48.188346266795236,DESCRIPTIVE_SAMPLE,without_best,1,211.1559860016628,"descriptive deletion of net PnL; no resimulation, return or drawdown"
donchian,eth_short_regime_challenge_v1_donchian,20261007T203717Z-2caf5e37e706,a0517329dc224f3aae8ba5a531911a99,b5bd78a75b1c644c,ETHUSDT,1h,SHORT_ONLY,wf_3_train,base,96,37,59,0,-564.3381167879553,-5.878522049874534,0.8631723932101255,38.541666666666664,-50.22917283672794,DESCRIPTIVE_SAMPLE,without_top_5pct,6,1111.1526670842034,"descriptive deletion of net PnL; no resimulation, return or drawdown"
donchian,eth_short_regime_challenge_v1_donchian,20261007T203717Z-2caf5e37e706,a0517329dc224f3aae8ba5a531911a99,b5bd78a75b1c644c,ETHUSDT,1h,SHORT_ONLY,wf_3_train,base,91,32,59,0,-1267.125916956782,-13.924460625898703,0.6927767209745876,35.16483516483517,-52.0361223078603,DESCRIPTIVE_SAMPLE,without_top_10pct,11,1813.94046725303,"descriptive deletion of net PnL; no resimulation, return or drawdown"
donchian,eth_short_regime_challenge_v1_donchian,20261007T203717Z-2caf5e37e706,4296871db9224de59bb7fba12d3e950b,b5bd78a75b1c644c,ETHUSDT,1h,SHORT_ONLY,wf_3_train,adverse,101,43,58,0,300.48863477144465,2.975134997737076,1.0720471734698636,42.57425742574257,-50.642820497124326,DESCRIPTIVE_SAMPLE,complete,0,0.0,"descriptive deletion of net PnL; no resimulation, return or drawdown"
donchian,eth_short_regime_challenge_v1_donchian,20261007T203717Z-2caf5e37e706,4296871db9224de59bb7fba12d3e950b,b5bd78a75b1c644c,ETHUSDT,1h,SHORT_ONLY,wf_3_train,adverse,100,42,58,0,98.54818496536456,0.9854818496536456,1.0236285747803417,42.0,-50.98301790150158,DESCRIPTIVE_SAMPLE,without_best,1,201.94044980608,"descriptive deletion of net PnL; no resimulation, return or drawdown"
donchian,eth_short_regime_challenge_v1_donchian,20261007T203717Z-2caf5e37e706,4296871db9224de59bb7fba12d3e950b,b5bd78a75b1c644c,ETHUSDT,1h,SHORT_ONLY,wf_3_train,adverse,95,37,58,0,-765.2591587823438,-8.055359566129935,0.8165163238066244,38.94736842105263,-53.3352545421876,DESCRIPTIVE_SAMPLE,without_top_5pct,6,1065.7477935537886,"descriptive deletion of net PnL; no resimulation, return or drawdown"
donchian,eth_short_regime_challenge_v1_donchian,20261007T203717Z-2caf5e37e706,4296871db9224de59bb7fba12d3e950b,b5bd78a75b1c644c,ETHUSDT,1h,SHORT_ONLY,wf_3_train,adverse,90,32,58,0,-1441.5854822353383,-16.01761646928154,0.6543557815780788,35.55555555555556,-54.54152153396325,DESCRIPTIVE_SAMPLE,without_top_10pct,11,1742.074117006783,"descriptive deletion of net PnL; no resimulation, return or drawdown"
donchian,eth_short_regime_challenge_v1_donchian,20261007T203717Z-2caf5e37e706,f11418486e224a168fbebc860d6b25bd,b5bd78a75b1c644c,ETHUSDT,1h,SHORT_ONLY,wf_3_test,base,14,5,9,0,111.84598811849351,7.988999151320965,1.1874348677546729,35.714285714285715,-44.506652311781664,INSUFFICIENT_SAMPLE,complete,0,0.0,"descriptive deletion of net PnL; no resimulation, return or drawdown"
donchian,eth_short_regime_challenge_v1_donchian,20261007T203717Z-2caf5e37e706,f11418486e224a168fbebc860d6b25bd,b5bd78a75b1c644c,ETHUSDT,1h,SHORT_ONLY,wf_3_test,base,13,4,9,0,-68.74033075034357,-5.287717750026429,0.8848028881469315,30.76923076923077,-46.11392743090935,INSUFFICIENT_SAMPLE,without_best,1,180.58631886883705,"descriptive deletion of net PnL; no resimulation, return or drawdown"
donchian,eth_short_regime_challenge_v1_donchian,20261007T203717Z-2caf5e37e706,f11418486e224a168fbebc860d6b25bd,b5bd78a75b1c644c,ETHUSDT,1h,SHORT_ONLY,wf_3_test,base,13,4,9,0,-68.74033075034357,-5.287717750026429,0.8848028881469315,30.76923076923077,-46.11392743090935,INSUFFICIENT_SAMPLE,without_top_5pct,1,180.58631886883705,"descriptive deletion of net PnL; no resimulation, return or drawdown"
donchian,eth_short_regime_challenge_v1_donchian,20261007T203717Z-2caf5e37e706,f11418486e224a168fbebc860d6b25bd,b5bd78a75b1c644c,ETHUSDT,1h,SHORT_ONLY,wf_3_test,base,12,3,9,0,-231.59195598932757,-19.299329665777297,0.6118912410347951,25.0,-50.00542653439125,INSUFFICIENT_SAMPLE,without_top_10pct,2,343.4379441078211,"descriptive deletion of net PnL; no resimulation, return or drawdown"
donchian,eth_short_regime_challenge_v1_donchian,20261007T203717Z-2caf5e37e706,18e798b21b714c0eae278766ab993916,b5bd78a75b1c644c,ETHUSDT,1h,SHORT_ONLY,wf_3_test,adverse,14,5,9,0,67.86390656990643,4.8474218978504595,1.1089137484359612,35.714285714285715,-47.873306887737385,INSUFFICIENT_SAMPLE,complete,0,0.0,"descriptive deletion of net PnL; no resimulation, return or drawdown"
donchian,eth_short_regime_challenge_v1_donchian,20261007T203717Z-2caf5e37e706,18e798b21b714c0eae278766ab993916,b5bd78a75b1c644c,ETHUSDT,1h,SHORT_ONLY,wf_3_test,adverse,13,4,9,0,-109.47996023563839,-8.421535402741414,0.8242972818607103,30.76923076923077,-49.46391741483377,INSUFFICIENT_SAMPLE,without_best,1,177.3438668055448,"descriptive deletion of net PnL; no resimulation, return or drawdown"
donchian,eth_short_regime_challenge_v1_donchian,20261007T203717Z-2caf5e37e706,18e798b21b714c0eae278766ab993916,b5bd78a75b1c644c,ETHUSDT,1h,SHORT_ONLY,wf_3_test,adverse,13,4,9,0,-109.47996023563839,-8.421535402741414,0.8242972818607103,30.76923076923077,-49.46391741483377,INSUFFICIENT_SAMPLE,without_top_5pct,1,177.3438668055448,"descriptive deletion of net PnL; no resimulation, return or drawdown"
donchian,eth_short_regime_challenge_v1_donchian,20261007T203717Z-2caf5e37e706,18e798b21b714c0eae278766ab993916,b5bd78a75b1c644c,ETHUSDT,1h,SHORT_ONLY,wf_3_test,adverse,12,3,9,0,-268.9650868850571,-22.413757240421422,0.568342034939001,25.0,-53.27380293488007,INSUFFICIENT_SAMPLE,without_top_10pct,2,336.8289934549635,"descriptive deletion of net PnL; no resimulation, return or drawdown"
