configuration_id,candidate_id,symbol,timeframe,mode,parameters,period,scenario,start,end,closed_trades,strategy,strategy_version,win_rate_pct,return_pct,cagr_pct,sortino,long_contribution,short_contribution,long_trades,short_trades,average_entry_momentum,average_entry_volatility,average_entry_scaling_pct,average_entry_rsi,average_entry_adx,average_breakout_strength_atr,entry_buckets,conditional_results,funding_events,liquidation_fees,bankruptcy_adjustment,matched_hours,excluded_hours,margin_model,mfe_mean_pct,mae_mean_pct,profit_factor,sharpe,expectancy,max_drawdown_pct,fees_paid,average_win,average_loss,average_trade,average_close_exposure_pct,average_holding_hours,slippage_cost_closed_trades,spread_cost_closed_trades,gross_price_pnl,gross_return_pct,total_modeled_costs,cost_gross_profit_ratio,top_5_profit_share_pct,long_setup_count,short_setup_count,setups_traded_pct,midpoint_exit_pct,regime_exit_losses,funding_pnl,funding_note,filter_status,research_classification,payoff_ratio,average_cost_per_trade,median_winner,median_loser,pnl_p01,pnl_p05,pnl_p50,pnl_p95,pnl_p99,top_1pct_net_pnl,top_5pct_net_pnl,top_10pct_net_pnl,top_1pct_net_share_pct,top_5pct_net_share_pct,top_10pct_net_share_pct,net_pnl_without_best,single_best_net_pnl,long_expectancy,short_expectancy,long_profit_factor,short_profit_factor,family,experiment_id,run_id,backtest_id,winners,losers,breakeven_trades,net_pnl,median_net_pnl,sample_status,classification,classification_status
cf431489718e192b,,ETHUSDT,1h,SHORT_ONLY,"{""atr_expansion_threshold"": 1.1, ""atr_length"": 14, ""atr_reference_length"": 50, ""atr_reference_method"": ""mean"", ""atr_stop_multiplier"": 2.0, ""exit_length"": 10, ""exit_method"": ""risk"", ""fast_length"": 50, ""impulse_atr_multiplier"": 0.75, ""reward_risk"": 2.0, ""slope_lookback"": 5, ""trend_filter"": ""ema_slope"", ""trend_length"": 200}",train,base,2023-06-04T00:00:00+00:00,2024-07-01T00:00:00+00:00,94,atr_volatility_breakout,1.0.0,34.04255319148936,-5.691249672280064,-5.2967071243999015,-1.4814772119942776,0,-569.1249672280136,0,94,,,,,,,,,,,,,,,,,0.8033639844427031,-0.9195810568204531,-6.054520927957592,10.227712969233485,223.20998955962693,72.66193390715821,-46.682368584791554,,5.487163186848747,,133.92597382063528,22.320995636772547,,,379.4569590170347,,,,,,,,,not_modelled_synthetic,,,1.5565177198577373,4.036776159755688,60.41606367817726,-44.045099802470844,-96.34131871063155,-80.3970061584574,-32.53455887550461,107.24450564750909,164.63071711757297,171.76394084445036,745.8745392477858,1206.8814158241562,,,,-740.8889080724639,171.76394084445036,,-6.054520927957592,,0.8033639844427031,atr,eth_short_regime_challenge_v1_atr,20261007T203617Z-52e2dc923989,b7e8247ec6d74a51aee45ead5f91cfce,32,62,0,-569.1249672280136,-32.53455887550461,DESCRIPTIVE_SAMPLE,,human_review_required
cf431489718e192b,,ETHUSDT,1h,SHORT_ONLY,"{""atr_expansion_threshold"": 1.1, ""atr_length"": 14, ""atr_reference_length"": 50, ""atr_reference_method"": ""mean"", ""atr_stop_multiplier"": 2.0, ""exit_length"": 10, ""exit_method"": ""risk"", ""fast_length"": 50, ""impulse_atr_multiplier"": 0.75, ""reward_risk"": 2.0, ""slope_lookback"": 5, ""trend_filter"": ""ema_slope"", ""trend_length"": 200}",train,adverse,2023-06-04T00:00:00+00:00,2024-07-01T00:00:00+00:00,93,atr_volatility_breakout,1.0.0,34.40860215053763,-7.816917990221572,-7.280792290652938,-2.0828599074651386,0,-781.6917990221572,0,93,,,,,,,,,,,,,,,,,0.7360909221179376,-1.3202883125038931,-8.405288161528572,12.171831537310357,434.87939091653715,68.13381546164865,-48.55694907860515,,5.488916338809906,,260.9276167432431,43.48793612387385,,,739.2949437836542,,,,,,,,,not_modelled_synthetic,,,1.4031733202873184,7.949407997673701,56.39605656573213,-46.41027565046634,-94.0962598942723,-79.27976661614515,-35.24466594834227,101.83255028614877,157.40800442347162,160.1347186225358,708.5026889439532,1145.0608568551722,,,,-941.826517644693,160.1347186225358,,-8.405288161528572,,0.7360909221179377,atr,eth_short_regime_challenge_v1_atr,20261007T203617Z-52e2dc923989,be5fea572aae49d3a07a704b775e73de,32,61,0,-781.6917990221572,-35.24466594834227,DESCRIPTIVE_SAMPLE,,human_review_required
b189830689073f8b,,ETHUSDT,1h,SHORT_ONLY,"{""atr_expansion_threshold"": 1.1, ""atr_length"": 14, ""atr_reference_length"": 50, ""atr_reference_method"": ""mean"", ""atr_stop_multiplier"": 2.0, ""exit_length"": 10, ""exit_method"": ""risk"", ""fast_length"": 50, ""impulse_atr_multiplier"": 1.0, ""reward_risk"": 2.0, ""slope_lookback"": 5, ""trend_filter"": ""ema_slope"", ""trend_length"": 200}",train,base,2023-06-04T00:00:00+00:00,2024-07-01T00:00:00+00:00,82,atr_volatility_breakout,1.0.0,37.80487804878049,0.1757171973147731,0.16318769669634303,0.10117695088958294,0,17.57171973146597,0,82,,,,,,,,,,,,,,,,,1.007207110812392,0.057003237506133994,0.21428926501787796,6.1732622577395135,200.16815458931995,79.21549811747411,-47.80605337078886,,4.693447583315207,,120.10093032864273,20.016821721440458,,,340.28590663940315,,,,,,,,,not_modelled_synthetic,,,1.657018150046193,4.149828129748819,62.82611171360626,-43.56829122114676,-99.65245845440035,-77.15381398781705,-30.26643813700685,116.66136166687394,175.38787144357624,179.5212407692365,787.1696873291493,1217.430401865571,1021.6486690700204,4479.753258979828,6928.35089832156,-161.9495210377705,179.5212407692365,,0.21428926501787768,,1.0072071108123917,atr,eth_short_regime_challenge_v1_atr,20261007T203617Z-52e2dc923989,7af0a45591244d29a43c233a4eabee16,31,51,0,17.571719731465993,-30.26643813700685,DESCRIPTIVE_SAMPLE,,human_review_required
b189830689073f8b,,ETHUSDT,1h,SHORT_ONLY,"{""atr_expansion_threshold"": 1.1, ""atr_length"": 14, ""atr_reference_length"": 50, ""atr_reference_method"": ""mean"", ""atr_stop_multiplier"": 2.0, ""exit_length"": 10, ""exit_method"": ""risk"", ""fast_length"": 50, ""impulse_atr_multiplier"": 1.0, ""reward_risk"": 2.0, ""slope_lookback"": 5, ""trend_filter"": ""ema_slope"", ""trend_length"": 200}",train,adverse,2023-06-04T00:00:00+00:00,2024-07-01T00:00:00+00:00,81,atr_volatility_breakout,1.0.0,38.27160493827161,-1.71345576197246,-1.5923548484594319,-0.493133520945852,0,-171.34557619724643,0,81,,,,,,,,,,,,,,,,,0.9310739296607319,-0.2816797653426782,-2.115377483916623,7.860089916489262,390.0585612785109,74.66410266718239,-49.71865517759801,,4.703963925690466,,234.0353433038785,39.00589055064642,,,663.0997951330359,,,,,,,,,not_modelled_synthetic,,,1.5017321446140837,8.18641722386464,58.628746633560546,-45.12134966444298,-98.64537472504293,-76.70167303813662,-32.749081078624876,111.01740178272532,167.79570534542742,167.996375847019,750.7250416639539,1160.759040303543,,,,-339.34195204426544,167.996375847019,,-2.1153774839166224,,0.9310739296607321,atr,eth_short_regime_challenge_v1_atr,20261007T203617Z-52e2dc923989,c866a6df27c4463a8d66364a8f1d67d0,31,50,0,-171.34557619724646,-32.749081078624876,DESCRIPTIVE_SAMPLE,,human_review_required
817d1c5f49c84d4e,,ETHUSDT,1h,SHORT_ONLY,"{""atr_expansion_threshold"": 1.1, ""atr_length"": 14, ""atr_reference_length"": 50, ""atr_reference_method"": ""mean"", ""atr_stop_multiplier"": 2.0, ""exit_length"": 10, ""exit_method"": ""risk"", ""fast_length"": 50, ""impulse_atr_multiplier"": 1.25, ""reward_risk"": 2.0, ""slope_lookback"": 5, ""trend_filter"": ""ema_slope"", ""trend_length"": 200}",train,base,2023-06-04T00:00:00+00:00,2024-07-01T00:00:00+00:00,68,atr_volatility_breakout,1.0.0,39.705882352941174,2.63695235403385,2.446798661571359,0.8829906319359726,0,263.69523540336803,0,68,,,,,,,,,,,,,,,,,1.1355326219384285,0.4737624855137956,3.8778711088730593,5.173794882623349,167.10856931943798,81.82656002273588,-47.45419232220733,,3.6592192398900067,,100.26519910854915,16.710866518091528,,,284.0846349460786,,,,,,,,,not_modelled_synthetic,,,1.7243273147953917,4.177715219795274,64.77569099583029,-41.34325549367203,-100.8566686623718,-78.28444849742407,-27.093208199950265,141.5195712208837,178.01063908003394,181.46669543098392,677.7068488011648,1026.1484815230394,68.81682755981497,257.0038278334812,389.1418363905459,82.22853997238411,181.46669543098392,,3.8778711088730593,,1.135532621938429,atr,eth_short_regime_challenge_v1_atr,20261007T203617Z-52e2dc923989,aa5334eb9e37486da6e26afeb06d2f71,27,41,0,263.69523540336803,-27.093208199950265,DESCRIPTIVE_SAMPLE,,human_review_required
817d1c5f49c84d4e,,ETHUSDT,1h,SHORT_ONLY,"{""atr_expansion_threshold"": 1.1, ""atr_length"": 14, ""atr_reference_length"": 50, ""atr_reference_method"": ""mean"", ""atr_stop_multiplier"": 2.0, ""exit_length"": 10, ""exit_method"": ""risk"", ""fast_length"": 50, ""impulse_atr_multiplier"": 1.25, ""reward_risk"": 2.0, ""slope_lookback"": 5, ""trend_filter"": ""ema_slope"", ""trend_length"": 200}",train,adverse,2023-06-04T00:00:00+00:00,2024-07-01T00:00:00+00:00,68,atr_volatility_breakout,1.0.0,39.705882352941174,0.3192166094578841,0.2964397659931617,0.15088773271899972,0,31.92166094578677,0,68,,,,,,,,,,,,,,,,,1.015548078567758,0.08297058179653038,0.4694361903792165,6.577737670787975,329.99340472883125,77.22278826670296,-50.075454201346176,,3.6750811582919494,,197.99629185980936,32.99938197663489,,,560.9890785652756,,,,,,,,,not_modelled_synthetic,,,1.54212856375104,8.249839390665818,60.17860394977916,-44.177914380644125,-100.62771571051874,-80.25410349620778,-30.000267554291007,136.00222216810442,170.16404024243676,170.3343177150654,648.6106034412361,981.8131625053925,533.6010491570223,2031.8823777459015,3075.6957295324573,-138.41265676927867,170.3343177150654,,0.4694361903792172,,1.015548078567758,atr,eth_short_regime_challenge_v1_atr,20261007T203617Z-52e2dc923989,ebeee4bdb9004415b5cd15a7d5c32b06,27,41,0,31.921660945786723,-30.000267554291007,DESCRIPTIVE_SAMPLE,,human_review_required
143528a8db38d8af,,ETHUSDT,1h,SHORT_ONLY,"{""atr_expansion_threshold"": 1.25, ""atr_length"": 14, ""atr_reference_length"": 50, ""atr_reference_method"": ""mean"", ""atr_stop_multiplier"": 2.0, ""exit_length"": 10, ""exit_method"": ""risk"", ""fast_length"": 50, ""impulse_atr_multiplier"": 0.75, ""reward_risk"": 2.0, ""slope_lookback"": 5, ""trend_filter"": ""ema_slope"", ""trend_length"": 200}",train,base,2023-06-04T00:00:00+00:00,2024-07-01T00:00:00+00:00,72,atr_volatility_breakout,1.0.0,33.333333333333336,-5.4005032972958,-5.0255755684939345,-1.5068460262823447,0,-540.0503297295639,0,72,,,,,,,,,,,,,,,,,0.7684916773131504,-0.9577995410933416,-7.500699024021723,9.278280512759345,171.7944649102208,74.69569180614587,-48.59889443910552,,4.657683165198686,,103.07665290615664,17.17944215102611,,,292.0505599674035,,,,,,,,,not_modelled_synthetic,,,1.5369833546263008,4.056257777325048,59.765547753737756,-43.65800702156929,-96.41259934481285,-87.46027060686109,-32.81374979804738,113.09966665648025,165.84327826631073,173.72695212209652,613.6662733067257,999.1655237946762,,,,-713.7772818516605,173.72695212209652,,-7.5006990240217215,,0.7684916773131504,atr,eth_short_regime_challenge_v1_atr,20261007T203617Z-52e2dc923989,fd1637e50e1f4b38b272eaf2dc5a5cb4,24,48,0,-540.050329729564,-32.81374979804738,DESCRIPTIVE_SAMPLE,,human_review_required
143528a8db38d8af,,ETHUSDT,1h,SHORT_ONLY,"{""atr_expansion_threshold"": 1.25, ""atr_length"": 14, ""atr_reference_length"": 50, ""atr_reference_method"": ""mean"", ""atr_stop_multiplier"": 2.0, ""exit_length"": 10, ""exit_method"": ""risk"", ""fast_length"": 50, ""impulse_atr_multiplier"": 0.75, ""reward_risk"": 2.0, ""slope_lookback"": 5, ""trend_filter"": ""ema_slope"", ""trend_length"": 200}",train,adverse,2023-06-04T00:00:00+00:00,2024-07-01T00:00:00+00:00,72,atr_volatility_breakout,1.0.0,33.333333333333336,-7.636991006019455,-7.1127243318587885,-2.1073402313287066,0,-763.6991006019457,0,72,,,,,,,,,,,,,,,,,0.6882492894314679,-1.3925239503794717,-10.6069319528048,10.781288912416741,339.0047652711666,70.25048988263045,-51.03564287052242,,4.606017626240775,,203.40278045844155,33.90046340974026,,,576.3080091393484,,,,,,,,,not_modelled_synthetic,,,1.3764985788629358,8.004277904713172,56.286223270075155,-46.39213964071804,-94.91499152655034,-88.62063598686605,-35.72156292346054,107.76895718400874,158.41811045457476,162.73272971214237,585.3601840520228,951.1195912784864,,,,-926.431830314088,162.73272971214237,,-10.606931952804802,,0.688249289431468,atr,eth_short_regime_challenge_v1_atr,20261007T203617Z-52e2dc923989,d5046f27b25f4db18f4d4d63c29fc310,24,48,0,-763.6991006019456,-35.72156292346054,DESCRIPTIVE_SAMPLE,,human_review_required
49c4a234fbe24bab,,ETHUSDT,1h,SHORT_ONLY,"{""atr_expansion_threshold"": 1.25, ""atr_length"": 14, ""atr_reference_length"": 50, ""atr_reference_method"": ""mean"", ""atr_stop_multiplier"": 2.0, ""exit_length"": 10, ""exit_method"": ""risk"", ""fast_length"": 50, ""impulse_atr_multiplier"": 1.0, ""reward_risk"": 2.0, ""slope_lookback"": 5, ""trend_filter"": ""ema_slope"", ""trend_length"": 200}",train,base,2023-06-04T00:00:00+00:00,2024-07-01T00:00:00+00:00,65,atr_volatility_breakout,1.0.0,35.38461538461539,-3.9087935003129126,-3.6354314160755186,-1.1568526166764863,0,-390.8793500312945,0,65,,,,,,,,,,,,,,,,,0.8161493361685519,-0.7252346236990285,-6.013528462019915,5.9537995273919915,156.9166257800278,75.44306444904882,-50.62071029427183,,3.939948448099694,,94.14996243530102,15.691660405883503,,,266.7582486212123,,,,,,,,,not_modelled_synthetic,,,1.4903596573512685,4.103973055710958,57.72300858609498,-46.61821145524033,-99.02221028138716,-89.88611108758278,-31.21323661793723,113.47228960781071,172.72631862911783,180.09304158704276,622.9785062461846,922.4771770472582,,,,-570.9723916183373,180.09304158704276,,-6.013528462019916,,0.8161493361685519,atr,eth_short_regime_challenge_v1_atr,20261007T203617Z-52e2dc923989,9fd6193418ec463c8ac4c9e26b8dcdd3,23,42,0,-390.87935003129445,-31.21323661793723,DESCRIPTIVE_SAMPLE,,human_review_required
49c4a234fbe24bab,,ETHUSDT,1h,SHORT_ONLY,"{""atr_expansion_threshold"": 1.25, ""atr_length"": 14, ""atr_reference_length"": 50, ""atr_reference_method"": ""mean"", ""atr_stop_multiplier"": 2.0, ""exit_length"": 10, ""exit_method"": ""risk"", ""fast_length"": 50, ""impulse_atr_multiplier"": 1.0, ""reward_risk"": 2.0, ""slope_lookback"": 5, ""trend_filter"": ""ema_slope"", ""trend_length"": 200}",train,adverse,2023-06-04T00:00:00+00:00,2024-07-01T00:00:00+00:00,65,atr_volatility_breakout,1.0.0,35.38461538461539,-5.957469078257704,-5.545018621433484,-1.741872017364029,0,-595.7469078257735,0,65,,,,,,,,,,,,,,,,,0.732857332274498,-1.1379231413210187,-9.16533704347344,7.290018551731259,309.94303104277867,71.05753531839662,-53.09691000354513,,3.9240741481936956,,185.9657897112759,30.994298285212654,,,526.9031190392672,,,,,,,,,not_modelled_synthetic,,,1.338261215457779,8.10620183137334,54.105164704578584,-49.41437063664873,-97.72361744994565,-91.56805255933118,-34.32878645906637,108.74878344581077,165.0592911204332,169.10070185426264,595.8042087261721,880.3757821431498,,,,-764.8476096800362,169.10070185426264,,-9.16533704347344,,0.732857332274498,atr,eth_short_regime_challenge_v1_atr,20261007T203617Z-52e2dc923989,2d28a410843b4f3483fd4e3da684da38,23,42,0,-595.7469078257735,-34.32878645906637,DESCRIPTIVE_SAMPLE,,human_review_required
cfd1f51b4fb4e68c,,ETHUSDT,1h,SHORT_ONLY,"{""atr_expansion_threshold"": 1.25, ""atr_length"": 14, ""atr_reference_length"": 50, ""atr_reference_method"": ""mean"", ""atr_stop_multiplier"": 2.0, ""exit_length"": 10, ""exit_method"": ""risk"", ""fast_length"": 50, ""impulse_atr_multiplier"": 1.25, ""reward_risk"": 2.0, ""slope_lookback"": 5, ""trend_filter"": ""ema_slope"", ""trend_length"": 200}",train,base,2023-06-04T00:00:00+00:00,2024-07-01T00:00:00+00:00,52,atr_volatility_breakout,1.0.0,38.46153846153846,-0.8678972506962368,-0.8063123218955748,-0.2760447099415372,0,-86.78972506961915,0,52,,,,,,,,,,,,,,,,,0.9460406561585407,-0.15101839021114427,-1.6690331744157516,4.079707336425015,127.83377481982423,76.08191891095265,-50.26337822777101,,3.07604469963602,,76.70027859730388,12.783379766217314,,,217.31743318334543,,,,,,,,,not_modelled_synthetic,,,1.513665049853665,4.1791814073720275,56.2857703113723,-44.8478690562645,-101.28095149907921,-84.30556224585499,-30.721235588307955,138.5809070749785,179.30598549300697,184.42831491294075,523.1543031096397,823.9751987417762,,,,-271.21803998255984,184.42831491294075,,-1.669033174415753,,0.946040656158541,atr,eth_short_regime_challenge_v1_atr,20261007T203617Z-52e2dc923989,2278be821b54488690bb4e75b4bc3a01,20,32,0,-86.78972506961908,-30.721235588307955,DESCRIPTIVE_SAMPLE,,human_review_required
cfd1f51b4fb4e68c,,ETHUSDT,1h,SHORT_ONLY,"{""atr_expansion_threshold"": 1.25, ""atr_length"": 14, ""atr_reference_length"": 50, ""atr_reference_method"": ""mean"", ""atr_stop_multiplier"": 2.0, ""exit_length"": 10, ""exit_method"": ""risk"", ""fast_length"": 50, ""impulse_atr_multiplier"": 1.25, ""reward_risk"": 2.0, ""slope_lookback"": 5, ""trend_filter"": ""ema_slope"", ""trend_length"": 200}",train,adverse,2023-06-04T00:00:00+00:00,2024-07-01T00:00:00+00:00,52,atr_volatility_breakout,1.0.0,38.46153846153846,-2.586172555859667,-2.404149544159706,-0.8793835608830507,0,-258.6172555859616,0,52,,,,,,,,,,,,,,,,,0.8473467913289313,-0.5050462195125087,-4.973408761268491,5.003109409080904,253.0341805536549,71.77657895657146,-52.94215108491845,,3.061005290994598,,151.8205803793858,25.30343006323097,,,430.1581909962716,,,,,,,,,not_modelled_synthetic,,,1.3557548661262901,8.272272903774454,52.709246699786306,-47.77564074982368,-100.2931341531949,-86.5502247205454,-33.98897072145717,133.60571632771098,171.13963728916633,173.5847361302354,501.14671323900086,788.3941677335317,,,,-432.2019917161969,173.5847361302354,,-4.973408761268492,,0.8473467913289314,atr,eth_short_regime_challenge_v1_atr,20261007T203617Z-52e2dc923989,6a4808833c7046f2a41e08861dc2e9ff,20,32,0,-258.6172555859615,-33.98897072145717,DESCRIPTIVE_SAMPLE,,human_review_required
cf431489718e192b,,ETHUSDT,1h,SHORT_ONLY,"{""atr_expansion_threshold"": 1.1, ""atr_length"": 14, ""atr_reference_length"": 50, ""atr_reference_method"": ""mean"", ""atr_stop_multiplier"": 2.0, ""exit_length"": 10, ""exit_method"": ""risk"", ""fast_length"": 50, ""impulse_atr_multiplier"": 0.75, ""reward_risk"": 2.0, ""slope_lookback"": 5, ""trend_filter"": ""ema_slope"", ""trend_length"": 200}",validation,base,2024-07-01T00:00:00+00:00,2025-01-01T00:00:00+00:00,51,atr_volatility_breakout,1.0.0,37.254901960784316,-0.341028601068194,-0.6753622155660666,-0.03454963017794274,0,-34.102860106820565,0,51,,,,,,,,,,,,,,,,,0.9843940967114183,-0.022262367298699275,-0.6686835315062819,6.013766302959398,124.83568119035344,113.21847268928889,-68.28918253760342,,6.8394843010947035,,74.90142741658313,12.48357123609719,,,212.22067984303376,,,,,,,,,not_modelled_synthetic,,,1.6579268997244938,4.1611898008437995,105.98928627117617,-62.07986353933918,-104.02871995079363,-102.03922518458957,-50.72403785451224,135.7410481255646,193.204627169383,196.25989649004705,527.4702095086586,914.0417164757934,,,,-230.36275659686743,196.25989649004705,,-0.6686835315062856,,0.9843940967114183,atr,eth_short_regime_challenge_v1_atr,20261007T203617Z-52e2dc923989,332f12a952da45628517692799de225a,19,32,0,-34.10286010682038,-50.72403785451224,DESCRIPTIVE_SAMPLE,,human_review_required
cf431489718e192b,,ETHUSDT,1h,SHORT_ONLY,"{""atr_expansion_threshold"": 1.1, ""atr_length"": 14, ""atr_reference_length"": 50, ""atr_reference_method"": ""mean"", ""atr_stop_multiplier"": 2.0, ""exit_length"": 10, ""exit_method"": ""risk"", ""fast_length"": 50, ""impulse_atr_multiplier"": 0.75, ""reward_risk"": 2.0, ""slope_lookback"": 5, ""trend_filter"": ""ema_slope"", ""trend_length"": 200}",validation,adverse,2024-07-01T00:00:00+00:00,2025-01-01T00:00:00+00:00,51,atr_volatility_breakout,1.0.0,37.254901960784316,-1.9503536970715163,-3.831790640720434,-0.5410494636096437,0,-195.0353697071519,0,51,,,,,,,,,,,,,,,,,0.913723231100783,-0.35932999977038105,-3.8242229354343507,6.776819138075217,246.9287980976487,108.71277246926492,-70.64306395697454,,6.855523374631846,,148.15737325094204,24.692895541823674,,,419.77906689041436,,,,,,,,,not_modelled_synthetic,,,1.5389022839592135,8.230962095890478,102.15261512207098,-64.88095566698001,-103.2321940362813,-101.57833518867504,-53.31697362794413,131.4478656112999,184.52007056899913,187.90659240794042,506.38931302549037,878.9945311698241,,,,-382.94196211509234,187.90659240794042,,-3.8242229354343507,,0.913723231100783,atr,eth_short_regime_challenge_v1_atr,20261007T203617Z-52e2dc923989,cdfa91e794f0443d815f7c89edca5209,19,32,0,-195.0353697071519,-53.31697362794413,DESCRIPTIVE_SAMPLE,,human_review_required
b189830689073f8b,,ETHUSDT,1h,SHORT_ONLY,"{""atr_expansion_threshold"": 1.1, ""atr_length"": 14, ""atr_reference_length"": 50, ""atr_reference_method"": ""mean"", ""atr_stop_multiplier"": 2.0, ""exit_length"": 10, ""exit_method"": ""risk"", ""fast_length"": 50, ""impulse_atr_multiplier"": 1.0, ""reward_risk"": 2.0, ""slope_lookback"": 5, ""trend_filter"": ""ema_slope"", ""trend_length"": 200}",validation,base,2024-07-01T00:00:00+00:00,2025-01-01T00:00:00+00:00,41,atr_volatility_breakout,1.0.0,36.58536585365854,-0.20781435522947422,-0.4118190646926645,-0.023783997627065883,0,-20.781435522948797,0,41,,,,,,,,,,,,,,,,,0.9881862328704496,-0.014919104752727418,-0.5068642810475309,6.859735441725072,101.04200341480272,115.88698878669528,-67.65716412782223,,4.962822066100716,,60.62521790283045,10.104202983805076,,,171.77142430143823,,,,,,,,,not_modelled_synthetic,,,1.712856136975446,4.18954693418142,105.59482722310368,-61.66272363882641,-103.88340395748398,-102.47857323604136,-48.16589979742558,141.81237567854748,193.41530504463702,197.30551254630325,526.6978820169884,794.1053919638101,,,,-218.086948069252,197.30551254630325,,-0.5068642810475317,,0.9881862328704495,atr,eth_short_regime_challenge_v1_atr,20261007T203617Z-52e2dc923989,be31d88eb23041e491616d35095cdf44,15,26,0,-20.78143552294877,-48.16589979742558,DESCRIPTIVE_SAMPLE,,human_review_required
b189830689073f8b,,ETHUSDT,1h,SHORT_ONLY,"{""atr_expansion_threshold"": 1.1, ""atr_length"": 14, ""atr_reference_length"": 50, ""atr_reference_method"": ""mean"", ""atr_stop_multiplier"": 2.0, ""exit_length"": 10, ""exit_method"": ""risk"", ""fast_length"": 50, ""impulse_atr_multiplier"": 1.0, ""reward_risk"": 2.0, ""slope_lookback"": 5, ""trend_filter"": ""ema_slope"", ""trend_length"": 200}",validation,adverse,2024-07-01T00:00:00+00:00,2025-01-01T00:00:00+00:00,41,atr_volatility_breakout,1.0.0,36.58536585365854,-1.512360068237617,-2.9777442583380664,-0.5444980865871085,0,-151.23600682377125,0,41,,,,,,,,,,,,,,,,,0.9170278358168944,-0.3558539307822831,-3.6886830932627097,7.429806823552071,200.05272060462008,111.43305661653956,-70.10507138737941,,4.9865925420488395,,120.03171168133056,20.00528528022176,,,340.0897175661724,,,,,,,,,not_modelled_synthetic,,,1.5895149154159502,8.294871160150546,102.15261512207098,-64.35747816425398,-103.37181337783376,-101.24287934594827,-51.4139921636169,138.12815357718006,185.0317940883715,188.97234498049392,506.2214663078618,764.3313399106538,,,,-340.208351804265,188.97234498049392,,-3.6886830932627133,,0.9170278358168945,atr,eth_short_regime_challenge_v1_atr,20261007T203617Z-52e2dc923989,25a5084d295749cca501a161b3b1a9b8,15,26,0,-151.2360068237711,-51.4139921636169,DESCRIPTIVE_SAMPLE,,human_review_required
817d1c5f49c84d4e,,ETHUSDT,1h,SHORT_ONLY,"{""atr_expansion_threshold"": 1.1, ""atr_length"": 14, ""atr_reference_length"": 50, ""atr_reference_method"": ""mean"", ""atr_stop_multiplier"": 2.0, ""exit_length"": 10, ""exit_method"": ""risk"", ""fast_length"": 50, ""impulse_atr_multiplier"": 1.25, ""reward_risk"": 2.0, ""slope_lookback"": 5, ""trend_filter"": ""ema_slope"", ""trend_length"": 200}",validation,base,2024-07-01T00:00:00+00:00,2025-01-01T00:00:00+00:00,34,atr_volatility_breakout,1.0.0,35.294117647058826,0.2259738550041801,0.44876156874233963,0.1612120933427997,0,22.597385500414084,0,34,,,,,,,,,,,,,,,,,1.015764980631536,0.0984018809378604,0.6646289853062968,7.503962772965917,84.30276726531288,121.33238738458203,-65.15414832338955,,3.1660897934928074,,50.58167777995929,8.430279629993215,,,143.31472467526538,,,,,,,,,not_modelled_synthetic,,,1.862235797824483,4.215138961037217,110.90352654140744,-59.41950179591572,-105.04134727465984,-97.58606951145603,-49.92048271876166,158.72494908117406,195.56171092002154,200.01924638805178,386.5308095396482,656.7700792691767,885.1433117534172,1710.511198441807,2906.398526754971,-177.4218608876377,200.01924638805178,,0.6646289853062965,,1.015764980631536,atr,eth_short_regime_challenge_v1_atr,20261007T203617Z-52e2dc923989,a343e1709f79436d978778d3b8ea8b1d,12,22,0,22.59738550041409,-49.92048271876166,DESCRIPTIVE_SAMPLE,,human_review_required
817d1c5f49c84d4e,,ETHUSDT,1h,SHORT_ONLY,"{""atr_expansion_threshold"": 1.1, ""atr_length"": 14, ""atr_reference_length"": 50, ""atr_reference_method"": ""mean"", ""atr_stop_multiplier"": 2.0, ""exit_length"": 10, ""exit_method"": ""risk"", ""fast_length"": 50, ""impulse_atr_multiplier"": 1.25, ""reward_risk"": 2.0, ""slope_lookback"": 5, ""trend_filter"": ""ema_slope"", ""trend_length"": 200}",validation,adverse,2024-07-01T00:00:00+00:00,2025-01-01T00:00:00+00:00,34,atr_volatility_breakout,1.0.0,35.294117647058826,-0.9190608719242155,-1.8148953691520031,-0.35587352295239527,0,-91.90608719242135,0,34,,,,,,,,,,,,,,,,,0.9384843390373128,-0.22663011990814053,-2.7031202115418047,8.039890368157856,167.2295018900389,116.8434484033292,-67.9103394560169,,3.1278045152529708,,100.33778193537067,16.722963655895114,,,284.2902474813047,,,,,,,,,not_modelled_synthetic,,,1.7205546215684069,8.361477867097197,107.2383332670603,-62.45847757643813,-104.58105935703293,-99.6109704353969,-52.99953543366979,153.45781456690705,187.22467417072554,191.57217946645434,369.97010046100314,632.0691576516033,,,,-283.47826665887567,191.57217946645434,,-2.7031202115418047,,0.9384843390373128,atr,eth_short_regime_challenge_v1_atr,20261007T203617Z-52e2dc923989,a3e283a740fe47e5adc47ecf802fd22a,12,22,0,-91.90608719242135,-52.99953543366979,DESCRIPTIVE_SAMPLE,,human_review_required
143528a8db38d8af,,ETHUSDT,1h,SHORT_ONLY,"{""atr_expansion_threshold"": 1.25, ""atr_length"": 14, ""atr_reference_length"": 50, ""atr_reference_method"": ""mean"", ""atr_stop_multiplier"": 2.0, ""exit_length"": 10, ""exit_method"": ""risk"", ""fast_length"": 50, ""impulse_atr_multiplier"": 0.75, ""reward_risk"": 2.0, ""slope_lookback"": 5, ""trend_filter"": ""ema_slope"", ""trend_length"": 200}",validation,base,2024-07-01T00:00:00+00:00,2025-01-01T00:00:00+00:00,35,atr_volatility_breakout,1.0.0,34.285714285714285,-1.803408736047729,-3.545679186185713,-0.5821330172342712,0,-180.3408736047688,0,35,,,,,,,,,,,,,,,,,0.8884559837905608,-0.39516731377897013,-5.152596388707683,5.592007392788815,82.95731127234247,119.70231851144304,-70.29429111922109,,5.711956743533776,,49.7743826354933,8.295730439248883,,,141.02742434708463,,,,,,,,,not_modelled_synthetic,,,1.7028739689319083,4.029354981345275,121.73282373071285,-67.81807401732291,-101.33653066909301,-100.64930536813183,-51.907246161424226,153.9473616577176,189.07563250686923,191.28971680669974,376.0674209668392,644.9890520652373,,,,-371.63059041146863,191.28971680669974,,-5.15259638870768,,0.888455983790561,atr,eth_short_regime_challenge_v1_atr,20261007T203617Z-52e2dc923989,1ae5e874249e43f59f880d9ed80a2931,12,23,0,-180.3408736047689,-51.907246161424226,DESCRIPTIVE_SAMPLE,,human_review_required
143528a8db38d8af,,ETHUSDT,1h,SHORT_ONLY,"{""atr_expansion_threshold"": 1.25, ""atr_length"": 14, ""atr_reference_length"": 50, ""atr_reference_method"": ""mean"", ""atr_stop_multiplier"": 2.0, ""exit_length"": 10, ""exit_method"": ""risk"", ""fast_length"": 50, ""impulse_atr_multiplier"": 0.75, ""reward_risk"": 2.0, ""slope_lookback"": 5, ""trend_filter"": ""ema_slope"", ""trend_length"": 200}",validation,adverse,2024-07-01T00:00:00+00:00,2025-01-01T00:00:00+00:00,35,atr_volatility_breakout,1.0.0,34.285714285714285,-2.868311685555114,-5.60957384963997,-0.9498211770771536,0,-286.8311685555127,0,35,,,,,,,,,,,,,,,,,0.8282313317681708,-0.6614990740201799,-8.19517624444322,5.9828807172383,164.31561352066322,115.25314985691699,-72.60299855819638,,5.662394871448089,,98.58936496465365,16.431560827442276,,,279.33653931275916,,,,,,,,,not_modelled_synthetic,,,1.5874433858889938,7.981043980364547,118.1390071854847,-71.10826765492791,-100.91301281838093,-100.04790557283728,-54.79272524789476,148.4764367445124,181.1643264464265,183.3902474898244,360.23366838141965,620.8601475085233,,,,-470.2214160453371,183.3902474898244,,-8.19517624444322,,0.8282313317681708,atr,eth_short_regime_challenge_v1_atr,20261007T203617Z-52e2dc923989,29a3aa6a29fa4b2b8469b2e00e02029c,12,23,0,-286.8311685555127,-54.79272524789476,DESCRIPTIVE_SAMPLE,,human_review_required
49c4a234fbe24bab,,ETHUSDT,1h,SHORT_ONLY,"{""atr_expansion_threshold"": 1.25, ""atr_length"": 14, ""atr_reference_length"": 50, ""atr_reference_method"": ""mean"", ""atr_stop_multiplier"": 2.0, ""exit_length"": 10, ""exit_method"": ""risk"", ""fast_length"": 50, ""impulse_atr_multiplier"": 1.0, ""reward_risk"": 2.0, ""slope_lookback"": 5, ""trend_filter"": ""ema_slope"", ""trend_length"": 200}",validation,base,2024-07-01T00:00:00+00:00,2025-01-01T00:00:00+00:00,29,atr_volatility_breakout,1.0.0,31.03448275862069,-2.4572188487123503,-4.815455826079596,-1.0590782098108973,0,-245.7218848712335,0,29,,,,,,,,,,,,,,,,,0.8187450202114481,-0.6904280121477784,-8.473168443835636,7.0672962304925,68.97646335908345,123.32753550335529,-67.78348522007155,,3.968255789637619,,41.38586452694921,6.897644087824869,,,117.25997197385753,,,,,,,,,not_modelled_synthetic,,,1.8194333782476626,4.043447309443363,126.23993305064192,-65.92441112136248,-100.24993937661912,-99.9163830809645,-50.677305980097735,165.00098689328416,187.1322921001465,188.976232891964,371.36696295600836,510.2833350931525,,,,-434.69811776319744,188.976232891964,,-8.473168443835638,,0.8187450202114481,atr,eth_short_regime_challenge_v1_atr,20261007T203617Z-52e2dc923989,d1aee8ab517e4e71afaeee73df0b5d48,9,20,0,-245.72188487123344,-50.677305980097735,DESCRIPTIVE_SAMPLE,,human_review_required
49c4a234fbe24bab,,ETHUSDT,1h,SHORT_ONLY,"{""atr_expansion_threshold"": 1.25, ""atr_length"": 14, ""atr_reference_length"": 50, ""atr_reference_method"": ""mean"", ""atr_stop_multiplier"": 2.0, ""exit_length"": 10, ""exit_method"": ""risk"", ""fast_length"": 50, ""impulse_atr_multiplier"": 1.0, ""reward_risk"": 2.0, ""slope_lookback"": 5, ""trend_filter"": ""ema_slope"", ""trend_length"": 200}",validation,adverse,2024-07-01T00:00:00+00:00,2025-01-01T00:00:00+00:00,29,atr_volatility_breakout,1.0.0,31.03448275862069,-3.378143910853726,-6.589845980657005,-1.4397640610344886,0,-337.8143910853676,0,29,,,,,,,,,,,,,,,,,0.7598131985895433,-0.9741141879366529,-11.648772106391991,7.684528399702052,136.77751701675493,118.73898496821198,-70.32326278996378,,3.9279377044386026,,82.06646598713418,13.677744331189029,,,232.5217273350781,,,,,,,,,not_modelled_synthetic,,,1.6884737746434297,8.017990597761314,122.49825285264062,-69.25498302458493,-100.0366254437973,-99.4863166469102,-53.54660904585351,158.7291325092691,179.41543514717281,181.23107936810743,355.97771509001984,490.6805927803243,,,,-519.0454704534752,181.23107936810743,,-11.648772106391986,,0.7598131985895433,atr,eth_short_regime_challenge_v1_atr,20261007T203617Z-52e2dc923989,218114ea6a7649b79899f725f62b14e2,9,20,0,-337.81439108536773,-53.54660904585351,DESCRIPTIVE_SAMPLE,,human_review_required
cfd1f51b4fb4e68c,,ETHUSDT,1h,SHORT_ONLY,"{""atr_expansion_threshold"": 1.25, ""atr_length"": 14, ""atr_reference_length"": 50, ""atr_reference_method"": ""mean"", ""atr_stop_multiplier"": 2.0, ""exit_length"": 10, ""exit_method"": ""risk"", ""fast_length"": 50, ""impulse_atr_multiplier"": 1.25, ""reward_risk"": 2.0, ""slope_lookback"": 5, ""trend_filter"": ""ema_slope"", ""trend_length"": 200}",validation,base,2024-07-01T00:00:00+00:00,2025-01-01T00:00:00+00:00,21,atr_volatility_breakout,1.0.0,28.571428571428573,-2.063668906609073,-4.0521349356712815,-1.0800699471930777,0,-206.36689066090779,0,21,,,,,,,,,,,,,,,,,0.7862935506802068,-0.7034432076821429,-9.82699479337656,5.2514333512061,50.40705189334297,126.54816588913808,-64.37705906638242,,2.116709371270693,,30.24421846513947,5.040703077523245,,,85.69197343600568,,,,,,,,,not_modelled_synthetic,,,1.965733876700517,4.080570163619318,115.77926680020383,-61.0419048799839,-100.3250325989127,-93.74400972345727,-51.82399331285376,181.29536419727094,189.94403056373744,192.10619715535407,373.401561352625,501.589075313515,,,,-398.4730878162618,192.10619715535407,,-9.826994793376562,,0.7862935506802068,atr,eth_short_regime_challenge_v1_atr,20261007T203617Z-52e2dc923989,8f92f179804d405890e4ba8cdb059276,6,15,0,-206.36689066090776,-51.82399331285376,DESCRIPTIVE_SAMPLE,,human_review_required
cfd1f51b4fb4e68c,,ETHUSDT,1h,SHORT_ONLY,"{""atr_expansion_threshold"": 1.25, ""atr_length"": 14, ""atr_reference_length"": 50, ""atr_reference_method"": ""mean"", ""atr_stop_multiplier"": 2.0, ""exit_length"": 10, ""exit_method"": ""risk"", ""fast_length"": 50, ""impulse_atr_multiplier"": 1.25, ""reward_risk"": 2.0, ""slope_lookback"": 5, ""trend_filter"": ""ema_slope"", ""trend_length"": 200}",validation,adverse,2024-07-01T00:00:00+00:00,2025-01-01T00:00:00+00:00,21,atr_volatility_breakout,1.0.0,28.571428571428573,-2.793580341393731,-5.465458858995009,-1.43439546155025,0,-279.3580341393765,0,21,,,,,,,,,,,,,,,,,0.723297924579471,-0.9707537544379855,-13.302763530446502,5.641687085990575,100.2041605273685,121.70676469781007,-67.30657482174914,,2.079862189555767,,60.12245053179495,10.020408421965826,,,170.34701948112928,,,,,,,,,not_modelled_synthetic,,,1.8082448114486773,8.111762832434728,112.2671602597496,-63.94655569036858,-100.84008427143304,-97.17115093154177,-54.83285867648286,174.04577450131382,182.24583169007667,184.29584598726737,358.34162048858116,482.8561147945882,,,,-463.6538801266439,184.29584598726737,,-13.302763530446502,,0.7232979245794711,atr,eth_short_regime_challenge_v1_atr,20261007T203617Z-52e2dc923989,404b943cdeed4edfb30b8c56384097ce,6,15,0,-279.3580341393765,-54.83285867648286,DESCRIPTIVE_SAMPLE,,human_review_required
cf431489718e192b,,ETHUSDT,1h,SHORT_ONLY,"{""atr_expansion_threshold"": 1.1, ""atr_length"": 14, ""atr_reference_length"": 50, ""atr_reference_method"": ""mean"", ""atr_stop_multiplier"": 2.0, ""exit_length"": 10, ""exit_method"": ""risk"", ""fast_length"": 50, ""impulse_atr_multiplier"": 0.75, ""reward_risk"": 2.0, ""slope_lookback"": 5, ""trend_filter"": ""ema_slope"", ""trend_length"": 200}",test,base,2025-07-01T00:00:00+00:00,2026-09-26T00:00:00+00:00,90,atr_volatility_breakout,1.0.0,37.77777777777778,4.048914176049068,3.257048003803198,0.6789083788909542,0,404.8914176049037,0,90,,,,,,,,,,,,,,,,,1.109146970782384,0.39662413556069875,4.498793528943378,7.098438640247423,230.27453318607368,121.01440355070093,-66.24282684140944,,5.4480978761114764,,138.16480352925745,23.027467254876246,,,391.46680397020737,,,,,,,,,not_modelled_synthetic,,,1.8268303048180443,4.349631155224526,106.96229280528048,-63.204235212226656,-108.61119352160696,-104.2880903554748,-47.9119189674781,183.916980937734,195.90904916988768,204.46041890794427,971.6032497348631,1667.9963475591069,50.49759269223588,239.96637307905613,411.9613987932809,200.43099869695973,204.46041890794427,,4.4987935289433745,,1.1091469707823842,atr,eth_short_regime_challenge_v1_atr,20261007T203617Z-52e2dc923989,bbf8e77d319f423db9cc3b88c3f2a7eb,34,56,0,404.891417604904,-47.9119189674781,DESCRIPTIVE_SAMPLE,,human_review_required
cf431489718e192b,,ETHUSDT,1h,SHORT_ONLY,"{""atr_expansion_threshold"": 1.1, ""atr_length"": 14, ""atr_reference_length"": 50, ""atr_reference_method"": ""mean"", ""atr_stop_multiplier"": 2.0, ""exit_length"": 10, ""exit_method"": ""risk"", ""fast_length"": 50, ""impulse_atr_multiplier"": 0.75, ""reward_risk"": 2.0, ""slope_lookback"": 5, ""trend_filter"": ""ema_slope"", ""trend_length"": 200}",test,adverse,2025-07-01T00:00:00+00:00,2026-09-26T00:00:00+00:00,90,atr_volatility_breakout,1.0.0,37.77777777777778,1.0568511951348558,0.8525663208428513,0.23040490578336606,0,105.6851195134839,0,90,,,,,,,,,,,,,,,,,1.0275805711653863,0.13884770611008138,1.1742791057053754,7.479737023898863,452.71727806185714,115.81039807091875,-68.42622169460275,,5.112250285507141,,271.63073446518115,45.271789077530194,,,769.6198016045685,,,,,,,,,not_modelled_synthetic,,,1.6924856466253422,8.55133112893965,102.26738022254546,-66.32626429629151,-107.33294470640655,-103.28349510241918,-50.594142862358595,177.40897509038663,189.9408012736946,194.45248271196505,931.9522726278435,1606.4908534952942,183.99230053116034,881.8197650890113,1520.0728928449864,-88.76736319848126,194.45248271196505,,1.1742791057053767,,1.0275805711653863,atr,eth_short_regime_challenge_v1_atr,20261007T203617Z-52e2dc923989,7305322853484913bced003b0eb2cb1c,34,56,0,105.68511951348378,-50.594142862358595,DESCRIPTIVE_SAMPLE,,human_review_required
b189830689073f8b,,ETHUSDT,1h,SHORT_ONLY,"{""atr_expansion_threshold"": 1.1, ""atr_length"": 14, ""atr_reference_length"": 50, ""atr_reference_method"": ""mean"", ""atr_stop_multiplier"": 2.0, ""exit_length"": 10, ""exit_method"": ""risk"", ""fast_length"": 50, ""impulse_atr_multiplier"": 1.0, ""reward_risk"": 2.0, ""slope_lookback"": 5, ""trend_filter"": ""ema_slope"", ""trend_length"": 200}",test,base,2025-07-01T00:00:00+00:00,2026-09-26T00:00:00+00:00,76,atr_volatility_breakout,1.0.0,38.1578947368421,3.4964237546521337,2.8140684500968405,0.6723098019509206,0,349.6423754652184,0,76,,,,,,,,,,,,,,,,,1.1138496048610804,0.3957649781271092,4.600557571910769,6.451282737027474,194.81341850006947,117.95628652918762,-65.34233901874943,,4.214976104840872,,116.88812258669506,19.481353764449178,,,331.18289485121375,,,,,,,,,not_modelled_synthetic,,,1.8052045320162335,4.357669669094918,105.68120692352976,-63.58368819204799,-108.3276559381684,-104.8730911891796,-46.64538332749703,178.2831355584682,194.9738231607419,197.9693191143594,768.5293963872381,1431.2477579090676,56.620516563803314,219.80442026361004,409.34619438067637,151.67305635085904,197.9693191143594,,4.600557571910768,,1.1138496048610802,atr,eth_short_regime_challenge_v1_atr,20261007T203617Z-52e2dc923989,15e46c8857a942aaa01be0617050ff31,29,47,0,349.64237546521844,-46.64538332749703,DESCRIPTIVE_SAMPLE,,human_review_required
b189830689073f8b,,ETHUSDT,1h,SHORT_ONLY,"{""atr_expansion_threshold"": 1.1, ""atr_length"": 14, ""atr_reference_length"": 50, ""atr_reference_method"": ""mean"", ""atr_stop_multiplier"": 2.0, ""exit_length"": 10, ""exit_method"": ""risk"", ""fast_length"": 50, ""impulse_atr_multiplier"": 1.0, ""reward_risk"": 2.0, ""slope_lookback"": 5, ""trend_filter"": ""ema_slope"", ""trend_length"": 200}",test,adverse,2025-07-01T00:00:00+00:00,2026-09-26T00:00:00+00:00,76,atr_volatility_breakout,1.0.0,38.1578947368421,0.969323199840022,0.7820225266020664,0.2292483208504191,0,96.93231998398949,0,76,,,,,,,,,,,,,,,,,1.0304844532629553,0.1395118807707095,1.27542526294723,6.749269247003633,383.78586754146147,112.98834388273971,-67.65382239607365,,4.086811454873456,,230.27183525971492,38.37863920995249,,,652.4363420111289,,,,,,,,,not_modelled_synthetic,,,1.6700954932192724,8.584688710672749,101.82504533766637,-66.87175227641599,-106.96133993141098,-103.99379530696352,-49.56192301014365,172.18952900011573,187.47404013785317,188.96774366558134,737.1629229053068,1380.491563424705,194.94812844342684,760.4923961657634,1424.1808755353463,-92.03542368159185,188.96774366558134,,1.27542526294723,,1.0304844532629553,atr,eth_short_regime_challenge_v1_atr,20261007T203617Z-52e2dc923989,d734fc9db5594d259cc581aea4c056d7,29,47,0,96.93231998398949,-49.56192301014365,DESCRIPTIVE_SAMPLE,,human_review_required
817d1c5f49c84d4e,,ETHUSDT,1h,SHORT_ONLY,"{""atr_expansion_threshold"": 1.1, ""atr_length"": 14, ""atr_reference_length"": 50, ""atr_reference_method"": ""mean"", ""atr_stop_multiplier"": 2.0, ""exit_length"": 10, ""exit_method"": ""risk"", ""fast_length"": 50, ""impulse_atr_multiplier"": 1.25, ""reward_risk"": 2.0, ""slope_lookback"": 5, ""trend_filter"": ""ema_slope"", ""trend_length"": 200}",test,base,2025-07-01T00:00:00+00:00,2026-09-26T00:00:00+00:00,59,atr_volatility_breakout,1.0.0,42.3728813559322,6.313567333652426,5.068118755760587,1.46508971484346,0,631.3567333652364,0,59,,,,,,,,,,,,,,,,,1.2835094302867611,0.7880108593668611,10.700961582461638,5.537866349355471,156.35045002267105,114.33162139681617,-65.49805298691669,,3.3172503409216367,,93.8103642146265,15.635060702437752,,,265.7958749397353,,,,,,,,,not_modelled_synthetic,,,1.7455728251899953,4.505014829487039,102.5864660782824,-64.43121447772782,-109.43423306797827,-92.53755873114712,-42.446857651321565,164.95604139870287,188.17044748646333,196.89401510691982,555.2318622565565,1025.706738635035,31.185858121357462,87.94265316488796,162.46072694399678,434.46271825831684,196.89401510691982,,10.700961582461634,,1.2835094302867611,atr,eth_short_regime_challenge_v1_atr,20261007T203617Z-52e2dc923989,484984db313341259be2281460afdfe3,25,34,0,631.3567333652367,-42.446857651321565,DESCRIPTIVE_SAMPLE,,human_review_required
817d1c5f49c84d4e,,ETHUSDT,1h,SHORT_ONLY,"{""atr_expansion_threshold"": 1.1, ""atr_length"": 14, ""atr_reference_length"": 50, ""atr_reference_method"": ""mean"", ""atr_stop_multiplier"": 2.0, ""exit_length"": 10, ""exit_method"": ""risk"", ""fast_length"": 50, ""impulse_atr_multiplier"": 1.25, ""reward_risk"": 2.0, ""slope_lookback"": 5, ""trend_filter"": ""ema_slope"", ""trend_length"": 200}",test,adverse,2025-07-01T00:00:00+00:00,2026-09-26T00:00:00+00:00,59,atr_volatility_breakout,1.0.0,42.3728813559322,4.3054123716122605,3.462550901827144,1.0045868317081617,0,430.541237161224,0,59,,,,,,,,,,,,,,,,,1.1858878335060572,0.5594981733640854,7.297309104427527,5.787961948666022,309.0637103152781,109.86703225103844,-68.12160497396286,,3.196650085589709,,185.43862768817237,30.90643794802873,,,525.4087759514792,,,,,,,,,not_modelled_synthetic,,,1.6128074535682377,8.905233490703038,99.0327067274689,-67.61440902992737,-108.20487136223414,-94.86356608768396,-45.43651234072852,160.20407348183093,181.88504484379823,189.20887442650186,538.3787796484659,993.9890795798824,43.94674844018463,125.04697185297955,230.86965748827095,241.33236273472224,189.20887442650186,,7.297309104427526,,1.1858878335060572,atr,eth_short_regime_challenge_v1_atr,20261007T203617Z-52e2dc923989,626fe837f5594561a7247a7105b651ce,25,34,0,430.5412371612241,-45.43651234072852,DESCRIPTIVE_SAMPLE,,human_review_required
143528a8db38d8af,,ETHUSDT,1h,SHORT_ONLY,"{""atr_expansion_threshold"": 1.25, ""atr_length"": 14, ""atr_reference_length"": 50, ""atr_reference_method"": ""mean"", ""atr_stop_multiplier"": 2.0, ""exit_length"": 10, ""exit_method"": ""risk"", ""fast_length"": 50, ""impulse_atr_multiplier"": 0.75, ""reward_risk"": 2.0, ""slope_lookback"": 5, ""trend_filter"": ""ema_slope"", ""trend_length"": 200}",test,base,2025-07-01T00:00:00+00:00,2026-09-26T00:00:00+00:00,69,atr_volatility_breakout,1.0.0,39.130434782608695,5.96220071122433,4.7876170577490385,1.0818083068673328,0,596.22007112243,0,69,,,,,,,,,,,,,,,,,1.211715478789309,0.5961554989723872,8.640870595977246,6.618098298370019,178.44747594162325,126.38364382992137,-67.05091219727254,,4.616866803162601,,107.06858002096745,17.844763336827906,,,303.3608192994186,,,,,,,,,not_modelled_synthetic,,,1.8848907447833698,4.396533613035052,121.64225221870062,-65.5158793430223,-110.33020060702287,-99.25129282006607,-47.83252434469573,195.0935849603142,207.17674577567468,207.77566561611908,814.8328670331638,1344.927699653944,34.848821044378035,136.66646033891118,225.57571688621863,388.4444055063109,207.77566561611908,,8.640870595977246,,1.211715478789309,atr,eth_short_regime_challenge_v1_atr,20261007T203617Z-52e2dc923989,cc71080d6cca48b9a23c5c0d2ca714bb,27,42,0,596.22007112243,-47.83252434469573,DESCRIPTIVE_SAMPLE,,human_review_required
143528a8db38d8af,,ETHUSDT,1h,SHORT_ONLY,"{""atr_expansion_threshold"": 1.25, ""atr_length"": 14, ""atr_reference_length"": 50, ""atr_reference_method"": ""mean"", ""atr_stop_multiplier"": 2.0, ""exit_length"": 10, ""exit_method"": ""risk"", ""fast_length"": 50, ""impulse_atr_multiplier"": 0.75, ""reward_risk"": 2.0, ""slope_lookback"": 5, ""trend_filter"": ""ema_slope"", ""trend_length"": 200}",test,adverse,2025-07-01T00:00:00+00:00,2026-09-26T00:00:00+00:00,69,atr_volatility_breakout,1.0.0,39.130434782608695,3.45448816066094,2.7804264840745496,0.6490074790733096,0,345.44881606609033,0,69,,,,,,,,,,,,,,,,,1.1183776127266187,0.3703486275215583,5.006504580667975,7.010706241598065,351.4594313941899,120.87565261849316,-69.48080487221965,,4.257484665921227,,210.87605486724476,35.1460091445408,,,597.4814954059755,,,,,,,,,not_modelled_synthetic,,,1.7396985086858514,8.659152107332977,117.96194864533044,-68.51817184774015,-109.0248107986865,-99.993142265108,-50.96618714914847,186.96887175306102,194.9323174290697,197.38273736078344,772.0202199604396,1285.6239017776152,57.13805582214551,223.4832438426244,372.1604596646391,148.06607870530684,197.38273736078344,,5.0065045806679755,,1.1183776127266187,atr,eth_short_regime_challenge_v1_atr,20261007T203617Z-52e2dc923989,b69ef36ce72949d9ba103d59ef5689a3,27,42,0,345.4488160660903,-50.96618714914847,DESCRIPTIVE_SAMPLE,,human_review_required
49c4a234fbe24bab,,ETHUSDT,1h,SHORT_ONLY,"{""atr_expansion_threshold"": 1.25, ""atr_length"": 14, ""atr_reference_length"": 50, ""atr_reference_method"": ""mean"", ""atr_stop_multiplier"": 2.0, ""exit_length"": 10, ""exit_method"": ""risk"", ""fast_length"": 50, ""impulse_atr_multiplier"": 1.0, ""reward_risk"": 2.0, ""slope_lookback"": 5, ""trend_filter"": ""ema_slope"", ""trend_length"": 200}",test,base,2025-07-01T00:00:00+00:00,2026-09-26T00:00:00+00:00,53,atr_volatility_breakout,1.0.0,37.735849056603776,3.3551659875058037,2.7007368446007263,0.7849353983731213,0,335.51659875058624,0,53,,,,,,,,,,,,,,,,,1.1564474470255568,0.42177690386849603,6.330501863218605,5.31361080998992,136.27267733401257,124.00563941335194,-64.98776331868038,,3.5953470101090623,,81.7636659543306,13.627277659055101,,,231.66362094739827,,,,,,,,,not_modelled_synthetic,,,1.9081382875921686,4.371011715988646,114.11177849375761,-63.80914461138909,-107.770519617794,-104.90072170981384,-46.700136760960866,176.34966731008433,197.0429889751007,199.34706719695473,577.1119208831183,1069.1913725781799,59.4149642489503,172.00696568581026,318.6701869772433,136.16953155363134,199.34706719695473,,6.3305018632186085,,1.156447447025557,atr,eth_short_regime_challenge_v1_atr,20261007T203617Z-52e2dc923989,4c93ca22f10b4c8da5d416d45677a152,20,33,0,335.51659875058607,-46.700136760960866,DESCRIPTIVE_SAMPLE,,human_review_required
49c4a234fbe24bab,,ETHUSDT,1h,SHORT_ONLY,"{""atr_expansion_threshold"": 1.25, ""atr_length"": 14, ""atr_reference_length"": 50, ""atr_reference_method"": ""mean"", ""atr_stop_multiplier"": 2.0, ""exit_length"": 10, ""exit_method"": ""risk"", ""fast_length"": 50, ""impulse_atr_multiplier"": 1.0, ""reward_risk"": 2.0, ""slope_lookback"": 5, ""trend_filter"": ""ema_slope"", ""trend_length"": 200}",test,adverse,2025-07-01T00:00:00+00:00,2026-09-26T00:00:00+00:00,53,atr_volatility_breakout,1.0.0,37.735849056603776,1.5806103956479634,1.2744483793349026,0.3956331454005194,0,158.0610395647931,0,53,,,,,,,,,,,,,,,,,1.0709403587665345,0.22003178293460104,2.9822837653734586,5.845709830025295,269.30529552633845,119.30722466150276,-67.51768041409886,,3.4543533171676217,,161.58343598554742,26.930572664257905,,,457.8193041761438,,,,,,,,,not_modelled_synthetic,,,1.7670515919647818,8.638100078795166,110.2793722109275,-66.88630793226471,-106.67458710832548,-104.23152824887926,-49.78033924978757,171.61876795203816,188.05895743769165,188.78671325222263,552.8984607608868,1032.4058443308154,119.43911907199248,349.80059746743564,653.1690840282026,-30.72567368742932,188.78671325222263,,2.9822837653734546,,1.0709403587665345,atr,eth_short_regime_challenge_v1_atr,20261007T203617Z-52e2dc923989,6abb7ab5764a4ba2ad55ec468e52021f,20,33,0,158.0610395647933,-49.78033924978757,DESCRIPTIVE_SAMPLE,,human_review_required
cfd1f51b4fb4e68c,,ETHUSDT,1h,SHORT_ONLY,"{""atr_expansion_threshold"": 1.25, ""atr_length"": 14, ""atr_reference_length"": 50, ""atr_reference_method"": ""mean"", ""atr_stop_multiplier"": 2.0, ""exit_length"": 10, ""exit_method"": ""risk"", ""fast_length"": 50, ""impulse_atr_multiplier"": 1.25, ""reward_risk"": 2.0, ""slope_lookback"": 5, ""trend_filter"": ""ema_slope"", ""trend_length"": 200}",test,base,2025-07-01T00:00:00+00:00,2026-09-26T00:00:00+00:00,41,atr_volatility_breakout,1.0.0,43.90243902439025,6.181074021125288,4.9623681742700265,1.7816880427470392,0,618.1074021125364,0,41,,,,,,,,,,,,,,,,,1.4237264254569788,0.8564958982726706,15.075790295427716,4.3198534280801715,107.9432794644221,115.3805051362123,-63.42355175388196,,2.582249974248174,,64.76605184781617,10.79434197463603,,,183.50367328687432,,,,,,,,,not_modelled_synthetic,,,1.8192059880839175,4.475699348460349,104.77044194390271,-61.08990675407014,-107.52036164917286,-82.8951422062984,-45.12149123070082,175.14453635454964,189.27177808781894,198.50797501135446,549.0699940684196,870.0861482831623,32.11545021672672,88.83083946120624,140.76617515166876,419.59942710118185,198.50797501135446,,15.075790295427717,,1.4237264254569788,atr,eth_short_regime_challenge_v1_atr,20261007T203617Z-52e2dc923989,6f094f5c0d9a418ea56af162fb38b5c5,18,23,0,618.1074021125363,-45.12149123070082,DESCRIPTIVE_SAMPLE,,human_review_required
cfd1f51b4fb4e68c,,ETHUSDT,1h,SHORT_ONLY,"{""atr_expansion_threshold"": 1.25, ""atr_length"": 14, ""atr_reference_length"": 50, ""atr_reference_method"": ""mean"", ""atr_stop_multiplier"": 2.0, ""exit_length"": 10, ""exit_method"": ""risk"", ""fast_length"": 50, ""impulse_atr_multiplier"": 1.25, ""reward_risk"": 2.0, ""slope_lookback"": 5, ""trend_filter"": ""ema_slope"", ""trend_length"": 200}",test,adverse,2025-07-01T00:00:00+00:00,2026-09-26T00:00:00+00:00,41,atr_volatility_breakout,1.0.0,43.90243902439025,4.772687107599238,3.836675375977827,1.3554115326520133,0,477.2687107599261,0,41,,,,,,,,,,,,,,,,,1.3130098400298975,0.6791753824673572,11.640700262437221,4.875911224244871,214.0220379959934,111.22449652529026,-66.29444463892604,,2.4537537046284594,,128.41357606236278,21.402262677060467,,,363.83787673541667,,,,,,,,,not_modelled_synthetic,,,1.6777347955937578,8.874094554522358,100.71815095540103,-64.38506662040635,-106.97234553219083,-86.32206541934019,-48.273810207057075,171.14099959573682,183.4913817808681,191.34069336822236,534.1991073637957,846.96385106247,40.09076837732818,111.92837395797912,177.46058603211193,285.92801739170375,191.34069336822236,,11.640700262437221,,1.3130098400298975,atr,eth_short_regime_challenge_v1_atr,20261007T203617Z-52e2dc923989,97d0c86695e84d5e8ad9ef57a472402e,18,23,0,477.2687107599261,-48.273810207057075,DESCRIPTIVE_SAMPLE,,human_review_required
cf431489718e192b,,ETHUSDT,1h,SHORT_ONLY,"{""atr_expansion_threshold"": 1.1, ""atr_length"": 14, ""atr_reference_length"": 50, ""atr_reference_method"": ""mean"", ""atr_stop_multiplier"": 2.0, ""exit_length"": 10, ""exit_method"": ""risk"", ""fast_length"": 50, ""impulse_atr_multiplier"": 0.75, ""reward_risk"": 2.0, ""slope_lookback"": 5, ""trend_filter"": ""ema_slope"", ""trend_length"": 200}",diagnostic_year_2023,base,2023-06-04T00:00:00+00:00,2024-01-01T00:00:00+00:00,53,atr_volatility_breakout,1.0.0,32.075471698113205,-6.0049763991807055,-10.158864167427929,-3.5780836374709737,0,-600.4976399180708,0,53,,,,,,,,,,,,,,,,,0.5715655431532584,-2.7517683834596762,-11.330144149397565,6.181911769010464,128.60815827237477,47.124204419550196,-38.93358652917845,,6.000050387346257,,77.164854867724,12.860809144620667,,,218.63382228471946,,,,,,,,,not_modelled_synthetic,,,1.2103740913833707,4.125166458202254,50.129975921421426,-36.15016801148806,-80.86387387928039,-53.55664996943819,-30.80091074427609,59.87024300318658,66.46702131229927,68.49207074447476,194.8004785431737,363.72298048957595,,,,-668.9897106625457,68.49207074447476,,-11.330144149397563,,0.5715655431532582,atr,eth_short_regime_challenge_v1_atr,20261007T203617Z-52e2dc923989,2945c8d04dbf437dbaf93d1ca6633d41,17,36,0,-600.497639918071,-30.80091074427609,DESCRIPTIVE_SAMPLE,,human_review_required
cf431489718e192b,,ETHUSDT,1h,SHORT_ONLY,"{""atr_expansion_threshold"": 1.1, ""atr_length"": 14, ""atr_reference_length"": 50, ""atr_reference_method"": ""mean"", ""atr_stop_multiplier"": 2.0, ""exit_length"": 10, ""exit_method"": ""risk"", ""fast_length"": 50, ""impulse_atr_multiplier"": 0.75, ""reward_risk"": 2.0, ""slope_lookback"": 5, ""trend_filter"": ""ema_slope"", ""trend_length"": 200}",diagnostic_year_2023,adverse,2023-06-04T00:00:00+00:00,2024-01-01T00:00:00+00:00,53,atr_volatility_breakout,1.0.0,32.075471698113205,-7.642554964442683,-12.849212905038154,-4.366670176873646,0,-764.2554964442704,0,53,,,,,,,,,,,,,,,,,0.49188065260521285,-3.556053024056374,-14.41991502725039,7.7968435215227085,254.78454772608896,43.51947608088837,-41.78018305053813,,5.9554130313057305,,152.8705895644438,25.478431594073967,,,433.13356888460675,,,,,,,,,not_modelled_synthetic,,,1.0416296172816273,8.172331488388807,46.396881547356216,-39.24539156305721,-82.20354995999558,-56.14688016032338,-33.89862683400497,56.207612593230216,62.69341148785506,65.11057184576046,183.94470543766587,341.63167078290263,,,,-829.3660682900311,65.11057184576046,,-14.419915027250385,,0.4918806526052129,atr,eth_short_regime_challenge_v1_atr,20261007T203617Z-52e2dc923989,cae1beebac2448129d8687f1af121e36,17,36,0,-764.2554964442706,-33.89862683400497,DESCRIPTIVE_SAMPLE,,human_review_required
b189830689073f8b,,ETHUSDT,1h,SHORT_ONLY,"{""atr_expansion_threshold"": 1.1, ""atr_length"": 14, ""atr_reference_length"": 50, ""atr_reference_method"": ""mean"", ""atr_stop_multiplier"": 2.0, ""exit_length"": 10, ""exit_method"": ""risk"", ""fast_length"": 50, ""impulse_atr_multiplier"": 1.0, ""reward_risk"": 2.0, ""slope_lookback"": 5, ""trend_filter"": ""ema_slope"", ""trend_length"": 200}",diagnostic_year_2023,base,2023-06-04T00:00:00+00:00,2024-01-01T00:00:00+00:00,47,atr_volatility_breakout,1.0.0,34.04255319148936,-4.471899611143748,-7.608993108311612,-2.881948824825927,0,-447.1899611143837,0,47,,,,,,,,,,,,,,,,,0.6324603093495731,-2.1869177353302396,-9.51468002371029,4.651720830650192,114.88969899905864,48.09512896483181,-39.24877498553847,,5.100070093303607,,68.9337929522973,11.488965492049548,,,195.3124574434055,,,,,,,,,not_modelled_synthetic,,,1.225391849364798,4.1555842009235215,51.106989709509676,-36.35700020548487,-83.26469186943241,-51.99459779329847,-29.600335113312017,61.04946818102948,67.02143078694007,68.49207074447476,195.49776098833547,312.53465937763576,,,,-515.6820318588584,68.49207074447476,,-9.514680023710293,,0.6324603093495731,atr,eth_short_regime_challenge_v1_atr,20261007T203617Z-52e2dc923989,0221625dc3c240498b5e310e1440f87c,16,31,0,-447.18996111438366,-29.600335113312017,DESCRIPTIVE_SAMPLE,,human_review_required
b189830689073f8b,,ETHUSDT,1h,SHORT_ONLY,"{""atr_expansion_threshold"": 1.1, ""atr_length"": 14, ""atr_reference_length"": 50, ""atr_reference_method"": ""mean"", ""atr_stop_multiplier"": 2.0, ""exit_length"": 10, ""exit_method"": ""risk"", ""fast_length"": 50, ""impulse_atr_multiplier"": 1.0, ""reward_risk"": 2.0, ""slope_lookback"": 5, ""trend_filter"": ""ema_slope"", ""trend_length"": 200}",diagnostic_year_2023,adverse,2023-06-04T00:00:00+00:00,2024-01-01T00:00:00+00:00,47,atr_volatility_breakout,1.0.0,34.04255319148936,-5.944647642891376,-10.059092585649365,-3.663971999544049,0,-594.4647642891399,0,47,,,,,,,,,,,,,,,,,0.5449932640271856,-2.9392918607859135,-12.648186474237022,6.101772654256137,227.8122739666061,44.50199121041785,-42.14505237599437,,5.060375238508586,,136.68727736268363,22.78121289378061,,,387.2807642230703,,,,,,,,,not_modelled_synthetic,,,1.055924449052672,8.240016260065326,47.396999567318616,-39.56993446916101,-84.38731275213485,-54.77223104642045,-32.749081078624876,57.55439153819158,63.320255062497935,65.11057184576046,184.70109773423766,294.1994885225942,,,,-659.5753361349005,65.11057184576046,,-12.648186474237018,,0.5449932640271854,atr,eth_short_regime_challenge_v1_atr,20261007T203617Z-52e2dc923989,3fbc6b8564f34913b0767630fa9354dc,16,31,0,-594.46476428914,-32.749081078624876,DESCRIPTIVE_SAMPLE,,human_review_required
817d1c5f49c84d4e,,ETHUSDT,1h,SHORT_ONLY,"{""atr_expansion_threshold"": 1.1, ""atr_length"": 14, ""atr_reference_length"": 50, ""atr_reference_method"": ""mean"", ""atr_stop_multiplier"": 2.0, ""exit_length"": 10, ""exit_method"": ""risk"", ""fast_length"": 50, ""impulse_atr_multiplier"": 1.25, ""reward_risk"": 2.0, ""slope_lookback"": 5, ""trend_filter"": ""ema_slope"", ""trend_length"": 200}",diagnostic_year_2023,base,2023-06-04T00:00:00+00:00,2024-01-01T00:00:00+00:00,39,atr_volatility_breakout,1.0.0,33.333333333333336,-4.011749581933943,-6.837786332478213,-2.6891717793150622,0,-401.1749581934043,0,39,,,,,,,,,,,,,,,,,0.6015101029905271,-2.0916946767701505,-10.286537389574468,4.353034580543129,95.6355230813162,46.5817794457541,-38.720695807238755,,3.437422598292393,,57.3812887963569,9.563548132726151,,,162.58036001039923,,,,,,,,,not_modelled_synthetic,,,1.203020205981054,4.168727179753827,50.64769159998082,-36.425724657692015,-81.6445203910055,-52.04448072366732,-29.77512669144263,59.755485894945565,63.95444196103725,65.3296613945347,127.0403242798656,244.4474802508358,,,,-466.504619587939,65.3296613945347,,-10.286537389574468,,0.601510102990527,atr,eth_short_regime_challenge_v1_atr,20261007T203617Z-52e2dc923989,cd131159242f40d1a18e0806402ed50c,13,26,0,-401.1749581934043,-29.77512669144263,DESCRIPTIVE_SAMPLE,,human_review_required
817d1c5f49c84d4e,,ETHUSDT,1h,SHORT_ONLY,"{""atr_expansion_threshold"": 1.1, ""atr_length"": 14, ""atr_reference_length"": 50, ""atr_reference_method"": ""mean"", ""atr_stop_multiplier"": 2.0, ""exit_length"": 10, ""exit_method"": ""risk"", ""fast_length"": 50, ""impulse_atr_multiplier"": 1.25, ""reward_risk"": 2.0, ""slope_lookback"": 5, ""trend_filter"": ""ema_slope"", ""trend_length"": 200}",diagnostic_year_2023,adverse,2023-06-04T00:00:00+00:00,2024-01-01T00:00:00+00:00,39,atr_volatility_breakout,1.0.0,33.333333333333336,-5.23601435824157,-8.883661060244407,-3.360986740173669,0,-523.6014358241536,0,39,,,,,,,,,,,,,,,,,0.5165779086088033,-2.7482487533343294,-13.425677841644966,5.489398636780311,189.8628071961731,43.03945995393211,-41.658246739433494,,3.3976231948386975,,113.91759996710381,18.98626666118397,,,322.76667382446084,,,,,,,,,not_modelled_synthetic,,,1.0331558172176067,8.27606855960156,47.03475198535438,-39.48874545540472,-82.43591191067006,-54.74221926445303,-32.9871005462935,56.06421728689893,60.24668830295451,61.395723264559734,119.7676703143689,229.85411992264764,,,,-584.9971590887134,61.395723264559734,,-13.425677841644964,,0.5165779086088033,atr,eth_short_regime_challenge_v1_atr,20261007T203617Z-52e2dc923989,018121927544486fba759238c517bffc,13,26,0,-523.6014358241537,-32.9871005462935,DESCRIPTIVE_SAMPLE,,human_review_required
143528a8db38d8af,,ETHUSDT,1h,SHORT_ONLY,"{""atr_expansion_threshold"": 1.25, ""atr_length"": 14, ""atr_reference_length"": 50, ""atr_reference_method"": ""mean"", ""atr_stop_multiplier"": 2.0, ""exit_length"": 10, ""exit_method"": ""risk"", ""fast_length"": 50, ""impulse_atr_multiplier"": 0.75, ""reward_risk"": 2.0, ""slope_lookback"": 5, ""trend_filter"": ""ema_slope"", ""trend_length"": 200}",diagnostic_year_2023,base,2023-06-04T00:00:00+00:00,2024-01-01T00:00:00+00:00,42,atr_volatility_breakout,1.0.0,30.952380952380953,-6.146015828607709,-10.391932579844587,-4.06081964751224,0,-614.601582860759,0,42,,,,,,,,,,,,,,,,,0.49267601380253895,-3.4311806594932532,-14.63337102049426,6.401678741212345,102.45511895861033,45.91201407304272,-41.77440571759704,,4.988133511847376,,61.47302513023306,10.245504188372177,,,174.17364827721556,,,,,,,,,not_modelled_synthetic,,,1.0990464923287406,4.146991625647989,47.03256580568151,-38.87250634272126,-88.02747901614282,-64.60268785389538,-31.07284918387172,57.342511034279106,68.09029166320697,72.32982403696624,191.86091954444177,297.6638747210551,,,,-686.9314068977252,72.32982403696624,,-14.63337102049426,,0.49267601380253895,atr,eth_short_regime_challenge_v1_atr,20261007T203617Z-52e2dc923989,1fde648d61084bd5983b886a41768a46,13,29,0,-614.601582860759,-31.07284918387172,DESCRIPTIVE_SAMPLE,,human_review_required
143528a8db38d8af,,ETHUSDT,1h,SHORT_ONLY,"{""atr_expansion_threshold"": 1.25, ""atr_length"": 14, ""atr_reference_length"": 50, ""atr_reference_method"": ""mean"", ""atr_stop_multiplier"": 2.0, ""exit_length"": 10, ""exit_method"": ""risk"", ""fast_length"": 50, ""impulse_atr_multiplier"": 0.75, ""reward_risk"": 2.0, ""slope_lookback"": 5, ""trend_filter"": ""ema_slope"", ""trend_length"": 200}",diagnostic_year_2023,adverse,2023-06-04T00:00:00+00:00,2024-01-01T00:00:00+00:00,42,atr_volatility_breakout,1.0.0,30.952380952380953,-7.4388375198934265,-12.516409773329752,-4.711927655571018,0,-743.8837519893392,0,42,,,,,,,,,,,,,,,,,0.4255151842711819,-4.17317012746097,-17.711517904508078,7.629010277979072,203.31092222052513,42.383637697598175,-44.65072558821088,,4.953307566240066,,121.98638606505575,20.33106434417596,,,345.6283726297568,,,,,,,,,not_modelled_synthetic,,,0.9492261802972519,8.229246967375163,43.35700232322945,-41.8383702490472,-88.61397034276499,-67.9342460080404,-34.22860077200377,53.71833002503496,64.36381316833317,68.33046161396692,180.9029081541172,279.53352797214217,,,,-812.2142136033062,68.33046161396692,,-17.711517904508078,,0.4255151842711818,atr,eth_short_regime_challenge_v1_atr,20261007T203617Z-52e2dc923989,24e3dc0706b74e5ca8b148fe94614b61,13,29,0,-743.8837519893393,-34.22860077200377,DESCRIPTIVE_SAMPLE,,human_review_required
49c4a234fbe24bab,,ETHUSDT,1h,SHORT_ONLY,"{""atr_expansion_threshold"": 1.25, ""atr_length"": 14, ""atr_reference_length"": 50, ""atr_reference_method"": ""mean"", ""atr_stop_multiplier"": 2.0, ""exit_length"": 10, ""exit_method"": ""risk"", ""fast_length"": 50, ""impulse_atr_multiplier"": 1.0, ""reward_risk"": 2.0, ""slope_lookback"": 5, ""trend_filter"": ""ema_slope"", ""trend_length"": 200}",diagnostic_year_2023,base,2023-06-04T00:00:00+00:00,2024-01-01T00:00:00+00:00,39,atr_volatility_breakout,1.0.0,33.333333333333336,-4.824480913117235,-8.198084535783256,-3.4489854569181433,0,-482.4480913117257,0,39,,,,,,,,,,,,,,,,,0.5538559918838868,-2.876224498442001,-12.370463879787836,5.083743752444075,95.49169993390103,46.07114799861123,-41.59126981898737,,4.2062067450265745,,57.29498634855535,9.549164391425892,,,162.33585067388228,,,,,,,,,not_modelled_synthetic,,,1.1077119837677736,4.162457709586725,47.41123109042911,-38.11712589157042,-89.24942449273173,-65.80225074513618,-29.699517215579114,58.149657844899366,68.76151532125222,72.91210463722499,134.90160581136382,246.3534237539064,,,,-555.3601959489506,72.91210463722499,,-12.370463879787838,,0.5538559918838868,atr,eth_short_regime_challenge_v1_atr,20261007T203617Z-52e2dc923989,bfaac31d14494267b28cf51c1340b76f,13,26,0,-482.44809131172565,-29.699517215579114,DESCRIPTIVE_SAMPLE,,human_review_required
49c4a234fbe24bab,,ETHUSDT,1h,SHORT_ONLY,"{""atr_expansion_threshold"": 1.25, ""atr_length"": 14, ""atr_reference_length"": 50, ""atr_reference_method"": ""mean"", ""atr_stop_multiplier"": 2.0, ""exit_length"": 10, ""exit_method"": ""risk"", ""fast_length"": 50, ""impulse_atr_multiplier"": 1.0, ""reward_risk"": 2.0, ""slope_lookback"": 5, ""trend_filter"": ""ema_slope"", ""trend_length"": 200}",diagnostic_year_2023,adverse,2023-06-04T00:00:00+00:00,2024-01-01T00:00:00+00:00,39,atr_volatility_breakout,1.0.0,33.333333333333336,-6.039211710160963,-10.215461677905392,-4.127621119096929,0,-603.9211710160979,0,39,,,,,,,,,,,,,,,,,0.47802787081291087,-3.6180241543776073,-15.485158231181998,6.232260087927618,189.5739241949376,42.54443947025238,-44.49995708189919,,4.171332633732222,,113.74423622579464,18.957372704299107,,,322.27553312503136,,,,,,,,,not_modelled_synthetic,,,0.9560557416258219,8.263475208334137,43.735891117933775,-41.266985811396836,-89.79055777123415,-69.08815884932997,-32.90325585636907,54.56021916487506,65.02427938642091,68.92759653153954,127.58330583908275,231.81159568590272,,,,-672.8487675476374,68.92759653153954,,-15.485158231181998,,0.478027870812911,atr,eth_short_regime_challenge_v1_atr,20261007T203617Z-52e2dc923989,80ff46e8f0a440119a730b7a6efc9e9c,13,26,0,-603.9211710160979,-32.90325585636907,DESCRIPTIVE_SAMPLE,,human_review_required
cfd1f51b4fb4e68c,,ETHUSDT,1h,SHORT_ONLY,"{""atr_expansion_threshold"": 1.25, ""atr_length"": 14, ""atr_reference_length"": 50, ""atr_reference_method"": ""mean"", ""atr_stop_multiplier"": 2.0, ""exit_length"": 10, ""exit_method"": ""risk"", ""fast_length"": 50, ""impulse_atr_multiplier"": 1.25, ""reward_risk"": 2.0, ""slope_lookback"": 5, ""trend_filter"": ""ema_slope"", ""trend_length"": 200}",diagnostic_year_2023,base,2023-06-04T00:00:00+00:00,2024-01-01T00:00:00+00:00,33,atr_volatility_breakout,1.0.0,36.36363636363637,-3.113755974493071,-5.324976659930547,-2.3399059723017324,0,-311.3755974493035,0,33,,,,,,,,,,,,,,,,,0.6447124340350866,-1.7709483693090007,-9.435624165130408,3.7161026623759827,81.57708246341952,47.08573621329947,-41.73354438137605,,3.0371953502690086,,48.94623134512097,8.157705224186829,,,138.6810190327273,,,,,,,,,not_modelled_synthetic,,,1.1282467595614014,4.202455122203858,49.6685725558941,-39.3868370492932,-91.82140454495062,-61.075547764701014,-29.998435825513752,59.777555313982475,70.04341297861535,73.83348912189842,135.82299029603723,248.39453091878184,,,,-385.2090865712019,73.83348912189842,,-9.435624165130408,,0.6447124340350866,atr,eth_short_regime_challenge_v1_atr,20261007T203617Z-52e2dc923989,95824efc8ed64a8ab75151ae1911d3e9,12,21,0,-311.3755974493035,-29.998435825513752,DESCRIPTIVE_SAMPLE,,human_review_required
cfd1f51b4fb4e68c,,ETHUSDT,1h,SHORT_ONLY,"{""atr_expansion_threshold"": 1.25, ""atr_length"": 14, ""atr_reference_length"": 50, ""atr_reference_method"": ""mean"", ""atr_stop_multiplier"": 2.0, ""exit_length"": 10, ""exit_method"": ""risk"", ""fast_length"": 50, ""impulse_atr_multiplier"": 1.25, ""reward_risk"": 2.0, ""slope_lookback"": 5, ""trend_filter"": ""ema_slope"", ""trend_length"": 200}",diagnostic_year_2023,adverse,2023-06-04T00:00:00+00:00,2024-01-01T00:00:00+00:00,33,atr_volatility_breakout,1.0.0,36.36363636363637,-4.154976142105893,-7.078122491587591,-3.0024212053510415,0,-415.49761421058383,0,33,,,,,,,,,,,,,,,,,0.5571809338554635,-2.394392039662466,-12.590836794260117,4.5336133791631585,162.08857558707962,43.56695664970269,-44.68100447652458,,3.0022471178567214,,97.25308657446398,16.208847762410663,,,275.5505099239542,,,,,,,,,not_modelled_synthetic,,,0.9750666342470611,8.350015452241037,46.04711479632893,-42.46402976988264,-92.31609599219884,-63.96702722504267,-33.25714642077119,56.29607537103895,66.31349959452317,69.9171656119255,128.57287491946872,233.99136831904136,,,,-485.41477982250933,69.9171656119255,,-12.590836794260117,,0.5571809338554635,atr,eth_short_regime_challenge_v1_atr,20261007T203617Z-52e2dc923989,cb2d2f0992f44741b5354ec031baa78a,12,21,0,-415.49761421058383,-33.25714642077119,DESCRIPTIVE_SAMPLE,,human_review_required
cf431489718e192b,,ETHUSDT,1h,SHORT_ONLY,"{""atr_expansion_threshold"": 1.1, ""atr_length"": 14, ""atr_reference_length"": 50, ""atr_reference_method"": ""mean"", ""atr_stop_multiplier"": 2.0, ""exit_length"": 10, ""exit_method"": ""risk"", ""fast_length"": 50, ""impulse_atr_multiplier"": 0.75, ""reward_risk"": 2.0, ""slope_lookback"": 5, ""trend_filter"": ""ema_slope"", ""trend_length"": 200}",diagnostic_year_2024,base,2024-01-01T00:00:00+00:00,2025-01-01T00:00:00+00:00,92,atr_volatility_breakout,1.0.0,36.95652173913044,-0.2183589378527362,-0.21776297880250484,0.02777103485109973,0,-21.835893785264933,0,92,,,,,,,,,,,,,,,,,0.9942492820672406,0.017153927592600413,-0.23734667157896608,6.01377088790267,225.64546327546893,111.03637520795145,-65.46676984233818,,5.877087370991588,,135.38731595023236,22.564552658372058,,,383.59733188407336,,,,,,,,,not_modelled_synthetic,,,1.6960723047029398,4.169536216131232,103.22773342580946,-61.43616413846682,-104.03648682023035,-100.2556211528816,-47.975463139011445,159.2049644930361,190.93418647566332,196.5015707395885,908.7223758698424,1591.8582814928063,,,,-218.33746452485337,196.5015707395885,,-0.23734667157896666,,0.9942492820672408,atr,eth_short_regime_challenge_v1_atr,20261007T203617Z-52e2dc923989,e2d4e2ca8be844988a7b14bb0b0146d3,34,58,0,-21.83589378526488,-47.975463139011445,DESCRIPTIVE_SAMPLE,,human_review_required
cf431489718e192b,,ETHUSDT,1h,SHORT_ONLY,"{""atr_expansion_threshold"": 1.1, ""atr_length"": 14, ""atr_reference_length"": 50, ""atr_reference_method"": ""mean"", ""atr_stop_multiplier"": 2.0, ""exit_length"": 10, ""exit_method"": ""risk"", ""fast_length"": 50, ""impulse_atr_multiplier"": 0.75, ""reward_risk"": 2.0, ""slope_lookback"": 5, ""trend_filter"": ""ema_slope"", ""trend_length"": 200}",diagnostic_year_2024,adverse,2024-01-01T00:00:00+00:00,2025-01-01T00:00:00+00:00,91,atr_volatility_breakout,1.0.0,37.362637362637365,-2.3325924228748796,-2.326293931657597,-0.37537352543454094,0,-233.25924228747593,0,91,,,,,,,,,,,,,,,,,0.9394194418858244,-0.23667633698678153,-2.56328837678545,6.776818119790834,440.98389039184156,106.38642554723755,-67.55083703322022,,5.912767716523803,,264.5905511288272,44.09842518813787,,,749.6728667088066,,,,,,,,,not_modelled_synthetic,,,1.5749090643379997,8.238163370426447,98.67106237500326,-63.96050503469271,-102.4163682256137,-99.97926567673554,-50.41545668476018,155.47115352197895,181.1020547949621,187.1740088431547,871.2400962055385,1530.0728616335539,,,,-420.43325113063065,187.1740088431547,,-2.56328837678545,,0.9394194418858243,atr,eth_short_regime_challenge_v1_atr,20261007T203617Z-52e2dc923989,e76874aa45ad4065a412385d0723def9,34,57,0,-233.25924228747596,-50.41545668476018,DESCRIPTIVE_SAMPLE,,human_review_required
b189830689073f8b,,ETHUSDT,1h,SHORT_ONLY,"{""atr_expansion_threshold"": 1.1, ""atr_length"": 14, ""atr_reference_length"": 50, ""atr_reference_method"": ""mean"", ""atr_stop_multiplier"": 2.0, ""exit_length"": 10, ""exit_method"": ""risk"", ""fast_length"": 50, ""impulse_atr_multiplier"": 1.0, ""reward_risk"": 2.0, ""slope_lookback"": 5, ""trend_filter"": ""ema_slope"", ""trend_length"": 200}",diagnostic_year_2024,base,2024-01-01T00:00:00+00:00,2025-01-01T00:00:00+00:00,76,atr_volatility_breakout,1.0.0,39.473684210526315,4.4275231758655,4.415162916604465,1.0988834220845376,0,442.75231758654655,0,76,,,,,,,,,,,,,,,,,1.1409415750363108,0.6275417325101179,5.825688389296665,6.859737269706663,195.01696756731977,119.47137822842056,-68.29106585361022,,4.60020267779291,,117.01026183992386,19.501710306653976,,,331.5289397138976,,,,,,,,,not_modelled_synthetic,,,1.74944374838901,4.362222890972337,110.9585176761072,-64.5269727793878,-107.93370369631877,-105.9830552868965,-48.73841905156577,174.69675714042046,198.8374783026776,206.47044914285155,773.2720846020563,1399.7091261572461,46.63339771281761,174.65116587467705,316.13818167843687,236.28186844369495,206.47044914285155,,5.8256883892966655,,1.1409415750363106,atr,eth_short_regime_challenge_v1_atr,20261007T203617Z-52e2dc923989,1c7bf069089d45e48abebbb076aea9e5,30,46,0,442.7523175865465,-48.73841905156577,DESCRIPTIVE_SAMPLE,,human_review_required
b189830689073f8b,,ETHUSDT,1h,SHORT_ONLY,"{""atr_expansion_threshold"": 1.1, ""atr_length"": 14, ""atr_reference_length"": 50, ""atr_reference_method"": ""mean"", ""atr_stop_multiplier"": 2.0, ""exit_length"": 10, ""exit_method"": ""risk"", ""fast_length"": 50, ""impulse_atr_multiplier"": 1.0, ""reward_risk"": 2.0, ""slope_lookback"": 5, ""trend_filter"": ""ema_slope"", ""trend_length"": 200}",diagnostic_year_2024,adverse,2024-01-01T00:00:00+00:00,2025-01-01T00:00:00+00:00,75,atr_volatility_breakout,1.0.0,40.0,2.710909536807682,2.7034034529623385,0.6996588605848423,0,271.0909536807689,0,75,,,,,,,,,,,,,,,,,1.0853581487601305,0.4082626387118729,3.614546049076918,7.429807720290194,381.15313212869506,114.90048300657331,-70.57607858925401,,4.64632873540225,,228.69226527894307,38.115377546490514,,,647.9607749541286,,,,,,,,,not_modelled_synthetic,,,1.6280372231401958,8.639476999388382,106.6942737284952,-66.66678487291605,-107.05582003285623,-105.24360313467766,-51.04933681197906,170.93756580094418,189.47311569543947,197.07565586570593,740.8396184601263,1349.4254149680892,72.69724540413037,273.2808337575602,497.77589279395323,74.01529781506292,197.07565586570593,,3.614546049076919,,1.0853581487601305,atr,eth_short_regime_challenge_v1_atr,20261007T203617Z-52e2dc923989,67e5b38e46ad4355a1bab07d5ac81993,30,45,0,271.09095368076885,-51.04933681197906,DESCRIPTIVE_SAMPLE,,human_review_required
817d1c5f49c84d4e,,ETHUSDT,1h,SHORT_ONLY,"{""atr_expansion_threshold"": 1.1, ""atr_length"": 14, ""atr_reference_length"": 50, ""atr_reference_method"": ""mean"", ""atr_stop_multiplier"": 2.0, ""exit_length"": 10, ""exit_method"": ""risk"", ""fast_length"": 50, ""impulse_atr_multiplier"": 1.25, ""reward_risk"": 2.0, ""slope_lookback"": 5, ""trend_filter"": ""ema_slope"", ""trend_length"": 200}",diagnostic_year_2024,base,2024-01-01T00:00:00+00:00,2025-01-01T00:00:00+00:00,63,atr_volatility_breakout,1.0.0,41.26984126984127,6.943168384077181,6.923555937547965,1.824388348916009,0,694.316838407714,0,63,,,,,,,,,,,,,,,,,1.274429829053678,0.984073865277229,11.020902196947839,7.503962769709796,164.4241961285134,124.01349943126525,-68.37930126500491,,3.5449226600664088,,98.65461993010759,16.442436655017932,,,279.52125271363894,,,,,,,,,not_modelled_synthetic,,,1.8136116798071573,4.436845281168872,116.1245333130988,-65.7726940559287,-111.02246177927363,-102.52620128609995,-47.97671652469897,182.61909737652897,204.48854151040172,213.424668697816,785.1640087551091,1271.8649488940391,30.73880062987752,113.08439682317605,183.18221286564562,480.8921697098978,213.424668697816,,11.020902196947842,,1.2744298290536782,atr,eth_short_regime_challenge_v1_atr,20261007T203617Z-52e2dc923989,b06f0f7f5e4b4b1f9d8b889c1506aa74,26,37,0,694.3168384077138,-47.97671652469897,DESCRIPTIVE_SAMPLE,,human_review_required
817d1c5f49c84d4e,,ETHUSDT,1h,SHORT_ONLY,"{""atr_expansion_threshold"": 1.1, ""atr_length"": 14, ""atr_reference_length"": 50, ""atr_reference_method"": ""mean"", ""atr_stop_multiplier"": 2.0, ""exit_length"": 10, ""exit_method"": ""risk"", ""fast_length"": 50, ""impulse_atr_multiplier"": 1.25, ""reward_risk"": 2.0, ""slope_lookback"": 5, ""trend_filter"": ""ema_slope"", ""trend_length"": 200}",diagnostic_year_2024,adverse,2024-01-01T00:00:00+00:00,2025-01-01T00:00:00+00:00,63,atr_volatility_breakout,1.0.0,41.26984126984127,4.6779629624750685,4.664888062407502,1.2666740644236925,0,467.7962962475066,0,63,,,,,,,,,,,,,,,,,1.1783221093457141,0.7025711537461371,7.425338035674709,8.039887993270483,324.57077580962795,118.88916172773591,-70.90059212631425,,3.5656528828629748,,194.74289370396494,32.45714895066082,,,551.7708184642537,,,,,,,,,not_modelled_synthetic,,,1.6768430017612084,8.758266959750058,111.5609631070916,-68.19700244577456,-109.38024158187051,-105.53788552709285,-51.04933681197906,178.4123956163886,193.76464826793253,202.39398444782228,750.0933478342438,1223.2570069742806,43.26540976731836,160.34614934988204,261.49352117295655,265.4023117996844,202.39398444782228,,7.425338035674708,,1.1783221093457144,atr,eth_short_regime_challenge_v1_atr,20261007T203617Z-52e2dc923989,36145e36b44740be9858d98df5f5a270,26,37,0,467.7962962475067,-51.04933681197906,DESCRIPTIVE_SAMPLE,,human_review_required
143528a8db38d8af,,ETHUSDT,1h,SHORT_ONLY,"{""atr_expansion_threshold"": 1.25, ""atr_length"": 14, ""atr_reference_length"": 50, ""atr_reference_method"": ""mean"", ""atr_stop_multiplier"": 2.0, ""exit_length"": 10, ""exit_method"": ""risk"", ""fast_length"": 50, ""impulse_atr_multiplier"": 0.75, ""reward_risk"": 2.0, ""slope_lookback"": 5, ""trend_filter"": ""ema_slope"", ""trend_length"": 200}",diagnostic_year_2024,base,2024-01-01T00:00:00+00:00,2025-01-01T00:00:00+00:00,65,atr_volatility_breakout,1.0.0,35.38461538461539,-1.231234657940894,-1.2278913673051894,-0.19486380022192648,0,-123.12346579409181,0,65,,,,,,,,,,,,,,,,,0.9566782623366583,-0.12448749677029709,-1.8942071660629523,5.592005697970985,157.3313071339719,118.2151217359586,-67.66836346955094,,5.002945588537971,,94.3987994360594,15.733133239343235,,,267.46323980937456,,,,,,,,,not_modelled_synthetic,,,1.7469776964408545,4.114819073990378,110.95236856625237,-66.37517236622705,-101.77246893211775,-101.02208226874657,-46.46297728239531,171.2767664957453,188.2123703215627,192.40441777050546,736.6347072603213,1173.6653346480505,,,,-315.52788356459735,192.40441777050546,,-1.894207166062951,,0.9566782623366586,atr,eth_short_regime_challenge_v1_atr,20261007T203617Z-52e2dc923989,add3cfd88fbd46539e918c186776fdb3,23,42,0,-123.1234657940919,-46.46297728239531,DESCRIPTIVE_SAMPLE,,human_review_required
143528a8db38d8af,,ETHUSDT,1h,SHORT_ONLY,"{""atr_expansion_threshold"": 1.25, ""atr_length"": 14, ""atr_reference_length"": 50, ""atr_reference_method"": ""mean"", ""atr_stop_multiplier"": 2.0, ""exit_length"": 10, ""exit_method"": ""risk"", ""fast_length"": 50, ""impulse_atr_multiplier"": 0.75, ""reward_risk"": 2.0, ""slope_lookback"": 5, ""trend_filter"": ""ema_slope"", ""trend_length"": 200}",diagnostic_year_2024,adverse,2024-01-01T00:00:00+00:00,2025-01-01T00:00:00+00:00,65,atr_volatility_breakout,1.0.0,35.38461538461539,-3.2714933699676263,-3.2627022963913843,-0.6119703770169455,0,-327.14933699676624,0,65,,,,,,,,,,,,,,,,,0.8883711758653381,-0.4018927465685131,-5.033066723027174,5.982879945758677,310.2527788936804,113.19736497634383,-69.77830312982557,,4.94262933296813,,186.15175145401204,31.025291909002007,,,527.4298222566945,,,,,,,,,not_modelled_synthetic,,,1.6222430167975739,8.1143049577953,106.84346274760362,-69.20210307980791,-100.89786960808499,-99.77257007615452,-49.21416799181342,167.23652853410354,178.45639099016034,182.6290303176704,703.7949188924481,1126.895132823598,,,,-509.7783673144367,182.6290303176704,,-5.033066723027173,,0.8883711758653381,atr,eth_short_regime_challenge_v1_atr,20261007T203617Z-52e2dc923989,31e32df069e44b23aa6feaf9e37df075,23,42,0,-327.1493369967663,-49.21416799181342,DESCRIPTIVE_SAMPLE,,human_review_required
49c4a234fbe24bab,,ETHUSDT,1h,SHORT_ONLY,"{""atr_expansion_threshold"": 1.25, ""atr_length"": 14, ""atr_reference_length"": 50, ""atr_reference_method"": ""mean"", ""atr_stop_multiplier"": 2.0, ""exit_length"": 10, ""exit_method"": ""risk"", ""fast_length"": 50, ""impulse_atr_multiplier"": 1.0, ""reward_risk"": 2.0, ""slope_lookback"": 5, ""trend_filter"": ""ema_slope"", ""trend_length"": 200}",diagnostic_year_2024,base,2024-01-01T00:00:00+00:00,2025-01-01T00:00:00+00:00,55,atr_volatility_breakout,1.0.0,34.54545454545455,-1.7255457212488778,-1.7208719166585618,-0.3703427240882288,0,-172.55457212489512,0,55,,,,,,,,,,,,,,,,,0.9305529238434642,-0.22733870887667984,-3.1373558568162743,7.741649717856689,134.0430323797582,121.69142657750126,-69.0192132527061,,3.8064306900572547,,80.42582523630684,13.404304206051139,,,227.87316182211615,,,,,,,,,not_modelled_synthetic,,,1.7631529083349848,4.143148396765748,110.99919025469828,-68.49179361495433,-102.43727811033801,-100.91273764804292,-51.05742360572659,179.1172766903787,189.76113656174456,190.39382569242798,563.3747878772258,1047.3881458191354,,,,-362.9483978173231,190.39382569242798,,-3.1373558568162747,,0.9305529238434641,atr,eth_short_regime_challenge_v1_atr,20261007T203617Z-52e2dc923989,155071431e044dbb8e1ec522925cb64d,19,36,0,-172.5545721248951,-51.05742360572659,DESCRIPTIVE_SAMPLE,,human_review_required
49c4a234fbe24bab,,ETHUSDT,1h,SHORT_ONLY,"{""atr_expansion_threshold"": 1.25, ""atr_length"": 14, ""atr_reference_length"": 50, ""atr_reference_method"": ""mean"", ""atr_stop_multiplier"": 2.0, ""exit_length"": 10, ""exit_method"": ""risk"", ""fast_length"": 50, ""impulse_atr_multiplier"": 1.0, ""reward_risk"": 2.0, ""slope_lookback"": 5, ""trend_filter"": ""ema_slope"", ""trend_length"": 200}",diagnostic_year_2024,adverse,2024-01-01T00:00:00+00:00,2025-01-01T00:00:00+00:00,55,atr_volatility_breakout,1.0.0,34.54545454545455,-3.488880337796485,-3.4795156799334426,-0.7903027087774415,0,-348.8880337796533,0,55,,,,,,,,,,,,,,,,,0.8640901939111864,-0.5028094945352655,-6.3434187959936965,8.836123438459769,264.7465693144777,116.74566330252033,-71.30710101465387,,3.7892214270777393,,158.84798408478375,26.474664014130628,,,450.0692174133921,,,,,,,,,not_modelled_synthetic,,,1.6372235253054057,8.183076680243493,107.03281825079259,-71.15498930313458,-102.07750523642987,-100.02253967624317,-53.48523165573279,173.6381621987396,180.45421866790457,181.02336438584288,535.5392169097903,1006.3020553515375,,,,-529.9113981654962,181.02336438584288,,-6.3434187959936965,,0.8640901939111867,atr,eth_short_regime_challenge_v1_atr,20261007T203617Z-52e2dc923989,5bc8f9e8c1764b5a8aa46e862e35d438,19,36,0,-348.8880337796533,-53.48523165573279,DESCRIPTIVE_SAMPLE,,human_review_required
cfd1f51b4fb4e68c,,ETHUSDT,1h,SHORT_ONLY,"{""atr_expansion_threshold"": 1.25, ""atr_length"": 14, ""atr_reference_length"": 50, ""atr_reference_method"": ""mean"", ""atr_stop_multiplier"": 2.0, ""exit_length"": 10, ""exit_method"": ""risk"", ""fast_length"": 50, ""impulse_atr_multiplier"": 1.25, ""reward_risk"": 2.0, ""slope_lookback"": 5, ""trend_filter"": ""ema_slope"", ""trend_length"": 200}",diagnostic_year_2024,base,2024-01-01T00:00:00+00:00,2025-01-01T00:00:00+00:00,40,atr_volatility_breakout,1.0.0,35.0,-0.0038873360276192592,-0.003876715096806649,0.050137824037854495,0,-0.3887336027615973,0,40,,,,,,,,,,,,,,,,,0.9997795045089978,0.028186601546429896,-0.009718340069041176,6.063573060457276,99.2212461415575,125.90082162828212,-67.80770139995043,,2.6219027073935592,,59.53276535511207,9.922127559185345,,,168.67613905585492,,,,,,,,,not_modelled_synthetic,,,1.8567333655167102,4.216903476396373,113.41280131277873,-66.89763653812564,-104.96548772831811,-100.42394409316205,-51.90477760121103,185.3707222705111,193.88804102445184,196.1465579050637,386.5020468854816,751.5994508563931,,,,-196.53529150782535,196.1465579050637,,-0.009718340069039932,,0.999779504508998,atr,eth_short_regime_challenge_v1_atr,20261007T203617Z-52e2dc923989,1380eca8ee864badb72ba84b470af24d,14,26,0,-0.38873360276164703,-51.90477760121103,DESCRIPTIVE_SAMPLE,,human_review_required
cfd1f51b4fb4e68c,,ETHUSDT,1h,SHORT_ONLY,"{""atr_expansion_threshold"": 1.25, ""atr_length"": 14, ""atr_reference_length"": 50, ""atr_reference_method"": ""mean"", ""atr_stop_multiplier"": 2.0, ""exit_length"": 10, ""exit_method"": ""risk"", ""fast_length"": 50, ""impulse_atr_multiplier"": 1.25, ""reward_risk"": 2.0, ""slope_lookback"": 5, ""trend_filter"": ""ema_slope"", ""trend_length"": 200}",diagnostic_year_2024,adverse,2024-01-01T00:00:00+00:00,2025-01-01T00:00:00+00:00,40,atr_volatility_breakout,1.0.0,35.0,-1.4015037615762727,-1.397701402762297,-0.36730072176845535,0,-140.15037615763111,0,40,,,,,,,,,,,,,,,,,0.9235464726548934,-0.21509018300005017,-3.5037594039407756,6.91188810505389,196.5478262183593,120.9281638479857,-70.50556423190119,,2.6073771511965536,,117.92877720304543,19.654796200507572,,,334.1313996219123,,,,,,,,,not_modelled_synthetic,,,1.7151577349305165,8.353284990547808,109.68352153471595,-69.7518610995762,-104.44447725423692,-103.22480574546063,-54.61674388263772,176.76693945009072,184.663300148171,186.93523367662632,368.0449967674698,720.6908937364034,,,,-327.08560983425735,186.93523367662632,,-3.503759403940778,,0.9235464726548935,atr,eth_short_regime_challenge_v1_atr,20261007T203617Z-52e2dc923989,a7605db72f794646ad8e62a21aadbc33,14,26,0,-140.15037615763103,-54.61674388263772,DESCRIPTIVE_SAMPLE,,human_review_required
cf431489718e192b,,ETHUSDT,1h,SHORT_ONLY,"{""atr_expansion_threshold"": 1.1, ""atr_length"": 14, ""atr_reference_length"": 50, ""atr_reference_method"": ""mean"", ""atr_stop_multiplier"": 2.0, ""exit_length"": 10, ""exit_method"": ""risk"", ""fast_length"": 50, ""impulse_atr_multiplier"": 0.75, ""reward_risk"": 2.0, ""slope_lookback"": 5, ""trend_filter"": ""ema_slope"", ""trend_length"": 200}",diagnostic_year_2025,base,2025-01-01T00:00:00+00:00,2026-01-01T00:00:00+00:00,80,atr_volatility_breakout,1.0.0,42.5,9.131144892982856,9.131144892982856,1.7693673675655734,0,913.1144892982875,0,80,,,,,,,,,,,,,,,,,1.2472627237224168,0.9235982769395759,11.413931116228593,7.914793471413469,203.28282737804068,135.47077374018718,-80.28025691017558,,5.122946432662896,,121.96982858984664,20.32830476497444,,,345.5809607328618,,,,,,,,,not_modelled_synthetic,,,1.6874730968009168,4.3197620091607725,128.1815711188894,-81.16787801456285,-110.22173395364959,-105.91169463832865,-56.07244108480595,197.71414372692826,203.89038678611618,204.42398813210076,811.752165151361,1547.4750110455043,22.38755276889725,88.89927546491771,169.4721778245696,708.6905011661868,204.42398813210076,,11.413931116228593,,1.2472627237224168,atr,eth_short_regime_challenge_v1_atr,20261007T203617Z-52e2dc923989,7a6b3c880e4c43089172d5e95dd71576,34,46,0,913.1144892982875,-56.07244108480595,DESCRIPTIVE_SAMPLE,,human_review_required
cf431489718e192b,,ETHUSDT,1h,SHORT_ONLY,"{""atr_expansion_threshold"": 1.1, ""atr_length"": 14, ""atr_reference_length"": 50, ""atr_reference_method"": ""mean"", ""atr_stop_multiplier"": 2.0, ""exit_length"": 10, ""exit_method"": ""risk"", ""fast_length"": 50, ""impulse_atr_multiplier"": 0.75, ""reward_risk"": 2.0, ""slope_lookback"": 5, ""trend_filter"": ""ema_slope"", ""trend_length"": 200}",diagnostic_year_2025,adverse,2025-01-01T00:00:00+00:00,2026-01-01T00:00:00+00:00,80,atr_volatility_breakout,1.0.0,42.5,6.426170626992267,6.426170626992267,1.2626975348734364,0,642.6170626992186,0,80,,,,,,,,,,,,,,,,,1.1700727514542846,0.6816533481989628,8.032713283740227,8.631658228712478,399.84151509097507,130.0323656052051,-82.14094277995119,,5.114754624691918,,239.90546444086527,39.98424407347755,,,679.7312236053178,,,,,,,,,not_modelled_synthetic,,,1.583039604908738,8.496640295066474,124.25593885079522,-84.25011984821003,-108.94622272587385,-105.02707848300645,-58.49701677897951,187.94587450190198,195.84637313795102,196.37873669537728,775.8522368321871,1483.383622518116,30.55921607037905,120.73321451710827,230.83477059998717,446.23832600384094,196.37873669537728,,8.032713283740232,,1.1700727514542837,atr,eth_short_regime_challenge_v1_atr,20261007T203617Z-52e2dc923989,e6081827db824a939c7bda70cb9fa355,34,46,0,642.6170626992182,-58.49701677897951,DESCRIPTIVE_SAMPLE,,human_review_required
b189830689073f8b,,ETHUSDT,1h,SHORT_ONLY,"{""atr_expansion_threshold"": 1.1, ""atr_length"": 14, ""atr_reference_length"": 50, ""atr_reference_method"": ""mean"", ""atr_stop_multiplier"": 2.0, ""exit_length"": 10, ""exit_method"": ""risk"", ""fast_length"": 50, ""impulse_atr_multiplier"": 1.0, ""reward_risk"": 2.0, ""slope_lookback"": 5, ""trend_filter"": ""ema_slope"", ""trend_length"": 200}",diagnostic_year_2025,base,2025-01-01T00:00:00+00:00,2026-01-01T00:00:00+00:00,67,atr_volatility_breakout,1.0.0,43.28358208955224,9.913884009070472,9.913884009070472,2.264772111867085,0,991.3884009070491,0,67,,,,,,,,,,,,,,,,,1.3339626782595857,1.1517185060052884,14.796841804582824,6.423823993594409,169.57527703927101,136.5499606290313,-78.12001203512784,,3.6589954607242703,,101.7453005885481,16.957550098091353,,,288.2781277259105,,,,,,,,,not_modelled_synthetic,,,1.7479510956504918,4.302658622774784,126.90424190647435,-82.35999063230966,-111.15928707581696,-104.87150742330616,-44.56677416783681,194.9409000657074,205.39692338652844,208.1687933428339,809.8712657233531,1348.6088507183865,20.99770313555963,81.69061338445951,136.03234105669446,783.2196075642153,208.1687933428339,,14.796841804582822,,1.3339626782595855,atr,eth_short_regime_challenge_v1_atr,20261007T203617Z-52e2dc923989,a849a96e6ccd46529de15010f000c61e,29,38,0,991.3884009070492,-44.56677416783681,DESCRIPTIVE_SAMPLE,,human_review_required
b189830689073f8b,,ETHUSDT,1h,SHORT_ONLY,"{""atr_expansion_threshold"": 1.1, ""atr_length"": 14, ""atr_reference_length"": 50, ""atr_reference_method"": ""mean"", ""atr_stop_multiplier"": 2.0, ""exit_length"": 10, ""exit_method"": ""risk"", ""fast_length"": 50, ""impulse_atr_multiplier"": 1.0, ""reward_risk"": 2.0, ""slope_lookback"": 5, ""trend_filter"": ""ema_slope"", ""trend_length"": 200}",diagnostic_year_2025,adverse,2025-01-01T00:00:00+00:00,2026-01-01T00:00:00+00:00,67,atr_volatility_breakout,1.0.0,43.28358208955224,7.56103113628348,7.56103113628348,1.7234267254035585,0,756.1031136283482,0,67,,,,,,,,,,,,,,,,,1.2482311817497969,0.9110475774932126,11.28512109893057,7.025511910089405,333.9519872329244,131.1057445274742,-80.15693362285272,,3.645690492838511,,200.3717483450537,33.39529139084228,,,567.7190269688205,,,,,,,,,not_modelled_synthetic,,,1.635613272637665,8.47341831296747,122.35940678882828,-84.99621404197427,-109.13721334334396,-104.06749593846948,-47.37260673525138,188.4375744581881,195.16110209756985,196.52819575201343,772.7044745313005,1291.7218326796474,25.992247910331194,102.19564773689221,170.83937486793303,559.5749178763348,196.52819575201343,,11.28512109893057,,1.2482311817497966,atr,eth_short_regime_challenge_v1_atr,20261007T203617Z-52e2dc923989,b9f7031d1b05433cbc29053fe278844a,29,38,0,756.1031136283482,-47.37260673525138,DESCRIPTIVE_SAMPLE,,human_review_required
817d1c5f49c84d4e,,ETHUSDT,1h,SHORT_ONLY,"{""atr_expansion_threshold"": 1.1, ""atr_length"": 14, ""atr_reference_length"": 50, ""atr_reference_method"": ""mean"", ""atr_stop_multiplier"": 2.0, ""exit_length"": 10, ""exit_method"": ""risk"", ""fast_length"": 50, ""impulse_atr_multiplier"": 1.25, ""reward_risk"": 2.0, ""slope_lookback"": 5, ""trend_filter"": ""ema_slope"", ""trend_length"": 200}",diagnostic_year_2025,base,2025-01-01T00:00:00+00:00,2026-01-01T00:00:00+00:00,53,atr_volatility_breakout,1.0.0,47.16981132075472,11.201801113181965,11.201801113181965,3.0524502962141464,0,1120.1801113181934,0,53,,,,,,,,,,,,,,,,,1.5207758745768112,1.4848463908552303,21.135473798456484,4.6168530639221474,134.1329171278034,130.8465289301502,-76.82082542627006,,2.6791993256026174,,80.47989183833677,13.413315306389464,,,228.02612427252961,,,,,,,,,not_modelled_synthetic,,,1.7032689795260285,4.3023797032552755,124.90221009074678,-82.57466229695414,-109.92649910091913,-101.80121598950136,-40.03062337473382,187.03058075089422,195.28251600225275,199.78533855478804,581.0775739481498,1094.4104115116736,17.83510852729627,51.87358426354808,97.69950389708356,920.3947727634056,199.78533855478804,,21.13547379845648,,1.5207758745768114,atr,eth_short_regime_challenge_v1_atr,20261007T203617Z-52e2dc923989,4db591f7d66a41009062ba802687899c,25,28,0,1120.1801113181937,-40.03062337473382,DESCRIPTIVE_SAMPLE,,human_review_required
817d1c5f49c84d4e,,ETHUSDT,1h,SHORT_ONLY,"{""atr_expansion_threshold"": 1.1, ""atr_length"": 14, ""atr_reference_length"": 50, ""atr_reference_method"": ""mean"", ""atr_stop_multiplier"": 2.0, ""exit_length"": 10, ""exit_method"": ""risk"", ""fast_length"": 50, ""impulse_atr_multiplier"": 1.25, ""reward_risk"": 2.0, ""slope_lookback"": 5, ""trend_filter"": ""ema_slope"", ""trend_length"": 200}",diagnostic_year_2025,adverse,2025-01-01T00:00:00+00:00,2026-01-01T00:00:00+00:00,53,atr_volatility_breakout,1.0.0,47.16981132075472,9.325742750073918,9.325742750073918,2.521920410909431,0,932.5742750073923,0,53,,,,,,,,,,,,,,,,,1.4212471203962052,1.2743736608800242,17.595741037875328,4.897241261943126,264.82738169064453,125.85662322517096,-79.06576091506722,,2.6762506667891293,,158.89700978261735,26.48283496376956,,,450.20722643703147,,,,,,,,,not_modelled_synthetic,,,1.5917967748437496,8.494475970510027,120.88126501509329,-85.70334093104255,-108.73344441646935,-101.42739156950037,-43.21653062785977,179.92299966804998,187.72916187716126,189.4254808295538,556.7219991478952,1054.3316191993915,20.312106596340787,59.697336080118895,113.05604791543645,743.1487941778385,189.4254808295538,,17.595741037875328,,1.421247120396205,atr,eth_short_regime_challenge_v1_atr,20261007T203617Z-52e2dc923989,5e6b6fcc1bf04c419fb034ab24ba3893,25,28,0,932.5742750073923,-43.21653062785977,DESCRIPTIVE_SAMPLE,,human_review_required
143528a8db38d8af,,ETHUSDT,1h,SHORT_ONLY,"{""atr_expansion_threshold"": 1.25, ""atr_length"": 14, ""atr_reference_length"": 50, ""atr_reference_method"": ""mean"", ""atr_stop_multiplier"": 2.0, ""exit_length"": 10, ""exit_method"": ""risk"", ""fast_length"": 50, ""impulse_atr_multiplier"": 0.75, ""reward_risk"": 2.0, ""slope_lookback"": 5, ""trend_filter"": ""ema_slope"", ""trend_length"": 200}",diagnostic_year_2025,base,2025-01-01T00:00:00+00:00,2026-01-01T00:00:00+00:00,59,atr_volatility_breakout,1.0.0,49.152542372881356,14.257609303298269,14.257609303298269,2.9362736189033156,0,1425.760930329827,0,59,,,,,,,,,,,,,,,,,1.5408422437941904,1.428994839995677,24.165439497115717,5.028347393587012,150.94944722843601,140.0671469431864,-87.87287770075264,,4.120563790576926,,90.56984498645726,15.094974164409544,,,256.6142663793028,,,,,,,,,not_modelled_synthetic,,,1.5939747349595075,4.349394345411913,140.19540844528112,-88.49384255674232,-113.14614830220127,-107.39974232173705,-43.984104920092946,200.76086139262674,214.37856511231493,220.64020938532173,634.5470966327582,1195.7407143447372,15.475259890469863,44.50585530394396,83.8668453390795,1205.1207209445056,220.64020938532173,,24.165439497115713,,1.5408422437941907,atr,eth_short_regime_challenge_v1_atr,20261007T203617Z-52e2dc923989,c94f561765d64918963157e188edd88d,29,30,0,1425.7609303298273,-43.984104920092946,DESCRIPTIVE_SAMPLE,,human_review_required
143528a8db38d8af,,ETHUSDT,1h,SHORT_ONLY,"{""atr_expansion_threshold"": 1.25, ""atr_length"": 14, ""atr_reference_length"": 50, ""atr_reference_method"": ""mean"", ""atr_stop_multiplier"": 2.0, ""exit_length"": 10, ""exit_method"": ""risk"", ""fast_length"": 50, ""impulse_atr_multiplier"": 0.75, ""reward_risk"": 2.0, ""slope_lookback"": 5, ""trend_filter"": ""ema_slope"", ""trend_length"": 200}",diagnostic_year_2025,adverse,2025-01-01T00:00:00+00:00,2026-01-01T00:00:00+00:00,59,atr_volatility_breakout,1.0.0,49.152542372881356,12.150516068291338,12.150516068291338,2.500824180799979,0,1215.051606829137,0,59,,,,,,,,,,,,,,,,,1.451125572716248,1.25506161059727,20.594095031002322,5.4147145105484835,297.6727484980612,134.77342814753916,-89.77926031498329,,4.076302447254173,,178.60437195920824,29.767395326534707,,,506.0445157838042,,,,,,,,,not_modelled_synthetic,,,1.5011643855685324,8.577025691250919,136.92475764960116,-91.21257668137125,-111.72518066066426,-106.57559539708983,-47.222611885219514,193.50798875668733,202.34140592804977,206.66568008974934,600.8131019076573,1142.7108618449204,17.008798550464455,49.44753774496632,94.04628210212398,1008.3859267393876,206.66568008974934,,20.594095031002322,,1.4511255727162473,atr,eth_short_regime_challenge_v1_atr,20261007T203617Z-52e2dc923989,395bd98115be4b95979d2189b8cc0cb1,29,30,0,1215.051606829137,-47.222611885219514,DESCRIPTIVE_SAMPLE,,human_review_required
49c4a234fbe24bab,,ETHUSDT,1h,SHORT_ONLY,"{""atr_expansion_threshold"": 1.25, ""atr_length"": 14, ""atr_reference_length"": 50, ""atr_reference_method"": ""mean"", ""atr_stop_multiplier"": 2.0, ""exit_length"": 10, ""exit_method"": ""risk"", ""fast_length"": 50, ""impulse_atr_multiplier"": 1.0, ""reward_risk"": 2.0, ""slope_lookback"": 5, ""trend_filter"": ""ema_slope"", ""trend_length"": 200}",diagnostic_year_2025,base,2025-01-01T00:00:00+00:00,2026-01-01T00:00:00+00:00,47,atr_volatility_breakout,1.0.0,46.808510638297875,9.235704668049593,9.235704668049593,2.453900829869061,0,923.5704668049626,0,47,,,,,,,,,,,,,,,,,1.443018137047264,1.2019444150792828,19.650435463935374,4.649909393765082,115.6397632766474,136.7406497911912,-83.38895314404975,,3.2171800487633866,,69.3839755825996,11.563995930433268,,,196.58773478968027,,,,,,,,,not_modelled_synthetic,,,1.639793337553709,4.182717761482559,132.42246106748658,-86.40763461181753,-110.16063537419068,-105.13116958822178,-42.58992206862379,187.30804395906517,203.1020938813016,207.79387244497767,596.1259177704146,940.1590975150198,22.49897326879976,64.54579690412547,101.7961413131198,715.7765943599849,207.79387244497767,,19.650435463935374,,1.443018137047264,atr,eth_short_regime_challenge_v1_atr,20261007T203617Z-52e2dc923989,dd9aa1bffea14b25b66aee2c2113b254,22,25,0,923.5704668049625,-42.58992206862379,DESCRIPTIVE_SAMPLE,,human_review_required
49c4a234fbe24bab,,ETHUSDT,1h,SHORT_ONLY,"{""atr_expansion_threshold"": 1.25, ""atr_length"": 14, ""atr_reference_length"": 50, ""atr_reference_method"": ""mean"", ""atr_stop_multiplier"": 2.0, ""exit_length"": 10, ""exit_method"": ""risk"", ""fast_length"": 50, ""impulse_atr_multiplier"": 1.0, ""reward_risk"": 2.0, ""slope_lookback"": 5, ""trend_filter"": ""ema_slope"", ""trend_length"": 200}",diagnostic_year_2025,adverse,2025-01-01T00:00:00+00:00,2026-01-01T00:00:00+00:00,47,atr_volatility_breakout,1.0.0,46.808510638297875,7.651536547898474,7.651536547898474,2.034289696262172,0,765.1536547898513,0,47,,,,,,,,,,,,,,,,,1.3585554056887537,1.027263123469617,16.279864995528754,5.037423191938922,228.37743708164328,131.77925761957118,-85.35960051362859,,3.17432438096538,,137.02694667524844,22.83782444587474,,,388.24220820276645,,,,,,,,,not_modelled_synthetic,,,1.5438129610099474,8.260472514952477,127.90366624420733,-89.29079725323432,-108.7712459649855,-104.56131649794514,-45.80090809879673,182.24920327661303,191.71371798663952,195.27938953094505,568.5919749598118,901.8815201285856,25.521591422650697,74.3108225910487,117.86933441182953,569.8742652589063,195.27938953094505,,16.27986499552875,,1.3585554056887537,atr,eth_short_regime_challenge_v1_atr,20261007T203617Z-52e2dc923989,e93f1cab43b54fbbabc9ebb173bb12cf,22,25,0,765.1536547898514,-45.80090809879673,DESCRIPTIVE_SAMPLE,,human_review_required
cfd1f51b4fb4e68c,,ETHUSDT,1h,SHORT_ONLY,"{""atr_expansion_threshold"": 1.25, ""atr_length"": 14, ""atr_reference_length"": 50, ""atr_reference_method"": ""mean"", ""atr_stop_multiplier"": 2.0, ""exit_length"": 10, ""exit_method"": ""risk"", ""fast_length"": 50, ""impulse_atr_multiplier"": 1.25, ""reward_risk"": 2.0, ""slope_lookback"": 5, ""trend_filter"": ""ema_slope"", ""trend_length"": 200}",diagnostic_year_2025,base,2025-01-01T00:00:00+00:00,2026-01-01T00:00:00+00:00,38,atr_volatility_breakout,1.0.0,55.26315789473684,13.787172859518847,13.787172859518847,4.482627188082392,0,1378.7172859518744,0,38,,,,,,,,,,,,,,,,,1.9575485388618803,1.9462780530997084,36.28203384083881,3.0999977316756646,95.31305489774816,134.21704334330985,-84.6965073092725,,2.397886544370644,,57.18799471736403,9.531332452894006,,,162.0323820680062,,,,,,,,,not_modelled_synthetic,,,1.5846821505072364,4.264010054421216,125.6540753789663,-88.77937344562557,-112.2267718192691,-103.79756740622648,83.14479383964428,188.79109539971873,198.40750045364442,200.98795140816543,395.0017110473551,770.4482055954899,14.577894500641017,28.64994260042541,55.88152215438191,1177.7293345437092,200.98795140816543,,36.2820338408388,,1.957548538861881,atr,eth_short_regime_challenge_v1_atr,20261007T203617Z-52e2dc923989,a6fc984cb5074f7683e0ad169e1456ca,21,17,0,1378.7172859518746,83.14479383964428,DESCRIPTIVE_SAMPLE,,human_review_required
cfd1f51b4fb4e68c,,ETHUSDT,1h,SHORT_ONLY,"{""atr_expansion_threshold"": 1.25, ""atr_length"": 14, ""atr_reference_length"": 50, ""atr_reference_method"": ""mean"", ""atr_stop_multiplier"": 2.0, ""exit_length"": 10, ""exit_method"": ""risk"", ""fast_length"": 50, ""impulse_atr_multiplier"": 1.25, ""reward_risk"": 2.0, ""slope_lookback"": 5, ""trend_filter"": ""ema_slope"", ""trend_length"": 200}",diagnostic_year_2025,adverse,2025-01-01T00:00:00+00:00,2026-01-01T00:00:00+00:00,38,atr_volatility_breakout,1.0.0,55.26315789473684,12.4704508451013,12.4704508451013,4.034483131702858,0,1247.0450845101323,0,38,,,,,,,,,,,,,,,,,1.8450769699416047,1.808194024899207,32.81697590816137,3.2855452601100588,188.70734862809462,129.65255562503148,-86.80344609503113,,2.3700966409742086,,113.22506767316185,18.870844612193643,,,320.8032609134501,,,,,,,,,not_modelled_synthetic,,,1.4936337375717754,8.44219107666974,121.80986354039959,-91.80519235862269,-111.27663237576283,-103.50624061835006,79.27037686205128,183.59696784925768,190.22411909913328,190.88066428793837,379.98688211964674,744.6234015620133,15.30663699804572,30.470981910723328,59.711024950995935,1056.1644202221937,190.88066428793837,,32.816975908161375,,1.845076969941605,atr,eth_short_regime_challenge_v1_atr,20261007T203617Z-52e2dc923989,eb6bb5921c4d40f49f48e5e505c374a5,21,17,0,1247.045084510132,79.27037686205128,DESCRIPTIVE_SAMPLE,,human_review_required
cf431489718e192b,,ETHUSDT,1h,SHORT_ONLY,"{""atr_expansion_threshold"": 1.1, ""atr_length"": 14, ""atr_reference_length"": 50, ""atr_reference_method"": ""mean"", ""atr_stop_multiplier"": 2.0, ""exit_length"": 10, ""exit_method"": ""risk"", ""fast_length"": 50, ""impulse_atr_multiplier"": 0.75, ""reward_risk"": 2.0, ""slope_lookback"": 5, ""trend_filter"": ""ema_slope"", ""trend_length"": 200}",diagnostic_year_2026,base,2026-01-01T00:00:00+00:00,2026-09-26T00:00:00+00:00,52,atr_volatility_breakout,1.0.0,34.61538461538461,-0.21750801403385145,-0.2961162710086729,0.0062572968356204685,0,-21.750801403387513,0,52,,,,,,,,,,,,,,,,,0.9893307753977864,0.004010920114851236,-0.4182846423728369,7.0984378493788345,130.06464194428332,112.04988605717593,-59.96025736566336,,5.506412583823345,,78.03880609927698,13.006467683212831,,,221.10991572677315,,,,,,,,,not_modelled_synthetic,,,1.8687359090847073,4.252113763976407,91.38533824544339,-55.298779231668775,-104.45847212325417,-102.49148377685921,-44.539342481660974,174.61330868012786,191.377350350045,196.07658969487957,560.2326620440147,1025.1925300047033,,,,-217.8273910982671,196.07658969487957,,-0.4182846423728368,,0.9893307753977862,atr,eth_short_regime_challenge_v1_atr,20261007T203617Z-52e2dc923989,51efacabf2a74d4c94ee337028e792bc,18,34,0,-21.75080140338752,-44.539342481660974,DESCRIPTIVE_SAMPLE,,human_review_required
cf431489718e192b,,ETHUSDT,1h,SHORT_ONLY,"{""atr_expansion_threshold"": 1.1, ""atr_length"": 14, ""atr_reference_length"": 50, ""atr_reference_method"": ""mean"", ""atr_stop_multiplier"": 2.0, ""exit_length"": 10, ""exit_method"": ""risk"", ""fast_length"": 50, ""impulse_atr_multiplier"": 0.75, ""reward_risk"": 2.0, ""slope_lookback"": 5, ""trend_filter"": ""ema_slope"", ""trend_length"": 200}",diagnostic_year_2026,adverse,2026-01-01T00:00:00+00:00,2026-09-26T00:00:00+00:00,52,atr_volatility_breakout,1.0.0,34.61538461538461,-1.8754365996200617,-2.5455288194069503,-0.42208764468985055,0,-187.54365996200437,0,52,,,,,,,,,,,,,,,,,0.9117537862484736,-0.2786190794670366,-3.60660884542316,7.479737176744254,257.2413750152304,107.6493412817294,-62.506817736268644,,4.945158935366216,,154.3449299111942,25.72415498519904,,,437.3104599116237,,,,,,,,,not_modelled_synthetic,,,1.7222015962471167,8.409816536761994,86.92965258868973,-58.360463049023735,-103.64099883309648,-101.90012638684041,-47.63209274519441,170.00128892127134,184.71033873732142,188.81014643158457,541.4971647365152,994.0268554307842,,,,-376.3538063935889,188.81014643158457,,-3.606608845423161,,0.9117537862484733,atr,eth_short_regime_challenge_v1_atr,20261007T203617Z-52e2dc923989,f1790797538d49c5a4b2ab6cab472a16,18,34,0,-187.5436599620043,-47.63209274519441,DESCRIPTIVE_SAMPLE,,human_review_required
b189830689073f8b,,ETHUSDT,1h,SHORT_ONLY,"{""atr_expansion_threshold"": 1.1, ""atr_length"": 14, ""atr_reference_length"": 50, ""atr_reference_method"": ""mean"", ""atr_stop_multiplier"": 2.0, ""exit_length"": 10, ""exit_method"": ""risk"", ""fast_length"": 50, ""impulse_atr_multiplier"": 1.0, ""reward_risk"": 2.0, ""slope_lookback"": 5, ""trend_filter"": ""ema_slope"", ""trend_length"": 200}",diagnostic_year_2026,base,2026-01-01T00:00:00+00:00,2026-09-26T00:00:00+00:00,44,atr_volatility_breakout,1.0.0,34.09090909090909,-0.9874180933794219,-1.342396351446784,-0.21972274047175044,0,-98.74180933794767,0,44,,,,,,,,,,,,,,,,,0.9432824524943914,-0.14309830924258993,-2.2441320304079,6.451283492027403,109.81208333250007,109.47983492742155,-60.032390801698995,,4.812806958027219,,65.88725923306805,10.98120987217801,,,186.68055243774612,,,,,,,,,not_modelled_synthetic,,,1.8236794081558232,4.242739828130594,86.13744971656236,-57.96840464623932,-103.30791346455406,-98.8258218597113,-44.62451832938878,166.5893815047944,180.77492982608595,184.7071201192915,529.1610751979432,818.5691736629991,,,,-283.4489294572391,184.7071201192915,,-2.2441320304079015,,0.9432824524943917,atr,eth_short_regime_challenge_v1_atr,20261007T203617Z-52e2dc923989,142ebd2d2ca94c4db548ef4cf3657fce,15,29,0,-98.74180933794761,-44.62451832938878,DESCRIPTIVE_SAMPLE,,human_review_required
b189830689073f8b,,ETHUSDT,1h,SHORT_ONLY,"{""atr_expansion_threshold"": 1.1, ""atr_length"": 14, ""atr_reference_length"": 50, ""atr_reference_method"": ""mean"", ""atr_stop_multiplier"": 2.0, ""exit_length"": 10, ""exit_method"": ""risk"", ""fast_length"": 50, ""impulse_atr_multiplier"": 1.0, ""reward_risk"": 2.0, ""slope_lookback"": 5, ""trend_filter"": ""ema_slope"", ""trend_length"": 200}",diagnostic_year_2026,adverse,2026-01-01T00:00:00+00:00,2026-09-26T00:00:00+00:00,44,atr_volatility_breakout,1.0.0,34.09090909090909,-2.3725874395397306,-3.2173774963763613,-0.599851203105041,0,-237.25874395396667,0,44,,,,,,,,,,,,,,,,,0.8694689217518482,-0.4017704828691031,-5.392244180771969,6.749267729856847,217.57778684096772,105.35887036785638,-62.677303430062494,,4.6177600569661585,,130.54672780647527,21.757787967745877,,,369.88230261518885,,,,,,,,,not_modelled_synthetic,,,1.6809732487202398,8.40641596852702,82.04576752489848,-61.20927284103089,-102.44194659081766,-99.0434044964584,-47.92150332257721,162.88187142101685,175.2074219847242,178.74444157737597,514.4106542601801,795.7285094197227,,,,-416.00318553134264,178.74444157737597,,-5.39224418077197,,0.8694689217518482,atr,eth_short_regime_challenge_v1_atr,20261007T203617Z-52e2dc923989,39c8ffc1b7324d42b41a1e2157f04cf9,15,29,0,-237.25874395396664,-47.92150332257721,DESCRIPTIVE_SAMPLE,,human_review_required
817d1c5f49c84d4e,,ETHUSDT,1h,SHORT_ONLY,"{""atr_expansion_threshold"": 1.1, ""atr_length"": 14, ""atr_reference_length"": 50, ""atr_reference_method"": ""mean"", ""atr_stop_multiplier"": 2.0, ""exit_length"": 10, ""exit_method"": ""risk"", ""fast_length"": 50, ""impulse_atr_multiplier"": 1.25, ""reward_risk"": 2.0, ""slope_lookback"": 5, ""trend_filter"": ""ema_slope"", ""trend_length"": 200}",diagnostic_year_2026,base,2026-01-01T00:00:00+00:00,2026-09-26T00:00:00+00:00,36,atr_volatility_breakout,1.0.0,36.111111111111114,0.18470405751478403,0.25163995109600545,0.1157232377403382,0,18.47040575147892,0,36,,,,,,,,,,,,,,,,,1.013258394320742,0.07111454097572843,0.5130668264299708,5.537866586900179,91.6659807783626,108.58313157015927,-60.57001324611267,,4.048770290629114,,54.99960676878997,9.166601128131662,,,155.83218867528424,,,,,,,,,not_modelled_synthetic,,,1.7926879284136208,4.328671907646784,87.79020108255587,-58.21452176708332,-103.73058398249655,-89.68835035881348,-44.893311872392346,158.52201262378483,180.58258383302052,185.54334105961388,356.9130900432468,649.6232155135928,1004.5439366959071,1932.3511072011418,3517.10311215863,-167.07293530813493,185.54334105961388,,0.51306682642997,,1.0132583943207418,atr,eth_short_regime_challenge_v1_atr,20261007T203617Z-52e2dc923989,74cc31f2cc504ff887dd5d2aa67d4ac0,13,23,0,18.47040575147895,-44.893311872392346,DESCRIPTIVE_SAMPLE,,human_review_required
817d1c5f49c84d4e,,ETHUSDT,1h,SHORT_ONLY,"{""atr_expansion_threshold"": 1.1, ""atr_length"": 14, ""atr_reference_length"": 50, ""atr_reference_method"": ""mean"", ""atr_stop_multiplier"": 2.0, ""exit_length"": 10, ""exit_method"": ""risk"", ""fast_length"": 50, ""impulse_atr_multiplier"": 1.25, ""reward_risk"": 2.0, ""slope_lookback"": 5, ""trend_filter"": ""ema_slope"", ""trend_length"": 200}",diagnostic_year_2026,adverse,2026-01-01T00:00:00+00:00,2026-09-26T00:00:00+00:00,36,atr_volatility_breakout,1.0.0,36.111111111111114,-0.9833948493666478,-1.336936537865685,-0.2923657862866137,0,-98.33948493665932,0,36,,,,,,,,,,,,,,,,,0.9325249062952911,-0.18533789467575712,-2.7316523593516475,5.7879599733227,181.8211161833931,104.54457961471024,-63.366044344690984,,3.8545520943973814,,109.09275822777252,18.18212637129542,,,309.096000782461,,,,,,,,,not_modelled_synthetic,,,1.649851757291669,8.586000021735027,83.7335487607603,-61.50738144489041,-102.99763109273333,-91.9765440387915,-48.11425751869014,154.98796800182967,175.4195022691023,179.6149007293828,347.2429487151071,631.9919919126239,,,,-277.9543856660421,179.6149007293828,,-2.7316523593516475,,0.9325249062952913,atr,eth_short_regime_challenge_v1_atr,20261007T203617Z-52e2dc923989,b50b0cbd211148ec988b0d82ec34453c,13,23,0,-98.33948493665932,-48.11425751869014,DESCRIPTIVE_SAMPLE,,human_review_required
143528a8db38d8af,,ETHUSDT,1h,SHORT_ONLY,"{""atr_expansion_threshold"": 1.25, ""atr_length"": 14, ""atr_reference_length"": 50, ""atr_reference_method"": ""mean"", ""atr_stop_multiplier"": 2.0, ""exit_length"": 10, ""exit_method"": ""risk"", ""fast_length"": 50, ""impulse_atr_multiplier"": 0.75, ""reward_risk"": 2.0, ""slope_lookback"": 5, ""trend_filter"": ""ema_slope"", ""trend_length"": 200}",diagnostic_year_2026,base,2026-01-01T00:00:00+00:00,2026-09-26T00:00:00+00:00,42,atr_volatility_breakout,1.0.0,33.333333333333336,-0.16619695112405353,-0.2262822224652239,0.002255729200997018,0,-16.619695112400315,0,42,,,,,,,,,,,,,,,,,0.989802878535599,0.001377500277602702,-0.3957070264857194,5.89393557345128,104.5851367500417,115.23015252089314,-58.20863680017515,,4.394293386943609,,62.75109897340601,10.45851649556767,,,177.79475221901538,,,,,,,,,not_modelled_synthetic,,,1.979605757071198,4.233208386167033,92.97677936898494,-55.95559398749327,-103.71458248783676,-89.36481786604556,-44.82667284217671,182.359588412474,195.41859825767872,195.7587496131952,574.5988781621708,872.0722695751107,,,,-212.37844472559541,195.7587496131952,,-0.39570702648572176,,0.9898028785355991,atr,eth_short_regime_challenge_v1_atr,20261007T203617Z-52e2dc923989,4e9485dd60f24e9bb53a0037b303629a,14,28,0,-16.619695112400215,-44.82667284217671,DESCRIPTIVE_SAMPLE,,human_review_required
143528a8db38d8af,,ETHUSDT,1h,SHORT_ONLY,"{""atr_expansion_threshold"": 1.25, ""atr_length"": 14, ""atr_reference_length"": 50, ""atr_reference_method"": ""mean"", ""atr_stop_multiplier"": 2.0, ""exit_length"": 10, ""exit_method"": ""risk"", ""fast_length"": 50, ""impulse_atr_multiplier"": 0.75, ""reward_risk"": 2.0, ""slope_lookback"": 5, ""trend_filter"": ""ema_slope"", ""trend_length"": 200}",diagnostic_year_2026,adverse,2026-01-01T00:00:00+00:00,2026-09-26T00:00:00+00:00,42,atr_volatility_breakout,1.0.0,33.333333333333336,-1.6195023852897616,-2.199178747051922,-0.4551069989046631,0,-161.95023852896844,0,42,,,,,,,,,,,,,,,,,0.9051223346884149,-0.2895597216058809,-3.8559580602135335,6.215811466833593,207.03523580285054,110.35622821638698,-60.96205119851379,,3.815789587355187,,124.2212212858076,20.703536880967935,,,351.95999396962605,,,,,,,,,not_modelled_synthetic,,,1.8102446693768297,8.379999856419667,88.76411634959925,-59.09162897086864,-102.72842661568701,-91.94694075618361,-48.12239048235019,176.48487047198756,186.2930436483663,187.70193809853942,549.8807784508425,839.0033557641088,,,,-349.65217662750786,187.70193809853942,,-3.8559580602135344,,0.9051223346884151,atr,eth_short_regime_challenge_v1_atr,20261007T203617Z-52e2dc923989,a2043e1ce92d419489b05cb99f7af1fe,14,28,0,-161.9502385289684,-48.12239048235019,DESCRIPTIVE_SAMPLE,,human_review_required
49c4a234fbe24bab,,ETHUSDT,1h,SHORT_ONLY,"{""atr_expansion_threshold"": 1.25, ""atr_length"": 14, ""atr_reference_length"": 50, ""atr_reference_method"": ""mean"", ""atr_stop_multiplier"": 2.0, ""exit_length"": 10, ""exit_method"": ""risk"", ""fast_length"": 50, ""impulse_atr_multiplier"": 1.0, ""reward_risk"": 2.0, ""slope_lookback"": 5, ""trend_filter"": ""ema_slope"", ""trend_length"": 200}",diagnostic_year_2026,base,2026-01-01T00:00:00+00:00,2026-09-26T00:00:00+00:00,32,atr_volatility_breakout,1.0.0,31.25,-1.3742362812740438,-1.866959430676729,-0.4580886651155344,0,-137.4236281274001,0,32,,,,,,,,,,,,,,,,,0.8906017642571494,-0.28068169815376887,-4.294488378981255,5.313612043035377,80.0917584219595,111.87541081427291,-57.098988012278596,,3.67207948635812,,48.0550549200736,8.009175820012269,,,136.1559891620454,,,,,,,,,not_modelled_synthetic,,,1.9593238813657285,4.254874661313918,92.66204812593688,-55.77997159154401,-102.90842893459322,-82.05116153515927,-44.814623441721025,163.55591321409815,182.42736754223588,185.99711127136666,360.47892019069855,635.6150112279207,,,,-323.42073939876684,185.99711127136666,,-4.294488378981253,,0.8906017642571494,atr,eth_short_regime_challenge_v1_atr,20261007T203617Z-52e2dc923989,4605c5390db44f3e8bcbccfbb76d567e,10,22,0,-137.42362812740015,-44.814623441721025,DESCRIPTIVE_SAMPLE,,human_review_required
49c4a234fbe24bab,,ETHUSDT,1h,SHORT_ONLY,"{""atr_expansion_threshold"": 1.25, ""atr_length"": 14, ""atr_reference_length"": 50, ""atr_reference_method"": ""mean"", ""atr_stop_multiplier"": 2.0, ""exit_length"": 10, ""exit_method"": ""risk"", ""fast_length"": 50, ""impulse_atr_multiplier"": 1.0, ""reward_risk"": 2.0, ""slope_lookback"": 5, ""trend_filter"": ""ema_slope"", ""trend_length"": 200}",diagnostic_year_2026,adverse,2026-01-01T00:00:00+00:00,2026-09-26T00:00:00+00:00,32,atr_volatility_breakout,1.0.0,31.25,-2.394262719409468,-3.246641311209719,-0.8117988014769978,0,-239.42627194094905,0,32,,,,,,,,,,,,,,,,,0.8183376865692903,-0.5152202905787557,-7.482070998154658,5.8457098063701975,158.98879711128419,107.85480916976158,-59.907925619934765,,3.461789821244749,,95.39329122574378,15.898881870957297,,,270.28097020798526,,,,,,,,,not_modelled_synthetic,,,1.8003429104524389,8.44628031899954,88.67125423020843,-59.05381002648403,-102.23877894673971,-83.77055373912455,-48.14946617436948,159.5432396533717,176.87860661388274,180.0546858484523,349.8639548111963,617.8724285524379,,,,-419.4809577894014,180.0546858484523,,-7.482070998154658,,0.8183376865692903,atr,eth_short_regime_challenge_v1_atr,20261007T203617Z-52e2dc923989,45c81c8cb85e43ceae137ec925712a62,10,22,0,-239.42627194094905,-48.14946617436948,DESCRIPTIVE_SAMPLE,,human_review_required
cfd1f51b4fb4e68c,,ETHUSDT,1h,SHORT_ONLY,"{""atr_expansion_threshold"": 1.25, ""atr_length"": 14, ""atr_reference_length"": 50, ""atr_reference_method"": ""mean"", ""atr_stop_multiplier"": 2.0, ""exit_length"": 10, ""exit_method"": ""risk"", ""fast_length"": 50, ""impulse_atr_multiplier"": 1.25, ""reward_risk"": 2.0, ""slope_lookback"": 5, ""trend_filter"": ""ema_slope"", ""trend_length"": 200}",diagnostic_year_2026,base,2026-01-01T00:00:00+00:00,2026-09-26T00:00:00+00:00,26,atr_volatility_breakout,1.0.0,34.61538461538461,-0.06057500881222477,-0.08249050059676577,0.01962639156745143,0,-6.057500881225941,0,26,,,,,,,,,,,,,,,,,0.9936676511478029,0.01098533733266101,-0.23298080312407493,4.31985445376883,65.9394736704028,105.61541157713951,-56.27036500444009,,2.955385406930889,,39.5636953364015,6.593949222733585,,,112.0971182295379,,,,,,,,,not_modelled_synthetic,,,1.8769277855014053,4.311427624212996,85.91253019293228,-54.52797849839657,-93.25436240596235,-68.579560516661,-44.82681210580856,146.75370795453088,178.95841513067566,186.8390377703437,342.1555849820152,463.22077516512417,,,,-192.89653865156964,186.8390377703437,,-0.23298080312407465,,0.9936676511478029,atr,eth_short_regime_challenge_v1_atr,20261007T203617Z-52e2dc923989,8249f652710a4752b4302af0d3799317,9,17,0,-6.057500881225948,-44.82681210580856,DESCRIPTIVE_SAMPLE,,human_review_required
cfd1f51b4fb4e68c,,ETHUSDT,1h,SHORT_ONLY,"{""atr_expansion_threshold"": 1.25, ""atr_length"": 14, ""atr_reference_length"": 50, ""atr_reference_method"": ""mean"", ""atr_stop_multiplier"": 2.0, ""exit_length"": 10, ""exit_method"": ""risk"", ""fast_length"": 50, ""impulse_atr_multiplier"": 1.25, ""reward_risk"": 2.0, ""slope_lookback"": 5, ""trend_filter"": ""ema_slope"", ""trend_length"": 200}",diagnostic_year_2026,adverse,2026-01-01T00:00:00+00:00,2026-09-26T00:00:00+00:00,26,atr_volatility_breakout,1.0.0,34.61538461538461,-0.9270693662071561,-1.2604906268285143,-0.3620173989148134,0,-92.70693662072003,0,26,,,,,,,,,,,,,,,,,0.9080181117728704,-0.21167562002383597,-3.5656514084892326,4.875910497131114,131.06023917765827,101.68617510961595,-59.287206623956685,,2.7478596758398344,,78.63619814671914,13.10603302445319,,,222.8024703488306,,,,,,,,,not_modelled_synthetic,,,1.715145322237644,8.569325782647331,82.01723017206139,-57.75993711192239,-93.96655199581167,-71.90870887258697,-48.091505067031335,143.26836416737058,173.6686899285705,180.93162788866857,332.81150393694486,450.2453324615983,,,,-273.63856450938863,180.93162788866857,,-3.5656514084892317,,0.9080181117728702,atr,eth_short_regime_challenge_v1_atr,20261007T203617Z-52e2dc923989,5b6571e32a7d4f93acb9b9a09b9232c4,9,17,0,-92.70693662072004,-48.091505067031335,DESCRIPTIVE_SAMPLE,,human_review_required
cf431489718e192b,,ETHUSDT,1h,SHORT_ONLY,"{""atr_expansion_threshold"": 1.1, ""atr_length"": 14, ""atr_reference_length"": 50, ""atr_reference_method"": ""mean"", ""atr_stop_multiplier"": 2.0, ""exit_length"": 10, ""exit_method"": ""risk"", ""fast_length"": 50, ""impulse_atr_multiplier"": 0.75, ""reward_risk"": 2.0, ""slope_lookback"": 5, ""trend_filter"": ""ema_slope"", ""trend_length"": 200}",wf_0_train,base,2023-07-01T00:00:00+00:00,2024-07-01T00:00:00+00:00,86,atr_volatility_breakout,1.0.0,34.883720930232556,-4.292961687398034,-4.28148704764032,-1.1759577768776823,0,-429.296168739815,0,86,,,,,,,,,,,,,,,,,0.8384172792855593,-0.7187452930752367,-4.991815915579243,8.828049283422997,206.27098605349374,74.25078709140777,-47.443210383608,,5.5406158068134586,,123.76258337536851,20.627097229228085,,,350.66066665809035,,,,,,,,,not_modelled_synthetic,,,1.5650455879997107,4.0774496123033765,59.75542532227898,-43.042069933635645,-97.9434873890617,-84.18458314309515,-31.643275395532065,110.44208600534361,167.69447563397998,174.31055825059335,756.933504474505,1137.4068410566729,,,,-603.6067269904083,174.31055825059335,,-4.991815915579244,,0.8384172792855594,atr,eth_short_regime_challenge_v1_atr,20261007T203617Z-52e2dc923989,6de2c59260ed46b4af56ca4badc1476e,30,56,0,-429.29616873981496,-31.643275395532065,DESCRIPTIVE_SAMPLE,,human_review_required
cf431489718e192b,,ETHUSDT,1h,SHORT_ONLY,"{""atr_expansion_threshold"": 1.1, ""atr_length"": 14, ""atr_reference_length"": 50, ""atr_reference_method"": ""mean"", ""atr_stop_multiplier"": 2.0, ""exit_length"": 10, ""exit_method"": ""risk"", ""fast_length"": 50, ""impulse_atr_multiplier"": 0.75, ""reward_risk"": 2.0, ""slope_lookback"": 5, ""trend_filter"": ""ema_slope"", ""trend_length"": 200}",wf_0_train,adverse,2023-07-01T00:00:00+00:00,2024-07-01T00:00:00+00:00,85,atr_volatility_breakout,1.0.0,35.294117647058826,-6.196193390955685,-6.179798141632043,-1.7484811234223503,0,-619.6193390955655,0,85,,,,,,,,,,,,,,,,,0.7715757104538585,-1.0883725772266073,-7.289639283477242,10.529903770294222,401.9795197052482,69.76538159514763,-49.31965067181808,,5.5453597129551415,,241.1877385964167,40.19795643273612,,,683.365214734401,,,,,,,,,not_modelled_synthetic,,,1.4145554691654074,8.039590761581188,55.8198665968861,-44.27109690311241,-96.05212686099108,-85.40193395975388,-34.4946120634461,105.10614225709026,160.4168118943833,162.9501988206635,720.9594645601671,1082.2712545982433,,,,-782.5695379162291,162.9501988206635,,-7.289639283477241,,0.7715757104538586,atr,eth_short_regime_challenge_v1_atr,20261007T203617Z-52e2dc923989,8f5e8097d7ec4a5a8cf0e0d523ae2a6a,30,55,0,-619.6193390955656,-34.4946120634461,DESCRIPTIVE_SAMPLE,,human_review_required
b189830689073f8b,,ETHUSDT,1h,SHORT_ONLY,"{""atr_expansion_threshold"": 1.1, ""atr_length"": 14, ""atr_reference_length"": 50, ""atr_reference_method"": ""mean"", ""atr_stop_multiplier"": 2.0, ""exit_length"": 10, ""exit_method"": ""risk"", ""fast_length"": 50, ""impulse_atr_multiplier"": 1.0, ""reward_risk"": 2.0, ""slope_lookback"": 5, ""trend_filter"": ""ema_slope"", ""trend_length"": 200}",wf_0_train,base,2023-07-01T00:00:00+00:00,2024-07-01T00:00:00+00:00,75,atr_volatility_breakout,1.0.0,38.666666666666664,1.2062469730311998,1.20293147254531,0.44467357832433063,0,120.62469730311614,0,75,,,,,,,,,,,,,,,,,1.0541214963616279,0.24588265451842686,1.6083292973748826,5.089585573218368,184.5875016581375,81.01382041576578,-48.451654233784595,,4.708305181621508,,110.75254660935035,18.45875776822506,,,313.7988060357129,,,,,,,,,not_modelled_synthetic,,,1.6720547873322373,4.183984080476172,63.472360614439985,-42.88144781252666,-100.90386509364568,-79.83743608208152,-28.562380955631046,128.6584645358044,177.55309599560624,181.3680151416219,677.3387453697393,1133.5198867352317,150.35728105154507,561.5257575881528,939.7079636907397,-60.7433178385057,181.3680151416219,,1.6083292973748817,,1.0541214963616277,atr,eth_short_regime_challenge_v1_atr,20261007T203617Z-52e2dc923989,4bfe1c1085b541268739d5018270d7c6,29,46,0,120.62469730311619,-28.562380955631046,DESCRIPTIVE_SAMPLE,,human_review_required
b189830689073f8b,,ETHUSDT,1h,SHORT_ONLY,"{""atr_expansion_threshold"": 1.1, ""atr_length"": 14, ""atr_reference_length"": 50, ""atr_reference_method"": ""mean"", ""atr_stop_multiplier"": 2.0, ""exit_length"": 10, ""exit_method"": ""risk"", ""fast_length"": 50, ""impulse_atr_multiplier"": 1.0, ""reward_risk"": 2.0, ""slope_lookback"": 5, ""trend_filter"": ""ema_slope"", ""trend_length"": 200}",wf_0_train,adverse,2023-07-01T00:00:00+00:00,2024-07-01T00:00:00+00:00,74,atr_volatility_breakout,1.0.0,39.189189189189186,-0.46681925981941763,-0.46554677092238705,-0.11005722419777211,0,-46.68192598194524,0,74,,,,,,,,,,,,,,,,,0.9793951338784944,-0.06144337320541036,-0.6308368375938541,6.535275608800857,359.6898921245853,76.51364869461597,-50.3461719583513,,4.722459699619705,,215.81417248704147,35.96902874784025,,,611.473093359467,,,,,,,,,not_modelled_synthetic,,,1.5197510698114567,8.263149910263069,59.37237186723591,-44.609163784442465,-100.02643267921202,-78.72117639957051,-31.69042420649394,124.88737612961545,169.94176652669788,170.12727520763775,647.8214075902813,1083.679434971515,,,,-216.80920118958295,170.12727520763775,,-0.6308368375938546,,0.9793951338784945,atr,eth_short_regime_challenge_v1_atr,20261007T203617Z-52e2dc923989,42d5c93b38584496b43ba067d53122eb,29,45,0,-46.681925981945206,-31.69042420649394,DESCRIPTIVE_SAMPLE,,human_review_required
817d1c5f49c84d4e,,ETHUSDT,1h,SHORT_ONLY,"{""atr_expansion_threshold"": 1.1, ""atr_length"": 14, ""atr_reference_length"": 50, ""atr_reference_method"": ""mean"", ""atr_stop_multiplier"": 2.0, ""exit_length"": 10, ""exit_method"": ""risk"", ""fast_length"": 50, ""impulse_atr_multiplier"": 1.25, ""reward_risk"": 2.0, ""slope_lookback"": 5, ""trend_filter"": ""ema_slope"", ""trend_length"": 200}",wf_0_train,base,2023-07-01T00:00:00+00:00,2024-07-01T00:00:00+00:00,63,atr_volatility_breakout,1.0.0,41.26984126984127,3.731763987316672,3.7213805071463213,1.308002752617969,0,373.17639873167315,0,63,,,,,,,,,,,,,,,,,1.2076273065931749,0.6898643168203651,5.923434900502748,4.640000376729781,156.26759457077773,83.48131390567681,-48.576696292322275,,3.7579487024080165,,93.76062381976234,15.62677063662706,,,265.6549890271671,,,,,,,,,not_modelled_synthetic,,,1.7185465516902871,4.2167458575740815,65.74660777579552,-41.78423638424326,-102.12065508944809,-79.8362545849649,-25.670352672377295,151.8780737768147,180.1699801398783,183.40216098368543,684.9354109194387,1037.0936639561191,49.14623797405741,183.5419960231545,277.9097680027256,189.7742377479877,183.40216098368543,,5.923434900502748,,1.207627306593175,atr,eth_short_regime_challenge_v1_atr,20261007T203617Z-52e2dc923989,ec519d6227a9411a9150c1b6f0a854fd,26,37,0,373.17639873167315,-25.670352672377295,DESCRIPTIVE_SAMPLE,,human_review_required
817d1c5f49c84d4e,,ETHUSDT,1h,SHORT_ONLY,"{""atr_expansion_threshold"": 1.1, ""atr_length"": 14, ""atr_reference_length"": 50, ""atr_reference_method"": ""mean"", ""atr_stop_multiplier"": 2.0, ""exit_length"": 10, ""exit_method"": ""risk"", ""fast_length"": 50, ""impulse_atr_multiplier"": 1.25, ""reward_risk"": 2.0, ""slope_lookback"": 5, ""trend_filter"": ""ema_slope"", ""trend_length"": 200}",wf_0_train,adverse,2023-07-01T00:00:00+00:00,2024-07-01T00:00:00+00:00,63,atr_volatility_breakout,1.0.0,41.26984126984127,1.5613951485818234,1.5570959992223354,0.5952788056972772,0,156.13951485818814,0,63,,,,,,,,,,,,,,,,,1.0823695183110718,0.3204409846181268,2.4784049977490183,5.5318298962096515,308.81489136617324,78.91299100015269,-51.232385166102205,,3.777853632058667,,185.2892208922728,30.8815368153788,,,524.9856490738248,,,,,,,,,not_modelled_synthetic,,,1.5402950837503715,8.333105540854362,61.53983912969848,-44.72493775128462,-101.93986623389941,-82.01343384508658,-28.787819766587816,146.51483963355813,172.28396017492122,172.44347016483204,656.6419329299285,993.9703395039282,110.44191492554063,420.54820877746147,636.5911540116477,-16.30395530664387,172.44347016483204,,2.478404997749018,,1.0823695183110718,atr,eth_short_regime_challenge_v1_atr,20261007T203617Z-52e2dc923989,4fc3b49a093c451c8d49f2d42da78371,26,37,0,156.13951485818816,-28.787819766587816,DESCRIPTIVE_SAMPLE,,human_review_required
143528a8db38d8af,,ETHUSDT,1h,SHORT_ONLY,"{""atr_expansion_threshold"": 1.25, ""atr_length"": 14, ""atr_reference_length"": 50, ""atr_reference_method"": ""mean"", ""atr_stop_multiplier"": 2.0, ""exit_length"": 10, ""exit_method"": ""risk"", ""fast_length"": 50, ""impulse_atr_multiplier"": 0.75, ""reward_risk"": 2.0, ""slope_lookback"": 5, ""trend_filter"": ""ema_slope"", ""trend_length"": 200}",wf_0_train,base,2023-07-01T00:00:00+00:00,2024-07-01T00:00:00+00:00,67,atr_volatility_breakout,1.0.0,34.32835820895522,-4.200122470130041,-4.188890511708864,-1.2297670924442385,0,-420.01224701300345,0,67,,,,,,,,,,,,,,,,,0.8066847557240633,-0.7707579469209287,-6.268839507656768,8.287334037303387,161.29866280281882,76.20296424244252,-49.37910055884503,,4.798328314347531,,96.77918237221478,16.129863728702464,,,274.20770890373603,,,,,,,,,not_modelled_synthetic,,,1.543223010950382,4.092652371697553,58.27172067646466,-44.21198212761849,-97.82506436100904,-90.2769586228328,-32.24083326174259,119.57945983568007,168.50985327779506,175.9312155182136,621.4531170047972,920.6913050176565,,,,-595.943462531217,175.9312155182136,,-6.268839507656768,,0.8066847557240634,atr,eth_short_regime_challenge_v1_atr,20261007T203617Z-52e2dc923989,040d91dc95674bc9917fb6c4a04c8d01,23,44,0,-420.01224701300345,-32.24083326174259,DESCRIPTIVE_SAMPLE,,human_review_required
143528a8db38d8af,,ETHUSDT,1h,SHORT_ONLY,"{""atr_expansion_threshold"": 1.25, ""atr_length"": 14, ""atr_reference_length"": 50, ""atr_reference_method"": ""mean"", ""atr_stop_multiplier"": 2.0, ""exit_length"": 10, ""exit_method"": ""risk"", ""fast_length"": 50, ""impulse_atr_multiplier"": 0.75, ""reward_risk"": 2.0, ""slope_lookback"": 5, ""trend_filter"": ""ema_slope"", ""trend_length"": 200}",wf_0_train,adverse,2023-07-01T00:00:00+00:00,2024-07-01T00:00:00+00:00,67,atr_volatility_breakout,1.0.0,34.32835820895522,-6.306042792350707,-6.289366730684676,-1.8331421622613397,0,-630.6042792350815,0,67,,,,,,,,,,,,,,,,,0.7235902102661862,-1.1935739075889076,-9.412004167687787,9.694958841061405,318.5207057503141,71.77419650947958,-51.85024543075255,,4.745722740782201,,191.11238602015675,31.852064336692795,,,541.4851561071637,,,,,,,,,not_modelled_synthetic,,,1.3842595326831388,8.081868001599458,54.69367003040052,-47.06062286449108,-96.53149420262578,-91.12667955117305,-34.88641211421846,114.32266875097851,161.00916680601722,165.07782124951,593.795428175072,878.4698590191271,,,,-795.6821004845917,165.07782124951,,-9.412004167687785,,0.7235902102661862,atr,eth_short_regime_challenge_v1_atr,20261007T203617Z-52e2dc923989,201b6099ed0144ab98da7a8e2aed93e9,23,44,0,-630.6042792350817,-34.88641211421846,DESCRIPTIVE_SAMPLE,,human_review_required
49c4a234fbe24bab,,ETHUSDT,1h,SHORT_ONLY,"{""atr_expansion_threshold"": 1.25, ""atr_length"": 14, ""atr_reference_length"": 50, ""atr_reference_method"": ""mean"", ""atr_stop_multiplier"": 2.0, ""exit_length"": 10, ""exit_method"": ""risk"", ""fast_length"": 50, ""impulse_atr_multiplier"": 1.0, ""reward_risk"": 2.0, ""slope_lookback"": 5, ""trend_filter"": ""ema_slope"", ""trend_length"": 200}",wf_0_train,base,2023-07-01T00:00:00+00:00,2024-07-01T00:00:00+00:00,60,atr_volatility_breakout,1.0.0,36.666666666666664,-2.6894835347102575,-2.6822346629203353,-0.8327638758322484,0,-268.9483534710299,0,60,,,,,,,,,,,,,,,,,0.863017740913998,-0.5134673235274093,-4.482472557850497,5.105299037391534,146.2320513059292,77.01966198324297,-51.667918871115134,,4.027646053604593,,87.73922864640129,14.623204774400214,,,248.59448472673068,,,,,,,,,not_modelled_synthetic,,,1.4906670070332693,4.143241412112178,56.433008986194594,-47.209760810516954,-100.30670757522886,-93.8825169181906,-30.75320138009159,119.09378892031377,175.50102279570027,182.37842865662307,513.9897424802926,841.7075485992173,,,,-451.3267821276529,182.37842865662307,,-4.482472557850499,,0.863017740913998,atr,eth_short_regime_challenge_v1_atr,20261007T203617Z-52e2dc923989,7858a8a8ce984bb7a02f02e3edc9230c,22,38,0,-268.9483534710298,-30.75320138009159,DESCRIPTIVE_SAMPLE,,human_review_required
49c4a234fbe24bab,,ETHUSDT,1h,SHORT_ONLY,"{""atr_expansion_threshold"": 1.25, ""atr_length"": 14, ""atr_reference_length"": 50, ""atr_reference_method"": ""mean"", ""atr_stop_multiplier"": 2.0, ""exit_length"": 10, ""exit_method"": ""risk"", ""fast_length"": 50, ""impulse_atr_multiplier"": 1.0, ""reward_risk"": 2.0, ""slope_lookback"": 5, ""trend_filter"": ""ema_slope"", ""trend_length"": 200}",wf_0_train,adverse,2023-07-01T00:00:00+00:00,2024-07-01T00:00:00+00:00,60,atr_volatility_breakout,1.0.0,36.666666666666664,-4.6023199806569215,-4.590038452293143,-1.4203704384986575,0,-460.2319980657012,0,60,,,,,,,,,,,,,,,,,0.7764350115288589,-0.9120638139485171,-7.670533301095022,5.915304633776606,289.0401718340545,72.6533172478838,-54.17381519787224,,4.013471743667388,,173.4241161776826,28.904019362947103,,,491.3683073746842,,,,,,,,,not_modelled_synthetic,,,1.3411150199134836,8.18947178957807,52.86509851736039,-50.12642094720158,-99.21248176904727,-95.53331315449951,-34.06258771835118,114.53729275084464,167.75813412011553,171.5375474812529,491.9994725703017,805.2452743971829,,,,-631.7695455469542,171.5375474812529,,-7.67053330109502,,0.7764350115288589,atr,eth_short_regime_challenge_v1_atr,20261007T203617Z-52e2dc923989,d470a26c655f4efb837b5966648964f4,22,38,0,-460.2319980657013,-34.06258771835118,DESCRIPTIVE_SAMPLE,,human_review_required
cfd1f51b4fb4e68c,,ETHUSDT,1h,SHORT_ONLY,"{""atr_expansion_threshold"": 1.25, ""atr_length"": 14, ""atr_reference_length"": 50, ""atr_reference_method"": ""mean"", ""atr_stop_multiplier"": 2.0, ""exit_length"": 10, ""exit_method"": ""risk"", ""fast_length"": 50, ""impulse_atr_multiplier"": 1.25, ""reward_risk"": 2.0, ""slope_lookback"": 5, ""trend_filter"": ""ema_slope"", ""trend_length"": 200}",wf_0_train,base,2023-07-01T00:00:00+00:00,2024-07-01T00:00:00+00:00,48,atr_volatility_breakout,1.0.0,39.583333333333336,-0.2610929586688515,-0.2603805194741793,-0.058909041001297666,0,-26.109295866890786,0,48,,,,,,,,,,,,,,,,,0.982532001038247,-0.03171217622182669,-0.5439436638935579,4.079707495010379,118.54224170917274,77.2938794503894,-51.54113811807894,,3.1720372494992812,,71.12536344381998,11.854227240636662,,,201.5218323936294,,,,,,,,,not_modelled_synthetic,,,1.4996541068478506,4.198371508200613,54.600785332683905,-45.13450957811057,-101.9753309487908,-89.50578377269697,-28.666471099129303,148.8539881267469,180.80786143067266,185.55738693539564,526.3567942312504,741.0190325973751,,,,-211.6666828022864,185.55738693539564,,-0.5439436638935581,,0.9825320010382471,atr,eth_short_regime_challenge_v1_atr,20261007T203617Z-52e2dc923989,7cc6cf8a4c034bb2b1e4f9e04d01381c,19,29,0,-26.109295866890776,-28.666471099129303,DESCRIPTIVE_SAMPLE,,human_review_required
cfd1f51b4fb4e68c,,ETHUSDT,1h,SHORT_ONLY,"{""atr_expansion_threshold"": 1.25, ""atr_length"": 14, ""atr_reference_length"": 50, ""atr_reference_method"": ""mean"", ""atr_stop_multiplier"": 2.0, ""exit_length"": 10, ""exit_method"": ""risk"", ""fast_length"": 50, ""impulse_atr_multiplier"": 1.25, ""reward_risk"": 2.0, ""slope_lookback"": 5, ""trend_filter"": ""ema_slope"", ""trend_length"": 200}",wf_0_train,adverse,2023-07-01T00:00:00+00:00,2024-07-01T00:00:00+00:00,48,atr_volatility_breakout,1.0.0,39.583333333333336,-1.857072117328351,-1.852045429071858,-0.6654815740635481,0,-185.70721173283522,0,48,,,,,,,,,,,,,,,,,0.8819323701527123,-0.3758151033838755,-3.8689002444340654,4.682939786832361,234.76942394420175,73.00953904658422,-54.23753288337708,,3.158762961431047,,140.86174399490474,23.476957332484126,,,399.1081252715906,,,,,,,,,not_modelled_synthetic,,,1.3461073018120346,8.314752609824804,51.074920479150066,-48.29614663268438,-101.07862261527099,-91.80315500923258,-31.90242848376643,143.8254341272203,172.61369293332638,174.88389062648292,504.8974809354495,710.5899244432218,,,,-360.59110235931803,174.88389062648292,,-3.868900244434067,,0.8819323701527123,atr,eth_short_regime_challenge_v1_atr,20261007T203617Z-52e2dc923989,967924573659404db674122b02fbfa2e,19,29,0,-185.70721173283513,-31.90242848376643,DESCRIPTIVE_SAMPLE,,human_review_required
817d1c5f49c84d4e,,ETHUSDT,1h,SHORT_ONLY,"{""atr_expansion_threshold"": 1.1, ""atr_length"": 14, ""atr_reference_length"": 50, ""atr_reference_method"": ""mean"", ""atr_stop_multiplier"": 2.0, ""exit_length"": 10, ""exit_method"": ""risk"", ""fast_length"": 50, ""impulse_atr_multiplier"": 1.25, ""reward_risk"": 2.0, ""slope_lookback"": 5, ""trend_filter"": ""ema_slope"", ""trend_length"": 200}",wf_0_test,base,2024-07-01T00:00:00+00:00,2024-10-01T00:00:00+00:00,21,atr_volatility_breakout,1.0.0,38.095238095238095,0.2199812761669362,0.8756044470171753,0.23412701527172353,0,21.998127616692017,0,21,,,,,,,,,,,,,,,,,1.023838881851137,0.14651812023445715,1.0475298865091434,6.047004341057952,51.75498481663847,118.09770757357401,-70.98334869014616,,3.5364430539351557,,31.053002438052683,5.175500406342114,,,87.98348766103327,,,,,,,,,not_modelled_synthetic,,,1.6637381830080975,4.189689888620632,110.90352654140744,-64.7069218959074,-105.48616663606535,-102.74881671972375,-48.828377063773566,143.76292612017755,188.76798233447698,200.01924638805178,343.78217250822934,460.06941807948283,909.2557779157474,1562.779244208812,2091.4026234232124,-178.02111877135977,200.01924638805178,,1.0475298865091436,,1.0238388818511373,atr,eth_short_regime_challenge_v1_atr,20261007T203617Z-52e2dc923989,d51c445604a546df9ee2219bffb8ffb9,8,13,0,21.99812761669201,-48.828377063773566,DESCRIPTIVE_SAMPLE,,human_review_required
817d1c5f49c84d4e,,ETHUSDT,1h,SHORT_ONLY,"{""atr_expansion_threshold"": 1.1, ""atr_length"": 14, ""atr_reference_length"": 50, ""atr_reference_method"": ""mean"", ""atr_stop_multiplier"": 2.0, ""exit_length"": 10, ""exit_method"": ""risk"", ""fast_length"": 50, ""impulse_atr_multiplier"": 1.25, ""reward_risk"": 2.0, ""slope_lookback"": 5, ""trend_filter"": ""ema_slope"", ""trend_length"": 200}",wf_0_test,adverse,2024-07-01T00:00:00+00:00,2024-10-01T00:00:00+00:00,21,atr_volatility_breakout,1.0.0,38.095238095238095,-0.4596125690740305,-1.8110656953035154,-0.28327983299137954,0,-45.9612569074005,0,21,,,,,,,,,,,,,,,,,0.9519958413396946,-0.18420970671939052,-2.188631281304783,6.317907909845031,102.81243510085206,113.93524712154638,-73.6494795292132,,3.4623258125531,,61.68751516488851,10.281252527481419,,,174.78120279322198,,,,,,,,,not_modelled_synthetic,,,1.5469932421770036,8.322914418724856,107.2383332670603,-67.85211909825118,-105.05141078234773,-102.15694047271818,-52.121309853992436,140.0285264904847,181.26344887126044,191.57217946645434,331.600705956939,444.28333556119924,,,,-237.53343637385478,191.57217946645434,,-2.1886312813047857,,0.9519958413396945,atr,eth_short_regime_challenge_v1_atr,20261007T203617Z-52e2dc923989,10330140299f4fd49bb523ff46eb0807,8,13,0,-45.96125690740045,-52.121309853992436,DESCRIPTIVE_SAMPLE,,human_review_required
cf431489718e192b,,ETHUSDT,1h,SHORT_ONLY,"{""atr_expansion_threshold"": 1.1, ""atr_length"": 14, ""atr_reference_length"": 50, ""atr_reference_method"": ""mean"", ""atr_stop_multiplier"": 2.0, ""exit_length"": 10, ""exit_method"": ""risk"", ""fast_length"": 50, ""impulse_atr_multiplier"": 0.75, ""reward_risk"": 2.0, ""slope_lookback"": 5, ""trend_filter"": ""ema_slope"", ""trend_length"": 200}",wf_1_train,base,2023-10-01T00:00:00+00:00,2024-10-01T00:00:00+00:00,82,atr_volatility_breakout,1.0.0,36.58536585365854,-1.5442324787873662,-1.5400459215921813,-0.2704914476940208,0,-154.4232478787448,0,82,,,,,,,,,,,,,,,,,0.951266077326733,-0.164057916593269,-1.8832103399846951,6.765682886417039,197.84885615081836,100.47593763556411,-60.936564941262844,,4.8510897090228315,,118.70933279207314,19.784888798678857,,,336.34307774157037,,,,,,,,,not_modelled_synthetic,,,1.6488612006996706,4.101744850506956,93.75358740737703,-56.532610450227516,-101.73576644520253,-97.51849792670593,-43.672537619762835,151.60592288517736,182.26610439646808,193.22974885464657,858.6533182422442,1350.0084441098668,,,,-347.65299673339155,193.22974885464657,,-1.8832103399846927,,0.951266077326733,atr,eth_short_regime_challenge_v1_atr,20261007T203617Z-52e2dc923989,378b643ff2df4867928b6cf0098e84e8,30,52,0,-154.423247878745,-43.672537619762835,DESCRIPTIVE_SAMPLE,,human_review_required
cf431489718e192b,,ETHUSDT,1h,SHORT_ONLY,"{""atr_expansion_threshold"": 1.1, ""atr_length"": 14, ""atr_reference_length"": 50, ""atr_reference_method"": ""mean"", ""atr_stop_multiplier"": 2.0, ""exit_length"": 10, ""exit_method"": ""risk"", ""fast_length"": 50, ""impulse_atr_multiplier"": 0.75, ""reward_risk"": 2.0, ""slope_lookback"": 5, ""trend_filter"": ""ema_slope"", ""trend_length"": 200}",wf_1_train,adverse,2023-10-01T00:00:00+00:00,2024-10-01T00:00:00+00:00,81,atr_volatility_breakout,1.0.0,37.03703703703704,-3.3430927453423465,-3.33411260674471,-0.6677992277318863,0,-334.3092745342371,0,81,,,,,,,,,,,,,,,,,0.8959842036484413,-0.4120449421287067,-4.1272749942498415,7.400483032913001,386.44065975563245,95.9904936308768,-63.02008006785375,,4.876299672136372,,231.86453136218162,38.644088560363606,,,656.9492796781776,,,,,,,,,not_modelled_synthetic,,,1.5231731462023501,8.110484934298489,90.05522904269785,-59.0142183774153,-100.47178833132351,-97.58614947191398,-46.165329155040304,147.85276159985858,172.62488224882173,183.43513916239323,824.8659511674161,1297.4063765489732,,,,-517.7444136966303,183.43513916239323,,-4.127274994249841,,0.8959842036484412,atr,eth_short_regime_challenge_v1_atr,20261007T203617Z-52e2dc923989,c2bee8b26e5a464bb325cf87bdde308f,30,51,0,-334.30927453423715,-46.165329155040304,DESCRIPTIVE_SAMPLE,,human_review_required
b189830689073f8b,,ETHUSDT,1h,SHORT_ONLY,"{""atr_expansion_threshold"": 1.1, ""atr_length"": 14, ""atr_reference_length"": 50, ""atr_reference_method"": ""mean"", ""atr_stop_multiplier"": 2.0, ""exit_length"": 10, ""exit_method"": ""risk"", ""fast_length"": 50, ""impulse_atr_multiplier"": 1.0, ""reward_risk"": 2.0, ""slope_lookback"": 5, ""trend_filter"": ""ema_slope"", ""trend_length"": 200}",wf_1_train,base,2023-10-01T00:00:00+00:00,2024-10-01T00:00:00+00:00,69,atr_volatility_breakout,1.0.0,39.130434782608695,2.976622317708455,2.968369941874238,0.8093638372769245,0,297.66223177084686,0,69,,,,,,,,,,,,,,,,,1.1111993603052266,0.4651605937211711,4.313945387983287,5.136827351937649,173.82386039208833,110.16652821093248,-63.734143569626916,,3.7860286327602926,,104.29437851735403,17.382396419559008,,,295.5006353290014,,,,,,,,,not_modelled_synthetic,,,1.7285323382525748,4.282617903318861,103.32002228098084,-59.01522333270973,-106.45529342594503,-102.04802526950606,-44.85516904954097,164.41811061969372,190.93002075488675,203.35031903000228,737.7273785707031,1161.0739752901743,68.3157946576676,247.8404378620118,390.06425786124555,94.31191274084452,203.35031903000228,,4.313945387983288,,1.1111993603052264,atr,eth_short_regime_challenge_v1_atr,20261007T203617Z-52e2dc923989,3d3f0436435d44ab913be5bb72cb546c,27,42,0,297.6622317708468,-44.85516904954097,DESCRIPTIVE_SAMPLE,,human_review_required
b189830689073f8b,,ETHUSDT,1h,SHORT_ONLY,"{""atr_expansion_threshold"": 1.1, ""atr_length"": 14, ""atr_reference_length"": 50, ""atr_reference_method"": ""mean"", ""atr_stop_multiplier"": 2.0, ""exit_length"": 10, ""exit_method"": ""risk"", ""fast_length"": 50, ""impulse_atr_multiplier"": 1.0, ""reward_risk"": 2.0, ""slope_lookback"": 5, ""trend_filter"": ""ema_slope"", ""trend_length"": 200}",wf_1_train,adverse,2023-10-01T00:00:00+00:00,2024-10-01T00:00:00+00:00,68,atr_volatility_breakout,1.0.0,39.705882352941174,1.5084431297298861,1.5042908557632684,0.44165540726680613,0,150.8443129729978,0,68,,,,,,,,,,,,,,,,,1.055797584552825,0.25834519418865337,2.2182987201911457,5.52479920791119,339.3225164843308,105.71349768046846,-65.93707620486953,,3.818543008906395,,203.59381552163646,33.93230258693941,,,576.8486345929066,,,,,,,,,not_modelled_synthetic,,,1.603248183950586,8.483068155778039,98.68452890361894,-61.61261093628875,-105.31581966796085,-102.97427121516816,-47.04832239500669,160.5348778454279,181.42278617447744,193.57192148612947,708.9669793110326,1119.0456189141134,128.3256343384852,469.9991437117966,741.8546956519533,-42.72760851313157,193.57192148612947,,2.2182987201911444,,1.0557975845528247,atr,eth_short_regime_challenge_v1_atr,20261007T203617Z-52e2dc923989,1004cdf5dd814bae9df622712e89a27c,27,41,0,150.8443129729979,-47.04832239500669,DESCRIPTIVE_SAMPLE,,human_review_required
817d1c5f49c84d4e,,ETHUSDT,1h,SHORT_ONLY,"{""atr_expansion_threshold"": 1.1, ""atr_length"": 14, ""atr_reference_length"": 50, ""atr_reference_method"": ""mean"", ""atr_stop_multiplier"": 2.0, ""exit_length"": 10, ""exit_method"": ""risk"", ""fast_length"": 50, ""impulse_atr_multiplier"": 1.25, ""reward_risk"": 2.0, ""slope_lookback"": 5, ""trend_filter"": ""ema_slope"", ""trend_length"": 200}",wf_1_train,base,2023-10-01T00:00:00+00:00,2024-10-01T00:00:00+00:00,57,atr_volatility_breakout,1.0.0,42.10526315789474,5.771979620320056,5.755763806604675,1.5848011431903717,0,577.1979620320113,0,57,,,,,,,,,,,,,,,,,1.2637086685745693,0.8751423228919027,10.126280035649321,6.047002593017273,145.756219943855,115.24871872910062,-66.32640265049707,,3.4410863477203164,,87.45381858959487,14.575636431599147,,,247.78567496504903,,,,,,,,,not_modelled_synthetic,,,1.737599419290033,4.347117104649983,110.80789014372328,-60.36620233189029,-110.02982758242246,-102.5473625271593,-42.60199986137677,173.30577281965284,197.59923049151124,211.09987550995825,579.7678772458083,1061.1674123157607,36.57321913729326,100.44523982807384,183.84808715885737,366.0980865220531,211.09987550995825,,10.126280035649321,,1.2637086685745693,atr,eth_short_regime_challenge_v1_atr,20261007T203617Z-52e2dc923989,eb7df229e46041d4b83044644a9bf117,24,33,0,577.1979620320113,-42.60199986137677,DESCRIPTIVE_SAMPLE,,human_review_required
817d1c5f49c84d4e,,ETHUSDT,1h,SHORT_ONLY,"{""atr_expansion_threshold"": 1.1, ""atr_length"": 14, ""atr_reference_length"": 50, ""atr_reference_method"": ""mean"", ""atr_stop_multiplier"": 2.0, ""exit_length"": 10, ""exit_method"": ""risk"", ""fast_length"": 50, ""impulse_atr_multiplier"": 1.25, ""reward_risk"": 2.0, ""slope_lookback"": 5, ""trend_filter"": ""ema_slope"", ""trend_length"": 200}",wf_1_train,adverse,2023-10-01T00:00:00+00:00,2024-10-01T00:00:00+00:00,57,atr_volatility_breakout,1.0.0,42.10526315789474,3.7716423245845343,3.7611458854386104,1.0768908695474062,0,377.16423245844646,0,57,,,,,,,,,,,,,,,,,1.1660716285145885,0.6089937154448171,6.616916358920112,6.317907337611281,288.0211989557177,110.34408131951581,-68.8210217942404,,3.448038162058701,,172.8130834297227,28.80218057162045,,,489.6364629570608,,,,,,,,,not_modelled_synthetic,,,1.6033484892075591,8.590113385211593,105.66832715985322,-62.9323472428783,-108.15902744946533,-104.6053111955675,-46.001957946616564,168.69282682011783,187.2004698012696,199.715528870444,554.1852895937527,1021.0870422947613,52.95187392734739,146.93474139407144,270.7274323546198,177.44870358800242,199.715528870444,,6.616916358920113,,1.1660716285145882,atr,eth_short_regime_challenge_v1_atr,20261007T203617Z-52e2dc923989,da937d59da914b9f80db930eb7db6eab,24,33,0,377.1642324584464,-46.001957946616564,DESCRIPTIVE_SAMPLE,,human_review_required
143528a8db38d8af,,ETHUSDT,1h,SHORT_ONLY,"{""atr_expansion_threshold"": 1.25, ""atr_length"": 14, ""atr_reference_length"": 50, ""atr_reference_method"": ""mean"", ""atr_stop_multiplier"": 2.0, ""exit_length"": 10, ""exit_method"": ""risk"", ""fast_length"": 50, ""impulse_atr_multiplier"": 0.75, ""reward_risk"": 2.0, ""slope_lookback"": 5, ""trend_filter"": ""ema_slope"", ""trend_length"": 200}",wf_1_train,base,2023-10-01T00:00:00+00:00,2024-10-01T00:00:00+00:00,60,atr_volatility_breakout,1.0.0,33.333333333333336,-3.4720207186083596,-3.4627004978400655,-0.7696570532855123,0,-347.2020718608383,0,60,,,,,,,,,,,,,,,,,0.8619170226351075,-0.48677667084692877,-5.786701197680641,5.827938145248629,142.6366569472687,108.36215359125114,-62.86112859214653,,4.121429354325904,,85.58198317278558,14.263663862130933,,,242.48230398218521,,,,,,,,,not_modelled_synthetic,,,1.723834045270215,4.04137173303642,103.3708856574546,-62.97133937337917,-99.43317522243879,-98.36120039977094,-44.08785257984423,159.98375564931874,183.72310528530866,187.93061683570775,537.9735626899067,952.5152995783261,,,,-535.1326886965462,187.93061683570775,,-5.786701197680639,,0.8619170226351076,atr,eth_short_regime_challenge_v1_atr,20261007T203617Z-52e2dc923989,7b089ff88e1342bc8d15180977468d5f,20,40,0,-347.20207186083843,-44.08785257984423,DESCRIPTIVE_SAMPLE,,human_review_required
143528a8db38d8af,,ETHUSDT,1h,SHORT_ONLY,"{""atr_expansion_threshold"": 1.25, ""atr_length"": 14, ""atr_reference_length"": 50, ""atr_reference_method"": ""mean"", ""atr_stop_multiplier"": 2.0, ""exit_length"": 10, ""exit_method"": ""risk"", ""fast_length"": 50, ""impulse_atr_multiplier"": 0.75, ""reward_risk"": 2.0, ""slope_lookback"": 5, ""trend_filter"": ""ema_slope"", ""trend_length"": 200}",wf_1_train,adverse,2023-10-01T00:00:00+00:00,2024-10-01T00:00:00+00:00,60,atr_volatility_breakout,1.0.0,33.333333333333336,-5.344744363280629,-5.330537565056803,-1.2008358866612028,0,-534.4744363280588,0,60,,,,,,,,,,,,,,,,,0.7948995850121808,-0.7813050249317877,-8.907907272134313,7.226137216442993,281.73279459240894,103.57207411355678,-65.14789796497986,,4.047709055742017,,169.039653433386,28.173275572231006,,,478.9457235980259,,,,,,,,,not_modelled_synthetic,,,1.5897991700243614,7.982428726633765,98.89424243622457,-65.58944416272698,-98.25912399199821,-97.21751176151528,-46.932406902321475,155.51264719719578,173.92079005660915,177.8377542372814,513.842238459752,914.1946609930642,,,,-712.3121905653402,177.8377542372814,,-8.907907272134313,,0.7948995850121808,atr,eth_short_regime_challenge_v1_atr,20261007T203617Z-52e2dc923989,f506249946e64475a4850360393236ef,20,40,0,-534.4744363280588,-46.932406902321475,DESCRIPTIVE_SAMPLE,,human_review_required
49c4a234fbe24bab,,ETHUSDT,1h,SHORT_ONLY,"{""atr_expansion_threshold"": 1.25, ""atr_length"": 14, ""atr_reference_length"": 50, ""atr_reference_method"": ""mean"", ""atr_stop_multiplier"": 2.0, ""exit_length"": 10, ""exit_method"": ""risk"", ""fast_length"": 50, ""impulse_atr_multiplier"": 1.0, ""reward_risk"": 2.0, ""slope_lookback"": 5, ""trend_filter"": ""ema_slope"", ""trend_length"": 200}",wf_1_train,base,2023-10-01T00:00:00+00:00,2024-10-01T00:00:00+00:00,52,atr_volatility_breakout,1.0.0,32.69230769230769,-4.210595042956722,-4.199335696999828,-1.0665923515836737,0,-421.0595042956768,0,52,,,,,,,,,,,,,,,,,0.8151648041042124,-0.6858226605258805,-8.097298159532244,6.752371146048586,125.67305377466776,109.23336220806102,-65.08647605236327,,3.2289538695477438,,75.40381048619012,12.567301747698355,,,213.64416600855625,,,,,,,,,not_modelled_synthetic,,,1.6782804790380843,4.108541654010697,102.33318182895847,-67.13728059273176,-100.73001642691301,-99.1871113414867,-48.01890436907577,168.53121285378384,186.49177048447277,187.07897939886982,547.0507669975032,955.2128075252863,,,,-608.1384836945465,187.07897939886982,,-8.097298159532246,,0.8151648041042124,atr,eth_short_regime_challenge_v1_atr,20261007T203617Z-52e2dc923989,7ac1892350d9465386f4aceea50e3280,17,35,0,-421.0595042956767,-48.01890436907577,DESCRIPTIVE_SAMPLE,,human_review_required
49c4a234fbe24bab,,ETHUSDT,1h,SHORT_ONLY,"{""atr_expansion_threshold"": 1.25, ""atr_length"": 14, ""atr_reference_length"": 50, ""atr_reference_method"": ""mean"", ""atr_stop_multiplier"": 2.0, ""exit_length"": 10, ""exit_method"": ""risk"", ""fast_length"": 50, ""impulse_atr_multiplier"": 1.0, ""reward_risk"": 2.0, ""slope_lookback"": 5, ""trend_filter"": ""ema_slope"", ""trend_length"": 200}",wf_1_train,adverse,2023-10-01T00:00:00+00:00,2024-10-01T00:00:00+00:00,52,atr_volatility_breakout,1.0.0,32.69230769230769,-5.848885764540723,-5.833380655812482,-1.4732429404708702,0,-584.8885764540703,0,52,,,,,,,,,,,,,,,,,0.7523957459219796,-0.9801474316456945,-11.247857239501352,7.608833481635123,248.4857510300054,104.54720991604393,-67.49117557219476,,3.1952058457711403,,149.09138238359392,24.84856373059899,,,422.4256971441983,,,,,,,,,not_modelled_synthetic,,,1.5490500651334873,8.12357109892689,97.89979816742226,-69.60098425201767,-100.10021622289031,-98.05024739644267,-51.16024288340911,164.22895010320826,176.8629674963533,177.38956548466155,523.5177885716045,918.6618494253278,,,,-762.2781419387318,177.38956548466155,,-11.247857239501352,,0.7523957459219796,atr,eth_short_regime_challenge_v1_atr,20261007T203617Z-52e2dc923989,9ab43274c91a4a1e9bd31358990b508c,17,35,0,-584.8885764540703,-51.16024288340911,DESCRIPTIVE_SAMPLE,,human_review_required
cfd1f51b4fb4e68c,,ETHUSDT,1h,SHORT_ONLY,"{""atr_expansion_threshold"": 1.25, ""atr_length"": 14, ""atr_reference_length"": 50, ""atr_reference_method"": ""mean"", ""atr_stop_multiplier"": 2.0, ""exit_length"": 10, ""exit_method"": ""risk"", ""fast_length"": 50, ""impulse_atr_multiplier"": 1.25, ""reward_risk"": 2.0, ""slope_lookback"": 5, ""trend_filter"": ""ema_slope"", ""trend_length"": 200}",wf_1_train,base,2023-10-01T00:00:00+00:00,2024-10-01T00:00:00+00:00,39,atr_volatility_breakout,1.0.0,35.8974358974359,-0.735861849458308,-0.7338586933981928,-0.18592187672856583,0,-73.58618494583936,0,39,,,,,,,,,,,,,,,,,0.9558082601667774,-0.10726573814943804,-1.8868252550215219,5.567441960584504,95.61928327731168,113.68362967965054,-66.60628001843787,,2.826190541032102,,57.3715793078808,9.5619298846468,,,162.55279246983926,,,,,,,,,not_modelled_synthetic,,,1.706800464583531,4.168020319739468,100.98843535879415,-69.86615637718052,-103.69548439028884,-99.38761121894254,-45.71080933679306,178.811618193559,191.57388051141703,193.7475168806225,381.7749380528096,727.1111022296569,,,,-267.33370182646183,193.7475168806225,,-1.886825255021522,,0.9558082601667776,atr,eth_short_regime_challenge_v1_atr,20261007T203617Z-52e2dc923989,233a007039ba426191086ed4db1130f6,14,25,0,-73.58618494583935,-45.71080933679306,DESCRIPTIVE_SAMPLE,,human_review_required
cfd1f51b4fb4e68c,,ETHUSDT,1h,SHORT_ONLY,"{""atr_expansion_threshold"": 1.25, ""atr_length"": 14, ""atr_reference_length"": 50, ""atr_reference_method"": ""mean"", ""atr_stop_multiplier"": 2.0, ""exit_length"": 10, ""exit_method"": ""risk"", ""fast_length"": 50, ""impulse_atr_multiplier"": 1.25, ""reward_risk"": 2.0, ""slope_lookback"": 5, ""trend_filter"": ""ema_slope"", ""trend_length"": 200}",wf_1_train,adverse,2023-10-01T00:00:00+00:00,2024-10-01T00:00:00+00:00,39,atr_volatility_breakout,1.0.0,35.8974358974359,-2.0610855317565457,-2.055512428623696,-0.5932901038797194,0,-206.10855317565324,0,39,,,,,,,,,,,,,,,,,0.880969229778573,-0.3555117404713257,-5.284834696811619,6.181958289726842,189.53144046353435,108.96059721373844,-69.26227656671966,,2.794964673859858,,113.71891303800066,18.953152173000113,,,322.2035056745351,,,,,,,,,not_modelled_synthetic,,,1.5731593388903087,8.261628350629106,96.84429403585554,-72.538670511988,-102.93931093074531,-101.73076059133247,-48.95424675139382,174.03454356472315,182.03017607287424,184.2116437689896,362.68258307451777,699.4650677848289,,,,-390.32019694464276,184.2116437689896,,-5.284834696811622,,0.8809692297785731,atr,eth_short_regime_challenge_v1_atr,20261007T203617Z-52e2dc923989,a2952833478f431181fb7dafb55ab0dc,14,25,0,-206.10855317565316,-48.95424675139382,DESCRIPTIVE_SAMPLE,,human_review_required
817d1c5f49c84d4e,,ETHUSDT,1h,SHORT_ONLY,"{""atr_expansion_threshold"": 1.1, ""atr_length"": 14, ""atr_reference_length"": 50, ""atr_reference_method"": ""mean"", ""atr_stop_multiplier"": 2.0, ""exit_length"": 10, ""exit_method"": ""risk"", ""fast_length"": 50, ""impulse_atr_multiplier"": 1.25, ""reward_risk"": 2.0, ""slope_lookback"": 5, ""trend_filter"": ""ema_slope"", ""trend_length"": 200}",wf_1_test,base,2024-10-01T00:00:00+00:00,2025-01-01T00:00:00+00:00,13,atr_volatility_breakout,1.0.0,30.76923076923077,0.005977998696260478,0.023719163719326808,0.056417661578252946,0,0.5977998696214399,0,13,,,,,,,,,,,,,,,,,1.0011733367168536,0.03224549601972776,0.04598460535549483,2.510958981709904,32.47634319185563,127.5212139791131,-56.60967289409233,,2.7957368237072675,,19.48581177491034,3.24763529581839,,,55.209790262584356,,,,,,,,,not_modelled_synthetic,,,2.252640007612921,4.24690694327572,116.22441296211696,-53.292814809995384,-80.30580032501379,-70.50187433203672,-50.90062056286313,150.1600893936418,178.91373604902273,186.10214771286803,186.10214771286803,312.3008648936925,31131.17904002228,31131.17904002228,52241.70843186407,-185.5043478432466,186.10214771286803,,0.04598460535549538,,1.0011733367168536,atr,eth_short_regime_challenge_v1_atr,20261007T203617Z-52e2dc923989,a0bed1e112604ae1bc658e2ded68867e,4,9,0,0.5977998696214328,-50.90062056286313,INSUFFICIENT_SAMPLE,INSUFFICIENT_SAMPLE,human_review_required
817d1c5f49c84d4e,,ETHUSDT,1h,SHORT_ONLY,"{""atr_expansion_threshold"": 1.1, ""atr_length"": 14, ""atr_reference_length"": 50, ""atr_reference_method"": ""mean"", ""atr_stop_multiplier"": 2.0, ""exit_length"": 10, ""exit_method"": ""risk"", ""fast_length"": 50, ""impulse_atr_multiplier"": 1.25, ""reward_risk"": 2.0, ""slope_lookback"": 5, ""trend_filter"": ""ema_slope"", ""trend_length"": 200}",wf_1_test,adverse,2024-10-01T00:00:00+00:00,2025-01-01T00:00:00+00:00,13,atr_volatility_breakout,1.0.0,30.76923076923077,-0.46156825704236626,-1.8187191084986232,-0.4883529445517111,0,-46.15682570423437,0,13,,,,,,,,,,,,,,,,,0.9143756401280146,-0.2943779825785172,-3.550525054171875,2.743049095123669,64.71451138380894,123.22625568437988,-59.89576093797265,,2.793283393859597,,38.82873365059284,6.471455608432141,,,110.01470064283392,,,,,,,,,not_modelled_synthetic,,,2.057345190288033,8.462669280217993,112.72706120025572,-56.548125748592604,-83.50157677427117,-73.67199989013406,-54.12656155561124,145.26921217818648,172.43129130866222,179.2218110912812,179.2218110912812,301.85595732740467,,,,-225.37863679551558,179.2218110912812,,-3.550525054171875,,0.9143756401280146,atr,eth_short_regime_challenge_v1_atr,20261007T203617Z-52e2dc923989,7b63cbc9b3a746ecb340a363cee2a23b,4,9,0,-46.15682570423437,-54.12656155561124,INSUFFICIENT_SAMPLE,INSUFFICIENT_SAMPLE,human_review_required
cf431489718e192b,,ETHUSDT,1h,SHORT_ONLY,"{""atr_expansion_threshold"": 1.1, ""atr_length"": 14, ""atr_reference_length"": 50, ""atr_reference_method"": ""mean"", ""atr_stop_multiplier"": 2.0, ""exit_length"": 10, ""exit_method"": ""risk"", ""fast_length"": 50, ""impulse_atr_multiplier"": 0.75, ""reward_risk"": 2.0, ""slope_lookback"": 5, ""trend_filter"": ""ema_slope"", ""trend_length"": 200}",wf_2_train,base,2024-01-01T00:00:00+00:00,2025-01-01T00:00:00+00:00,92,atr_volatility_breakout,1.0.0,36.95652173913044,-0.2183589378527362,-0.21776297880250484,0.02777103485109973,0,-21.835893785264933,0,92,,,,,,,,,,,,,,,,,0.9942492820672406,0.017153927592600413,-0.23734667157896608,6.01377088790267,225.64546327546893,111.03637520795145,-65.46676984233818,,5.877087370991588,,135.38731595023236,22.564552658372058,,,383.59733188407336,,,,,,,,,not_modelled_synthetic,,,1.6960723047029398,4.169536216131232,103.22773342580946,-61.43616413846682,-104.03648682023035,-100.2556211528816,-47.975463139011445,159.2049644930361,190.93418647566332,196.5015707395885,908.7223758698424,1591.8582814928063,,,,-218.33746452485337,196.5015707395885,,-0.23734667157896666,,0.9942492820672408,atr,eth_short_regime_challenge_v1_atr,20261007T203617Z-52e2dc923989,1b254342c7a5425a98e2973c3331a199,34,58,0,-21.83589378526488,-47.975463139011445,DESCRIPTIVE_SAMPLE,,human_review_required
cf431489718e192b,,ETHUSDT,1h,SHORT_ONLY,"{""atr_expansion_threshold"": 1.1, ""atr_length"": 14, ""atr_reference_length"": 50, ""atr_reference_method"": ""mean"", ""atr_stop_multiplier"": 2.0, ""exit_length"": 10, ""exit_method"": ""risk"", ""fast_length"": 50, ""impulse_atr_multiplier"": 0.75, ""reward_risk"": 2.0, ""slope_lookback"": 5, ""trend_filter"": ""ema_slope"", ""trend_length"": 200}",wf_2_train,adverse,2024-01-01T00:00:00+00:00,2025-01-01T00:00:00+00:00,91,atr_volatility_breakout,1.0.0,37.362637362637365,-2.3325924228748796,-2.326293931657597,-0.37537352543454094,0,-233.25924228747593,0,91,,,,,,,,,,,,,,,,,0.9394194418858244,-0.23667633698678153,-2.56328837678545,6.776818119790834,440.98389039184156,106.38642554723755,-67.55083703322022,,5.912767716523803,,264.5905511288272,44.09842518813787,,,749.6728667088066,,,,,,,,,not_modelled_synthetic,,,1.5749090643379997,8.238163370426447,98.67106237500326,-63.96050503469271,-102.4163682256137,-99.97926567673554,-50.41545668476018,155.47115352197895,181.1020547949621,187.1740088431547,871.2400962055385,1530.0728616335539,,,,-420.43325113063065,187.1740088431547,,-2.56328837678545,,0.9394194418858243,atr,eth_short_regime_challenge_v1_atr,20261007T203617Z-52e2dc923989,ef0f6f00a6474ec19501ea7d9076f99b,34,57,0,-233.25924228747596,-50.41545668476018,DESCRIPTIVE_SAMPLE,,human_review_required
b189830689073f8b,,ETHUSDT,1h,SHORT_ONLY,"{""atr_expansion_threshold"": 1.1, ""atr_length"": 14, ""atr_reference_length"": 50, ""atr_reference_method"": ""mean"", ""atr_stop_multiplier"": 2.0, ""exit_length"": 10, ""exit_method"": ""risk"", ""fast_length"": 50, ""impulse_atr_multiplier"": 1.0, ""reward_risk"": 2.0, ""slope_lookback"": 5, ""trend_filter"": ""ema_slope"", ""trend_length"": 200}",wf_2_train,base,2024-01-01T00:00:00+00:00,2025-01-01T00:00:00+00:00,76,atr_volatility_breakout,1.0.0,39.473684210526315,4.4275231758655,4.415162916604465,1.0988834220845376,0,442.75231758654655,0,76,,,,,,,,,,,,,,,,,1.1409415750363108,0.6275417325101179,5.825688389296665,6.859737269706663,195.01696756731977,119.47137822842056,-68.29106585361022,,4.60020267779291,,117.01026183992386,19.501710306653976,,,331.5289397138976,,,,,,,,,not_modelled_synthetic,,,1.74944374838901,4.362222890972337,110.9585176761072,-64.5269727793878,-107.93370369631877,-105.9830552868965,-48.73841905156577,174.69675714042046,198.8374783026776,206.47044914285155,773.2720846020563,1399.7091261572461,46.63339771281761,174.65116587467705,316.13818167843687,236.28186844369495,206.47044914285155,,5.8256883892966655,,1.1409415750363106,atr,eth_short_regime_challenge_v1_atr,20261007T203617Z-52e2dc923989,6118f0e049e444fc87a24e87340e2e92,30,46,0,442.7523175865465,-48.73841905156577,DESCRIPTIVE_SAMPLE,,human_review_required
b189830689073f8b,,ETHUSDT,1h,SHORT_ONLY,"{""atr_expansion_threshold"": 1.1, ""atr_length"": 14, ""atr_reference_length"": 50, ""atr_reference_method"": ""mean"", ""atr_stop_multiplier"": 2.0, ""exit_length"": 10, ""exit_method"": ""risk"", ""fast_length"": 50, ""impulse_atr_multiplier"": 1.0, ""reward_risk"": 2.0, ""slope_lookback"": 5, ""trend_filter"": ""ema_slope"", ""trend_length"": 200}",wf_2_train,adverse,2024-01-01T00:00:00+00:00,2025-01-01T00:00:00+00:00,75,atr_volatility_breakout,1.0.0,40.0,2.710909536807682,2.7034034529623385,0.6996588605848423,0,271.0909536807689,0,75,,,,,,,,,,,,,,,,,1.0853581487601305,0.4082626387118729,3.614546049076918,7.429807720290194,381.15313212869506,114.90048300657331,-70.57607858925401,,4.64632873540225,,228.69226527894307,38.115377546490514,,,647.9607749541286,,,,,,,,,not_modelled_synthetic,,,1.6280372231401958,8.639476999388382,106.6942737284952,-66.66678487291605,-107.05582003285623,-105.24360313467766,-51.04933681197906,170.93756580094418,189.47311569543947,197.07565586570593,740.8396184601263,1349.4254149680892,72.69724540413037,273.2808337575602,497.77589279395323,74.01529781506292,197.07565586570593,,3.614546049076919,,1.0853581487601305,atr,eth_short_regime_challenge_v1_atr,20261007T203617Z-52e2dc923989,bc5f10291cdc42278640e635a5f84f10,30,45,0,271.09095368076885,-51.04933681197906,DESCRIPTIVE_SAMPLE,,human_review_required
817d1c5f49c84d4e,,ETHUSDT,1h,SHORT_ONLY,"{""atr_expansion_threshold"": 1.1, ""atr_length"": 14, ""atr_reference_length"": 50, ""atr_reference_method"": ""mean"", ""atr_stop_multiplier"": 2.0, ""exit_length"": 10, ""exit_method"": ""risk"", ""fast_length"": 50, ""impulse_atr_multiplier"": 1.25, ""reward_risk"": 2.0, ""slope_lookback"": 5, ""trend_filter"": ""ema_slope"", ""trend_length"": 200}",wf_2_train,base,2024-01-01T00:00:00+00:00,2025-01-01T00:00:00+00:00,63,atr_volatility_breakout,1.0.0,41.26984126984127,6.943168384077181,6.923555937547965,1.824388348916009,0,694.316838407714,0,63,,,,,,,,,,,,,,,,,1.274429829053678,0.984073865277229,11.020902196947839,7.503962769709796,164.4241961285134,124.01349943126525,-68.37930126500491,,3.5449226600664088,,98.65461993010759,16.442436655017932,,,279.52125271363894,,,,,,,,,not_modelled_synthetic,,,1.8136116798071573,4.436845281168872,116.1245333130988,-65.7726940559287,-111.02246177927363,-102.52620128609995,-47.97671652469897,182.61909737652897,204.48854151040172,213.424668697816,785.1640087551091,1271.8649488940391,30.73880062987752,113.08439682317605,183.18221286564562,480.8921697098978,213.424668697816,,11.020902196947842,,1.2744298290536782,atr,eth_short_regime_challenge_v1_atr,20261007T203617Z-52e2dc923989,260ad96212bf455d9be4c4709af89b72,26,37,0,694.3168384077138,-47.97671652469897,DESCRIPTIVE_SAMPLE,,human_review_required
817d1c5f49c84d4e,,ETHUSDT,1h,SHORT_ONLY,"{""atr_expansion_threshold"": 1.1, ""atr_length"": 14, ""atr_reference_length"": 50, ""atr_reference_method"": ""mean"", ""atr_stop_multiplier"": 2.0, ""exit_length"": 10, ""exit_method"": ""risk"", ""fast_length"": 50, ""impulse_atr_multiplier"": 1.25, ""reward_risk"": 2.0, ""slope_lookback"": 5, ""trend_filter"": ""ema_slope"", ""trend_length"": 200}",wf_2_train,adverse,2024-01-01T00:00:00+00:00,2025-01-01T00:00:00+00:00,63,atr_volatility_breakout,1.0.0,41.26984126984127,4.6779629624750685,4.664888062407502,1.2666740644236925,0,467.7962962475066,0,63,,,,,,,,,,,,,,,,,1.1783221093457141,0.7025711537461371,7.425338035674709,8.039887993270483,324.57077580962795,118.88916172773591,-70.90059212631425,,3.5656528828629748,,194.74289370396494,32.45714895066082,,,551.7708184642537,,,,,,,,,not_modelled_synthetic,,,1.6768430017612084,8.758266959750058,111.5609631070916,-68.19700244577456,-109.38024158187051,-105.53788552709285,-51.04933681197906,178.4123956163886,193.76464826793253,202.39398444782228,750.0933478342438,1223.2570069742806,43.26540976731836,160.34614934988204,261.49352117295655,265.4023117996844,202.39398444782228,,7.425338035674708,,1.1783221093457144,atr,eth_short_regime_challenge_v1_atr,20261007T203617Z-52e2dc923989,21ee709da21240ee9559d5e7fdf951df,26,37,0,467.7962962475067,-51.04933681197906,DESCRIPTIVE_SAMPLE,,human_review_required
143528a8db38d8af,,ETHUSDT,1h,SHORT_ONLY,"{""atr_expansion_threshold"": 1.25, ""atr_length"": 14, ""atr_reference_length"": 50, ""atr_reference_method"": ""mean"", ""atr_stop_multiplier"": 2.0, ""exit_length"": 10, ""exit_method"": ""risk"", ""fast_length"": 50, ""impulse_atr_multiplier"": 0.75, ""reward_risk"": 2.0, ""slope_lookback"": 5, ""trend_filter"": ""ema_slope"", ""trend_length"": 200}",wf_2_train,base,2024-01-01T00:00:00+00:00,2025-01-01T00:00:00+00:00,65,atr_volatility_breakout,1.0.0,35.38461538461539,-1.231234657940894,-1.2278913673051894,-0.19486380022192648,0,-123.12346579409181,0,65,,,,,,,,,,,,,,,,,0.9566782623366583,-0.12448749677029709,-1.8942071660629523,5.592005697970985,157.3313071339719,118.2151217359586,-67.66836346955094,,5.002945588537971,,94.3987994360594,15.733133239343235,,,267.46323980937456,,,,,,,,,not_modelled_synthetic,,,1.7469776964408545,4.114819073990378,110.95236856625237,-66.37517236622705,-101.77246893211775,-101.02208226874657,-46.46297728239531,171.2767664957453,188.2123703215627,192.40441777050546,736.6347072603213,1173.6653346480505,,,,-315.52788356459735,192.40441777050546,,-1.894207166062951,,0.9566782623366586,atr,eth_short_regime_challenge_v1_atr,20261007T203617Z-52e2dc923989,97747e7d8faf453886277a92d3d06d85,23,42,0,-123.1234657940919,-46.46297728239531,DESCRIPTIVE_SAMPLE,,human_review_required
143528a8db38d8af,,ETHUSDT,1h,SHORT_ONLY,"{""atr_expansion_threshold"": 1.25, ""atr_length"": 14, ""atr_reference_length"": 50, ""atr_reference_method"": ""mean"", ""atr_stop_multiplier"": 2.0, ""exit_length"": 10, ""exit_method"": ""risk"", ""fast_length"": 50, ""impulse_atr_multiplier"": 0.75, ""reward_risk"": 2.0, ""slope_lookback"": 5, ""trend_filter"": ""ema_slope"", ""trend_length"": 200}",wf_2_train,adverse,2024-01-01T00:00:00+00:00,2025-01-01T00:00:00+00:00,65,atr_volatility_breakout,1.0.0,35.38461538461539,-3.2714933699676263,-3.2627022963913843,-0.6119703770169455,0,-327.14933699676624,0,65,,,,,,,,,,,,,,,,,0.8883711758653381,-0.4018927465685131,-5.033066723027174,5.982879945758677,310.2527788936804,113.19736497634383,-69.77830312982557,,4.94262933296813,,186.15175145401204,31.025291909002007,,,527.4298222566945,,,,,,,,,not_modelled_synthetic,,,1.6222430167975739,8.1143049577953,106.84346274760362,-69.20210307980791,-100.89786960808499,-99.77257007615452,-49.21416799181342,167.23652853410354,178.45639099016034,182.6290303176704,703.7949188924481,1126.895132823598,,,,-509.7783673144367,182.6290303176704,,-5.033066723027173,,0.8883711758653381,atr,eth_short_regime_challenge_v1_atr,20261007T203617Z-52e2dc923989,928678ae5a814a84844c28fcb556c61e,23,42,0,-327.1493369967663,-49.21416799181342,DESCRIPTIVE_SAMPLE,,human_review_required
49c4a234fbe24bab,,ETHUSDT,1h,SHORT_ONLY,"{""atr_expansion_threshold"": 1.25, ""atr_length"": 14, ""atr_reference_length"": 50, ""atr_reference_method"": ""mean"", ""atr_stop_multiplier"": 2.0, ""exit_length"": 10, ""exit_method"": ""risk"", ""fast_length"": 50, ""impulse_atr_multiplier"": 1.0, ""reward_risk"": 2.0, ""slope_lookback"": 5, ""trend_filter"": ""ema_slope"", ""trend_length"": 200}",wf_2_train,base,2024-01-01T00:00:00+00:00,2025-01-01T00:00:00+00:00,55,atr_volatility_breakout,1.0.0,34.54545454545455,-1.7255457212488778,-1.7208719166585618,-0.3703427240882288,0,-172.55457212489512,0,55,,,,,,,,,,,,,,,,,0.9305529238434642,-0.22733870887667984,-3.1373558568162743,7.741649717856689,134.0430323797582,121.69142657750126,-69.0192132527061,,3.8064306900572547,,80.42582523630684,13.404304206051139,,,227.87316182211615,,,,,,,,,not_modelled_synthetic,,,1.7631529083349848,4.143148396765748,110.99919025469828,-68.49179361495433,-102.43727811033801,-100.91273764804292,-51.05742360572659,179.1172766903787,189.76113656174456,190.39382569242798,563.3747878772258,1047.3881458191354,,,,-362.9483978173231,190.39382569242798,,-3.1373558568162747,,0.9305529238434641,atr,eth_short_regime_challenge_v1_atr,20261007T203617Z-52e2dc923989,3875d05bf7ea4b85ad0443b65629c1ae,19,36,0,-172.5545721248951,-51.05742360572659,DESCRIPTIVE_SAMPLE,,human_review_required
49c4a234fbe24bab,,ETHUSDT,1h,SHORT_ONLY,"{""atr_expansion_threshold"": 1.25, ""atr_length"": 14, ""atr_reference_length"": 50, ""atr_reference_method"": ""mean"", ""atr_stop_multiplier"": 2.0, ""exit_length"": 10, ""exit_method"": ""risk"", ""fast_length"": 50, ""impulse_atr_multiplier"": 1.0, ""reward_risk"": 2.0, ""slope_lookback"": 5, ""trend_filter"": ""ema_slope"", ""trend_length"": 200}",wf_2_train,adverse,2024-01-01T00:00:00+00:00,2025-01-01T00:00:00+00:00,55,atr_volatility_breakout,1.0.0,34.54545454545455,-3.488880337796485,-3.4795156799334426,-0.7903027087774415,0,-348.8880337796533,0,55,,,,,,,,,,,,,,,,,0.8640901939111864,-0.5028094945352655,-6.3434187959936965,8.836123438459769,264.7465693144777,116.74566330252033,-71.30710101465387,,3.7892214270777393,,158.84798408478375,26.474664014130628,,,450.0692174133921,,,,,,,,,not_modelled_synthetic,,,1.6372235253054057,8.183076680243493,107.03281825079259,-71.15498930313458,-102.07750523642987,-100.02253967624317,-53.48523165573279,173.6381621987396,180.45421866790457,181.02336438584288,535.5392169097903,1006.3020553515375,,,,-529.9113981654962,181.02336438584288,,-6.3434187959936965,,0.8640901939111867,atr,eth_short_regime_challenge_v1_atr,20261007T203617Z-52e2dc923989,e14da9ebaa7a4faaaafa10a5a0978bd8,19,36,0,-348.8880337796533,-53.48523165573279,DESCRIPTIVE_SAMPLE,,human_review_required
cfd1f51b4fb4e68c,,ETHUSDT,1h,SHORT_ONLY,"{""atr_expansion_threshold"": 1.25, ""atr_length"": 14, ""atr_reference_length"": 50, ""atr_reference_method"": ""mean"", ""atr_stop_multiplier"": 2.0, ""exit_length"": 10, ""exit_method"": ""risk"", ""fast_length"": 50, ""impulse_atr_multiplier"": 1.25, ""reward_risk"": 2.0, ""slope_lookback"": 5, ""trend_filter"": ""ema_slope"", ""trend_length"": 200}",wf_2_train,base,2024-01-01T00:00:00+00:00,2025-01-01T00:00:00+00:00,40,atr_volatility_breakout,1.0.0,35.0,-0.0038873360276192592,-0.003876715096806649,0.050137824037854495,0,-0.3887336027615973,0,40,,,,,,,,,,,,,,,,,0.9997795045089978,0.028186601546429896,-0.009718340069041176,6.063573060457276,99.2212461415575,125.90082162828212,-67.80770139995043,,2.6219027073935592,,59.53276535511207,9.922127559185345,,,168.67613905585492,,,,,,,,,not_modelled_synthetic,,,1.8567333655167102,4.216903476396373,113.41280131277873,-66.89763653812564,-104.96548772831811,-100.42394409316205,-51.90477760121103,185.3707222705111,193.88804102445184,196.1465579050637,386.5020468854816,751.5994508563931,,,,-196.53529150782535,196.1465579050637,,-0.009718340069039932,,0.999779504508998,atr,eth_short_regime_challenge_v1_atr,20261007T203617Z-52e2dc923989,c9cf87aa5bc448c29f119a780bd4457d,14,26,0,-0.38873360276164703,-51.90477760121103,DESCRIPTIVE_SAMPLE,,human_review_required
cfd1f51b4fb4e68c,,ETHUSDT,1h,SHORT_ONLY,"{""atr_expansion_threshold"": 1.25, ""atr_length"": 14, ""atr_reference_length"": 50, ""atr_reference_method"": ""mean"", ""atr_stop_multiplier"": 2.0, ""exit_length"": 10, ""exit_method"": ""risk"", ""fast_length"": 50, ""impulse_atr_multiplier"": 1.25, ""reward_risk"": 2.0, ""slope_lookback"": 5, ""trend_filter"": ""ema_slope"", ""trend_length"": 200}",wf_2_train,adverse,2024-01-01T00:00:00+00:00,2025-01-01T00:00:00+00:00,40,atr_volatility_breakout,1.0.0,35.0,-1.4015037615762727,-1.397701402762297,-0.36730072176845535,0,-140.15037615763111,0,40,,,,,,,,,,,,,,,,,0.9235464726548934,-0.21509018300005017,-3.5037594039407756,6.91188810505389,196.5478262183593,120.9281638479857,-70.50556423190119,,2.6073771511965536,,117.92877720304543,19.654796200507572,,,334.1313996219123,,,,,,,,,not_modelled_synthetic,,,1.7151577349305165,8.353284990547808,109.68352153471595,-69.7518610995762,-104.44447725423692,-103.22480574546063,-54.61674388263772,176.76693945009072,184.663300148171,186.93523367662632,368.0449967674698,720.6908937364034,,,,-327.08560983425735,186.93523367662632,,-3.503759403940778,,0.9235464726548935,atr,eth_short_regime_challenge_v1_atr,20261007T203617Z-52e2dc923989,e9126c1c06d1447f9f52d1384ea70db1,14,26,0,-140.15037615763103,-54.61674388263772,DESCRIPTIVE_SAMPLE,,human_review_required
817d1c5f49c84d4e,,ETHUSDT,1h,SHORT_ONLY,"{""atr_expansion_threshold"": 1.1, ""atr_length"": 14, ""atr_reference_length"": 50, ""atr_reference_method"": ""mean"", ""atr_stop_multiplier"": 2.0, ""exit_length"": 10, ""exit_method"": ""risk"", ""fast_length"": 50, ""impulse_atr_multiplier"": 1.25, ""reward_risk"": 2.0, ""slope_lookback"": 5, ""trend_filter"": ""ema_slope"", ""trend_length"": 200}",wf_2_test,base,2025-01-01T00:00:00+00:00,2025-04-01T00:00:00+00:00,16,atr_volatility_breakout,1.0.0,43.75,2.175791318095044,9.121762848672276,1.99332323670946,0,217.5791318094984,0,16,,,,,,,,,,,,,,,,,1.2790143471415847,1.0397843038365375,13.598695738093646,2.139200805302886,37.35871152084506,142.48465002090435,-86.6459353707591,,4.0024904246705155,,22.4152564268495,3.735876071141583,,,63.50984401883614,,,,,,,,,not_modelled_synthetic,,,1.6444470177534658,3.969365251177259,151.59134830111984,-90.83942877972218,-102.0201586617675,-101.72823509874597,-64.51606671828739,190.4061443373728,190.98208039971226,191.12606441529712,191.12606441529712,381.2922353933618,87.84209350676046,87.84209350676046,175.2430172058976,26.453067394201213,191.12606441529712,,13.59869573809365,,1.2790143471415845,atr,eth_short_regime_challenge_v1_atr,20261007T203617Z-52e2dc923989,7a7faad88ead405f9c961346cfd0249d,7,9,0,217.57913180949834,-64.51606671828739,INSUFFICIENT_SAMPLE,INSUFFICIENT_SAMPLE,human_review_required
817d1c5f49c84d4e,,ETHUSDT,1h,SHORT_ONLY,"{""atr_expansion_threshold"": 1.1, ""atr_length"": 14, ""atr_reference_length"": 50, ""atr_reference_method"": ""mean"", ""atr_stop_multiplier"": 2.0, ""exit_length"": 10, ""exit_method"": ""risk"", ""fast_length"": 50, ""impulse_atr_multiplier"": 1.25, ""reward_risk"": 2.0, ""slope_lookback"": 5, ""trend_filter"": ""ema_slope"", ""trend_length"": 200}",wf_2_test,adverse,2025-01-01T00:00:00+00:00,2025-04-01T00:00:00+00:00,16,atr_volatility_breakout,1.0.0,43.75,1.6893116591657709,7.029972557469688,1.5482805408614952,0,168.93116591657872,0,16,,,,,,,,,,,,,,,,,1.212169176266095,0.8333084989427528,10.55819786978617,2.1991036579949284,73.83860637416471,137.87727311257305,-88.4677495412703,,4.033235211131484,,44.303287496414065,7.383881249402344,,,125.52577511998112,,,,,,,,,not_modelled_synthetic,,,1.5585032266278365,7.84536094499882,147.90435254241382,-94.06339907287023,-101.58693518254789,-101.3742103651512,-67.86244824647159,182.39072423974113,185.40880804637197,186.1633289980297,186.1633289980297,367.2965183183413,110.20070097069035,110.20070097069035,217.4237751367436,-17.232163081450977,186.1633289980297,,10.55819786978617,,1.212169176266095,atr,eth_short_regime_challenge_v1_atr,20261007T203617Z-52e2dc923989,90686c0852a94e2bb5841880e8383601,7,9,0,168.93116591657872,-67.86244824647159,INSUFFICIENT_SAMPLE,INSUFFICIENT_SAMPLE,human_review_required
cf431489718e192b,,ETHUSDT,1h,SHORT_ONLY,"{""atr_expansion_threshold"": 1.1, ""atr_length"": 14, ""atr_reference_length"": 50, ""atr_reference_method"": ""mean"", ""atr_stop_multiplier"": 2.0, ""exit_length"": 10, ""exit_method"": ""risk"", ""fast_length"": 50, ""impulse_atr_multiplier"": 0.75, ""reward_risk"": 2.0, ""slope_lookback"": 5, ""trend_filter"": ""ema_slope"", ""trend_length"": 200}",wf_3_train,base,2024-04-01T00:00:00+00:00,2025-04-01T00:00:00+00:00,99,atr_volatility_breakout,1.0.0,42.42424242424242,7.644579508746618,7.644579508746618,1.390643893109943,0,764.4579508746589,0,99,,,,,,,,,,,,,,,,,1.1785947272964894,0.7964563104630835,7.721797483582413,6.013764042088803,248.5228660963308,120.1158094988627,-75.0948429487294,,6.644971332381002,,149.11384428723017,24.85230738120503,,,422.489017764766,,,,,,,,,not_modelled_synthetic,,,1.5995214156166642,4.267565836007737,116.1395763195386,-72.27815761082378,-107.82081910427102,-106.33748789363241,-51.34375496112192,171.50295171782633,201.86636310955384,206.24007646891664,982.882275387937,1770.9940927912974,26.978603104715685,128.5724446012193,231.66664572786567,558.2178744057422,206.24007646891664,,7.721797483582413,,1.1785947272964894,atr,eth_short_regime_challenge_v1_atr,20261007T203617Z-52e2dc923989,abc818bf12d54499a28c6ac61a9ae53d,42,57,0,764.4579508746589,-51.34375496112192,DESCRIPTIVE_SAMPLE,,human_review_required
cf431489718e192b,,ETHUSDT,1h,SHORT_ONLY,"{""atr_expansion_threshold"": 1.1, ""atr_length"": 14, ""atr_reference_length"": 50, ""atr_reference_method"": ""mean"", ""atr_stop_multiplier"": 2.0, ""exit_length"": 10, ""exit_method"": ""risk"", ""fast_length"": 50, ""impulse_atr_multiplier"": 0.75, ""reward_risk"": 2.0, ""slope_lookback"": 5, ""trend_filter"": ""ema_slope"", ""trend_length"": 200}",wf_3_train,adverse,2024-04-01T00:00:00+00:00,2025-04-01T00:00:00+00:00,98,atr_volatility_breakout,1.0.0,42.857142857142854,5.282048397911798,5.282048397911798,0.9917804516877362,0,528.2048397911772,0,98,,,,,,,,,,,,,,,,,1.1223772772390002,0.5797039549134019,5.3898453039916046,6.77681739851814,485.9570925127218,115.3429793357622,-77.07500521983634,,6.675533053195144,,291.57482432730853,48.59580405455143,,,826.1277208945818,,,,,,,,,not_modelled_synthetic,,,1.4965030363186669,8.429874703005936,111.54407301269731,-74.85105278661865,-106.03295725144518,-105.09182239103002,-53.661209070105755,166.43850013375314,192.93198934044432,197.5518264742634,940.401526928704,1701.935974378734,37.40060892898376,178.03727949567562,322.2113555513017,330.65301331691387,197.5518264742634,,5.389845303991604,,1.1223772772390004,atr,eth_short_regime_challenge_v1_atr,20261007T203617Z-52e2dc923989,92b66e2c959a4a3186a806e9ee9286b6,42,56,0,528.2048397911773,-53.661209070105755,DESCRIPTIVE_SAMPLE,,human_review_required
b189830689073f8b,,ETHUSDT,1h,SHORT_ONLY,"{""atr_expansion_threshold"": 1.1, ""atr_length"": 14, ""atr_reference_length"": 50, ""atr_reference_method"": ""mean"", ""atr_stop_multiplier"": 2.0, ""exit_length"": 10, ""exit_method"": ""risk"", ""fast_length"": 50, ""impulse_atr_multiplier"": 1.0, ""reward_risk"": 2.0, ""slope_lookback"": 5, ""trend_filter"": ""ema_slope"", ""trend_length"": 200}",wf_3_train,base,2024-04-01T00:00:00+00:00,2025-04-01T00:00:00+00:00,85,atr_volatility_breakout,1.0.0,41.1764705882353,6.701962535343964,6.701962535343964,1.4455183173883552,0,670.1962535343949,0,85,,,,,,,,,,,,,,,,,1.1826650708541682,0.7964491246269918,7.8846618062869975,7.80716691922186,213.02444612791416,123.97673996864602,-73.3797929073643,,5.551280599359909,,127.81477607223202,21.30246267870534,,,362.14168487885155,,,,,,,,,not_modelled_synthetic,,,1.6895215297916688,4.26049041033943,115.30987043690725,-70.09837742658988,-106.72364699218802,-105.03406991838416,-49.34351829686888,176.68581241532985,199.99861941101966,202.12940924035536,971.2231969158582,1611.261734703068,30.15973428296432,144.91623786225995,240.41640433019478,468.06684429403947,202.12940924035536,,7.884661806286999,,1.1826650708541684,atr,eth_short_regime_challenge_v1_atr,20261007T203617Z-52e2dc923989,542a359fa6ba4caaaf59f75067218bd4,35,50,0,670.1962535343948,-49.34351829686888,DESCRIPTIVE_SAMPLE,,human_review_required
b189830689073f8b,,ETHUSDT,1h,SHORT_ONLY,"{""atr_expansion_threshold"": 1.1, ""atr_length"": 14, ""atr_reference_length"": 50, ""atr_reference_method"": ""mean"", ""atr_stop_multiplier"": 2.0, ""exit_length"": 10, ""exit_method"": ""risk"", ""fast_length"": 50, ""impulse_atr_multiplier"": 1.0, ""reward_risk"": 2.0, ""slope_lookback"": 5, ""trend_filter"": ""ema_slope"", ""trend_length"": 200}",wf_3_train,adverse,2024-04-01T00:00:00+00:00,2025-04-01T00:00:00+00:00,84,atr_volatility_breakout,1.0.0,41.666666666666664,4.75366515390907,4.75366515390907,1.0517500839456961,0,475.3665153908963,0,84,,,,,,,,,,,,,,,,,1.128395588902,0.5925489145239506,5.659125183224955,8.861181194754087,416.70099154826846,119.36357530791996,-75.55833919155718,,5.598171810548915,,250.02109210764914,41.67018201794153,,,708.3922656738591,,,,,,,,,not_modelled_synthetic,,,1.5797538244628002,8.433241258022132,111.74331825748321,-73.47510073388649,-105.08381680266895,-104.30629025312372,-52.49908602783223,173.72130147598847,192.09876170527363,193.68791186173982,930.9252475706946,1551.4235591190215,40.744963221161946,195.83315556107064,326.3636602261054,281.67860352915636,193.68791186173982,,5.6591251832249565,,1.1283955889020003,atr,eth_short_regime_challenge_v1_atr,20261007T203617Z-52e2dc923989,ebd8cfe14fe9454a8a2f9a7d0e6adcf5,35,49,0,475.3665153908962,-52.49908602783223,DESCRIPTIVE_SAMPLE,,human_review_required
817d1c5f49c84d4e,,ETHUSDT,1h,SHORT_ONLY,"{""atr_expansion_threshold"": 1.1, ""atr_length"": 14, ""atr_reference_length"": 50, ""atr_reference_method"": ""mean"", ""atr_stop_multiplier"": 2.0, ""exit_length"": 10, ""exit_method"": ""risk"", ""fast_length"": 50, ""impulse_atr_multiplier"": 1.25, ""reward_risk"": 2.0, ""slope_lookback"": 5, ""trend_filter"": ""ema_slope"", ""trend_length"": 200}",wf_3_train,base,2024-04-01T00:00:00+00:00,2025-04-01T00:00:00+00:00,70,atr_volatility_breakout,1.0.0,41.42857142857143,6.335730648270799,6.335730648270799,1.4902896236038676,0,633.5730648270827,0,70,,,,,,,,,,,,,,,,,1.2088638296649854,0.8227782196438007,9.05104378324404,7.950719595419592,177.28387825600265,126.44825904496585,-73.98601091407139,,4.166389927796975,,106.37042512395769,17.72840418732628,,,301.3827075672866,,,,,,,,,not_modelled_synthetic,,,1.7090833453884275,4.305467250961238,115.30987043690725,-71.5339518967338,-107.79246043051768,-105.30979844673996,-51.83581179964315,186.95216044831295,201.6311609857327,207.6933257626067,798.1766781532123,1312.7972761074536,32.78127453528839,125.98021009164171,207.20534836274126,425.8797390644761,207.6933257626067,,9.051043783244038,,1.2088638296649854,atr,eth_short_regime_challenge_v1_atr,20261007T203617Z-52e2dc923989,53924d2a156349a395990320126fe535,29,41,0,633.5730648270828,-51.83581179964315,DESCRIPTIVE_SAMPLE,,human_review_required
817d1c5f49c84d4e,,ETHUSDT,1h,SHORT_ONLY,"{""atr_expansion_threshold"": 1.1, ""atr_length"": 14, ""atr_reference_length"": 50, ""atr_reference_method"": ""mean"", ""atr_stop_multiplier"": 2.0, ""exit_length"": 10, ""exit_method"": ""risk"", ""fast_length"": 50, ""impulse_atr_multiplier"": 1.25, ""reward_risk"": 2.0, ""slope_lookback"": 5, ""trend_filter"": ""ema_slope"", ""trend_length"": 200}",wf_3_train,adverse,2024-04-01T00:00:00+00:00,2025-04-01T00:00:00+00:00,70,atr_volatility_breakout,1.0.0,41.42857142857143,3.9578091867104037,3.9578091867104037,0.9679489045938731,0,395.7809186710439,0,70,,,,,,,,,,,,,,,,,1.1269124459176547,0.5491238795036495,5.654013123872056,8.800971141049613,349.31751707829363,121.18331138262552,-76.06183198597796,,4.187793469868384,,209.59092588787288,34.93182098131215,,,593.8402639474787,,,,,,,,,not_modelled_synthetic,,,1.5932210442284083,8.483432342106838,110.8944274959302,-74.78568347312935,-106.56180128226656,-103.74442850428468,-54.684454910168824,180.11499856732507,192.59364530020292,197.66240215906532,757.2220907116166,1257.8374854125602,49.94237792533748,191.32354668694555,317.8115533300939,198.11851651197856,197.66240215906532,,5.654013123872056,,1.1269124459176543,atr,eth_short_regime_challenge_v1_atr,20261007T203617Z-52e2dc923989,593c756930464d98b9b6fb4f2a667c7a,29,41,0,395.7809186710439,-54.684454910168824,DESCRIPTIVE_SAMPLE,,human_review_required
143528a8db38d8af,,ETHUSDT,1h,SHORT_ONLY,"{""atr_expansion_threshold"": 1.25, ""atr_length"": 14, ""atr_reference_length"": 50, ""atr_reference_method"": ""mean"", ""atr_stop_multiplier"": 2.0, ""exit_length"": 10, ""exit_method"": ""risk"", ""fast_length"": 50, ""impulse_atr_multiplier"": 0.75, ""reward_risk"": 2.0, ""slope_lookback"": 5, ""trend_filter"": ""ema_slope"", ""trend_length"": 200}",wf_3_train,base,2024-04-01T00:00:00+00:00,2025-04-01T00:00:00+00:00,73,atr_volatility_breakout,1.0.0,41.0958904109589,5.123288951298877,5.123288951298877,1.070833243404223,0,512.3288951298939,0,73,,,,,,,,,,,,,,,,,1.1555465981659454,0.6025751845272151,7.018204042875259,5.592005996807908,179.18332687351105,126.86871520388753,-76.59843165085424,,5.5320348065840825,,107.51008190287497,17.918346983812494,,,304.61175576019855,,,,,,,,,not_modelled_synthetic,,,1.6562834573711884,4.172763777536966,124.8711985749101,-74.80767173835191,-105.91453032666601,-104.30299434442998,-51.26822693897741,171.5294212958691,197.79831718445183,201.8535107894515,764.3263813874462,1424.1337910151224,39.39920482881887,149.18666283572816,277.972568901087,310.4753843404424,201.8535107894515,,7.018204042875259,,1.1555465981659454,atr,eth_short_regime_challenge_v1_atr,20261007T203617Z-52e2dc923989,6af176a72fcc45b293b76ef8a6b0cdf2,30,43,0,512.3288951298939,-51.26822693897741,DESCRIPTIVE_SAMPLE,,human_review_required
143528a8db38d8af,,ETHUSDT,1h,SHORT_ONLY,"{""atr_expansion_threshold"": 1.25, ""atr_length"": 14, ""atr_reference_length"": 50, ""atr_reference_method"": ""mean"", ""atr_stop_multiplier"": 2.0, ""exit_length"": 10, ""exit_method"": ""risk"", ""fast_length"": 50, ""impulse_atr_multiplier"": 0.75, ""reward_risk"": 2.0, ""slope_lookback"": 5, ""trend_filter"": ""ema_slope"", ""trend_length"": 200}",wf_3_train,adverse,2024-04-01T00:00:00+00:00,2025-04-01T00:00:00+00:00,73,atr_volatility_breakout,1.0.0,41.0958904109589,2.830662525173966,2.830662525173966,0.6181427414011508,0,283.0662525174016,0,73,,,,,,,,,,,,,,,,,1.0839789166337062,0.3589278670092607,3.8776198974986515,5.982877913028281,352.92583418960805,121.79162026175453,-78.38796175198219,,5.485558370130103,,211.7558713908182,35.292645231803036,,,599.9743508122293,,,,,,,,,not_modelled_synthetic,,,1.5537031138416455,8.218826723455196,120.49689297268526,-77.10249651321908,-103.68345727147211,-103.10067763031512,-53.87195160316455,167.16981434210982,188.7513395977435,193.12493721693775,733.8916447452148,1370.3707065566014,68.22605503107982,259.26497355953745,484.11659615706304,89.9413153004638,193.12493721693775,,3.877619897498652,,1.0839789166337062,atr,eth_short_regime_challenge_v1_atr,20261007T203617Z-52e2dc923989,e8deb2d0aa5b48caacc7e75a9631e122,30,43,0,283.06625251740155,-53.87195160316455,DESCRIPTIVE_SAMPLE,,human_review_required
49c4a234fbe24bab,,ETHUSDT,1h,SHORT_ONLY,"{""atr_expansion_threshold"": 1.25, ""atr_length"": 14, ""atr_reference_length"": 50, ""atr_reference_method"": ""mean"", ""atr_stop_multiplier"": 2.0, ""exit_length"": 10, ""exit_method"": ""risk"", ""fast_length"": 50, ""impulse_atr_multiplier"": 1.0, ""reward_risk"": 2.0, ""slope_lookback"": 5, ""trend_filter"": ""ema_slope"", ""trend_length"": 200}",wf_3_train,base,2024-04-01T00:00:00+00:00,2025-04-01T00:00:00+00:00,61,atr_volatility_breakout,1.0.0,36.0655737704918,-0.92284435130352,-0.92284435130352,-0.152012177811021,0,-92.2844351303533,0,61,,,,,,,,,,,,,,,,,0.9673347812802822,-0.08876845021090175,-1.512859592300873,7.741648576062915,145.62782731063427,124.22156901166277,-72.43997316376755,,4.403602116291499,,87.37671269108404,14.562785448514006,,,247.56732545023232,,,,,,,,,not_modelled_synthetic,,,1.7148207486332274,4.058480745085776,110.1627880279386,-71.01392130262845,-101.92850946746091,-100.1541779760876,-53.02834144421174,176.71018183505547,188.1802644025679,189.944405012711,736.9840116615562,1207.835854529856,,,,-282.22884014306425,189.944405012711,,-1.5128595923008739,,0.9673347812802822,atr,eth_short_regime_challenge_v1_atr,20261007T203617Z-52e2dc923989,67795a05cc6f4e188327e4a1b18ff84c,22,39,0,-92.28443513035324,-53.02834144421174,DESCRIPTIVE_SAMPLE,,human_review_required
49c4a234fbe24bab,,ETHUSDT,1h,SHORT_ONLY,"{""atr_expansion_threshold"": 1.25, ""atr_length"": 14, ""atr_reference_length"": 50, ""atr_reference_method"": ""mean"", ""atr_stop_multiplier"": 2.0, ""exit_length"": 10, ""exit_method"": ""risk"", ""fast_length"": 50, ""impulse_atr_multiplier"": 1.0, ""reward_risk"": 2.0, ""slope_lookback"": 5, ""trend_filter"": ""ema_slope"", ""trend_length"": 200}",wf_3_train,adverse,2024-04-01T00:00:00+00:00,2025-04-01T00:00:00+00:00,61,atr_volatility_breakout,1.0.0,36.0655737704918,-2.7887356347900405,-2.7887356347900405,-0.5778720688910796,0,-278.8735634789941,0,61,,,,,,,,,,,,,,,,,0.904014694057304,-0.35005046583721733,-4.571697761950723,8.89644334633333,287.4618872918317,119.38654979679086,-74.49686305149726,,4.363104367780236,,172.47722049603306,28.746203416005514,,,488.6853112038703,,,,,,,,,not_modelled_synthetic,,,1.6025715031015844,8.011234609899514,105.81244864506169,-73.58766277961115,-101.52790292069696,-99.90325778945173,-56.30507557428708,173.34327361924764,180.0891276857762,181.1218834078048,708.5070353286128,1164.1350492645486,,,,-459.99544688679896,181.1218834078048,,-4.571697761950722,,0.9040146940573042,atr,eth_short_regime_challenge_v1_atr,20261007T203617Z-52e2dc923989,a1f86c08006f4b97abbf7c0e81f7e95f,22,39,0,-278.87356347899413,-56.30507557428708,DESCRIPTIVE_SAMPLE,,human_review_required
cfd1f51b4fb4e68c,,ETHUSDT,1h,SHORT_ONLY,"{""atr_expansion_threshold"": 1.25, ""atr_length"": 14, ""atr_reference_length"": 50, ""atr_reference_method"": ""mean"", ""atr_stop_multiplier"": 2.0, ""exit_length"": 10, ""exit_method"": ""risk"", ""fast_length"": 50, ""impulse_atr_multiplier"": 1.25, ""reward_risk"": 2.0, ""slope_lookback"": 5, ""trend_filter"": ""ema_slope"", ""trend_length"": 200}",wf_3_train,base,2024-04-01T00:00:00+00:00,2025-04-01T00:00:00+00:00,46,atr_volatility_breakout,1.0.0,36.95652173913044,0.9143357998465662,0.9143357998465662,0.30894913154693826,0,91.43357998466087,0,46,,,,,,,,,,,,,,,,,1.043892012118688,0.17005809738405528,1.9876865214056698,6.063568961146179,109.77645302565784,127.91659398244934,-71.832707507482,,3.242376625539481,,65.86590101102104,10.977650168503509,,,186.6200042051824,,,,,,,,,not_modelled_synthetic,,,1.780756961849527,4.056956613156139,111.62026764128362,-69.72121225984814,-102.9711125791846,-101.15228446336847,-52.880141733029106,180.47960231147997,191.62764222914782,192.57331930604462,564.7812098003844,908.0243040006374,210.61553024430557,617.6956101851573,993.0971795624434,-101.13973932138381,192.57331930604462,,1.987686521405671,,1.043892012118688,atr,eth_short_regime_challenge_v1_atr,20261007T203617Z-52e2dc923989,e4d62c73cb0340c985343dc825f2d6eb,17,29,0,91.43357998466081,-52.880141733029106,DESCRIPTIVE_SAMPLE,,human_review_required
cfd1f51b4fb4e68c,,ETHUSDT,1h,SHORT_ONLY,"{""atr_expansion_threshold"": 1.25, ""atr_length"": 14, ""atr_reference_length"": 50, ""atr_reference_method"": ""mean"", ""atr_stop_multiplier"": 2.0, ""exit_length"": 10, ""exit_method"": ""risk"", ""fast_length"": 50, ""impulse_atr_multiplier"": 1.25, ""reward_risk"": 2.0, ""slope_lookback"": 5, ""trend_filter"": ""ema_slope"", ""trend_length"": 200}",wf_3_train,adverse,2024-04-01T00:00:00+00:00,2025-04-01T00:00:00+00:00,46,atr_volatility_breakout,1.0.0,36.95652173913044,-0.5516187344468348,-0.5516187344468348,-0.09097953457896654,0,-55.16187344468703,0,46,,,,,,,,,,,,,,,,,0.9743341129150417,-0.05190918251693906,-1.1991711618410235,6.911888111471039,217.1973027756234,123.1804297769953,-74.11135102253817,,3.203614514278829,,130.318513576326,21.719752262721002,,,369.2355686146704,,,,,,,,,not_modelled_synthetic,,,1.6620993690903654,8.026860187275444,106.9394968143639,-73.03613644593513,-102.70554987525986,-101.15888034272882,-55.86261122924282,173.66121448346956,183.78845746516382,184.00077423676078,541.2969281970718,877.6943766403375,,,,-239.16264768144785,184.00077423676078,,-1.1991711618410223,,0.9743341129150417,atr,eth_short_regime_challenge_v1_atr,20261007T203617Z-52e2dc923989,ce842268a14a4b8ca48d9cc203e9e8a1,17,29,0,-55.161873444687075,-55.86261122924282,DESCRIPTIVE_SAMPLE,,human_review_required
817d1c5f49c84d4e,,ETHUSDT,1h,SHORT_ONLY,"{""atr_expansion_threshold"": 1.1, ""atr_length"": 14, ""atr_reference_length"": 50, ""atr_reference_method"": ""mean"", ""atr_stop_multiplier"": 2.0, ""exit_length"": 10, ""exit_method"": ""risk"", ""fast_length"": 50, ""impulse_atr_multiplier"": 1.25, ""reward_risk"": 2.0, ""slope_lookback"": 5, ""trend_filter"": ""ema_slope"", ""trend_length"": 200}",wf_3_test,base,2025-04-01T00:00:00+00:00,2025-07-01T00:00:00+00:00,14,atr_volatility_breakout,1.0.0,42.857142857142854,2.559643985956628,10.669166577940569,2.907584746672689,0,255.964398595661,0,14,,,,,,,,,,,,,,,,,1.4457672728952902,1.555512632423913,18.283171328261503,4.616852527400325,34.12453307815962,138.3625391609743,-71.7763545462731,,2.2346903710036425,,20.474752814390815,3.4124588023984694,,,58.01174469494891,,,,,,,,,not_modelled_synthetic,,,1.9276896971937205,4.143696049639208,129.27385123566924,-83.93352479228659,-103.37738216476073,-98.50559485937832,-37.88862886699908,160.58292724772514,188.54133920272017,195.53094219146897,195.53094219146897,337.295707546409,76.38989768274106,76.38989768274106,131.77446136922524,60.43345640419207,195.53094219146897,,18.2831713282615,,1.4457672728952902,atr,eth_short_regime_challenge_v1_atr,20261007T203617Z-52e2dc923989,fe9af974b0e24ae58865c7c8c1de2690,6,8,0,255.96439859566104,-37.88862886699908,INSUFFICIENT_SAMPLE,INSUFFICIENT_SAMPLE,human_review_required
817d1c5f49c84d4e,,ETHUSDT,1h,SHORT_ONLY,"{""atr_expansion_threshold"": 1.1, ""atr_length"": 14, ""atr_reference_length"": 50, ""atr_reference_method"": ""mean"", ""atr_stop_multiplier"": 2.0, ""exit_length"": 10, ""exit_method"": ""risk"", ""fast_length"": 50, ""impulse_atr_multiplier"": 1.25, ""reward_risk"": 2.0, ""slope_lookback"": 5, ""trend_filter"": ""ema_slope"", ""trend_length"": 200}",wf_3_test,adverse,2025-04-01T00:00:00+00:00,2025-07-01T00:00:00+00:00,14,atr_volatility_breakout,1.0.0,42.857142857142854,2.0583034925764077,8.51520965197572,2.2689033629270625,0,205.83034925763735,0,14,,,,,,,,,,,,,,,,,1.3446944871945907,1.2729073532077144,14.702167804116952,4.897239897260579,67.86593477817316,133.8281416473752,-74.64231257832672,,2.2194987500894645,,40.71969577199412,6.78661596199902,,,115.3722465121663,,,,,,,,,not_modelled_synthetic,,,1.792925982926121,8.240874750869022,125.62860607137546,-87.3186561344765,-103.64012694031109,-100.45517117920812,-41.23336203285415,155.21943692689803,180.06685247595286,186.2787063632166,186.2787063632166,324.7739212859431,90.50108841337679,90.50108841337679,157.7871885546987,19.551642894420723,186.2787063632166,,14.702167804116954,,1.3446944871945905,atr,eth_short_regime_challenge_v1_atr,20261007T203617Z-52e2dc923989,0778625bfecc4e9c8f32a4783048e827,6,8,0,205.83034925763732,-41.23336203285415,INSUFFICIENT_SAMPLE,INSUFFICIENT_SAMPLE,human_review_required
ff43266d9f6c730a,,ETHUSDT,1h,SHORT_ONLY,"{""atr_expansion_threshold"": 1.1, ""atr_length"": 14, ""atr_reference_length"": 50, ""atr_stop_multiplier"": 2.0, ""breakout_length"": 30, ""exit_length"": 10, ""exit_method"": ""risk"", ""reward_risk"": 2.0, ""slope_lookback"": 5, ""trend_length"": 200}",train,base,2023-06-04T00:00:00+00:00,2024-07-01T00:00:00+00:00,61,donchian_atr_breakout,1.0.0,27.868852459016395,-8.18138091330911,-7.621305062410666,-2.7801955448520084,0,-818.1380913309061,0,61,,,,,,,,,,,,,,,,,0.6168569569616714,-1.9792444564640856,-13.412099857883707,9.544756663307579,143.9893878185132,77.48207000318779,-48.530301849661335,,2.9403536028625386,,86.39357248870667,14.398928748117779,,,244.78188905533764,,,,,,,,,not_modelled_synthetic,,,1.5965709474302086,4.012817853366191,71.17446593315327,-45.72512359930667,-95.08888537258433,-76.28821457780398,-34.67459753417308,104.33900364444213,152.02802201492128,161.73822831051496,518.8217334621395,776.1887207819289,,,,-979.8763196414211,161.73822831051496,,-13.412099857883707,,0.6168569569616713,donchian_atr,eth_short_regime_challenge_v1_donchian_atr,20261007T203647Z-194d4424b93c,b8723678ab154b20b0a084d4473e110a,17,44,0,-818.1380913309061,-34.67459753417308,DESCRIPTIVE_SAMPLE,,human_review_required
ff43266d9f6c730a,,ETHUSDT,1h,SHORT_ONLY,"{""atr_expansion_threshold"": 1.1, ""atr_length"": 14, ""atr_reference_length"": 50, ""atr_stop_multiplier"": 2.0, ""breakout_length"": 30, ""exit_length"": 10, ""exit_method"": ""risk"", ""reward_risk"": 2.0, ""slope_lookback"": 5, ""trend_length"": 200}",train,adverse,2023-06-04T00:00:00+00:00,2024-07-01T00:00:00+00:00,59,donchian_atr_breakout,1.0.0,27.11864406779661,-9.702188534255562,-9.043219165744432,-3.312187762292852,0,-970.2188534255531,0,59,,,,,,,,,,,,,,,,,0.5516620587058368,-2.5006805690177214,-16.444387346195814,11.425786687813646,275.29823198361095,74.61348917556542,-50.32638791243255,,2.9284884524373545,,165.1787282610824,27.529788043513737,,,468.0067482882071,,,,,,,,,not_modelled_synthetic,,,1.4825917827719366,7.9323177675967305,62.89565678095113,-48.19346005290096,-93.8710243565476,-75.31374244097334,-38.067778112051144,102.50020496433129,146.31662770217315,155.37829665394773,403.0310045529627,688.8230244874757,,,,-1125.5971500795008,155.37829665394773,,-16.444387346195814,,0.5516620587058368,donchian_atr,eth_short_regime_challenge_v1_donchian_atr,20261007T203647Z-194d4424b93c,6ebeceed1be44ea48dcc281a80fddd38,16,43,0,-970.2188534255531,-38.067778112051144,DESCRIPTIVE_SAMPLE,,human_review_required
e0dd4c731d1d27f0,,ETHUSDT,1h,SHORT_ONLY,"{""atr_expansion_threshold"": 1.1, ""atr_length"": 14, ""atr_reference_length"": 50, ""atr_stop_multiplier"": 2.0, ""breakout_length"": 40, ""exit_length"": 10, ""exit_method"": ""risk"", ""reward_risk"": 2.0, ""slope_lookback"": 5, ""trend_length"": 200}",train,base,2023-06-04T00:00:00+00:00,2024-07-01T00:00:00+00:00,58,donchian_atr_breakout,1.0.0,29.310344827586206,-7.22426423471858,-6.727288506852402,-2.4593264909324404,0,-722.4264234718647,0,58,,,,,,,,,,,,,,,,,0.6478411689414839,-1.7415651045544822,-12.45562799089422,8.678922979613949,137.77575629232726,78.17621872652391,-50.03468638592125,,2.7725966242065225,,82.6654025135881,13.777567085598017,,,234.21872589151337,,,,,,,,,not_modelled_synthetic,,,1.5624404662706375,4.038253894681265,71.72322576512303,-48.02661389961565,-96.09691015842647,-79.65977357275,-35.69272562377231,105.85861889418983,154.10337408290562,163.42425094209486,418.80330456574904,706.1013574595087,,,,-885.8506744139596,163.42425094209486,,-12.45562799089422,,0.6478411689414839,donchian_atr,eth_short_regime_challenge_v1_donchian_atr,20261007T203647Z-194d4424b93c,a3bf8e8b459c457294c431e6b4c51375,17,41,0,-722.4264234718647,-35.69272562377231,DESCRIPTIVE_SAMPLE,,human_review_required
e0dd4c731d1d27f0,,ETHUSDT,1h,SHORT_ONLY,"{""atr_expansion_threshold"": 1.1, ""atr_length"": 14, ""atr_reference_length"": 50, ""atr_stop_multiplier"": 2.0, ""breakout_length"": 40, ""exit_length"": 10, ""exit_method"": ""risk"", ""reward_risk"": 2.0, ""slope_lookback"": 5, ""trend_length"": 200}",train,adverse,2023-06-04T00:00:00+00:00,2024-07-01T00:00:00+00:00,56,donchian_atr_breakout,1.0.0,28.571428571428573,-8.667656290178893,-8.075775608156977,-2.966443156564009,0,-866.7656290178877,0,56,,,,,,,,,,,,,,,,,0.5817659918027002,-2.226898562105652,-15.47795766103371,10.445464241529006,263.0623053563573,75.35475893022705,-51.81104429753801,,2.758024762218874,,157.83720699864986,26.306201166441646,,,447.2057135214488,,,,,,,,,not_modelled_synthetic,,,1.4544149795067502,7.985816312883014,63.320616237710595,-50.438762387035524,-94.98426685810088,-78.69738413415703,-38.96111270444278,104.48081444084154,148.4671222037352,157.15843321043744,407.2337382892134,696.3001766717224,,,,-1023.9240622283252,157.15843321043744,,-15.47795766103371,,0.5817659918026998,donchian_atr,eth_short_regime_challenge_v1_donchian_atr,20261007T203647Z-194d4424b93c,ff049b6d0b4a42d191e26cc3afc9e1fc,16,40,0,-866.7656290178877,-38.96111270444278,DESCRIPTIVE_SAMPLE,,human_review_required
827790540ac7604f,,ETHUSDT,1h,SHORT_ONLY,"{""atr_expansion_threshold"": 1.1, ""atr_length"": 14, ""atr_reference_length"": 50, ""atr_stop_multiplier"": 2.0, ""breakout_length"": 50, ""exit_length"": 10, ""exit_method"": ""risk"", ""reward_risk"": 2.0, ""slope_lookback"": 5, ""trend_length"": 200}",train,base,2023-06-04T00:00:00+00:00,2024-07-01T00:00:00+00:00,56,donchian_atr_breakout,1.0.0,28.571428571428573,-7.2232330743122635,-6.726325683608958,-2.48460674884186,0,-722.3233074312307,0,56,,,,,,,,,,,,,,,,,0.6351177296885511,-1.7534820333951517,-12.898630489843402,8.67790844764158,133.07648967643013,78.58019840297885,-49.4901620469723,,2.5529191336589574,,79.84584171605782,13.307640286009637,,,226.22997167849758,,,,,,,,,not_modelled_synthetic,,,1.5877943242213777,4.039820922830314,68.9606419216069,-46.280150079111436,-96.1793681225977,-81.37822928429715,-35.818699219624804,106.14792913178547,154.43206665062175,163.42606484487226,418.80790519468553,706.1091625722139,,,,-885.7493722761028,163.42606484487226,,-12.898630489843404,,0.635117729688551,donchian_atr,eth_short_regime_challenge_v1_donchian_atr,20261007T203647Z-194d4424b93c,6def503865814554987af189861dcdd2,16,40,0,-722.3233074312305,-35.818699219624804,DESCRIPTIVE_SAMPLE,,human_review_required
827790540ac7604f,,ETHUSDT,1h,SHORT_ONLY,"{""atr_expansion_threshold"": 1.1, ""atr_length"": 14, ""atr_reference_length"": 50, ""atr_stop_multiplier"": 2.0, ""breakout_length"": 50, ""exit_length"": 10, ""exit_method"": ""risk"", ""reward_risk"": 2.0, ""slope_lookback"": 5, ""trend_length"": 200}",train,adverse,2023-06-04T00:00:00+00:00,2024-07-01T00:00:00+00:00,54,donchian_atr_breakout,1.0.0,27.77777777777778,-8.605071935096753,-8.017274934344998,-2.9685496928156345,0,-860.507193509671,0,54,,,,,,,,,,,,,,,,,0.5694866340289972,-2.2223364506505505,-15.93531839832724,10.384096857549887,253.83329253664735,75.88573455542357,-51.251107995923704,,2.538333511200617,,152.29979534584973,25.38329922430829,,,431.5163871068054,,,,,,,,,not_modelled_synthetic,,,1.4806652484753928,7.991044205681582,58.655709307543226,-48.50920435754205,-95.12629546839591,-80.90069216016265,-38.96111270444278,105.11787573237332,148.88505729629384,157.26617187410395,407.51266778857973,696.7771087849767,,,,-1017.773365383775,157.26617187410395,,-15.93531839832724,,0.5694866340289972,donchian_atr,eth_short_regime_challenge_v1_donchian_atr,20261007T203647Z-194d4424b93c,d12d689d659b4cf2843638024096038e,15,39,0,-860.507193509671,-38.96111270444278,DESCRIPTIVE_SAMPLE,,human_review_required
6719be4e317770b6,,ETHUSDT,1h,SHORT_ONLY,"{""atr_expansion_threshold"": 1.25, ""atr_length"": 14, ""atr_reference_length"": 50, ""atr_stop_multiplier"": 2.0, ""breakout_length"": 30, ""exit_length"": 10, ""exit_method"": ""risk"", ""reward_risk"": 2.0, ""slope_lookback"": 5, ""trend_length"": 200}",train,base,2023-06-04T00:00:00+00:00,2024-07-01T00:00:00+00:00,46,donchian_atr_breakout,1.0.0,28.26086956521739,-7.098193110290119,-6.609578029287622,-2.622632336439281,0,-709.8193110290215,0,46,,,,,,,,,,,,,,,,,0.5760228904332436,-2.0004775717429775,-15.430854587587426,8.934515288614314,109.68536406215198,74.18255554156963,-50.7331070627099,,2.5518273368201925,,65.81116348509427,10.968527247515713,,,186.46505479476195,,,,,,,,,not_modelled_synthetic,,,1.4622119526382336,4.053588147712216,72.00261028479035,-49.799937874232405,-96.36449712768062,-88.02813085655492,-37.64775124196507,92.08820472603189,140.12825493833824,161.9890003694885,368.1769451511608,536.4606478967769,,,,-871.8083113985101,161.9890003694885,,-15.430854587587424,,0.5760228904332437,donchian_atr,eth_short_regime_challenge_v1_donchian_atr,20261007T203647Z-194d4424b93c,88919b3ba6d9468ca662e541ef7e19dd,13,33,0,-709.8193110290216,-37.64775124196507,DESCRIPTIVE_SAMPLE,,human_review_required
6719be4e317770b6,,ETHUSDT,1h,SHORT_ONLY,"{""atr_expansion_threshold"": 1.25, ""atr_length"": 14, ""atr_reference_length"": 50, ""atr_stop_multiplier"": 2.0, ""breakout_length"": 30, ""exit_length"": 10, ""exit_method"": ""risk"", ""reward_risk"": 2.0, ""slope_lookback"": 5, ""trend_length"": 200}",train,adverse,2023-06-04T00:00:00+00:00,2024-07-01T00:00:00+00:00,45,donchian_atr_breakout,1.0.0,26.666666666666668,-8.954140423196533,-8.343602905905268,-3.2254000105769025,0,-895.4140423196582,0,45,,,,,,,,,,,,,,,,,0.48964929542031843,-2.6660099550385783,-19.89808982932574,10.47384671280122,212.34037818250576,71.59110571692926,-53.1668882097821,,2.5172227209695204,,127.40400244652572,21.234000407754287,,,360.9783810367858,,,,,,,,,not_modelled_synthetic,,,1.3465355624058757,8.021741800817463,63.499191134758874,-52.60475039567646,-95.45901789327102,-88.33401149757995,-41.75799978714812,103.81090867175847,135.8355926636228,156.25000038724946,374.52652177412574,531.4415149249295,,,,-1051.6640427069078,156.25000038724946,,-19.898089829325738,,0.48964929542031843,donchian_atr,eth_short_regime_challenge_v1_donchian_atr,20261007T203647Z-194d4424b93c,f12833c236a64fc8987cecca6468164d,12,33,0,-895.4140423196584,-41.75799978714812,DESCRIPTIVE_SAMPLE,,human_review_required
4c4aa07c4c65af74,,ETHUSDT,1h,SHORT_ONLY,"{""atr_expansion_threshold"": 1.25, ""atr_length"": 14, ""atr_reference_length"": 50, ""atr_stop_multiplier"": 2.0, ""breakout_length"": 40, ""exit_length"": 10, ""exit_method"": ""risk"", ""reward_risk"": 2.0, ""slope_lookback"": 5, ""trend_length"": 200}",train,base,2023-06-04T00:00:00+00:00,2024-07-01T00:00:00+00:00,45,donchian_atr_breakout,1.0.0,28.88888888888889,-6.802999514086039,-6.334005249733532,-2.517983172254171,0,-680.2999514086013,0,45,,,,,,,,,,,,,,,,,0.5870815020361595,-1.9168137679172748,-15.117776697968917,8.64515541533224,107.50495276932352,74.40311964663991,-51.48564083796626,,2.49055667587883,,64.50291941972688,10.75048656995448,,,182.7583587590049,,,,,,,,,not_modelled_synthetic,,,1.4451236973197772,4.06129686131122,72.23141136052655,-50.182763568416064,-96.71486412460388,-89.39187201647489,-38.84969043189473,92.51930017516507,141.0608508304506,162.50369528257164,369.3468602554078,538.1652056019046,,,,-842.8036466911728,162.50369528257164,,-15.117776697968917,,0.5870815020361595,donchian_atr,eth_short_regime_challenge_v1_donchian_atr,20261007T203647Z-194d4424b93c,a829314d04e64ce8bf44aa4b3a74b597,13,32,0,-680.2999514086013,-38.84969043189473,DESCRIPTIVE_SAMPLE,,human_review_required
4c4aa07c4c65af74,,ETHUSDT,1h,SHORT_ONLY,"{""atr_expansion_threshold"": 1.25, ""atr_length"": 14, ""atr_reference_length"": 50, ""atr_stop_multiplier"": 2.0, ""breakout_length"": 40, ""exit_length"": 10, ""exit_method"": ""risk"", ""reward_risk"": 2.0, ""slope_lookback"": 5, ""trend_length"": 200}",train,adverse,2023-06-04T00:00:00+00:00,2024-07-01T00:00:00+00:00,44,donchian_atr_breakout,1.0.0,27.272727272727273,-8.633762814136347,-8.044093355226757,-3.1167480577518543,0,-863.3762814136328,0,44,,,,,,,,,,,,,,,,,0.49957498221689345,-2.5710000169507587,-19.6221882139462,10.15881611522214,208.02958232539518,71.82581057871987,-53.91518776119597,,2.455948046268407,,124.81753531021579,20.802922551702633,,,353.6500401873136,,,,,,,,,not_modelled_synthetic,,,1.3321999525783823,8.037500913348037,63.619440777507606,-53.269213592605695,-95.85016557691229,-89.5094108812635,-42.587161700768746,105.33320763157201,136.7791436219543,156.79982373282022,375.8443099117854,533.3113355372288,,,,-1020.176105146453,156.79982373282022,,-19.6221882139462,,0.4995749822168935,donchian_atr,eth_short_regime_challenge_v1_donchian_atr,20261007T203647Z-194d4424b93c,2a6d5ea759914484b47565b472844415,12,32,0,-863.3762814136328,-42.587161700768746,DESCRIPTIVE_SAMPLE,,human_review_required
db2f1a56c8656a10,,ETHUSDT,1h,SHORT_ONLY,"{""atr_expansion_threshold"": 1.25, ""atr_length"": 14, ""atr_reference_length"": 50, ""atr_stop_multiplier"": 2.0, ""breakout_length"": 50, ""exit_length"": 10, ""exit_method"": ""risk"", ""reward_risk"": 2.0, ""slope_lookback"": 5, ""trend_length"": 200}",train,base,2023-06-04T00:00:00+00:00,2024-07-01T00:00:00+00:00,43,donchian_atr_breakout,1.0.0,27.906976744186046,-6.801966375259494,-6.333040890505748,-2.5486502181788118,0,-680.1966375259431,0,43,,,,,,,,,,,,,,,,,0.5681875662208974,-1.9347875630864837,-15.8185264540917,8.644143353877082,102.77219972136369,74.58471197883001,-50.813328428125914,,2.2708799030841926,,61.66326675700242,10.27721112616707,,,174.71267760453316,,,,,,,,,not_modelled_synthetic,,,1.467817879403985,4.063085525686818,69.13307251785929,-48.36743311828831,-96.80360180014104,-91.61300494609016,-38.84969043189473,92.79732232760269,142.03707968023193,162.50550918534907,369.3509468141765,538.1711554021957,,,,-842.7021467112921,162.50550918534907,,-15.8185264540917,,0.5681875662208975,donchian_atr,eth_short_regime_challenge_v1_donchian_atr,20261007T203647Z-194d4424b93c,e000f7d1c3e341fa96ca8272a60bcf2f,12,31,0,-680.1966375259431,-38.84969043189473,DESCRIPTIVE_SAMPLE,,human_review_required
db2f1a56c8656a10,,ETHUSDT,1h,SHORT_ONLY,"{""atr_expansion_threshold"": 1.25, ""atr_length"": 14, ""atr_reference_length"": 50, ""atr_stop_multiplier"": 2.0, ""breakout_length"": 50, ""exit_length"": 10, ""exit_method"": ""risk"", ""reward_risk"": 2.0, ""slope_lookback"": 5, ""trend_length"": 200}",train,adverse,2023-06-04T00:00:00+00:00,2024-07-01T00:00:00+00:00,42,donchian_atr_breakout,1.0.0,26.19047619047619,-8.571149346587504,-7.98556701584896,-3.121731472324789,0,-857.1149346587474,0,42,,,,,,,,,,,,,,,,,0.48080040573809535,-2.570508089276101,-20.407498444255893,10.097249550704241,198.6972097563374,72.15673245415923,-53.25287069853222,,2.2362575809113405,,119.21810773523079,19.869684622538465,,,337.78500211410665,,,,,,,,,not_modelled_synthetic,,,1.3549829616255413,8.042500050335873,58.655709307543226,-51.21068457074379,-95.98667983227895,-91.32706217012415,-42.60198583237133,107.72114358212092,137.80476349206933,156.90733979594194,376.1020229232968,533.6770517449899,,,,-1014.0222744546895,156.90733979594194,,-20.40749844425589,,0.48080040573809546,donchian_atr,eth_short_regime_challenge_v1_donchian_atr,20261007T203647Z-194d4424b93c,3d9f21bb838441a0a26d75dc77778fc9,11,31,0,-857.1149346587475,-42.60198583237133,DESCRIPTIVE_SAMPLE,,human_review_required
ff43266d9f6c730a,,ETHUSDT,1h,SHORT_ONLY,"{""atr_expansion_threshold"": 1.1, ""atr_length"": 14, ""atr_reference_length"": 50, ""atr_stop_multiplier"": 2.0, ""breakout_length"": 30, ""exit_length"": 10, ""exit_method"": ""risk"", ""reward_risk"": 2.0, ""slope_lookback"": 5, ""trend_length"": 200}",validation,base,2024-07-01T00:00:00+00:00,2025-01-01T00:00:00+00:00,34,donchian_atr_breakout,1.0.0,41.1764705882353,2.1159040341452107,4.240986155430448,1.0450121987969785,0,211.590403414525,0,34,,,,,,,,,,,,,,,,,1.1548642622001584,0.6045990261073377,6.223247159250735,5.333087622203574,84.7463234407945,112.70616310620743,-68.31479400361894,,2.827267784401497,,50.84783140869236,8.474638568115394,,,144.06879341760225,,,,,,,,,not_modelled_synthetic,,,1.6498060888573691,4.23731745345889,115.42903259657938,-63.720944914906056,-105.15317093681575,-102.00814480204832,-49.131506408086466,137.6506624225657,180.96531209082343,199.47984323088593,342.8550466434004,610.0033274539287,94.27641330220759,162.03714398696806,288.29442054556523,12.110560183639052,199.47984323088593,,6.223247159250736,,1.1548642622001584,donchian_atr,eth_short_regime_challenge_v1_donchian_atr,20261007T203647Z-194d4424b93c,95e401341ff947939d9fa3ac4554378a,14,20,0,211.59040341452499,-49.131506408086466,DESCRIPTIVE_SAMPLE,,human_review_required
ff43266d9f6c730a,,ETHUSDT,1h,SHORT_ONLY,"{""atr_expansion_threshold"": 1.1, ""atr_length"": 14, ""atr_reference_length"": 50, ""atr_stop_multiplier"": 2.0, ""breakout_length"": 30, ""exit_length"": 10, ""exit_method"": ""risk"", ""reward_risk"": 2.0, ""slope_lookback"": 5, ""trend_length"": 200}",validation,adverse,2024-07-01T00:00:00+00:00,2025-01-01T00:00:00+00:00,34,donchian_atr_breakout,1.0.0,41.1764705882353,1.0073122897933828,2.008100443251837,0.5201813388858845,0,100.73122897934036,0,34,,,,,,,,,,,,,,,,,1.0710226528270617,0.3120328194325747,2.9626832052747147,5.919966294790722,168.09598869887083,108.50202997574561,-70.91485953405491,,2.78445281541999,,100.85775554705414,16.809625924509024,,,285.763370170434,,,,,,,,,not_modelled_synthetic,,,1.5300323611815168,8.404805005012763,111.92679829468688,-66.89569876215997,-104.52884751008119,-101.61755923242312,-52.33660159533393,133.67340248636205,174.0915816109037,191.05507592999905,330.70562362031495,589.2156719714367,189.6681673259282,328.304962593221,584.9384326406691,-90.32384695065875,191.05507592999905,,2.9626832052747165,,1.0710226528270614,donchian_atr,eth_short_regime_challenge_v1_donchian_atr,20261007T203647Z-194d4424b93c,81765cc7b3cd40c9b383fd691ff66219,14,20,0,100.7312289793403,-52.33660159533393,DESCRIPTIVE_SAMPLE,,human_review_required
e0dd4c731d1d27f0,,ETHUSDT,1h,SHORT_ONLY,"{""atr_expansion_threshold"": 1.1, ""atr_length"": 14, ""atr_reference_length"": 50, ""atr_stop_multiplier"": 2.0, ""breakout_length"": 40, ""exit_length"": 10, ""exit_method"": ""risk"", ""reward_risk"": 2.0, ""slope_lookback"": 5, ""trend_length"": 200}",validation,base,2024-07-01T00:00:00+00:00,2025-01-01T00:00:00+00:00,34,donchian_atr_breakout,1.0.0,41.1764705882353,2.1159040341452107,4.240986155430448,1.0450121987969785,0,211.590403414525,0,34,,,,,,,,,,,,,,,,,1.1548642622001584,0.6045990261073377,6.223247159250735,5.333087622203574,84.7463234407945,112.70616310620743,-68.31479400361894,,2.827267784401497,,50.84783140869236,8.474638568115394,,,144.06879341760225,,,,,,,,,not_modelled_synthetic,,,1.6498060888573691,4.23731745345889,115.42903259657938,-63.720944914906056,-105.15317093681575,-102.00814480204832,-49.131506408086466,137.6506624225657,180.96531209082343,199.47984323088593,342.8550466434004,610.0033274539287,94.27641330220759,162.03714398696806,288.29442054556523,12.110560183639052,199.47984323088593,,6.223247159250736,,1.1548642622001584,donchian_atr,eth_short_regime_challenge_v1_donchian_atr,20261007T203647Z-194d4424b93c,c122df20c69a4f22ac5a2010df9ee60a,14,20,0,211.59040341452499,-49.131506408086466,DESCRIPTIVE_SAMPLE,,human_review_required
e0dd4c731d1d27f0,,ETHUSDT,1h,SHORT_ONLY,"{""atr_expansion_threshold"": 1.1, ""atr_length"": 14, ""atr_reference_length"": 50, ""atr_stop_multiplier"": 2.0, ""breakout_length"": 40, ""exit_length"": 10, ""exit_method"": ""risk"", ""reward_risk"": 2.0, ""slope_lookback"": 5, ""trend_length"": 200}",validation,adverse,2024-07-01T00:00:00+00:00,2025-01-01T00:00:00+00:00,34,donchian_atr_breakout,1.0.0,41.1764705882353,1.0073122897933828,2.008100443251837,0.5201813388858845,0,100.73122897934036,0,34,,,,,,,,,,,,,,,,,1.0710226528270617,0.3120328194325747,2.9626832052747147,5.919966294790722,168.09598869887083,108.50202997574561,-70.91485953405491,,2.78445281541999,,100.85775554705414,16.809625924509024,,,285.763370170434,,,,,,,,,not_modelled_synthetic,,,1.5300323611815168,8.404805005012763,111.92679829468688,-66.89569876215997,-104.52884751008119,-101.61755923242312,-52.33660159533393,133.67340248636205,174.0915816109037,191.05507592999905,330.70562362031495,589.2156719714367,189.6681673259282,328.304962593221,584.9384326406691,-90.32384695065875,191.05507592999905,,2.9626832052747165,,1.0710226528270614,donchian_atr,eth_short_regime_challenge_v1_donchian_atr,20261007T203647Z-194d4424b93c,4d746512f47a43a7b714d58cdb0ebdb3,14,20,0,100.7312289793403,-52.33660159533393,DESCRIPTIVE_SAMPLE,,human_review_required
827790540ac7604f,,ETHUSDT,1h,SHORT_ONLY,"{""atr_expansion_threshold"": 1.1, ""atr_length"": 14, ""atr_reference_length"": 50, ""atr_stop_multiplier"": 2.0, ""breakout_length"": 50, ""exit_length"": 10, ""exit_method"": ""risk"", ""reward_risk"": 2.0, ""slope_lookback"": 5, ""trend_length"": 200}",validation,base,2024-07-01T00:00:00+00:00,2025-01-01T00:00:00+00:00,33,donchian_atr_breakout,1.0.0,42.42424242424242,2.6960981807225615,5.419149301824344,1.3339288914452692,0,269.60981807225943,0,33,,,,,,,,,,,,,,,,,1.205592138278561,0.7627430470761766,8.169994487038165,4.795217504205716,82.34119798686432,112.92798304178143,-69.02010234277266,,2.821536827516378,,49.40476179905859,8.234126966509765,,,139.98008675243267,,,,,,,,,not_modelled_synthetic,,,1.6361607590923328,4.241820810679778,115.42903259657938,-65.58256318138008,-105.36384956870567,-102.71626334993658,-49.073061855630804,138.09101172948482,181.52635848900704,199.47984323088593,342.8550466434004,610.7566119136119,73.98834532703196,127.16712213778142,226.53352028519973,70.1299748413735,199.47984323088593,,8.169994487038165,,1.2055921382785613,donchian_atr,eth_short_regime_challenge_v1_donchian_atr,20261007T203647Z-194d4424b93c,88add49ff8394e3e8ba1ca1eafc80c6f,14,19,0,269.60981807225943,-49.073061855630804,DESCRIPTIVE_SAMPLE,,human_review_required
827790540ac7604f,,ETHUSDT,1h,SHORT_ONLY,"{""atr_expansion_threshold"": 1.1, ""atr_length"": 14, ""atr_reference_length"": 50, ""atr_stop_multiplier"": 2.0, ""breakout_length"": 50, ""exit_length"": 10, ""exit_method"": ""risk"", ""reward_risk"": 2.0, ""slope_lookback"": 5, ""trend_length"": 200}",validation,adverse,2024-07-01T00:00:00+00:00,2025-01-01T00:00:00+00:00,33,donchian_atr_breakout,1.0.0,42.42424242424242,1.616038120550778,3.2312061265401093,0.8112319227290897,0,161.60381205508577,0,33,,,,,,,,,,,,,,,,,1.1187749802816582,0.48065044814942004,4.897085213790476,5.352987162363256,163.3399225926423,108.72798608441391,-71.60989437508994,,2.7787211164988923,,98.00413805398158,16.33402300899693,,,277.6780836556208,,,,,,,,,not_modelled_synthetic,,,1.5183374732393935,8.41448738350366,111.92679829468688,-68.7713147174066,-104.75578579778477,-102.3043326761996,-52.40048264531353,134.1331828866662,174.60562689330044,191.05507592999905,330.70562362031495,589.9873383898145,118.22436209912814,204.63974173306485,365.0825626493923,-29.451263874913337,191.05507592999905,,4.8970852137904775,,1.1187749802816582,donchian_atr,eth_short_regime_challenge_v1_donchian_atr,20261007T203647Z-194d4424b93c,3fc7dd5681b44cc1b70af38fb8fa57f6,14,19,0,161.6038120550857,-52.40048264531353,DESCRIPTIVE_SAMPLE,,human_review_required
6719be4e317770b6,,ETHUSDT,1h,SHORT_ONLY,"{""atr_expansion_threshold"": 1.25, ""atr_length"": 14, ""atr_reference_length"": 50, ""atr_stop_multiplier"": 2.0, ""breakout_length"": 30, ""exit_length"": 10, ""exit_method"": ""risk"", ""reward_risk"": 2.0, ""slope_lookback"": 5, ""trend_length"": 200}",validation,base,2024-07-01T00:00:00+00:00,2025-01-01T00:00:00+00:00,26,donchian_atr_breakout,1.0.0,38.46153846153846,0.8445079687169788,1.6822049297447128,0.47252816514149276,0,84.45079687169482,0,26,,,,,,,,,,,,,,,,,1.0741936130204321,0.28869840907793376,3.248107571988264,4.03925400367514,63.561889835107515,122.26996761712954,-71.14055495622503,,2.531631172951404,,38.13715411419798,6.356192352366332,,,108.05523630167183,,,,,,,,,not_modelled_synthetic,,,1.7187097808326912,4.1559706269873775,122.11367883192435,-69.60466584761873,-103.65293865547004,-102.02131782355745,-49.61981466837587,155.04499021248876,186.62355234721423,196.07698128998715,354.3402468088827,499.73041110215115,232.17895929139033,419.5818866543412,591.7414987349212,-111.62618441829228,196.07698128998715,,3.248107571988262,,1.074193613020432,donchian_atr,eth_short_regime_challenge_v1_donchian_atr,20261007T203647Z-194d4424b93c,bb884692d73849d99ead7a0bd625d129,10,16,0,84.45079687169486,-49.61981466837587,DESCRIPTIVE_SAMPLE,,human_review_required
6719be4e317770b6,,ETHUSDT,1h,SHORT_ONLY,"{""atr_expansion_threshold"": 1.25, ""atr_length"": 14, ""atr_reference_length"": 50, ""atr_stop_multiplier"": 2.0, ""breakout_length"": 30, ""exit_length"": 10, ""exit_method"": ""risk"", ""reward_risk"": 2.0, ""slope_lookback"": 5, ""trend_length"": 200}",validation,adverse,2024-07-01T00:00:00+00:00,2025-01-01T00:00:00+00:00,26,donchian_atr_breakout,1.0.0,38.46153846153846,0.017681670750779865,0.035078103757690826,0.059196703553003466,0,1.7681670750833334,0,26,,,,,,,,,,,,,,,,,1.001499778094394,0.03730540762833812,0.06800642596474223,4.4718126449555164,126.15073087432769,118.07206279042046,-73.68452880182008,,2.488797283635614,,75.69052933889313,12.615088223148856,,,214.4563484363697,,,,,,,,,not_modelled_synthetic,,,1.6023996449510303,8.248321093706526,118.40949112747272,-72.91257942555472,-103.21191276851397,-101.47400779750546,-52.783167849454195,151.26138729554953,179.6081584035861,187.91921060779762,342.5942123987491,483.6147562080928,10627.91029512552,19375.669710545288,27351.191130244853,-186.1510435327143,187.91921060779762,,0.06800642596474359,,1.001499778094394,donchian_atr,eth_short_regime_challenge_v1_donchian_atr,20261007T203647Z-194d4424b93c,08b5fbc540c645219a9bcd0e226fb43c,10,16,0,1.7681670750832978,-52.783167849454195,DESCRIPTIVE_SAMPLE,,human_review_required
4c4aa07c4c65af74,,ETHUSDT,1h,SHORT_ONLY,"{""atr_expansion_threshold"": 1.25, ""atr_length"": 14, ""atr_reference_length"": 50, ""atr_stop_multiplier"": 2.0, ""breakout_length"": 40, ""exit_length"": 10, ""exit_method"": ""risk"", ""reward_risk"": 2.0, ""slope_lookback"": 5, ""trend_length"": 200}",validation,base,2024-07-01T00:00:00+00:00,2025-01-01T00:00:00+00:00,26,donchian_atr_breakout,1.0.0,38.46153846153846,0.8445079687169788,1.6822049297447128,0.47252816514149276,0,84.45079687169482,0,26,,,,,,,,,,,,,,,,,1.0741936130204321,0.28869840907793376,3.248107571988264,4.03925400367514,63.561889835107515,122.26996761712954,-71.14055495622503,,2.531631172951404,,38.13715411419798,6.356192352366332,,,108.05523630167183,,,,,,,,,not_modelled_synthetic,,,1.7187097808326912,4.1559706269873775,122.11367883192435,-69.60466584761873,-103.65293865547004,-102.02131782355745,-49.61981466837587,155.04499021248876,186.62355234721423,196.07698128998715,354.3402468088827,499.73041110215115,232.17895929139033,419.5818866543412,591.7414987349212,-111.62618441829228,196.07698128998715,,3.248107571988262,,1.074193613020432,donchian_atr,eth_short_regime_challenge_v1_donchian_atr,20261007T203647Z-194d4424b93c,f96dc49ebcac4155a00123c436ee4eff,10,16,0,84.45079687169486,-49.61981466837587,DESCRIPTIVE_SAMPLE,,human_review_required
4c4aa07c4c65af74,,ETHUSDT,1h,SHORT_ONLY,"{""atr_expansion_threshold"": 1.25, ""atr_length"": 14, ""atr_reference_length"": 50, ""atr_stop_multiplier"": 2.0, ""breakout_length"": 40, ""exit_length"": 10, ""exit_method"": ""risk"", ""reward_risk"": 2.0, ""slope_lookback"": 5, ""trend_length"": 200}",validation,adverse,2024-07-01T00:00:00+00:00,2025-01-01T00:00:00+00:00,26,donchian_atr_breakout,1.0.0,38.46153846153846,0.017681670750779865,0.035078103757690826,0.059196703553003466,0,1.7681670750833334,0,26,,,,,,,,,,,,,,,,,1.001499778094394,0.03730540762833812,0.06800642596474223,4.4718126449555164,126.15073087432769,118.07206279042046,-73.68452880182008,,2.488797283635614,,75.69052933889313,12.615088223148856,,,214.4563484363697,,,,,,,,,not_modelled_synthetic,,,1.6023996449510303,8.248321093706526,118.40949112747272,-72.91257942555472,-103.21191276851397,-101.47400779750546,-52.783167849454195,151.26138729554953,179.6081584035861,187.91921060779762,342.5942123987491,483.6147562080928,10627.91029512552,19375.669710545288,27351.191130244853,-186.1510435327143,187.91921060779762,,0.06800642596474359,,1.001499778094394,donchian_atr,eth_short_regime_challenge_v1_donchian_atr,20261007T203647Z-194d4424b93c,c90476a092114b7185d5fa04f2801b68,10,16,0,1.7681670750832978,-52.783167849454195,DESCRIPTIVE_SAMPLE,,human_review_required
db2f1a56c8656a10,,ETHUSDT,1h,SHORT_ONLY,"{""atr_expansion_threshold"": 1.25, ""atr_length"": 14, ""atr_reference_length"": 50, ""atr_stop_multiplier"": 2.0, ""breakout_length"": 50, ""exit_length"": 10, ""exit_method"": ""risk"", ""reward_risk"": 2.0, ""slope_lookback"": 5, ""trend_length"": 200}",validation,base,2024-07-01T00:00:00+00:00,2025-01-01T00:00:00+00:00,26,donchian_atr_breakout,1.0.0,38.46153846153846,0.8445079687169788,1.6822049297447128,0.47252816514149276,0,84.45079687169482,0,26,,,,,,,,,,,,,,,,,1.0741936130204321,0.28869840907793376,3.248107571988264,4.03925400367514,63.561889835107515,122.26996761712954,-71.14055495622503,,2.531631172951404,,38.13715411419798,6.356192352366332,,,108.05523630167183,,,,,,,,,not_modelled_synthetic,,,1.7187097808326912,4.1559706269873775,122.11367883192435,-69.60466584761873,-103.65293865547004,-102.02131782355745,-49.61981466837587,155.04499021248876,186.62355234721423,196.07698128998715,354.3402468088827,499.73041110215115,232.17895929139033,419.5818866543412,591.7414987349212,-111.62618441829228,196.07698128998715,,3.248107571988262,,1.074193613020432,donchian_atr,eth_short_regime_challenge_v1_donchian_atr,20261007T203647Z-194d4424b93c,18c6eed06b064a25a6ca315c76e6f172,10,16,0,84.45079687169486,-49.61981466837587,DESCRIPTIVE_SAMPLE,,human_review_required
db2f1a56c8656a10,,ETHUSDT,1h,SHORT_ONLY,"{""atr_expansion_threshold"": 1.25, ""atr_length"": 14, ""atr_reference_length"": 50, ""atr_stop_multiplier"": 2.0, ""breakout_length"": 50, ""exit_length"": 10, ""exit_method"": ""risk"", ""reward_risk"": 2.0, ""slope_lookback"": 5, ""trend_length"": 200}",validation,adverse,2024-07-01T00:00:00+00:00,2025-01-01T00:00:00+00:00,26,donchian_atr_breakout,1.0.0,38.46153846153846,0.017681670750779865,0.035078103757690826,0.059196703553003466,0,1.7681670750833334,0,26,,,,,,,,,,,,,,,,,1.001499778094394,0.03730540762833812,0.06800642596474223,4.4718126449555164,126.15073087432769,118.07206279042046,-73.68452880182008,,2.488797283635614,,75.69052933889313,12.615088223148856,,,214.4563484363697,,,,,,,,,not_modelled_synthetic,,,1.6023996449510303,8.248321093706526,118.40949112747272,-72.91257942555472,-103.21191276851397,-101.47400779750546,-52.783167849454195,151.26138729554953,179.6081584035861,187.91921060779762,342.5942123987491,483.6147562080928,10627.91029512552,19375.669710545288,27351.191130244853,-186.1510435327143,187.91921060779762,,0.06800642596474359,,1.001499778094394,donchian_atr,eth_short_regime_challenge_v1_donchian_atr,20261007T203647Z-194d4424b93c,034a34fd5f8d4dd494a004e85e033662,10,16,0,1.7681670750832978,-52.783167849454195,DESCRIPTIVE_SAMPLE,,human_review_required
ff43266d9f6c730a,,ETHUSDT,1h,SHORT_ONLY,"{""atr_expansion_threshold"": 1.1, ""atr_length"": 14, ""atr_reference_length"": 50, ""atr_stop_multiplier"": 2.0, ""breakout_length"": 30, ""exit_length"": 10, ""exit_method"": ""risk"", ""reward_risk"": 2.0, ""slope_lookback"": 5, ""trend_length"": 200}",test,base,2025-07-01T00:00:00+00:00,2026-09-26T00:00:00+00:00,68,donchian_atr_breakout,1.0.0,39.705882352941174,2.6683040533952873,2.1492392053781284,0.5597798321657796,0,266.8304053395337,0,68,,,,,,,,,,,,,,,,,1.0953903197802872,0.3118553765969966,3.9239765491107903,5.62545322192316,172.95793012752208,113.48439474594417,-68.22556714148679,,3.4942690305374424,,103.77481696670353,17.295802827783923,,,294.0285499220095,,,,,,,,,not_modelled_synthetic,,,1.663370485592288,4.323949263558964,106.49277243996623,-67.22296635862837,-106.273892738928,-104.79760555770038,-46.402502636815946,169.7743016938652,183.93775789937408,191.0156850042568,719.4672631071263,1180.8111783871736,71.58692607058593,269.6346625833835,442.5324680988385,75.81472033527695,191.0156850042568,,3.9239765491107894,,1.0953903197802874,donchian_atr,eth_short_regime_challenge_v1_donchian_atr,20261007T203647Z-194d4424b93c,9834fe4e38f64f3fbfa74408923bc63a,27,41,0,266.83040533953374,-46.402502636815946,DESCRIPTIVE_SAMPLE,,human_review_required
ff43266d9f6c730a,,ETHUSDT,1h,SHORT_ONLY,"{""atr_expansion_threshold"": 1.1, ""atr_length"": 14, ""atr_reference_length"": 50, ""atr_stop_multiplier"": 2.0, ""breakout_length"": 30, ""exit_length"": 10, ""exit_method"": ""risk"", ""reward_risk"": 2.0, ""slope_lookback"": 5, ""trend_length"": 200}",test,adverse,2025-07-01T00:00:00+00:00,2026-09-26T00:00:00+00:00,67,donchian_atr_breakout,1.0.0,40.298507462686565,1.1383787881736884,0.9182634712733062,0.2819804693335209,0,113.8378788173716,0,67,,,,,,,,,,,,,,,,,1.0401252475794698,0.1586788839822973,1.6990728181697263,5.893503219509158,337.3209775689321,109.29264687316949,-70.92658966895513,,3.3544383879086324,,202.3928752005878,33.73214586676463,,,573.4459986362846,,,,,,,,,not_modelled_synthetic,,,1.5409262927103253,8.558895502034098,102.60782307587857,-70.62942072231446,-105.40588217295195,-104.13318491889666,-48.82651140373518,165.78049904488643,178.19320770186425,184.30483231589,698.7500433231801,1146.7227217306008,161.901147694053,613.8115454910874,1007.329663591387,-70.46695349851834,184.30483231589,,1.6990728181697254,,1.0401252475794698,donchian_atr,eth_short_regime_challenge_v1_donchian_atr,20261007T203647Z-194d4424b93c,42c07221b11145e09ab067a2e33c0acd,27,40,0,113.83787881737166,-48.82651140373518,DESCRIPTIVE_SAMPLE,,human_review_required
e0dd4c731d1d27f0,,ETHUSDT,1h,SHORT_ONLY,"{""atr_expansion_threshold"": 1.1, ""atr_length"": 14, ""atr_reference_length"": 50, ""atr_stop_multiplier"": 2.0, ""breakout_length"": 40, ""exit_length"": 10, ""exit_method"": ""risk"", ""reward_risk"": 2.0, ""slope_lookback"": 5, ""trend_length"": 200}",test,base,2025-07-01T00:00:00+00:00,2026-09-26T00:00:00+00:00,65,donchian_atr_breakout,1.0.0,41.53846153846154,4.016734424838164,3.2312591409722424,0.8169204963422819,0,401.67344248382295,0,65,,,,,,,,,,,,,,,,,1.1504456720477512,0.4501096649857465,6.1795914228280475,4.8516745175923885,165.61970186330825,113.76162058597039,-70.2602714036152,,3.0767821163034617,,99.37189285682197,16.56198214280366,,,281.55357686293394,,,,,,,,,not_modelled_synthetic,,,1.6191457606597979,4.331593490198983,106.49277243996623,-68.30568113255458,-106.58703931248343,-105.22366032353433,-45.92389155731907,171.3588342365803,185.1565410641325,191.95068342878787,721.2854828172095,1184.0900586824964,47.7877457473476,179.57012003507265,294.78923260658047,209.7227590550352,191.95068342878787,,6.179591422828046,,1.1504456720477512,donchian_atr,eth_short_regime_challenge_v1_donchian_atr,20261007T203647Z-194d4424b93c,8ed2a467f3f5407a92cc7a47bcbcce92,27,38,0,401.67344248382307,-45.92389155731907,DESCRIPTIVE_SAMPLE,,human_review_required
e0dd4c731d1d27f0,,ETHUSDT,1h,SHORT_ONLY,"{""atr_expansion_threshold"": 1.1, ""atr_length"": 14, ""atr_reference_length"": 50, ""atr_stop_multiplier"": 2.0, ""breakout_length"": 40, ""exit_length"": 10, ""exit_method"": ""risk"", ""reward_risk"": 2.0, ""slope_lookback"": 5, ""trend_length"": 200}",test,adverse,2025-07-01T00:00:00+00:00,2026-09-26T00:00:00+00:00,64,donchian_atr_breakout,1.0.0,42.1875,2.5717358973046833,2.0716455087590457,0.5607074919133234,0,257.1735897304634,0,64,,,,,,,,,,,,,,,,,1.0951998283587583,0.3115966700364096,4.0183373395384905,5.057157800458803,322.87067077992964,109.57710050803328,-73.01103037801177,,2.936925213569131,,193.72274101069027,32.287123501781714,,,548.8805352924016,,,,,,,,,not_modelled_synthetic,,,1.5008293944175577,8.576258363943776,102.60782307587857,-72.41039489980936,-105.73179525910069,-104.64137597461995,-48.8822953292004,167.3399707753785,179.40591244927197,185.27025701950464,700.6324465795742,1150.1214401236234,72.04093437964657,272.43561335901086,447.21599964017855,71.90333271095875,185.27025701950464,,4.0183373395384905,,1.095199828358758,donchian_atr,eth_short_regime_challenge_v1_donchian_atr,20261007T203647Z-194d4424b93c,cef759945c584deea3664286ef19e0ce,27,37,0,257.1735897304634,-48.8822953292004,DESCRIPTIVE_SAMPLE,,human_review_required
827790540ac7604f,,ETHUSDT,1h,SHORT_ONLY,"{""atr_expansion_threshold"": 1.1, ""atr_length"": 14, ""atr_reference_length"": 50, ""atr_stop_multiplier"": 2.0, ""breakout_length"": 50, ""exit_length"": 10, ""exit_method"": ""risk"", ""reward_risk"": 2.0, ""slope_lookback"": 5, ""trend_length"": 200}",test,base,2025-07-01T00:00:00+00:00,2026-09-26T00:00:00+00:00,63,donchian_atr_breakout,1.0.0,39.682539682539684,1.9073274989861666,1.5374031707087399,0.4247426885489533,0,190.73274989862546,0,63,,,,,,,,,,,,,,,,,1.0713816670128105,0.23751179310044632,3.0275039666448467,6.389644163755859,159.109404054366,114.50983429885697,-70.31613440981049,,3.044091915650591,,95.46569086059289,15.910948476765482,,,270.48604339172437,,,,,,,,,not_modelled_synthetic,,,1.628500133859472,4.293429260186101,106.49277243996623,-70.5990899788233,-105.57878678462478,-104.63807393154771,-47.04783494226106,172.54586997289132,182.4833091938015,192.09617517448152,716.8191521071078,1176.1978157920066,100.71483543155584,375.82384382760586,616.6732333158081,-1.363425275856173,192.09617517448152,,3.0275039666448484,,1.0713816670128102,donchian_atr,eth_short_regime_challenge_v1_donchian_atr,20261007T203647Z-194d4424b93c,b8636398bdbf45098f420601b59391d6,25,38,0,190.73274989862534,-47.04783494226106,DESCRIPTIVE_SAMPLE,,human_review_required
827790540ac7604f,,ETHUSDT,1h,SHORT_ONLY,"{""atr_expansion_threshold"": 1.1, ""atr_length"": 14, ""atr_reference_length"": 50, ""atr_stop_multiplier"": 2.0, ""breakout_length"": 50, ""exit_length"": 10, ""exit_method"": ""risk"", ""reward_risk"": 2.0, ""slope_lookback"": 5, ""trend_length"": 200}",test,adverse,2025-07-01T00:00:00+00:00,2026-09-26T00:00:00+00:00,62,donchian_atr_breakout,1.0.0,40.32258064516129,0.5572479320443025,0.4497492416057458,0.17256411571143773,0,55.72479320443098,0,62,,,,,,,,,,,,,,,,,1.0206144697383173,0.09733784057083754,0.8987869871682406,6.585817829749835,310.0254112965604,110.35652333448773,-73.05914297723682,,2.90423295082796,,186.01549154061297,31.002581923435496,,,527.0434847606089,,,,,,,,,not_modelled_synthetic,,,1.5105094152127096,8.500701367106595,102.60782307587857,-74.65903112771227,-104.95412547178108,-103.83758252594315,-49.01658312675803,168.5074929331182,176.87163014811597,185.41095321496795,696.3516967474662,1142.5766825977219,332.72613957448505,1249.626345301711,2050.3919653969583,-129.68616001053704,185.41095321496795,,0.8987869871682416,,1.0206144697383173,donchian_atr,eth_short_regime_challenge_v1_donchian_atr,20261007T203647Z-194d4424b93c,63d214cdd8f14054af6a580504d9090d,25,37,0,55.72479320443092,-49.01658312675803,DESCRIPTIVE_SAMPLE,,human_review_required
6719be4e317770b6,,ETHUSDT,1h,SHORT_ONLY,"{""atr_expansion_threshold"": 1.25, ""atr_length"": 14, ""atr_reference_length"": 50, ""atr_stop_multiplier"": 2.0, ""breakout_length"": 30, ""exit_length"": 10, ""exit_method"": ""risk"", ""reward_risk"": 2.0, ""slope_lookback"": 5, ""trend_length"": 200}",test,base,2025-07-01T00:00:00+00:00,2026-09-26T00:00:00+00:00,52,donchian_atr_breakout,1.0.0,42.30769230769231,5.083593588693258,4.085425323798342,1.1695259937309213,0,508.35935886932845,0,52,,,,,,,,,,,,,,,,,1.2436629687311889,0.5974200219534623,9.776141516717855,5.81193000638711,135.57123486276262,117.94005180894538,-69.54405936424901,,2.5531299599753896,,81.34281849486517,13.557136415810861,,,230.47118977343865,,,,,,,,,not_modelled_synthetic,,,1.695904048269803,4.43213826487382,110.24564948827734,-64.18016073754373,-108.8095469850613,-106.4829682788015,-46.46145503619801,175.5224039380107,190.69988402703947,196.09416710302082,557.7686968206287,1060.072137471223,38.57392682592984,109.71937215067595,208.52810496672885,312.2651917663076,196.09416710302082,,9.776141516717855,,1.2436629687311889,donchian_atr,eth_short_regime_challenge_v1_donchian_atr,20261007T203647Z-194d4424b93c,02f807b3e6734ceb8632cec814aface1,22,30,0,508.35935886932845,-46.46145503619801,DESCRIPTIVE_SAMPLE,,human_review_required
6719be4e317770b6,,ETHUSDT,1h,SHORT_ONLY,"{""atr_expansion_threshold"": 1.25, ""atr_length"": 14, ""atr_reference_length"": 50, ""atr_stop_multiplier"": 2.0, ""breakout_length"": 30, ""exit_length"": 10, ""exit_method"": ""risk"", ""reward_risk"": 2.0, ""slope_lookback"": 5, ""trend_length"": 200}",test,adverse,2025-07-01T00:00:00+00:00,2026-09-26T00:00:00+00:00,51,donchian_atr_breakout,1.0.0,43.13725490196079,4.0436830761628295,3.2528559032007465,0.9772622246306858,0,404.3683076162877,0,51,,,,,,,,,,,,,,,,,1.1923622414734616,0.5001840167650398,7.928790345417406,5.962439204205143,263.77824543152224,113.93123769484781,-72.4868593679436,,2.414080053356074,,158.2673054314453,26.377884238574218,,,448.4234351015417,,,,,,,,,not_modelled_synthetic,,,1.5717502273968358,8.792616374540033,106.07089963870988,-67.23388353489861,-108.29772499996605,-105.96813897337617,-48.785454909299965,171.53012505338313,185.20743919942814,189.78462498477373,542.3373586908822,1032.959577300482,46.93360518373357,134.11964995177507,255.45018188731933,214.583682631514,189.78462498477373,,7.928790345417406,,1.1923622414734616,donchian_atr,eth_short_regime_challenge_v1_donchian_atr,20261007T203647Z-194d4424b93c,e824997c9f554815b58efb97889618e3,22,29,0,404.3683076162877,-48.785454909299965,DESCRIPTIVE_SAMPLE,,human_review_required
4c4aa07c4c65af74,,ETHUSDT,1h,SHORT_ONLY,"{""atr_expansion_threshold"": 1.25, ""atr_length"": 14, ""atr_reference_length"": 50, ""atr_stop_multiplier"": 2.0, ""breakout_length"": 40, ""exit_length"": 10, ""exit_method"": ""risk"", ""reward_risk"": 2.0, ""slope_lookback"": 5, ""trend_length"": 200}",test,base,2025-07-01T00:00:00+00:00,2026-09-26T00:00:00+00:00,50,donchian_atr_breakout,1.0.0,44.0,5.94517596628954,4.774021383382432,1.3703494039048185,0,594.5175966289555,0,50,,,,,,,,,,,,,,,,,1.2972344929791908,0.6929650740229047,11.89035193257911,5.0396802334688635,130.2464908211435,117.94005180894538,-71.4344122559944,,2.4535394984288676,,78.14798016604286,13.024663361007143,,,221.4191343481935,,,,,,,,,not_modelled_synthetic,,,1.651025718337152,4.42838268696387,110.24564948827734,-65.54966189062282,-108.87029426725204,-106.51217317029847,-46.46145503619801,175.63785563178445,190.91142453982303,196.09416710302082,557.7686968206287,897.0620954166468,32.98374484034073,93.81870275721005,150.88907384797096,398.4234295259347,196.09416710302082,,11.89035193257911,,1.2972344929791906,donchian_atr,eth_short_regime_challenge_v1_donchian_atr,20261007T203647Z-194d4424b93c,580f19ae128a465b87ff6e842de746eb,22,28,0,594.5175966289555,-46.46145503619801,DESCRIPTIVE_SAMPLE,,human_review_required
4c4aa07c4c65af74,,ETHUSDT,1h,SHORT_ONLY,"{""atr_expansion_threshold"": 1.25, ""atr_length"": 14, ""atr_reference_length"": 50, ""atr_stop_multiplier"": 2.0, ""breakout_length"": 40, ""exit_length"": 10, ""exit_method"": ""risk"", ""reward_risk"": 2.0, ""slope_lookback"": 5, ""trend_length"": 200}",test,adverse,2025-07-01T00:00:00+00:00,2026-09-26T00:00:00+00:00,49,donchian_atr_breakout,1.0.0,44.89795918367347,4.968343187007163,3.993232367849653,1.2008365056342922,0,496.83431870071627,0,49,,,,,,,,,,,,,,,,,1.2472239440371118,0.6072316287301711,10.139475891851353,5.126705800522021,253.2321268801794,113.93123769484781,-74.43158928096058,,2.3144833227029906,,151.93966560645094,25.32327760107516,,,430.4950700877055,,,,,,,,,not_modelled_synthetic,,,1.5306839313182738,8.785613675259297,106.07089963870988,-70.03816709183874,-108.3457362450186,-106.00425222671976,-48.785454909299965,171.6085961011117,185.39052663084192,189.78462498477373,542.3373586908822,873.6482612450357,38.19877529416329,109.15859437994582,175.84297790251986,307.04969371594257,189.78462498477373,,10.139475891851353,,1.2472239440371118,donchian_atr,eth_short_regime_challenge_v1_donchian_atr,20261007T203647Z-194d4424b93c,9f4ba9c7bc62470fa03a7645c8ad745d,22,27,0,496.83431870071627,-48.785454909299965,DESCRIPTIVE_SAMPLE,,human_review_required
db2f1a56c8656a10,,ETHUSDT,1h,SHORT_ONLY,"{""atr_expansion_threshold"": 1.25, ""atr_length"": 14, ""atr_reference_length"": 50, ""atr_stop_multiplier"": 2.0, ""breakout_length"": 50, ""exit_length"": 10, ""exit_method"": ""risk"", ""reward_risk"": 2.0, ""slope_lookback"": 5, ""trend_length"": 200}",test,base,2025-07-01T00:00:00+00:00,2026-09-26T00:00:00+00:00,47,donchian_atr_breakout,1.0.0,42.5531914893617,4.470911408047895,3.5950948663396876,1.054118723851087,0,447.0911408047831,0,47,,,,,,,,,,,,,,,,,1.2302763910321255,0.5395020815356851,9.512577463931558,4.46646482633151,121.44665288326398,119.4316257750905,-71.90893980359358,,2.395165894514732,,72.86806035276412,12.144676725460688,,,206.4593899614888,,,,,,,,,not_modelled_synthetic,,,1.6608731278933695,4.392752977904017,109.22157975504038,-70.26756271740769,-107.50506368808709,-106.06047296722745,-46.700997432421985,175.90461024105542,189.61659903058575,196.2428682254577,554.3718731989377,893.7898046591462,43.893258066400534,123.99527134468478,199.91221544902146,250.84827257932557,196.2428682254577,,9.512577463931555,,1.2302763910321257,donchian_atr,eth_short_regime_challenge_v1_donchian_atr,20261007T203647Z-194d4424b93c,68838f625a7845f0a14cf745f2537bef,20,27,0,447.09114080478327,-46.700997432421985,DESCRIPTIVE_SAMPLE,,human_review_required
db2f1a56c8656a10,,ETHUSDT,1h,SHORT_ONLY,"{""atr_expansion_threshold"": 1.25, ""atr_length"": 14, ""atr_reference_length"": 50, ""atr_stop_multiplier"": 2.0, ""breakout_length"": 50, ""exit_length"": 10, ""exit_method"": ""risk"", ""reward_risk"": 2.0, ""slope_lookback"": 5, ""trend_length"": 200}",test,adverse,2025-07-01T00:00:00+00:00,2026-09-26T00:00:00+00:00,46,donchian_atr_breakout,1.0.0,43.47826086956522,3.6108566318927116,2.905856523491024,0.8972454451674704,0,361.0856631892637,0,46,,,,,,,,,,,,,,,,,1.1853805391238537,0.4589020874222949,7.8496883302013885,4.521252310987371,235.7916576027014,115.44467399979317,-74.91568526179229,,2.2561058886049987,,141.4753145729997,23.579219095499955,,,400.84619127120106,,,,,,,,,not_modelled_synthetic,,,1.5409947008610096,8.714047636330458,105.12088691984258,-75.45343918631542,-106.87130552821539,-105.66140216718507,-49.02859994173095,171.82429770251073,184.1844888159375,189.92882544413396,539.1455987129323,870.5780303052763,52.599381478234534,149.31238032298666,241.1001374621071,171.1568377451299,189.92882544413396,,7.849688330201385,,1.1853805391238537,donchian_atr,eth_short_regime_challenge_v1_donchian_atr,20261007T203647Z-194d4424b93c,92ccb6abe203436aa45e8b53d3f9fde6,20,26,0,361.08566318926387,-49.02859994173095,DESCRIPTIVE_SAMPLE,,human_review_required
ff43266d9f6c730a,,ETHUSDT,1h,SHORT_ONLY,"{""atr_expansion_threshold"": 1.1, ""atr_length"": 14, ""atr_reference_length"": 50, ""atr_stop_multiplier"": 2.0, ""breakout_length"": 30, ""exit_length"": 10, ""exit_method"": ""risk"", ""reward_risk"": 2.0, ""slope_lookback"": 5, ""trend_length"": 200}",diagnostic_year_2023,base,2023-06-04T00:00:00+00:00,2024-01-01T00:00:00+00:00,33,donchian_atr_breakout,1.0.0,21.21212121212121,-7.092726908633507,-11.949759449694108,-4.9292745230943,0,-709.2726908633531,0,33,,,,,,,,,,,,,,,,,0.3355693772261435,-4.5692145835098685,-21.493111844344032,7.2676147068866035,79.92745057994588,51.17382505487705,-41.05728716336509,,3.0659417004329335,,47.95641014137754,7.992735023562924,,,135.87659574488634,,,,,,,,,not_modelled_synthetic,,,1.2464005439828187,4.117472598329889,56.736586362474455,-36.64248849245621,-89.13898122749954,-69.30850480506601,-33.78507332609613,59.73085490578908,68.14604895785011,71.17446593315327,132.8851288184842,248.03269810038654,,,,-780.4471567965063,71.17446593315327,,-21.493111844344032,,0.3355693772261435,donchian_atr,eth_short_regime_challenge_v1_donchian_atr,20261007T203647Z-194d4424b93c,946d16c82eef44b7a02127159454c4c4,7,26,0,-709.2726908633531,-33.78507332609613,DESCRIPTIVE_SAMPLE,,human_review_required
ff43266d9f6c730a,,ETHUSDT,1h,SHORT_ONLY,"{""atr_expansion_threshold"": 1.1, ""atr_length"": 14, ""atr_reference_length"": 50, ""atr_stop_multiplier"": 2.0, ""breakout_length"": 30, ""exit_length"": 10, ""exit_method"": ""risk"", ""reward_risk"": 2.0, ""slope_lookback"": 5, ""trend_length"": 200}",diagnostic_year_2023,adverse,2023-06-04T00:00:00+00:00,2024-01-01T00:00:00+00:00,33,donchian_atr_breakout,1.0.0,21.21212121212121,-8.095186529880882,-13.586738147377774,-5.388383560492999,0,-809.5186529880884,0,33,,,,,,,,,,,,,,,,,0.2919757384453408,-5.1541582706864855,-24.53086827236632,8.248718939244903,158.81306175309948,47.690013570294205,-43.9749518453903,,3.0210161921541347,,95.28761044644048,15.881268407740082,,,269.98194060728,,,,,,,,,not_modelled_synthetic,,,1.0844813142255518,8.181270927493333,53.233385863846465,-39.719769106053064,-89.59560379682412,-71.89894207672164,-36.79441447720882,56.265312005632055,64.52419228416224,67.41936651209309,125.79131356190226,233.88558806859606,,,,-876.9380195001817,67.41936651209309,,-24.530868272366316,,0.29197573844534075,donchian_atr,eth_short_regime_challenge_v1_donchian_atr,20261007T203647Z-194d4424b93c,9c7fa1ce81fa4270bea9724bfe791569,7,26,0,-809.5186529880885,-36.79441447720882,DESCRIPTIVE_SAMPLE,,human_review_required
e0dd4c731d1d27f0,,ETHUSDT,1h,SHORT_ONLY,"{""atr_expansion_threshold"": 1.1, ""atr_length"": 14, ""atr_reference_length"": 50, ""atr_stop_multiplier"": 2.0, ""breakout_length"": 40, ""exit_length"": 10, ""exit_method"": ""risk"", ""reward_risk"": 2.0, ""slope_lookback"": 5, ""trend_length"": 200}",diagnostic_year_2023,base,2023-06-04T00:00:00+00:00,2024-01-01T00:00:00+00:00,31,donchian_atr_breakout,1.0.0,22.580645161290324,-6.376422506601442,-10.772131196185608,-4.511040720846896,0,-637.6422506601425,0,31,,,,,,,,,,,,,,,,,0.3613511624768943,-4.144381869270525,-20.569104860004597,6.6314577799758565,75.47060013362496,51.54023283952406,-41.60099502236712,,2.8819465794220873,,45.28230659923422,7.5470510998723705,,,128.29995783273154,,,,,,,,,not_modelled_synthetic,,,1.238918271349352,4.138708317184888,57.174012083682896,-36.86690969593488,-90.36406114902812,-70.12580922326322,-34.04555411949144,60.42540009596755,68.80310838782776,71.72322576512303,133.71272693926187,249.74803804074105,,,,-709.3654764252656,71.72322576512303,,-20.569104860004597,,0.36135116247689425,donchian_atr,eth_short_regime_challenge_v1_donchian_atr,20261007T203647Z-194d4424b93c,d0c4a346080848e19cff62348d7477e1,7,24,0,-637.6422506601425,-34.04555411949144,DESCRIPTIVE_SAMPLE,,human_review_required
e0dd4c731d1d27f0,,ETHUSDT,1h,SHORT_ONLY,"{""atr_expansion_threshold"": 1.1, ""atr_length"": 14, ""atr_reference_length"": 50, ""atr_stop_multiplier"": 2.0, ""breakout_length"": 40, ""exit_length"": 10, ""exit_method"": ""risk"", ""reward_risk"": 2.0, ""slope_lookback"": 5, ""trend_length"": 200}",diagnostic_year_2023,adverse,2023-06-04T00:00:00+00:00,2024-01-01T00:00:00+00:00,31,donchian_atr_breakout,1.0.0,22.580645161290324,-7.323435594401473,-12.327645939240705,-4.966276467414923,0,-732.3435594401418,0,31,,,,,,,,,,,,,,,,,0.31477937816495366,-4.7076843152055945,-23.623985788391668,7.5138454530363274,149.99851162933646,48.060985844304255,-44.53210251459465,,2.8370085865559176,,89.99890649214598,14.999817748690997,,,254.99723587017343,,,,,,,,,not_modelled_synthetic,,,1.0792435822798412,8.225717286134627,53.680369397113836,-39.98318039796695,-90.82407867807802,-72.77863316445834,-37.10339331616902,56.9886340366312,65.18657900977753,67.98552316787796,126.64123247542119,235.6431606382542,,,,-800.3290826080197,67.98552316787796,,-23.62398578839167,,0.3147793781649537,donchian_atr,eth_short_regime_challenge_v1_donchian_atr,20261007T203647Z-194d4424b93c,f161b4cd17da437c9dac74dca88d555a,7,24,0,-732.3435594401417,-37.10339331616902,DESCRIPTIVE_SAMPLE,,human_review_required
827790540ac7604f,,ETHUSDT,1h,SHORT_ONLY,"{""atr_expansion_threshold"": 1.1, ""atr_length"": 14, ""atr_reference_length"": 50, ""atr_stop_multiplier"": 2.0, ""breakout_length"": 50, ""exit_length"": 10, ""exit_method"": ""risk"", ""reward_risk"": 2.0, ""slope_lookback"": 5, ""trend_length"": 200}",diagnostic_year_2023,base,2023-06-04T00:00:00+00:00,2024-01-01T00:00:00+00:00,29,donchian_atr_breakout,1.0.0,20.689655172413794,-6.3753840593465565,-10.770419164108135,-4.6200123041826435,0,-637.538405934654,0,29,,,,,,,,,,,,,,,,,0.31195704644950506,-4.257881542496814,-21.98408296326393,6.63042216150285,70.77065190919794,48.17640068525757,-40.28681782809562,,2.472785026680163,,42.46233683654084,7.077056139423474,,,120.31004488516226,,,,,,,,,not_modelled_synthetic,,,1.1958353447231025,4.148622237419388,52.0680091831732,-36.56886284133954,-91.0468305603371,-64.18262453163125,-34.04555411949144,58.186384244150915,61.1136045703629,61.98950117413882,120.8508001919351,178.024812275618,,,,-699.5279071087928,61.98950117413882,,-21.98408296326393,,0.3119570464495051,donchian_atr,eth_short_regime_challenge_v1_donchian_atr,20261007T203647Z-194d4424b93c,8dd2d5f360144ceea988ae35e5efde9b,6,23,0,-637.538405934654,-34.04555411949144,DESCRIPTIVE_SAMPLE,,human_review_required
827790540ac7604f,,ETHUSDT,1h,SHORT_ONLY,"{""atr_expansion_threshold"": 1.1, ""atr_length"": 14, ""atr_reference_length"": 50, ""atr_stop_multiplier"": 2.0, ""breakout_length"": 50, ""exit_length"": 10, ""exit_method"": ""risk"", ""reward_risk"": 2.0, ""slope_lookback"": 5, ""trend_length"": 200}",diagnostic_year_2023,adverse,2023-06-04T00:00:00+00:00,2024-01-01T00:00:00+00:00,29,donchian_atr_breakout,1.0.0,20.689655172413794,-7.259927116193321,-12.22369140346734,-5.009593811200175,0,-725.9927116193288,0,29,,,,,,,,,,,,,,,,,0.26994386115080704,-4.753507452299009,-25.034231435149273,7.450467457010325,140.69202756535063,44.74022962370864,-43.236264754851334,,2.4278216815620595,,84.415012076279,14.069168679379834,,,239.17620832100945,,,,,,,,,not_modelled_synthetic,,,1.0347848010780938,8.247455459345154,48.566511711174456,-39.85444729683443,-91.4577254591333,-67.13129228935257,-37.10339331616902,54.66508301827703,57.72214715583248,58.655709307543226,113.9772680732624,167.65763747037624,,,,-784.6484209268722,58.655709307543226,,-25.03423143514927,,0.26994386115080715,donchian_atr,eth_short_regime_challenge_v1_donchian_atr,20261007T203647Z-194d4424b93c,a217dacd32e54b0eb6d555c7cc612073,6,23,0,-725.9927116193289,-37.10339331616902,DESCRIPTIVE_SAMPLE,,human_review_required
6719be4e317770b6,,ETHUSDT,1h,SHORT_ONLY,"{""atr_expansion_threshold"": 1.25, ""atr_length"": 14, ""atr_reference_length"": 50, ""atr_stop_multiplier"": 2.0, ""breakout_length"": 30, ""exit_length"": 10, ""exit_method"": ""risk"", ""reward_risk"": 2.0, ""slope_lookback"": 5, ""trend_length"": 200}",diagnostic_year_2023,base,2023-06-04T00:00:00+00:00,2024-01-01T00:00:00+00:00,27,donchian_atr_breakout,1.0.0,22.22222222222222,-6.011683524737532,-10.169953512785156,-4.4030270688606725,0,-601.1683524737593,0,27,,,,,,,,,,,,,,,,,0.33444791382064104,-4.194889575109111,-22.265494536065162,6.267712365207324,65.89049708214706,50.349052442069684,-43.012507958389406,,2.6983811736640413,,39.53424688805866,6.589041148009778,,,112.01378511821551,,,,,,,,,not_modelled_synthetic,,,1.1705676983722435,4.148658708082056,52.04327561288275,-38.7266396425906,-91.44856997772733,-70.9670191921316,-34.67459753417308,60.52987405842601,69.39920191602094,72.00261028479035,133.99211145892917,191.1161889140253,,,,-673.1709627585496,72.00261028479035,,-22.265494536065162,,0.334447913820641,donchian_atr,eth_short_regime_challenge_v1_donchian_atr,20261007T203647Z-194d4424b93c,b731f0f30d754845b8abe858d82dd2d3,6,21,0,-601.1683524737593,-34.67459753417308,DESCRIPTIVE_SAMPLE,,human_review_required
6719be4e317770b6,,ETHUSDT,1h,SHORT_ONLY,"{""atr_expansion_threshold"": 1.25, ""atr_length"": 14, ""atr_reference_length"": 50, ""atr_stop_multiplier"": 2.0, ""breakout_length"": 30, ""exit_length"": 10, ""exit_method"": ""risk"", ""reward_risk"": 2.0, ""slope_lookback"": 5, ""trend_length"": 200}",diagnostic_year_2023,adverse,2023-06-04T00:00:00+00:00,2024-01-01T00:00:00+00:00,27,donchian_atr_breakout,1.0.0,22.22222222222222,-6.836529060400065,-11.529320028516965,-4.8154740670936,0,-683.6529060400069,0,27,,,,,,,,,,,,,,,,,0.29159745485329674,-4.705652344985247,-25.320478001481735,7.027939299281015,131.02160448055508,46.90164012210559,-45.95536889393526,,2.663411628270235,,78.61276910344326,13.102128183907212,,,222.73650176790557,,,,,,,,,not_modelled_synthetic,,,1.0205910919865384,8.249500065477983,48.56523623996925,-41.75799978714812,-91.81437223543148,-73.71582915704255,-37.879956528503804,57.14903563058932,65.82406241182237,68.34267296197451,126.99838226951775,180.63184598721463,,,,-751.9955790019814,68.34267296197451,,-25.320478001481735,,0.29159745485329674,donchian_atr,eth_short_regime_challenge_v1_donchian_atr,20261007T203647Z-194d4424b93c,464a0801913a4d58a4bd3807be367099,6,21,0,-683.6529060400069,-37.879956528503804,DESCRIPTIVE_SAMPLE,,human_review_required
4c4aa07c4c65af74,,ETHUSDT,1h,SHORT_ONLY,"{""atr_expansion_threshold"": 1.25, ""atr_length"": 14, ""atr_reference_length"": 50, ""atr_stop_multiplier"": 2.0, ""breakout_length"": 40, ""exit_length"": 10, ""exit_method"": ""risk"", ""reward_risk"": 2.0, ""slope_lookback"": 5, ""trend_length"": 200}",diagnostic_year_2023,base,2023-06-04T00:00:00+00:00,2024-01-01T00:00:00+00:00,26,donchian_atr_breakout,1.0.0,23.076923076923077,-5.713035276487699,-9.675618591912006,-4.209834861682183,0,-571.3035276487648,0,26,,,,,,,,,,,,,,,,,0.3464548851378017,-3.998259740679635,-21.973212601875566,5.969877649613205,63.570921396338676,50.47621389588588,-43.70804055120401,,2.5842609806469103,,38.142504198336304,6.357084033056052,,,108.07050962773104,,,,,,,,,not_modelled_synthetic,,,1.1548496171260056,4.15655806260504,52.208654770435,-39.92703786163087,-92.00524069192426,-71.33499195526954,-34.8689333887411,60.81852928028655,69.67093381392962,72.23141136052655,134.2209125346654,191.5265261333951,,,,-643.5349390092913,72.23141136052655,,-21.973212601875566,,0.3464548851378017,donchian_atr,eth_short_regime_challenge_v1_donchian_atr,20261007T203647Z-194d4424b93c,92e00c2580ab45798e9beb94eac6eeaa,6,20,0,-571.3035276487648,-34.8689333887411,DESCRIPTIVE_SAMPLE,,human_review_required
4c4aa07c4c65af74,,ETHUSDT,1h,SHORT_ONLY,"{""atr_expansion_threshold"": 1.25, ""atr_length"": 14, ""atr_reference_length"": 50, ""atr_stop_multiplier"": 2.0, ""breakout_length"": 40, ""exit_length"": 10, ""exit_method"": ""risk"", ""reward_risk"": 2.0, ""slope_lookback"": 5, ""trend_length"": 200}",diagnostic_year_2023,adverse,2023-06-04T00:00:00+00:00,2024-01-01T00:00:00+00:00,26,donchian_atr_breakout,1.0.0,23.076923076923077,-6.508698107307554,-10.990093523397338,-4.615654970504728,0,-650.8698107307524,0,26,,,,,,,,,,,,,,,,,0.3024378543775045,-4.495322685776142,-25.033454258875096,6.700781895600216,126.42466793212292,47.03228958925154,-46.65317741331309,,2.5492844087015536,,75.85461766107642,12.642436276846071,,,214.92172187004542,,,,,,,,,not_modelled_synthetic,,,1.0081261812583482,8.266220071924824,48.73614205228098,-42.963799873362476,-92.37162475122334,-74.11446474490737,-38.040511246149364,57.44733142134154,66.10130651248978,68.58317224747198,127.23888155501521,181.0610793177517,,,,-719.4529829782246,68.58317224747198,,-25.033454258875093,,0.3024378543775044,donchian_atr,eth_short_regime_challenge_v1_donchian_atr,20261007T203647Z-194d4424b93c,546c20d21f384d9a8fcbd5646e528f44,6,20,0,-650.8698107307525,-38.040511246149364,DESCRIPTIVE_SAMPLE,,human_review_required
db2f1a56c8656a10,,ETHUSDT,1h,SHORT_ONLY,"{""atr_expansion_threshold"": 1.25, ""atr_length"": 14, ""atr_reference_length"": 50, ""atr_stop_multiplier"": 2.0, ""breakout_length"": 50, ""exit_length"": 10, ""exit_method"": ""risk"", ""reward_risk"": 2.0, ""slope_lookback"": 5, ""trend_length"": 200}",diagnostic_year_2023,base,2023-06-04T00:00:00+00:00,2024-01-01T00:00:00+00:00,24,donchian_atr_breakout,1.0.0,20.833333333333332,-5.7119902801752716,-9.673886861578051,-4.32128269258652,0,-571.1990280175229,0,24,,,,,,,,,,,,,,,,,0.2876262286260941,-4.126958207868013,-23.79995950073012,5.968835499922612,58.83767695779522,46.12517440295774,-42.2013105280164,,2.175099752429811,,35.302556701298464,5.88375945021641,,,100.0239931093101,,,,,,,,,not_modelled_synthetic,,,1.0929796687791573,4.167666379554587,47.11169594214028,-38.84969043189473,-92.65736740283928,-69.53878345274627,-34.995819619907955,55.77652595024128,60.91220703179473,61.98950117413882,119.29511477286854,166.40681071500882,,,,-633.1885291916617,61.98950117413882,,-23.79995950073012,,0.2876262286260941,donchian_atr,eth_short_regime_challenge_v1_donchian_atr,20261007T203647Z-194d4424b93c,322502fb5ae44d189dcfb40ea1f360c3,5,19,0,-571.1990280175229,-34.995819619907955,DESCRIPTIVE_SAMPLE,,human_review_required
db2f1a56c8656a10,,ETHUSDT,1h,SHORT_ONLY,"{""atr_expansion_threshold"": 1.25, ""atr_length"": 14, ""atr_reference_length"": 50, ""atr_stop_multiplier"": 2.0, ""breakout_length"": 50, ""exit_length"": 10, ""exit_method"": ""risk"", ""reward_risk"": 2.0, ""slope_lookback"": 5, ""trend_length"": 200}",diagnostic_year_2023,adverse,2023-06-04T00:00:00+00:00,2024-01-01T00:00:00+00:00,24,donchian_atr_breakout,1.0.0,20.833333333333332,-6.444629999957597,-10.884550864970965,-4.6590813405367,0,-644.4629999957558,0,24,,,,,,,,,,,,,,,,,0.24894201841235986,-4.548323794027854,-26.85262499982316,6.636845420225847,117.0363612545017,42.72211305760745,-45.16176659388385,,2.1400973212266616,,70.22162964211128,11.70360494035188,,,198.96159583696485,,,,,,,,,not_modelled_synthetic,,,0.9459796699669675,8.290066493206869,43.650086341825485,-41.904951247133795,-92.97041344674001,-72.43316679315791,-38.18464772912114,52.29638104959981,57.544001652237675,58.655709307543226,112.47790707027971,156.12799341210518,,,,-703.118709303299,58.655709307543226,,-26.85262499982316,,0.24894201841235983,donchian_atr,eth_short_regime_challenge_v1_donchian_atr,20261007T203647Z-194d4424b93c,5236dfd1d33e4bddb77298a78fb760ad,5,19,0,-644.4629999957558,-38.18464772912114,DESCRIPTIVE_SAMPLE,,human_review_required
ff43266d9f6c730a,,ETHUSDT,1h,SHORT_ONLY,"{""atr_expansion_threshold"": 1.1, ""atr_length"": 14, ""atr_reference_length"": 50, ""atr_stop_multiplier"": 2.0, ""breakout_length"": 30, ""exit_length"": 10, ""exit_method"": ""risk"", ""reward_risk"": 2.0, ""slope_lookback"": 5, ""trend_length"": 200}",diagnostic_year_2024,base,2024-01-01T00:00:00+00:00,2025-01-01T00:00:00+00:00,62,donchian_atr_breakout,1.0.0,38.70967741935484,0.9193499878156208,0.9168266228646749,0.29887441214095756,0,91.93499878156575,0,62,,,,,,,,,,,,,,,,,1.0367791282209595,0.17690152572157206,1.482822560992997,5.333088564371793,152.7058647817961,107.98276597385035,-65.78029959449586,,2.811100309426618,,91.6235557802539,15.270592630042318,,,259.6000131920923,,,,,,,,,not_modelled_synthetic,,,1.6415669530165193,4.187096986969231,105.31064770902535,-65.42151703784012,-103.30803682808178,-100.3842110732467,-48.087742521984936,141.26007881268393,183.07785115038027,197.14251150108862,669.5897953394331,1063.1494870149236,214.43684572128186,728.3295852652958,1156.4143156633177,-105.20751271952281,197.14251150108862,,1.482822560992996,,1.0367791282209595,donchian_atr,eth_short_regime_challenge_v1_donchian_atr,20261007T203647Z-194d4424b93c,92e7db64f9724ac2ba6c18841f7d7a71,24,38,0,91.93499878156581,-48.087742521984936,DESCRIPTIVE_SAMPLE,,human_review_required
ff43266d9f6c730a,,ETHUSDT,1h,SHORT_ONLY,"{""atr_expansion_threshold"": 1.1, ""atr_length"": 14, ""atr_reference_length"": 50, ""atr_stop_multiplier"": 2.0, ""breakout_length"": 30, ""exit_length"": 10, ""exit_method"": ""risk"", ""reward_risk"": 2.0, ""slope_lookback"": 5, ""trend_length"": 200}",diagnostic_year_2024,adverse,2024-01-01T00:00:00+00:00,2025-01-01T00:00:00+00:00,60,donchian_atr_breakout,1.0.0,38.333333333333336,-0.7588448143481363,-0.7567793330827577,-0.1556213078355631,0,-75.88448143480421,0,60,,,,,,,,,,,,,,,,,0.9696957598936174,-0.09575641356441299,-1.2647413572467352,5.9199644861686505,291.90224393389843,105.57406234492518,-67.67805176670495,,2.8027348867482327,,175.14152290714554,29.19025381785759,,,496.23402065890156,,,,,,,,,not_modelled_synthetic,,,1.5599453528723413,8.270567010981692,109.52604971392535,-67.56883085866079,-101.95752067500108,-99.34348071838095,-51.204016320876185,137.95146924437256,176.7109301914826,187.71440751780784,508.8435861327884,900.0423031297944,,,,-263.59888895261196,187.71440751780784,,-1.264741357246737,,0.969695759893618,donchian_atr,eth_short_regime_challenge_v1_donchian_atr,20261007T203647Z-194d4424b93c,35ccc5357e144a60b80a236bf4f9d84b,23,37,0,-75.88448143480412,-51.204016320876185,DESCRIPTIVE_SAMPLE,,human_review_required
e0dd4c731d1d27f0,,ETHUSDT,1h,SHORT_ONLY,"{""atr_expansion_threshold"": 1.1, ""atr_length"": 14, ""atr_reference_length"": 50, ""atr_stop_multiplier"": 2.0, ""breakout_length"": 40, ""exit_length"": 10, ""exit_method"": ""risk"", ""reward_risk"": 2.0, ""slope_lookback"": 5, ""trend_length"": 200}",diagnostic_year_2024,base,2024-01-01T00:00:00+00:00,2025-01-01T00:00:00+00:00,61,donchian_atr_breakout,1.0.0,39.34426229508197,1.1911527662878507,1.1878789968696957,0.3709853110574133,0,119.11527662878295,0,61,,,,,,,,,,,,,,,,,1.048056748015009,0.21971325456426724,1.952709452930866,5.333089439899605,150.52744714294766,108.23971538769877,-66.99021331556723,,2.7370408767727565,,90.31650766202677,15.052751277004463,,,255.8967060819789,,,,,,,,,not_modelled_synthetic,,,1.6157541531898054,4.195027968557031,105.42352414984342,-66.20675009965247,-103.6082749367094,-100.67863290362422,-48.6286710939489,142.07680075197322,183.80207498380037,197.67330977653117,671.3929728060638,1066.0127148539923,165.95126617769674,563.649761649321,894.9420637087305,-78.55803314774835,197.67330977653117,,1.952709452930868,,1.048056748015009,donchian_atr,eth_short_regime_challenge_v1_donchian_atr,20261007T203647Z-194d4424b93c,ce3016cf15b0499092b46d051dfdbfdf,24,37,0,119.11527662878282,-48.6286710939489,DESCRIPTIVE_SAMPLE,,human_review_required
e0dd4c731d1d27f0,,ETHUSDT,1h,SHORT_ONLY,"{""atr_expansion_threshold"": 1.1, ""atr_length"": 14, ""atr_reference_length"": 50, ""atr_stop_multiplier"": 2.0, ""breakout_length"": 40, ""exit_length"": 10, ""exit_method"": ""risk"", ""reward_risk"": 2.0, ""slope_lookback"": 5, ""trend_length"": 200}",diagnostic_year_2024,adverse,2024-01-01T00:00:00+00:00,2025-01-01T00:00:00+00:00,59,donchian_atr_breakout,1.0.0,38.983050847457626,-0.4577419843514563,-0.45649418214933624,-0.07419034558122098,0,-45.77419843514063,0,59,,,,,,,,,,,,,,,,,0.981547932392109,-0.04568544677511546,-0.7758338717820447,5.919965044172517,287.6560973458699,105.86670282037106,-68.90856564732431,,2.7257761325108465,,172.59384456890334,28.76564076148389,,,489.0155826762571,,,,,,,,,not_modelled_synthetic,,,1.536335894178953,8.28839970637724,109.8582500179016,-68.28582409262023,-102.2955584194537,-99.65605876553418,-51.51453890269235,139.1151268678128,177.43409275807235,188.28392511520832,510.38734769751346,902.7729488259453,,,,-234.05812355034897,188.28392511520832,,-0.7758338717820447,,0.9815479323921088,donchian_atr,eth_short_regime_challenge_v1_donchian_atr,20261007T203647Z-194d4424b93c,49b0cc7496e142fea0a8054bda77bf13,23,36,0,-45.77419843514063,-51.51453890269235,DESCRIPTIVE_SAMPLE,,human_review_required
827790540ac7604f,,ETHUSDT,1h,SHORT_ONLY,"{""atr_expansion_threshold"": 1.1, ""atr_length"": 14, ""atr_reference_length"": 50, ""atr_stop_multiplier"": 2.0, ""breakout_length"": 50, ""exit_length"": 10, ""exit_method"": ""risk"", ""reward_risk"": 2.0, ""slope_lookback"": 5, ""trend_length"": 200}",diagnostic_year_2024,base,2024-01-01T00:00:00+00:00,2025-01-01T00:00:00+00:00,60,donchian_atr_breakout,1.0.0,40.0,1.7660928452460034,1.7612252095939862,0.5290956821037901,0,176.60928452460286,0,60,,,,,,,,,,,,,,,,,1.07285197254125,0.31099355372823023,2.9434880754100456,4.795218307272091,148.14409208545086,108.3679301225252,-67.33947328933338,,2.7341597445466337,,88.88650023897134,14.814416706495225,,,251.84500903091742,,,,,,,,,not_modelled_synthetic,,,1.6092779588118749,4.197416817181957,105.42352414984342,-67.06368395200431,-103.97456283101542,-100.76112685181636,-48.13448053427464,142.8273745721535,184.03326223034583,197.67330977653117,529.3161720540905,936.868452704364,111.92690707548509,299.71027484704723,530.4751985300369,-21.064025251928427,197.67330977653117,,2.9434880754100474,,1.07285197254125,donchian_atr,eth_short_regime_challenge_v1_donchian_atr,20261007T203647Z-194d4424b93c,27d628d6a97846acb587a4cb71c55fe0,24,36,0,176.60928452460274,-48.13448053427464,DESCRIPTIVE_SAMPLE,,human_review_required
827790540ac7604f,,ETHUSDT,1h,SHORT_ONLY,"{""atr_expansion_threshold"": 1.1, ""atr_length"": 14, ""atr_reference_length"": 50, ""atr_stop_multiplier"": 2.0, ""breakout_length"": 50, ""exit_length"": 10, ""exit_method"": ""risk"", ""reward_risk"": 2.0, ""slope_lookback"": 5, ""trend_length"": 200}",diagnostic_year_2024,adverse,2024-01-01T00:00:00+00:00,2025-01-01T00:00:00+00:00,58,donchian_atr_breakout,1.0.0,39.6551724137931,0.14215598833322574,0.14176730880852695,0.0874933647981151,0,14.215598833327654,0,58,,,,,,,,,,,,,,,,,1.0058649170508618,0.05343976048125903,0.24509653160909614,5.352986237095085,282.9690273217891,106.00225638916915,-69.2524656605018,,2.7228948642511432,,169.7816244036124,28.29693740060207,,,481.0475891260036,,,,,,,,,not_modelled_synthetic,,,1.5306640042078332,8.293923950448338,109.8582500179016,-69.21249330849622,-102.67154105380502,-99.91375742829572,-51.324952390059124,139.8601812073455,177.62115883319535,188.28392511520832,510.38734769751346,903.5335051190773,1324.488171921316,3590.3330818603467,6355.929959143191,-174.06832628188073,188.28392511520832,,0.24509653160909747,,1.0058649170508618,donchian_atr,eth_short_regime_challenge_v1_donchian_atr,20261007T203647Z-194d4424b93c,75c40ca6cbee4de29fff9a70ff29ffc8,23,35,0,14.215598833327576,-51.324952390059124,DESCRIPTIVE_SAMPLE,,human_review_required
6719be4e317770b6,,ETHUSDT,1h,SHORT_ONLY,"{""atr_expansion_threshold"": 1.25, ""atr_length"": 14, ""atr_reference_length"": 50, ""atr_stop_multiplier"": 2.0, ""breakout_length"": 30, ""exit_length"": 10, ""exit_method"": ""risk"", ""reward_risk"": 2.0, ""slope_lookback"": 5, ""trend_length"": 200}",diagnostic_year_2024,base,2024-01-01T00:00:00+00:00,2025-01-01T00:00:00+00:00,45,donchian_atr_breakout,1.0.0,37.77777777777778,-0.3212640530898314,-0.32038769009367085,-0.05046928841755828,0,-32.12640530898407,0,45,,,,,,,,,,,,,,,,,0.9834853780277156,-0.031661989028899024,-0.7139201179774252,4.7810550476646805,109.42318890673675,112.5414440146133,-69.47610548419323,,2.457185107418305,,65.65392950281068,10.942321583801782,,,186.0194399933492,,,,,,,,,not_modelled_synthetic,,,1.619858269692708,4.133765333185538,102.17598962181914,-68.72714570178368,-102.13548023130399,-99.91852181437933,-50.414091187984084,153.8888179082769,184.3678228701548,193.81020959032045,522.5941087023186,797.1396179996291,,,,-225.93661489930457,193.81020959032045,,-0.7139201179774237,,0.9834853780277156,donchian_atr,eth_short_regime_challenge_v1_donchian_atr,20261007T203647Z-194d4424b93c,b7ef6bf2425449e3b903f4d6a83c6dd7,17,28,0,-32.12640530898413,-50.414091187984084,DESCRIPTIVE_SAMPLE,,human_review_required
6719be4e317770b6,,ETHUSDT,1h,SHORT_ONLY,"{""atr_expansion_threshold"": 1.25, ""atr_length"": 14, ""atr_reference_length"": 50, ""atr_stop_multiplier"": 2.0, ""breakout_length"": 30, ""exit_length"": 10, ""exit_method"": ""risk"", ""reward_risk"": 2.0, ""slope_lookback"": 5, ""trend_length"": 200}",diagnostic_year_2024,adverse,2024-01-01T00:00:00+00:00,2025-01-01T00:00:00+00:00,44,donchian_atr_breakout,1.0.0,36.36363636363637,-2.25572762980335,-2.2496342906764277,-0.6100394391003678,0,-225.57276298033756,0,44,,,,,,,,,,,,,,,,,0.8871871279272862,-0.40300767781265195,-5.126653704098582,4.944552979099098,210.5694284024713,110.87234996450407,-71.4117986575858,,2.418654098259861,,126.34171264752145,21.056952107920242,,,357.968093157913,,,,,,,,,not_modelled_synthetic,,,1.5525774738727507,8.13563848086166,111.29084706982769,-71.40377423951526,-100.48161295274163,-99.1133337638505,-54.096005506009135,149.15753199545313,176.79704385457347,183.647707298449,502.52276863531154,765.575339805383,,,,-409.2204702787866,183.647707298449,,-5.1266537040985805,,0.8871871279272862,donchian_atr,eth_short_regime_challenge_v1_donchian_atr,20261007T203647Z-194d4424b93c,66f73e9bd81c4aaba24d0bf497df3dc0,16,28,0,-225.57276298033761,-54.096005506009135,DESCRIPTIVE_SAMPLE,,human_review_required
4c4aa07c4c65af74,,ETHUSDT,1h,SHORT_ONLY,"{""atr_expansion_threshold"": 1.25, ""atr_length"": 14, ""atr_reference_length"": 50, ""atr_stop_multiplier"": 2.0, ""breakout_length"": 40, ""exit_length"": 10, ""exit_method"": ""risk"", ""reward_risk"": 2.0, ""slope_lookback"": 5, ""trend_length"": 200}",diagnostic_year_2024,base,2024-01-01T00:00:00+00:00,2025-01-01T00:00:00+00:00,45,donchian_atr_breakout,1.0.0,37.77777777777778,-0.3212640530898314,-0.32038769009367085,-0.05046928841755828,0,-32.12640530898407,0,45,,,,,,,,,,,,,,,,,0.9834853780277156,-0.031661989028899024,-0.7139201179774252,4.7810550476646805,109.42318890673675,112.5414440146133,-69.47610548419323,,2.457185107418305,,65.65392950281068,10.942321583801782,,,186.0194399933492,,,,,,,,,not_modelled_synthetic,,,1.619858269692708,4.133765333185538,102.17598962181914,-68.72714570178368,-102.13548023130399,-99.91852181437933,-50.414091187984084,153.8888179082769,184.3678228701548,193.81020959032045,522.5941087023186,797.1396179996291,,,,-225.93661489930457,193.81020959032045,,-0.7139201179774237,,0.9834853780277156,donchian_atr,eth_short_regime_challenge_v1_donchian_atr,20261007T203647Z-194d4424b93c,92c1e8865c6f4804a4dcb7f79ede23ec,17,28,0,-32.12640530898413,-50.414091187984084,DESCRIPTIVE_SAMPLE,,human_review_required
4c4aa07c4c65af74,,ETHUSDT,1h,SHORT_ONLY,"{""atr_expansion_threshold"": 1.25, ""atr_length"": 14, ""atr_reference_length"": 50, ""atr_stop_multiplier"": 2.0, ""breakout_length"": 40, ""exit_length"": 10, ""exit_method"": ""risk"", ""reward_risk"": 2.0, ""slope_lookback"": 5, ""trend_length"": 200}",diagnostic_year_2024,adverse,2024-01-01T00:00:00+00:00,2025-01-01T00:00:00+00:00,44,donchian_atr_breakout,1.0.0,36.36363636363637,-2.25572762980335,-2.2496342906764277,-0.6100394391003678,0,-225.57276298033756,0,44,,,,,,,,,,,,,,,,,0.8871871279272862,-0.40300767781265195,-5.126653704098582,4.944552979099098,210.5694284024713,110.87234996450407,-71.4117986575858,,2.418654098259861,,126.34171264752145,21.056952107920242,,,357.968093157913,,,,,,,,,not_modelled_synthetic,,,1.5525774738727507,8.13563848086166,111.29084706982769,-71.40377423951526,-100.48161295274163,-99.1133337638505,-54.096005506009135,149.15753199545313,176.79704385457347,183.647707298449,502.52276863531154,765.575339805383,,,,-409.2204702787866,183.647707298449,,-5.1266537040985805,,0.8871871279272862,donchian_atr,eth_short_regime_challenge_v1_donchian_atr,20261007T203647Z-194d4424b93c,0d58de13c1ce458680c63d3353d11796,16,28,0,-225.57276298033761,-54.096005506009135,DESCRIPTIVE_SAMPLE,,human_review_required
db2f1a56c8656a10,,ETHUSDT,1h,SHORT_ONLY,"{""atr_expansion_threshold"": 1.25, ""atr_length"": 14, ""atr_reference_length"": 50, ""atr_stop_multiplier"": 2.0, ""breakout_length"": 50, ""exit_length"": 10, ""exit_method"": ""risk"", ""reward_risk"": 2.0, ""slope_lookback"": 5, ""trend_length"": 200}",diagnostic_year_2024,base,2024-01-01T00:00:00+00:00,2025-01-01T00:00:00+00:00,45,donchian_atr_breakout,1.0.0,37.77777777777778,-0.3212640530898314,-0.32038769009367085,-0.05046928841755828,0,-32.12640530898407,0,45,,,,,,,,,,,,,,,,,0.9834853780277156,-0.031661989028899024,-0.7139201179774252,4.7810550476646805,109.42318890673675,112.5414440146133,-69.47610548419323,,2.457185107418305,,65.65392950281068,10.942321583801782,,,186.0194399933492,,,,,,,,,not_modelled_synthetic,,,1.619858269692708,4.133765333185538,102.17598962181914,-68.72714570178368,-102.13548023130399,-99.91852181437933,-50.414091187984084,153.8888179082769,184.3678228701548,193.81020959032045,522.5941087023186,797.1396179996291,,,,-225.93661489930457,193.81020959032045,,-0.7139201179774237,,0.9834853780277156,donchian_atr,eth_short_regime_challenge_v1_donchian_atr,20261007T203647Z-194d4424b93c,b444796d7d0a47958c54c2efce3b90a4,17,28,0,-32.12640530898413,-50.414091187984084,DESCRIPTIVE_SAMPLE,,human_review_required
db2f1a56c8656a10,,ETHUSDT,1h,SHORT_ONLY,"{""atr_expansion_threshold"": 1.25, ""atr_length"": 14, ""atr_reference_length"": 50, ""atr_stop_multiplier"": 2.0, ""breakout_length"": 50, ""exit_length"": 10, ""exit_method"": ""risk"", ""reward_risk"": 2.0, ""slope_lookback"": 5, ""trend_length"": 200}",diagnostic_year_2024,adverse,2024-01-01T00:00:00+00:00,2025-01-01T00:00:00+00:00,44,donchian_atr_breakout,1.0.0,36.36363636363637,-2.25572762980335,-2.2496342906764277,-0.6100394391003678,0,-225.57276298033756,0,44,,,,,,,,,,,,,,,,,0.8871871279272862,-0.40300767781265195,-5.126653704098582,4.944552979099098,210.5694284024713,110.87234996450407,-71.4117986575858,,2.418654098259861,,126.34171264752145,21.056952107920242,,,357.968093157913,,,,,,,,,not_modelled_synthetic,,,1.5525774738727507,8.13563848086166,111.29084706982769,-71.40377423951526,-100.48161295274163,-99.1133337638505,-54.096005506009135,149.15753199545313,176.79704385457347,183.647707298449,502.52276863531154,765.575339805383,,,,-409.2204702787866,183.647707298449,,-5.1266537040985805,,0.8871871279272862,donchian_atr,eth_short_regime_challenge_v1_donchian_atr,20261007T203647Z-194d4424b93c,a654e1cf1f6843849bab1ecfdaa08ba0,16,28,0,-225.57276298033761,-54.096005506009135,DESCRIPTIVE_SAMPLE,,human_review_required
ff43266d9f6c730a,,ETHUSDT,1h,SHORT_ONLY,"{""atr_expansion_threshold"": 1.1, ""atr_length"": 14, ""atr_reference_length"": 50, ""atr_stop_multiplier"": 2.0, ""breakout_length"": 30, ""exit_length"": 10, ""exit_method"": ""risk"", ""reward_risk"": 2.0, ""slope_lookback"": 5, ""trend_length"": 200}",diagnostic_year_2025,base,2025-01-01T00:00:00+00:00,2026-01-01T00:00:00+00:00,63,donchian_atr_breakout,1.0.0,44.44444444444444,7.850136695580567,7.850136695580567,1.8860979592604699,0,785.0136695580657,0,63,,,,,,,,,,,,,,,,,1.2661827866551,0.8896072256745342,12.460534437429617,5.641677043174243,161.17006034081953,133.3630826950841,-84.26150416869399,,4.169422912324528,,96.7021473997964,16.117024566632733,,,273.98923230724864,,,,,,,,,not_modelled_synthetic,,,1.582728483318875,4.349035433448391,127.11423181890882,-86.27560564283955,-111.17105157766615,-107.95032739363228,-55.56349162637281,184.46987730741682,200.61303382476572,205.7986888401186,776.3716184350822,1302.16615392807,26.215936972916122,98.89912093787503,165.87815020611578,579.2149807179474,205.7986888401186,,12.460534437429613,,1.2661827866551,donchian_atr,eth_short_regime_challenge_v1_donchian_atr,20261007T203647Z-194d4424b93c,6b2d45e5e0834affbc15aab0a678e9c6,28,35,0,785.0136695580659,-55.56349162637281,DESCRIPTIVE_SAMPLE,,human_review_required
ff43266d9f6c730a,,ETHUSDT,1h,SHORT_ONLY,"{""atr_expansion_threshold"": 1.1, ""atr_length"": 14, ""atr_reference_length"": 50, ""atr_stop_multiplier"": 2.0, ""breakout_length"": 30, ""exit_length"": 10, ""exit_method"": ""risk"", ""reward_risk"": 2.0, ""slope_lookback"": 5, ""trend_length"": 200}",diagnostic_year_2025,adverse,2025-01-01T00:00:00+00:00,2026-01-01T00:00:00+00:00,63,donchian_atr_breakout,1.0.0,44.44444444444444,5.837461312388781,5.837461312388781,1.4137657054859443,0,583.7461312388754,0,63,,,,,,,,,,,,,,,,,1.1935598958282216,0.689959154726401,9.265811606966272,6.287283041772869,317.8569894912803,128.55673149837872,-86.1669243061637,,4.13647130759617,,190.71466581826513,31.78577763637752,,,540.3574329459229,,,,,,,,,not_modelled_synthetic,,,1.4919498697852769,8.577102110252746,122.22893942703018,-88.74609017614583,-109.3244775432869,-107.30955409825371,-58.39812445381824,178.45950618234744,192.5542508999145,200.0929230900973,750.8233922480147,1259.4537598369718,34.2773874433126,128.6215620229558,215.75367997112943,383.6532081487778,200.0929230900973,,9.265811606966276,,1.1935598958282216,donchian_atr,eth_short_regime_challenge_v1_donchian_atr,20261007T203647Z-194d4424b93c,79b6f0cd14774339825ecf4cfd95fce9,28,35,0,583.7461312388751,-58.39812445381824,DESCRIPTIVE_SAMPLE,,human_review_required
e0dd4c731d1d27f0,,ETHUSDT,1h,SHORT_ONLY,"{""atr_expansion_threshold"": 1.1, ""atr_length"": 14, ""atr_reference_length"": 50, ""atr_stop_multiplier"": 2.0, ""breakout_length"": 40, ""exit_length"": 10, ""exit_method"": ""risk"", ""reward_risk"": 2.0, ""slope_lookback"": 5, ""trend_length"": 200}",diagnostic_year_2025,base,2025-01-01T00:00:00+00:00,2026-01-01T00:00:00+00:00,61,donchian_atr_breakout,1.0.0,45.90163934426229,9.029878052693373,9.029878052693373,2.1781585390501186,0,902.9878052693412,0,61,,,,,,,,,,,,,,,,,1.3175914281267438,1.015853708470535,14.803078774907233,5.074155315836116,156.33998656243338,133.7937549582746,-86.1587070776469,,3.74120214276059,,93.8041146578822,15.634019109647035,,,265.77812032996263,,,,,,,,,not_modelled_synthetic,,,1.5528756117208051,4.3570183660649615,127.87874437149144,-88.3342182212195,-111.86130918506979,-107.99939728777557,-55.89769031417552,185.69193755063296,200.78031301880932,205.7986888401186,777.4818793385864,1305.4163091613777,22.790860257380047,86.10103866316123,144.56632764514478,697.1891164292226,205.7986888401186,,14.803078774907233,,1.3175914281267438,donchian_atr,eth_short_regime_challenge_v1_donchian_atr,20261007T203647Z-194d4424b93c,0f97421b8732488da629986155893a51,28,33,0,902.9878052693412,-55.89769031417552,DESCRIPTIVE_SAMPLE,,human_review_required
e0dd4c731d1d27f0,,ETHUSDT,1h,SHORT_ONLY,"{""atr_expansion_threshold"": 1.1, ""atr_length"": 14, ""atr_reference_length"": 50, ""atr_stop_multiplier"": 2.0, ""breakout_length"": 40, ""exit_length"": 10, ""exit_method"": ""risk"", ""reward_risk"": 2.0, ""slope_lookback"": 5, ""trend_length"": 200}",diagnostic_year_2025,adverse,2025-01-01T00:00:00+00:00,2026-01-01T00:00:00+00:00,61,donchian_atr_breakout,1.0.0,45.90163934426229,7.068524119842334,7.068524119842334,1.7112587785710431,0,706.8524119842274,0,61,,,,,,,,,,,,,,,,,1.2433250909864741,0.825652664916915,11.587744458757824,5.691282410463828,308.3842899892362,128.99370489456936,-88.02943409283984,,3.708224057190774,,185.03109105819118,30.8385151763652,,,524.2538962237926,,,,,,,,,not_modelled_synthetic,,,1.4653474286626305,8.594326167603157,123.00624492798082,-90.9849302262085,-110.04328147779769,-107.34663700648247,-58.769544054843564,179.76348946143264,192.79743387379133,200.0929230900973,751.9596109869595,1262.771283743467,28.30759571554835,106.38141686128091,178.64709270761384,506.75948889412996,200.0929230900973,,11.587744458757825,,1.2433250909864744,donchian_atr,eth_short_regime_challenge_v1_donchian_atr,20261007T203647Z-194d4424b93c,a8dd3ff9b4d94cbdace99518580ca85d,28,33,0,706.8524119842273,-58.769544054843564,DESCRIPTIVE_SAMPLE,,human_review_required
827790540ac7604f,,ETHUSDT,1h,SHORT_ONLY,"{""atr_expansion_threshold"": 1.1, ""atr_length"": 14, ""atr_reference_length"": 50, ""atr_stop_multiplier"": 2.0, ""breakout_length"": 50, ""exit_length"": 10, ""exit_method"": ""risk"", ""reward_risk"": 2.0, ""slope_lookback"": 5, ""trend_length"": 200}",diagnostic_year_2025,base,2025-01-01T00:00:00+00:00,2026-01-01T00:00:00+00:00,60,donchian_atr_breakout,1.0.0,46.666666666666664,9.555912364397411,9.555912364397411,2.3033323358045257,0,955.5912364397434,0,60,,,,,,,,,,,,,,,,,1.3398837279548923,1.0693045780477672,15.926520607329058,4.888838275326219,154.07145589177887,134.53982757007438,-87.8601229850731,,3.7296094134961675,,92.44300137391767,15.407166895652946,,,261.9216241613495,,,,,,,,,not_modelled_synthetic,,,1.5312956890913054,4.365360402689158,128.39826970335622,-88.67471365508464,-112.41190220656226,-108.07063964812203,-59.392914407556866,186.55548297013084,200.86395261583112,205.7986888401186,591.8622506755204,1137.9306485883858,21.53626791376457,61.93675999799118,119.08131899869511,749.7925475996249,205.7986888401186,,15.926520607329056,,1.3398837279548925,donchian_atr,eth_short_regime_challenge_v1_donchian_atr,20261007T203647Z-194d4424b93c,5ef729a9f8b3430182df8d5e0678ad00,28,32,0,955.5912364397435,-59.392914407556866,DESCRIPTIVE_SAMPLE,,human_review_required
827790540ac7604f,,ETHUSDT,1h,SHORT_ONLY,"{""atr_expansion_threshold"": 1.1, ""atr_length"": 14, ""atr_reference_length"": 50, ""atr_stop_multiplier"": 2.0, ""breakout_length"": 50, ""exit_length"": 10, ""exit_method"": ""risk"", ""reward_risk"": 2.0, ""slope_lookback"": 5, ""trend_length"": 200}",diagnostic_year_2025,adverse,2025-01-01T00:00:00+00:00,2026-01-01T00:00:00+00:00,60,donchian_atr_breakout,1.0.0,46.666666666666664,7.621897736484895,7.621897736484895,1.8421267398523062,0,762.1897736484872,0,60,,,,,,,,,,,,,,,,,1.2655083328442431,0.8843455665403201,12.703162894141453,5.31219736569923,303.9356205375773,129.7453911236258,-89.70878680665734,,3.6966300351095973,,182.36190945254756,30.3936515754246,,,516.6911815655494,,,,,,,,,not_modelled_synthetic,,,1.4462952375362779,8.611519692759156,123.54815577009245,-91.5747932262914,-110.62383226244314,-107.4234024939032,-62.52201864869582,180.7397284218042,192.91902536072973,200.0929230900973,572.2670152099695,1099.795136310791,26.25237572163724,75.08195924364267,144.2941343920475,562.0968505583899,200.0929230900973,,12.703162894141453,,1.2655083328442431,donchian_atr,eth_short_regime_challenge_v1_donchian_atr,20261007T203647Z-194d4424b93c,242e3c150a8b4aa880c61e452f832629,28,32,0,762.1897736484872,-62.52201864869582,DESCRIPTIVE_SAMPLE,,human_review_required
6719be4e317770b6,,ETHUSDT,1h,SHORT_ONLY,"{""atr_expansion_threshold"": 1.25, ""atr_length"": 14, ""atr_reference_length"": 50, ""atr_stop_multiplier"": 2.0, ""breakout_length"": 30, ""exit_length"": 10, ""exit_method"": ""risk"", ""reward_risk"": 2.0, ""slope_lookback"": 5, ""trend_length"": 200}",diagnostic_year_2025,base,2025-01-01T00:00:00+00:00,2026-01-01T00:00:00+00:00,46,donchian_atr_breakout,1.0.0,52.17391304347826,12.580988761045964,12.580988761045964,3.372027300037785,0,1258.0988761045958,0,46,,,,,,,,,,,,,,,,,1.6171248270433987,1.4897203008222748,27.349975567491214,3.9596124722677857,117.69899554605384,137.3643574112401,-92.66571371659846,,3.023490347748527,,70.61955043730374,11.769925072883957,,,200.08847105624153,,,,,,,,,not_modelled_synthetic,,,1.482364424789782,4.349749370787859,133.51099236720117,-97.65252722061575,-115.31918932853004,-107.9018911020573,69.51723154687176,190.4106246399933,198.776578842689,202.4796466523233,587.4533768209296,965.5209369041797,16.094096457605417,46.693736714862936,76.74443998342053,1055.6192294522725,202.4796466523233,,27.349975567491214,,1.6171248270433984,donchian_atr,eth_short_regime_challenge_v1_donchian_atr,20261007T203647Z-194d4424b93c,40abb5fb23ef44fd8350a70b76469f5a,24,22,0,1258.0988761045958,69.51723154687176,DESCRIPTIVE_SAMPLE,,human_review_required
6719be4e317770b6,,ETHUSDT,1h,SHORT_ONLY,"{""atr_expansion_threshold"": 1.25, ""atr_length"": 14, ""atr_reference_length"": 50, ""atr_stop_multiplier"": 2.0, ""breakout_length"": 30, ""exit_length"": 10, ""exit_method"": ""risk"", ""reward_risk"": 2.0, ""slope_lookback"": 5, ""trend_length"": 200}",diagnostic_year_2025,adverse,2025-01-01T00:00:00+00:00,2026-01-01T00:00:00+00:00,46,donchian_atr_breakout,1.0.0,52.17391304347826,11.09531909241861,11.09531909241861,2.977632420395876,0,1109.5319092418613,0,46,,,,,,,,,,,,,,,,,1.5343705446578766,1.353289373066438,24.120258896562206,4.07155867983635,232.53034910735877,132.74442682439022,-94.37883338834109,,2.9916716725274144,,139.5188414947961,23.253140249132684,,,395.3023308512876,,,,,,,,,not_modelled_synthetic,,,1.4065063326030534,8.59352893154973,128.7986968445331,-100.27471183098007,-113.99422832720464,-109.07686896909576,65.30860315333483,184.80357338633831,191.67327671305407,197.0619429070697,567.0615557260653,935.6068826072385,17.76081798690416,51.10817913416623,84.32446825675656,912.4699663347918,197.0619429070697,,24.120258896562202,,1.5343705446578761,donchian_atr,eth_short_regime_challenge_v1_donchian_atr,20261007T203647Z-194d4424b93c,ce56873bce1f4832b757b0bc255700be,24,22,0,1109.5319092418615,65.30860315333483,DESCRIPTIVE_SAMPLE,,human_review_required
4c4aa07c4c65af74,,ETHUSDT,1h,SHORT_ONLY,"{""atr_expansion_threshold"": 1.25, ""atr_length"": 14, ""atr_reference_length"": 50, ""atr_stop_multiplier"": 2.0, ""breakout_length"": 40, ""exit_length"": 10, ""exit_method"": ""risk"", ""reward_risk"": 2.0, ""slope_lookback"": 5, ""trend_length"": 200}",diagnostic_year_2025,base,2025-01-01T00:00:00+00:00,2026-01-01T00:00:00+00:00,45,donchian_atr_breakout,1.0.0,53.333333333333336,13.258108446133043,13.258108446133043,3.56450039475993,0,1325.8108446133037,0,45,,,,,,,,,,,,,,,,,1.6689670319711738,1.5657076440641422,29.462463213628975,3.959615763647047,115.43700345703012,137.82035614479585,-94.3751287077046,,2.9889396491656917,,69.26236188988143,11.543726981646907,,,196.24309232855845,,,,,,,,,not_modelled_synthetic,,,1.460346152974777,4.360957607301299,134.31402910038946,-100.49200847507069,-116.01600772886948,-107.92574251776075,76.44173229243894,191.61873952968256,198.85886923845868,202.4796466523233,588.6005508514019,967.8074908079548,15.272136856851557,44.39551488380513,72.99740341845165,1123.3311979609807,202.4796466523233,,29.462463213628972,,1.6689670319711738,donchian_atr,eth_short_regime_challenge_v1_donchian_atr,20261007T203647Z-194d4424b93c,9f26cd76d87b4489aaa5d1c535a4c22a,24,21,0,1325.810844613304,76.44173229243894,DESCRIPTIVE_SAMPLE,,human_review_required
4c4aa07c4c65af74,,ETHUSDT,1h,SHORT_ONLY,"{""atr_expansion_threshold"": 1.25, ""atr_length"": 14, ""atr_reference_length"": 50, ""atr_stop_multiplier"": 2.0, ""breakout_length"": 40, ""exit_length"": 10, ""exit_method"": ""risk"", ""reward_risk"": 2.0, ""slope_lookback"": 5, ""trend_length"": 200}",diagnostic_year_2025,adverse,2025-01-01T00:00:00+00:00,2026-01-01T00:00:00+00:00,45,donchian_atr_breakout,1.0.0,53.333333333333336,11.801865705567472,11.801865705567472,3.177344641337086,0,1180.1865705567548,0,45,,,,,,,,,,,,,,,,,1.5851691813540838,1.435149677179098,26.22636823459455,4.071558379358536,228.07257687287944,133.209010281829,-96.03950839081624,,2.957118348476336,,136.84420464622985,22.80736744103831,,,387.7241489601476,,,,,,,,,not_modelled_synthetic,,,1.3870230336848235,8.61609219911439,129.6179023061566,-103.10491047356166,-114.72315934269858,-109.73784777862869,71.9953929723109,185.20866309800616,192.2335946029541,197.0619429070697,568.3894135280094,937.953385186738,16.69752459681908,48.160979603408876,79.47500917115649,983.1246276496851,197.0619429070697,,26.22636823459455,,1.5851691813540838,donchian_atr,eth_short_regime_challenge_v1_donchian_atr,20261007T203647Z-194d4424b93c,780bc062273345a0b7b16820eabe149c,24,21,0,1180.1865705567548,71.9953929723109,DESCRIPTIVE_SAMPLE,,human_review_required
db2f1a56c8656a10,,ETHUSDT,1h,SHORT_ONLY,"{""atr_expansion_threshold"": 1.25, ""atr_length"": 14, ""atr_reference_length"": 50, ""atr_stop_multiplier"": 2.0, ""breakout_length"": 50, ""exit_length"": 10, ""exit_method"": ""risk"", ""reward_risk"": 2.0, ""slope_lookback"": 5, ""trend_length"": 200}",diagnostic_year_2025,base,2025-01-01T00:00:00+00:00,2026-01-01T00:00:00+00:00,45,donchian_atr_breakout,1.0.0,53.333333333333336,13.387561257568347,13.387561257568347,3.596728839122952,0,1338.7561257568373,0,45,,,,,,,,,,,,,,,,,1.6751161712878357,1.5768005500119537,29.750136127929718,3.9596139771447243,115.48823452980253,138.40655202768357,-94.42862490036042,,2.9859640552500846,,69.29310190194433,11.548850316990722,,,196.3301867487376,,,,,,,,,not_modelled_synthetic,,,1.4657266498768562,4.362893038860835,134.3656898586754,-100.60685726737178,-116.1485992964041,-107.97922841443726,85.04605680647566,191.808719579453,198.85886923845868,202.4796466523233,588.819726377549,968.1723031844022,15.12446088998142,43.98259810349494,72.31879537709428,1136.276479104514,202.4796466523233,,29.750136127929718,,1.675116171287836,donchian_atr,eth_short_regime_challenge_v1_donchian_atr,20261007T203647Z-194d4424b93c,d5ecbc42e22c47a786d55b6121080973,24,21,0,1338.7561257568373,85.04605680647566,DESCRIPTIVE_SAMPLE,,human_review_required
db2f1a56c8656a10,,ETHUSDT,1h,SHORT_ONLY,"{""atr_expansion_threshold"": 1.25, ""atr_length"": 14, ""atr_reference_length"": 50, ""atr_stop_multiplier"": 2.0, ""breakout_length"": 50, ""exit_length"": 10, ""exit_method"": ""risk"", ""reward_risk"": 2.0, ""slope_lookback"": 5, ""trend_length"": 200}",diagnostic_year_2025,adverse,2025-01-01T00:00:00+00:00,2026-01-01T00:00:00+00:00,45,donchian_atr_breakout,1.0.0,53.333333333333336,11.929790234979487,11.929790234979487,3.209363583693259,0,1192.9790234979462,0,45,,,,,,,,,,,,,,,,,1.5911772054175877,1.4468137756603228,26.51064496662103,4.071559324358239,228.1736463286967,133.78962428239623,-96.09390282283636,,2.9541424398845955,,136.9048517647167,22.817475294119454,,,387.8959733875328,,,,,,,,,not_modelled_synthetic,,,1.3922800547403893,8.619910519722952,129.66770542169394,-103.22293530911223,-114.85439206343509,-109.84707742317968,80.51924619957367,185.26570998254573,192.32730398345677,197.0619429070697,568.6736979984627,938.308563341634,16.51847509684305,47.6683736090387,78.6525617684718,995.9170805908767,197.0619429070697,,26.510644966621026,,1.5911772054175877,donchian_atr,eth_short_regime_challenge_v1_donchian_atr,20261007T203647Z-194d4424b93c,918158e1cd784c0e9dbe9b27a973801a,24,21,0,1192.9790234979464,80.51924619957367,DESCRIPTIVE_SAMPLE,,human_review_required
ff43266d9f6c730a,,ETHUSDT,1h,SHORT_ONLY,"{""atr_expansion_threshold"": 1.1, ""atr_length"": 14, ""atr_reference_length"": 50, ""atr_stop_multiplier"": 2.0, ""breakout_length"": 30, ""exit_length"": 10, ""exit_method"": ""risk"", ""reward_risk"": 2.0, ""slope_lookback"": 5, ""trend_length"": 200}",diagnostic_year_2026,base,2026-01-01T00:00:00+00:00,2026-09-26T00:00:00+00:00,38,donchian_atr_breakout,1.0.0,36.8421052631579,0.6787679859564744,0.9255753924146681,0.2786307947094062,0,67.87679859565057,0,38,,,,,,,,,,,,,,,,,1.0474087596508075,0.1623784401556337,1.786231541990802,5.625452688981934,95.58537062810555,107.11515573702742,-59.6556409051139,,3.1595377318017217,,57.3512465659188,9.5585410943198,,,162.49515828834413,,,,,,,,,not_modelled_synthetic,,,1.7955578736870985,4.276188376009056,92.48051574164377,-54.13536018118654,-104.54091553964041,-102.87826542797468,-43.36949758898052,158.89790196271298,183.48123496302725,187.31420382705147,364.2690323459293,656.9216920721177,275.9620484503147,536.6620699304336,967.8147845267015,-119.437405231401,187.31420382705147,,1.7862315419908044,,1.0474087596508077,donchian_atr,eth_short_regime_challenge_v1_donchian_atr,20261007T203647Z-194d4424b93c,e53a3a266b234afcbf6e9606e894344b,14,24,0,67.87679859565047,-43.36949758898052,DESCRIPTIVE_SAMPLE,,human_review_required
ff43266d9f6c730a,,ETHUSDT,1h,SHORT_ONLY,"{""atr_expansion_threshold"": 1.1, ""atr_length"": 14, ""atr_reference_length"": 50, ""atr_stop_multiplier"": 2.0, ""breakout_length"": 30, ""exit_length"": 10, ""exit_method"": ""risk"", ""reward_risk"": 2.0, ""slope_lookback"": 5, ""trend_length"": 200}",diagnostic_year_2026,adverse,2026-01-01T00:00:00+00:00,2026-09-26T00:00:00+00:00,37,donchian_atr_breakout,1.0.0,37.83783783783784,0.11464121926574311,0.15616688115320798,0.09825766529409562,0,11.464121926572453,0,37,,,,,,,,,,,,,,,,,1.007962016131292,0.056837306965210076,0.309841133150607,5.893502865588419,185.5140902310451,103.66541104787548,-62.60224490189931,,2.9351618879338512,,111.30859141068595,18.551431901780994,,,315.374113543512,,,,,,,,,not_modelled_synthetic,,,1.65593759792998,8.523624690365189,89.13791313388069,-56.625607160974354,-104.51125283543735,-103.24805309274709,-45.79674835048303,157.17094563785915,179.1393214697289,182.4391622171442,355.7121001359126,642.2518448885935,1591.3923751480004,3102.829003514125,5602.276816333667,-170.97504029057174,182.4391622171442,,0.30984113315060685,,1.007962016131292,donchian_atr,eth_short_regime_challenge_v1_donchian_atr,20261007T203647Z-194d4424b93c,617ee622ed084083bfd99ec8a79b0ce3,14,23,0,11.46412192657246,-45.79674835048303,DESCRIPTIVE_SAMPLE,,human_review_required
e0dd4c731d1d27f0,,ETHUSDT,1h,SHORT_ONLY,"{""atr_expansion_threshold"": 1.1, ""atr_length"": 14, ""atr_reference_length"": 50, ""atr_stop_multiplier"": 2.0, ""breakout_length"": 40, ""exit_length"": 10, ""exit_method"": ""risk"", ""reward_risk"": 2.0, ""slope_lookback"": 5, ""trend_length"": 200}",diagnostic_year_2026,base,2026-01-01T00:00:00+00:00,2026-09-26T00:00:00+00:00,36,donchian_atr_breakout,1.0.0,38.888888888888886,1.504234781514091,2.0542371778568658,0.549312515643505,0,150.4234781514092,0,36,,,,,,,,,,,,,,,,,1.111491800894722,0.31665202336595655,4.178429948650254,4.851674297475456,90.48066248602416,107.11515573702742,-61.326759189407944,,2.9915717513700537,,54.288429436881856,9.048071572813644,,,153.81716349571965,,,,,,,,,not_modelled_synthetic,,,1.7466299728345631,4.272698985992212,92.48051574164377,-55.82534600380785,-104.58006151282859,-102.92880095223802,-43.36949758898052,161.02224626343826,183.6884224691907,187.31420382705147,364.2690323459293,656.9216920721177,124.5245796261338,242.16235179675434,436.714866685167,-36.89072567564233,187.31420382705147,,4.178429948650256,,1.1114918008947223,donchian_atr,eth_short_regime_challenge_v1_donchian_atr,20261007T203647Z-194d4424b93c,1ffc60689d9147b58b3530fb5a433c43,14,22,0,150.42347815140914,-43.36949758898052,DESCRIPTIVE_SAMPLE,,human_review_required
e0dd4c731d1d27f0,,ETHUSDT,1h,SHORT_ONLY,"{""atr_expansion_threshold"": 1.1, ""atr_length"": 14, ""atr_reference_length"": 50, ""atr_stop_multiplier"": 2.0, ""breakout_length"": 40, ""exit_length"": 10, ""exit_method"": ""risk"", ""reward_risk"": 2.0, ""slope_lookback"": 5, ""trend_length"": 200}",diagnostic_year_2026,adverse,2026-01-01T00:00:00+00:00,2026-09-26T00:00:00+00:00,35,donchian_atr_breakout,1.0.0,40.0,1.0043830695576128,1.3703908466622838,0.4059853749968629,0,100.43830695576136,0,35,,,,,,,,,,,,,,,,,1.0743504209990995,0.23161308744890355,2.8696659130217532,5.057156774096412,175.3599300015636,103.66541104787548,-64.32749751021406,,2.7671853017673276,,105.21612539209913,17.53602089868319,,,298.11207629234593,,,,,,,,,not_modelled_synthetic,,,1.6115256314986492,8.517487894067026,89.13791313388069,-58.490113651146984,-104.54051894017016,-103.28888864165215,-45.79674835048303,159.18369467297282,179.3226459556964,182.4391622171442,355.7121001359126,642.2518448885935,181.64300827721098,354.1597931281219,639.4490950265391,-82.00085526138284,182.4391622171442,,2.8696659130217532,,1.0743504209990993,donchian_atr,eth_short_regime_challenge_v1_donchian_atr,20261007T203647Z-194d4424b93c,fb1516870a7842d39284bb754b8e5ce7,14,21,0,100.43830695576136,-45.79674835048303,DESCRIPTIVE_SAMPLE,,human_review_required
827790540ac7604f,,ETHUSDT,1h,SHORT_ONLY,"{""atr_expansion_threshold"": 1.1, ""atr_length"": 14, ""atr_reference_length"": 50, ""atr_stop_multiplier"": 2.0, ""breakout_length"": 50, ""exit_length"": 10, ""exit_method"": ""risk"", ""reward_risk"": 2.0, ""slope_lookback"": 5, ""trend_length"": 200}",diagnostic_year_2026,base,2026-01-01T00:00:00+00:00,2026-09-26T00:00:00+00:00,34,donchian_atr_breakout,1.0.0,35.294117647058826,-0.6296043459579792,-0.8565052059479772,-0.14564360876832733,0,-62.96043459579724,0,34,,,,,,,,,,,,,,,,,0.9533551546292024,-0.08656632985798927,-1.8517774881116835,5.798336690665844,84.0468147414296,107.23524107620626,-61.35378761410329,,2.917496685757654,,50.42809723636958,8.404682872728264,,,142.87959485052747,,,,,,,,,not_modelled_synthetic,,,1.7478177834868711,4.202341025015514,89.24136883783687,-56.97233166023213,-102.68083572142395,-101.195857343732,-43.48574952741589,161.4807979173508,182.32500547978793,187.31420382705147,359.50962478360725,648.4791179157951,,,,-250.2746384228487,187.31420382705147,,-1.8517774881116835,,0.9533551546292025,donchian_atr,eth_short_regime_challenge_v1_donchian_atr,20261007T203647Z-194d4424b93c,2732b175ba82422e9f3d5d4fb1d40df5,12,22,0,-62.96043459579724,-43.48574952741589,DESCRIPTIVE_SAMPLE,,human_review_required
827790540ac7604f,,ETHUSDT,1h,SHORT_ONLY,"{""atr_expansion_threshold"": 1.1, ""atr_length"": 14, ""atr_reference_length"": 50, ""atr_stop_multiplier"": 2.0, ""breakout_length"": 50, ""exit_length"": 10, ""exit_method"": ""risk"", ""reward_risk"": 2.0, ""slope_lookback"": 5, ""trend_length"": 200}",diagnostic_year_2026,adverse,2026-01-01T00:00:00+00:00,2026-09-26T00:00:00+00:00,33,donchian_atr_breakout,1.0.0,36.36363636363637,-1.054463890139301,-1.433370201133033,-0.30823449447354456,0,-105.44638901392761,0,33,,,,,,,,,,,,,,,,,0.9219573014135903,-0.1816109982573479,-3.1953451216341686,6.120658212346217,162.5535739799702,103.80756306054751,-64.33986408288084,,2.693105921977107,,97.53221616378572,16.255369360630954,,,276.34115950438684,,,,,,,,,not_modelled_synthetic,,,1.6134252774737832,8.373974530435964,85.78176589839282,-58.717135042378466,-102.87137980093775,-101.3898427808698,-46.72117576341927,159.35313618391308,178.03132442232518,182.4391622171442,351.103831325479,634.09577896437,,,,-287.88555123107176,182.4391622171442,,-3.19534512163417,,0.9219573014135903,donchian_atr,eth_short_regime_challenge_v1_donchian_atr,20261007T203647Z-194d4424b93c,03e1701098664a1da6a74d5c59daae27,12,21,0,-105.44638901392756,-46.72117576341927,DESCRIPTIVE_SAMPLE,,human_review_required
6719be4e317770b6,,ETHUSDT,1h,SHORT_ONLY,"{""atr_expansion_threshold"": 1.25, ""atr_length"": 14, ""atr_reference_length"": 50, ""atr_stop_multiplier"": 2.0, ""breakout_length"": 30, ""exit_length"": 10, ""exit_method"": ""risk"", ""reward_risk"": 2.0, ""slope_lookback"": 5, ""trend_length"": 200}",diagnostic_year_2026,base,2026-01-01T00:00:00+00:00,2026-09-26T00:00:00+00:00,30,donchian_atr_breakout,1.0.0,36.666666666666664,1.0583366865037247,1.4441458541353258,0.48450654173937063,0,105.83366865037405,0,30,,,,,,,,,,,,,,,,,1.0945058579219435,0.25378011403873946,3.5277889550124684,5.811930592865839,77.01445892566794,111.42702286135513,-58.940188569712234,,2.6006828910594932,,46.20870021501993,7.701450035836655,,,130.9246091765245,,,,,,,,,not_modelled_synthetic,,,1.8905101182288115,4.364153639217483,96.17011162330522,-54.77799303632232,-105.28422418128788,-98.44904829723205,-44.681727448653,168.67069534043867,185.63283349215183,188.5826208354637,366.99356117674847,523.7595126272643,178.1877385904993,346.7644709446169,494.8893100904644,-82.74895218508965,188.5826208354637,,3.5277889550124684,,1.0945058579219435,donchian_atr,eth_short_regime_challenge_v1_donchian_atr,20261007T203647Z-194d4424b93c,d7573b10635c4c848355c283228e175b,11,19,0,105.83366865037405,-44.681727448653,DESCRIPTIVE_SAMPLE,,human_review_required
6719be4e317770b6,,ETHUSDT,1h,SHORT_ONLY,"{""atr_expansion_threshold"": 1.25, ""atr_length"": 14, ""atr_reference_length"": 50, ""atr_stop_multiplier"": 2.0, ""breakout_length"": 30, ""exit_length"": 10, ""exit_method"": ""risk"", ""reward_risk"": 2.0, ""slope_lookback"": 5, ""trend_length"": 200}",diagnostic_year_2026,adverse,2026-01-01T00:00:00+00:00,2026-09-26T00:00:00+00:00,29,donchian_atr_breakout,1.0.0,37.93103448275862,0.7287497499110618,0.9938205755256613,0.3773604551549061,0,72.87497499110314,0,29,,,,,,,,,,,,,,,,,1.0653280891258474,0.19200704117957704,2.512930172107005,5.962438572289335,148.61780314030304,108.03616427232105,-61.97349066691269,,2.377687824485123,,89.17081860484976,14.861803100808293,,,252.65042484596108,,,,,,,,,not_modelled_synthetic,,,1.743264145842296,8.712083615377969,92.81209982367275,-57.9794814265242,-105.35853119871469,-100.68890224939345,-47.23110726105935,166.61930292896832,181.2564123401124,183.7380176305554,358.61315922381436,512.8487041563468,252.12772649731522,492.0936978264421,703.737742920608,-110.86304263945225,183.7380176305554,,2.512930172107005,,1.0653280891258474,donchian_atr,eth_short_regime_challenge_v1_donchian_atr,20261007T203647Z-194d4424b93c,0e7367db0f874a1cae292711a3cad2d0,11,18,0,72.87497499110314,-47.23110726105935,DESCRIPTIVE_SAMPLE,,human_review_required
4c4aa07c4c65af74,,ETHUSDT,1h,SHORT_ONLY,"{""atr_expansion_threshold"": 1.25, ""atr_length"": 14, ""atr_reference_length"": 50, ""atr_stop_multiplier"": 2.0, ""breakout_length"": 40, ""exit_length"": 10, ""exit_method"": ""risk"", ""reward_risk"": 2.0, ""slope_lookback"": 5, ""trend_length"": 200}",diagnostic_year_2026,base,2026-01-01T00:00:00+00:00,2026-09-26T00:00:00+00:00,28,donchian_atr_breakout,1.0.0,39.285714285714285,1.8869157904603417,2.578607169808955,0.8361279991784569,0,188.69157904603173,0,28,,,,,,,,,,,,,,,,,1.1819580973015107,0.42938965094688664,6.7389849659297045,5.039680932802043,71.89368164314374,111.42702286135513,-61.00033367228675,,2.4327169357802756,,43.13624163152821,7.189373605254702,,,122.21929687992665,,,,,,,,,not_modelled_synthetic,,,1.8266625140114254,4.364974888568809,96.17011162330522,-55.08417769602283,-105.34264441864876,-99.50710551006418,-44.681727448653,170.8351942295156,185.8362671020354,188.5826208354637,366.99356117674847,523.7595126272643,99.94225592306827,194.4938735645535,277.574396947249,0.10895821056803356,188.5826208354637,,6.7389849659297045,,1.1819580973015107,donchian_atr,eth_short_regime_challenge_v1_donchian_atr,20261007T203647Z-194d4424b93c,d7e2cfa4fe5e4a61944f2e04d7c086d9,11,17,0,188.69157904603173,-44.681727448653,DESCRIPTIVE_SAMPLE,,human_review_required
4c4aa07c4c65af74,,ETHUSDT,1h,SHORT_ONLY,"{""atr_expansion_threshold"": 1.25, ""atr_length"": 14, ""atr_reference_length"": 50, ""atr_stop_multiplier"": 2.0, ""breakout_length"": 40, ""exit_length"": 10, ""exit_method"": ""risk"", ""reward_risk"": 2.0, ""slope_lookback"": 5, ""trend_length"": 200}",diagnostic_year_2026,adverse,2026-01-01T00:00:00+00:00,2026-09-26T00:00:00+00:00,27,donchian_atr_breakout,1.0.0,40.74074074074074,1.623949196530683,2.2181994993575316,0.7938063825236665,0,162.3949196530658,0,27,,,,,,,,,,,,,,,,,1.1582792033594547,0.39311181466280537,6.014626653817253,5.126705247289736,138.40769523328564,108.03616427232105,-64.12518045890411,,2.2097112866890174,,83.04478416901388,13.840797361502315,,,235.29327676380183,,,,,,,,,not_modelled_synthetic,,,1.6847697503410248,8.714565806066734,92.81209982367275,-58.47385029839229,-105.40501359885054,-101.43796788550107,-47.23110726105935,168.68326259504101,181.43366986085832,183.7380176305554,358.61315922381436,512.8487041563468,113.14271285277037,220.82781899208518,315.80341629650536,-21.343097977489577,183.7380176305554,,6.014626653817253,,1.1582792033594547,donchian_atr,eth_short_regime_challenge_v1_donchian_atr,20261007T203647Z-194d4424b93c,6ae586981b9c415fb93132c9cadfa698,11,16,0,162.3949196530658,-47.23110726105935,DESCRIPTIVE_SAMPLE,,human_review_required
db2f1a56c8656a10,,ETHUSDT,1h,SHORT_ONLY,"{""atr_expansion_threshold"": 1.25, ""atr_length"": 14, ""atr_reference_length"": 50, ""atr_stop_multiplier"": 2.0, ""breakout_length"": 50, ""exit_length"": 10, ""exit_method"": ""risk"", ""reward_risk"": 2.0, ""slope_lookback"": 5, ""trend_length"": 200}",diagnostic_year_2026,base,2026-01-01T00:00:00+00:00,2026-09-26T00:00:00+00:00,25,donchian_atr_breakout,1.0.0,36.0,0.3929615174889989,0.5355704055839849,0.22081052007615515,0,39.29615174890573,0,25,,,,,,,,,,,,,,,,,1.040119365206605,0.11673180919136139,1.5718460699562318,4.466465889633637,63.367766466014146,113.19744966510063,-61.2175559523125,,2.3153250549915825,,38.020675316852625,6.336779219475438,,,107.72522100234221,,,,,,,,,not_modelled_synthetic,,,1.849101093700631,4.309008840093688,96.17011162330522,-55.4503779377459,-103.26103421383974,-99.01415860832051,-44.87806085091083,171.1452197556825,185.2604006746262,188.5826208354637,363.3226576674379,520.0886091179538,479.90098888172895,924.5756683478673,1323.5102827401813,-149.2864690865579,188.5826208354637,,1.571846069956229,,1.040119365206605,donchian_atr,eth_short_regime_challenge_v1_donchian_atr,20261007T203647Z-194d4424b93c,ab8c24c5e66f403cb8759cf4374a1359,9,16,0,39.29615174890579,-44.87806085091083,DESCRIPTIVE_SAMPLE,,human_review_required
db2f1a56c8656a10,,ETHUSDT,1h,SHORT_ONLY,"{""atr_expansion_threshold"": 1.25, ""atr_length"": 14, ""atr_reference_length"": 50, ""atr_stop_multiplier"": 2.0, ""breakout_length"": 50, ""exit_length"": 10, ""exit_method"": ""risk"", ""reward_risk"": 2.0, ""slope_lookback"": 5, ""trend_length"": 200}",diagnostic_year_2026,adverse,2026-01-01T00:00:00+00:00,2026-09-26T00:00:00+00:00,24,donchian_atr_breakout,1.0.0,37.5,0.23359524035413415,0.3182771955522856,0.16341443446578335,0,23.35952403541104,0,24,,,,,,,,,,,,,,,,,1.0242072906658541,0.0832751199100376,0.9733135014754595,4.521252000914563,121.40069484130888,109.81537731201749,-64.33192478484976,,2.0923120591355326,,72.84051339592882,12.140085565988137,,,206.38129380322582,,,,,,,,,not_modelled_synthetic,,,1.707012151109757,8.599220575134408,92.81209982367275,-57.42690126290807,-103.37200001911337,-100.51693086892557,-47.430477818347214,168.8158159522627,180.8976987153489,183.7380176305554,355.12682258629997,509.36236751883234,786.5657594393806,1520.2656614405255,2180.534015790231,-160.37849359514436,183.7380176305554,,0.97331350147546,,1.0242072906658544,donchian_atr,eth_short_regime_challenge_v1_donchian_atr,20261007T203647Z-194d4424b93c,7823bf9ad3b94d4cb66ea35aead64557,9,15,0,23.359524035411027,-47.430477818347214,DESCRIPTIVE_SAMPLE,,human_review_required
ff43266d9f6c730a,,ETHUSDT,1h,SHORT_ONLY,"{""atr_expansion_threshold"": 1.1, ""atr_length"": 14, ""atr_reference_length"": 50, ""atr_stop_multiplier"": 2.0, ""breakout_length"": 30, ""exit_length"": 10, ""exit_method"": ""risk"", ""reward_risk"": 2.0, ""slope_lookback"": 5, ""trend_length"": 200}",wf_0_train,base,2023-07-01T00:00:00+00:00,2024-07-01T00:00:00+00:00,56,donchian_atr_breakout,1.0.0,28.571428571428573,-7.065232657416853,-7.046625466426937,-2.5360049075531386,0,-706.5232657416799,0,56,,,,,,,,,,,,,,,,,0.6426773309422542,-1.7805700565336233,-12.616486888244284,8.681925575989252,133.0906981559139,79.42164848385389,-49.43174103708355,,2.963147244957788,,79.85436846528887,13.30906141088148,,,226.25412803208425,,,,,,,,,not_modelled_synthetic,,,1.6066933273556356,4.0402522862872186,74.05043302603127,-46.01501547824472,-96.46316132174421,-81.51675614796056,-34.582972386795625,106.32871292915081,154.69516494488522,163.70449892120092,419.5212506945164,707.6319533946553,,,,-870.2277646628809,163.70449892120092,,-12.616486888244284,,0.6426773309422542,donchian_atr,eth_short_regime_challenge_v1_donchian_atr,20261007T203647Z-194d4424b93c,e2f0ce0249e44346a349a625afca277d,16,40,0,-706.5232657416799,-34.582972386795625,DESCRIPTIVE_SAMPLE,,human_review_required
ff43266d9f6c730a,,ETHUSDT,1h,SHORT_ONLY,"{""atr_expansion_threshold"": 1.1, ""atr_length"": 14, ""atr_reference_length"": 50, ""atr_stop_multiplier"": 2.0, ""breakout_length"": 30, ""exit_length"": 10, ""exit_method"": ""risk"", ""reward_risk"": 2.0, ""slope_lookback"": 5, ""trend_length"": 200}",wf_0_train,adverse,2023-07-01T00:00:00+00:00,2024-07-01T00:00:00+00:00,54,donchian_atr_breakout,1.0.0,27.77777777777778,-8.449268654157226,-8.427184523297715,-3.052715799567081,0,-844.9268654157147,0,54,,,,,,,,,,,,,,,,,0.5767165742572856,-2.272416486938186,-15.646793803994717,10.429008762879322,253.80240132528962,76.74657966514765,-51.18270667674178,,2.9532777583036705,,152.28126714071973,25.380211190119958,,,431.46387965612934,,,,,,,,,not_modelled_synthetic,,,1.4994630930689428,7.990071845483876,68.35482003972947,-47.567751806959606,-95.46015172146129,-80.85210304484576,-37.59582484999213,105.44267022662113,149.13886897094446,157.5341829300016,408.6233140283156,698.3808484303615,,,,-1002.4610483457163,157.5341829300016,,-15.646793803994717,,0.5767165742572856,donchian_atr,eth_short_regime_challenge_v1_donchian_atr,20261007T203647Z-194d4424b93c,6a0ac6f336ce4492bf62e5475996085d,15,39,0,-844.9268654157147,-37.59582484999213,DESCRIPTIVE_SAMPLE,,human_review_required
e0dd4c731d1d27f0,,ETHUSDT,1h,SHORT_ONLY,"{""atr_expansion_threshold"": 1.1, ""atr_length"": 14, ""atr_reference_length"": 50, ""atr_stop_multiplier"": 2.0, ""breakout_length"": 40, ""exit_length"": 10, ""exit_method"": ""risk"", ""reward_risk"": 2.0, ""slope_lookback"": 5, ""trend_length"": 200}",wf_0_train,base,2023-07-01T00:00:00+00:00,2024-07-01T00:00:00+00:00,54,donchian_atr_breakout,1.0.0,29.62962962962963,-6.518834946145324,-6.501615914386926,-2.334936196840706,0,-651.8834946145208,0,54,,,,,,,,,,,,,,,,,0.6619779158734485,-1.636832340613858,-12.07191656693557,8.145030907464774,128.72752369339455,79.78999328407421,-50.75061545157127,,2.8232975886307154,,77.23646874612719,12.8727447910212,,,218.83673723054295,,,,,,,,,not_modelled_synthetic,,,1.57219755019944,4.05253217093598,74.38845786733006,-47.79377631204485,-96.9925931833298,-83.7266535045181,-35.96411729335493,107.2441321015166,155.93406212236764,164.66677434460397,421.987523598381,711.4702108696164,,,,-816.5502689591248,164.66677434460397,,-12.07191656693557,,0.6619779158734486,donchian_atr,eth_short_regime_challenge_v1_donchian_atr,20261007T203647Z-194d4424b93c,0b2f7c338dca43fdb2000905ae56b4a3,16,38,0,-651.8834946145208,-35.96411729335493,DESCRIPTIVE_SAMPLE,,human_review_required
e0dd4c731d1d27f0,,ETHUSDT,1h,SHORT_ONLY,"{""atr_expansion_threshold"": 1.1, ""atr_length"": 14, ""atr_reference_length"": 50, ""atr_stop_multiplier"": 2.0, ""breakout_length"": 40, ""exit_length"": 10, ""exit_method"": ""risk"", ""reward_risk"": 2.0, ""slope_lookback"": 5, ""trend_length"": 200}",wf_0_train,adverse,2023-07-01T00:00:00+00:00,2024-07-01T00:00:00+00:00,52,donchian_atr_breakout,1.0.0,28.846153846153847,-7.848362107534701,-7.827780604466983,-2.829577433817236,0,-784.8362107534728,0,52,,,,,,,,,,,,,,,,,0.5958922119770109,-2.102515072656194,-15.093004052951397,9.841097897083701,245.2198857932762,77.15396725438954,-52.49042485322476,,2.8105249281003046,,147.13177693167995,24.52196282194666,,,416.8736255469028,,,,,,,,,not_modelled_synthetic,,,1.46986745620996,8.016800491286592,68.59538359547959,-50.5977281373755,-96.05510442710481,-83.06702545612251,-39.11598838753625,106.55835709342107,150.4366834999811,158.56816246043738,410.88669530323716,702.5460722976528,,,,-943.40437321391,158.56816246043738,,-15.093004052951398,,0.5958922119770108,donchian_atr,eth_short_regime_challenge_v1_donchian_atr,20261007T203647Z-194d4424b93c,6d2fa80644614691b36050860eaa7bd2,15,37,0,-784.8362107534726,-39.11598838753625,DESCRIPTIVE_SAMPLE,,human_review_required
827790540ac7604f,,ETHUSDT,1h,SHORT_ONLY,"{""atr_expansion_threshold"": 1.1, ""atr_length"": 14, ""atr_reference_length"": 50, ""atr_stop_multiplier"": 2.0, ""breakout_length"": 50, ""exit_length"": 10, ""exit_method"": ""risk"", ""reward_risk"": 2.0, ""slope_lookback"": 5, ""trend_length"": 200}",wf_0_train,base,2023-07-01T00:00:00+00:00,2024-07-01T00:00:00+00:00,52,donchian_atr_breakout,1.0.0,28.846153846153847,-6.517801109794085,-6.500584712830593,-2.3599356694357034,0,-651.7801109794052,0,52,,,,,,,,,,,,,,,,,0.6488560292159496,-1.648262591667332,-12.5342329034501,8.14401323768934,123.99253405836092,80.29212894979261,-50.16654176287282,,2.5874150162041647,,74.39547413076654,12.399245688461091,,,210.78725387758854,,,,,,,,,not_modelled_synthetic,,,1.6005115387326758,4.053601036107472,76.5091295869979,-46.068347733520234,-97.07570769077694,-85.4582007531318,-36.091048408225774,107.53548969119296,156.26536471059117,164.66858824738136,421.9921969290251,711.4779354489319,,,,-816.4486992267866,164.66858824738136,,-12.5342329034501,,0.6488560292159495,donchian_atr,eth_short_regime_challenge_v1_donchian_atr,20261007T203647Z-194d4424b93c,16367f83d8ae450294324c390e49ddd1,15,37,0,-651.7801109794052,-36.091048408225774,DESCRIPTIVE_SAMPLE,,human_review_required
827790540ac7604f,,ETHUSDT,1h,SHORT_ONLY,"{""atr_expansion_threshold"": 1.1, ""atr_length"": 14, ""atr_reference_length"": 50, ""atr_stop_multiplier"": 2.0, ""breakout_length"": 50, ""exit_length"": 10, ""exit_method"": ""risk"", ""reward_risk"": 2.0, ""slope_lookback"": 5, ""trend_length"": 200}",wf_0_train,adverse,2023-07-01T00:00:00+00:00,2024-07-01T00:00:00+00:00,50,donchian_atr_breakout,1.0.0,28.0,-7.785214721268529,-7.764791745949074,-2.830262748505559,0,-778.5214721268545,0,50,,,,,,,,,,,,,,,,,0.5831961505111475,-2.0967317275264126,-15.57042944253709,9.779316408466263,235.90809260936487,77.80822119693089,-51.88434913566353,,2.5746275493323165,,141.54469702490107,23.590782837483513,,,401.0435724717495,,,,,,,,,not_modelled_synthetic,,,1.4996472441715218,8.02087144943499,64.20670989319649,-48.33750376655472,-96.19593179165399,-85.18937673944878,-39.2601575471081,107.20201067773243,150.85876107355358,158.67679152628293,411.168124725976,616.5686012971098,,,,-937.1982636531375,158.67679152628293,,-15.57042944253709,,0.5831961505111475,donchian_atr,eth_short_regime_challenge_v1_donchian_atr,20261007T203647Z-194d4424b93c,fe6bee4681f44b2e84ae45c671ef798c,14,36,0,-778.5214721268545,-39.2601575471081,DESCRIPTIVE_SAMPLE,,human_review_required
6719be4e317770b6,,ETHUSDT,1h,SHORT_ONLY,"{""atr_expansion_threshold"": 1.25, ""atr_length"": 14, ""atr_reference_length"": 50, ""atr_stop_multiplier"": 2.0, ""breakout_length"": 30, ""exit_length"": 10, ""exit_method"": ""risk"", ""reward_risk"": 2.0, ""slope_lookback"": 5, ""trend_length"": 200}",wf_0_train,base,2023-07-01T00:00:00+00:00,2024-07-01T00:00:00+00:00,42,donchian_atr_breakout,1.0.0,28.571428571428573,-6.391809359374112,-6.374914293240241,-2.4944076817644145,0,-639.1809359374047,0,42,,,,,,,,,,,,,,,,,0.5872060039091602,-1.8837396607358268,-15.218593712795347,8.40212053709878,100.4235627965188,75.77041791650406,-51.61419836451511,,2.5862421706652765,,60.25408848951293,10.042348081585489,,,170.71999936761722,,,,,,,,,not_modelled_synthetic,,,1.4680150097729006,4.064761889705172,74.5812137882449,-49.37943450553918,-97.2746712099853,-93.05267542854665,-37.934015774230204,93.34475946980724,143.15163500673142,163.2206403553333,370.97633524558853,540.5395013241596,,,,-802.4015762927379,163.2206403553333,,-15.21859371279535,,0.58720600390916,donchian_atr,eth_short_regime_challenge_v1_donchian_atr,20261007T203647Z-194d4424b93c,f8907fce31d04b0e849da39a7d0208af,12,30,0,-639.1809359374046,-37.934015774230204,DESCRIPTIVE_SAMPLE,,human_review_required
6719be4e317770b6,,ETHUSDT,1h,SHORT_ONLY,"{""atr_expansion_threshold"": 1.25, ""atr_length"": 14, ""atr_reference_length"": 50, ""atr_stop_multiplier"": 2.0, ""breakout_length"": 30, ""exit_length"": 10, ""exit_method"": ""risk"", ""reward_risk"": 2.0, ""slope_lookback"": 5, ""trend_length"": 200}",wf_0_train,adverse,2023-07-01T00:00:00+00:00,2024-07-01T00:00:00+00:00,41,donchian_atr_breakout,1.0.0,26.829268292682926,-8.13741563050735,-8.116109982479413,-3.095455734609765,0,-813.7415630507379,0,41,,,,,,,,,,,,,,,,,0.4981115240526106,-2.536707579692927,-19.847355196359462,9.869673048590974,194.04296224947734,73.41979698704758,-54.045310996942035,,2.5519593005964634,,116.4255741248054,19.404262354134232,,,329.87279872841697,,,,,,,,,not_modelled_synthetic,,,1.3584859746889382,8.045678017766267,68.95574690220974,-52.26513405454976,-96.5374643156308,-92.60374841724489,-42.13260912308273,109.39543990203586,138.92662895741773,157.6517160176378,377.8861542867611,536.2086773146393,,,,-971.3932790683757,157.6517160176378,,-19.847355196359462,,0.49811152405261055,donchian_atr,eth_short_regime_challenge_v1_donchian_atr,20261007T203647Z-194d4424b93c,057c6b3adf874591beaaa43c3de2265f,11,30,0,-813.7415630507379,-42.13260912308273,DESCRIPTIVE_SAMPLE,,human_review_required
4c4aa07c4c65af74,,ETHUSDT,1h,SHORT_ONLY,"{""atr_expansion_threshold"": 1.25, ""atr_length"": 14, ""atr_reference_length"": 50, ""atr_stop_multiplier"": 2.0, ""breakout_length"": 40, ""exit_length"": 10, ""exit_method"": ""risk"", ""reward_risk"": 2.0, ""slope_lookback"": 5, ""trend_length"": 200}",wf_0_train,base,2023-07-01T00:00:00+00:00,2024-07-01T00:00:00+00:00,41,donchian_atr_breakout,1.0.0,29.26829268292683,-6.094369012977873,-6.078234374417013,-2.382745459238109,0,-609.4369012977838,0,41,,,,,,,,,,,,,,,,,0.599468700191433,-1.795614275619409,-14.864314665799606,8.111069033926603,98.2265730342317,76.01119380771858,-52.467973344496784,,2.5204520016690544,,58.93589736310198,9.822649560516997,,,166.98511995785069,,,,,,,,,not_modelled_synthetic,,,1.4487160254626297,4.072807803850017,74.81820007775099,-50.338006312815274,-97.62824968485054,-94.440707968661,-39.14508751000634,93.78092087632096,144.09762118045785,163.73941654966558,372.15526555263267,542.2572424529243,,,,-773.1763178474494,163.73941654966558,,-14.864314665799606,,0.599468700191433,donchian_atr,eth_short_regime_challenge_v1_donchian_atr,20261007T203647Z-194d4424b93c,93281c3c7bf74af7a2c7380ea5ab251c,12,29,0,-609.4369012977838,-39.14508751000634,DESCRIPTIVE_SAMPLE,,human_review_required
4c4aa07c4c65af74,,ETHUSDT,1h,SHORT_ONLY,"{""atr_expansion_threshold"": 1.25, ""atr_length"": 14, ""atr_reference_length"": 50, ""atr_stop_multiplier"": 2.0, ""breakout_length"": 40, ""exit_length"": 10, ""exit_method"": ""risk"", ""reward_risk"": 2.0, ""slope_lookback"": 5, ""trend_length"": 200}",wf_0_train,adverse,2023-07-01T00:00:00+00:00,2024-07-01T00:00:00+00:00,40,donchian_atr_breakout,1.0.0,27.5,-7.814159195013204,-7.793663541683893,-2.9794106565748786,0,-781.4159195013199,0,40,,,,,,,,,,,,,,,,,0.5091225289398037,-2.436403938642966,-19.535397987532996,9.552512562365038,189.6934929461366,73.67816216782116,-54.89226563266733,,2.4861641471501246,,113.81590301405527,18.969317169009212,,,322.4787131292011,,,,,,,,,not_modelled_synthetic,,,1.3422321217503914,8.061967828230028,69.19843137629802,-53.26343209435204,-96.93287853314447,-92.95979567854302,-42.96918012061623,109.85284608350717,139.88527405506198,158.20643657519344,269.43553335517805,465.64762056589484,,,,-939.6223560765131,158.20643657519344,,-19.535397987532996,,0.5091225289398036,donchian_atr,eth_short_regime_challenge_v1_donchian_atr,20261007T203647Z-194d4424b93c,00816938eb6b4ffa938f53122d82841d,11,29,0,-781.4159195013198,-42.96918012061623,DESCRIPTIVE_SAMPLE,,human_review_required
db2f1a56c8656a10,,ETHUSDT,1h,SHORT_ONLY,"{""atr_expansion_threshold"": 1.25, ""atr_length"": 14, ""atr_reference_length"": 50, ""atr_stop_multiplier"": 2.0, ""breakout_length"": 50, ""exit_length"": 10, ""exit_method"": ""risk"", ""reward_risk"": 2.0, ""slope_lookback"": 5, ""trend_length"": 200}",wf_0_train,base,2023-07-01T00:00:00+00:00,2024-07-01T00:00:00+00:00,39,donchian_atr_breakout,1.0.0,28.205128205128204,-6.093328813801946,-6.077196839094845,-2.413205033942144,0,-609.3328813801958,0,39,,,,,,,,,,,,,,,,,0.5793915492262584,-1.812928131410891,-15.623920035389633,8.110051157340447,93.45782258751274,76.30554378758224,-51.739066537271434,,2.284569563235696,,56.074646254770634,9.345774375795106,,,158.8782432180785,,,,,,,,,not_modelled_synthetic,,,1.4748148525759304,4.073801108155859,76.85653221091167,-47.96548915942726,-97.71761794759644,-94.49351658544064,-39.14508751000634,95.86734487035056,145.08134657195748,163.74123045244298,278.3775033246613,463.1507339284659,,,,-773.0741118326387,163.74123045244298,,-15.623920035389634,,0.5793915492262585,donchian_atr,eth_short_regime_challenge_v1_donchian_atr,20261007T203647Z-194d4424b93c,c26f9a7219b843e7ab7bb8bfac9c8c69,11,28,0,-609.3328813801957,-39.14508751000634,DESCRIPTIVE_SAMPLE,,human_review_required
db2f1a56c8656a10,,ETHUSDT,1h,SHORT_ONLY,"{""atr_expansion_threshold"": 1.25, ""atr_length"": 14, ""atr_reference_length"": 50, ""atr_stop_multiplier"": 2.0, ""breakout_length"": 50, ""exit_length"": 10, ""exit_method"": ""risk"", ""reward_risk"": 2.0, ""slope_lookback"": 5, ""trend_length"": 200}",wf_0_train,adverse,2023-07-01T00:00:00+00:00,2024-07-01T00:00:00+00:00,38,donchian_atr_breakout,1.0.0,26.31578947368421,-7.750990085290088,-7.730653078129701,-2.9830306207842945,0,-775.0990085290031,0,38,,,,,,,,,,,,,,,,,0.48897749549426306,-2.4344743757439877,-20.397342329710607,9.490533502825112,180.27739677286723,74.16619984616423,-54.17003596395161,,2.250267198252868,,108.16624124010161,18.02770687335027,,,306.4713448863191,,,,,,,,,not_modelled_synthetic,,,1.3691369873839367,8.06503539174524,63.40129509155858,-51.13390765369642,-97.06805994483777,-93.08396480310968,-42.98413573010441,110.0730472199515,140.92128704678947,158.31484304049425,269.62007528719147,465.96656082882964,,,,-933.4138515694973,158.31484304049425,,-20.397342329710607,,0.48897749549426317,donchian_atr,eth_short_regime_challenge_v1_donchian_atr,20261007T203647Z-194d4424b93c,d586ac64dd3a4756bec43705de43b4c3,10,28,0,-775.0990085290031,-42.98413573010441,DESCRIPTIVE_SAMPLE,,human_review_required
e0dd4c731d1d27f0,,ETHUSDT,1h,SHORT_ONLY,"{""atr_expansion_threshold"": 1.1, ""atr_length"": 14, ""atr_reference_length"": 50, ""atr_stop_multiplier"": 2.0, ""breakout_length"": 40, ""exit_length"": 10, ""exit_method"": ""risk"", ""reward_risk"": 2.0, ""slope_lookback"": 5, ""trend_length"": 200}",wf_0_test,base,2024-07-01T00:00:00+00:00,2024-10-01T00:00:00+00:00,22,donchian_atr_breakout,1.0.0,45.45454545454545,3.174008630909131,13.197988159107199,3.2728795330236973,0,317.4008630909176,0,22,,,,,,,,,,,,,,,,,1.4092427609585079,1.60101519701524,14.42731195867807,3.7059341760335727,54.44338395050034,109.29817489873899,-64.63174049137268,,3.5510357685385823,,32.66607341554013,5.444345569256689,,,92.55380293529716,,,,,,,,,not_modelled_synthetic,,,1.6910913131502094,4.206991042513507,104.96164330792179,-63.720944914906056,-103.50411610896832,-93.7188382760233,-32.088776360001205,142.93485410559532,187.69786886902787,199.47984323088593,342.8550466434004,477.42326391753215,62.84792085576218,108.01956973418554,150.41649832589687,117.9210198600316,199.47984323088593,,14.427311958678073,,1.4092427609585079,donchian_atr,eth_short_regime_challenge_v1_donchian_atr,20261007T203647Z-194d4424b93c,b255c3ef5598417e84d4764b39989eec,10,12,0,317.40086309091754,-32.088776360001205,DESCRIPTIVE_SAMPLE,,human_review_required
e0dd4c731d1d27f0,,ETHUSDT,1h,SHORT_ONLY,"{""atr_expansion_threshold"": 1.1, ""atr_length"": 14, ""atr_reference_length"": 50, ""atr_stop_multiplier"": 2.0, ""breakout_length"": 40, ""exit_length"": 10, ""exit_method"": ""risk"", ""reward_risk"": 2.0, ""slope_lookback"": 5, ""trend_length"": 200}",wf_0_test,adverse,2024-07-01T00:00:00+00:00,2024-10-01T00:00:00+00:00,22,donchian_atr_breakout,1.0.0,45.45454545454545,2.39837130099283,9.859230613300006,2.418162541309956,0,239.83713009928584,0,22,,,,,,,,,,,,,,,,,1.2953353138300585,1.2435057087993766,10.90168773178572,3.885022275729017,108.31135852503137,105.19212895889055,-67.67367995746828,,3.4799282326366967,,64.9869931810107,10.831165530168452,,,184.12951723621052,,,,,,,,,not_modelled_synthetic,,,1.5544023765960704,8.369523510736842,101.50756465794836,-66.89569876215997,-103.91135496702047,-97.13153255104513,-35.806358686542985,139.19076729001176,180.26012499966555,191.05507592999905,330.70562362031495,461.160563304548,79.6603411035262,137.88758374627486,192.28072113506383,48.782054169286795,191.05507592999905,,10.90168773178572,,1.2953353138300585,donchian_atr,eth_short_regime_challenge_v1_donchian_atr,20261007T203647Z-194d4424b93c,074d1707ae9147138dc6f17a6a98972b,10,12,0,239.83713009928584,-35.806358686542985,DESCRIPTIVE_SAMPLE,,human_review_required
ff43266d9f6c730a,,ETHUSDT,1h,SHORT_ONLY,"{""atr_expansion_threshold"": 1.1, ""atr_length"": 14, ""atr_reference_length"": 50, ""atr_stop_multiplier"": 2.0, ""breakout_length"": 30, ""exit_length"": 10, ""exit_method"": ""risk"", ""reward_risk"": 2.0, ""slope_lookback"": 5, ""trend_length"": 200}",wf_1_train,base,2023-10-01T00:00:00+00:00,2024-10-01T00:00:00+00:00,59,donchian_atr_breakout,1.0.0,37.28813559322034,-0.5011264229338619,-0.49976065213475085,-0.11131875637640205,0,-50.11264229340006,0,59,,,,,,,,,,,,,,,,,0.9775791136172828,-0.06454242935585874,-0.8493668185322061,5.278499715736644,142.18586763460425,99.31703777121484,-60.407769547571,,2.815389383812721,,85.31154069911494,14.218590116519158,,,241.71599845023835,,,,,,,,,not_modelled_synthetic,,,1.6441103274472484,4.096881329665057,92.54875195762781,-59.655831959784315,-99.76182141297514,-91.86218739210015,-42.60199986137677,139.72892854705327,179.32475292876012,192.37417775759235,515.1264347110025,895.7516799822197,,,,-242.4868200509925,192.37417775759235,,-0.8493668185322044,,0.9775791136172826,donchian_atr,eth_short_regime_challenge_v1_donchian_atr,20261007T203647Z-194d4424b93c,c4f4fb75d9d8464fba0e0c832237b4a1,22,37,0,-50.11264229340016,-42.60199986137677,DESCRIPTIVE_SAMPLE,,human_review_required
ff43266d9f6c730a,,ETHUSDT,1h,SHORT_ONLY,"{""atr_expansion_threshold"": 1.1, ""atr_length"": 14, ""atr_reference_length"": 50, ""atr_stop_multiplier"": 2.0, ""breakout_length"": 30, ""exit_length"": 10, ""exit_method"": ""risk"", ""reward_risk"": 2.0, ""slope_lookback"": 5, ""trend_length"": 200}",wf_1_train,adverse,2023-10-01T00:00:00+00:00,2024-10-01T00:00:00+00:00,57,donchian_atr_breakout,1.0.0,36.8421052631579,-2.1252304692375934,-2.119485804086796,-0.6315232005843696,0,-212.52304692376515,0,57,,,,,,,,,,,,,,,,,0.9053461989919548,-0.38282974292257776,-3.728474507434478,6.511654472019784,271.5478834118067,96.79732661930332,-62.368525164698184,,2.7933334929793596,,162.9288346726443,27.154805778774055,,,461.6315238632251,,,,,,,,,not_modelled_synthetic,,,1.5520220554147797,8.098798664267107,89.61615642529479,-61.923025485527845,-98.60121579973611,-94.23930760061512,-46.001957946616564,136.3717499252968,172.4546369038037,182.61495617167586,495.0201448380018,867.4059085127852,,,,-395.1380030954411,182.61495617167586,,-3.7284745074344765,,0.905346198991955,donchian_atr,eth_short_regime_challenge_v1_donchian_atr,20261007T203647Z-194d4424b93c,5c3d6ad66ad943cd9307de3238a76295,21,36,0,-212.52304692376524,-46.001957946616564,DESCRIPTIVE_SAMPLE,,human_review_required
e0dd4c731d1d27f0,,ETHUSDT,1h,SHORT_ONLY,"{""atr_expansion_threshold"": 1.1, ""atr_length"": 14, ""atr_reference_length"": 50, ""atr_stop_multiplier"": 2.0, ""breakout_length"": 40, ""exit_length"": 10, ""exit_method"": ""risk"", ""reward_risk"": 2.0, ""slope_lookback"": 5, ""trend_length"": 200}",wf_1_train,base,2023-10-01T00:00:00+00:00,2024-10-01T00:00:00+00:00,58,donchian_atr_breakout,1.0.0,37.93103448275862,-0.23313956365696997,-0.23250331140431957,-0.02659753684323598,0,-23.31395636569057,0,58,,,,,,,,,,,,,,,,,0.989465228387926,-0.015433345530599567,-0.40196476492569916,5.023380872560785,139.98145937527988,99.53337044848617,-61.47355850645517,,2.741330405383041,,83.98889816389575,13.998149693982626,,,237.96850723315828,,,,,,,,,not_modelled_synthetic,,,1.6191249191802426,4.102905297123419,92.79801929374469,-61.616662815559806,-100.07118228378329,-92.450375964664,-44.99735677271259,140.83775163498768,180.03340217351152,192.8924374910953,516.5141010779056,898.1646201110949,,,,-216.20639385678587,192.8924374910953,,-0.40196476492569944,,0.9894652283879263,donchian_atr,eth_short_regime_challenge_v1_donchian_atr,20261007T203647Z-194d4424b93c,3aab3e24d1ad48a3ae02a4fc14efe5c0,22,36,0,-23.31395636569055,-44.99735677271259,DESCRIPTIVE_SAMPLE,,human_review_required
e0dd4c731d1d27f0,,ETHUSDT,1h,SHORT_ONLY,"{""atr_expansion_threshold"": 1.1, ""atr_length"": 14, ""atr_reference_length"": 50, ""atr_stop_multiplier"": 2.0, ""breakout_length"": 40, ""exit_length"": 10, ""exit_method"": ""risk"", ""reward_risk"": 2.0, ""slope_lookback"": 5, ""trend_length"": 200}",wf_1_train,adverse,2023-10-01T00:00:00+00:00,2024-10-01T00:00:00+00:00,56,donchian_atr_breakout,1.0.0,37.5,-1.8282687524047492,-1.8233193021616856,-0.535433525726167,0,-182.82687524048137,0,56,,,,,,,,,,,,,,,,,0.9176739077334712,-0.32491176151620377,-3.2647656292943106,6.228005045385894,267.24375422581966,97.0446558034597,-63.45041848894672,,2.716375491400901,,160.3463665603006,26.724394426716767,,,454.31451521283697,,,,,,,,,not_modelled_synthetic,,,1.5294565128891189,8.112759200229231,89.8881274335066,-62.336236155279344,-98.94035136478735,-94.67383019984472,-47.9220396704,137.51034582271876,173.1598542855656,183.16894367694442,496.52214541178796,869.6021660712152,,,,-365.9958189174258,183.16894367694442,,-3.26476562929431,,0.9176739077334711,donchian_atr,eth_short_regime_challenge_v1_donchian_atr,20261007T203647Z-194d4424b93c,aa50f188cc1f4cf48af4c07a1186c4df,21,35,0,-182.8268752404814,-47.9220396704,DESCRIPTIVE_SAMPLE,,human_review_required
827790540ac7604f,,ETHUSDT,1h,SHORT_ONLY,"{""atr_expansion_threshold"": 1.1, ""atr_length"": 14, ""atr_reference_length"": 50, ""atr_stop_multiplier"": 2.0, ""breakout_length"": 50, ""exit_length"": 10, ""exit_method"": ""risk"", ""reward_risk"": 2.0, ""slope_lookback"": 5, ""trend_length"": 200}",wf_1_train,base,2023-10-01T00:00:00+00:00,2024-10-01T00:00:00+00:00,55,donchian_atr_breakout,1.0.0,38.18181818181818,0.33481574252349766,0.3338994198609724,0.15478611321799038,0,33.48157425235455,0,55,,,,,,,,,,,,,,,,,1.0160825410383623,0.08842081480705778,0.6087558954973546,5.02232924765772,132.5919042066987,100.73047821635744,-61.23113142032798,,2.502566892465241,,79.55516970724275,13.259194951207125,,,225.40626886514858,,,,,,,,,not_modelled_synthetic,,,1.6450860188240153,4.098295797548156,93.69675696149498,-61.617342480624885,-100.19415121566422,-93.47373128386955,-45.0924642355208,143.03659352872356,180.71207775536553,192.8944043212035,516.5196023315549,898.174357179257,576.1210714506315,1542.6980775709255,2682.59297012026,-159.412830068849,192.8944043212035,,0.6087558954973554,,1.0160825410383623,donchian_atr,eth_short_regime_challenge_v1_donchian_atr,20261007T203647Z-194d4424b93c,3994209188e043f29e9537b242bc64fa,21,34,0,33.481574252354505,-45.0924642355208,DESCRIPTIVE_SAMPLE,,human_review_required
827790540ac7604f,,ETHUSDT,1h,SHORT_ONLY,"{""atr_expansion_threshold"": 1.1, ""atr_length"": 14, ""atr_reference_length"": 50, ""atr_stop_multiplier"": 2.0, ""breakout_length"": 50, ""exit_length"": 10, ""exit_method"": ""risk"", ""reward_risk"": 2.0, ""slope_lookback"": 5, ""trend_length"": 200}",wf_1_train,adverse,2023-10-01T00:00:00+00:00,2024-10-01T00:00:00+00:00,53,donchian_atr_breakout,1.0.0,37.735849056603776,-1.1689529092860917,-1.165777738402296,-0.3347874689935173,0,-116.89529092861272,0,53,,,,,,,,,,,,,,,,,0.9439383065980989,-0.20001130041216286,-2.2055715269549565,6.1637457189311,252.71863570215885,98.41117550393604,-63.185418212343436,,2.477596827185384,,151.63131276644336,25.271885461073893,,,429.6218339296761,,,,,,,,,not_modelled_synthetic,,,1.557498205886863,8.106072338295775,97.68898077156352,-62.378966178970856,-99.12789400681432,-95.18486119763354,-47.834712204681075,139.78057973157928,173.8248247081511,183.29439770244764,496.86243522945915,870.1982290102676,,,,-300.18968863106033,183.29439770244764,,-2.205571526954957,,0.943938306598099,donchian_atr,eth_short_regime_challenge_v1_donchian_atr,20261007T203647Z-194d4424b93c,cd4ef21ed7fd4a0e9ed250b7b4e087aa,20,33,0,-116.8952909286127,-47.834712204681075,DESCRIPTIVE_SAMPLE,,human_review_required
6719be4e317770b6,,ETHUSDT,1h,SHORT_ONLY,"{""atr_expansion_threshold"": 1.25, ""atr_length"": 14, ""atr_reference_length"": 50, ""atr_stop_multiplier"": 2.0, ""breakout_length"": 30, ""exit_length"": 10, ""exit_method"": ""risk"", ""reward_risk"": 2.0, ""slope_lookback"": 5, ""trend_length"": 200}",wf_1_train,base,2023-10-01T00:00:00+00:00,2024-10-01T00:00:00+00:00,45,donchian_atr_breakout,1.0.0,35.55555555555556,-1.958997124536288,-1.9536973030591764,-0.6134852954958391,0,-195.89971245362753,0,45,,,,,,,,,,,,,,,,,0.893280229076545,-0.38610745443725125,-4.353326943413946,5.459973616463911,107.90058683302782,102.48413819106212,-63.2981352934697,,2.6565474649975522,,64.74035079060147,10.790058465100245,,,183.4309960887295,,,,,,,,,not_modelled_synthetic,,,1.6190704152012378,4.076244357527322,95.26077142496561,-66.33033937503248,-99.51695917758484,-96.0580425427965,-46.70596017287834,148.17663919599894,180.60772052304117,189.857618634188,511.9360123065659,758.0486634348241,,,,-385.75733108781554,189.857618634188,,-4.353326943413945,,0.893280229076545,donchian_atr,eth_short_regime_challenge_v1_donchian_atr,20261007T203647Z-194d4424b93c,148c0d6f66c04c4291dd2cca6bf2d289,16,29,0,-195.89971245362756,-46.70596017287834,DESCRIPTIVE_SAMPLE,,human_review_required
6719be4e317770b6,,ETHUSDT,1h,SHORT_ONLY,"{""atr_expansion_threshold"": 1.25, ""atr_length"": 14, ""atr_reference_length"": 50, ""atr_stop_multiplier"": 2.0, ""breakout_length"": 30, ""exit_length"": 10, ""exit_method"": ""risk"", ""reward_risk"": 2.0, ""slope_lookback"": 5, ""trend_length"": 200}",wf_1_train,adverse,2023-10-01T00:00:00+00:00,2024-10-01T00:00:00+00:00,44,donchian_atr_breakout,1.0.0,34.09090909090909,-3.9291439328241307,-3.9186217125132816,-1.2466345743672336,0,-392.91439328241484,0,44,,,,,,,,,,,,,,,,,0.7933921358687133,-0.8352498320035245,-8.929872574600337,6.469547438593406,208.12924858335,100.5883588573718,-65.57723366010316,,2.6043382041032856,,124.87753273024026,20.812922121706713,,,353.819703435297,,,,,,,,,not_modelled_synthetic,,,1.5338914626795124,8.041356896256751,95.49304867910075,-68.57571376792738,-98.11921462001833,-95.72382650163875,-51.34212893149973,143.87545762616975,172.72147239420985,179.41430124636153,490.93855759885554,728.4818117761686,,,,-572.3286945287764,179.41430124636153,,-8.929872574600337,,0.7933921358687134,donchian_atr,eth_short_regime_challenge_v1_donchian_atr,20261007T203647Z-194d4424b93c,902335d494e4419aa1c24392406249a4,15,29,0,-392.91439328241484,-51.34212893149973,DESCRIPTIVE_SAMPLE,,human_review_required
4c4aa07c4c65af74,,ETHUSDT,1h,SHORT_ONLY,"{""atr_expansion_threshold"": 1.25, ""atr_length"": 14, ""atr_reference_length"": 50, ""atr_stop_multiplier"": 2.0, ""breakout_length"": 40, ""exit_length"": 10, ""exit_method"": ""risk"", ""reward_risk"": 2.0, ""slope_lookback"": 5, ""trend_length"": 200}",wf_1_train,base,2023-10-01T00:00:00+00:00,2024-10-01T00:00:00+00:00,45,donchian_atr_breakout,1.0.0,35.55555555555556,-1.958997124536288,-1.9536973030591764,-0.6134852954958391,0,-195.89971245362753,0,45,,,,,,,,,,,,,,,,,0.893280229076545,-0.38610745443725125,-4.353326943413946,5.459973616463911,107.90058683302782,102.48413819106212,-63.2981352934697,,2.6565474649975522,,64.74035079060147,10.790058465100245,,,183.4309960887295,,,,,,,,,not_modelled_synthetic,,,1.6190704152012378,4.076244357527322,95.26077142496561,-66.33033937503248,-99.51695917758484,-96.0580425427965,-46.70596017287834,148.17663919599894,180.60772052304117,189.857618634188,511.9360123065659,758.0486634348241,,,,-385.75733108781554,189.857618634188,,-4.353326943413945,,0.893280229076545,donchian_atr,eth_short_regime_challenge_v1_donchian_atr,20261007T203647Z-194d4424b93c,4dc69270c5f14cffbdf98a7407fff47d,16,29,0,-195.89971245362756,-46.70596017287834,DESCRIPTIVE_SAMPLE,,human_review_required
4c4aa07c4c65af74,,ETHUSDT,1h,SHORT_ONLY,"{""atr_expansion_threshold"": 1.25, ""atr_length"": 14, ""atr_reference_length"": 50, ""atr_stop_multiplier"": 2.0, ""breakout_length"": 40, ""exit_length"": 10, ""exit_method"": ""risk"", ""reward_risk"": 2.0, ""slope_lookback"": 5, ""trend_length"": 200}",wf_1_train,adverse,2023-10-01T00:00:00+00:00,2024-10-01T00:00:00+00:00,44,donchian_atr_breakout,1.0.0,34.09090909090909,-3.9291439328241307,-3.9186217125132816,-1.2466345743672336,0,-392.91439328241484,0,44,,,,,,,,,,,,,,,,,0.7933921358687133,-0.8352498320035245,-8.929872574600337,6.469547438593406,208.12924858335,100.5883588573718,-65.57723366010316,,2.6043382041032856,,124.87753273024026,20.812922121706713,,,353.819703435297,,,,,,,,,not_modelled_synthetic,,,1.5338914626795124,8.041356896256751,95.49304867910075,-68.57571376792738,-98.11921462001833,-95.72382650163875,-51.34212893149973,143.87545762616975,172.72147239420985,179.41430124636153,490.93855759885554,728.4818117761686,,,,-572.3286945287764,179.41430124636153,,-8.929872574600337,,0.7933921358687134,donchian_atr,eth_short_regime_challenge_v1_donchian_atr,20261007T203647Z-194d4424b93c,1a0b1fa2a40c4d25964c507ab051bf21,15,29,0,-392.91439328241484,-51.34212893149973,DESCRIPTIVE_SAMPLE,,human_review_required
db2f1a56c8656a10,,ETHUSDT,1h,SHORT_ONLY,"{""atr_expansion_threshold"": 1.25, ""atr_length"": 14, ""atr_reference_length"": 50, ""atr_stop_multiplier"": 2.0, ""breakout_length"": 50, ""exit_length"": 10, ""exit_method"": ""risk"", ""reward_risk"": 2.0, ""slope_lookback"": 5, ""trend_length"": 200}",wf_1_train,base,2023-10-01T00:00:00+00:00,2024-10-01T00:00:00+00:00,43,donchian_atr_breakout,1.0.0,34.883720930232556,-1.957906926967734,-1.952610025417012,-0.6192731229200197,0,-195.79069269677723,0,43,,,,,,,,,,,,,,,,,0.8887874116561879,-0.38802249547013684,-4.553271923180867,5.289064227536504,102.98390638029365,104.31451186105643,-62.87529895045085,,2.420664873428471,,61.79034165278047,10.298390275463412,,,175.07263830853753,,,,,,,,,not_modelled_synthetic,,,1.6590698350915507,4.07145670484971,96.70056572257621,-64.37542249401709,-99.5753443235268,-96.72001361576295,-46.70649505616738,150.71160985505279,181.030310862892,189.85983131805966,511.94194399775336,758.0573834151862,,,,-385.65052401483695,189.85983131805966,,-4.553271923180866,,0.8887874116561878,donchian_atr,eth_short_regime_challenge_v1_donchian_atr,20261007T203647Z-194d4424b93c,c047680a019a4ff792ac2e9c783ccd05,15,28,0,-195.79069269677728,-46.70649505616738,DESCRIPTIVE_SAMPLE,,human_review_required
db2f1a56c8656a10,,ETHUSDT,1h,SHORT_ONLY,"{""atr_expansion_threshold"": 1.25, ""atr_length"": 14, ""atr_reference_length"": 50, ""atr_stop_multiplier"": 2.0, ""breakout_length"": 50, ""exit_length"": 10, ""exit_method"": ""risk"", ""reward_risk"": 2.0, ""slope_lookback"": 5, ""trend_length"": 200}",wf_1_train,adverse,2023-10-01T00:00:00+00:00,2024-10-01T00:00:00+00:00,42,donchian_atr_breakout,1.0.0,33.333333333333336,-3.8633109632514206,-3.852961485198836,-1.2338779573673044,0,-386.33109632514396,0,42,,,,,,,,,,,,,,,,,0.7882471187615122,-0.8239373227512302,-9.198359436312954,6.289159379477393,198.43417445054243,102.72229044440412,-65.15868437667149,,2.3684410360563426,,119.06048409325548,19.84341401554258,,,337.3380725593405,,,,,,,,,not_modelled_synthetic,,,1.5764942375230244,8.031858870460487,99.6919664766283,-66.62405542126922,-98.23041856505169,-96.13669831064388,-50.188665395743946,146.50859187995067,173.1512992288615,179.53708603727958,491.2749449866694,728.9809514010979,,,,-565.8681823624237,179.53708603727958,,-9.198359436312952,,0.7882471187615122,donchian_atr,eth_short_regime_challenge_v1_donchian_atr,20261007T203647Z-194d4424b93c,6a75aef3c98a4dca972469224540d282,14,28,0,-386.3310963251441,-50.188665395743946,DESCRIPTIVE_SAMPLE,,human_review_required
827790540ac7604f,,ETHUSDT,1h,SHORT_ONLY,"{""atr_expansion_threshold"": 1.1, ""atr_length"": 14, ""atr_reference_length"": 50, ""atr_stop_multiplier"": 2.0, ""breakout_length"": 50, ""exit_length"": 10, ""exit_method"": ""risk"", ""reward_risk"": 2.0, ""slope_lookback"": 5, ""trend_length"": 200}",wf_1_test,base,2024-10-01T00:00:00+00:00,2025-01-01T00:00:00+00:00,12,donchian_atr_breakout,1.0.0,33.333333333333336,-0.7440430582587587,-2.919481557804071,-0.6013796716929937,0,-74.40430582587557,0,12,,,,,,,,,,,,,,,,,0.8636605449370462,-0.40373091000717753,-6.2003588188229655,3.5310884301924803,29.440039589206197,117.8310109967192,-68.21604372659405,,2.0576196070931325,,17.664021196118355,2.944003532686393,,,50.048064318010944,,,,,,,,,not_modelled_synthetic,,,1.7273210898740925,4.170672026500912,125.46157849548717,-61.84277411886836,-100.49230349426242,-99.39959174778288,-51.20352197279506,128.0638291358461,128.7063696004108,128.86700471655197,128.86700471655197,256.27369019545694,,,,-203.27131054242756,128.86700471655197,,-6.200358818822964,,0.8636605449370464,donchian_atr,eth_short_regime_challenge_v1_donchian_atr,20261007T203647Z-194d4424b93c,d723268f34e04e0785d598cad84f8fca,4,8,0,-74.40430582587558,-51.20352197279506,INSUFFICIENT_SAMPLE,INSUFFICIENT_SAMPLE,human_review_required
827790540ac7604f,,ETHUSDT,1h,SHORT_ONLY,"{""atr_expansion_threshold"": 1.1, ""atr_length"": 14, ""atr_reference_length"": 50, ""atr_stop_multiplier"": 2.0, ""breakout_length"": 50, ""exit_length"": 10, ""exit_method"": ""risk"", ""reward_risk"": 2.0, ""slope_lookback"": 5, ""trend_length"": 200}",wf_1_test,adverse,2024-10-01T00:00:00+00:00,2025-01-01T00:00:00+00:00,12,donchian_atr_breakout,1.0.0,33.333333333333336,-1.0863101460332647,-4.24084734602217,-0.8929828778315432,0,-108.63101460332629,0,12,,,,,,,,,,,,,,,,,0.808091492194012,-0.6142430583221117,-9.052584550277189,3.7370452125697917,58.51790237599745,114.35631449192627,-70.75703407137891,,2.0430944782992153,,35.110737582352755,5.851789597058792,,,99.480429555409,,,,,,,,,not_modelled_synthetic,,,1.616182984388024,8.290035796284084,121.89760525096598,-65.20124747340104,-100.29316312951188,-99.65610938790137,-54.44802052701389,124.51957736296922,125.22468204863084,125.40095822004625,125.40095822004625,249.19940579086153,,,,-234.0319728233725,125.40095822004625,,-9.05258455027719,,0.808091492194012,donchian_atr,eth_short_regime_challenge_v1_donchian_atr,20261007T203647Z-194d4424b93c,0f31d11437bf4245bdaf9bca3dee1eac,4,8,0,-108.63101460332626,-54.44802052701389,INSUFFICIENT_SAMPLE,INSUFFICIENT_SAMPLE,human_review_required
ff43266d9f6c730a,,ETHUSDT,1h,SHORT_ONLY,"{""atr_expansion_threshold"": 1.1, ""atr_length"": 14, ""atr_reference_length"": 50, ""atr_stop_multiplier"": 2.0, ""breakout_length"": 30, ""exit_length"": 10, ""exit_method"": ""risk"", ""reward_risk"": 2.0, ""slope_lookback"": 5, ""trend_length"": 200}",wf_2_train,base,2024-01-01T00:00:00+00:00,2025-01-01T00:00:00+00:00,62,donchian_atr_breakout,1.0.0,38.70967741935484,0.9193499878156208,0.9168266228646749,0.29887441214095756,0,91.93499878156575,0,62,,,,,,,,,,,,,,,,,1.0367791282209595,0.17690152572157206,1.482822560992997,5.333088564371793,152.7058647817961,107.98276597385035,-65.78029959449586,,2.811100309426618,,91.6235557802539,15.270592630042318,,,259.6000131920923,,,,,,,,,not_modelled_synthetic,,,1.6415669530165193,4.187096986969231,105.31064770902535,-65.42151703784012,-103.30803682808178,-100.3842110732467,-48.087742521984936,141.26007881268393,183.07785115038027,197.14251150108862,669.5897953394331,1063.1494870149236,214.43684572128186,728.3295852652958,1156.4143156633177,-105.20751271952281,197.14251150108862,,1.482822560992996,,1.0367791282209595,donchian_atr,eth_short_regime_challenge_v1_donchian_atr,20261007T203647Z-194d4424b93c,2686ec9e552b4fe99ac3960aa7b5c251,24,38,0,91.93499878156581,-48.087742521984936,DESCRIPTIVE_SAMPLE,,human_review_required
ff43266d9f6c730a,,ETHUSDT,1h,SHORT_ONLY,"{""atr_expansion_threshold"": 1.1, ""atr_length"": 14, ""atr_reference_length"": 50, ""atr_stop_multiplier"": 2.0, ""breakout_length"": 30, ""exit_length"": 10, ""exit_method"": ""risk"", ""reward_risk"": 2.0, ""slope_lookback"": 5, ""trend_length"": 200}",wf_2_train,adverse,2024-01-01T00:00:00+00:00,2025-01-01T00:00:00+00:00,60,donchian_atr_breakout,1.0.0,38.333333333333336,-0.7588448143481363,-0.7567793330827577,-0.1556213078355631,0,-75.88448143480421,0,60,,,,,,,,,,,,,,,,,0.9696957598936174,-0.09575641356441299,-1.2647413572467352,5.9199644861686505,291.90224393389843,105.57406234492518,-67.67805176670495,,2.8027348867482327,,175.14152290714554,29.19025381785759,,,496.23402065890156,,,,,,,,,not_modelled_synthetic,,,1.5599453528723413,8.270567010981692,109.52604971392535,-67.56883085866079,-101.95752067500108,-99.34348071838095,-51.204016320876185,137.95146924437256,176.7109301914826,187.71440751780784,508.8435861327884,900.0423031297944,,,,-263.59888895261196,187.71440751780784,,-1.264741357246737,,0.969695759893618,donchian_atr,eth_short_regime_challenge_v1_donchian_atr,20261007T203647Z-194d4424b93c,6b127310ff0448529b79e37e3c042bdb,23,37,0,-75.88448143480412,-51.204016320876185,DESCRIPTIVE_SAMPLE,,human_review_required
e0dd4c731d1d27f0,,ETHUSDT,1h,SHORT_ONLY,"{""atr_expansion_threshold"": 1.1, ""atr_length"": 14, ""atr_reference_length"": 50, ""atr_stop_multiplier"": 2.0, ""breakout_length"": 40, ""exit_length"": 10, ""exit_method"": ""risk"", ""reward_risk"": 2.0, ""slope_lookback"": 5, ""trend_length"": 200}",wf_2_train,base,2024-01-01T00:00:00+00:00,2025-01-01T00:00:00+00:00,61,donchian_atr_breakout,1.0.0,39.34426229508197,1.1911527662878507,1.1878789968696957,0.3709853110574133,0,119.11527662878295,0,61,,,,,,,,,,,,,,,,,1.048056748015009,0.21971325456426724,1.952709452930866,5.333089439899605,150.52744714294766,108.23971538769877,-66.99021331556723,,2.7370408767727565,,90.31650766202677,15.052751277004463,,,255.8967060819789,,,,,,,,,not_modelled_synthetic,,,1.6157541531898054,4.195027968557031,105.42352414984342,-66.20675009965247,-103.6082749367094,-100.67863290362422,-48.6286710939489,142.07680075197322,183.80207498380037,197.67330977653117,671.3929728060638,1066.0127148539923,165.95126617769674,563.649761649321,894.9420637087305,-78.55803314774835,197.67330977653117,,1.952709452930868,,1.048056748015009,donchian_atr,eth_short_regime_challenge_v1_donchian_atr,20261007T203647Z-194d4424b93c,34d9eb1acf7d4a34be281df29d79f744,24,37,0,119.11527662878282,-48.6286710939489,DESCRIPTIVE_SAMPLE,,human_review_required
e0dd4c731d1d27f0,,ETHUSDT,1h,SHORT_ONLY,"{""atr_expansion_threshold"": 1.1, ""atr_length"": 14, ""atr_reference_length"": 50, ""atr_stop_multiplier"": 2.0, ""breakout_length"": 40, ""exit_length"": 10, ""exit_method"": ""risk"", ""reward_risk"": 2.0, ""slope_lookback"": 5, ""trend_length"": 200}",wf_2_train,adverse,2024-01-01T00:00:00+00:00,2025-01-01T00:00:00+00:00,59,donchian_atr_breakout,1.0.0,38.983050847457626,-0.4577419843514563,-0.45649418214933624,-0.07419034558122098,0,-45.77419843514063,0,59,,,,,,,,,,,,,,,,,0.981547932392109,-0.04568544677511546,-0.7758338717820447,5.919965044172517,287.6560973458699,105.86670282037106,-68.90856564732431,,2.7257761325108465,,172.59384456890334,28.76564076148389,,,489.0155826762571,,,,,,,,,not_modelled_synthetic,,,1.536335894178953,8.28839970637724,109.8582500179016,-68.28582409262023,-102.2955584194537,-99.65605876553418,-51.51453890269235,139.1151268678128,177.43409275807235,188.28392511520832,510.38734769751346,902.7729488259453,,,,-234.05812355034897,188.28392511520832,,-0.7758338717820447,,0.9815479323921088,donchian_atr,eth_short_regime_challenge_v1_donchian_atr,20261007T203647Z-194d4424b93c,4cb8f6cd2e6e463986691fc131e12462,23,36,0,-45.77419843514063,-51.51453890269235,DESCRIPTIVE_SAMPLE,,human_review_required
827790540ac7604f,,ETHUSDT,1h,SHORT_ONLY,"{""atr_expansion_threshold"": 1.1, ""atr_length"": 14, ""atr_reference_length"": 50, ""atr_stop_multiplier"": 2.0, ""breakout_length"": 50, ""exit_length"": 10, ""exit_method"": ""risk"", ""reward_risk"": 2.0, ""slope_lookback"": 5, ""trend_length"": 200}",wf_2_train,base,2024-01-01T00:00:00+00:00,2025-01-01T00:00:00+00:00,60,donchian_atr_breakout,1.0.0,40.0,1.7660928452460034,1.7612252095939862,0.5290956821037901,0,176.60928452460286,0,60,,,,,,,,,,,,,,,,,1.07285197254125,0.31099355372823023,2.9434880754100456,4.795218307272091,148.14409208545086,108.3679301225252,-67.33947328933338,,2.7341597445466337,,88.88650023897134,14.814416706495225,,,251.84500903091742,,,,,,,,,not_modelled_synthetic,,,1.6092779588118749,4.197416817181957,105.42352414984342,-67.06368395200431,-103.97456283101542,-100.76112685181636,-48.13448053427464,142.8273745721535,184.03326223034583,197.67330977653117,529.3161720540905,936.868452704364,111.92690707548509,299.71027484704723,530.4751985300369,-21.064025251928427,197.67330977653117,,2.9434880754100474,,1.07285197254125,donchian_atr,eth_short_regime_challenge_v1_donchian_atr,20261007T203647Z-194d4424b93c,fa70f4c9f40e475cac09e61f19197b21,24,36,0,176.60928452460274,-48.13448053427464,DESCRIPTIVE_SAMPLE,,human_review_required
827790540ac7604f,,ETHUSDT,1h,SHORT_ONLY,"{""atr_expansion_threshold"": 1.1, ""atr_length"": 14, ""atr_reference_length"": 50, ""atr_stop_multiplier"": 2.0, ""breakout_length"": 50, ""exit_length"": 10, ""exit_method"": ""risk"", ""reward_risk"": 2.0, ""slope_lookback"": 5, ""trend_length"": 200}",wf_2_train,adverse,2024-01-01T00:00:00+00:00,2025-01-01T00:00:00+00:00,58,donchian_atr_breakout,1.0.0,39.6551724137931,0.14215598833322574,0.14176730880852695,0.0874933647981151,0,14.215598833327654,0,58,,,,,,,,,,,,,,,,,1.0058649170508618,0.05343976048125903,0.24509653160909614,5.352986237095085,282.9690273217891,106.00225638916915,-69.2524656605018,,2.7228948642511432,,169.7816244036124,28.29693740060207,,,481.0475891260036,,,,,,,,,not_modelled_synthetic,,,1.5306640042078332,8.293923950448338,109.8582500179016,-69.21249330849622,-102.67154105380502,-99.91375742829572,-51.324952390059124,139.8601812073455,177.62115883319535,188.28392511520832,510.38734769751346,903.5335051190773,1324.488171921316,3590.3330818603467,6355.929959143191,-174.06832628188073,188.28392511520832,,0.24509653160909747,,1.0058649170508618,donchian_atr,eth_short_regime_challenge_v1_donchian_atr,20261007T203647Z-194d4424b93c,ce255f01ca544d7d92cf8ea130d38459,23,35,0,14.215598833327576,-51.324952390059124,DESCRIPTIVE_SAMPLE,,human_review_required
6719be4e317770b6,,ETHUSDT,1h,SHORT_ONLY,"{""atr_expansion_threshold"": 1.25, ""atr_length"": 14, ""atr_reference_length"": 50, ""atr_stop_multiplier"": 2.0, ""breakout_length"": 30, ""exit_length"": 10, ""exit_method"": ""risk"", ""reward_risk"": 2.0, ""slope_lookback"": 5, ""trend_length"": 200}",wf_2_train,base,2024-01-01T00:00:00+00:00,2025-01-01T00:00:00+00:00,45,donchian_atr_breakout,1.0.0,37.77777777777778,-0.3212640530898314,-0.32038769009367085,-0.05046928841755828,0,-32.12640530898407,0,45,,,,,,,,,,,,,,,,,0.9834853780277156,-0.031661989028899024,-0.7139201179774252,4.7810550476646805,109.42318890673675,112.5414440146133,-69.47610548419323,,2.457185107418305,,65.65392950281068,10.942321583801782,,,186.0194399933492,,,,,,,,,not_modelled_synthetic,,,1.619858269692708,4.133765333185538,102.17598962181914,-68.72714570178368,-102.13548023130399,-99.91852181437933,-50.414091187984084,153.8888179082769,184.3678228701548,193.81020959032045,522.5941087023186,797.1396179996291,,,,-225.93661489930457,193.81020959032045,,-0.7139201179774237,,0.9834853780277156,donchian_atr,eth_short_regime_challenge_v1_donchian_atr,20261007T203647Z-194d4424b93c,aa4f0559f98d4bb281e19565ba809003,17,28,0,-32.12640530898413,-50.414091187984084,DESCRIPTIVE_SAMPLE,,human_review_required
6719be4e317770b6,,ETHUSDT,1h,SHORT_ONLY,"{""atr_expansion_threshold"": 1.25, ""atr_length"": 14, ""atr_reference_length"": 50, ""atr_stop_multiplier"": 2.0, ""breakout_length"": 30, ""exit_length"": 10, ""exit_method"": ""risk"", ""reward_risk"": 2.0, ""slope_lookback"": 5, ""trend_length"": 200}",wf_2_train,adverse,2024-01-01T00:00:00+00:00,2025-01-01T00:00:00+00:00,44,donchian_atr_breakout,1.0.0,36.36363636363637,-2.25572762980335,-2.2496342906764277,-0.6100394391003678,0,-225.57276298033756,0,44,,,,,,,,,,,,,,,,,0.8871871279272862,-0.40300767781265195,-5.126653704098582,4.944552979099098,210.5694284024713,110.87234996450407,-71.4117986575858,,2.418654098259861,,126.34171264752145,21.056952107920242,,,357.968093157913,,,,,,,,,not_modelled_synthetic,,,1.5525774738727507,8.13563848086166,111.29084706982769,-71.40377423951526,-100.48161295274163,-99.1133337638505,-54.096005506009135,149.15753199545313,176.79704385457347,183.647707298449,502.52276863531154,765.575339805383,,,,-409.2204702787866,183.647707298449,,-5.1266537040985805,,0.8871871279272862,donchian_atr,eth_short_regime_challenge_v1_donchian_atr,20261007T203647Z-194d4424b93c,5ef674c2299f474da6e8530362fee7dc,16,28,0,-225.57276298033761,-54.096005506009135,DESCRIPTIVE_SAMPLE,,human_review_required
4c4aa07c4c65af74,,ETHUSDT,1h,SHORT_ONLY,"{""atr_expansion_threshold"": 1.25, ""atr_length"": 14, ""atr_reference_length"": 50, ""atr_stop_multiplier"": 2.0, ""breakout_length"": 40, ""exit_length"": 10, ""exit_method"": ""risk"", ""reward_risk"": 2.0, ""slope_lookback"": 5, ""trend_length"": 200}",wf_2_train,base,2024-01-01T00:00:00+00:00,2025-01-01T00:00:00+00:00,45,donchian_atr_breakout,1.0.0,37.77777777777778,-0.3212640530898314,-0.32038769009367085,-0.05046928841755828,0,-32.12640530898407,0,45,,,,,,,,,,,,,,,,,0.9834853780277156,-0.031661989028899024,-0.7139201179774252,4.7810550476646805,109.42318890673675,112.5414440146133,-69.47610548419323,,2.457185107418305,,65.65392950281068,10.942321583801782,,,186.0194399933492,,,,,,,,,not_modelled_synthetic,,,1.619858269692708,4.133765333185538,102.17598962181914,-68.72714570178368,-102.13548023130399,-99.91852181437933,-50.414091187984084,153.8888179082769,184.3678228701548,193.81020959032045,522.5941087023186,797.1396179996291,,,,-225.93661489930457,193.81020959032045,,-0.7139201179774237,,0.9834853780277156,donchian_atr,eth_short_regime_challenge_v1_donchian_atr,20261007T203647Z-194d4424b93c,e21e6b91745744ed8e0a213b92615cce,17,28,0,-32.12640530898413,-50.414091187984084,DESCRIPTIVE_SAMPLE,,human_review_required
4c4aa07c4c65af74,,ETHUSDT,1h,SHORT_ONLY,"{""atr_expansion_threshold"": 1.25, ""atr_length"": 14, ""atr_reference_length"": 50, ""atr_stop_multiplier"": 2.0, ""breakout_length"": 40, ""exit_length"": 10, ""exit_method"": ""risk"", ""reward_risk"": 2.0, ""slope_lookback"": 5, ""trend_length"": 200}",wf_2_train,adverse,2024-01-01T00:00:00+00:00,2025-01-01T00:00:00+00:00,44,donchian_atr_breakout,1.0.0,36.36363636363637,-2.25572762980335,-2.2496342906764277,-0.6100394391003678,0,-225.57276298033756,0,44,,,,,,,,,,,,,,,,,0.8871871279272862,-0.40300767781265195,-5.126653704098582,4.944552979099098,210.5694284024713,110.87234996450407,-71.4117986575858,,2.418654098259861,,126.34171264752145,21.056952107920242,,,357.968093157913,,,,,,,,,not_modelled_synthetic,,,1.5525774738727507,8.13563848086166,111.29084706982769,-71.40377423951526,-100.48161295274163,-99.1133337638505,-54.096005506009135,149.15753199545313,176.79704385457347,183.647707298449,502.52276863531154,765.575339805383,,,,-409.2204702787866,183.647707298449,,-5.1266537040985805,,0.8871871279272862,donchian_atr,eth_short_regime_challenge_v1_donchian_atr,20261007T203647Z-194d4424b93c,a5d2dce7d0684c89b4d1ecd20ae17696,16,28,0,-225.57276298033761,-54.096005506009135,DESCRIPTIVE_SAMPLE,,human_review_required
db2f1a56c8656a10,,ETHUSDT,1h,SHORT_ONLY,"{""atr_expansion_threshold"": 1.25, ""atr_length"": 14, ""atr_reference_length"": 50, ""atr_stop_multiplier"": 2.0, ""breakout_length"": 50, ""exit_length"": 10, ""exit_method"": ""risk"", ""reward_risk"": 2.0, ""slope_lookback"": 5, ""trend_length"": 200}",wf_2_train,base,2024-01-01T00:00:00+00:00,2025-01-01T00:00:00+00:00,45,donchian_atr_breakout,1.0.0,37.77777777777778,-0.3212640530898314,-0.32038769009367085,-0.05046928841755828,0,-32.12640530898407,0,45,,,,,,,,,,,,,,,,,0.9834853780277156,-0.031661989028899024,-0.7139201179774252,4.7810550476646805,109.42318890673675,112.5414440146133,-69.47610548419323,,2.457185107418305,,65.65392950281068,10.942321583801782,,,186.0194399933492,,,,,,,,,not_modelled_synthetic,,,1.619858269692708,4.133765333185538,102.17598962181914,-68.72714570178368,-102.13548023130399,-99.91852181437933,-50.414091187984084,153.8888179082769,184.3678228701548,193.81020959032045,522.5941087023186,797.1396179996291,,,,-225.93661489930457,193.81020959032045,,-0.7139201179774237,,0.9834853780277156,donchian_atr,eth_short_regime_challenge_v1_donchian_atr,20261007T203647Z-194d4424b93c,1c2ce4dc85074ac0b1d9dd0dcb0fb795,17,28,0,-32.12640530898413,-50.414091187984084,DESCRIPTIVE_SAMPLE,,human_review_required
db2f1a56c8656a10,,ETHUSDT,1h,SHORT_ONLY,"{""atr_expansion_threshold"": 1.25, ""atr_length"": 14, ""atr_reference_length"": 50, ""atr_stop_multiplier"": 2.0, ""breakout_length"": 50, ""exit_length"": 10, ""exit_method"": ""risk"", ""reward_risk"": 2.0, ""slope_lookback"": 5, ""trend_length"": 200}",wf_2_train,adverse,2024-01-01T00:00:00+00:00,2025-01-01T00:00:00+00:00,44,donchian_atr_breakout,1.0.0,36.36363636363637,-2.25572762980335,-2.2496342906764277,-0.6100394391003678,0,-225.57276298033756,0,44,,,,,,,,,,,,,,,,,0.8871871279272862,-0.40300767781265195,-5.126653704098582,4.944552979099098,210.5694284024713,110.87234996450407,-71.4117986575858,,2.418654098259861,,126.34171264752145,21.056952107920242,,,357.968093157913,,,,,,,,,not_modelled_synthetic,,,1.5525774738727507,8.13563848086166,111.29084706982769,-71.40377423951526,-100.48161295274163,-99.1133337638505,-54.096005506009135,149.15753199545313,176.79704385457347,183.647707298449,502.52276863531154,765.575339805383,,,,-409.2204702787866,183.647707298449,,-5.1266537040985805,,0.8871871279272862,donchian_atr,eth_short_regime_challenge_v1_donchian_atr,20261007T203647Z-194d4424b93c,9fd821f6c5d34c6390f892648f582015,16,28,0,-225.57276298033761,-54.096005506009135,DESCRIPTIVE_SAMPLE,,human_review_required
827790540ac7604f,,ETHUSDT,1h,SHORT_ONLY,"{""atr_expansion_threshold"": 1.1, ""atr_length"": 14, ""atr_reference_length"": 50, ""atr_stop_multiplier"": 2.0, ""breakout_length"": 50, ""exit_length"": 10, ""exit_method"": ""risk"", ""reward_risk"": 2.0, ""slope_lookback"": 5, ""trend_length"": 200}",wf_2_test,base,2025-01-01T00:00:00+00:00,2025-04-01T00:00:00+00:00,20,donchian_atr_breakout,1.0.0,50.0,4.453556453119623,19.32850967817061,4.061175647024851,0,445.3556453119606,0,20,,,,,,,,,,,,,,,,,1.4791245056765294,1.637390526128183,22.267782265598026,4.888838275326219,48.49471507007993,137.48753005070404,-92.95196551950797,,4.855695553200793,,29.09688446070414,4.84948074345069,,,82.44108027423475,,,,,,,,,not_modelled_synthetic,,,1.4791245056765296,4.122054013711738,132.00552039160738,-104.22251653505324,-108.42997735770749,-107.60432387870371,5.821849477886644,197.85292712304562,204.20953649670398,205.7986888401186,205.7986888401186,403.23341797805506,46.20996522811825,46.20996522811825,90.54188988568903,239.55695647184194,205.7986888401186,,22.26778226559803,,1.4791245056765294,donchian_atr,eth_short_regime_challenge_v1_donchian_atr,20261007T203647Z-194d4424b93c,d78df0e943744a6eb0c82d0bcdd1395e,10,10,0,445.35564531196053,5.821849477886641,DESCRIPTIVE_SAMPLE,,human_review_required
827790540ac7604f,,ETHUSDT,1h,SHORT_ONLY,"{""atr_expansion_threshold"": 1.1, ""atr_length"": 14, ""atr_reference_length"": 50, ""atr_stop_multiplier"": 2.0, ""breakout_length"": 50, ""exit_length"": 10, ""exit_method"": ""risk"", ""reward_risk"": 2.0, ""slope_lookback"": 5, ""trend_length"": 200}",wf_2_test,adverse,2025-01-01T00:00:00+00:00,2025-04-01T00:00:00+00:00,20,donchian_atr_breakout,1.0.0,50.0,3.888679561847086,16.732923555331624,3.5743307264729585,0,388.8679561847087,0,20,,,,,,,,,,,,,,,,,1.413111022926208,1.4776224308006107,19.443397809235435,4.90099285489523,95.66176219581521,133.01838122231715,-94.13158560384629,,4.756651759851444,,57.39728894464243,9.566214824107073,,,162.62526596456473,,,,,,,,,not_modelled_synthetic,,,1.413111022926208,8.131263298228237,128.34031561690398,-104.36287170042851,-107.89252603585274,-107.07097988291116,2.4251487632716078,188.54173183094622,197.78268483826704,200.0929230900973,200.0929230900973,388.02669748635134,51.45523561603389,51.45523561603389,99.78366469003741,188.77503309461142,200.0929230900973,,19.443397809235435,,1.413111022926208,donchian_atr,eth_short_regime_challenge_v1_donchian_atr,20261007T203647Z-194d4424b93c,8ea8dd9b21c24cd982648e98feb64eae,10,10,0,388.8679561847087,2.425148763271615,DESCRIPTIVE_SAMPLE,,human_review_required
ff43266d9f6c730a,,ETHUSDT,1h,SHORT_ONLY,"{""atr_expansion_threshold"": 1.1, ""atr_length"": 14, ""atr_reference_length"": 50, ""atr_stop_multiplier"": 2.0, ""breakout_length"": 30, ""exit_length"": 10, ""exit_method"": ""risk"", ""reward_risk"": 2.0, ""slope_lookback"": 5, ""trend_length"": 200}",wf_3_train,base,2024-04-01T00:00:00+00:00,2025-04-01T00:00:00+00:00,69,donchian_atr_breakout,1.0.0,43.47826086956522,6.640669854267078,6.640669854267078,1.6606454508319954,0,664.0669854267029,0,69,,,,,,,,,,,,,,,,,1.2241039710972794,0.8486595476579987,9.62415920908265,5.33308783626354,171.42412505803355,120.90921161210589,-75.97972725478137,,3.623537564273094,,102.8545753610722,17.14242922684537,,,291.4211296459511,,,,,,,,,not_modelled_synthetic,,,1.5913351624264633,4.2234946325500164,116.37685512243891,-71.94534462922984,-110.15689233731932,-107.8440821101977,-49.19822123071535,171.89678638125176,204.37968083214435,210.18846753235024,787.5272695595928,1239.9196323033518,31.651696612698125,118.59154073945707,186.71604815689324,453.8785178943526,210.18846753235024,,9.62415920908265,,1.2241039710972794,donchian_atr,eth_short_regime_challenge_v1_donchian_atr,20261007T203647Z-194d4424b93c,1064c1671b344b0ab6a153af5b859f99,30,39,0,664.0669854267029,-49.19822123071535,DESCRIPTIVE_SAMPLE,,human_review_required
ff43266d9f6c730a,,ETHUSDT,1h,SHORT_ONLY,"{""atr_expansion_threshold"": 1.1, ""atr_length"": 14, ""atr_reference_length"": 50, ""atr_stop_multiplier"": 2.0, ""breakout_length"": 30, ""exit_length"": 10, ""exit_method"": ""risk"", ""reward_risk"": 2.0, ""slope_lookback"": 5, ""trend_length"": 200}",wf_3_train,adverse,2024-04-01T00:00:00+00:00,2025-04-01T00:00:00+00:00,68,donchian_atr_breakout,1.0.0,44.11764705882353,5.315840064675914,5.315840064675914,1.3526561682219842,0,531.5840064675979,0,68,,,,,,,,,,,,,,,,,1.1790684273303016,0.7073829604671998,7.817411859817618,5.919963014711528,334.9488043824341,116.67307443010262,-78.12126911672317,,3.60479349110441,,200.9697450484161,33.49495750806935,,,569.4135069389195,,,,,,,,,not_modelled_synthetic,,,1.493486674618382,8.373728043219403,113.06588165785146,-74.98112724777351,-108.84868063962408,-107.02631776830232,-52.54663614153934,168.30374090729904,195.48406424555503,202.919419733686,758.0940521359626,1197.1848626857636,38.172596854840606,142.61039514215918,225.2108506125149,328.66458673391196,202.919419733686,,7.817411859817616,,1.1790684273303018,donchian_atr,eth_short_regime_challenge_v1_donchian_atr,20261007T203647Z-194d4424b93c,02a3782c68ea48e39f635f722568993e,30,38,0,531.584006467598,-52.54663614153934,DESCRIPTIVE_SAMPLE,,human_review_required
e0dd4c731d1d27f0,,ETHUSDT,1h,SHORT_ONLY,"{""atr_expansion_threshold"": 1.1, ""atr_length"": 14, ""atr_reference_length"": 50, ""atr_stop_multiplier"": 2.0, ""breakout_length"": 40, ""exit_length"": 10, ""exit_method"": ""risk"", ""reward_risk"": 2.0, ""slope_lookback"": 5, ""trend_length"": 200}",wf_3_train,base,2024-04-01T00:00:00+00:00,2025-04-01T00:00:00+00:00,69,donchian_atr_breakout,1.0.0,43.47826086956522,6.640669854267078,6.640669854267078,1.6606454508319954,0,664.0669854267029,0,69,,,,,,,,,,,,,,,,,1.2241039710972794,0.8486595476579987,9.62415920908265,5.33308783626354,171.42412505803355,120.90921161210589,-75.97972725478137,,3.623537564273094,,102.8545753610722,17.14242922684537,,,291.4211296459511,,,,,,,,,not_modelled_synthetic,,,1.5913351624264633,4.2234946325500164,116.37685512243891,-71.94534462922984,-110.15689233731932,-107.8440821101977,-49.19822123071535,171.89678638125176,204.37968083214435,210.18846753235024,787.5272695595928,1239.9196323033518,31.651696612698125,118.59154073945707,186.71604815689324,453.8785178943526,210.18846753235024,,9.62415920908265,,1.2241039710972794,donchian_atr,eth_short_regime_challenge_v1_donchian_atr,20261007T203647Z-194d4424b93c,b754dbd495234661b690b1c04471b481,30,39,0,664.0669854267029,-49.19822123071535,DESCRIPTIVE_SAMPLE,,human_review_required
e0dd4c731d1d27f0,,ETHUSDT,1h,SHORT_ONLY,"{""atr_expansion_threshold"": 1.1, ""atr_length"": 14, ""atr_reference_length"": 50, ""atr_stop_multiplier"": 2.0, ""breakout_length"": 40, ""exit_length"": 10, ""exit_method"": ""risk"", ""reward_risk"": 2.0, ""slope_lookback"": 5, ""trend_length"": 200}",wf_3_train,adverse,2024-04-01T00:00:00+00:00,2025-04-01T00:00:00+00:00,68,donchian_atr_breakout,1.0.0,44.11764705882353,5.315840064675914,5.315840064675914,1.3526561682219842,0,531.5840064675979,0,68,,,,,,,,,,,,,,,,,1.1790684273303016,0.7073829604671998,7.817411859817618,5.919963014711528,334.9488043824341,116.67307443010262,-78.12126911672317,,3.60479349110441,,200.9697450484161,33.49495750806935,,,569.4135069389195,,,,,,,,,not_modelled_synthetic,,,1.493486674618382,8.373728043219403,113.06588165785146,-74.98112724777351,-108.84868063962408,-107.02631776830232,-52.54663614153934,168.30374090729904,195.48406424555503,202.919419733686,758.0940521359626,1197.1848626857636,38.172596854840606,142.61039514215918,225.2108506125149,328.66458673391196,202.919419733686,,7.817411859817616,,1.1790684273303018,donchian_atr,eth_short_regime_challenge_v1_donchian_atr,20261007T203647Z-194d4424b93c,8a19a63d6df44da0ae8ab978e80376dc,30,38,0,531.584006467598,-52.54663614153934,DESCRIPTIVE_SAMPLE,,human_review_required
827790540ac7604f,,ETHUSDT,1h,SHORT_ONLY,"{""atr_expansion_threshold"": 1.1, ""atr_length"": 14, ""atr_reference_length"": 50, ""atr_stop_multiplier"": 2.0, ""breakout_length"": 50, ""exit_length"": 10, ""exit_method"": ""risk"", ""reward_risk"": 2.0, ""slope_lookback"": 5, ""trend_length"": 200}",wf_3_train,base,2024-04-01T00:00:00+00:00,2025-04-01T00:00:00+00:00,68,donchian_atr_breakout,1.0.0,44.11764705882353,7.2877603063610685,7.2877603063610685,1.8271476930641073,0,728.7760306361109,0,68,,,,,,,,,,,,,,,,,1.25010430760363,0.9265734662793322,10.7172945681781,4.888837667148476,169.30457598963588,121.42214634441244,-76.68127262358585,,3.6037663374337536,,101.58285233614463,16.930475389357436,,,287.8179037151379,,,,,,,,,not_modelled_synthetic,,,1.5834654562979313,4.232616231104969,116.37685512243891,-72.03605537557617,-110.83650622618524,-108.60662910019425,-49.2795375451234,172.7835393557826,205.626690493827,211.3825034017011,789.8669091468097,1244.6787772982366,29.00513937281887,108.38266846638409,170.7903011315865,517.3935272344096,211.3825034017011,,10.717294568178103,,1.25010430760363,donchian_atr,eth_short_regime_challenge_v1_donchian_atr,20261007T203647Z-194d4424b93c,9d658a5aaf5c42b9ac1cb1f769b0864e,30,38,0,728.7760306361107,-49.2795375451234,DESCRIPTIVE_SAMPLE,,human_review_required
827790540ac7604f,,ETHUSDT,1h,SHORT_ONLY,"{""atr_expansion_threshold"": 1.1, ""atr_length"": 14, ""atr_reference_length"": 50, ""atr_stop_multiplier"": 2.0, ""breakout_length"": 50, ""exit_length"": 10, ""exit_method"": ""risk"", ""reward_risk"": 2.0, ""slope_lookback"": 5, ""trend_length"": 200}",wf_3_train,adverse,2024-04-01T00:00:00+00:00,2025-04-01T00:00:00+00:00,67,donchian_atr_breakout,1.0.0,44.776119402985074,5.991266549991714,5.991266549991714,1.5270375923051709,0,599.1266549991759,0,67,,,,,,,,,,,,,,,,,1.2054176515785675,0.7917753622689028,8.942188880584714,5.352985511270284,330.7671061743299,117.19178624903529,-78.8277549316725,,3.5850206574763304,,198.46075150574586,33.07679191762431,,,562.3046495977001,,,,,,,,,not_modelled_synthetic,,,1.4866817702802335,8.392606710413434,113.06588165785146,-75.46870966954626,-109.55775869770551,-107.76671373211431,-52.61077473858921,169.24874154948697,196.01083086952866,204.14233493641203,760.4655309165959,1201.4192697672672,34.07331876040348,126.92900984644756,200.52842912971713,394.9843200627639,204.14233493641203,,8.942188880584714,,1.2054176515785677,donchian_atr,eth_short_regime_challenge_v1_donchian_atr,20261007T203647Z-194d4424b93c,25d86c9011ae4fb9b53c4ffbd61a52e0,30,37,0,599.1266549991759,-52.61077473858921,DESCRIPTIVE_SAMPLE,,human_review_required
6719be4e317770b6,,ETHUSDT,1h,SHORT_ONLY,"{""atr_expansion_threshold"": 1.25, ""atr_length"": 14, ""atr_reference_length"": 50, ""atr_stop_multiplier"": 2.0, ""breakout_length"": 30, ""exit_length"": 10, ""exit_method"": ""risk"", ""reward_risk"": 2.0, ""slope_lookback"": 5, ""trend_length"": 200}",wf_3_train,base,2024-04-01T00:00:00+00:00,2025-04-01T00:00:00+00:00,52,donchian_atr_breakout,1.0.0,42.30769230769231,5.200661108841431,5.200661108841431,1.4528518201544234,0,520.0661108841332,0,52,,,,,,,,,,,,,,,,,1.2258555172194512,0.7607349305119219,10.001271363156404,4.039253990664102,125.89377755127265,128.30525847893531,-76.75498585508146,,3.302061773494749,,75.53634360975396,12.589390601625661,,,214.01951176265226,,,,,,,,,not_modelled_synthetic,,,1.6716211598447064,4.115759841589466,120.679517958676,-72.97229883917709,-107.78060973025399,-106.36232835857716,-49.56526228767004,183.84984199843737,199.83227652589798,203.9652634302341,595.5023566151789,1089.3925745477418,39.219102948947224,114.5051262045899,209.4719405376619,316.10084745389884,203.9652634302341,,10.001271363156407,,1.2258555172194514,donchian_atr,eth_short_regime_challenge_v1_donchian_atr,20261007T203647Z-194d4424b93c,485d80c104bc4b80bae38ad185a1914e,22,30,0,520.066110884133,-49.56526228767004,DESCRIPTIVE_SAMPLE,,human_review_required
6719be4e317770b6,,ETHUSDT,1h,SHORT_ONLY,"{""atr_expansion_threshold"": 1.25, ""atr_length"": 14, ""atr_reference_length"": 50, ""atr_stop_multiplier"": 2.0, ""breakout_length"": 30, ""exit_length"": 10, ""exit_method"": ""risk"", ""reward_risk"": 2.0, ""slope_lookback"": 5, ""trend_length"": 200}",wf_3_train,adverse,2024-04-01T00:00:00+00:00,2025-04-01T00:00:00+00:00,52,donchian_atr_breakout,1.0.0,42.30769230769231,3.5773739514812997,3.5773739514812997,1.0122655750424425,0,357.73739514811706,0,52,,,,,,,,,,,,,,,,,1.151818476313372,0.5470932032762221,6.879565291309944,4.471811765178307,248.35851696945033,123.36758745936345,-78.54498429859595,,3.2571775677080437,,149.0154377595178,24.835906293252965,,,422.20986102222105,,,,,,,,,not_modelled_synthetic,,,1.570661558609144,8.119420404273482,116.41253649788207,-76.07639828846844,-106.15209031700017,-104.78581811742654,-52.54820939381805,176.90231434150633,191.55966718761255,196.21929533908963,567.5979351415929,1048.242950775074,54.85009339262597,158.66329403628197,293.0202335545774,161.51809980902743,196.21929533908963,,6.879565291309944,,1.151818476313372,donchian_atr,eth_short_regime_challenge_v1_donchian_atr,20261007T203647Z-194d4424b93c,cdcc9ede235b42518f19491eedc120fc,22,30,0,357.73739514811706,-52.54820939381805,DESCRIPTIVE_SAMPLE,,human_review_required
4c4aa07c4c65af74,,ETHUSDT,1h,SHORT_ONLY,"{""atr_expansion_threshold"": 1.25, ""atr_length"": 14, ""atr_reference_length"": 50, ""atr_stop_multiplier"": 2.0, ""breakout_length"": 40, ""exit_length"": 10, ""exit_method"": ""risk"", ""reward_risk"": 2.0, ""slope_lookback"": 5, ""trend_length"": 200}",wf_3_train,base,2024-04-01T00:00:00+00:00,2025-04-01T00:00:00+00:00,52,donchian_atr_breakout,1.0.0,42.30769230769231,5.200661108841431,5.200661108841431,1.4528518201544234,0,520.0661108841332,0,52,,,,,,,,,,,,,,,,,1.2258555172194512,0.7607349305119219,10.001271363156404,4.039253990664102,125.89377755127265,128.30525847893531,-76.75498585508146,,3.302061773494749,,75.53634360975396,12.589390601625661,,,214.01951176265226,,,,,,,,,not_modelled_synthetic,,,1.6716211598447064,4.115759841589466,120.679517958676,-72.97229883917709,-107.78060973025399,-106.36232835857716,-49.56526228767004,183.84984199843737,199.83227652589798,203.9652634302341,595.5023566151789,1089.3925745477418,39.219102948947224,114.5051262045899,209.4719405376619,316.10084745389884,203.9652634302341,,10.001271363156407,,1.2258555172194514,donchian_atr,eth_short_regime_challenge_v1_donchian_atr,20261007T203647Z-194d4424b93c,b07fc2f337b24f67a5b5837a38919e08,22,30,0,520.066110884133,-49.56526228767004,DESCRIPTIVE_SAMPLE,,human_review_required
4c4aa07c4c65af74,,ETHUSDT,1h,SHORT_ONLY,"{""atr_expansion_threshold"": 1.25, ""atr_length"": 14, ""atr_reference_length"": 50, ""atr_stop_multiplier"": 2.0, ""breakout_length"": 40, ""exit_length"": 10, ""exit_method"": ""risk"", ""reward_risk"": 2.0, ""slope_lookback"": 5, ""trend_length"": 200}",wf_3_train,adverse,2024-04-01T00:00:00+00:00,2025-04-01T00:00:00+00:00,52,donchian_atr_breakout,1.0.0,42.30769230769231,3.5773739514812997,3.5773739514812997,1.0122655750424425,0,357.73739514811706,0,52,,,,,,,,,,,,,,,,,1.151818476313372,0.5470932032762221,6.879565291309944,4.471811765178307,248.35851696945033,123.36758745936345,-78.54498429859595,,3.2571775677080437,,149.0154377595178,24.835906293252965,,,422.20986102222105,,,,,,,,,not_modelled_synthetic,,,1.570661558609144,8.119420404273482,116.41253649788207,-76.07639828846844,-106.15209031700017,-104.78581811742654,-52.54820939381805,176.90231434150633,191.55966718761255,196.21929533908963,567.5979351415929,1048.242950775074,54.85009339262597,158.66329403628197,293.0202335545774,161.51809980902743,196.21929533908963,,6.879565291309944,,1.151818476313372,donchian_atr,eth_short_regime_challenge_v1_donchian_atr,20261007T203647Z-194d4424b93c,cb85e72f6d934a73a2dc8d2552df6671,22,30,0,357.73739514811706,-52.54820939381805,DESCRIPTIVE_SAMPLE,,human_review_required
db2f1a56c8656a10,,ETHUSDT,1h,SHORT_ONLY,"{""atr_expansion_threshold"": 1.25, ""atr_length"": 14, ""atr_reference_length"": 50, ""atr_stop_multiplier"": 2.0, ""breakout_length"": 50, ""exit_length"": 10, ""exit_method"": ""risk"", ""reward_risk"": 2.0, ""slope_lookback"": 5, ""trend_length"": 200}",wf_3_train,base,2024-04-01T00:00:00+00:00,2025-04-01T00:00:00+00:00,52,donchian_atr_breakout,1.0.0,42.30769230769231,5.24106645589999,5.24106645589999,1.4634690801250436,0,524.1066455899858,0,52,,,,,,,,,,,,,,,,,1.227594054212838,0.765647456747049,10.07897395365357,4.039253990664102,125.89710650178993,128.4963672641036,-76.76044780734313,,3.285178768765682,,75.53834140491475,12.589723567485791,,,214.02517147419047,,,,,,,,,not_modelled_synthetic,,,1.6739918921084158,4.115868682195971,122.72890925954572,-72.97229883917709,-107.8219729014449,-106.38478381191237,-49.56526228767004,183.84984199843737,199.83227652589798,203.9652634302341,595.5023566151789,1089.4545416172477,38.91674817453057,113.62236323960808,207.8688661523937,320.1413821597515,203.9652634302341,,10.078973953653572,,1.2275940542128383,donchian_atr,eth_short_regime_challenge_v1_donchian_atr,20261007T203647Z-194d4424b93c,c6bbf12666d7449ba2377de589947e09,22,30,0,524.1066455899856,-49.56526228767004,DESCRIPTIVE_SAMPLE,,human_review_required
db2f1a56c8656a10,,ETHUSDT,1h,SHORT_ONLY,"{""atr_expansion_threshold"": 1.25, ""atr_length"": 14, ""atr_reference_length"": 50, ""atr_stop_multiplier"": 2.0, ""breakout_length"": 50, ""exit_length"": 10, ""exit_method"": ""risk"", ""reward_risk"": 2.0, ""slope_lookback"": 5, ""trend_length"": 200}",wf_3_train,adverse,2024-04-01T00:00:00+00:00,2025-04-01T00:00:00+00:00,52,donchian_atr_breakout,1.0.0,42.30769230769231,3.6171987382529025,3.6171987382529025,1.0227567378673894,0,361.7198738252784,0,52,,,,,,,,,,,,,,,,,1.1534980531702559,0.5523011436074541,6.956151419716895,4.471811765178307,248.3649091114719,123.5559556362032,-78.55037167237306,,3.2402939535019373,,149.0192747219366,24.836545786989433,,,422.22072962039795,,,,,,,,,not_modelled_synthetic,,,1.5729518906867124,8.119629415776883,118.43375764594155,-76.07639828846844,-106.19290405975738,-104.8079201903329,-52.54820939381805,176.90231434150633,191.55966718761255,196.21929533908963,567.5979351415929,1048.3028487709603,54.24620252794552,156.91643622981013,289.81068628740087,165.50057848618894,196.21929533908963,,6.9561514197168925,,1.1534980531702559,donchian_atr,eth_short_regime_challenge_v1_donchian_atr,20261007T203647Z-194d4424b93c,2b1bfadafd5c40d9ac566765d8707ce4,22,30,0,361.71987382527857,-52.54820939381805,DESCRIPTIVE_SAMPLE,,human_review_required
827790540ac7604f,,ETHUSDT,1h,SHORT_ONLY,"{""atr_expansion_threshold"": 1.1, ""atr_length"": 14, ""atr_reference_length"": 50, ""atr_stop_multiplier"": 2.0, ""breakout_length"": 50, ""exit_length"": 10, ""exit_method"": ""risk"", ""reward_risk"": 2.0, ""slope_lookback"": 5, ""trend_length"": 200}",wf_3_test,base,2025-04-01T00:00:00+00:00,2025-07-01T00:00:00+00:00,11,donchian_atr_breakout,1.0.0,45.45454545454545,2.2737573967714697,9.436991509417547,2.954718503902931,0,227.3757396771428,0,11,,,,,,,,,,,,,,,,,1.4690955502747867,1.2751439309534631,20.670521788831163,3.815088626729274,26.500464939398213,142.41733361335739,-80.78515473160736,,3.6291689933818696,,15.900307568428087,2.6500512614046814,,,45.05082376923099,,,,,,,,,not_modelled_synthetic,,,1.7629146603297436,4.095529433566454,135.92530111648242,-86.3816268192065,-102.58696504853165,-99.19769990620998,-36.4843008866471,171.71897205391056,178.81284950585177,180.58631886883705,180.58631886883705,343.4379441078211,79.4219819252734,79.4219819252734,151.04423391672228,46.78942080830575,180.58631886883705,,20.670521788831163,,1.4690955502747867,donchian_atr,eth_short_regime_challenge_v1_donchian_atr,20261007T203647Z-194d4424b93c,85269354ed7d49a1a9dfa2c07d0d48c2,5,6,0,227.3757396771428,-36.4843008866471,INSUFFICIENT_SAMPLE,INSUFFICIENT_SAMPLE,human_review_required
827790540ac7604f,,ETHUSDT,1h,SHORT_ONLY,"{""atr_expansion_threshold"": 1.1, ""atr_length"": 14, ""atr_reference_length"": 50, ""atr_stop_multiplier"": 2.0, ""breakout_length"": 50, ""exit_length"": 10, ""exit_method"": ""risk"", ""reward_risk"": 2.0, ""slope_lookback"": 5, ""trend_length"": 200}",wf_3_test,adverse,2025-04-01T00:00:00+00:00,2025-07-01T00:00:00+00:00,11,donchian_atr_breakout,1.0.0,45.45454545454545,1.9330991397949138,7.982229573402,2.445204054505156,0,193.3099139794889,0,11,,,,,,,,,,,,,,,,,1.3855454142001842,1.0982551581246398,17.5736285435899,4.032350180254146,52.854303620517854,138.94065651868675,-83.56556143565747,,3.628685333368681,,31.712701100505644,5.285450183417607,,,89.8524549044411,,,,,,,,,not_modelled_synthetic,,,1.6626544970402208,8.168404991312828,132.22176253087554,-89.75920120735687,-102.85053770632192,-100.77956721200992,-39.891705736103134,168.41449672748175,175.5579927899322,177.3438668055448,177.3438668055448,336.8289934549635,91.74069925061464,91.74069925061464,174.243000020528,15.966047173944105,177.3438668055448,,17.5736285435899,,1.385545414200184,donchian_atr,eth_short_regime_challenge_v1_donchian_atr,20261007T203647Z-194d4424b93c,687893e238ab49a1aceb108af9d3e92f,5,6,0,193.3099139794889,-39.891705736103134,INSUFFICIENT_SAMPLE,INSUFFICIENT_SAMPLE,human_review_required
30db84831e4aaa26,,ETHUSDT,1h,SHORT_ONLY,"{""atr_length"": 14, ""atr_stop_multiplier"": 2.0, ""breakout_length"": 30, ""exit_length"": 10, ""exit_method"": ""risk"", ""fast_length"": 50, ""reward_risk"": 2.0, ""slope_lookback"": 5, ""trend_filter"": ""ema_slope"", ""trend_length"": 200}",train,base,2023-06-04T00:00:00+00:00,2024-07-01T00:00:00+00:00,90,donchian_trend_breakout,1.0.0,27.77777777777778,-11.00037393753711,-10.258337036783882,-3.153475315201228,0,-1100.037393753701,0,90,,,,,,,,,,,,,,,,,0.6138423805599607,-2.148195780814691,-12.222637708374457,11.78783296643504,208.27036580437036,69.94548738578972,-43.82576274459145,,3.5958892636034854,,124.96214115494656,20.82702352582443,,,354.05953048514135,,,,,,,,,not_modelled_synthetic,,,1.5959901894558977,3.933994783168237,68.02105388415812,-38.01988703379911,-92.79526644157849,-72.04522957475851,-32.46519752685612,100.25324565236772,143.43382845784478,160.01003243936086,618.9720839017197,973.0164201895245,,,,-1260.047426193062,160.01003243936086,,-12.222637708374457,,0.6138423805599605,donchian,eth_short_regime_challenge_v1_donchian,20261007T203717Z-2caf5e37e706,d4337e71132e4ebe93e0355b613abd7d,25,65,0,-1100.037393753701,-32.46519752685612,DESCRIPTIVE_SAMPLE,,human_review_required
30db84831e4aaa26,,ETHUSDT,1h,SHORT_ONLY,"{""atr_length"": 14, ""atr_stop_multiplier"": 2.0, ""breakout_length"": 30, ""exit_length"": 10, ""exit_method"": ""risk"", ""fast_length"": 50, ""reward_risk"": 2.0, ""slope_lookback"": 5, ""trend_filter"": ""ema_slope"", ""trend_length"": 200}",train,adverse,2023-06-04T00:00:00+00:00,2024-07-01T00:00:00+00:00,89,donchian_trend_breakout,1.0.0,28.089887640449437,-12.837754325534023,-11.980312581617214,-3.629569123539972,0,-1283.7754325533956,0,89,,,,,,,,,,,,,,,,,0.5616795717059292,-2.5737570428917578,-14.424443062397703,13.46386740997951,406.23117375545814,65.80304166333916,-45.76330428338867,,3.5857896622216514,,243.7384551165292,40.623075852754866,,,690.5927047247421,,,,,,,,,not_modelled_synthetic,,,1.4378997035671788,7.759468592412833,63.69798157112502,-40.5856004405537,-90.97932036620729,-71.42504255448993,-34.446549488760034,95.60173209554796,137.9262637183279,153.65180682874646,591.9149336296118,928.0355065941365,,,,-1437.427239382142,153.65180682874646,,-14.424443062397703,,0.5616795717059291,donchian,eth_short_regime_challenge_v1_donchian,20261007T203717Z-2caf5e37e706,01ef2f871d024956bf100dadab52566a,25,64,0,-1283.7754325533956,-34.446549488760034,DESCRIPTIVE_SAMPLE,,human_review_required
41d7ee3faad0311a,,ETHUSDT,1h,SHORT_ONLY,"{""atr_length"": 14, ""atr_stop_multiplier"": 2.0, ""breakout_length"": 40, ""exit_length"": 10, ""exit_method"": ""risk"", ""fast_length"": 50, ""reward_risk"": 2.0, ""slope_lookback"": 5, ""trend_filter"": ""ema_slope"", ""trend_length"": 200}",train,base,2023-06-04T00:00:00+00:00,2024-07-01T00:00:00+00:00,77,donchian_trend_breakout,1.0.0,28.571428571428573,-9.588146209377557,-8.93653383640184,-2.810370073293223,0,-958.8146209377559,0,77,,,,,,,,,,,,,,,,,0.6211967685020285,-1.9313297716946811,-12.452137934256568,11.068661500665257,180.33384744062752,71.47060850799775,-46.0212365111583,,3.274706640374836,,108.20023997842469,18.033373329737447,,,306.56746074878964,,,,,,,,,not_modelled_synthetic,,,1.5529919212550714,3.981395594140125,65.08060468893227,-40.699117433845785,-93.83159785927694,-71.69002812732967,-33.91745699096757,103.90777739374492,148.08213097503094,160.36442369449256,522.9375760160742,875.5940310554741,,,,-1119.1790446322484,160.36442369449256,,-12.45213793425657,,0.6211967685020284,donchian,eth_short_regime_challenge_v1_donchian,20261007T203717Z-2caf5e37e706,65b87666fc2f47e3b78a98c56e0eb247,22,55,0,-958.8146209377558,-33.91745699096757,DESCRIPTIVE_SAMPLE,,human_review_required
41d7ee3faad0311a,,ETHUSDT,1h,SHORT_ONLY,"{""atr_length"": 14, ""atr_stop_multiplier"": 2.0, ""breakout_length"": 40, ""exit_length"": 10, ""exit_method"": ""risk"", ""fast_length"": 50, ""reward_risk"": 2.0, ""slope_lookback"": 5, ""trend_filter"": ""ema_slope"", ""trend_length"": 200}",train,adverse,2023-06-04T00:00:00+00:00,2024-07-01T00:00:00+00:00,76,donchian_trend_breakout,1.0.0,28.94736842105263,-11.06451860261175,-10.318409845806077,-3.217847317451236,0,-1106.4518602611784,0,76,,,,,,,,,,,,,,,,,0.5730206703722142,-2.2908816640893317,-14.558577108699717,12.563252056138166,351.84777338304855,67.4952608099897,-47.98791848298059,,3.2618906189248156,,211.1084505392534,35.18474175654224,,,598.1409656788442,,,,,,,,,not_modelled_synthetic,,,1.4065052818227073,7.870275864195318,61.3659445463435,-42.838836344620226,-92.6453236451737,-72.55700040070852,-36.60694292750127,99.23423793402975,142.89519009320574,154.5640238611955,502.49094005621674,838.2887762242831,,,,-1261.015884122374,154.5640238611955,,-14.558577108699716,,0.573020670372214,donchian,eth_short_regime_challenge_v1_donchian,20261007T203717Z-2caf5e37e706,3efdded996b849e3a0ed78ffa0961299,22,54,0,-1106.4518602611786,-36.60694292750127,DESCRIPTIVE_SAMPLE,,human_review_required
b5bd78a75b1c644c,,ETHUSDT,1h,SHORT_ONLY,"{""atr_length"": 14, ""atr_stop_multiplier"": 2.0, ""breakout_length"": 50, ""exit_length"": 10, ""exit_method"": ""risk"", ""fast_length"": 50, ""reward_risk"": 2.0, ""slope_lookback"": 5, ""trend_filter"": ""ema_slope"", ""trend_length"": 200}",train,base,2023-06-04T00:00:00+00:00,2024-07-01T00:00:00+00:00,71,donchian_trend_breakout,1.0.0,29.577464788732396,-7.986133337780698,-7.438875945923307,-2.4389495608722327,0,-798.6133337780698,0,71,,,,,,,,,,,,,,,,,0.6545563009589711,-1.6292191660037343,-11.248075123634786,9.990238661828043,167.22205621152503,72.05879487542067,-46.23696052323808,,2.93505648231912,,100.33317972164538,16.722196620274232,,,284.27743255344467,,,,,,,,,not_modelled_synthetic,,,1.5584673832356455,4.003907500752741,61.98950117413882,-40.88091607264586,-94.94924489857611,-73.77911607310679,-33.91745699096757,105.85896578112434,150.16460555512796,162.3089274718499,527.0554611346473,884.4031204933308,,,,-960.9222612499196,162.3089274718499,,-11.248075123634786,,0.6545563009589709,donchian,eth_short_regime_challenge_v1_donchian,20261007T203717Z-2caf5e37e706,dd59ca9822164f68b5f6185b9705708a,21,50,0,-798.6133337780698,-33.91745699096757,DESCRIPTIVE_SAMPLE,,human_review_required
b5bd78a75b1c644c,,ETHUSDT,1h,SHORT_ONLY,"{""atr_length"": 14, ""atr_stop_multiplier"": 2.0, ""breakout_length"": 50, ""exit_length"": 10, ""exit_method"": ""risk"", ""fast_length"": 50, ""reward_risk"": 2.0, ""slope_lookback"": 5, ""trend_filter"": ""ema_slope"", ""trend_length"": 200}",train,adverse,2023-06-04T00:00:00+00:00,2024-07-01T00:00:00+00:00,70,donchian_trend_breakout,1.0.0,30.0,-9.303825771674678,-8.670596940262943,-2.8207440243948807,0,-930.3825771674517,0,70,,,,,,,,,,,,,,,,,0.6059651099176206,-1.9521205419193235,-13.291179673820741,11.352615721162111,326.1714259184689,68.13263964432026,-48.18710223873831,,2.922219882122211,,195.70269767671968,32.617116279453285,,,554.4912398746419,,,,,,,,,not_modelled_synthetic,,,1.4139185898077815,7.921303426780598,58.655709307543226,-43.67808585944623,-93.75764407231051,-73.64930233882423,-36.58301159067466,101.2459884328907,145.1259086154628,156.70410549857104,507.1845233003995,776.5804097046957,,,,-1087.0866826660229,156.70410549857104,,-13.29117967382074,,0.6059651099176206,donchian,eth_short_regime_challenge_v1_donchian,20261007T203717Z-2caf5e37e706,030cb3e4bad34ba983846fc118500ac2,21,49,0,-930.3825771674518,-36.58301159067466,DESCRIPTIVE_SAMPLE,,human_review_required
30db84831e4aaa26,,ETHUSDT,1h,SHORT_ONLY,"{""atr_length"": 14, ""atr_stop_multiplier"": 2.0, ""breakout_length"": 30, ""exit_length"": 10, ""exit_method"": ""risk"", ""fast_length"": 50, ""reward_risk"": 2.0, ""slope_lookback"": 5, ""trend_filter"": ""ema_slope"", ""trend_length"": 200}",validation,base,2024-07-01T00:00:00+00:00,2025-01-01T00:00:00+00:00,59,donchian_trend_breakout,1.0.0,42.3728813559322,2.813369213074557,5.6580817902352365,1.148629483718874,0,281.3369213074496,0,59,,,,,,,,,,,,,,,,,1.1284812860609967,0.6755940467739292,4.768422395041518,9.420560999397901,150.81521039301884,98.84192803697397,-64.40327292990881,,4.418458757253684,,90.48918269671,15.081530449451668,,,256.3859235391805,,,,,,,,,not_modelled_synthetic,,,1.5347345490429556,4.345524127782721,89.98672016947559,-60.01783339146394,-106.71865736719379,-99.42666920146753,-46.85392998227535,137.65390491142597,173.3051701535697,207.08680452799953,498.3025577189343,897.3259121617407,73.60811498384591,177.1195033354265,318.9506403893318,74.25011677945,207.08680452799953,,4.768422395041519,,1.1284812860609965,donchian,eth_short_regime_challenge_v1_donchian,20261007T203717Z-2caf5e37e706,16f84602d4344f9ab5105c7b075c0d3e,25,34,0,281.33692130744953,-46.85392998227535,DESCRIPTIVE_SAMPLE,,human_review_required
30db84831e4aaa26,,ETHUSDT,1h,SHORT_ONLY,"{""atr_length"": 14, ""atr_stop_multiplier"": 2.0, ""breakout_length"": 30, ""exit_length"": 10, ""exit_method"": ""risk"", ""fast_length"": 50, ""reward_risk"": 2.0, ""slope_lookback"": 5, ""trend_filter"": ""ema_slope"", ""trend_length"": 200}",validation,adverse,2024-07-01T00:00:00+00:00,2025-01-01T00:00:00+00:00,59,donchian_trend_breakout,1.0.0,42.3728813559322,0.8447948329920463,1.682778708969157,0.38571787866566515,0,84.47948329919991,0,59,,,,,,,,,,,,,,,,,1.0371048960979177,0.2372650266979758,1.4318556491389813,10.500380366739618,298.57457933401446,94.45016152931835,-66.96395749805174,,4.3744188988082255,,179.14499626416315,29.85749937736053,,,507.5770749755381,,,,,,,,,not_modelled_synthetic,,,1.410462658693168,8.603001270771832,85.93319625228264,-62.73007946662723,-105.37199081314026,-99.96289422304376,-49.828229585314716,132.77613980221284,167.11386436784392,198.01449846661885,479.2768828367184,862.5392904567167,234.39359562050524,567.3293255585734,1021.0044578538347,-113.53501516741895,198.01449846661885,,1.4318556491389816,,1.0371048960979177,donchian,eth_short_regime_challenge_v1_donchian,20261007T203717Z-2caf5e37e706,1313d6a193d74162b37f0a517867703b,25,34,0,84.4794832991999,-49.828229585314716,DESCRIPTIVE_SAMPLE,,human_review_required
41d7ee3faad0311a,,ETHUSDT,1h,SHORT_ONLY,"{""atr_length"": 14, ""atr_stop_multiplier"": 2.0, ""breakout_length"": 40, ""exit_length"": 10, ""exit_method"": ""risk"", ""fast_length"": 50, ""reward_risk"": 2.0, ""slope_lookback"": 5, ""trend_filter"": ""ema_slope"", ""trend_length"": 200}",validation,base,2024-07-01T00:00:00+00:00,2025-01-01T00:00:00+00:00,54,donchian_trend_breakout,1.0.0,42.592592592592595,2.837170302818559,5.70660778651324,1.1911149709204738,0,283.7170302818471,0,54,,,,,,,,,,,,,,,,,1.1379364905430849,0.6901507731630144,5.2540190792934665,8.878699398691165,137.51726354089539,101.76452771697159,-66.35055184543546,,3.9994758761444293,,82.51041246166359,13.751735410277266,,,233.77941141283623,,,,,,,,,not_modelled_synthetic,,,1.5337404872537233,4.329248359496967,97.21341096346379,-61.05802541151339,-106.64228904981609,-99.28131610337704,-47.86375746113508,138.6520921514209,175.0950065745089,205.76779908670758,495.97494075121483,894.4386122756237,72.52571299026214,174.81324270823947,315.2572869478719,77.94923119513962,205.76779908670758,,5.254019079293465,,1.1379364905430847,donchian,eth_short_regime_challenge_v1_donchian,20261007T203717Z-2caf5e37e706,59e0f7fe28c9478295186c1012c74b53,23,31,0,283.7170302818472,-47.86375746113508,DESCRIPTIVE_SAMPLE,,human_review_required
41d7ee3faad0311a,,ETHUSDT,1h,SHORT_ONLY,"{""atr_length"": 14, ""atr_stop_multiplier"": 2.0, ""breakout_length"": 40, ""exit_length"": 10, ""exit_method"": ""risk"", ""fast_length"": 50, ""reward_risk"": 2.0, ""slope_lookback"": 5, ""trend_filter"": ""ema_slope"", ""trend_length"": 200}",validation,adverse,2024-07-01T00:00:00+00:00,2025-01-01T00:00:00+00:00,54,donchian_trend_breakout,1.0.0,42.592592592592595,1.0382510657010346,2.0700909857194416,0.4704419060774001,0,103.82510657010691,0,54,,,,,,,,,,,,,,,,,1.0485963556684232,0.2849683647838211,1.922687158705686,9.842986633776395,272.47307936199644,97.40453818955739,-68.91868618676493,,3.9495890489367422,,163.484085769638,27.247347628272998,,,463.20451275990746,,,,,,,,,not_modelled_synthetic,,,1.4133255228574402,8.577861347405694,93.5419866085638,-63.701942389176416,-105.47137850410236,-100.53171514173303,-50.89746008765309,133.65380399174958,168.7520577344509,196.81819605708137,477.37835958118444,860.612533500599,189.5670542116723,459.7908688481226,828.9059957954174,-92.99308948697433,196.81819605708137,,1.9226871587056835,,1.0485963556684232,donchian,eth_short_regime_challenge_v1_donchian,20261007T203717Z-2caf5e37e706,5220aa9aae1b468fb627721b904e072a,23,31,0,103.82510657010704,-50.89746008765309,DESCRIPTIVE_SAMPLE,,human_review_required
b5bd78a75b1c644c,,ETHUSDT,1h,SHORT_ONLY,"{""atr_length"": 14, ""atr_stop_multiplier"": 2.0, ""breakout_length"": 50, ""exit_length"": 10, ""exit_method"": ""risk"", ""fast_length"": 50, ""reward_risk"": 2.0, ""slope_lookback"": 5, ""trend_filter"": ""ema_slope"", ""trend_length"": 200}",validation,base,2024-07-01T00:00:00+00:00,2025-01-01T00:00:00+00:00,50,donchian_trend_breakout,1.0.0,42.0,2.2309041712565314,4.473987815059477,1.0221454722466614,0,223.0904171256548,0,50,,,,,,,,,,,,,,,,,1.1142989529239893,0.5692150637044611,4.4618083425130965,8.324270150258554,127.39660714131456,103.56692725985874,-67.30396742521995,,3.9135560943058008,,76.43801044958255,12.739668408263759,,,216.57428599916085,,,,,,,,,not_modelled_synthetic,,,1.538793792133128,4.331485719983217,97.21341096346379,-62.88809954837222,-107.14806683713238,-100.78231017196866,-49.519363872325265,139.99833540201865,177.40993431127853,205.76779908670758,496.84098835184744,765.3905143902571,92.2351581649559,222.70835061104557,343.08533923227805,17.32261803894724,205.76779908670758,,4.461808342513096,,1.1142989529239893,donchian,eth_short_regime_challenge_v1_donchian,20261007T203717Z-2caf5e37e706,2a88933d1d844d708f509ede0a51847f,21,29,0,223.09041712565482,-49.519363872325265,DESCRIPTIVE_SAMPLE,,human_review_required
b5bd78a75b1c644c,,ETHUSDT,1h,SHORT_ONLY,"{""atr_length"": 14, ""atr_stop_multiplier"": 2.0, ""breakout_length"": 50, ""exit_length"": 10, ""exit_method"": ""risk"", ""fast_length"": 50, ""reward_risk"": 2.0, ""slope_lookback"": 5, ""trend_filter"": ""ema_slope"", ""trend_length"": 200}",validation,adverse,2024-07-01T00:00:00+00:00,2025-01-01T00:00:00+00:00,50,donchian_trend_breakout,1.0.0,42.0,0.5774474197459023,1.1487331832095826,0.3105090090503844,0,57.74474197457985,0,50,,,,,,,,,,,,,,,,,1.0284940722390299,0.18078060542800398,1.1548948394915948,9.1715097331893,252.58786857785225,99.25226406260128,-69.8811311496568,,3.869484633995452,,151.5529257473414,25.258820957890237,,,429.39961528308385,,,,,,,,,not_modelled_synthetic,,,1.4203013378538984,8.587992305661677,93.5419866085638,-65.92452484465116,-106.23421419894487,-102.11642375269672,-52.43251217308929,134.94204450005327,170.87025685313992,196.81819605708137,478.39632954938287,737.3079888501933,340.8417620841119,828.4673429833342,1276.8400440247344,-139.07345408250163,196.81819605708137,,1.154894839491597,,1.0284940722390299,donchian,eth_short_regime_challenge_v1_donchian,20261007T203717Z-2caf5e37e706,5305812cfc2f49c5a8a70c73d11b21f7,21,29,0,57.74474197457974,-52.43251217308929,DESCRIPTIVE_SAMPLE,,human_review_required
30db84831e4aaa26,,ETHUSDT,1h,SHORT_ONLY,"{""atr_length"": 14, ""atr_stop_multiplier"": 2.0, ""breakout_length"": 30, ""exit_length"": 10, ""exit_method"": ""risk"", ""fast_length"": 50, ""reward_risk"": 2.0, ""slope_lookback"": 5, ""trend_filter"": ""ema_slope"", ""trend_length"": 200}",test,base,2025-07-01T00:00:00+00:00,2026-09-26T00:00:00+00:00,118,donchian_trend_breakout,1.0.0,35.59322033898305,0.9400056374494925,0.758391202891584,0.23649769027182577,0,94.00056374495155,0,118,,,,,,,,,,,,,,,,,1.0214815892369873,0.12697867187130335,0.7966149469911142,7.398931823766035,298.6557179686015,106.42540299450192,-57.57718897400169,,4.87422229984042,,179.19349396127348,29.865582326878915,,,507.71479425675386,,,,,,,,,not_modelled_synthetic,,,1.8483952567145483,4.302667747938592,95.99313267931653,-54.6520808932904,-104.81017735722814,-89.64256355988209,-40.301407276091425,163.01096104067298,190.2118394700248,394.70413177519885,1085.8776252434586,1954.5860382065648,419.8954942931365,1155.1820350670803,2079.334378791468,-107.86977110094418,201.87033484589566,,0.7966149469911148,,1.0214815892369873,donchian,eth_short_regime_challenge_v1_donchian,20261007T203717Z-2caf5e37e706,eb9753d5c01d4cacba12288895b36a13,42,76,0,94.00056374495148,-40.301407276091425,DESCRIPTIVE_SAMPLE,,human_review_required
30db84831e4aaa26,,ETHUSDT,1h,SHORT_ONLY,"{""atr_length"": 14, ""atr_stop_multiplier"": 2.0, ""breakout_length"": 30, ""exit_length"": 10, ""exit_method"": ""risk"", ""fast_length"": 50, ""reward_risk"": 2.0, ""slope_lookback"": 5, ""trend_filter"": ""ema_slope"", ""trend_length"": 200}",test,adverse,2025-07-01T00:00:00+00:00,2026-09-26T00:00:00+00:00,117,donchian_trend_breakout,1.0.0,35.042735042735046,-2.3713281918756324,-1.9193117851395325,-0.3018000014393623,0,-237.13281918756974,0,117,,,,,,,,,,,,,,,,,0.9471989260582204,-0.16726746346858637,-2.0267762323723915,8.512933132194783,584.4484319413765,103.75433444056138,-59.0929017269814,,4.726811394237144,,350.66937686537796,58.44489614422966,,,993.5627049509842,,,,,,,,,not_modelled_synthetic,,,1.755783375132311,8.491988931204993,91.32261855902256,-56.31315458409311,-104.34487737918992,-92.8200439702959,-42.4856778581188,159.24979078521912,182.72495690205005,377.3325108519408,1047.028704204129,1890.2000954328378,,,,-429.3401495453404,192.20733035777062,,-2.026776232372391,,0.9471989260582204,donchian,eth_short_regime_challenge_v1_donchian,20261007T203717Z-2caf5e37e706,5e441eaf8035414992b8fe0f330dfc7f,41,76,0,-237.1328191875698,-42.4856778581188,DESCRIPTIVE_SAMPLE,,human_review_required
41d7ee3faad0311a,,ETHUSDT,1h,SHORT_ONLY,"{""atr_length"": 14, ""atr_stop_multiplier"": 2.0, ""breakout_length"": 40, ""exit_length"": 10, ""exit_method"": ""risk"", ""fast_length"": 50, ""reward_risk"": 2.0, ""slope_lookback"": 5, ""trend_filter"": ""ema_slope"", ""trend_length"": 200}",test,base,2025-07-01T00:00:00+00:00,2026-09-26T00:00:00+00:00,111,donchian_trend_breakout,1.0.0,36.93693693693694,2.1532341943719224,1.7352115352101904,0.43744559535533784,0,215.3234194371954,0,111,,,,,,,,,,,,,,,,,1.0512048996692003,0.2310436467043281,1.9398506255603187,6.6983957751439425,281.244041346748,107.81601312459885,-60.073330266733684,,4.245785682734715,,168.74649761907813,28.124416269846357,,,478.1149552356725,,,,,,,,,not_modelled_synthetic,,,1.7947400726059517,4.307341939060112,98.17143788238096,-58.336871660672045,-105.77615230703596,-91.70496147593057,-41.10584376489278,165.94025589135296,191.49260084580268,394.60279916622494,1088.9356604996533,1958.852639890436,183.26051118713588,505.7209584288946,909.7257720550856,13.606480422997379,201.716939014198,,1.939850625560319,,1.0512048996691996,donchian,eth_short_regime_challenge_v1_donchian,20261007T203717Z-2caf5e37e706,127cf971ed4c4699ba46d5cf94ce383b,41,70,0,215.32341943719538,-41.10584376489278,DESCRIPTIVE_SAMPLE,,human_review_required
41d7ee3faad0311a,,ETHUSDT,1h,SHORT_ONLY,"{""atr_length"": 14, ""atr_stop_multiplier"": 2.0, ""breakout_length"": 40, ""exit_length"": 10, ""exit_method"": ""risk"", ""fast_length"": 50, ""reward_risk"": 2.0, ""slope_lookback"": 5, ""trend_filter"": ""ema_slope"", ""trend_length"": 200}",test,adverse,2025-07-01T00:00:00+00:00,2026-09-26T00:00:00+00:00,110,donchian_trend_breakout,1.0.0,36.36363636363637,-0.9289484989859376,-0.7508195924763039,-0.0705842688906297,0,-92.8948498986166,0,110,,,,,,,,,,,,,,,,,0.9784147228304961,-0.03843102152917816,-0.844498635441968,7.330449264973808,550.633508602725,105.26815118263343,-61.480298531485055,,4.095999093711296,,330.3804592982967,55.06340988304946,,,936.0773777840711,,,,,,,,,not_modelled_synthetic,,,1.712225764953368,8.509794343491556,95.44504809986685,-58.985995012635414,-104.7747384546453,-95.03235880771948,-42.88354595074905,162.2018762443784,183.97477817282854,377.3028735080934,1050.4910933725937,1774.0420050360308,,,,-285.0226071520079,192.1277572533914,,-0.8444986354419691,,0.9784147228304961,donchian,eth_short_regime_challenge_v1_donchian,20261007T203717Z-2caf5e37e706,082a4535ea8743ee8d4440c3e21b270b,40,70,0,-92.89484989861649,-42.88354595074905,DESCRIPTIVE_SAMPLE,,human_review_required
b5bd78a75b1c644c,,ETHUSDT,1h,SHORT_ONLY,"{""atr_length"": 14, ""atr_stop_multiplier"": 2.0, ""breakout_length"": 50, ""exit_length"": 10, ""exit_method"": ""risk"", ""fast_length"": 50, ""reward_risk"": 2.0, ""slope_lookback"": 5, ""trend_filter"": ""ema_slope"", ""trend_length"": 200}",test,base,2025-07-01T00:00:00+00:00,2026-09-26T00:00:00+00:00,98,donchian_trend_breakout,1.0.0,34.69387755102041,-0.8518339450468537,-0.6884405918173186,-0.06330628578165869,0,-85.18339450467529,0,98,,,,,,,,,,,,,,,,,0.9781582329829779,-0.034029029077040245,-0.8692183112721963,8.813500922101106,243.68101608455936,112.20116591467732,-60.93785993130788,,3.9704646153337566,,146.2086442035448,24.368107367257466,,,414.2577676553616,,,,,,,,,not_modelled_synthetic,,,1.8412390267914875,4.227120078115934,103.68864956879185,-58.730719080846725,-103.63417107895732,-95.16078444079884,-41.60179557475436,165.90548586689218,188.1794221297096,196.52501766303433,897.9860727378915,1651.067956485541,,,,-281.7084121677096,196.52501766303433,,-0.8692183112721968,,0.978158232982978,donchian,eth_short_regime_challenge_v1_donchian,20261007T203717Z-2caf5e37e706,6102fc04ba504137bbe8042b30de9353,34,64,0,-85.18339450467523,-41.60179557475436,DESCRIPTIVE_SAMPLE,,human_review_required
b5bd78a75b1c644c,,ETHUSDT,1h,SHORT_ONLY,"{""atr_length"": 14, ""atr_stop_multiplier"": 2.0, ""breakout_length"": 50, ""exit_length"": 10, ""exit_method"": ""risk"", ""fast_length"": 50, ""reward_risk"": 2.0, ""slope_lookback"": 5, ""trend_filter"": ""ema_slope"", ""trend_length"": 200}",test,adverse,2025-07-01T00:00:00+00:00,2026-09-26T00:00:00+00:00,97,donchian_trend_breakout,1.0.0,35.05154639175258,-2.899319673207623,-2.3478740582002056,-0.418817852432893,0,-289.93196732076177,0,97,,,,,,,,,,,,,,,,,0.9270065669541065,-0.23055476299600072,-2.9889893538222894,9.463889569073464,478.6386981030328,108.29694513803446,-63.04806511133228,,3.8368686874532174,,287.1834388385317,47.86390647308861,,,813.6860434146531,,,,,,,,,not_modelled_synthetic,,,1.7176886387679033,8.38851591149127,100.6284233506577,-61.58135857998102,-102.90267744005922,-97.96584251543938,-43.62385916743048,161.0502571997952,182.1474201534182,188.7029067885861,872.2820081144306,1604.5956067249201,,,,-478.6348741093482,188.7029067885861,,-2.9889893538222863,,0.9270065669541064,donchian,eth_short_regime_challenge_v1_donchian,20261007T203717Z-2caf5e37e706,f0bf6527f6ff492893599a914b53e2a3,34,63,0,-289.93196732076206,-43.62385916743048,DESCRIPTIVE_SAMPLE,,human_review_required
30db84831e4aaa26,,ETHUSDT,1h,SHORT_ONLY,"{""atr_length"": 14, ""atr_stop_multiplier"": 2.0, ""breakout_length"": 30, ""exit_length"": 10, ""exit_method"": ""risk"", ""fast_length"": 50, ""reward_risk"": 2.0, ""slope_lookback"": 5, ""trend_filter"": ""ema_slope"", ""trend_length"": 200}",diagnostic_year_2023,base,2023-06-04T00:00:00+00:00,2024-01-01T00:00:00+00:00,45,donchian_trend_breakout,1.0.0,20.0,-9.38228147440755,-15.669478193212893,-5.820130083439022,0,-938.2281474407538,0,45,,,,,,,,,,,,,,,,,0.3008509645456765,-5.403840830750583,-20.849514387572302,9.552859436157384,107.59645639605296,44.85879401760175,-37.27659148886582,,3.48657402596569,,64.55779452963404,10.759632421605673,,,182.91388334729265,,,,,,,,,not_modelled_synthetic,,,1.203403858182706,4.06475296327317,46.0726571003131,-34.259891448127895,-84.85542210269037,-63.86206794860399,-30.708435768155784,57.519670215242755,66.02817362294398,69.42050348821137,188.9617233261378,291.3105036922826,,,,-1007.648650928965,69.42050348821137,,-20.849514387572306,,0.30085096454567656,donchian,eth_short_regime_challenge_v1_donchian,20261007T203717Z-2caf5e37e706,1b3ff94c1163410abb32cea88950c8ee,9,36,0,-938.2281474407537,-30.708435768155784,DESCRIPTIVE_SAMPLE,,human_review_required
30db84831e4aaa26,,ETHUSDT,1h,SHORT_ONLY,"{""atr_length"": 14, ""atr_stop_multiplier"": 2.0, ""breakout_length"": 30, ""exit_length"": 10, ""exit_method"": ""risk"", ""fast_length"": 50, ""reward_risk"": 2.0, ""slope_lookback"": 5, ""trend_filter"": ""ema_slope"", ""trend_length"": 200}",diagnostic_year_2023,adverse,2023-06-04T00:00:00+00:00,2024-01-01T00:00:00+00:00,45,donchian_trend_breakout,1.0.0,20.0,-10.724065943158545,-17.817845745043215,-6.336370313940543,0,-1072.4065943158628,0,45,,,,,,,,,,,,,,,,,0.25771850958069425,-6.120884908337525,-23.831257651463616,10.87320665447098,213.4304051356744,41.370802604139534,-40.131772715364406,,3.441674317971028,,128.05794505979824,21.34299084329971,,,362.8313410387724,,,,,,,,,not_modelled_synthetic,,,1.0308740383227768,8.062918689750498,42.485534857826266,-37.26934673022542,-85.5058274353153,-66.37645265915398,-33.88064614202867,53.93207153166859,62.35854575575488,65.49087331042648,178.08657841678433,273.33743870675886,,,,-1137.8974676262892,65.49087331042648,,-23.831257651463616,,0.2577185095806942,donchian,eth_short_regime_challenge_v1_donchian,20261007T203717Z-2caf5e37e706,3edb09b3a3fc4d3580820ea8bcd2f685,9,36,0,-1072.4065943158628,-33.88064614202867,DESCRIPTIVE_SAMPLE,,human_review_required
41d7ee3faad0311a,,ETHUSDT,1h,SHORT_ONLY,"{""atr_length"": 14, ""atr_stop_multiplier"": 2.0, ""breakout_length"": 40, ""exit_length"": 10, ""exit_method"": ""risk"", ""fast_length"": 50, ""reward_risk"": 2.0, ""slope_lookback"": 5, ""trend_filter"": ""ema_slope"", ""trend_length"": 200}",diagnostic_year_2023,base,2023-06-04T00:00:00+00:00,2024-01-01T00:00:00+00:00,37,donchian_trend_breakout,1.0.0,21.62162162162162,-7.344702032802342,-12.362444520938388,-4.924525555857387,0,-734.4702032802331,0,37,,,,,,,,,,,,,,,,,0.34752973445639795,-4.4492273746577755,-19.850546034600896,7.597099664673629,89.54110295999689,48.90074080606871,-38.81641826650975,,3.0306644590734404,,53.724600639706175,8.954100106617696,,,152.21980370632076,,,,,,,,,not_modelled_synthetic,,,1.2597952874044427,4.11404874881948,51.85991498151533,-34.67459753417308,-88.24716898643432,-68.56056304482854,-33.23715730260648,59.22012080038462,67.74436097047247,70.98146960591015,132.97097078004896,248.4576211757496,,,,-805.4516728861433,70.98146960591015,,-19.850546034600896,,0.34752973445639795,donchian,eth_short_regime_challenge_v1_donchian,20261007T203717Z-2caf5e37e706,cd2c0d9dc5ea4b19bc5f0fb304898179,8,29,0,-734.4702032802331,-33.23715730260648,DESCRIPTIVE_SAMPLE,,human_review_required
41d7ee3faad0311a,,ETHUSDT,1h,SHORT_ONLY,"{""atr_length"": 14, ""atr_stop_multiplier"": 2.0, ""breakout_length"": 40, ""exit_length"": 10, ""exit_method"": ""risk"", ""fast_length"": 50, ""reward_risk"": 2.0, ""slope_lookback"": 5, ""trend_filter"": ""ema_slope"", ""trend_length"": 200}",diagnostic_year_2023,adverse,2023-06-04T00:00:00+00:00,2024-01-01T00:00:00+00:00,37,donchian_trend_breakout,1.0.0,21.62162162162162,-8.4681503476569,-14.192462977003172,-5.42194168810208,0,-846.8150347656835,0,37,,,,,,,,,,,,,,,,,0.30020418516956604,-5.096790239975309,-22.886892831504962,8.656208317486398,177.82053272616338,45.409212964993344,-41.727197878814835,,2.98573631996777,,106.69209093713172,17.78201515618862,,,302.29463881948374,,,,,,,,,not_modelled_synthetic,,,1.088240171239677,8.17012537349956,48.33416944677435,-38.067778112051144,-88.80864368151576,-71.0620141007545,-36.21484427349399,55.707706919555655,64.08934690045618,67.14576804646971,125.80147735401295,234.2323569675338,,,,-913.9608028121532,67.14576804646971,,-22.886892831504962,,0.30020418516956604,donchian,eth_short_regime_challenge_v1_donchian,20261007T203717Z-2caf5e37e706,d72a3e5d3fdb42cab85c4ce0c35cb285,8,29,0,-846.8150347656835,-36.21484427349399,DESCRIPTIVE_SAMPLE,,human_review_required
b5bd78a75b1c644c,,ETHUSDT,1h,SHORT_ONLY,"{""atr_length"": 14, ""atr_stop_multiplier"": 2.0, ""breakout_length"": 50, ""exit_length"": 10, ""exit_method"": ""risk"", ""fast_length"": 50, ""reward_risk"": 2.0, ""slope_lookback"": 5, ""trend_filter"": ""ema_slope"", ""trend_length"": 200}",diagnostic_year_2023,base,2023-06-04T00:00:00+00:00,2024-01-01T00:00:00+00:00,34,donchian_trend_breakout,1.0.0,20.58823529411765,-7.233689597640291,-12.18072906794616,-4.899806318370959,0,-723.3689597640366,0,34,,,,,,,,,,,,,,,,,0.30695176799869156,-4.439881028517414,-21.275557640118723,7.486389632896579,82.54110936482411,45.76869274487878,-38.65740033252549,,2.6014200539177867,,49.524604398734205,8.254100733122367,,,140.31981449668066,,,,,,,,,not_modelled_synthetic,,,1.1839568194235248,4.127053367549431,46.85361139703783,-36.431255298835886,-89.262002694313,-59.0292712761525,-33.57730714678702,57.50799004512158,60.84713176996522,61.98950117413882,120.51727688108491,224.3297629668773,,,,-785.3584609381754,61.98950117413882,,-21.275557640118723,,0.30695176799869156,donchian,eth_short_regime_challenge_v1_donchian,20261007T203717Z-2caf5e37e706,f6d4569981de4b89823441e9890ecf8e,7,27,0,-723.3689597640366,-33.57730714678702,DESCRIPTIVE_SAMPLE,,human_review_required
b5bd78a75b1c644c,,ETHUSDT,1h,SHORT_ONLY,"{""atr_length"": 14, ""atr_stop_multiplier"": 2.0, ""breakout_length"": 50, ""exit_length"": 10, ""exit_method"": ""risk"", ""fast_length"": 50, ""reward_risk"": 2.0, ""slope_lookback"": 5, ""trend_filter"": ""ema_slope"", ""trend_length"": 200}",diagnostic_year_2023,adverse,2023-06-04T00:00:00+00:00,2024-01-01T00:00:00+00:00,34,donchian_trend_breakout,1.0.0,20.58823529411765,-8.265683519341781,-13.863862760674483,-5.317691269054602,0,-826.5683519341706,0,34,,,,,,,,,,,,,,,,,0.2638744371795093,-5.000518359438558,-24.31083388041678,8.454157470065748,163.98548072826702,42.327844532649486,-41.58752828380433,,2.556465028117563,,98.3910583637729,16.398509727295483,,,278.77504881933544,,,,,,,,,not_modelled_synthetic,,,1.0178014005495357,8.19926614174516,43.308435774260914,-39.69095517435115,-89.75877148670394,-62.10412706308813,-36.58301159067466,53.98885985202091,57.43965832249837,58.655709307543226,113.626415630102,210.39502469532496,,,,-885.2240612417138,58.655709307543226,,-24.31083388041678,,0.2638744371795093,donchian,eth_short_regime_challenge_v1_donchian,20261007T203717Z-2caf5e37e706,d7810c16ac70422dbcddd1149d52dba2,7,27,0,-826.5683519341706,-36.58301159067466,DESCRIPTIVE_SAMPLE,,human_review_required
30db84831e4aaa26,,ETHUSDT,1h,SHORT_ONLY,"{""atr_length"": 14, ""atr_stop_multiplier"": 2.0, ""breakout_length"": 30, ""exit_length"": 10, ""exit_method"": ""risk"", ""fast_length"": 50, ""reward_risk"": 2.0, ""slope_lookback"": 5, ""trend_filter"": ""ema_slope"", ""trend_length"": 200}",diagnostic_year_2024,base,2024-01-01T00:00:00+00:00,2025-01-01T00:00:00+00:00,104,donchian_trend_breakout,1.0.0,39.42307692307692,0.9775128949648382,0.9748291189894065,0.2780111694662636,0,97.75128949646893,0,104,,,,,,,,,,,,,,,,,1.0256341053053388,0.16456290943210464,0.9399162451583556,9.420559807697355,259.2196044837825,95.39221393030692,-60.52903939120818,,4.0724423071349385,,155.5318192248612,25.921969870810205,,,440.67339357945394,,,,,,,,,not_modelled_synthetic,,,1.5759743569325937,4.237244169033211,93.88761914416641,-58.19091212473696,-102.51426532091254,-96.94658558840854,-39.76538477534284,133.88004585290525,175.96048526519354,379.96600478964,956.6863550007449,1576.7958452415621,388.706897624471,978.6943578225664,1613.06909951149,-105.63762857440616,203.38891807087515,,0.939916245158355,,1.0256341053053386,donchian,eth_short_regime_challenge_v1_donchian,20261007T203717Z-2caf5e37e706,5090197a52094c04ad8127993c5425a7,41,63,0,97.75128949646898,-39.76538477534284,DESCRIPTIVE_SAMPLE,,human_review_required
30db84831e4aaa26,,ETHUSDT,1h,SHORT_ONLY,"{""atr_length"": 14, ""atr_stop_multiplier"": 2.0, ""breakout_length"": 30, ""exit_length"": 10, ""exit_method"": ""risk"", ""fast_length"": 50, ""reward_risk"": 2.0, ""slope_lookback"": 5, ""trend_filter"": ""ema_slope"", ""trend_length"": 200}",diagnostic_year_2024,adverse,2024-01-01T00:00:00+00:00,2025-01-01T00:00:00+00:00,103,donchian_trend_breakout,1.0.0,39.80582524271845,-1.5428024839766241,-1.5386197732589757,-0.273781089980863,0,-154.2802483976645,0,103,,,,,,,,,,,,,,,,,0.9602908006668182,-0.16855248219887525,-1.4978664892977145,10.500376104062612,507.4659944376092,90.99931240898678,-62.665355760743914,,4.065341082833761,,304.479894195727,50.74664903262117,,,862.6925376659573,,,,,,,,,not_modelled_synthetic,,,1.4521470644229932,8.375655705494731,90.27009095254733,-60.73058464226712,-101.07551031566528,-97.22522310283317,-42.73213409548781,128.63015448873517,171.7084029927593,365.4350829022715,921.3563580083023,1515.283048969221,,,,-347.606600301958,193.32635190429338,,-1.4978664892977136,,0.960290800666818,donchian,eth_short_regime_challenge_v1_donchian,20261007T203717Z-2caf5e37e706,62f12952aeff4497bd4f32a20a542753,41,62,0,-154.2802483976646,-42.73213409548781,DESCRIPTIVE_SAMPLE,,human_review_required
41d7ee3faad0311a,,ETHUSDT,1h,SHORT_ONLY,"{""atr_length"": 14, ""atr_stop_multiplier"": 2.0, ""breakout_length"": 40, ""exit_length"": 10, ""exit_method"": ""risk"", ""fast_length"": 50, ""reward_risk"": 2.0, ""slope_lookback"": 5, ""trend_filter"": ""ema_slope"", ""trend_length"": 200}",diagnostic_year_2024,base,2024-01-01T00:00:00+00:00,2025-01-01T00:00:00+00:00,94,donchian_trend_breakout,1.0.0,39.361702127659576,0.34719330313932595,0.3462430471939504,0.14028400201029356,0,34.71933031392872,0,94,,,,,,,,,,,,,,,,,1.0098523394954904,0.08331747069723114,0.3693545778077551,8.878695577624438,232.1773603402251,96.18074196731968,-61.82400214871753,,3.7797622557224115,,139.30646129332908,23.21774354888818,,,394.7015651824423,,,,,,,,,not_modelled_synthetic,,,1.555718468952512,4.198952821089812,93.62646729372783,-59.57962429621533,-102.16043102936639,-96.87743883982121,-45.731152942668174,135.29495196012581,175.01590663314803,200.78557256894774,812.6765519175142,1446.178909093552,578.3106147309385,2340.7034195918177,4165.342176871892,-166.06624225501878,200.78557256894774,,0.3693545778077524,,1.0098523394954906,donchian,eth_short_regime_challenge_v1_donchian,20261007T203717Z-2caf5e37e706,28df1b9e25a3432ebdb7946d8237f63c,37,57,0,34.71933031392898,-45.731152942668174,DESCRIPTIVE_SAMPLE,,human_review_required
41d7ee3faad0311a,,ETHUSDT,1h,SHORT_ONLY,"{""atr_length"": 14, ""atr_stop_multiplier"": 2.0, ""breakout_length"": 40, ""exit_length"": 10, ""exit_method"": ""risk"", ""fast_length"": 50, ""reward_risk"": 2.0, ""slope_lookback"": 5, ""trend_filter"": ""ema_slope"", ""trend_length"": 200}",diagnostic_year_2024,adverse,2024-01-01T00:00:00+00:00,2025-01-01T00:00:00+00:00,93,donchian_trend_breakout,1.0.0,39.784946236559136,-1.8277770504445456,-1.8228289189307745,-0.3462305094214632,0,-182.77770504444484,0,93,,,,,,,,,,,,,,,,,0.9490148972743455,-0.21336328083969722,-1.96535166714457,9.842986413524146,454.87169196874794,91.94989278198766,-64.01649532103549,,3.7668228467444504,,272.92326319312224,45.48721053218704,,,773.2821656940572,,,,,,,,,not_modelled_synthetic,,,1.436346871550361,8.314861996710292,90.46593215948369,-61.44231623911122,-100.19159321626489,-97.78068783454786,-48.49228802489856,130.09001983878625,170.65339708334312,191.23537059334316,784.5665750956102,1392.5844583864368,,,,-374.0130756377882,191.23537059334316,,-1.965351667144568,,0.9490148972743456,donchian,eth_short_regime_challenge_v1_donchian,20261007T203717Z-2caf5e37e706,4ed0d8e497794d9aad370792a66997a2,37,56,0,-182.777705044445,-48.49228802489856,DESCRIPTIVE_SAMPLE,,human_review_required
b5bd78a75b1c644c,,ETHUSDT,1h,SHORT_ONLY,"{""atr_length"": 14, ""atr_stop_multiplier"": 2.0, ""breakout_length"": 50, ""exit_length"": 10, ""exit_method"": ""risk"", ""fast_length"": 50, ""reward_risk"": 2.0, ""slope_lookback"": 5, ""trend_filter"": ""ema_slope"", ""trend_length"": 200}",diagnostic_year_2024,base,2024-01-01T00:00:00+00:00,2025-01-01T00:00:00+00:00,87,donchian_trend_breakout,1.0.0,40.229885057471265,1.4016893978591627,1.3978330026576335,0.39850749259998647,0,140.16893978590775,0,87,,,,,,,,,,,,,,,,,1.0424373023284261,0.2268670081690111,1.6111372389184793,8.324270319356415,217.64745224871533,98.37526585848691,-63.51856471656026,,3.619322680129434,,130.58852491704465,21.764754152840773,,,370.0007313186008,,,,,,,,,not_modelled_synthetic,,,1.5487639920308047,4.252881969179319,94.64851373888735,-61.65461147404815,-104.725869704006,-100.03865595692606,-46.27679416052783,139.91425284472297,179.04409103097223,204.09869788616123,824.0398401077525,1346.1960997110884,145.60907587508265,587.8904708606492,960.4097040094987,-63.92975810025354,204.09869788616123,,1.61113723891848,,1.0424373023284264,donchian,eth_short_regime_challenge_v1_donchian,20261007T203717Z-2caf5e37e706,a7e990c4cb274517a34e07797bae828d,35,52,0,140.1689397859077,-46.27679416052783,DESCRIPTIVE_SAMPLE,,human_review_required
b5bd78a75b1c644c,,ETHUSDT,1h,SHORT_ONLY,"{""atr_length"": 14, ""atr_stop_multiplier"": 2.0, ""breakout_length"": 50, ""exit_length"": 10, ""exit_method"": ""risk"", ""fast_length"": 50, ""reward_risk"": 2.0, ""slope_lookback"": 5, ""trend_filter"": ""ema_slope"", ""trend_length"": 200}",diagnostic_year_2024,adverse,2024-01-01T00:00:00+00:00,2025-01-01T00:00:00+00:00,86,donchian_trend_breakout,1.0.0,40.69767441860465,-0.5607770240137699,-0.5592491387178211,-0.07387537437380652,0,-56.077702401375866,0,86,,,,,,,,,,,,,,,,,0.9832778613733756,-0.043571575314530764,-0.6520663069927436,9.171509732248325,426.5290288110398,94.21208361499555,-65.75491429267099,,3.6092990781207686,,255.9176982758531,42.65294971264219,,,725.0996767995351,,,,,,,,,not_modelled_synthetic,,,1.4327763122869188,8.43139159069227,91.5161202396604,-63.80743758232098,-103.2616255314652,-99.7488375614486,-48.24041610984517,134.63351020818362,174.38892472424268,194.59084112459763,796.3381000058437,1297.119232216698,,,,-250.66854352597358,194.59084112459763,,-0.6520663069927426,,0.9832778613733757,donchian,eth_short_regime_challenge_v1_donchian,20261007T203717Z-2caf5e37e706,300e85d0adfb4f8e9dd6ff9c416533f6,35,51,0,-56.077702401375944,-48.24041610984517,DESCRIPTIVE_SAMPLE,,human_review_required
30db84831e4aaa26,,ETHUSDT,1h,SHORT_ONLY,"{""atr_length"": 14, ""atr_stop_multiplier"": 2.0, ""breakout_length"": 30, ""exit_length"": 10, ""exit_method"": ""risk"", ""fast_length"": 50, ""reward_risk"": 2.0, ""slope_lookback"": 5, ""trend_filter"": ""ema_slope"", ""trend_length"": 200}",diagnostic_year_2025,base,2025-01-01T00:00:00+00:00,2026-01-01T00:00:00+00:00,98,donchian_trend_breakout,1.0.0,36.734693877551024,-0.13482059939160518,-0.13482059939160518,0.06505422129382259,0,-13.482059939156088,0,98,,,,,,,,,,,,,,,,,0.9969202907774979,0.035341948509300565,-0.13757204019546904,9.944697854177468,242.69243400975952,121.22842832602322,-70.60815289799987,,5.5497563697632835,,145.61550231084402,24.26925038514067,,,412.57718670574417,,,,,,,,,not_modelled_synthetic,,,1.7169182785612465,4.209971292915757,116.78986859403301,-68.32631489834834,-105.5211107811135,-103.31832330415095,-50.838765984479195,165.03045887043794,197.2784276266405,205.37457115494047,928.9863960386244,1701.6888640838358,,,,-218.85663109409643,205.37457115494047,,-0.13757204019547029,,0.9969202907774979,donchian,eth_short_regime_challenge_v1_donchian,20261007T203717Z-2caf5e37e706,7907c6c7798540e887b82f03c16bf2e1,36,62,0,-13.482059939155967,-50.838765984479195,DESCRIPTIVE_SAMPLE,,human_review_required
30db84831e4aaa26,,ETHUSDT,1h,SHORT_ONLY,"{""atr_length"": 14, ""atr_stop_multiplier"": 2.0, ""breakout_length"": 30, ""exit_length"": 10, ""exit_method"": ""risk"", ""fast_length"": 50, ""reward_risk"": 2.0, ""slope_lookback"": 5, ""trend_filter"": ""ema_slope"", ""trend_length"": 200}",diagnostic_year_2025,adverse,2025-01-01T00:00:00+00:00,2026-01-01T00:00:00+00:00,97,donchian_trend_breakout,1.0.0,37.11340206185567,-2.3638016356393954,-2.3638016356393954,-0.3480231051744466,0,-236.38016356392995,0,97,,,,,,,,,,,,,,,,,0.9466195717883144,-0.19592754935758638,-2.4369089027209276,10.656608416453405,473.1156306119637,116.43993496225663,-72.59373479024867,,5.490129472758059,,283.8696168921866,47.311602815364445,,,804.2968503195148,,,,,,,,,not_modelled_synthetic,,,1.603994274419088,8.29172010638675,112.38592502222555,-70.35909639784468,-103.87646444534359,-102.37985949413404,-51.146340241237816,160.13845379481856,187.84176939381717,199.47867526499923,896.333200461432,1643.1208331046791,,,,-435.8588388289292,199.47867526499923,,-2.436908902720927,,0.9466195717883144,donchian,eth_short_regime_challenge_v1_donchian,20261007T203717Z-2caf5e37e706,00ecd96e628a4ac0b1c2e1fecb31c64e,36,61,0,-236.38016356392998,-51.146340241237816,DESCRIPTIVE_SAMPLE,,human_review_required
41d7ee3faad0311a,,ETHUSDT,1h,SHORT_ONLY,"{""atr_length"": 14, ""atr_stop_multiplier"": 2.0, ""breakout_length"": 40, ""exit_length"": 10, ""exit_method"": ""risk"", ""fast_length"": 50, ""reward_risk"": 2.0, ""slope_lookback"": 5, ""trend_filter"": ""ema_slope"", ""trend_length"": 200}",diagnostic_year_2025,base,2025-01-01T00:00:00+00:00,2026-01-01T00:00:00+00:00,93,donchian_trend_breakout,1.0.0,37.634408602150536,1.8083570448612862,1.8083570448612862,0.4415896513891422,0,180.83570448613708,0,93,,,,,,,,,,,,,,,,,1.0434728915865323,0.2318706791961425,1.94446994071115,7.9922755016631655,233.15749954902978,124.01630308371894,-71.71956730075907,,4.886099132988879,,139.89456033578793,23.315760055964653,,,396.36781994078234,,,,,,,,,not_modelled_synthetic,,,1.729183648914825,4.262019569255724,119.5155454801399,-68.91164618128914,-106.85339049196618,-105.1191337637283,-49.13715478279276,169.4901446956588,197.55972417881011,205.23319859321447,937.9258249061613,1723.3509298759577,113.49152490455658,518.6618580503075,952.9926265241892,-24.397494107077506,205.23319859321447,,1.9444699407111514,,1.0434728915865323,donchian,eth_short_regime_challenge_v1_donchian,20261007T203717Z-2caf5e37e706,c9deee4a77b14ef5b5815a6074cea84e,35,58,0,180.83570448613696,-49.13715478279276,DESCRIPTIVE_SAMPLE,,human_review_required
41d7ee3faad0311a,,ETHUSDT,1h,SHORT_ONLY,"{""atr_length"": 14, ""atr_stop_multiplier"": 2.0, ""breakout_length"": 40, ""exit_length"": 10, ""exit_method"": ""risk"", ""fast_length"": 50, ""reward_risk"": 2.0, ""slope_lookback"": 5, ""trend_filter"": ""ema_slope"", ""trend_length"": 200}",diagnostic_year_2025,adverse,2025-01-01T00:00:00+00:00,2026-01-01T00:00:00+00:00,92,donchian_trend_breakout,1.0.0,38.04347826086956,-0.29415215050019317,-0.29415215050019317,0.03121814689755756,0,-29.415215050034767,0,92,,,,,,,,,,,,,,,,,0.9930031656012561,0.017009373161802583,-0.3197305983699433,8.602887786008134,454.6307389020187,119.27598762895794,-73.75569793093969,,4.846656636832404,,272.7787555933215,45.46312593222025,,,772.8726204275604,,,,,,,,,not_modelled_synthetic,,,1.6171765839791885,8.400789352473483,114.95029744429786,-71.41244063232459,-106.03102442554346,-104.16937721085405,-51.2281621178443,164.44592275671977,188.31808520102882,199.34115709520114,905.8020913007298,1664.8311346398032,,,,-228.75637214523593,199.34115709520114,,-0.3197305983699431,,0.9930031656012559,donchian,eth_short_regime_challenge_v1_donchian,20261007T203717Z-2caf5e37e706,2cc20d216ba94a4b984b1bef6cf4e623,35,57,0,-29.41521505003478,-51.2281621178443,DESCRIPTIVE_SAMPLE,,human_review_required
b5bd78a75b1c644c,,ETHUSDT,1h,SHORT_ONLY,"{""atr_length"": 14, ""atr_stop_multiplier"": 2.0, ""breakout_length"": 50, ""exit_length"": 10, ""exit_method"": ""risk"", ""fast_length"": 50, ""reward_risk"": 2.0, ""slope_lookback"": 5, ""trend_filter"": ""ema_slope"", ""trend_length"": 200}",diagnostic_year_2025,base,2025-01-01T00:00:00+00:00,2026-01-01T00:00:00+00:00,83,donchian_trend_breakout,1.0.0,38.55421686746988,2.5344986302665795,2.5344986302665795,0.6050296084454285,0,253.44986302665868,0,83,,,,,,,,,,,,,,,,,1.0660936235375056,0.3113781096517544,3.053612807550105,6.322552889256386,209.5806973634348,127.75498811254718,-75.1903873838206,,4.5051670060608275,,125.7484824404588,20.958080406743136,,,356.28726021063676,,,,,,,,,not_modelled_synthetic,,,1.6990867125128994,4.292617592899238,121.73793141865622,-72.84919792731237,-107.05303258838315,-105.58309742084029,-54.607785922787514,174.35078956348266,198.3937974847236,205.23319859321447,941.8959542497043,1579.8666415304656,80.97585697713609,371.63009007056854,623.3448393555809,48.21666443344424,205.23319859321447,,3.0536128075501043,,1.0660936235375058,donchian,eth_short_regime_challenge_v1_donchian,20261007T203717Z-2caf5e37e706,f3f78dcb853f46729a350eb4f6112c91,32,51,0,253.4498630266587,-54.607785922787514,DESCRIPTIVE_SAMPLE,,human_review_required
b5bd78a75b1c644c,,ETHUSDT,1h,SHORT_ONLY,"{""atr_length"": 14, ""atr_stop_multiplier"": 2.0, ""breakout_length"": 50, ""exit_length"": 10, ""exit_method"": ""risk"", ""fast_length"": 50, ""reward_risk"": 2.0, ""slope_lookback"": 5, ""trend_filter"": ""ema_slope"", ""trend_length"": 200}",diagnostic_year_2025,adverse,2025-01-01T00:00:00+00:00,2026-01-01T00:00:00+00:00,82,donchian_trend_breakout,1.0.0,39.02439024390244,0.7216801432699427,0.7216801432699427,0.23068407062431606,0,72.16801432698877,0,82,,,,,,,,,,,,,,,,,1.018663409063487,0.12314264884545145,0.8800977356949848,7.12110033156695,408.5954478442593,123.09332670949678,-77.33636880753815,,4.469505944634182,,245.15759075442915,40.85959845907153,,,694.61263705776,,,,,,,,,not_modelled_synthetic,,,1.5916615766616984,8.470885817777562,117.23504277100972,-74.36687330530755,-106.22360804902475,-104.40643410115669,-57.496445515632615,168.99292551072583,189.52941178280594,199.34115709520114,910.5187128767345,1528.1707371348937,276.21815419778466,1261.6651869500402,2117.518060301407,-127.17314276821239,199.34115709520114,,0.880097735694985,,1.018663409063487,donchian,eth_short_regime_challenge_v1_donchian,20261007T203717Z-2caf5e37e706,a290389ee6704c109c1bc1a399f9a1a4,32,50,0,72.16801432698875,-57.496445515632615,DESCRIPTIVE_SAMPLE,,human_review_required
30db84831e4aaa26,,ETHUSDT,1h,SHORT_ONLY,"{""atr_length"": 14, ""atr_stop_multiplier"": 2.0, ""breakout_length"": 30, ""exit_length"": 10, ""exit_method"": ""risk"", ""fast_length"": 50, ""reward_risk"": 2.0, ""slope_lookback"": 5, ""trend_filter"": ""ema_slope"", ""trend_length"": 200}",diagnostic_year_2026,base,2026-01-01T00:00:00+00:00,2026-09-26T00:00:00+00:00,71,donchian_trend_breakout,1.0.0,35.2112676056338,1.7184067602255215,2.3476190836680066,0.6004458128932271,0,171.84067602255473,0,71,,,,,,,,,,,,,,,,,1.0727416041809161,0.29548828338169564,2.4202912115852775,7.398930648790573,182.49148586472086,101.36737815211941,-51.355299516965886,,4.991727680174719,,109.49494213683992,18.249157022806653,,,310.2355850243674,,,,,,,,,not_modelled_synthetic,,,1.9738445516928858,4.369515282033344,87.71537860247786,-47.25066894879015,-105.68633197611305,-85.21865328546346,-37.062640751146105,166.07482689237835,197.05279605804742,203.4270184712719,749.0067997094985,1293.1981716834057,118.38117911301245,435.87281954779365,752.5564968760183,-31.586342448717204,203.4270184712719,,2.420291211585278,,1.0727416041809164,donchian,eth_short_regime_challenge_v1_donchian,20261007T203717Z-2caf5e37e706,ad8a0e59a8954a65b260f2b49185537c,25,46,0,171.8406760225547,-37.062640751146105,DESCRIPTIVE_SAMPLE,,human_review_required
30db84831e4aaa26,,ETHUSDT,1h,SHORT_ONLY,"{""atr_length"": 14, ""atr_stop_multiplier"": 2.0, ""breakout_length"": 30, ""exit_length"": 10, ""exit_method"": ""risk"", ""fast_length"": 50, ""reward_risk"": 2.0, ""slope_lookback"": 5, ""trend_filter"": ""ema_slope"", ""trend_length"": 200}",diagnostic_year_2026,adverse,2026-01-01T00:00:00+00:00,2026-09-26T00:00:00+00:00,71,donchian_trend_breakout,1.0.0,33.80281690140845,-0.8917105519208213,-1.2124929999196898,-0.18274067637959335,0,-89.171055192085,0,71,,,,,,,,,,,,,,,,,0.9640506388784508,-0.09221176305381674,-1.255930354818099,8.512931716937667,360.3409048201499,99.63715863722918,-52.77580558479968,,4.762182046449028,,216.20476272376052,36.034127120626756,,,612.5797946645372,,,,,,,,,not_modelled_synthetic,,,1.887932501136966,8.62788443189489,84.28330526658317,-48.67782903453074,-104.27364188455955,-88.4716762203,-39.36492798879739,161.18302995407856,190.0877488587849,195.12046763496858,722.1366409764171,1249.405489367542,,,,-284.2915228270536,195.12046763496858,,-1.2559303548180987,,0.9640506388784513,donchian,eth_short_regime_challenge_v1_donchian,20261007T203717Z-2caf5e37e706,d0ad3574d7bb494ead99cf2eed3eff99,24,47,0,-89.17105519208502,-39.36492798879739,DESCRIPTIVE_SAMPLE,,human_review_required
41d7ee3faad0311a,,ETHUSDT,1h,SHORT_ONLY,"{""atr_length"": 14, ""atr_stop_multiplier"": 2.0, ""breakout_length"": 40, ""exit_length"": 10, ""exit_method"": ""risk"", ""fast_length"": 50, ""reward_risk"": 2.0, ""slope_lookback"": 5, ""trend_filter"": ""ema_slope"", ""trend_length"": 200}",diagnostic_year_2026,base,2026-01-01T00:00:00+00:00,2026-09-26T00:00:00+00:00,64,donchian_trend_breakout,1.0.0,37.5,2.9132395365539354,3.988448105775455,0.9852914070532227,0,291.3239536553989,0,64,,,,,,,,,,,,,,,,,1.1332628727838774,0.47143798873510673,4.551936775865609,6.698396885275673,164.89632227071877,103.22536881849618,-54.652122449712735,,4.5207309055055935,,98.93785338544726,16.489642230907876,,,280.3238178870739,,,,,,,,,not_modelled_synthetic,,,1.8887714546397958,4.38005965448553,89.49984789655696,-49.20840698450439,-107.5127956719467,-88.39232373566382,-38.01562814727596,171.79370901077095,197.61274123009022,203.21762098673227,751.7566162995868,1175.9587398805988,69.75657800769591,258.0483365225861,403.6601608364879,88.10633266866668,203.21762098673227,,4.551936775865608,,1.1332628727838776,donchian,eth_short_regime_challenge_v1_donchian,20261007T203717Z-2caf5e37e706,2ed3b45f22e641718b2a520cf0a6c9d6,24,40,0,291.32395365539895,-38.01562814727596,DESCRIPTIVE_SAMPLE,,human_review_required
41d7ee3faad0311a,,ETHUSDT,1h,SHORT_ONLY,"{""atr_length"": 14, ""atr_stop_multiplier"": 2.0, ""breakout_length"": 40, ""exit_length"": 10, ""exit_method"": ""risk"", ""fast_length"": 50, ""reward_risk"": 2.0, ""slope_lookback"": 5, ""trend_filter"": ""ema_slope"", ""trend_length"": 200}",diagnostic_year_2026,adverse,2026-01-01T00:00:00+00:00,2026-09-26T00:00:00+00:00,64,donchian_trend_breakout,1.0.0,35.9375,0.5453938635516353,0.7435261704259011,0.2610745011864739,0,54.539386355157234,0,64,,,,,,,,,,,,,,,,,1.0238592333211098,0.1273053692583602,0.8521779117993322,7.330448779407912,325.91561135555156,101.75744132600433,-55.75321375958395,,4.287214905073703,,195.54962242374495,32.591603737290825,,,554.0568375165874,,,,,,,,,not_modelled_synthetic,,,1.8251403724419784,8.657138086196678,86.09702604788704,-50.196068831559515,-106.68876675711043,-91.63974599822629,-40.276675381545154,166.2096266075511,190.5416292895994,194.9869772382014,725.3275373709328,1136.5064314672936,357.51589863600174,1329.9151051088888,2083.8269504288714,-140.44759088304414,194.9869772382014,,0.8521779117993318,,1.0238592333211103,donchian,eth_short_regime_challenge_v1_donchian,20261007T203717Z-2caf5e37e706,c9f70d8f659d4fd9ad38df972167a2c9,23,41,0,54.53938635515726,-40.276675381545154,DESCRIPTIVE_SAMPLE,,human_review_required
b5bd78a75b1c644c,,ETHUSDT,1h,SHORT_ONLY,"{""atr_length"": 14, ""atr_stop_multiplier"": 2.0, ""breakout_length"": 50, ""exit_length"": 10, ""exit_method"": ""risk"", ""fast_length"": 50, ""reward_risk"": 2.0, ""slope_lookback"": 5, ""trend_filter"": ""ema_slope"", ""trend_length"": 200}",diagnostic_year_2026,base,2026-01-01T00:00:00+00:00,2026-09-26T00:00:00+00:00,57,donchian_trend_breakout,1.0.0,33.333333333333336,0.2330357990376397,0.31751462693907495,0.15964190424494187,0,23.303579903757665,0,57,,,,,,,,,,,,,,,,,1.011356970874998,0.07924252085384983,0.40883473515364527,8.813500456445771,142.73599545199338,109.22222057742506,-53.99785818598207,,4.236462663778238,,85.6416251964505,14.27360419940842,,,242.65122484785232,,,,,,,,,not_modelled_synthetic,,,2.022713941749996,4.2570390324184615,85.01464653909288,-48.317283615324214,-104.47668865234417,-90.81492125058945,-39.05365278275812,168.39054931772057,193.80454889853283,198.67539997035152,561.926909557953,1019.2898080301607,852.5531304240276,2411.332987801331,4373.962336429678,-175.37182006659373,198.67539997035152,,0.40883473515364327,,1.0113569708749979,donchian,eth_short_regime_challenge_v1_donchian,20261007T203717Z-2caf5e37e706,efb251442cd3423ea7b264ab30c90722,19,38,0,23.30357990375778,-39.05365278275812,DESCRIPTIVE_SAMPLE,,human_review_required
b5bd78a75b1c644c,,ETHUSDT,1h,SHORT_ONLY,"{""atr_length"": 14, ""atr_stop_multiplier"": 2.0, ""breakout_length"": 50, ""exit_length"": 10, ""exit_method"": ""risk"", ""fast_length"": 50, ""reward_risk"": 2.0, ""slope_lookback"": 5, ""trend_filter"": ""ema_slope"", ""trend_length"": 200}",diagnostic_year_2026,adverse,2026-01-01T00:00:00+00:00,2026-09-26T00:00:00+00:00,57,donchian_trend_breakout,1.0.0,33.333333333333336,-1.3111202139283296,-1.7814186588599568,-0.3365723869973475,0,-131.11202139283924,0,57,,,,,,,,,,,,,,,,,0.9384901393415024,-0.16879437039413453,-2.3002109016287577,9.463890233381528,283.62261227451927,105.28678945818059,-56.093711081533435,,4.026336994783293,,170.17371480428,28.362285800713334,,,482.1586128795126,,,,,,,,,not_modelled_synthetic,,,1.8769802786830048,8.458923032973905,81.19227560291043,-49.14752927089623,-104.18742090167082,-93.76209118320504,-42.15359011905395,163.80566064678968,187.90281026190266,191.78942123275633,545.3834162121243,991.2875649050713,,,,-322.9014426255955,191.78942123275633,,-2.3002109016287586,,0.9384901393415026,donchian,eth_short_regime_challenge_v1_donchian,20261007T203717Z-2caf5e37e706,69228b9d76934c96b1bd2b1f74692f9b,19,38,0,-131.11202139283918,-42.15359011905395,DESCRIPTIVE_SAMPLE,,human_review_required
30db84831e4aaa26,,ETHUSDT,1h,SHORT_ONLY,"{""atr_length"": 14, ""atr_stop_multiplier"": 2.0, ""breakout_length"": 30, ""exit_length"": 10, ""exit_method"": ""risk"", ""fast_length"": 50, ""reward_risk"": 2.0, ""slope_lookback"": 5, ""trend_filter"": ""ema_slope"", ""trend_length"": 200}",wf_0_train,base,2023-07-01T00:00:00+00:00,2024-07-01T00:00:00+00:00,83,donchian_trend_breakout,1.0.0,28.91566265060241,-9.181451546474095,-9.157551053653723,-2.7867493336932267,0,-918.145154647402,0,83,,,,,,,,,,,,,,,,,0.6521582279503895,-1.8614696354152296,-11.06198981502894,10.217762977523897,194.70688376427336,71.72513064487626,-44.738106612278514,,3.6127705911008197,,116.82406860849396,19.47067810141566,,,331.001630474183,,,,,,,,,not_modelled_synthetic,,,1.6032223103780407,3.987971451496181,69.67794629259507,-38.31883717677061,-95.01998205368858,-75.14164984480232,-32.21139388801166,104.6599791247721,147.69570202349837,163.28027240913985,631.622354593986,992.9025725530494,,,,-1081.4254270565418,163.28027240913985,,-11.06198981502894,,0.6521582279503895,donchian,eth_short_regime_challenge_v1_donchian,20261007T203717Z-2caf5e37e706,f86012afde554bc59809ba658dd2a1e9,24,59,0,-918.145154647402,-32.21139388801166,DESCRIPTIVE_SAMPLE,,human_review_required
30db84831e4aaa26,,ETHUSDT,1h,SHORT_ONLY,"{""atr_length"": 14, ""atr_stop_multiplier"": 2.0, ""breakout_length"": 30, ""exit_length"": 10, ""exit_method"": ""risk"", ""fast_length"": 50, ""reward_risk"": 2.0, ""slope_lookback"": 5, ""trend_filter"": ""ema_slope"", ""trend_length"": 200}",wf_0_train,adverse,2023-07-01T00:00:00+00:00,2024-07-01T00:00:00+00:00,82,donchian_trend_breakout,1.0.0,29.26829268292683,-10.844476883086262,-10.816510819081804,-3.249860575433967,0,-1084.44768830863,0,82,,,,,,,,,,,,,,,,,0.5994560259750411,-2.258653825060205,-13.224971808641829,11.713802915133579,379.84395397977954,67.62456639891964,-46.67995313590865,,3.6047936857909866,,227.90618812833148,37.984364688055244,,,645.7345067961663,,,,,,,,,not_modelled_synthetic,,,1.4486853961063493,7.874811058489834,65.5721513879019,-40.565228063703074,-93.49254854238877,-73.36918020862852,-34.7500955141502,100.04848791659843,142.35990169563297,157.16555642786992,605.4510154199331,949.2582935813053,,,,-1241.6132447364998,157.16555642786992,,-13.224971808641829,,0.5994560259750411,donchian,eth_short_regime_challenge_v1_donchian,20261007T203717Z-2caf5e37e706,1b4b02adbbfc4c0982290b583be20126,24,58,0,-1084.44768830863,-34.7500955141502,DESCRIPTIVE_SAMPLE,,human_review_required
41d7ee3faad0311a,,ETHUSDT,1h,SHORT_ONLY,"{""atr_length"": 14, ""atr_stop_multiplier"": 2.0, ""breakout_length"": 40, ""exit_length"": 10, ""exit_method"": ""risk"", ""fast_length"": 50, ""reward_risk"": 2.0, ""slope_lookback"": 5, ""trend_filter"": ""ema_slope"", ""trend_length"": 200}",wf_0_train,base,2023-07-01T00:00:00+00:00,2024-07-01T00:00:00+00:00,72,donchian_trend_breakout,1.0.0,29.166666666666668,-8.556604609629193,-8.534253203832343,-2.638407453015554,0,-855.6604609629219,0,72,,,,,,,,,,,,,,,,,0.640970011630354,-1.791238144390777,-11.88417306892947,10.210874143420753,169.73160314025904,72.74265625521647,-46.73051455534251,,3.325353664802227,,101.83890233689088,16.973150389481816,,,288.54365586663175,,,,,,,,,not_modelled_synthetic,,,1.5566414568165743,4.007550775925441,68.94949517762687,-41.16348427933781,-95.18357005432085,-73.6326005114615,-33.69734932409611,105.66883959634518,150.58887144443088,162.19397138333306,528.903735372813,885.583681197737,,,,-1017.854432346255,162.19397138333306,,-11.88417306892947,,0.6409700116303539,donchian,eth_short_regime_challenge_v1_donchian,20261007T203717Z-2caf5e37e706,16c9aa67439644e3b07af113d74c1591,21,51,0,-855.6604609629219,-33.69734932409611,DESCRIPTIVE_SAMPLE,,human_review_required
41d7ee3faad0311a,,ETHUSDT,1h,SHORT_ONLY,"{""atr_length"": 14, ""atr_stop_multiplier"": 2.0, ""breakout_length"": 40, ""exit_length"": 10, ""exit_method"": ""risk"", ""fast_length"": 50, ""reward_risk"": 2.0, ""slope_lookback"": 5, ""trend_filter"": ""ema_slope"", ""trend_length"": 200}",wf_0_train,adverse,2023-07-01T00:00:00+00:00,2024-07-01T00:00:00+00:00,71,donchian_trend_breakout,1.0.0,29.577464788732396,-9.897073973385828,-9.871413746747937,-3.0290532595985593,0,-989.7073973385858,0,71,,,,,,,,,,,,,,,,,0.5934941994339306,-2.1297912005388313,-13.939540807585713,11.61056137742475,331.1292500626551,68.80773359777446,-48.69339605783699,,3.3144644487400954,,198.67737078668287,33.11289513111382,,,562.9195159804517,,,,,,,,,not_modelled_synthetic,,,1.4130814272236443,7.928443887048616,64.9172773769358,-43.40115170515472,-94.19369025594135,-73.74098842030645,-36.69021479859997,101.06801519276792,145.55920388918113,156.59302782673305,509.08730658375543,849.2932834130231,,,,-1146.3004251653185,156.59302782673305,,-13.939540807585715,,0.5934941994339304,donchian,eth_short_regime_challenge_v1_donchian,20261007T203717Z-2caf5e37e706,bc6a6a0d229a47a698e817a3e3de08ad,21,50,0,-989.7073973385856,-36.69021479859997,DESCRIPTIVE_SAMPLE,,human_review_required
b5bd78a75b1c644c,,ETHUSDT,1h,SHORT_ONLY,"{""atr_length"": 14, ""atr_stop_multiplier"": 2.0, ""breakout_length"": 50, ""exit_length"": 10, ""exit_method"": ""risk"", ""fast_length"": 50, ""reward_risk"": 2.0, ""slope_lookback"": 5, ""trend_filter"": ""ema_slope"", ""trend_length"": 200}",wf_0_train,base,2023-07-01T00:00:00+00:00,2024-07-01T00:00:00+00:00,66,donchian_trend_breakout,1.0.0,30.303030303030305,-6.93630598543794,-6.918025553842744,-2.232511159813907,0,-693.6305985437953,0,66,,,,,,,,,,,,,,,,,0.6790877487357221,-1.4705450173273007,-10.509554523390838,9.122048137027837,156.47022353296373,73.39016191554022,-46.98769210553478,,2.960647619672021,,93.88208921849477,15.64701486974913,,,265.9993276212076,,,,,,,,,not_modelled_synthetic,,,1.5619018220921608,4.0302928427455695,64.67010737128123,-41.3473315022797,-96.25734574967485,-75.82529288748162,-33.58121958374706,107.64924801304116,152.75525815776015,164.16092220756056,533.0689097131042,818.1485750984956,,,,-857.7915207513558,164.16092220756056,,-10.509554523390838,,0.6790877487357222,donchian,eth_short_regime_challenge_v1_donchian,20261007T203717Z-2caf5e37e706,df74fb46adf344e4becdc48e38d3bd46,20,46,0,-693.6305985437953,-33.58121958374706,DESCRIPTIVE_SAMPLE,,human_review_required
b5bd78a75b1c644c,,ETHUSDT,1h,SHORT_ONLY,"{""atr_length"": 14, ""atr_stop_multiplier"": 2.0, ""breakout_length"": 50, ""exit_length"": 10, ""exit_method"": ""risk"", ""fast_length"": 50, ""reward_risk"": 2.0, ""slope_lookback"": 5, ""trend_filter"": ""ema_slope"", ""trend_length"": 200}",wf_0_train,adverse,2023-07-01T00:00:00+00:00,2024-07-01T00:00:00+00:00,65,donchian_trend_breakout,1.0.0,30.76923076923077,-8.113276675908965,-8.092031406711452,-2.5941063513636964,0,-811.3276675909005,0,65,,,,,,,,,,,,,,,,,0.6314607472942303,-1.7696268185908335,-12.481964116783086,10.386738201639178,305.11583751796053,69.50705678106644,-48.921528960271765,,2.949735619314279,,183.0693796058037,30.511563267633953,,,518.6967803913982,,,,,,,,,not_modelled_synthetic,,,1.420786681412018,7.979950467559973,60.88885844168087,-44.25143717289394,-95.26780251123081,-74.76317265682636,-36.30451409600267,103.11346651123154,147.88089722597888,158.76115713274905,513.8420648721559,786.7742711856024,,,,-970.0888247236496,158.76115713274905,,-12.481964116783086,,0.6314607472942301,donchian,eth_short_regime_challenge_v1_donchian,20261007T203717Z-2caf5e37e706,79731a4203b84143b03959faf0dc7c99,20,45,0,-811.3276675909005,-36.30451409600267,DESCRIPTIVE_SAMPLE,,human_review_required
b5bd78a75b1c644c,,ETHUSDT,1h,SHORT_ONLY,"{""atr_length"": 14, ""atr_stop_multiplier"": 2.0, ""breakout_length"": 50, ""exit_length"": 10, ""exit_method"": ""risk"", ""fast_length"": 50, ""reward_risk"": 2.0, ""slope_lookback"": 5, ""trend_filter"": ""ema_slope"", ""trend_length"": 200}",wf_0_test,base,2024-07-01T00:00:00+00:00,2024-10-01T00:00:00+00:00,30,donchian_trend_breakout,1.0.0,50.0,4.950144601595596,21.12894525689373,4.451368629386562,0,495.0144601595591,0,30,,,,,,,,,,,,,,,,,1.4898428231462606,2.10058405298536,16.50048200531864,5.577967980166394,76.11894425900472,100.3714805340234,-67.37051652338613,,4.159305215736812,,45.67143211916072,7.611905353193454,,,129.4022817313589,,,,,,,,,not_modelled_synthetic,,,1.4898428231462608,4.313409391045297,89.79371873790964,-66.67322088589532,-106.69524743163333,-98.15615311564478,15.932623074129665,142.5921475404031,188.98457299512725,205.76779908670758,353.6624047541725,489.77377013927793,41.56803803678421,71.44486337634977,98.94130567042585,289.2466610728517,205.76779908670758,,16.500482005318638,,1.4898428231462606,donchian,eth_short_regime_challenge_v1_donchian,20261007T203717Z-2caf5e37e706,0300fc4abf4647488a5302d6fa2eb84b,15,15,0,495.01446015955923,15.932623074129662,DESCRIPTIVE_SAMPLE,,human_review_required
b5bd78a75b1c644c,,ETHUSDT,1h,SHORT_ONLY,"{""atr_length"": 14, ""atr_stop_multiplier"": 2.0, ""breakout_length"": 50, ""exit_length"": 10, ""exit_method"": ""risk"", ""fast_length"": 50, ""reward_risk"": 2.0, ""slope_lookback"": 5, ""trend_filter"": ""ema_slope"", ""trend_length"": 200}",wf_0_test,adverse,2024-07-01T00:00:00+00:00,2024-10-01T00:00:00+00:00,30,donchian_trend_breakout,1.0.0,50.0,3.882576876244981,16.31384698203544,3.42090870378624,0,388.25768762449445,0,30,,,,,,,,,,,,,,,,,1.367729884290434,1.7038506204109627,12.941922920816484,5.914145703787791,151.28414651857074,96.27204910549891,-70.38820326386595,,4.088236322920314,,90.77075899638469,15.128459832730783,,,257.18336534768616,,,,,,,,,not_modelled_synthetic,,,1.3677298842904337,8.572778844922873,85.7074727504876,-69.72796569810168,-107.22903187591373,-101.44787719765598,12.137994584950597,138.32361097812696,181.46125244658552,196.81819605708137,340.6814141469355,472.2343942107293,50.69267198836128,87.74621211787243,121.62911624494434,191.43949156741314,196.81819605708137,,12.941922920816483,,1.367729884290434,donchian,eth_short_regime_challenge_v1_donchian,20261007T203717Z-2caf5e37e706,82aa06d3beb843558c71cda334e481ac,15,15,0,388.2576876244945,12.137994584950599,DESCRIPTIVE_SAMPLE,,human_review_required
30db84831e4aaa26,,ETHUSDT,1h,SHORT_ONLY,"{""atr_length"": 14, ""atr_stop_multiplier"": 2.0, ""breakout_length"": 30, ""exit_length"": 10, ""exit_method"": ""risk"", ""fast_length"": 50, ""reward_risk"": 2.0, ""slope_lookback"": 5, ""trend_filter"": ""ema_slope"", ""trend_length"": 200}",wf_1_train,base,2023-10-01T00:00:00+00:00,2024-10-01T00:00:00+00:00,98,donchian_trend_breakout,1.0.0,36.734693877551024,-1.568114520734365,-1.5638637326943705,-0.32746485142654436,0,-156.8114520734471,0,98,,,,,,,,,,,,,,,,,0.9529024912653518,-0.1930228749464616,-1.6001168578923162,6.564654737223252,235.8741264585775,88.13041245840607,-53.701714525420414,,3.7123834878961746,,141.52450151347873,23.587416918913124,,,400.98604489096937,,,,,,,,,not_modelled_synthetic,,,1.6411098460681057,4.091694335622137,84.76617388521902,-50.82795548049503,-98.08192419534733,-83.20493875094002,-35.40633610751682,118.83534519270496,170.5198587296379,195.52159763819245,785.2579859971728,1344.1850331882815,,,,-352.33304971163943,195.52159763819245,,-1.6001168578923173,,0.9529024912653519,donchian,eth_short_regime_challenge_v1_donchian,20261007T203717Z-2caf5e37e706,ed7a797cc9e043a2ad31243fc2ab8c77,36,62,0,-156.811452073447,-35.40633610751682,DESCRIPTIVE_SAMPLE,,human_review_required
30db84831e4aaa26,,ETHUSDT,1h,SHORT_ONLY,"{""atr_length"": 14, ""atr_stop_multiplier"": 2.0, ""breakout_length"": 30, ""exit_length"": 10, ""exit_method"": ""risk"", ""fast_length"": 50, ""reward_risk"": 2.0, ""slope_lookback"": 5, ""trend_filter"": ""ema_slope"", ""trend_length"": 200}",wf_1_train,adverse,2023-10-01T00:00:00+00:00,2024-10-01T00:00:00+00:00,97,donchian_trend_breakout,1.0.0,37.11340206185567,-3.8990213286649866,-3.888578133236076,-0.8929064742839405,0,-389.90213286651004,0,97,,,,,,,,,,,,,,,,,0.8854956860922337,-0.5498004973231364,-4.0196096171805165,7.361536969629808,461.097100429982,83.75634382201355,-55.82181164686881,,3.6922362047875033,,276.65842572250415,46.10973762041736,,,783.8652637729035,,,,,,,,,not_modelled_synthetic,,,1.5004232458785072,8.081085193535088,80.17002225525499,-53.090794947327275,-96.87468773889843,-85.99069346856649,-38.186449591136046,115.12751933432898,165.3664575663652,184.84134047340132,753.4763053727854,1290.0975505100346,,,,-574.7434733399114,184.84134047340132,,-4.019609617180516,,0.8854956860922336,donchian,eth_short_regime_challenge_v1_donchian,20261007T203717Z-2caf5e37e706,da878ff71a8544dda5f69e627d382e32,36,61,0,-389.9021328665101,-38.186449591136046,DESCRIPTIVE_SAMPLE,,human_review_required
41d7ee3faad0311a,,ETHUSDT,1h,SHORT_ONLY,"{""atr_length"": 14, ""atr_stop_multiplier"": 2.0, ""breakout_length"": 40, ""exit_length"": 10, ""exit_method"": ""risk"", ""fast_length"": 50, ""reward_risk"": 2.0, ""slope_lookback"": 5, ""trend_filter"": ""ema_slope"", ""trend_length"": 200}",wf_1_train,base,2023-10-01T00:00:00+00:00,2024-10-01T00:00:00+00:00,87,donchian_trend_breakout,1.0.0,37.93103448275862,-1.1393491774958964,-1.1362539547170702,-0.22701643771891555,0,-113.93491774959696,0,87,,,,,,,,,,,,,,,,,0.9623810079389303,-0.13458536741202368,-1.309596755742495,7.1111041227838125,209.55592027484883,88.3248262870463,-56.08618861522454,,3.4511589553114472,,125.7335776074778,20.955596267912966,,,356.24509415023954,,,,,,,,,not_modelled_synthetic,,,1.5748052857182497,4.09477119712919,84.34894153671105,-53.71735131580507,-97.87318910439242,-86.87117353604951,-38.68994021042937,126.09518657402143,171.86364476658375,195.00800912619638,783.9547505146066,1234.9936535054792,,,,-308.94292687579343,195.00800912619638,,-1.309596755742494,,0.9623810079389301,donchian,eth_short_regime_challenge_v1_donchian,20261007T203717Z-2caf5e37e706,45b205d63d304c9a816d568dc38a4db6,33,54,0,-113.93491774959706,-38.68994021042937,DESCRIPTIVE_SAMPLE,,human_review_required
41d7ee3faad0311a,,ETHUSDT,1h,SHORT_ONLY,"{""atr_length"": 14, ""atr_stop_multiplier"": 2.0, ""breakout_length"": 40, ""exit_length"": 10, ""exit_method"": ""risk"", ""fast_length"": 50, ""reward_risk"": 2.0, ""slope_lookback"": 5, ""trend_filter"": ""ema_slope"", ""trend_length"": 200}",wf_1_train,adverse,2023-10-01T00:00:00+00:00,2024-10-01T00:00:00+00:00,86,donchian_trend_breakout,1.0.0,38.372093023255815,-3.1215490628684117,-3.1131543994209587,-0.7181508176278025,0,-312.1549062868454,0,86,,,,,,,,,,,,,,,,,0.8989275047315913,-0.44302175619116296,-3.629708212637737,7.927453388391374,409.9358296137679,84.12942228968183,-58.27218569521408,,3.4281003384851454,,245.96165935746163,40.99360989291027,,,696.8910988641398,,,,,,,,,not_modelled_synthetic,,,1.4437320530537678,8.103384870513255,80.15584771669306,-56.029976184651034,-97.03310792678994,-88.89049008651091,-41.562113677715026,121.57664146432947,166.52768196043942,184.91510841102794,754.2385420216411,1188.3427686662046,,,,-497.0700146978734,184.91510841102794,,-3.629708212637737,,0.8989275047315913,donchian,eth_short_regime_challenge_v1_donchian,20261007T203717Z-2caf5e37e706,76afa74e07c442d7b0e3914f11ce4dc0,33,53,0,-312.1549062868454,-41.562113677715026,DESCRIPTIVE_SAMPLE,,human_review_required
b5bd78a75b1c644c,,ETHUSDT,1h,SHORT_ONLY,"{""atr_length"": 14, ""atr_stop_multiplier"": 2.0, ""breakout_length"": 50, ""exit_length"": 10, ""exit_method"": ""risk"", ""fast_length"": 50, ""reward_risk"": 2.0, ""slope_lookback"": 5, ""trend_filter"": ""ema_slope"", ""trend_length"": 200}",wf_1_train,base,2023-10-01T00:00:00+00:00,2024-10-01T00:00:00+00:00,77,donchian_trend_breakout,1.0.0,40.25974025974026,1.22455064055631,1.2211845275534428,0.3948393286450669,0,122.4550640556322,0,77,,,,,,,,,,,,,,,,,1.0459852089334052,0.21836218592772608,1.5903255072160027,6.17060508246077,187.1765451613171,89.85090075143009,-57.88962737475436,,3.017333854151363,,112.30597336559096,18.717662227598492,,,318.20018075450656,,,,,,,,,not_modelled_synthetic,,,1.5521070842237623,4.1324698799286566,85.84356419320635,-55.81149284290345,-99.86082119842274,-92.90639243165461,-38.757619763954395,133.5525944277276,176.9332685019111,198.46323791872524,663.1910699891017,1139.2699887708386,162.07025773026584,541.5791295391501,930.3575948915106,-76.00817386309303,198.46323791872524,,1.5903255072160027,,1.0459852089334052,donchian,eth_short_regime_challenge_v1_donchian,20261007T203717Z-2caf5e37e706,9524e275d0d6439bb2f365edebd1f288,31,46,0,122.4550640556322,-38.757619763954395,DESCRIPTIVE_SAMPLE,,human_review_required
b5bd78a75b1c644c,,ETHUSDT,1h,SHORT_ONLY,"{""atr_length"": 14, ""atr_stop_multiplier"": 2.0, ""breakout_length"": 50, ""exit_length"": 10, ""exit_method"": ""risk"", ""fast_length"": 50, ""reward_risk"": 2.0, ""slope_lookback"": 5, ""trend_filter"": ""ema_slope"", ""trend_length"": 200}",wf_1_train,adverse,2023-10-01T00:00:00+00:00,2024-10-01T00:00:00+00:00,76,donchian_trend_breakout,1.0.0,40.78947368421053,-0.4677917456241798,-0.4665166120738973,-0.07289812344186333,0,-46.77917456242518,0,76,,,,,,,,,,,,,,,,,0.982706728452998,-0.041912247736673784,-0.6155154547687525,6.868805642458377,366.1835608405316,85.75069112121986,-60.1122355404498,,2.994248268297854,,219.71037831224658,36.61839638537443,,,622.5123355381526,,,,,,,,,not_modelled_synthetic,,,1.4265097671091906,8.190951783396745,81.83708807753102,-58.108067686259936,-100.54626476699913,-95.11738429149244,-40.79971243560752,128.99252664627124,171.30170109176692,188.5760849734402,639.775039201622,1098.2796188336542,,,,-235.3552595358654,188.5760849734402,,-0.6155154547687524,,0.982706728452998,donchian,eth_short_regime_challenge_v1_donchian,20261007T203717Z-2caf5e37e706,97973c965f5641668ebcf23c6f39c1b1,31,45,0,-46.77917456242519,-40.79971243560752,DESCRIPTIVE_SAMPLE,,human_review_required
b5bd78a75b1c644c,,ETHUSDT,1h,SHORT_ONLY,"{""atr_length"": 14, ""atr_stop_multiplier"": 2.0, ""breakout_length"": 50, ""exit_length"": 10, ""exit_method"": ""risk"", ""fast_length"": 50, ""reward_risk"": 2.0, ""slope_lookback"": 5, ""trend_filter"": ""ema_slope"", ""trend_length"": 200}",wf_1_test,base,2024-10-01T00:00:00+00:00,2025-01-01T00:00:00+00:00,20,donchian_trend_breakout,1.0.0,30.0,-2.3139285851183744,-8.869842485473612,-1.8744604473978437,0,-231.3928585118312,0,20,,,,,,,,,,,,,,,,,0.734327337120792,-1.2609062236547048,-11.569642925591562,5.280014033526433,48.98382335953865,106.5961521835971,-62.212126543815266,,3.6219267814210783,,29.390278463083607,4.8983797438472685,,,83.27248156646952,,,,,,,,,not_modelled_synthetic,,,1.713430453281848,4.163624078323476,123.20621651272124,-55.338103475756554,-99.59891786863119,-96.70561241042728,-49.06644052046906,127.06353072891812,134.8632670076378,136.81320107731773,136.81320107731773,263.3635912615832,,,,-368.20605958914894,136.81320107731773,,-11.56964292559156,,0.7343273371207921,donchian,eth_short_regime_challenge_v1_donchian,20261007T203717Z-2caf5e37e706,a98e7a6e4fc74aaab305de26b957b97e,6,14,0,-231.39285851183124,-49.06644052046906,DESCRIPTIVE_SAMPLE,,human_review_required
b5bd78a75b1c644c,,ETHUSDT,1h,SHORT_ONLY,"{""atr_length"": 14, ""atr_stop_multiplier"": 2.0, ""breakout_length"": 50, ""exit_length"": 10, ""exit_method"": ""risk"", ""fast_length"": 50, ""reward_risk"": 2.0, ""slope_lookback"": 5, ""trend_filter"": ""ema_slope"", ""trend_length"": 200}",wf_1_test,adverse,2024-10-01T00:00:00+00:00,2025-01-01T00:00:00+00:00,20,donchian_trend_breakout,1.0.0,30.0,-2.9144612257593017,-11.072301270706975,-2.3323088262909675,0,-291.44612257593565,0,20,,,,,,,,,,,,,,,,,0.6795307980184967,-1.6198147199366304,-14.572306128796786,5.642967626980655,97.75903987573385,102.99825746586248,-64.9596905265079,,3.604849527393456,,58.65537131799752,9.775895219666253,,,166.19030641339765,,,,,,,,,not_modelled_synthetic,,,1.585571862043159,8.309515320669883,119.50254876276763,-58.5575485544778,-99.28578167782722,-97.19668605853511,-52.27034814297946,123.43688025640323,131.03438673710045,132.93376335727478,132.93376335727478,255.87080766100055,,,,-424.3798859332105,132.93376335727478,,-14.572306128796782,,0.6795307980184966,donchian,eth_short_regime_challenge_v1_donchian,20261007T203717Z-2caf5e37e706,8eb95b3fe8944d48ae7dd87cc983e688,6,14,0,-291.4461225759357,-52.27034814297946,DESCRIPTIVE_SAMPLE,,human_review_required
30db84831e4aaa26,,ETHUSDT,1h,SHORT_ONLY,"{""atr_length"": 14, ""atr_stop_multiplier"": 2.0, ""breakout_length"": 30, ""exit_length"": 10, ""exit_method"": ""risk"", ""fast_length"": 50, ""reward_risk"": 2.0, ""slope_lookback"": 5, ""trend_filter"": ""ema_slope"", ""trend_length"": 200}",wf_2_train,base,2024-01-01T00:00:00+00:00,2025-01-01T00:00:00+00:00,104,donchian_trend_breakout,1.0.0,39.42307692307692,0.9775128949648382,0.9748291189894065,0.2780111694662636,0,97.75128949646893,0,104,,,,,,,,,,,,,,,,,1.0256341053053388,0.16456290943210464,0.9399162451583556,9.420559807697355,259.2196044837825,95.39221393030692,-60.52903939120818,,4.0724423071349385,,155.5318192248612,25.921969870810205,,,440.67339357945394,,,,,,,,,not_modelled_synthetic,,,1.5759743569325937,4.237244169033211,93.88761914416641,-58.19091212473696,-102.51426532091254,-96.94658558840854,-39.76538477534284,133.88004585290525,175.96048526519354,379.96600478964,956.6863550007449,1576.7958452415621,388.706897624471,978.6943578225664,1613.06909951149,-105.63762857440616,203.38891807087515,,0.939916245158355,,1.0256341053053386,donchian,eth_short_regime_challenge_v1_donchian,20261007T203717Z-2caf5e37e706,d254981bd5444549890a91c50b6181f9,41,63,0,97.75128949646898,-39.76538477534284,DESCRIPTIVE_SAMPLE,,human_review_required
30db84831e4aaa26,,ETHUSDT,1h,SHORT_ONLY,"{""atr_length"": 14, ""atr_stop_multiplier"": 2.0, ""breakout_length"": 30, ""exit_length"": 10, ""exit_method"": ""risk"", ""fast_length"": 50, ""reward_risk"": 2.0, ""slope_lookback"": 5, ""trend_filter"": ""ema_slope"", ""trend_length"": 200}",wf_2_train,adverse,2024-01-01T00:00:00+00:00,2025-01-01T00:00:00+00:00,103,donchian_trend_breakout,1.0.0,39.80582524271845,-1.5428024839766241,-1.5386197732589757,-0.273781089980863,0,-154.2802483976645,0,103,,,,,,,,,,,,,,,,,0.9602908006668182,-0.16855248219887525,-1.4978664892977145,10.500376104062612,507.4659944376092,90.99931240898678,-62.665355760743914,,4.065341082833761,,304.479894195727,50.74664903262117,,,862.6925376659573,,,,,,,,,not_modelled_synthetic,,,1.4521470644229932,8.375655705494731,90.27009095254733,-60.73058464226712,-101.07551031566528,-97.22522310283317,-42.73213409548781,128.63015448873517,171.7084029927593,365.4350829022715,921.3563580083023,1515.283048969221,,,,-347.606600301958,193.32635190429338,,-1.4978664892977136,,0.960290800666818,donchian,eth_short_regime_challenge_v1_donchian,20261007T203717Z-2caf5e37e706,3745782fb7064f61954aff12dc7ebcef,41,62,0,-154.2802483976646,-42.73213409548781,DESCRIPTIVE_SAMPLE,,human_review_required
41d7ee3faad0311a,,ETHUSDT,1h,SHORT_ONLY,"{""atr_length"": 14, ""atr_stop_multiplier"": 2.0, ""breakout_length"": 40, ""exit_length"": 10, ""exit_method"": ""risk"", ""fast_length"": 50, ""reward_risk"": 2.0, ""slope_lookback"": 5, ""trend_filter"": ""ema_slope"", ""trend_length"": 200}",wf_2_train,base,2024-01-01T00:00:00+00:00,2025-01-01T00:00:00+00:00,94,donchian_trend_breakout,1.0.0,39.361702127659576,0.34719330313932595,0.3462430471939504,0.14028400201029356,0,34.71933031392872,0,94,,,,,,,,,,,,,,,,,1.0098523394954904,0.08331747069723114,0.3693545778077551,8.878695577624438,232.1773603402251,96.18074196731968,-61.82400214871753,,3.7797622557224115,,139.30646129332908,23.21774354888818,,,394.7015651824423,,,,,,,,,not_modelled_synthetic,,,1.555718468952512,4.198952821089812,93.62646729372783,-59.57962429621533,-102.16043102936639,-96.87743883982121,-45.731152942668174,135.29495196012581,175.01590663314803,200.78557256894774,812.6765519175142,1446.178909093552,578.3106147309385,2340.7034195918177,4165.342176871892,-166.06624225501878,200.78557256894774,,0.3693545778077524,,1.0098523394954906,donchian,eth_short_regime_challenge_v1_donchian,20261007T203717Z-2caf5e37e706,17b032deb9f04e8ab7c0441bfdc0b52c,37,57,0,34.71933031392898,-45.731152942668174,DESCRIPTIVE_SAMPLE,,human_review_required
41d7ee3faad0311a,,ETHUSDT,1h,SHORT_ONLY,"{""atr_length"": 14, ""atr_stop_multiplier"": 2.0, ""breakout_length"": 40, ""exit_length"": 10, ""exit_method"": ""risk"", ""fast_length"": 50, ""reward_risk"": 2.0, ""slope_lookback"": 5, ""trend_filter"": ""ema_slope"", ""trend_length"": 200}",wf_2_train,adverse,2024-01-01T00:00:00+00:00,2025-01-01T00:00:00+00:00,93,donchian_trend_breakout,1.0.0,39.784946236559136,-1.8277770504445456,-1.8228289189307745,-0.3462305094214632,0,-182.77770504444484,0,93,,,,,,,,,,,,,,,,,0.9490148972743455,-0.21336328083969722,-1.96535166714457,9.842986413524146,454.87169196874794,91.94989278198766,-64.01649532103549,,3.7668228467444504,,272.92326319312224,45.48721053218704,,,773.2821656940572,,,,,,,,,not_modelled_synthetic,,,1.436346871550361,8.314861996710292,90.46593215948369,-61.44231623911122,-100.19159321626489,-97.78068783454786,-48.49228802489856,130.09001983878625,170.65339708334312,191.23537059334316,784.5665750956102,1392.5844583864368,,,,-374.0130756377882,191.23537059334316,,-1.965351667144568,,0.9490148972743456,donchian,eth_short_regime_challenge_v1_donchian,20261007T203717Z-2caf5e37e706,f145c2da9672481bb72dfe67ae0c2866,37,56,0,-182.777705044445,-48.49228802489856,DESCRIPTIVE_SAMPLE,,human_review_required
b5bd78a75b1c644c,,ETHUSDT,1h,SHORT_ONLY,"{""atr_length"": 14, ""atr_stop_multiplier"": 2.0, ""breakout_length"": 50, ""exit_length"": 10, ""exit_method"": ""risk"", ""fast_length"": 50, ""reward_risk"": 2.0, ""slope_lookback"": 5, ""trend_filter"": ""ema_slope"", ""trend_length"": 200}",wf_2_train,base,2024-01-01T00:00:00+00:00,2025-01-01T00:00:00+00:00,87,donchian_trend_breakout,1.0.0,40.229885057471265,1.4016893978591627,1.3978330026576335,0.39850749259998647,0,140.16893978590775,0,87,,,,,,,,,,,,,,,,,1.0424373023284261,0.2268670081690111,1.6111372389184793,8.324270319356415,217.64745224871533,98.37526585848691,-63.51856471656026,,3.619322680129434,,130.58852491704465,21.764754152840773,,,370.0007313186008,,,,,,,,,not_modelled_synthetic,,,1.5487639920308047,4.252881969179319,94.64851373888735,-61.65461147404815,-104.725869704006,-100.03865595692606,-46.27679416052783,139.91425284472297,179.04409103097223,204.09869788616123,824.0398401077525,1346.1960997110884,145.60907587508265,587.8904708606492,960.4097040094987,-63.92975810025354,204.09869788616123,,1.61113723891848,,1.0424373023284264,donchian,eth_short_regime_challenge_v1_donchian,20261007T203717Z-2caf5e37e706,29d4c27fe1284a3a836a742101f1f566,35,52,0,140.1689397859077,-46.27679416052783,DESCRIPTIVE_SAMPLE,,human_review_required
b5bd78a75b1c644c,,ETHUSDT,1h,SHORT_ONLY,"{""atr_length"": 14, ""atr_stop_multiplier"": 2.0, ""breakout_length"": 50, ""exit_length"": 10, ""exit_method"": ""risk"", ""fast_length"": 50, ""reward_risk"": 2.0, ""slope_lookback"": 5, ""trend_filter"": ""ema_slope"", ""trend_length"": 200}",wf_2_train,adverse,2024-01-01T00:00:00+00:00,2025-01-01T00:00:00+00:00,86,donchian_trend_breakout,1.0.0,40.69767441860465,-0.5607770240137699,-0.5592491387178211,-0.07387537437380652,0,-56.077702401375866,0,86,,,,,,,,,,,,,,,,,0.9832778613733756,-0.043571575314530764,-0.6520663069927436,9.171509732248325,426.5290288110398,94.21208361499555,-65.75491429267099,,3.6092990781207686,,255.9176982758531,42.65294971264219,,,725.0996767995351,,,,,,,,,not_modelled_synthetic,,,1.4327763122869188,8.43139159069227,91.5161202396604,-63.80743758232098,-103.2616255314652,-99.7488375614486,-48.24041610984517,134.63351020818362,174.38892472424268,194.59084112459763,796.3381000058437,1297.119232216698,,,,-250.66854352597358,194.59084112459763,,-0.6520663069927426,,0.9832778613733757,donchian,eth_short_regime_challenge_v1_donchian,20261007T203717Z-2caf5e37e706,5638a83c6f9d40dfa2a1742f97eb358e,35,51,0,-56.077702401375944,-48.24041610984517,DESCRIPTIVE_SAMPLE,,human_review_required
b5bd78a75b1c644c,,ETHUSDT,1h,SHORT_ONLY,"{""atr_length"": 14, ""atr_stop_multiplier"": 2.0, ""breakout_length"": 50, ""exit_length"": 10, ""exit_method"": ""risk"", ""fast_length"": 50, ""reward_risk"": 2.0, ""slope_lookback"": 5, ""trend_filter"": ""ema_slope"", ""trend_length"": 200}",wf_2_test,base,2025-01-01T00:00:00+00:00,2025-04-01T00:00:00+00:00,28,donchian_trend_breakout,1.0.0,42.857142857142854,2.5098917812507393,10.576082274978727,2.0773894632114085,0,250.98917812507645,0,28,,,,,,,,,,,,,,,,,1.1954267277831896,0.8984280232387432,8.96389921875273,6.322552889256386,68.51808263461687,127.941887017591,-80.26959163037597,,5.8026319071385135,,41.1108881651163,6.85181469418605,,,116.48078549391921,,,,,,,,,not_modelled_synthetic,,,1.5939023037109195,4.1600280533542575,118.21977009395621,-79.4151343693785,-106.53119873820386,-105.50909018161401,-53.909597610311494,183.75913750466992,202.98120066724798,205.23319859321447,402.1256641272938,561.4943352916321,81.76974008454651,160.21633567280773,223.71256780315062,45.75597953186195,205.23319859321447,,8.963899218752731,,1.1954267277831896,donchian,eth_short_regime_challenge_v1_donchian,20261007T203717Z-2caf5e37e706,21af4ffcda1148c7b98df7ea817e8b52,12,16,0,250.98917812507642,-53.909597610311494,DESCRIPTIVE_SAMPLE,,human_review_required
b5bd78a75b1c644c,,ETHUSDT,1h,SHORT_ONLY,"{""atr_length"": 14, ""atr_stop_multiplier"": 2.0, ""breakout_length"": 50, ""exit_length"": 10, ""exit_method"": ""risk"", ""fast_length"": 50, ""reward_risk"": 2.0, ""slope_lookback"": 5, ""trend_filter"": ""ema_slope"", ""trend_length"": 200}",wf_2_test,adverse,2025-01-01T00:00:00+00:00,2025-04-01T00:00:00+00:00,28,donchian_trend_breakout,1.0.0,42.857142857142854,1.679076009516689,6.986287884654185,1.414204004921054,0,167.90760095166408,0,28,,,,,,,,,,,,,,,,,1.1277764804701262,0.6347388913178269,5.996700033987999,6.537430951885276,135.4107284688752,123.49836901956445,-82.12955170519433,,5.703648046923319,,81.24660428585958,13.541100714309929,,,230.1984334690447,,,,,,,,,not_modelled_synthetic,,,1.5037019739601685,8.221372623894453,114.33095873393773,-82.83605247269311,-105.82285375398334,-104.83113018761173,-57.20816042695044,175.93006463498065,196.07057532440274,199.34115709520114,386.56904837263045,541.5174349573495,118.72074638990645,230.22724771340944,322.50918474693566,-31.433556143537174,199.34115709520114,,5.996700033988003,,1.1277764804701265,donchian,eth_short_regime_challenge_v1_donchian,20261007T203717Z-2caf5e37e706,ca8e3bad80e64a65b54e2633a854e1c3,12,16,0,167.90760095166397,-57.20816042695044,DESCRIPTIVE_SAMPLE,,human_review_required
30db84831e4aaa26,,ETHUSDT,1h,SHORT_ONLY,"{""atr_length"": 14, ""atr_stop_multiplier"": 2.0, ""breakout_length"": 30, ""exit_length"": 10, ""exit_method"": ""risk"", ""fast_length"": 50, ""reward_risk"": 2.0, ""slope_lookback"": 5, ""trend_filter"": ""ema_slope"", ""trend_length"": 200}",wf_3_train,base,2024-04-01T00:00:00+00:00,2025-04-01T00:00:00+00:00,119,donchian_trend_breakout,1.0.0,40.33613445378151,2.2052970948602812,2.2052970948602812,0.5029501433011361,0,220.52970948602442,0,119,,,,,,,,,,,,,,,,,1.0464511123367162,0.2782437724752237,1.8531908360170113,9.420557653201355,297.9851425337735,103.50198851810391,-66.86712308990089,,5.216565149523576,,178.79116186624086,29.798526977706814,,,506.57483137772124,,,,,,,,,not_modelled_synthetic,,,1.5478756036647263,4.256931356115304,96.9743358266748,-64.72300785411554,-106.81024534779867,-102.46202988287243,-46.26467903059486,142.8259405229478,203.67988783284943,412.9796935484015,1097.3184238258914,1916.5986132185146,187.2671462320923,497.58303603779603,869.088621975433,12.032491548640877,208.49721793738345,,1.853190836017012,,1.0464511123367164,donchian,eth_short_regime_challenge_v1_donchian,20261007T203717Z-2caf5e37e706,5e01313e832247bea3409d5342e601a5,48,71,0,220.52970948602433,-46.26467903059486,DESCRIPTIVE_SAMPLE,,human_review_required
30db84831e4aaa26,,ETHUSDT,1h,SHORT_ONLY,"{""atr_length"": 14, ""atr_stop_multiplier"": 2.0, ""breakout_length"": 30, ""exit_length"": 10, ""exit_method"": ""risk"", ""fast_length"": 50, ""reward_risk"": 2.0, ""slope_lookback"": 5, ""trend_filter"": ""ema_slope"", ""trend_length"": 200}",wf_3_train,adverse,2024-04-01T00:00:00+00:00,2025-04-01T00:00:00+00:00,118,donchian_trend_breakout,1.0.0,40.67796610169491,-0.7551649560490259,-0.7551649560490259,-0.06362749366654592,0,-75.51649560490083,0,118,,,,,,,,,,,,,,,,,0.9843112064074404,-0.03653117955066867,-0.6399703017364482,10.50037686311483,582.7302087765579,98.70598140373481,-68.76290861405958,,5.177027994887984,,349.638509618564,58.27308493642734,,,990.6418033315493,,,,,,,,,not_modelled_synthetic,,,1.4354538426775174,8.395269519758893,92.98016945856844,-67.37331315824807,-104.00240904012041,-101.29184358717409,-48.1655927166873,137.3005654288744,193.95841938933702,394.07158315237433,1049.779500396774,1835.0653706909097,,,,-274.1066839119874,198.5901883070865,,-0.6399703017364476,,0.9843112064074406,donchian,eth_short_regime_challenge_v1_donchian,20261007T203717Z-2caf5e37e706,d6deb434cc784f2bbbedd625bd4e475e,48,70,0,-75.51649560490088,-48.1655927166873,DESCRIPTIVE_SAMPLE,,human_review_required
41d7ee3faad0311a,,ETHUSDT,1h,SHORT_ONLY,"{""atr_length"": 14, ""atr_stop_multiplier"": 2.0, ""breakout_length"": 40, ""exit_length"": 10, ""exit_method"": ""risk"", ""fast_length"": 50, ""reward_risk"": 2.0, ""slope_lookback"": 5, ""trend_filter"": ""ema_slope"", ""trend_length"": 200}",wf_3_train,base,2024-04-01T00:00:00+00:00,2025-04-01T00:00:00+00:00,108,donchian_trend_breakout,1.0.0,41.666666666666664,5.029813751506085,5.029813751506085,1.1070659900387334,0,502.9813751506012,0,108,,,,,,,,,,,,,,,,,1.116520896212826,0.5822740284812985,4.65723495509816,8.87869844836748,273.1039935566076,107.10319570029208,-68.51845129146892,,4.753868861779661,,163.8624976960842,27.310416282680702,,,464.27690753537246,,,,,,,,,not_modelled_synthetic,,,1.5631292546979563,4.298860254957153,99.35357903032795,-67.41930681906297,-109.2815505367399,-105.15601647300987,-46.90698163134384,146.7205022036388,205.7175644742538,417.1891407353438,1109.3663232723745,1808.8948723872059,82.94325820919913,220.55813158891044,359.63456337634597,291.7402443106263,211.24113083997509,,4.6572349550981595,,1.1165208962128264,donchian,eth_short_regime_challenge_v1_donchian,20261007T203717Z-2caf5e37e706,07f979fbd93846e18d040388b3b3c1ac,45,63,0,502.98137515060137,-46.90698163134384,DESCRIPTIVE_SAMPLE,,human_review_required
41d7ee3faad0311a,,ETHUSDT,1h,SHORT_ONLY,"{""atr_length"": 14, ""atr_stop_multiplier"": 2.0, ""breakout_length"": 40, ""exit_length"": 10, ""exit_method"": ""risk"", ""fast_length"": 50, ""reward_risk"": 2.0, ""slope_lookback"": 5, ""trend_filter"": ""ema_slope"", ""trend_length"": 200}",wf_3_train,adverse,2024-04-01T00:00:00+00:00,2025-04-01T00:00:00+00:00,107,donchian_trend_breakout,1.0.0,42.05607476635514,2.3691677214118245,2.3691677214118245,0.5615009997181203,0,236.91677214117163,0,107,,,,,,,,,,,,,,,,,1.054209778490734,0.3062935291309718,2.2141754405716987,9.842988040276476,534.494830316855,102.38414332588317,-70.4898335084447,,4.731593041344129,,320.6973793247019,53.44956322078365,,,908.6417728623405,,,,,,,,,not_modelled_synthetic,,,1.452466805920567,8.49197918562935,94.80438969054373,-69.6696979447671,-107.24950011242346,-103.72008980376285,-49.975050048050974,142.3992887686388,196.62353143141934,398.76469180189616,1062.9822035572952,1735.1227824588702,168.31425153989687,448.67325936886186,732.3765079092675,35.23501593566843,201.68175620550335,,2.2141754405716974,,1.0542097784907336,donchian,eth_short_regime_challenge_v1_donchian,20261007T203717Z-2caf5e37e706,31a93f38f3ba422dbc7fb9a37782f202,45,62,0,236.91677214117178,-49.975050048050974,DESCRIPTIVE_SAMPLE,,human_review_required
b5bd78a75b1c644c,,ETHUSDT,1h,SHORT_ONLY,"{""atr_length"": 14, ""atr_stop_multiplier"": 2.0, ""breakout_length"": 50, ""exit_length"": 10, ""exit_method"": ""risk"", ""fast_length"": 50, ""reward_risk"": 2.0, ""slope_lookback"": 5, ""trend_filter"": ""ema_slope"", ""trend_length"": 200}",wf_3_train,base,2024-04-01T00:00:00+00:00,2025-04-01T00:00:00+00:00,102,donchian_trend_breakout,1.0.0,42.15686274509804,5.468145502962551,5.468145502962551,1.254345427794518,0,546.814550296248,0,102,,,,,,,,,,,,,,,,,1.1325788991549361,0.6375489636410022,5.360926963688708,8.324269357240532,258.62617259785804,108.63397330104782,-69.90586951947132,,4.641649671772722,,155.1758071390271,25.862634523171184,,,439.6646142600564,,,,,,,,,not_modelled_synthetic,,,1.5540036058172382,4.310437394706435,101.65777527282007,-68.38433019186694,-109.89124628960319,-105.64369653240438,-47.82860667355375,148.61210498616072,207.0409512680819,418.2420529683718,1111.1526670842034,1813.94046725303,76.4870014416735,203.2046635339556,331.72863931113204,335.6585642945854,211.1559860016628,,5.360926963688705,,1.1325788991549364,donchian,eth_short_regime_challenge_v1_donchian,20261007T203717Z-2caf5e37e706,a0517329dc224f3aae8ba5a531911a99,43,59,0,546.8145502962482,-47.82860667355375,DESCRIPTIVE_SAMPLE,,human_review_required
b5bd78a75b1c644c,,ETHUSDT,1h,SHORT_ONLY,"{""atr_length"": 14, ""atr_stop_multiplier"": 2.0, ""breakout_length"": 50, ""exit_length"": 10, ""exit_method"": ""risk"", ""fast_length"": 50, ""reward_risk"": 2.0, ""slope_lookback"": 5, ""trend_filter"": ""ema_slope"", ""trend_length"": 200}",wf_3_train,adverse,2024-04-01T00:00:00+00:00,2025-04-01T00:00:00+00:00,101,donchian_trend_breakout,1.0.0,42.57425742574257,3.0048863477145193,3.0048863477145193,0.7248519033073038,0,300.4886347714447,0,101,,,,,,,,,,,,,,,,,1.0720471734698633,0.38131051597638116,2.9751349977370753,9.171510113032426,506.322519563064,103.98161146954135,-71.90897686929021,,4.622301406529262,,303.79399945758297,50.6323332429305,,,860.7488522635775,,,,,,,,,not_modelled_synthetic,,,1.4460171177035368,8.522265863995818,96.66763177382866,-70.43265355094414,-107.49287565600707,-104.44645073459542,-50.642820497124326,144.90225391694833,198.23992746022137,400.1803772663014,1065.7477935537886,1742.074117006783,133.176543455856,354.67158162717527,579.7470903789177,98.54818496536458,201.94044980608,,2.9751349977370762,,1.0720471734698636,donchian,eth_short_regime_challenge_v1_donchian,20261007T203717Z-2caf5e37e706,4296871db9224de59bb7fba12d3e950b,43,58,0,300.4886347714446,-50.642820497124326,DESCRIPTIVE_SAMPLE,,human_review_required
b5bd78a75b1c644c,,ETHUSDT,1h,SHORT_ONLY,"{""atr_length"": 14, ""atr_stop_multiplier"": 2.0, ""breakout_length"": 50, ""exit_length"": 10, ""exit_method"": ""risk"", ""fast_length"": 50, ""reward_risk"": 2.0, ""slope_lookback"": 5, ""trend_filter"": ""ema_slope"", ""trend_length"": 200}",wf_3_test,base,2025-04-01T00:00:00+00:00,2025-07-01T00:00:00+00:00,14,donchian_trend_breakout,1.0.0,35.714285714285715,1.1184598811849744,4.5622372789556165,1.3829152650224306,0,111.84598811849358,0,14,,,,,,,,,,,,,,,,,1.1874348677546729,0.6378539391895657,7.98899915132097,4.901605430668001,33.972557147719925,141.71304165690717,-66.3021355740047,,5.086493936091233,,20.383552096564337,3.3972586827607234,,,57.753367927044984,,,,,,,,,not_modelled_synthetic,,,2.137382761958411,4.1252405662174985,134.38982049279576,-64.21881770877073,-102.26000042815834,-97.5628768043434,-44.506652311781664,169.0587680094326,178.28080869695614,180.58631886883705,180.58631886883705,343.4379441078211,161.45980907023463,161.45980907023463,307.06326609048403,-68.74033075034347,180.58631886883705,,7.98899915132097,,1.1874348677546727,donchian,eth_short_regime_challenge_v1_donchian,20261007T203717Z-2caf5e37e706,f11418486e224a168fbebc860d6b25bd,5,9,0,111.84598811849358,-44.506652311781664,INSUFFICIENT_SAMPLE,INSUFFICIENT_SAMPLE,human_review_required
b5bd78a75b1c644c,,ETHUSDT,1h,SHORT_ONLY,"{""atr_length"": 14, ""atr_stop_multiplier"": 2.0, ""breakout_length"": 50, ""exit_length"": 10, ""exit_method"": ""risk"", ""fast_length"": 50, ""reward_risk"": 2.0, ""slope_lookback"": 5, ""trend_filter"": ""ema_slope"", ""trend_length"": 200}",wf_3_test,adverse,2025-04-01T00:00:00+00:00,2025-07-01T00:00:00+00:00,14,donchian_trend_breakout,1.0.0,35.714285714285715,0.6786390656990715,2.7499510370567526,0.8403473484749856,0,67.86390656990638,0,14,,,,,,,,,,,,,,,,,1.1089137484359612,0.40383295635629973,4.847421897850455,5.213395410637745,67.73866746377035,138.19232208721766,-69.23307820735356,,5.086101201575504,,40.64327734654921,6.773879557758202,,,115.15582436807777,,,,,,,,,not_modelled_synthetic,,,1.9960447471847298,8.225416026291269,130.5944860167995,-67.51276785679312,-102.61133980223599,-99.58357769158029,-47.873306887737385,165.73568570406283,175.0222305852484,177.3438668055448,177.3438668055448,336.8289934549635,261.3228087936015,261.3228087936015,496.33009721890545,-109.47996023563842,177.3438668055448,,4.847421897850455,,1.1089137484359612,donchian,eth_short_regime_challenge_v1_donchian,20261007T203717Z-2caf5e37e706,18e798b21b714c0eae278766ab993916,5,9,0,67.86390656990638,-47.873306887737385,INSUFFICIENT_SAMPLE,INSUFFICIENT_SAMPLE,human_review_required
