family,experiment_id,run_id,backtest_id,configuration_id,symbol,timeframe,mode,period,scenario,winners,losers,breakeven_trades,closed_trades,win_rate_pct,average_win,average_loss,median_net_pnl,payoff_ratio,average_cost_per_trade,median_winner,median_loser,pnl_p01,pnl_p05,pnl_p50,pnl_p95,pnl_p99,top_1pct_net_pnl,top_5pct_net_pnl,top_10pct_net_pnl,top_1pct_net_share_pct,top_5pct_net_share_pct,top_10pct_net_share_pct,net_pnl_without_best,single_best_net_pnl,long_expectancy,short_expectancy,long_profit_factor,short_profit_factor
atr,eth_short_regime_challenge_v1_atr,20261007T203617Z-52e2dc923989,b7e8247ec6d74a51aee45ead5f91cfce,cf431489718e192b,ETHUSDT,1h,SHORT_ONLY,train,base,32,62,0,94,34.04255319148936,72.66193390715821,-46.682368584791554,-32.53455887550461,1.5565177198577373,4.036776159755688,60.41606367817726,-44.045099802470844,-96.34131871063155,-80.3970061584574,-32.53455887550461,107.24450564750909,164.63071711757297,171.76394084445036,745.8745392477858,1206.8814158241562,,,,-740.8889080724639,171.76394084445036,,-6.054520927957592,,0.8033639844427031
atr,eth_short_regime_challenge_v1_atr,20261007T203617Z-52e2dc923989,be5fea572aae49d3a07a704b775e73de,cf431489718e192b,ETHUSDT,1h,SHORT_ONLY,train,adverse,32,61,0,93,34.40860215053763,68.13381546164865,-48.55694907860515,-35.24466594834227,1.4031733202873184,7.949407997673701,56.39605656573213,-46.41027565046634,-94.0962598942723,-79.27976661614515,-35.24466594834227,101.83255028614877,157.40800442347162,160.1347186225358,708.5026889439532,1145.0608568551722,,,,-941.826517644693,160.1347186225358,,-8.405288161528572,,0.7360909221179377
atr,eth_short_regime_challenge_v1_atr,20261007T203617Z-52e2dc923989,7af0a45591244d29a43c233a4eabee16,b189830689073f8b,ETHUSDT,1h,SHORT_ONLY,train,base,31,51,0,82,37.80487804878049,79.21549811747411,-47.80605337078886,-30.26643813700685,1.657018150046193,4.149828129748819,62.82611171360626,-43.56829122114676,-99.65245845440035,-77.15381398781705,-30.26643813700685,116.66136166687394,175.38787144357624,179.5212407692365,787.1696873291493,1217.430401865571,1021.6486690700204,4479.753258979828,6928.35089832156,-161.9495210377705,179.5212407692365,,0.21428926501787768,,1.0072071108123917
atr,eth_short_regime_challenge_v1_atr,20261007T203617Z-52e2dc923989,c866a6df27c4463a8d66364a8f1d67d0,b189830689073f8b,ETHUSDT,1h,SHORT_ONLY,train,adverse,31,50,0,81,38.27160493827161,74.66410266718239,-49.71865517759801,-32.749081078624876,1.5017321446140837,8.18641722386464,58.628746633560546,-45.12134966444298,-98.64537472504293,-76.70167303813662,-32.749081078624876,111.01740178272532,167.79570534542742,167.996375847019,750.7250416639539,1160.759040303543,,,,-339.34195204426544,167.996375847019,,-2.1153774839166224,,0.9310739296607321
atr,eth_short_regime_challenge_v1_atr,20261007T203617Z-52e2dc923989,aa5334eb9e37486da6e26afeb06d2f71,817d1c5f49c84d4e,ETHUSDT,1h,SHORT_ONLY,train,base,27,41,0,68,39.705882352941174,81.82656002273588,-47.45419232220733,-27.093208199950265,1.7243273147953917,4.177715219795274,64.77569099583029,-41.34325549367203,-100.8566686623718,-78.28444849742407,-27.093208199950265,141.5195712208837,178.01063908003394,181.46669543098392,677.7068488011648,1026.1484815230394,68.81682755981497,257.0038278334812,389.1418363905459,82.22853997238411,181.46669543098392,,3.8778711088730593,,1.135532621938429
atr,eth_short_regime_challenge_v1_atr,20261007T203617Z-52e2dc923989,ebeee4bdb9004415b5cd15a7d5c32b06,817d1c5f49c84d4e,ETHUSDT,1h,SHORT_ONLY,train,adverse,27,41,0,68,39.705882352941174,77.22278826670296,-50.075454201346176,-30.000267554291007,1.54212856375104,8.249839390665818,60.17860394977916,-44.177914380644125,-100.62771571051874,-80.25410349620778,-30.000267554291007,136.00222216810442,170.16404024243676,170.3343177150654,648.6106034412361,981.8131625053925,533.6010491570223,2031.8823777459015,3075.6957295324573,-138.41265676927867,170.3343177150654,,0.4694361903792172,,1.015548078567758
atr,eth_short_regime_challenge_v1_atr,20261007T203617Z-52e2dc923989,fd1637e50e1f4b38b272eaf2dc5a5cb4,143528a8db38d8af,ETHUSDT,1h,SHORT_ONLY,train,base,24,48,0,72,33.333333333333336,74.69569180614587,-48.59889443910552,-32.81374979804738,1.5369833546263008,4.056257777325048,59.765547753737756,-43.65800702156929,-96.41259934481285,-87.46027060686109,-32.81374979804738,113.09966665648025,165.84327826631073,173.72695212209652,613.6662733067257,999.1655237946762,,,,-713.7772818516605,173.72695212209652,,-7.5006990240217215,,0.7684916773131504
atr,eth_short_regime_challenge_v1_atr,20261007T203617Z-52e2dc923989,d5046f27b25f4db18f4d4d63c29fc310,143528a8db38d8af,ETHUSDT,1h,SHORT_ONLY,train,adverse,24,48,0,72,33.333333333333336,70.25048988263045,-51.03564287052242,-35.72156292346054,1.3764985788629358,8.004277904713172,56.286223270075155,-46.39213964071804,-94.91499152655034,-88.62063598686605,-35.72156292346054,107.76895718400874,158.41811045457476,162.73272971214237,585.3601840520228,951.1195912784864,,,,-926.431830314088,162.73272971214237,,-10.606931952804802,,0.688249289431468
atr,eth_short_regime_challenge_v1_atr,20261007T203617Z-52e2dc923989,9fd6193418ec463c8ac4c9e26b8dcdd3,49c4a234fbe24bab,ETHUSDT,1h,SHORT_ONLY,train,base,23,42,0,65,35.38461538461539,75.44306444904882,-50.62071029427183,-31.21323661793723,1.4903596573512685,4.103973055710958,57.72300858609498,-46.61821145524033,-99.02221028138716,-89.88611108758278,-31.21323661793723,113.47228960781071,172.72631862911783,180.09304158704276,622.9785062461846,922.4771770472582,,,,-570.9723916183373,180.09304158704276,,-6.013528462019916,,0.8161493361685519
atr,eth_short_regime_challenge_v1_atr,20261007T203617Z-52e2dc923989,2d28a410843b4f3483fd4e3da684da38,49c4a234fbe24bab,ETHUSDT,1h,SHORT_ONLY,train,adverse,23,42,0,65,35.38461538461539,71.05753531839662,-53.09691000354513,-34.32878645906637,1.338261215457779,8.10620183137334,54.105164704578584,-49.41437063664873,-97.72361744994565,-91.56805255933118,-34.32878645906637,108.74878344581077,165.0592911204332,169.10070185426264,595.8042087261721,880.3757821431498,,,,-764.8476096800362,169.10070185426264,,-9.16533704347344,,0.732857332274498
atr,eth_short_regime_challenge_v1_atr,20261007T203617Z-52e2dc923989,2278be821b54488690bb4e75b4bc3a01,cfd1f51b4fb4e68c,ETHUSDT,1h,SHORT_ONLY,train,base,20,32,0,52,38.46153846153846,76.08191891095265,-50.26337822777101,-30.721235588307955,1.513665049853665,4.1791814073720275,56.2857703113723,-44.8478690562645,-101.28095149907921,-84.30556224585499,-30.721235588307955,138.5809070749785,179.30598549300697,184.42831491294075,523.1543031096397,823.9751987417762,,,,-271.21803998255984,184.42831491294075,,-1.669033174415753,,0.946040656158541
atr,eth_short_regime_challenge_v1_atr,20261007T203617Z-52e2dc923989,6a4808833c7046f2a41e08861dc2e9ff,cfd1f51b4fb4e68c,ETHUSDT,1h,SHORT_ONLY,train,adverse,20,32,0,52,38.46153846153846,71.77657895657146,-52.94215108491845,-33.98897072145717,1.3557548661262901,8.272272903774454,52.709246699786306,-47.77564074982368,-100.2931341531949,-86.5502247205454,-33.98897072145717,133.60571632771098,171.13963728916633,173.5847361302354,501.14671323900086,788.3941677335317,,,,-432.2019917161969,173.5847361302354,,-4.973408761268492,,0.8473467913289314
atr,eth_short_regime_challenge_v1_atr,20261007T203617Z-52e2dc923989,332f12a952da45628517692799de225a,cf431489718e192b,ETHUSDT,1h,SHORT_ONLY,validation,base,19,32,0,51,37.254901960784316,113.21847268928889,-68.28918253760342,-50.72403785451224,1.6579268997244938,4.1611898008437995,105.98928627117617,-62.07986353933918,-104.02871995079363,-102.03922518458957,-50.72403785451224,135.7410481255646,193.204627169383,196.25989649004705,527.4702095086586,914.0417164757934,,,,-230.36275659686743,196.25989649004705,,-0.6686835315062856,,0.9843940967114183
atr,eth_short_regime_challenge_v1_atr,20261007T203617Z-52e2dc923989,cdfa91e794f0443d815f7c89edca5209,cf431489718e192b,ETHUSDT,1h,SHORT_ONLY,validation,adverse,19,32,0,51,37.254901960784316,108.71277246926492,-70.64306395697454,-53.31697362794413,1.5389022839592135,8.230962095890478,102.15261512207098,-64.88095566698001,-103.2321940362813,-101.57833518867504,-53.31697362794413,131.4478656112999,184.52007056899913,187.90659240794042,506.38931302549037,878.9945311698241,,,,-382.94196211509234,187.90659240794042,,-3.8242229354343507,,0.913723231100783
atr,eth_short_regime_challenge_v1_atr,20261007T203617Z-52e2dc923989,be31d88eb23041e491616d35095cdf44,b189830689073f8b,ETHUSDT,1h,SHORT_ONLY,validation,base,15,26,0,41,36.58536585365854,115.88698878669528,-67.65716412782223,-48.16589979742558,1.712856136975446,4.18954693418142,105.59482722310368,-61.66272363882641,-103.88340395748398,-102.47857323604136,-48.16589979742558,141.81237567854748,193.41530504463702,197.30551254630325,526.6978820169884,794.1053919638101,,,,-218.086948069252,197.30551254630325,,-0.5068642810475317,,0.9881862328704495
atr,eth_short_regime_challenge_v1_atr,20261007T203617Z-52e2dc923989,25a5084d295749cca501a161b3b1a9b8,b189830689073f8b,ETHUSDT,1h,SHORT_ONLY,validation,adverse,15,26,0,41,36.58536585365854,111.43305661653956,-70.10507138737941,-51.4139921636169,1.5895149154159502,8.294871160150546,102.15261512207098,-64.35747816425398,-103.37181337783376,-101.24287934594827,-51.4139921636169,138.12815357718006,185.0317940883715,188.97234498049392,506.2214663078618,764.3313399106538,,,,-340.208351804265,188.97234498049392,,-3.6886830932627133,,0.9170278358168945
atr,eth_short_regime_challenge_v1_atr,20261007T203617Z-52e2dc923989,a343e1709f79436d978778d3b8ea8b1d,817d1c5f49c84d4e,ETHUSDT,1h,SHORT_ONLY,validation,base,12,22,0,34,35.294117647058826,121.33238738458203,-65.15414832338955,-49.92048271876166,1.862235797824483,4.215138961037217,110.90352654140744,-59.41950179591572,-105.04134727465984,-97.58606951145603,-49.92048271876166,158.72494908117406,195.56171092002154,200.01924638805178,386.5308095396482,656.7700792691767,885.1433117534172,1710.511198441807,2906.398526754971,-177.4218608876377,200.01924638805178,,0.6646289853062965,,1.015764980631536
atr,eth_short_regime_challenge_v1_atr,20261007T203617Z-52e2dc923989,a3e283a740fe47e5adc47ecf802fd22a,817d1c5f49c84d4e,ETHUSDT,1h,SHORT_ONLY,validation,adverse,12,22,0,34,35.294117647058826,116.8434484033292,-67.9103394560169,-52.99953543366979,1.7205546215684069,8.361477867097197,107.2383332670603,-62.45847757643813,-104.58105935703293,-99.6109704353969,-52.99953543366979,153.45781456690705,187.22467417072554,191.57217946645434,369.97010046100314,632.0691576516033,,,,-283.47826665887567,191.57217946645434,,-2.7031202115418047,,0.9384843390373128
atr,eth_short_regime_challenge_v1_atr,20261007T203617Z-52e2dc923989,1ae5e874249e43f59f880d9ed80a2931,143528a8db38d8af,ETHUSDT,1h,SHORT_ONLY,validation,base,12,23,0,35,34.285714285714285,119.70231851144304,-70.29429111922109,-51.907246161424226,1.7028739689319083,4.029354981345275,121.73282373071285,-67.81807401732291,-101.33653066909301,-100.64930536813183,-51.907246161424226,153.9473616577176,189.07563250686923,191.28971680669974,376.0674209668392,644.9890520652373,,,,-371.63059041146863,191.28971680669974,,-5.15259638870768,,0.888455983790561
atr,eth_short_regime_challenge_v1_atr,20261007T203617Z-52e2dc923989,29a3aa6a29fa4b2b8469b2e00e02029c,143528a8db38d8af,ETHUSDT,1h,SHORT_ONLY,validation,adverse,12,23,0,35,34.285714285714285,115.25314985691699,-72.60299855819638,-54.79272524789476,1.5874433858889938,7.981043980364547,118.1390071854847,-71.10826765492791,-100.91301281838093,-100.04790557283728,-54.79272524789476,148.4764367445124,181.1643264464265,183.3902474898244,360.23366838141965,620.8601475085233,,,,-470.2214160453371,183.3902474898244,,-8.19517624444322,,0.8282313317681708
atr,eth_short_regime_challenge_v1_atr,20261007T203617Z-52e2dc923989,d1aee8ab517e4e71afaeee73df0b5d48,49c4a234fbe24bab,ETHUSDT,1h,SHORT_ONLY,validation,base,9,20,0,29,31.03448275862069,123.32753550335529,-67.78348522007155,-50.677305980097735,1.8194333782476626,4.043447309443363,126.23993305064192,-65.92441112136248,-100.24993937661912,-99.9163830809645,-50.677305980097735,165.00098689328416,187.1322921001465,188.976232891964,371.36696295600836,510.2833350931525,,,,-434.69811776319744,188.976232891964,,-8.473168443835638,,0.8187450202114481
atr,eth_short_regime_challenge_v1_atr,20261007T203617Z-52e2dc923989,218114ea6a7649b79899f725f62b14e2,49c4a234fbe24bab,ETHUSDT,1h,SHORT_ONLY,validation,adverse,9,20,0,29,31.03448275862069,118.73898496821198,-70.32326278996378,-53.54660904585351,1.6884737746434297,8.017990597761314,122.49825285264062,-69.25498302458493,-100.0366254437973,-99.4863166469102,-53.54660904585351,158.7291325092691,179.41543514717281,181.23107936810743,355.97771509001984,490.6805927803243,,,,-519.0454704534752,181.23107936810743,,-11.648772106391986,,0.7598131985895433
atr,eth_short_regime_challenge_v1_atr,20261007T203617Z-52e2dc923989,8f92f179804d405890e4ba8cdb059276,cfd1f51b4fb4e68c,ETHUSDT,1h,SHORT_ONLY,validation,base,6,15,0,21,28.571428571428573,126.54816588913808,-64.37705906638242,-51.82399331285376,1.965733876700517,4.080570163619318,115.77926680020383,-61.0419048799839,-100.3250325989127,-93.74400972345727,-51.82399331285376,181.29536419727094,189.94403056373744,192.10619715535407,373.401561352625,501.589075313515,,,,-398.4730878162618,192.10619715535407,,-9.826994793376562,,0.7862935506802068
atr,eth_short_regime_challenge_v1_atr,20261007T203617Z-52e2dc923989,404b943cdeed4edfb30b8c56384097ce,cfd1f51b4fb4e68c,ETHUSDT,1h,SHORT_ONLY,validation,adverse,6,15,0,21,28.571428571428573,121.70676469781007,-67.30657482174914,-54.83285867648286,1.8082448114486773,8.111762832434728,112.2671602597496,-63.94655569036858,-100.84008427143304,-97.17115093154177,-54.83285867648286,174.04577450131382,182.24583169007667,184.29584598726737,358.34162048858116,482.8561147945882,,,,-463.6538801266439,184.29584598726737,,-13.302763530446502,,0.7232979245794711
atr,eth_short_regime_challenge_v1_atr,20261007T203617Z-52e2dc923989,bbf8e77d319f423db9cc3b88c3f2a7eb,cf431489718e192b,ETHUSDT,1h,SHORT_ONLY,test,base,34,56,0,90,37.77777777777778,121.01440355070093,-66.24282684140944,-47.9119189674781,1.8268303048180443,4.349631155224526,106.96229280528048,-63.204235212226656,-108.61119352160696,-104.2880903554748,-47.9119189674781,183.916980937734,195.90904916988768,204.46041890794427,971.6032497348631,1667.9963475591069,50.49759269223588,239.96637307905613,411.9613987932809,200.43099869695973,204.46041890794427,,4.4987935289433745,,1.1091469707823842
atr,eth_short_regime_challenge_v1_atr,20261007T203617Z-52e2dc923989,7305322853484913bced003b0eb2cb1c,cf431489718e192b,ETHUSDT,1h,SHORT_ONLY,test,adverse,34,56,0,90,37.77777777777778,115.81039807091875,-68.42622169460275,-50.594142862358595,1.6924856466253422,8.55133112893965,102.26738022254546,-66.32626429629151,-107.33294470640655,-103.28349510241918,-50.594142862358595,177.40897509038663,189.9408012736946,194.45248271196505,931.9522726278435,1606.4908534952942,183.99230053116034,881.8197650890113,1520.0728928449864,-88.76736319848126,194.45248271196505,,1.1742791057053767,,1.0275805711653863
atr,eth_short_regime_challenge_v1_atr,20261007T203617Z-52e2dc923989,15e46c8857a942aaa01be0617050ff31,b189830689073f8b,ETHUSDT,1h,SHORT_ONLY,test,base,29,47,0,76,38.1578947368421,117.95628652918762,-65.34233901874943,-46.64538332749703,1.8052045320162335,4.357669669094918,105.68120692352976,-63.58368819204799,-108.3276559381684,-104.8730911891796,-46.64538332749703,178.2831355584682,194.9738231607419,197.9693191143594,768.5293963872381,1431.2477579090676,56.620516563803314,219.80442026361004,409.34619438067637,151.67305635085904,197.9693191143594,,4.600557571910768,,1.1138496048610802
atr,eth_short_regime_challenge_v1_atr,20261007T203617Z-52e2dc923989,d734fc9db5594d259cc581aea4c056d7,b189830689073f8b,ETHUSDT,1h,SHORT_ONLY,test,adverse,29,47,0,76,38.1578947368421,112.98834388273971,-67.65382239607365,-49.56192301014365,1.6700954932192724,8.584688710672749,101.82504533766637,-66.87175227641599,-106.96133993141098,-103.99379530696352,-49.56192301014365,172.18952900011573,187.47404013785317,188.96774366558134,737.1629229053068,1380.491563424705,194.94812844342684,760.4923961657634,1424.1808755353463,-92.03542368159185,188.96774366558134,,1.27542526294723,,1.0304844532629553
atr,eth_short_regime_challenge_v1_atr,20261007T203617Z-52e2dc923989,484984db313341259be2281460afdfe3,817d1c5f49c84d4e,ETHUSDT,1h,SHORT_ONLY,test,base,25,34,0,59,42.3728813559322,114.33162139681617,-65.49805298691669,-42.446857651321565,1.7455728251899953,4.505014829487039,102.5864660782824,-64.43121447772782,-109.43423306797827,-92.53755873114712,-42.446857651321565,164.95604139870287,188.17044748646333,196.89401510691982,555.2318622565565,1025.706738635035,31.185858121357462,87.94265316488796,162.46072694399678,434.46271825831684,196.89401510691982,,10.700961582461634,,1.2835094302867611
atr,eth_short_regime_challenge_v1_atr,20261007T203617Z-52e2dc923989,626fe837f5594561a7247a7105b651ce,817d1c5f49c84d4e,ETHUSDT,1h,SHORT_ONLY,test,adverse,25,34,0,59,42.3728813559322,109.86703225103844,-68.12160497396286,-45.43651234072852,1.6128074535682377,8.905233490703038,99.0327067274689,-67.61440902992737,-108.20487136223414,-94.86356608768396,-45.43651234072852,160.20407348183093,181.88504484379823,189.20887442650186,538.3787796484659,993.9890795798824,43.94674844018463,125.04697185297955,230.86965748827095,241.33236273472224,189.20887442650186,,7.297309104427526,,1.1858878335060572
atr,eth_short_regime_challenge_v1_atr,20261007T203617Z-52e2dc923989,cc71080d6cca48b9a23c5c0d2ca714bb,143528a8db38d8af,ETHUSDT,1h,SHORT_ONLY,test,base,27,42,0,69,39.130434782608695,126.38364382992137,-67.05091219727254,-47.83252434469573,1.8848907447833698,4.396533613035052,121.64225221870062,-65.5158793430223,-110.33020060702287,-99.25129282006607,-47.83252434469573,195.0935849603142,207.17674577567468,207.77566561611908,814.8328670331638,1344.927699653944,34.848821044378035,136.66646033891118,225.57571688621863,388.4444055063109,207.77566561611908,,8.640870595977246,,1.211715478789309
atr,eth_short_regime_challenge_v1_atr,20261007T203617Z-52e2dc923989,b69ef36ce72949d9ba103d59ef5689a3,143528a8db38d8af,ETHUSDT,1h,SHORT_ONLY,test,adverse,27,42,0,69,39.130434782608695,120.87565261849316,-69.48080487221965,-50.96618714914847,1.7396985086858514,8.659152107332977,117.96194864533044,-68.51817184774015,-109.0248107986865,-99.993142265108,-50.96618714914847,186.96887175306102,194.9323174290697,197.38273736078344,772.0202199604396,1285.6239017776152,57.13805582214551,223.4832438426244,372.1604596646391,148.06607870530684,197.38273736078344,,5.0065045806679755,,1.1183776127266187
atr,eth_short_regime_challenge_v1_atr,20261007T203617Z-52e2dc923989,4c93ca22f10b4c8da5d416d45677a152,49c4a234fbe24bab,ETHUSDT,1h,SHORT_ONLY,test,base,20,33,0,53,37.735849056603776,124.00563941335194,-64.98776331868038,-46.700136760960866,1.9081382875921686,4.371011715988646,114.11177849375761,-63.80914461138909,-107.770519617794,-104.90072170981384,-46.700136760960866,176.34966731008433,197.0429889751007,199.34706719695473,577.1119208831183,1069.1913725781799,59.4149642489503,172.00696568581026,318.6701869772433,136.16953155363134,199.34706719695473,,6.3305018632186085,,1.156447447025557
atr,eth_short_regime_challenge_v1_atr,20261007T203617Z-52e2dc923989,6abb7ab5764a4ba2ad55ec468e52021f,49c4a234fbe24bab,ETHUSDT,1h,SHORT_ONLY,test,adverse,20,33,0,53,37.735849056603776,119.30722466150276,-67.51768041409886,-49.78033924978757,1.7670515919647818,8.638100078795166,110.2793722109275,-66.88630793226471,-106.67458710832548,-104.23152824887926,-49.78033924978757,171.61876795203816,188.05895743769165,188.78671325222263,552.8984607608868,1032.4058443308154,119.43911907199248,349.80059746743564,653.1690840282026,-30.72567368742932,188.78671325222263,,2.9822837653734546,,1.0709403587665345
atr,eth_short_regime_challenge_v1_atr,20261007T203617Z-52e2dc923989,6f094f5c0d9a418ea56af162fb38b5c5,cfd1f51b4fb4e68c,ETHUSDT,1h,SHORT_ONLY,test,base,18,23,0,41,43.90243902439025,115.3805051362123,-63.42355175388196,-45.12149123070082,1.8192059880839175,4.475699348460349,104.77044194390271,-61.08990675407014,-107.52036164917286,-82.8951422062984,-45.12149123070082,175.14453635454964,189.27177808781894,198.50797501135446,549.0699940684196,870.0861482831623,32.11545021672672,88.83083946120624,140.76617515166876,419.59942710118185,198.50797501135446,,15.075790295427717,,1.4237264254569788
atr,eth_short_regime_challenge_v1_atr,20261007T203617Z-52e2dc923989,97d0c86695e84d5e8ad9ef57a472402e,cfd1f51b4fb4e68c,ETHUSDT,1h,SHORT_ONLY,test,adverse,18,23,0,41,43.90243902439025,111.22449652529026,-66.29444463892604,-48.273810207057075,1.6777347955937578,8.874094554522358,100.71815095540103,-64.38506662040635,-106.97234553219083,-86.32206541934019,-48.273810207057075,171.14099959573682,183.4913817808681,191.34069336822236,534.1991073637957,846.96385106247,40.09076837732818,111.92837395797912,177.46058603211193,285.92801739170375,191.34069336822236,,11.640700262437221,,1.3130098400298975
atr,eth_short_regime_challenge_v1_atr,20261007T203617Z-52e2dc923989,2945c8d04dbf437dbaf93d1ca6633d41,cf431489718e192b,ETHUSDT,1h,SHORT_ONLY,diagnostic_year_2023,base,17,36,0,53,32.075471698113205,47.124204419550196,-38.93358652917845,-30.80091074427609,1.2103740913833707,4.125166458202254,50.129975921421426,-36.15016801148806,-80.86387387928039,-53.55664996943819,-30.80091074427609,59.87024300318658,66.46702131229927,68.49207074447476,194.8004785431737,363.72298048957595,,,,-668.9897106625457,68.49207074447476,,-11.330144149397563,,0.5715655431532582
atr,eth_short_regime_challenge_v1_atr,20261007T203617Z-52e2dc923989,cae1beebac2448129d8687f1af121e36,cf431489718e192b,ETHUSDT,1h,SHORT_ONLY,diagnostic_year_2023,adverse,17,36,0,53,32.075471698113205,43.51947608088837,-41.78018305053813,-33.89862683400497,1.0416296172816273,8.172331488388807,46.396881547356216,-39.24539156305721,-82.20354995999558,-56.14688016032338,-33.89862683400497,56.207612593230216,62.69341148785506,65.11057184576046,183.94470543766587,341.63167078290263,,,,-829.3660682900311,65.11057184576046,,-14.419915027250385,,0.4918806526052129
atr,eth_short_regime_challenge_v1_atr,20261007T203617Z-52e2dc923989,0221625dc3c240498b5e310e1440f87c,b189830689073f8b,ETHUSDT,1h,SHORT_ONLY,diagnostic_year_2023,base,16,31,0,47,34.04255319148936,48.09512896483181,-39.24877498553847,-29.600335113312017,1.225391849364798,4.1555842009235215,51.106989709509676,-36.35700020548487,-83.26469186943241,-51.99459779329847,-29.600335113312017,61.04946818102948,67.02143078694007,68.49207074447476,195.49776098833547,312.53465937763576,,,,-515.6820318588584,68.49207074447476,,-9.514680023710293,,0.6324603093495731
atr,eth_short_regime_challenge_v1_atr,20261007T203617Z-52e2dc923989,3fbc6b8564f34913b0767630fa9354dc,b189830689073f8b,ETHUSDT,1h,SHORT_ONLY,diagnostic_year_2023,adverse,16,31,0,47,34.04255319148936,44.50199121041785,-42.14505237599437,-32.749081078624876,1.055924449052672,8.240016260065326,47.396999567318616,-39.56993446916101,-84.38731275213485,-54.77223104642045,-32.749081078624876,57.55439153819158,63.320255062497935,65.11057184576046,184.70109773423766,294.1994885225942,,,,-659.5753361349005,65.11057184576046,,-12.648186474237018,,0.5449932640271854
atr,eth_short_regime_challenge_v1_atr,20261007T203617Z-52e2dc923989,cd131159242f40d1a18e0806402ed50c,817d1c5f49c84d4e,ETHUSDT,1h,SHORT_ONLY,diagnostic_year_2023,base,13,26,0,39,33.333333333333336,46.5817794457541,-38.720695807238755,-29.77512669144263,1.203020205981054,4.168727179753827,50.64769159998082,-36.425724657692015,-81.6445203910055,-52.04448072366732,-29.77512669144263,59.755485894945565,63.95444196103725,65.3296613945347,127.0403242798656,244.4474802508358,,,,-466.504619587939,65.3296613945347,,-10.286537389574468,,0.601510102990527
atr,eth_short_regime_challenge_v1_atr,20261007T203617Z-52e2dc923989,018121927544486fba759238c517bffc,817d1c5f49c84d4e,ETHUSDT,1h,SHORT_ONLY,diagnostic_year_2023,adverse,13,26,0,39,33.333333333333336,43.03945995393211,-41.658246739433494,-32.9871005462935,1.0331558172176067,8.27606855960156,47.03475198535438,-39.48874545540472,-82.43591191067006,-54.74221926445303,-32.9871005462935,56.06421728689893,60.24668830295451,61.395723264559734,119.7676703143689,229.85411992264764,,,,-584.9971590887134,61.395723264559734,,-13.425677841644964,,0.5165779086088033
atr,eth_short_regime_challenge_v1_atr,20261007T203617Z-52e2dc923989,1fde648d61084bd5983b886a41768a46,143528a8db38d8af,ETHUSDT,1h,SHORT_ONLY,diagnostic_year_2023,base,13,29,0,42,30.952380952380953,45.91201407304272,-41.77440571759704,-31.07284918387172,1.0990464923287406,4.146991625647989,47.03256580568151,-38.87250634272126,-88.02747901614282,-64.60268785389538,-31.07284918387172,57.342511034279106,68.09029166320697,72.32982403696624,191.86091954444177,297.6638747210551,,,,-686.9314068977252,72.32982403696624,,-14.63337102049426,,0.49267601380253895
atr,eth_short_regime_challenge_v1_atr,20261007T203617Z-52e2dc923989,24e3dc0706b74e5ca8b148fe94614b61,143528a8db38d8af,ETHUSDT,1h,SHORT_ONLY,diagnostic_year_2023,adverse,13,29,0,42,30.952380952380953,42.383637697598175,-44.65072558821088,-34.22860077200377,0.9492261802972519,8.229246967375163,43.35700232322945,-41.8383702490472,-88.61397034276499,-67.9342460080404,-34.22860077200377,53.71833002503496,64.36381316833317,68.33046161396692,180.9029081541172,279.53352797214217,,,,-812.2142136033062,68.33046161396692,,-17.711517904508078,,0.4255151842711818
atr,eth_short_regime_challenge_v1_atr,20261007T203617Z-52e2dc923989,bfaac31d14494267b28cf51c1340b76f,49c4a234fbe24bab,ETHUSDT,1h,SHORT_ONLY,diagnostic_year_2023,base,13,26,0,39,33.333333333333336,46.07114799861123,-41.59126981898737,-29.699517215579114,1.1077119837677736,4.162457709586725,47.41123109042911,-38.11712589157042,-89.24942449273173,-65.80225074513618,-29.699517215579114,58.149657844899366,68.76151532125222,72.91210463722499,134.90160581136382,246.3534237539064,,,,-555.3601959489506,72.91210463722499,,-12.370463879787838,,0.5538559918838868
atr,eth_short_regime_challenge_v1_atr,20261007T203617Z-52e2dc923989,80ff46e8f0a440119a730b7a6efc9e9c,49c4a234fbe24bab,ETHUSDT,1h,SHORT_ONLY,diagnostic_year_2023,adverse,13,26,0,39,33.333333333333336,42.54443947025238,-44.49995708189919,-32.90325585636907,0.9560557416258219,8.263475208334137,43.735891117933775,-41.266985811396836,-89.79055777123415,-69.08815884932997,-32.90325585636907,54.56021916487506,65.02427938642091,68.92759653153954,127.58330583908275,231.81159568590272,,,,-672.8487675476374,68.92759653153954,,-15.485158231181998,,0.478027870812911
atr,eth_short_regime_challenge_v1_atr,20261007T203617Z-52e2dc923989,95824efc8ed64a8ab75151ae1911d3e9,cfd1f51b4fb4e68c,ETHUSDT,1h,SHORT_ONLY,diagnostic_year_2023,base,12,21,0,33,36.36363636363637,47.08573621329947,-41.73354438137605,-29.998435825513752,1.1282467595614014,4.202455122203858,49.6685725558941,-39.3868370492932,-91.82140454495062,-61.075547764701014,-29.998435825513752,59.777555313982475,70.04341297861535,73.83348912189842,135.82299029603723,248.39453091878184,,,,-385.2090865712019,73.83348912189842,,-9.435624165130408,,0.6447124340350866
atr,eth_short_regime_challenge_v1_atr,20261007T203617Z-52e2dc923989,cb2d2f0992f44741b5354ec031baa78a,cfd1f51b4fb4e68c,ETHUSDT,1h,SHORT_ONLY,diagnostic_year_2023,adverse,12,21,0,33,36.36363636363637,43.56695664970269,-44.68100447652458,-33.25714642077119,0.9750666342470611,8.350015452241037,46.04711479632893,-42.46402976988264,-92.31609599219884,-63.96702722504267,-33.25714642077119,56.29607537103895,66.31349959452317,69.9171656119255,128.57287491946872,233.99136831904136,,,,-485.41477982250933,69.9171656119255,,-12.590836794260117,,0.5571809338554635
atr,eth_short_regime_challenge_v1_atr,20261007T203617Z-52e2dc923989,e2d4e2ca8be844988a7b14bb0b0146d3,cf431489718e192b,ETHUSDT,1h,SHORT_ONLY,diagnostic_year_2024,base,34,58,0,92,36.95652173913044,111.03637520795145,-65.46676984233818,-47.975463139011445,1.6960723047029398,4.169536216131232,103.22773342580946,-61.43616413846682,-104.03648682023035,-100.2556211528816,-47.975463139011445,159.2049644930361,190.93418647566332,196.5015707395885,908.7223758698424,1591.8582814928063,,,,-218.33746452485337,196.5015707395885,,-0.23734667157896666,,0.9942492820672408
atr,eth_short_regime_challenge_v1_atr,20261007T203617Z-52e2dc923989,e76874aa45ad4065a412385d0723def9,cf431489718e192b,ETHUSDT,1h,SHORT_ONLY,diagnostic_year_2024,adverse,34,57,0,91,37.362637362637365,106.38642554723755,-67.55083703322022,-50.41545668476018,1.5749090643379997,8.238163370426447,98.67106237500326,-63.96050503469271,-102.4163682256137,-99.97926567673554,-50.41545668476018,155.47115352197895,181.1020547949621,187.1740088431547,871.2400962055385,1530.0728616335539,,,,-420.43325113063065,187.1740088431547,,-2.56328837678545,,0.9394194418858243
atr,eth_short_regime_challenge_v1_atr,20261007T203617Z-52e2dc923989,1c7bf069089d45e48abebbb076aea9e5,b189830689073f8b,ETHUSDT,1h,SHORT_ONLY,diagnostic_year_2024,base,30,46,0,76,39.473684210526315,119.47137822842056,-68.29106585361022,-48.73841905156577,1.74944374838901,4.362222890972337,110.9585176761072,-64.5269727793878,-107.93370369631877,-105.9830552868965,-48.73841905156577,174.69675714042046,198.8374783026776,206.47044914285155,773.2720846020563,1399.7091261572461,46.63339771281761,174.65116587467705,316.13818167843687,236.28186844369495,206.47044914285155,,5.8256883892966655,,1.1409415750363106
atr,eth_short_regime_challenge_v1_atr,20261007T203617Z-52e2dc923989,67e5b38e46ad4355a1bab07d5ac81993,b189830689073f8b,ETHUSDT,1h,SHORT_ONLY,diagnostic_year_2024,adverse,30,45,0,75,40.0,114.90048300657331,-70.57607858925401,-51.04933681197906,1.6280372231401958,8.639476999388382,106.6942737284952,-66.66678487291605,-107.05582003285623,-105.24360313467766,-51.04933681197906,170.93756580094418,189.47311569543947,197.07565586570593,740.8396184601263,1349.4254149680892,72.69724540413037,273.2808337575602,497.77589279395323,74.01529781506292,197.07565586570593,,3.614546049076919,,1.0853581487601305
atr,eth_short_regime_challenge_v1_atr,20261007T203617Z-52e2dc923989,b06f0f7f5e4b4b1f9d8b889c1506aa74,817d1c5f49c84d4e,ETHUSDT,1h,SHORT_ONLY,diagnostic_year_2024,base,26,37,0,63,41.26984126984127,124.01349943126525,-68.37930126500491,-47.97671652469897,1.8136116798071573,4.436845281168872,116.1245333130988,-65.7726940559287,-111.02246177927363,-102.52620128609995,-47.97671652469897,182.61909737652897,204.48854151040172,213.424668697816,785.1640087551091,1271.8649488940391,30.73880062987752,113.08439682317605,183.18221286564562,480.8921697098978,213.424668697816,,11.020902196947842,,1.2744298290536782
atr,eth_short_regime_challenge_v1_atr,20261007T203617Z-52e2dc923989,36145e36b44740be9858d98df5f5a270,817d1c5f49c84d4e,ETHUSDT,1h,SHORT_ONLY,diagnostic_year_2024,adverse,26,37,0,63,41.26984126984127,118.88916172773591,-70.90059212631425,-51.04933681197906,1.6768430017612084,8.758266959750058,111.5609631070916,-68.19700244577456,-109.38024158187051,-105.53788552709285,-51.04933681197906,178.4123956163886,193.76464826793253,202.39398444782228,750.0933478342438,1223.2570069742806,43.26540976731836,160.34614934988204,261.49352117295655,265.4023117996844,202.39398444782228,,7.425338035674708,,1.1783221093457144
atr,eth_short_regime_challenge_v1_atr,20261007T203617Z-52e2dc923989,add3cfd88fbd46539e918c186776fdb3,143528a8db38d8af,ETHUSDT,1h,SHORT_ONLY,diagnostic_year_2024,base,23,42,0,65,35.38461538461539,118.2151217359586,-67.66836346955094,-46.46297728239531,1.7469776964408545,4.114819073990378,110.95236856625237,-66.37517236622705,-101.77246893211775,-101.02208226874657,-46.46297728239531,171.2767664957453,188.2123703215627,192.40441777050546,736.6347072603213,1173.6653346480505,,,,-315.52788356459735,192.40441777050546,,-1.894207166062951,,0.9566782623366586
atr,eth_short_regime_challenge_v1_atr,20261007T203617Z-52e2dc923989,31e32df069e44b23aa6feaf9e37df075,143528a8db38d8af,ETHUSDT,1h,SHORT_ONLY,diagnostic_year_2024,adverse,23,42,0,65,35.38461538461539,113.19736497634383,-69.77830312982557,-49.21416799181342,1.6222430167975739,8.1143049577953,106.84346274760362,-69.20210307980791,-100.89786960808499,-99.77257007615452,-49.21416799181342,167.23652853410354,178.45639099016034,182.6290303176704,703.7949188924481,1126.895132823598,,,,-509.7783673144367,182.6290303176704,,-5.033066723027173,,0.8883711758653381
atr,eth_short_regime_challenge_v1_atr,20261007T203617Z-52e2dc923989,155071431e044dbb8e1ec522925cb64d,49c4a234fbe24bab,ETHUSDT,1h,SHORT_ONLY,diagnostic_year_2024,base,19,36,0,55,34.54545454545455,121.69142657750126,-69.0192132527061,-51.05742360572659,1.7631529083349848,4.143148396765748,110.99919025469828,-68.49179361495433,-102.43727811033801,-100.91273764804292,-51.05742360572659,179.1172766903787,189.76113656174456,190.39382569242798,563.3747878772258,1047.3881458191354,,,,-362.9483978173231,190.39382569242798,,-3.1373558568162747,,0.9305529238434641
atr,eth_short_regime_challenge_v1_atr,20261007T203617Z-52e2dc923989,5bc8f9e8c1764b5a8aa46e862e35d438,49c4a234fbe24bab,ETHUSDT,1h,SHORT_ONLY,diagnostic_year_2024,adverse,19,36,0,55,34.54545454545455,116.74566330252033,-71.30710101465387,-53.48523165573279,1.6372235253054057,8.183076680243493,107.03281825079259,-71.15498930313458,-102.07750523642987,-100.02253967624317,-53.48523165573279,173.6381621987396,180.45421866790457,181.02336438584288,535.5392169097903,1006.3020553515375,,,,-529.9113981654962,181.02336438584288,,-6.3434187959936965,,0.8640901939111867
atr,eth_short_regime_challenge_v1_atr,20261007T203617Z-52e2dc923989,1380eca8ee864badb72ba84b470af24d,cfd1f51b4fb4e68c,ETHUSDT,1h,SHORT_ONLY,diagnostic_year_2024,base,14,26,0,40,35.0,125.90082162828212,-67.80770139995043,-51.90477760121103,1.8567333655167102,4.216903476396373,113.41280131277873,-66.89763653812564,-104.96548772831811,-100.42394409316205,-51.90477760121103,185.3707222705111,193.88804102445184,196.1465579050637,386.5020468854816,751.5994508563931,,,,-196.53529150782535,196.1465579050637,,-0.009718340069039932,,0.999779504508998
atr,eth_short_regime_challenge_v1_atr,20261007T203617Z-52e2dc923989,a7605db72f794646ad8e62a21aadbc33,cfd1f51b4fb4e68c,ETHUSDT,1h,SHORT_ONLY,diagnostic_year_2024,adverse,14,26,0,40,35.0,120.9281638479857,-70.50556423190119,-54.61674388263772,1.7151577349305165,8.353284990547808,109.68352153471595,-69.7518610995762,-104.44447725423692,-103.22480574546063,-54.61674388263772,176.76693945009072,184.663300148171,186.93523367662632,368.0449967674698,720.6908937364034,,,,-327.08560983425735,186.93523367662632,,-3.503759403940778,,0.9235464726548935
atr,eth_short_regime_challenge_v1_atr,20261007T203617Z-52e2dc923989,7a6b3c880e4c43089172d5e95dd71576,cf431489718e192b,ETHUSDT,1h,SHORT_ONLY,diagnostic_year_2025,base,34,46,0,80,42.5,135.47077374018718,-80.28025691017558,-56.07244108480595,1.6874730968009168,4.3197620091607725,128.1815711188894,-81.16787801456285,-110.22173395364959,-105.91169463832865,-56.07244108480595,197.71414372692826,203.89038678611618,204.42398813210076,811.752165151361,1547.4750110455043,22.38755276889725,88.89927546491771,169.4721778245696,708.6905011661868,204.42398813210076,,11.413931116228593,,1.2472627237224168
atr,eth_short_regime_challenge_v1_atr,20261007T203617Z-52e2dc923989,e6081827db824a939c7bda70cb9fa355,cf431489718e192b,ETHUSDT,1h,SHORT_ONLY,diagnostic_year_2025,adverse,34,46,0,80,42.5,130.0323656052051,-82.14094277995119,-58.49701677897951,1.583039604908738,8.496640295066474,124.25593885079522,-84.25011984821003,-108.94622272587385,-105.02707848300645,-58.49701677897951,187.94587450190198,195.84637313795102,196.37873669537728,775.8522368321871,1483.383622518116,30.55921607037905,120.73321451710827,230.83477059998717,446.23832600384094,196.37873669537728,,8.032713283740232,,1.1700727514542837
atr,eth_short_regime_challenge_v1_atr,20261007T203617Z-52e2dc923989,a849a96e6ccd46529de15010f000c61e,b189830689073f8b,ETHUSDT,1h,SHORT_ONLY,diagnostic_year_2025,base,29,38,0,67,43.28358208955224,136.5499606290313,-78.12001203512784,-44.56677416783681,1.7479510956504918,4.302658622774784,126.90424190647435,-82.35999063230966,-111.15928707581696,-104.87150742330616,-44.56677416783681,194.9409000657074,205.39692338652844,208.1687933428339,809.8712657233531,1348.6088507183865,20.99770313555963,81.69061338445951,136.03234105669446,783.2196075642153,208.1687933428339,,14.796841804582822,,1.3339626782595855
atr,eth_short_regime_challenge_v1_atr,20261007T203617Z-52e2dc923989,b9f7031d1b05433cbc29053fe278844a,b189830689073f8b,ETHUSDT,1h,SHORT_ONLY,diagnostic_year_2025,adverse,29,38,0,67,43.28358208955224,131.1057445274742,-80.15693362285272,-47.37260673525138,1.635613272637665,8.47341831296747,122.35940678882828,-84.99621404197427,-109.13721334334396,-104.06749593846948,-47.37260673525138,188.4375744581881,195.16110209756985,196.52819575201343,772.7044745313005,1291.7218326796474,25.992247910331194,102.19564773689221,170.83937486793303,559.5749178763348,196.52819575201343,,11.28512109893057,,1.2482311817497966
atr,eth_short_regime_challenge_v1_atr,20261007T203617Z-52e2dc923989,4db591f7d66a41009062ba802687899c,817d1c5f49c84d4e,ETHUSDT,1h,SHORT_ONLY,diagnostic_year_2025,base,25,28,0,53,47.16981132075472,130.8465289301502,-76.82082542627006,-40.03062337473382,1.7032689795260285,4.3023797032552755,124.90221009074678,-82.57466229695414,-109.92649910091913,-101.80121598950136,-40.03062337473382,187.03058075089422,195.28251600225275,199.78533855478804,581.0775739481498,1094.4104115116736,17.83510852729627,51.87358426354808,97.69950389708356,920.3947727634056,199.78533855478804,,21.13547379845648,,1.5207758745768114
atr,eth_short_regime_challenge_v1_atr,20261007T203617Z-52e2dc923989,5e6b6fcc1bf04c419fb034ab24ba3893,817d1c5f49c84d4e,ETHUSDT,1h,SHORT_ONLY,diagnostic_year_2025,adverse,25,28,0,53,47.16981132075472,125.85662322517096,-79.06576091506722,-43.21653062785977,1.5917967748437496,8.494475970510027,120.88126501509329,-85.70334093104255,-108.73344441646935,-101.42739156950037,-43.21653062785977,179.92299966804998,187.72916187716126,189.4254808295538,556.7219991478952,1054.3316191993915,20.312106596340787,59.697336080118895,113.05604791543645,743.1487941778385,189.4254808295538,,17.595741037875328,,1.421247120396205
atr,eth_short_regime_challenge_v1_atr,20261007T203617Z-52e2dc923989,c94f561765d64918963157e188edd88d,143528a8db38d8af,ETHUSDT,1h,SHORT_ONLY,diagnostic_year_2025,base,29,30,0,59,49.152542372881356,140.0671469431864,-87.87287770075264,-43.984104920092946,1.5939747349595075,4.349394345411913,140.19540844528112,-88.49384255674232,-113.14614830220127,-107.39974232173705,-43.984104920092946,200.76086139262674,214.37856511231493,220.64020938532173,634.5470966327582,1195.7407143447372,15.475259890469863,44.50585530394396,83.8668453390795,1205.1207209445056,220.64020938532173,,24.165439497115713,,1.5408422437941907
atr,eth_short_regime_challenge_v1_atr,20261007T203617Z-52e2dc923989,395bd98115be4b95979d2189b8cc0cb1,143528a8db38d8af,ETHUSDT,1h,SHORT_ONLY,diagnostic_year_2025,adverse,29,30,0,59,49.152542372881356,134.77342814753916,-89.77926031498329,-47.222611885219514,1.5011643855685324,8.577025691250919,136.92475764960116,-91.21257668137125,-111.72518066066426,-106.57559539708983,-47.222611885219514,193.50798875668733,202.34140592804977,206.66568008974934,600.8131019076573,1142.7108618449204,17.008798550464455,49.44753774496632,94.04628210212398,1008.3859267393876,206.66568008974934,,20.594095031002322,,1.4511255727162473
atr,eth_short_regime_challenge_v1_atr,20261007T203617Z-52e2dc923989,dd9aa1bffea14b25b66aee2c2113b254,49c4a234fbe24bab,ETHUSDT,1h,SHORT_ONLY,diagnostic_year_2025,base,22,25,0,47,46.808510638297875,136.7406497911912,-83.38895314404975,-42.58992206862379,1.639793337553709,4.182717761482559,132.42246106748658,-86.40763461181753,-110.16063537419068,-105.13116958822178,-42.58992206862379,187.30804395906517,203.1020938813016,207.79387244497767,596.1259177704146,940.1590975150198,22.49897326879976,64.54579690412547,101.7961413131198,715.7765943599849,207.79387244497767,,19.650435463935374,,1.443018137047264
atr,eth_short_regime_challenge_v1_atr,20261007T203617Z-52e2dc923989,e93f1cab43b54fbbabc9ebb173bb12cf,49c4a234fbe24bab,ETHUSDT,1h,SHORT_ONLY,diagnostic_year_2025,adverse,22,25,0,47,46.808510638297875,131.77925761957118,-85.35960051362859,-45.80090809879673,1.5438129610099474,8.260472514952477,127.90366624420733,-89.29079725323432,-108.7712459649855,-104.56131649794514,-45.80090809879673,182.24920327661303,191.71371798663952,195.27938953094505,568.5919749598118,901.8815201285856,25.521591422650697,74.3108225910487,117.86933441182953,569.8742652589063,195.27938953094505,,16.27986499552875,,1.3585554056887537
atr,eth_short_regime_challenge_v1_atr,20261007T203617Z-52e2dc923989,a6fc984cb5074f7683e0ad169e1456ca,cfd1f51b4fb4e68c,ETHUSDT,1h,SHORT_ONLY,diagnostic_year_2025,base,21,17,0,38,55.26315789473684,134.21704334330985,-84.6965073092725,83.14479383964428,1.5846821505072364,4.264010054421216,125.6540753789663,-88.77937344562557,-112.2267718192691,-103.79756740622648,83.14479383964428,188.79109539971873,198.40750045364442,200.98795140816543,395.0017110473551,770.4482055954899,14.577894500641017,28.64994260042541,55.88152215438191,1177.7293345437092,200.98795140816543,,36.2820338408388,,1.957548538861881
atr,eth_short_regime_challenge_v1_atr,20261007T203617Z-52e2dc923989,eb6bb5921c4d40f49f48e5e505c374a5,cfd1f51b4fb4e68c,ETHUSDT,1h,SHORT_ONLY,diagnostic_year_2025,adverse,21,17,0,38,55.26315789473684,129.65255562503148,-86.80344609503113,79.27037686205128,1.4936337375717754,8.44219107666974,121.80986354039959,-91.80519235862269,-111.27663237576283,-103.50624061835006,79.27037686205128,183.59696784925768,190.22411909913328,190.88066428793837,379.98688211964674,744.6234015620133,15.30663699804572,30.470981910723328,59.711024950995935,1056.1644202221937,190.88066428793837,,32.816975908161375,,1.845076969941605
atr,eth_short_regime_challenge_v1_atr,20261007T203617Z-52e2dc923989,51efacabf2a74d4c94ee337028e792bc,cf431489718e192b,ETHUSDT,1h,SHORT_ONLY,diagnostic_year_2026,base,18,34,0,52,34.61538461538461,112.04988605717593,-59.96025736566336,-44.539342481660974,1.8687359090847073,4.252113763976407,91.38533824544339,-55.298779231668775,-104.45847212325417,-102.49148377685921,-44.539342481660974,174.61330868012786,191.377350350045,196.07658969487957,560.2326620440147,1025.1925300047033,,,,-217.8273910982671,196.07658969487957,,-0.4182846423728368,,0.9893307753977862
atr,eth_short_regime_challenge_v1_atr,20261007T203617Z-52e2dc923989,f1790797538d49c5a4b2ab6cab472a16,cf431489718e192b,ETHUSDT,1h,SHORT_ONLY,diagnostic_year_2026,adverse,18,34,0,52,34.61538461538461,107.6493412817294,-62.506817736268644,-47.63209274519441,1.7222015962471167,8.409816536761994,86.92965258868973,-58.360463049023735,-103.64099883309648,-101.90012638684041,-47.63209274519441,170.00128892127134,184.71033873732142,188.81014643158457,541.4971647365152,994.0268554307842,,,,-376.3538063935889,188.81014643158457,,-3.606608845423161,,0.9117537862484733
atr,eth_short_regime_challenge_v1_atr,20261007T203617Z-52e2dc923989,142ebd2d2ca94c4db548ef4cf3657fce,b189830689073f8b,ETHUSDT,1h,SHORT_ONLY,diagnostic_year_2026,base,15,29,0,44,34.09090909090909,109.47983492742155,-60.032390801698995,-44.62451832938878,1.8236794081558232,4.242739828130594,86.13744971656236,-57.96840464623932,-103.30791346455406,-98.8258218597113,-44.62451832938878,166.5893815047944,180.77492982608595,184.7071201192915,529.1610751979432,818.5691736629991,,,,-283.4489294572391,184.7071201192915,,-2.2441320304079015,,0.9432824524943917
atr,eth_short_regime_challenge_v1_atr,20261007T203617Z-52e2dc923989,39c8ffc1b7324d42b41a1e2157f04cf9,b189830689073f8b,ETHUSDT,1h,SHORT_ONLY,diagnostic_year_2026,adverse,15,29,0,44,34.09090909090909,105.35887036785638,-62.677303430062494,-47.92150332257721,1.6809732487202398,8.40641596852702,82.04576752489848,-61.20927284103089,-102.44194659081766,-99.0434044964584,-47.92150332257721,162.88187142101685,175.2074219847242,178.74444157737597,514.4106542601801,795.7285094197227,,,,-416.00318553134264,178.74444157737597,,-5.39224418077197,,0.8694689217518482
atr,eth_short_regime_challenge_v1_atr,20261007T203617Z-52e2dc923989,74cc31f2cc504ff887dd5d2aa67d4ac0,817d1c5f49c84d4e,ETHUSDT,1h,SHORT_ONLY,diagnostic_year_2026,base,13,23,0,36,36.111111111111114,108.58313157015927,-60.57001324611267,-44.893311872392346,1.7926879284136208,4.328671907646784,87.79020108255587,-58.21452176708332,-103.73058398249655,-89.68835035881348,-44.893311872392346,158.52201262378483,180.58258383302052,185.54334105961388,356.9130900432468,649.6232155135928,1004.5439366959071,1932.3511072011418,3517.10311215863,-167.07293530813493,185.54334105961388,,0.51306682642997,,1.0132583943207418
atr,eth_short_regime_challenge_v1_atr,20261007T203617Z-52e2dc923989,b50b0cbd211148ec988b0d82ec34453c,817d1c5f49c84d4e,ETHUSDT,1h,SHORT_ONLY,diagnostic_year_2026,adverse,13,23,0,36,36.111111111111114,104.54457961471024,-63.366044344690984,-48.11425751869014,1.649851757291669,8.586000021735027,83.7335487607603,-61.50738144489041,-102.99763109273333,-91.9765440387915,-48.11425751869014,154.98796800182967,175.4195022691023,179.6149007293828,347.2429487151071,631.9919919126239,,,,-277.9543856660421,179.6149007293828,,-2.7316523593516475,,0.9325249062952913
atr,eth_short_regime_challenge_v1_atr,20261007T203617Z-52e2dc923989,4e9485dd60f24e9bb53a0037b303629a,143528a8db38d8af,ETHUSDT,1h,SHORT_ONLY,diagnostic_year_2026,base,14,28,0,42,33.333333333333336,115.23015252089314,-58.20863680017515,-44.82667284217671,1.979605757071198,4.233208386167033,92.97677936898494,-55.95559398749327,-103.71458248783676,-89.36481786604556,-44.82667284217671,182.359588412474,195.41859825767872,195.7587496131952,574.5988781621708,872.0722695751107,,,,-212.37844472559541,195.7587496131952,,-0.39570702648572176,,0.9898028785355991
atr,eth_short_regime_challenge_v1_atr,20261007T203617Z-52e2dc923989,a2043e1ce92d419489b05cb99f7af1fe,143528a8db38d8af,ETHUSDT,1h,SHORT_ONLY,diagnostic_year_2026,adverse,14,28,0,42,33.333333333333336,110.35622821638698,-60.96205119851379,-48.12239048235019,1.8102446693768297,8.379999856419667,88.76411634959925,-59.09162897086864,-102.72842661568701,-91.94694075618361,-48.12239048235019,176.48487047198756,186.2930436483663,187.70193809853942,549.8807784508425,839.0033557641088,,,,-349.65217662750786,187.70193809853942,,-3.8559580602135344,,0.9051223346884151
atr,eth_short_regime_challenge_v1_atr,20261007T203617Z-52e2dc923989,4605c5390db44f3e8bcbccfbb76d567e,49c4a234fbe24bab,ETHUSDT,1h,SHORT_ONLY,diagnostic_year_2026,base,10,22,0,32,31.25,111.87541081427291,-57.098988012278596,-44.814623441721025,1.9593238813657285,4.254874661313918,92.66204812593688,-55.77997159154401,-102.90842893459322,-82.05116153515927,-44.814623441721025,163.55591321409815,182.42736754223588,185.99711127136666,360.47892019069855,635.6150112279207,,,,-323.42073939876684,185.99711127136666,,-4.294488378981253,,0.8906017642571494
atr,eth_short_regime_challenge_v1_atr,20261007T203617Z-52e2dc923989,45c81c8cb85e43ceae137ec925712a62,49c4a234fbe24bab,ETHUSDT,1h,SHORT_ONLY,diagnostic_year_2026,adverse,10,22,0,32,31.25,107.85480916976158,-59.907925619934765,-48.14946617436948,1.8003429104524389,8.44628031899954,88.67125423020843,-59.05381002648403,-102.23877894673971,-83.77055373912455,-48.14946617436948,159.5432396533717,176.87860661388274,180.0546858484523,349.8639548111963,617.8724285524379,,,,-419.4809577894014,180.0546858484523,,-7.482070998154658,,0.8183376865692903
atr,eth_short_regime_challenge_v1_atr,20261007T203617Z-52e2dc923989,8249f652710a4752b4302af0d3799317,cfd1f51b4fb4e68c,ETHUSDT,1h,SHORT_ONLY,diagnostic_year_2026,base,9,17,0,26,34.61538461538461,105.61541157713951,-56.27036500444009,-44.82681210580856,1.8769277855014053,4.311427624212996,85.91253019293228,-54.52797849839657,-93.25436240596235,-68.579560516661,-44.82681210580856,146.75370795453088,178.95841513067566,186.8390377703437,342.1555849820152,463.22077516512417,,,,-192.89653865156964,186.8390377703437,,-0.23298080312407465,,0.9936676511478029
atr,eth_short_regime_challenge_v1_atr,20261007T203617Z-52e2dc923989,5b6571e32a7d4f93acb9b9a09b9232c4,cfd1f51b4fb4e68c,ETHUSDT,1h,SHORT_ONLY,diagnostic_year_2026,adverse,9,17,0,26,34.61538461538461,101.68617510961595,-59.287206623956685,-48.091505067031335,1.715145322237644,8.569325782647331,82.01723017206139,-57.75993711192239,-93.96655199581167,-71.90870887258697,-48.091505067031335,143.26836416737058,173.6686899285705,180.93162788866857,332.81150393694486,450.2453324615983,,,,-273.63856450938863,180.93162788866857,,-3.5656514084892317,,0.9080181117728702
atr,eth_short_regime_challenge_v1_atr,20261007T203617Z-52e2dc923989,6de2c59260ed46b4af56ca4badc1476e,cf431489718e192b,ETHUSDT,1h,SHORT_ONLY,wf_0_train,base,30,56,0,86,34.883720930232556,74.25078709140777,-47.443210383608,-31.643275395532065,1.5650455879997107,4.0774496123033765,59.75542532227898,-43.042069933635645,-97.9434873890617,-84.18458314309515,-31.643275395532065,110.44208600534361,167.69447563397998,174.31055825059335,756.933504474505,1137.4068410566729,,,,-603.6067269904083,174.31055825059335,,-4.991815915579244,,0.8384172792855594
atr,eth_short_regime_challenge_v1_atr,20261007T203617Z-52e2dc923989,8f5e8097d7ec4a5a8cf0e0d523ae2a6a,cf431489718e192b,ETHUSDT,1h,SHORT_ONLY,wf_0_train,adverse,30,55,0,85,35.294117647058826,69.76538159514763,-49.31965067181808,-34.4946120634461,1.4145554691654074,8.039590761581188,55.8198665968861,-44.27109690311241,-96.05212686099108,-85.40193395975388,-34.4946120634461,105.10614225709026,160.4168118943833,162.9501988206635,720.9594645601671,1082.2712545982433,,,,-782.5695379162291,162.9501988206635,,-7.289639283477241,,0.7715757104538586
atr,eth_short_regime_challenge_v1_atr,20261007T203617Z-52e2dc923989,4bfe1c1085b541268739d5018270d7c6,b189830689073f8b,ETHUSDT,1h,SHORT_ONLY,wf_0_train,base,29,46,0,75,38.666666666666664,81.01382041576578,-48.451654233784595,-28.562380955631046,1.6720547873322373,4.183984080476172,63.472360614439985,-42.88144781252666,-100.90386509364568,-79.83743608208152,-28.562380955631046,128.6584645358044,177.55309599560624,181.3680151416219,677.3387453697393,1133.5198867352317,150.35728105154507,561.5257575881528,939.7079636907397,-60.7433178385057,181.3680151416219,,1.6083292973748817,,1.0541214963616277
atr,eth_short_regime_challenge_v1_atr,20261007T203617Z-52e2dc923989,42d5c93b38584496b43ba067d53122eb,b189830689073f8b,ETHUSDT,1h,SHORT_ONLY,wf_0_train,adverse,29,45,0,74,39.189189189189186,76.51364869461597,-50.3461719583513,-31.69042420649394,1.5197510698114567,8.263149910263069,59.37237186723591,-44.609163784442465,-100.02643267921202,-78.72117639957051,-31.69042420649394,124.88737612961545,169.94176652669788,170.12727520763775,647.8214075902813,1083.679434971515,,,,-216.80920118958295,170.12727520763775,,-0.6308368375938546,,0.9793951338784945
atr,eth_short_regime_challenge_v1_atr,20261007T203617Z-52e2dc923989,ec519d6227a9411a9150c1b6f0a854fd,817d1c5f49c84d4e,ETHUSDT,1h,SHORT_ONLY,wf_0_train,base,26,37,0,63,41.26984126984127,83.48131390567681,-48.576696292322275,-25.670352672377295,1.7185465516902871,4.2167458575740815,65.74660777579552,-41.78423638424326,-102.12065508944809,-79.8362545849649,-25.670352672377295,151.8780737768147,180.1699801398783,183.40216098368543,684.9354109194387,1037.0936639561191,49.14623797405741,183.5419960231545,277.9097680027256,189.7742377479877,183.40216098368543,,5.923434900502748,,1.207627306593175
atr,eth_short_regime_challenge_v1_atr,20261007T203617Z-52e2dc923989,4fc3b49a093c451c8d49f2d42da78371,817d1c5f49c84d4e,ETHUSDT,1h,SHORT_ONLY,wf_0_train,adverse,26,37,0,63,41.26984126984127,78.91299100015269,-51.232385166102205,-28.787819766587816,1.5402950837503715,8.333105540854362,61.53983912969848,-44.72493775128462,-101.93986623389941,-82.01343384508658,-28.787819766587816,146.51483963355813,172.28396017492122,172.44347016483204,656.6419329299285,993.9703395039282,110.44191492554063,420.54820877746147,636.5911540116477,-16.30395530664387,172.44347016483204,,2.478404997749018,,1.0823695183110718
atr,eth_short_regime_challenge_v1_atr,20261007T203617Z-52e2dc923989,040d91dc95674bc9917fb6c4a04c8d01,143528a8db38d8af,ETHUSDT,1h,SHORT_ONLY,wf_0_train,base,23,44,0,67,34.32835820895522,76.20296424244252,-49.37910055884503,-32.24083326174259,1.543223010950382,4.092652371697553,58.27172067646466,-44.21198212761849,-97.82506436100904,-90.2769586228328,-32.24083326174259,119.57945983568007,168.50985327779506,175.9312155182136,621.4531170047972,920.6913050176565,,,,-595.943462531217,175.9312155182136,,-6.268839507656768,,0.8066847557240634
atr,eth_short_regime_challenge_v1_atr,20261007T203617Z-52e2dc923989,201b6099ed0144ab98da7a8e2aed93e9,143528a8db38d8af,ETHUSDT,1h,SHORT_ONLY,wf_0_train,adverse,23,44,0,67,34.32835820895522,71.77419650947958,-51.85024543075255,-34.88641211421846,1.3842595326831388,8.081868001599458,54.69367003040052,-47.06062286449108,-96.53149420262578,-91.12667955117305,-34.88641211421846,114.32266875097851,161.00916680601722,165.07782124951,593.795428175072,878.4698590191271,,,,-795.6821004845917,165.07782124951,,-9.412004167687785,,0.7235902102661862
atr,eth_short_regime_challenge_v1_atr,20261007T203617Z-52e2dc923989,7858a8a8ce984bb7a02f02e3edc9230c,49c4a234fbe24bab,ETHUSDT,1h,SHORT_ONLY,wf_0_train,base,22,38,0,60,36.666666666666664,77.01966198324297,-51.667918871115134,-30.75320138009159,1.4906670070332693,4.143241412112178,56.433008986194594,-47.209760810516954,-100.30670757522886,-93.8825169181906,-30.75320138009159,119.09378892031377,175.50102279570027,182.37842865662307,513.9897424802926,841.7075485992173,,,,-451.3267821276529,182.37842865662307,,-4.482472557850499,,0.863017740913998
atr,eth_short_regime_challenge_v1_atr,20261007T203617Z-52e2dc923989,d470a26c655f4efb837b5966648964f4,49c4a234fbe24bab,ETHUSDT,1h,SHORT_ONLY,wf_0_train,adverse,22,38,0,60,36.666666666666664,72.6533172478838,-54.17381519787224,-34.06258771835118,1.3411150199134836,8.18947178957807,52.86509851736039,-50.12642094720158,-99.21248176904727,-95.53331315449951,-34.06258771835118,114.53729275084464,167.75813412011553,171.5375474812529,491.9994725703017,805.2452743971829,,,,-631.7695455469542,171.5375474812529,,-7.67053330109502,,0.7764350115288589
atr,eth_short_regime_challenge_v1_atr,20261007T203617Z-52e2dc923989,7cc6cf8a4c034bb2b1e4f9e04d01381c,cfd1f51b4fb4e68c,ETHUSDT,1h,SHORT_ONLY,wf_0_train,base,19,29,0,48,39.583333333333336,77.2938794503894,-51.54113811807894,-28.666471099129303,1.4996541068478506,4.198371508200613,54.600785332683905,-45.13450957811057,-101.9753309487908,-89.50578377269697,-28.666471099129303,148.8539881267469,180.80786143067266,185.55738693539564,526.3567942312504,741.0190325973751,,,,-211.6666828022864,185.55738693539564,,-0.5439436638935581,,0.9825320010382471
atr,eth_short_regime_challenge_v1_atr,20261007T203617Z-52e2dc923989,967924573659404db674122b02fbfa2e,cfd1f51b4fb4e68c,ETHUSDT,1h,SHORT_ONLY,wf_0_train,adverse,19,29,0,48,39.583333333333336,73.00953904658422,-54.23753288337708,-31.90242848376643,1.3461073018120346,8.314752609824804,51.074920479150066,-48.29614663268438,-101.07862261527099,-91.80315500923258,-31.90242848376643,143.8254341272203,172.61369293332638,174.88389062648292,504.8974809354495,710.5899244432218,,,,-360.59110235931803,174.88389062648292,,-3.868900244434067,,0.8819323701527123
atr,eth_short_regime_challenge_v1_atr,20261007T203617Z-52e2dc923989,d51c445604a546df9ee2219bffb8ffb9,817d1c5f49c84d4e,ETHUSDT,1h,SHORT_ONLY,wf_0_test,base,8,13,0,21,38.095238095238095,118.09770757357401,-70.98334869014616,-48.828377063773566,1.6637381830080975,4.189689888620632,110.90352654140744,-64.7069218959074,-105.48616663606535,-102.74881671972375,-48.828377063773566,143.76292612017755,188.76798233447698,200.01924638805178,343.78217250822934,460.06941807948283,909.2557779157474,1562.779244208812,2091.4026234232124,-178.02111877135977,200.01924638805178,,1.0475298865091436,,1.0238388818511373
atr,eth_short_regime_challenge_v1_atr,20261007T203617Z-52e2dc923989,10330140299f4fd49bb523ff46eb0807,817d1c5f49c84d4e,ETHUSDT,1h,SHORT_ONLY,wf_0_test,adverse,8,13,0,21,38.095238095238095,113.93524712154638,-73.6494795292132,-52.121309853992436,1.5469932421770036,8.322914418724856,107.2383332670603,-67.85211909825118,-105.05141078234773,-102.15694047271818,-52.121309853992436,140.0285264904847,181.26344887126044,191.57217946645434,331.600705956939,444.28333556119924,,,,-237.53343637385478,191.57217946645434,,-2.1886312813047857,,0.9519958413396945
atr,eth_short_regime_challenge_v1_atr,20261007T203617Z-52e2dc923989,378b643ff2df4867928b6cf0098e84e8,cf431489718e192b,ETHUSDT,1h,SHORT_ONLY,wf_1_train,base,30,52,0,82,36.58536585365854,100.47593763556411,-60.936564941262844,-43.672537619762835,1.6488612006996706,4.101744850506956,93.75358740737703,-56.532610450227516,-101.73576644520253,-97.51849792670593,-43.672537619762835,151.60592288517736,182.26610439646808,193.22974885464657,858.6533182422442,1350.0084441098668,,,,-347.65299673339155,193.22974885464657,,-1.8832103399846927,,0.951266077326733
atr,eth_short_regime_challenge_v1_atr,20261007T203617Z-52e2dc923989,c2bee8b26e5a464bb325cf87bdde308f,cf431489718e192b,ETHUSDT,1h,SHORT_ONLY,wf_1_train,adverse,30,51,0,81,37.03703703703704,95.9904936308768,-63.02008006785375,-46.165329155040304,1.5231731462023501,8.110484934298489,90.05522904269785,-59.0142183774153,-100.47178833132351,-97.58614947191398,-46.165329155040304,147.85276159985858,172.62488224882173,183.43513916239323,824.8659511674161,1297.4063765489732,,,,-517.7444136966303,183.43513916239323,,-4.127274994249841,,0.8959842036484412
atr,eth_short_regime_challenge_v1_atr,20261007T203617Z-52e2dc923989,3d3f0436435d44ab913be5bb72cb546c,b189830689073f8b,ETHUSDT,1h,SHORT_ONLY,wf_1_train,base,27,42,0,69,39.130434782608695,110.16652821093248,-63.734143569626916,-44.85516904954097,1.7285323382525748,4.282617903318861,103.32002228098084,-59.01522333270973,-106.45529342594503,-102.04802526950606,-44.85516904954097,164.41811061969372,190.93002075488675,203.35031903000228,737.7273785707031,1161.0739752901743,68.3157946576676,247.8404378620118,390.06425786124555,94.31191274084452,203.35031903000228,,4.313945387983288,,1.1111993603052264
atr,eth_short_regime_challenge_v1_atr,20261007T203617Z-52e2dc923989,1004cdf5dd814bae9df622712e89a27c,b189830689073f8b,ETHUSDT,1h,SHORT_ONLY,wf_1_train,adverse,27,41,0,68,39.705882352941174,105.71349768046846,-65.93707620486953,-47.04832239500669,1.603248183950586,8.483068155778039,98.68452890361894,-61.61261093628875,-105.31581966796085,-102.97427121516816,-47.04832239500669,160.5348778454279,181.42278617447744,193.57192148612947,708.9669793110326,1119.0456189141134,128.3256343384852,469.9991437117966,741.8546956519533,-42.72760851313157,193.57192148612947,,2.2182987201911444,,1.0557975845528247
atr,eth_short_regime_challenge_v1_atr,20261007T203617Z-52e2dc923989,eb7df229e46041d4b83044644a9bf117,817d1c5f49c84d4e,ETHUSDT,1h,SHORT_ONLY,wf_1_train,base,24,33,0,57,42.10526315789474,115.24871872910062,-66.32640265049707,-42.60199986137677,1.737599419290033,4.347117104649983,110.80789014372328,-60.36620233189029,-110.02982758242246,-102.5473625271593,-42.60199986137677,173.30577281965284,197.59923049151124,211.09987550995825,579.7678772458083,1061.1674123157607,36.57321913729326,100.44523982807384,183.84808715885737,366.0980865220531,211.09987550995825,,10.126280035649321,,1.2637086685745693
atr,eth_short_regime_challenge_v1_atr,20261007T203617Z-52e2dc923989,da937d59da914b9f80db930eb7db6eab,817d1c5f49c84d4e,ETHUSDT,1h,SHORT_ONLY,wf_1_train,adverse,24,33,0,57,42.10526315789474,110.34408131951581,-68.8210217942404,-46.001957946616564,1.6033484892075591,8.590113385211593,105.66832715985322,-62.9323472428783,-108.15902744946533,-104.6053111955675,-46.001957946616564,168.69282682011783,187.2004698012696,199.715528870444,554.1852895937527,1021.0870422947613,52.95187392734739,146.93474139407144,270.7274323546198,177.44870358800242,199.715528870444,,6.616916358920113,,1.1660716285145882
atr,eth_short_regime_challenge_v1_atr,20261007T203617Z-52e2dc923989,7b089ff88e1342bc8d15180977468d5f,143528a8db38d8af,ETHUSDT,1h,SHORT_ONLY,wf_1_train,base,20,40,0,60,33.333333333333336,108.36215359125114,-62.86112859214653,-44.08785257984423,1.723834045270215,4.04137173303642,103.3708856574546,-62.97133937337917,-99.43317522243879,-98.36120039977094,-44.08785257984423,159.98375564931874,183.72310528530866,187.93061683570775,537.9735626899067,952.5152995783261,,,,-535.1326886965462,187.93061683570775,,-5.786701197680639,,0.8619170226351076
atr,eth_short_regime_challenge_v1_atr,20261007T203617Z-52e2dc923989,f506249946e64475a4850360393236ef,143528a8db38d8af,ETHUSDT,1h,SHORT_ONLY,wf_1_train,adverse,20,40,0,60,33.333333333333336,103.57207411355678,-65.14789796497986,-46.932406902321475,1.5897991700243614,7.982428726633765,98.89424243622457,-65.58944416272698,-98.25912399199821,-97.21751176151528,-46.932406902321475,155.51264719719578,173.92079005660915,177.8377542372814,513.842238459752,914.1946609930642,,,,-712.3121905653402,177.8377542372814,,-8.907907272134313,,0.7948995850121808
atr,eth_short_regime_challenge_v1_atr,20261007T203617Z-52e2dc923989,7ac1892350d9465386f4aceea50e3280,49c4a234fbe24bab,ETHUSDT,1h,SHORT_ONLY,wf_1_train,base,17,35,0,52,32.69230769230769,109.23336220806102,-65.08647605236327,-48.01890436907577,1.6782804790380843,4.108541654010697,102.33318182895847,-67.13728059273176,-100.73001642691301,-99.1871113414867,-48.01890436907577,168.53121285378384,186.49177048447277,187.07897939886982,547.0507669975032,955.2128075252863,,,,-608.1384836945465,187.07897939886982,,-8.097298159532246,,0.8151648041042124
atr,eth_short_regime_challenge_v1_atr,20261007T203617Z-52e2dc923989,9ab43274c91a4a1e9bd31358990b508c,49c4a234fbe24bab,ETHUSDT,1h,SHORT_ONLY,wf_1_train,adverse,17,35,0,52,32.69230769230769,104.54720991604393,-67.49117557219476,-51.16024288340911,1.5490500651334873,8.12357109892689,97.89979816742226,-69.60098425201767,-100.10021622289031,-98.05024739644267,-51.16024288340911,164.22895010320826,176.8629674963533,177.38956548466155,523.5177885716045,918.6618494253278,,,,-762.2781419387318,177.38956548466155,,-11.247857239501352,,0.7523957459219796
atr,eth_short_regime_challenge_v1_atr,20261007T203617Z-52e2dc923989,233a007039ba426191086ed4db1130f6,cfd1f51b4fb4e68c,ETHUSDT,1h,SHORT_ONLY,wf_1_train,base,14,25,0,39,35.8974358974359,113.68362967965054,-66.60628001843787,-45.71080933679306,1.706800464583531,4.168020319739468,100.98843535879415,-69.86615637718052,-103.69548439028884,-99.38761121894254,-45.71080933679306,178.811618193559,191.57388051141703,193.7475168806225,381.7749380528096,727.1111022296569,,,,-267.33370182646183,193.7475168806225,,-1.886825255021522,,0.9558082601667776
atr,eth_short_regime_challenge_v1_atr,20261007T203617Z-52e2dc923989,a2952833478f431181fb7dafb55ab0dc,cfd1f51b4fb4e68c,ETHUSDT,1h,SHORT_ONLY,wf_1_train,adverse,14,25,0,39,35.8974358974359,108.96059721373844,-69.26227656671966,-48.95424675139382,1.5731593388903087,8.261628350629106,96.84429403585554,-72.538670511988,-102.93931093074531,-101.73076059133247,-48.95424675139382,174.03454356472315,182.03017607287424,184.2116437689896,362.68258307451777,699.4650677848289,,,,-390.32019694464276,184.2116437689896,,-5.284834696811622,,0.8809692297785731
atr,eth_short_regime_challenge_v1_atr,20261007T203617Z-52e2dc923989,a0bed1e112604ae1bc658e2ded68867e,817d1c5f49c84d4e,ETHUSDT,1h,SHORT_ONLY,wf_1_test,base,4,9,0,13,30.76923076923077,127.5212139791131,-56.60967289409233,-50.90062056286313,2.252640007612921,4.24690694327572,116.22441296211696,-53.292814809995384,-80.30580032501379,-70.50187433203672,-50.90062056286313,150.1600893936418,178.91373604902273,186.10214771286803,186.10214771286803,312.3008648936925,31131.17904002228,31131.17904002228,52241.70843186407,-185.5043478432466,186.10214771286803,,0.04598460535549538,,1.0011733367168536
atr,eth_short_regime_challenge_v1_atr,20261007T203617Z-52e2dc923989,7b63cbc9b3a746ecb340a363cee2a23b,817d1c5f49c84d4e,ETHUSDT,1h,SHORT_ONLY,wf_1_test,adverse,4,9,0,13,30.76923076923077,123.22625568437988,-59.89576093797265,-54.12656155561124,2.057345190288033,8.462669280217993,112.72706120025572,-56.548125748592604,-83.50157677427117,-73.67199989013406,-54.12656155561124,145.26921217818648,172.43129130866222,179.2218110912812,179.2218110912812,301.85595732740467,,,,-225.37863679551558,179.2218110912812,,-3.550525054171875,,0.9143756401280146
atr,eth_short_regime_challenge_v1_atr,20261007T203617Z-52e2dc923989,1b254342c7a5425a98e2973c3331a199,cf431489718e192b,ETHUSDT,1h,SHORT_ONLY,wf_2_train,base,34,58,0,92,36.95652173913044,111.03637520795145,-65.46676984233818,-47.975463139011445,1.6960723047029398,4.169536216131232,103.22773342580946,-61.43616413846682,-104.03648682023035,-100.2556211528816,-47.975463139011445,159.2049644930361,190.93418647566332,196.5015707395885,908.7223758698424,1591.8582814928063,,,,-218.33746452485337,196.5015707395885,,-0.23734667157896666,,0.9942492820672408
atr,eth_short_regime_challenge_v1_atr,20261007T203617Z-52e2dc923989,ef0f6f00a6474ec19501ea7d9076f99b,cf431489718e192b,ETHUSDT,1h,SHORT_ONLY,wf_2_train,adverse,34,57,0,91,37.362637362637365,106.38642554723755,-67.55083703322022,-50.41545668476018,1.5749090643379997,8.238163370426447,98.67106237500326,-63.96050503469271,-102.4163682256137,-99.97926567673554,-50.41545668476018,155.47115352197895,181.1020547949621,187.1740088431547,871.2400962055385,1530.0728616335539,,,,-420.43325113063065,187.1740088431547,,-2.56328837678545,,0.9394194418858243
atr,eth_short_regime_challenge_v1_atr,20261007T203617Z-52e2dc923989,6118f0e049e444fc87a24e87340e2e92,b189830689073f8b,ETHUSDT,1h,SHORT_ONLY,wf_2_train,base,30,46,0,76,39.473684210526315,119.47137822842056,-68.29106585361022,-48.73841905156577,1.74944374838901,4.362222890972337,110.9585176761072,-64.5269727793878,-107.93370369631877,-105.9830552868965,-48.73841905156577,174.69675714042046,198.8374783026776,206.47044914285155,773.2720846020563,1399.7091261572461,46.63339771281761,174.65116587467705,316.13818167843687,236.28186844369495,206.47044914285155,,5.8256883892966655,,1.1409415750363106
atr,eth_short_regime_challenge_v1_atr,20261007T203617Z-52e2dc923989,bc5f10291cdc42278640e635a5f84f10,b189830689073f8b,ETHUSDT,1h,SHORT_ONLY,wf_2_train,adverse,30,45,0,75,40.0,114.90048300657331,-70.57607858925401,-51.04933681197906,1.6280372231401958,8.639476999388382,106.6942737284952,-66.66678487291605,-107.05582003285623,-105.24360313467766,-51.04933681197906,170.93756580094418,189.47311569543947,197.07565586570593,740.8396184601263,1349.4254149680892,72.69724540413037,273.2808337575602,497.77589279395323,74.01529781506292,197.07565586570593,,3.614546049076919,,1.0853581487601305
atr,eth_short_regime_challenge_v1_atr,20261007T203617Z-52e2dc923989,260ad96212bf455d9be4c4709af89b72,817d1c5f49c84d4e,ETHUSDT,1h,SHORT_ONLY,wf_2_train,base,26,37,0,63,41.26984126984127,124.01349943126525,-68.37930126500491,-47.97671652469897,1.8136116798071573,4.436845281168872,116.1245333130988,-65.7726940559287,-111.02246177927363,-102.52620128609995,-47.97671652469897,182.61909737652897,204.48854151040172,213.424668697816,785.1640087551091,1271.8649488940391,30.73880062987752,113.08439682317605,183.18221286564562,480.8921697098978,213.424668697816,,11.020902196947842,,1.2744298290536782
atr,eth_short_regime_challenge_v1_atr,20261007T203617Z-52e2dc923989,21ee709da21240ee9559d5e7fdf951df,817d1c5f49c84d4e,ETHUSDT,1h,SHORT_ONLY,wf_2_train,adverse,26,37,0,63,41.26984126984127,118.88916172773591,-70.90059212631425,-51.04933681197906,1.6768430017612084,8.758266959750058,111.5609631070916,-68.19700244577456,-109.38024158187051,-105.53788552709285,-51.04933681197906,178.4123956163886,193.76464826793253,202.39398444782228,750.0933478342438,1223.2570069742806,43.26540976731836,160.34614934988204,261.49352117295655,265.4023117996844,202.39398444782228,,7.425338035674708,,1.1783221093457144
atr,eth_short_regime_challenge_v1_atr,20261007T203617Z-52e2dc923989,97747e7d8faf453886277a92d3d06d85,143528a8db38d8af,ETHUSDT,1h,SHORT_ONLY,wf_2_train,base,23,42,0,65,35.38461538461539,118.2151217359586,-67.66836346955094,-46.46297728239531,1.7469776964408545,4.114819073990378,110.95236856625237,-66.37517236622705,-101.77246893211775,-101.02208226874657,-46.46297728239531,171.2767664957453,188.2123703215627,192.40441777050546,736.6347072603213,1173.6653346480505,,,,-315.52788356459735,192.40441777050546,,-1.894207166062951,,0.9566782623366586
atr,eth_short_regime_challenge_v1_atr,20261007T203617Z-52e2dc923989,928678ae5a814a84844c28fcb556c61e,143528a8db38d8af,ETHUSDT,1h,SHORT_ONLY,wf_2_train,adverse,23,42,0,65,35.38461538461539,113.19736497634383,-69.77830312982557,-49.21416799181342,1.6222430167975739,8.1143049577953,106.84346274760362,-69.20210307980791,-100.89786960808499,-99.77257007615452,-49.21416799181342,167.23652853410354,178.45639099016034,182.6290303176704,703.7949188924481,1126.895132823598,,,,-509.7783673144367,182.6290303176704,,-5.033066723027173,,0.8883711758653381
atr,eth_short_regime_challenge_v1_atr,20261007T203617Z-52e2dc923989,3875d05bf7ea4b85ad0443b65629c1ae,49c4a234fbe24bab,ETHUSDT,1h,SHORT_ONLY,wf_2_train,base,19,36,0,55,34.54545454545455,121.69142657750126,-69.0192132527061,-51.05742360572659,1.7631529083349848,4.143148396765748,110.99919025469828,-68.49179361495433,-102.43727811033801,-100.91273764804292,-51.05742360572659,179.1172766903787,189.76113656174456,190.39382569242798,563.3747878772258,1047.3881458191354,,,,-362.9483978173231,190.39382569242798,,-3.1373558568162747,,0.9305529238434641
atr,eth_short_regime_challenge_v1_atr,20261007T203617Z-52e2dc923989,e14da9ebaa7a4faaaafa10a5a0978bd8,49c4a234fbe24bab,ETHUSDT,1h,SHORT_ONLY,wf_2_train,adverse,19,36,0,55,34.54545454545455,116.74566330252033,-71.30710101465387,-53.48523165573279,1.6372235253054057,8.183076680243493,107.03281825079259,-71.15498930313458,-102.07750523642987,-100.02253967624317,-53.48523165573279,173.6381621987396,180.45421866790457,181.02336438584288,535.5392169097903,1006.3020553515375,,,,-529.9113981654962,181.02336438584288,,-6.3434187959936965,,0.8640901939111867
atr,eth_short_regime_challenge_v1_atr,20261007T203617Z-52e2dc923989,c9cf87aa5bc448c29f119a780bd4457d,cfd1f51b4fb4e68c,ETHUSDT,1h,SHORT_ONLY,wf_2_train,base,14,26,0,40,35.0,125.90082162828212,-67.80770139995043,-51.90477760121103,1.8567333655167102,4.216903476396373,113.41280131277873,-66.89763653812564,-104.96548772831811,-100.42394409316205,-51.90477760121103,185.3707222705111,193.88804102445184,196.1465579050637,386.5020468854816,751.5994508563931,,,,-196.53529150782535,196.1465579050637,,-0.009718340069039932,,0.999779504508998
atr,eth_short_regime_challenge_v1_atr,20261007T203617Z-52e2dc923989,e9126c1c06d1447f9f52d1384ea70db1,cfd1f51b4fb4e68c,ETHUSDT,1h,SHORT_ONLY,wf_2_train,adverse,14,26,0,40,35.0,120.9281638479857,-70.50556423190119,-54.61674388263772,1.7151577349305165,8.353284990547808,109.68352153471595,-69.7518610995762,-104.44447725423692,-103.22480574546063,-54.61674388263772,176.76693945009072,184.663300148171,186.93523367662632,368.0449967674698,720.6908937364034,,,,-327.08560983425735,186.93523367662632,,-3.503759403940778,,0.9235464726548935
atr,eth_short_regime_challenge_v1_atr,20261007T203617Z-52e2dc923989,7a7faad88ead405f9c961346cfd0249d,817d1c5f49c84d4e,ETHUSDT,1h,SHORT_ONLY,wf_2_test,base,7,9,0,16,43.75,142.48465002090435,-86.6459353707591,-64.51606671828739,1.6444470177534658,3.969365251177259,151.59134830111984,-90.83942877972218,-102.0201586617675,-101.72823509874597,-64.51606671828739,190.4061443373728,190.98208039971226,191.12606441529712,191.12606441529712,381.2922353933618,87.84209350676046,87.84209350676046,175.2430172058976,26.453067394201213,191.12606441529712,,13.59869573809365,,1.2790143471415845
atr,eth_short_regime_challenge_v1_atr,20261007T203617Z-52e2dc923989,90686c0852a94e2bb5841880e8383601,817d1c5f49c84d4e,ETHUSDT,1h,SHORT_ONLY,wf_2_test,adverse,7,9,0,16,43.75,137.87727311257305,-88.4677495412703,-67.86244824647159,1.5585032266278365,7.84536094499882,147.90435254241382,-94.06339907287023,-101.58693518254789,-101.3742103651512,-67.86244824647159,182.39072423974113,185.40880804637197,186.1633289980297,186.1633289980297,367.2965183183413,110.20070097069035,110.20070097069035,217.4237751367436,-17.232163081450977,186.1633289980297,,10.55819786978617,,1.212169176266095
atr,eth_short_regime_challenge_v1_atr,20261007T203617Z-52e2dc923989,abc818bf12d54499a28c6ac61a9ae53d,cf431489718e192b,ETHUSDT,1h,SHORT_ONLY,wf_3_train,base,42,57,0,99,42.42424242424242,120.1158094988627,-75.0948429487294,-51.34375496112192,1.5995214156166642,4.267565836007737,116.1395763195386,-72.27815761082378,-107.82081910427102,-106.33748789363241,-51.34375496112192,171.50295171782633,201.86636310955384,206.24007646891664,982.882275387937,1770.9940927912974,26.978603104715685,128.5724446012193,231.66664572786567,558.2178744057422,206.24007646891664,,7.721797483582413,,1.1785947272964894
atr,eth_short_regime_challenge_v1_atr,20261007T203617Z-52e2dc923989,92b66e2c959a4a3186a806e9ee9286b6,cf431489718e192b,ETHUSDT,1h,SHORT_ONLY,wf_3_train,adverse,42,56,0,98,42.857142857142854,115.3429793357622,-77.07500521983634,-53.661209070105755,1.4965030363186669,8.429874703005936,111.54407301269731,-74.85105278661865,-106.03295725144518,-105.09182239103002,-53.661209070105755,166.43850013375314,192.93198934044432,197.5518264742634,940.401526928704,1701.935974378734,37.40060892898376,178.03727949567562,322.2113555513017,330.65301331691387,197.5518264742634,,5.389845303991604,,1.1223772772390004
atr,eth_short_regime_challenge_v1_atr,20261007T203617Z-52e2dc923989,542a359fa6ba4caaaf59f75067218bd4,b189830689073f8b,ETHUSDT,1h,SHORT_ONLY,wf_3_train,base,35,50,0,85,41.1764705882353,123.97673996864602,-73.3797929073643,-49.34351829686888,1.6895215297916688,4.26049041033943,115.30987043690725,-70.09837742658988,-106.72364699218802,-105.03406991838416,-49.34351829686888,176.68581241532985,199.99861941101966,202.12940924035536,971.2231969158582,1611.261734703068,30.15973428296432,144.91623786225995,240.41640433019478,468.06684429403947,202.12940924035536,,7.884661806286999,,1.1826650708541684
atr,eth_short_regime_challenge_v1_atr,20261007T203617Z-52e2dc923989,ebd8cfe14fe9454a8a2f9a7d0e6adcf5,b189830689073f8b,ETHUSDT,1h,SHORT_ONLY,wf_3_train,adverse,35,49,0,84,41.666666666666664,119.36357530791996,-75.55833919155718,-52.49908602783223,1.5797538244628002,8.433241258022132,111.74331825748321,-73.47510073388649,-105.08381680266895,-104.30629025312372,-52.49908602783223,173.72130147598847,192.09876170527363,193.68791186173982,930.9252475706946,1551.4235591190215,40.744963221161946,195.83315556107064,326.3636602261054,281.67860352915636,193.68791186173982,,5.6591251832249565,,1.1283955889020003
atr,eth_short_regime_challenge_v1_atr,20261007T203617Z-52e2dc923989,53924d2a156349a395990320126fe535,817d1c5f49c84d4e,ETHUSDT,1h,SHORT_ONLY,wf_3_train,base,29,41,0,70,41.42857142857143,126.44825904496585,-73.98601091407139,-51.83581179964315,1.7090833453884275,4.305467250961238,115.30987043690725,-71.5339518967338,-107.79246043051768,-105.30979844673996,-51.83581179964315,186.95216044831295,201.6311609857327,207.6933257626067,798.1766781532123,1312.7972761074536,32.78127453528839,125.98021009164171,207.20534836274126,425.8797390644761,207.6933257626067,,9.051043783244038,,1.2088638296649854
atr,eth_short_regime_challenge_v1_atr,20261007T203617Z-52e2dc923989,593c756930464d98b9b6fb4f2a667c7a,817d1c5f49c84d4e,ETHUSDT,1h,SHORT_ONLY,wf_3_train,adverse,29,41,0,70,41.42857142857143,121.18331138262552,-76.06183198597796,-54.684454910168824,1.5932210442284083,8.483432342106838,110.8944274959302,-74.78568347312935,-106.56180128226656,-103.74442850428468,-54.684454910168824,180.11499856732507,192.59364530020292,197.66240215906532,757.2220907116166,1257.8374854125602,49.94237792533748,191.32354668694555,317.8115533300939,198.11851651197856,197.66240215906532,,5.654013123872056,,1.1269124459176543
atr,eth_short_regime_challenge_v1_atr,20261007T203617Z-52e2dc923989,6af176a72fcc45b293b76ef8a6b0cdf2,143528a8db38d8af,ETHUSDT,1h,SHORT_ONLY,wf_3_train,base,30,43,0,73,41.0958904109589,126.86871520388753,-76.59843165085424,-51.26822693897741,1.6562834573711884,4.172763777536966,124.8711985749101,-74.80767173835191,-105.91453032666601,-104.30299434442998,-51.26822693897741,171.5294212958691,197.79831718445183,201.8535107894515,764.3263813874462,1424.1337910151224,39.39920482881887,149.18666283572816,277.972568901087,310.4753843404424,201.8535107894515,,7.018204042875259,,1.1555465981659454
atr,eth_short_regime_challenge_v1_atr,20261007T203617Z-52e2dc923989,e8deb2d0aa5b48caacc7e75a9631e122,143528a8db38d8af,ETHUSDT,1h,SHORT_ONLY,wf_3_train,adverse,30,43,0,73,41.0958904109589,121.79162026175453,-78.38796175198219,-53.87195160316455,1.5537031138416455,8.218826723455196,120.49689297268526,-77.10249651321908,-103.68345727147211,-103.10067763031512,-53.87195160316455,167.16981434210982,188.7513395977435,193.12493721693775,733.8916447452148,1370.3707065566014,68.22605503107982,259.26497355953745,484.11659615706304,89.9413153004638,193.12493721693775,,3.877619897498652,,1.0839789166337062
atr,eth_short_regime_challenge_v1_atr,20261007T203617Z-52e2dc923989,67795a05cc6f4e188327e4a1b18ff84c,49c4a234fbe24bab,ETHUSDT,1h,SHORT_ONLY,wf_3_train,base,22,39,0,61,36.0655737704918,124.22156901166277,-72.43997316376755,-53.02834144421174,1.7148207486332274,4.058480745085776,110.1627880279386,-71.01392130262845,-101.92850946746091,-100.1541779760876,-53.02834144421174,176.71018183505547,188.1802644025679,189.944405012711,736.9840116615562,1207.835854529856,,,,-282.22884014306425,189.944405012711,,-1.5128595923008739,,0.9673347812802822
atr,eth_short_regime_challenge_v1_atr,20261007T203617Z-52e2dc923989,a1f86c08006f4b97abbf7c0e81f7e95f,49c4a234fbe24bab,ETHUSDT,1h,SHORT_ONLY,wf_3_train,adverse,22,39,0,61,36.0655737704918,119.38654979679086,-74.49686305149726,-56.30507557428708,1.6025715031015844,8.011234609899514,105.81244864506169,-73.58766277961115,-101.52790292069696,-99.90325778945173,-56.30507557428708,173.34327361924764,180.0891276857762,181.1218834078048,708.5070353286128,1164.1350492645486,,,,-459.99544688679896,181.1218834078048,,-4.571697761950722,,0.9040146940573042
atr,eth_short_regime_challenge_v1_atr,20261007T203617Z-52e2dc923989,e4d62c73cb0340c985343dc825f2d6eb,cfd1f51b4fb4e68c,ETHUSDT,1h,SHORT_ONLY,wf_3_train,base,17,29,0,46,36.95652173913044,127.91659398244934,-71.832707507482,-52.880141733029106,1.780756961849527,4.056956613156139,111.62026764128362,-69.72121225984814,-102.9711125791846,-101.15228446336847,-52.880141733029106,180.47960231147997,191.62764222914782,192.57331930604462,564.7812098003844,908.0243040006374,210.61553024430557,617.6956101851573,993.0971795624434,-101.13973932138381,192.57331930604462,,1.987686521405671,,1.043892012118688
atr,eth_short_regime_challenge_v1_atr,20261007T203617Z-52e2dc923989,ce842268a14a4b8ca48d9cc203e9e8a1,cfd1f51b4fb4e68c,ETHUSDT,1h,SHORT_ONLY,wf_3_train,adverse,17,29,0,46,36.95652173913044,123.1804297769953,-74.11135102253817,-55.86261122924282,1.6620993690903654,8.026860187275444,106.9394968143639,-73.03613644593513,-102.70554987525986,-101.15888034272882,-55.86261122924282,173.66121448346956,183.78845746516382,184.00077423676078,541.2969281970718,877.6943766403375,,,,-239.16264768144785,184.00077423676078,,-1.1991711618410223,,0.9743341129150417
atr,eth_short_regime_challenge_v1_atr,20261007T203617Z-52e2dc923989,fe9af974b0e24ae58865c7c8c1de2690,817d1c5f49c84d4e,ETHUSDT,1h,SHORT_ONLY,wf_3_test,base,6,8,0,14,42.857142857142854,138.3625391609743,-71.7763545462731,-37.88862886699908,1.9276896971937205,4.143696049639208,129.27385123566924,-83.93352479228659,-103.37738216476073,-98.50559485937832,-37.88862886699908,160.58292724772514,188.54133920272017,195.53094219146897,195.53094219146897,337.295707546409,76.38989768274106,76.38989768274106,131.77446136922524,60.43345640419207,195.53094219146897,,18.2831713282615,,1.4457672728952902
atr,eth_short_regime_challenge_v1_atr,20261007T203617Z-52e2dc923989,0778625bfecc4e9c8f32a4783048e827,817d1c5f49c84d4e,ETHUSDT,1h,SHORT_ONLY,wf_3_test,adverse,6,8,0,14,42.857142857142854,133.8281416473752,-74.64231257832672,-41.23336203285415,1.792925982926121,8.240874750869022,125.62860607137546,-87.3186561344765,-103.64012694031109,-100.45517117920812,-41.23336203285415,155.21943692689803,180.06685247595286,186.2787063632166,186.2787063632166,324.7739212859431,90.50108841337679,90.50108841337679,157.7871885546987,19.551642894420723,186.2787063632166,,14.702167804116954,,1.3446944871945905
donchian_atr,eth_short_regime_challenge_v1_donchian_atr,20261007T203647Z-194d4424b93c,b8723678ab154b20b0a084d4473e110a,ff43266d9f6c730a,ETHUSDT,1h,SHORT_ONLY,train,base,17,44,0,61,27.868852459016395,77.48207000318779,-48.530301849661335,-34.67459753417308,1.5965709474302086,4.012817853366191,71.17446593315327,-45.72512359930667,-95.08888537258433,-76.28821457780398,-34.67459753417308,104.33900364444213,152.02802201492128,161.73822831051496,518.8217334621395,776.1887207819289,,,,-979.8763196414211,161.73822831051496,,-13.412099857883707,,0.6168569569616713
donchian_atr,eth_short_regime_challenge_v1_donchian_atr,20261007T203647Z-194d4424b93c,6ebeceed1be44ea48dcc281a80fddd38,ff43266d9f6c730a,ETHUSDT,1h,SHORT_ONLY,train,adverse,16,43,0,59,27.11864406779661,74.61348917556542,-50.32638791243255,-38.067778112051144,1.4825917827719366,7.9323177675967305,62.89565678095113,-48.19346005290096,-93.8710243565476,-75.31374244097334,-38.067778112051144,102.50020496433129,146.31662770217315,155.37829665394773,403.0310045529627,688.8230244874757,,,,-1125.5971500795008,155.37829665394773,,-16.444387346195814,,0.5516620587058368
donchian_atr,eth_short_regime_challenge_v1_donchian_atr,20261007T203647Z-194d4424b93c,a3bf8e8b459c457294c431e6b4c51375,e0dd4c731d1d27f0,ETHUSDT,1h,SHORT_ONLY,train,base,17,41,0,58,29.310344827586206,78.17621872652391,-50.03468638592125,-35.69272562377231,1.5624404662706375,4.038253894681265,71.72322576512303,-48.02661389961565,-96.09691015842647,-79.65977357275,-35.69272562377231,105.85861889418983,154.10337408290562,163.42425094209486,418.80330456574904,706.1013574595087,,,,-885.8506744139596,163.42425094209486,,-12.45562799089422,,0.6478411689414839
donchian_atr,eth_short_regime_challenge_v1_donchian_atr,20261007T203647Z-194d4424b93c,ff049b6d0b4a42d191e26cc3afc9e1fc,e0dd4c731d1d27f0,ETHUSDT,1h,SHORT_ONLY,train,adverse,16,40,0,56,28.571428571428573,75.35475893022705,-51.81104429753801,-38.96111270444278,1.4544149795067502,7.985816312883014,63.320616237710595,-50.438762387035524,-94.98426685810088,-78.69738413415703,-38.96111270444278,104.48081444084154,148.4671222037352,157.15843321043744,407.2337382892134,696.3001766717224,,,,-1023.9240622283252,157.15843321043744,,-15.47795766103371,,0.5817659918026998
donchian_atr,eth_short_regime_challenge_v1_donchian_atr,20261007T203647Z-194d4424b93c,6def503865814554987af189861dcdd2,827790540ac7604f,ETHUSDT,1h,SHORT_ONLY,train,base,16,40,0,56,28.571428571428573,78.58019840297885,-49.4901620469723,-35.818699219624804,1.5877943242213777,4.039820922830314,68.9606419216069,-46.280150079111436,-96.1793681225977,-81.37822928429715,-35.818699219624804,106.14792913178547,154.43206665062175,163.42606484487226,418.80790519468553,706.1091625722139,,,,-885.7493722761028,163.42606484487226,,-12.898630489843404,,0.635117729688551
donchian_atr,eth_short_regime_challenge_v1_donchian_atr,20261007T203647Z-194d4424b93c,d12d689d659b4cf2843638024096038e,827790540ac7604f,ETHUSDT,1h,SHORT_ONLY,train,adverse,15,39,0,54,27.77777777777778,75.88573455542357,-51.251107995923704,-38.96111270444278,1.4806652484753928,7.991044205681582,58.655709307543226,-48.50920435754205,-95.12629546839591,-80.90069216016265,-38.96111270444278,105.11787573237332,148.88505729629384,157.26617187410395,407.51266778857973,696.7771087849767,,,,-1017.773365383775,157.26617187410395,,-15.93531839832724,,0.5694866340289972
donchian_atr,eth_short_regime_challenge_v1_donchian_atr,20261007T203647Z-194d4424b93c,88919b3ba6d9468ca662e541ef7e19dd,6719be4e317770b6,ETHUSDT,1h,SHORT_ONLY,train,base,13,33,0,46,28.26086956521739,74.18255554156963,-50.7331070627099,-37.64775124196507,1.4622119526382336,4.053588147712216,72.00261028479035,-49.799937874232405,-96.36449712768062,-88.02813085655492,-37.64775124196507,92.08820472603189,140.12825493833824,161.9890003694885,368.1769451511608,536.4606478967769,,,,-871.8083113985101,161.9890003694885,,-15.430854587587424,,0.5760228904332437
donchian_atr,eth_short_regime_challenge_v1_donchian_atr,20261007T203647Z-194d4424b93c,f12833c236a64fc8987cecca6468164d,6719be4e317770b6,ETHUSDT,1h,SHORT_ONLY,train,adverse,12,33,0,45,26.666666666666668,71.59110571692926,-53.1668882097821,-41.75799978714812,1.3465355624058757,8.021741800817463,63.499191134758874,-52.60475039567646,-95.45901789327102,-88.33401149757995,-41.75799978714812,103.81090867175847,135.8355926636228,156.25000038724946,374.52652177412574,531.4415149249295,,,,-1051.6640427069078,156.25000038724946,,-19.898089829325738,,0.48964929542031843
donchian_atr,eth_short_regime_challenge_v1_donchian_atr,20261007T203647Z-194d4424b93c,a829314d04e64ce8bf44aa4b3a74b597,4c4aa07c4c65af74,ETHUSDT,1h,SHORT_ONLY,train,base,13,32,0,45,28.88888888888889,74.40311964663991,-51.48564083796626,-38.84969043189473,1.4451236973197772,4.06129686131122,72.23141136052655,-50.182763568416064,-96.71486412460388,-89.39187201647489,-38.84969043189473,92.51930017516507,141.0608508304506,162.50369528257164,369.3468602554078,538.1652056019046,,,,-842.8036466911728,162.50369528257164,,-15.117776697968917,,0.5870815020361595
donchian_atr,eth_short_regime_challenge_v1_donchian_atr,20261007T203647Z-194d4424b93c,2a6d5ea759914484b47565b472844415,4c4aa07c4c65af74,ETHUSDT,1h,SHORT_ONLY,train,adverse,12,32,0,44,27.272727272727273,71.82581057871987,-53.91518776119597,-42.587161700768746,1.3321999525783823,8.037500913348037,63.619440777507606,-53.269213592605695,-95.85016557691229,-89.5094108812635,-42.587161700768746,105.33320763157201,136.7791436219543,156.79982373282022,375.8443099117854,533.3113355372288,,,,-1020.176105146453,156.79982373282022,,-19.6221882139462,,0.4995749822168935
donchian_atr,eth_short_regime_challenge_v1_donchian_atr,20261007T203647Z-194d4424b93c,e000f7d1c3e341fa96ca8272a60bcf2f,db2f1a56c8656a10,ETHUSDT,1h,SHORT_ONLY,train,base,12,31,0,43,27.906976744186046,74.58471197883001,-50.813328428125914,-38.84969043189473,1.467817879403985,4.063085525686818,69.13307251785929,-48.36743311828831,-96.80360180014104,-91.61300494609016,-38.84969043189473,92.79732232760269,142.03707968023193,162.50550918534907,369.3509468141765,538.1711554021957,,,,-842.7021467112921,162.50550918534907,,-15.8185264540917,,0.5681875662208975
donchian_atr,eth_short_regime_challenge_v1_donchian_atr,20261007T203647Z-194d4424b93c,3d9f21bb838441a0a26d75dc77778fc9,db2f1a56c8656a10,ETHUSDT,1h,SHORT_ONLY,train,adverse,11,31,0,42,26.19047619047619,72.15673245415923,-53.25287069853222,-42.60198583237133,1.3549829616255413,8.042500050335873,58.655709307543226,-51.21068457074379,-95.98667983227895,-91.32706217012415,-42.60198583237133,107.72114358212092,137.80476349206933,156.90733979594194,376.1020229232968,533.6770517449899,,,,-1014.0222744546895,156.90733979594194,,-20.40749844425589,,0.48080040573809546
donchian_atr,eth_short_regime_challenge_v1_donchian_atr,20261007T203647Z-194d4424b93c,95e401341ff947939d9fa3ac4554378a,ff43266d9f6c730a,ETHUSDT,1h,SHORT_ONLY,validation,base,14,20,0,34,41.1764705882353,112.70616310620743,-68.31479400361894,-49.131506408086466,1.6498060888573691,4.23731745345889,115.42903259657938,-63.720944914906056,-105.15317093681575,-102.00814480204832,-49.131506408086466,137.6506624225657,180.96531209082343,199.47984323088593,342.8550466434004,610.0033274539287,94.27641330220759,162.03714398696806,288.29442054556523,12.110560183639052,199.47984323088593,,6.223247159250736,,1.1548642622001584
donchian_atr,eth_short_regime_challenge_v1_donchian_atr,20261007T203647Z-194d4424b93c,81765cc7b3cd40c9b383fd691ff66219,ff43266d9f6c730a,ETHUSDT,1h,SHORT_ONLY,validation,adverse,14,20,0,34,41.1764705882353,108.50202997574561,-70.91485953405491,-52.33660159533393,1.5300323611815168,8.404805005012763,111.92679829468688,-66.89569876215997,-104.52884751008119,-101.61755923242312,-52.33660159533393,133.67340248636205,174.0915816109037,191.05507592999905,330.70562362031495,589.2156719714367,189.6681673259282,328.304962593221,584.9384326406691,-90.32384695065875,191.05507592999905,,2.9626832052747165,,1.0710226528270614
donchian_atr,eth_short_regime_challenge_v1_donchian_atr,20261007T203647Z-194d4424b93c,c122df20c69a4f22ac5a2010df9ee60a,e0dd4c731d1d27f0,ETHUSDT,1h,SHORT_ONLY,validation,base,14,20,0,34,41.1764705882353,112.70616310620743,-68.31479400361894,-49.131506408086466,1.6498060888573691,4.23731745345889,115.42903259657938,-63.720944914906056,-105.15317093681575,-102.00814480204832,-49.131506408086466,137.6506624225657,180.96531209082343,199.47984323088593,342.8550466434004,610.0033274539287,94.27641330220759,162.03714398696806,288.29442054556523,12.110560183639052,199.47984323088593,,6.223247159250736,,1.1548642622001584
donchian_atr,eth_short_regime_challenge_v1_donchian_atr,20261007T203647Z-194d4424b93c,4d746512f47a43a7b714d58cdb0ebdb3,e0dd4c731d1d27f0,ETHUSDT,1h,SHORT_ONLY,validation,adverse,14,20,0,34,41.1764705882353,108.50202997574561,-70.91485953405491,-52.33660159533393,1.5300323611815168,8.404805005012763,111.92679829468688,-66.89569876215997,-104.52884751008119,-101.61755923242312,-52.33660159533393,133.67340248636205,174.0915816109037,191.05507592999905,330.70562362031495,589.2156719714367,189.6681673259282,328.304962593221,584.9384326406691,-90.32384695065875,191.05507592999905,,2.9626832052747165,,1.0710226528270614
donchian_atr,eth_short_regime_challenge_v1_donchian_atr,20261007T203647Z-194d4424b93c,88add49ff8394e3e8ba1ca1eafc80c6f,827790540ac7604f,ETHUSDT,1h,SHORT_ONLY,validation,base,14,19,0,33,42.42424242424242,112.92798304178143,-69.02010234277266,-49.073061855630804,1.6361607590923328,4.241820810679778,115.42903259657938,-65.58256318138008,-105.36384956870567,-102.71626334993658,-49.073061855630804,138.09101172948482,181.52635848900704,199.47984323088593,342.8550466434004,610.7566119136119,73.98834532703196,127.16712213778142,226.53352028519973,70.1299748413735,199.47984323088593,,8.169994487038165,,1.2055921382785613
donchian_atr,eth_short_regime_challenge_v1_donchian_atr,20261007T203647Z-194d4424b93c,3fc7dd5681b44cc1b70af38fb8fa57f6,827790540ac7604f,ETHUSDT,1h,SHORT_ONLY,validation,adverse,14,19,0,33,42.42424242424242,108.72798608441391,-71.60989437508994,-52.40048264531353,1.5183374732393935,8.41448738350366,111.92679829468688,-68.7713147174066,-104.75578579778477,-102.3043326761996,-52.40048264531353,134.1331828866662,174.60562689330044,191.05507592999905,330.70562362031495,589.9873383898145,118.22436209912814,204.63974173306485,365.0825626493923,-29.451263874913337,191.05507592999905,,4.8970852137904775,,1.1187749802816582
donchian_atr,eth_short_regime_challenge_v1_donchian_atr,20261007T203647Z-194d4424b93c,bb884692d73849d99ead7a0bd625d129,6719be4e317770b6,ETHUSDT,1h,SHORT_ONLY,validation,base,10,16,0,26,38.46153846153846,122.26996761712954,-71.14055495622503,-49.61981466837587,1.7187097808326912,4.1559706269873775,122.11367883192435,-69.60466584761873,-103.65293865547004,-102.02131782355745,-49.61981466837587,155.04499021248876,186.62355234721423,196.07698128998715,354.3402468088827,499.73041110215115,232.17895929139033,419.5818866543412,591.7414987349212,-111.62618441829228,196.07698128998715,,3.248107571988262,,1.074193613020432
donchian_atr,eth_short_regime_challenge_v1_donchian_atr,20261007T203647Z-194d4424b93c,08b5fbc540c645219a9bcd0e226fb43c,6719be4e317770b6,ETHUSDT,1h,SHORT_ONLY,validation,adverse,10,16,0,26,38.46153846153846,118.07206279042046,-73.68452880182008,-52.783167849454195,1.6023996449510303,8.248321093706526,118.40949112747272,-72.91257942555472,-103.21191276851397,-101.47400779750546,-52.783167849454195,151.26138729554953,179.6081584035861,187.91921060779762,342.5942123987491,483.6147562080928,10627.91029512552,19375.669710545288,27351.191130244853,-186.1510435327143,187.91921060779762,,0.06800642596474359,,1.001499778094394
donchian_atr,eth_short_regime_challenge_v1_donchian_atr,20261007T203647Z-194d4424b93c,f96dc49ebcac4155a00123c436ee4eff,4c4aa07c4c65af74,ETHUSDT,1h,SHORT_ONLY,validation,base,10,16,0,26,38.46153846153846,122.26996761712954,-71.14055495622503,-49.61981466837587,1.7187097808326912,4.1559706269873775,122.11367883192435,-69.60466584761873,-103.65293865547004,-102.02131782355745,-49.61981466837587,155.04499021248876,186.62355234721423,196.07698128998715,354.3402468088827,499.73041110215115,232.17895929139033,419.5818866543412,591.7414987349212,-111.62618441829228,196.07698128998715,,3.248107571988262,,1.074193613020432
donchian_atr,eth_short_regime_challenge_v1_donchian_atr,20261007T203647Z-194d4424b93c,c90476a092114b7185d5fa04f2801b68,4c4aa07c4c65af74,ETHUSDT,1h,SHORT_ONLY,validation,adverse,10,16,0,26,38.46153846153846,118.07206279042046,-73.68452880182008,-52.783167849454195,1.6023996449510303,8.248321093706526,118.40949112747272,-72.91257942555472,-103.21191276851397,-101.47400779750546,-52.783167849454195,151.26138729554953,179.6081584035861,187.91921060779762,342.5942123987491,483.6147562080928,10627.91029512552,19375.669710545288,27351.191130244853,-186.1510435327143,187.91921060779762,,0.06800642596474359,,1.001499778094394
donchian_atr,eth_short_regime_challenge_v1_donchian_atr,20261007T203647Z-194d4424b93c,18c6eed06b064a25a6ca315c76e6f172,db2f1a56c8656a10,ETHUSDT,1h,SHORT_ONLY,validation,base,10,16,0,26,38.46153846153846,122.26996761712954,-71.14055495622503,-49.61981466837587,1.7187097808326912,4.1559706269873775,122.11367883192435,-69.60466584761873,-103.65293865547004,-102.02131782355745,-49.61981466837587,155.04499021248876,186.62355234721423,196.07698128998715,354.3402468088827,499.73041110215115,232.17895929139033,419.5818866543412,591.7414987349212,-111.62618441829228,196.07698128998715,,3.248107571988262,,1.074193613020432
donchian_atr,eth_short_regime_challenge_v1_donchian_atr,20261007T203647Z-194d4424b93c,034a34fd5f8d4dd494a004e85e033662,db2f1a56c8656a10,ETHUSDT,1h,SHORT_ONLY,validation,adverse,10,16,0,26,38.46153846153846,118.07206279042046,-73.68452880182008,-52.783167849454195,1.6023996449510303,8.248321093706526,118.40949112747272,-72.91257942555472,-103.21191276851397,-101.47400779750546,-52.783167849454195,151.26138729554953,179.6081584035861,187.91921060779762,342.5942123987491,483.6147562080928,10627.91029512552,19375.669710545288,27351.191130244853,-186.1510435327143,187.91921060779762,,0.06800642596474359,,1.001499778094394
donchian_atr,eth_short_regime_challenge_v1_donchian_atr,20261007T203647Z-194d4424b93c,9834fe4e38f64f3fbfa74408923bc63a,ff43266d9f6c730a,ETHUSDT,1h,SHORT_ONLY,test,base,27,41,0,68,39.705882352941174,113.48439474594417,-68.22556714148679,-46.402502636815946,1.663370485592288,4.323949263558964,106.49277243996623,-67.22296635862837,-106.273892738928,-104.79760555770038,-46.402502636815946,169.7743016938652,183.93775789937408,191.0156850042568,719.4672631071263,1180.8111783871736,71.58692607058593,269.6346625833835,442.5324680988385,75.81472033527695,191.0156850042568,,3.9239765491107894,,1.0953903197802874
donchian_atr,eth_short_regime_challenge_v1_donchian_atr,20261007T203647Z-194d4424b93c,42c07221b11145e09ab067a2e33c0acd,ff43266d9f6c730a,ETHUSDT,1h,SHORT_ONLY,test,adverse,27,40,0,67,40.298507462686565,109.29264687316949,-70.92658966895513,-48.82651140373518,1.5409262927103253,8.558895502034098,102.60782307587857,-70.62942072231446,-105.40588217295195,-104.13318491889666,-48.82651140373518,165.78049904488643,178.19320770186425,184.30483231589,698.7500433231801,1146.7227217306008,161.901147694053,613.8115454910874,1007.329663591387,-70.46695349851834,184.30483231589,,1.6990728181697254,,1.0401252475794698
donchian_atr,eth_short_regime_challenge_v1_donchian_atr,20261007T203647Z-194d4424b93c,8ed2a467f3f5407a92cc7a47bcbcce92,e0dd4c731d1d27f0,ETHUSDT,1h,SHORT_ONLY,test,base,27,38,0,65,41.53846153846154,113.76162058597039,-70.2602714036152,-45.92389155731907,1.6191457606597979,4.331593490198983,106.49277243996623,-68.30568113255458,-106.58703931248343,-105.22366032353433,-45.92389155731907,171.3588342365803,185.1565410641325,191.95068342878787,721.2854828172095,1184.0900586824964,47.7877457473476,179.57012003507265,294.78923260658047,209.7227590550352,191.95068342878787,,6.179591422828046,,1.1504456720477512
donchian_atr,eth_short_regime_challenge_v1_donchian_atr,20261007T203647Z-194d4424b93c,cef759945c584deea3664286ef19e0ce,e0dd4c731d1d27f0,ETHUSDT,1h,SHORT_ONLY,test,adverse,27,37,0,64,42.1875,109.57710050803328,-73.01103037801177,-48.8822953292004,1.5008293944175577,8.576258363943776,102.60782307587857,-72.41039489980936,-105.73179525910069,-104.64137597461995,-48.8822953292004,167.3399707753785,179.40591244927197,185.27025701950464,700.6324465795742,1150.1214401236234,72.04093437964657,272.43561335901086,447.21599964017855,71.90333271095875,185.27025701950464,,4.0183373395384905,,1.095199828358758
donchian_atr,eth_short_regime_challenge_v1_donchian_atr,20261007T203647Z-194d4424b93c,b8636398bdbf45098f420601b59391d6,827790540ac7604f,ETHUSDT,1h,SHORT_ONLY,test,base,25,38,0,63,39.682539682539684,114.50983429885697,-70.31613440981049,-47.04783494226106,1.628500133859472,4.293429260186101,106.49277243996623,-70.5990899788233,-105.57878678462478,-104.63807393154771,-47.04783494226106,172.54586997289132,182.4833091938015,192.09617517448152,716.8191521071078,1176.1978157920066,100.71483543155584,375.82384382760586,616.6732333158081,-1.363425275856173,192.09617517448152,,3.0275039666448484,,1.0713816670128102
donchian_atr,eth_short_regime_challenge_v1_donchian_atr,20261007T203647Z-194d4424b93c,63d214cdd8f14054af6a580504d9090d,827790540ac7604f,ETHUSDT,1h,SHORT_ONLY,test,adverse,25,37,0,62,40.32258064516129,110.35652333448773,-73.05914297723682,-49.01658312675803,1.5105094152127096,8.500701367106595,102.60782307587857,-74.65903112771227,-104.95412547178108,-103.83758252594315,-49.01658312675803,168.5074929331182,176.87163014811597,185.41095321496795,696.3516967474662,1142.5766825977219,332.72613957448505,1249.626345301711,2050.3919653969583,-129.68616001053704,185.41095321496795,,0.8987869871682416,,1.0206144697383173
donchian_atr,eth_short_regime_challenge_v1_donchian_atr,20261007T203647Z-194d4424b93c,02f807b3e6734ceb8632cec814aface1,6719be4e317770b6,ETHUSDT,1h,SHORT_ONLY,test,base,22,30,0,52,42.30769230769231,117.94005180894538,-69.54405936424901,-46.46145503619801,1.695904048269803,4.43213826487382,110.24564948827734,-64.18016073754373,-108.8095469850613,-106.4829682788015,-46.46145503619801,175.5224039380107,190.69988402703947,196.09416710302082,557.7686968206287,1060.072137471223,38.57392682592984,109.71937215067595,208.52810496672885,312.2651917663076,196.09416710302082,,9.776141516717855,,1.2436629687311889
donchian_atr,eth_short_regime_challenge_v1_donchian_atr,20261007T203647Z-194d4424b93c,e824997c9f554815b58efb97889618e3,6719be4e317770b6,ETHUSDT,1h,SHORT_ONLY,test,adverse,22,29,0,51,43.13725490196079,113.93123769484781,-72.4868593679436,-48.785454909299965,1.5717502273968358,8.792616374540033,106.07089963870988,-67.23388353489861,-108.29772499996605,-105.96813897337617,-48.785454909299965,171.53012505338313,185.20743919942814,189.78462498477373,542.3373586908822,1032.959577300482,46.93360518373357,134.11964995177507,255.45018188731933,214.583682631514,189.78462498477373,,7.928790345417406,,1.1923622414734616
donchian_atr,eth_short_regime_challenge_v1_donchian_atr,20261007T203647Z-194d4424b93c,580f19ae128a465b87ff6e842de746eb,4c4aa07c4c65af74,ETHUSDT,1h,SHORT_ONLY,test,base,22,28,0,50,44.0,117.94005180894538,-71.4344122559944,-46.46145503619801,1.651025718337152,4.42838268696387,110.24564948827734,-65.54966189062282,-108.87029426725204,-106.51217317029847,-46.46145503619801,175.63785563178445,190.91142453982303,196.09416710302082,557.7686968206287,897.0620954166468,32.98374484034073,93.81870275721005,150.88907384797096,398.4234295259347,196.09416710302082,,11.89035193257911,,1.2972344929791906
donchian_atr,eth_short_regime_challenge_v1_donchian_atr,20261007T203647Z-194d4424b93c,9f4ba9c7bc62470fa03a7645c8ad745d,4c4aa07c4c65af74,ETHUSDT,1h,SHORT_ONLY,test,adverse,22,27,0,49,44.89795918367347,113.93123769484781,-74.43158928096058,-48.785454909299965,1.5306839313182738,8.785613675259297,106.07089963870988,-70.03816709183874,-108.3457362450186,-106.00425222671976,-48.785454909299965,171.6085961011117,185.39052663084192,189.78462498477373,542.3373586908822,873.6482612450357,38.19877529416329,109.15859437994582,175.84297790251986,307.04969371594257,189.78462498477373,,10.139475891851353,,1.2472239440371118
donchian_atr,eth_short_regime_challenge_v1_donchian_atr,20261007T203647Z-194d4424b93c,68838f625a7845f0a14cf745f2537bef,db2f1a56c8656a10,ETHUSDT,1h,SHORT_ONLY,test,base,20,27,0,47,42.5531914893617,119.4316257750905,-71.90893980359358,-46.700997432421985,1.6608731278933695,4.392752977904017,109.22157975504038,-70.26756271740769,-107.50506368808709,-106.06047296722745,-46.700997432421985,175.90461024105542,189.61659903058575,196.2428682254577,554.3718731989377,893.7898046591462,43.893258066400534,123.99527134468478,199.91221544902146,250.84827257932557,196.2428682254577,,9.512577463931555,,1.2302763910321257
donchian_atr,eth_short_regime_challenge_v1_donchian_atr,20261007T203647Z-194d4424b93c,92ccb6abe203436aa45e8b53d3f9fde6,db2f1a56c8656a10,ETHUSDT,1h,SHORT_ONLY,test,adverse,20,26,0,46,43.47826086956522,115.44467399979317,-74.91568526179229,-49.02859994173095,1.5409947008610096,8.714047636330458,105.12088691984258,-75.45343918631542,-106.87130552821539,-105.66140216718507,-49.02859994173095,171.82429770251073,184.1844888159375,189.92882544413396,539.1455987129323,870.5780303052763,52.599381478234534,149.31238032298666,241.1001374621071,171.1568377451299,189.92882544413396,,7.849688330201385,,1.1853805391238537
donchian_atr,eth_short_regime_challenge_v1_donchian_atr,20261007T203647Z-194d4424b93c,946d16c82eef44b7a02127159454c4c4,ff43266d9f6c730a,ETHUSDT,1h,SHORT_ONLY,diagnostic_year_2023,base,7,26,0,33,21.21212121212121,51.17382505487705,-41.05728716336509,-33.78507332609613,1.2464005439828187,4.117472598329889,56.736586362474455,-36.64248849245621,-89.13898122749954,-69.30850480506601,-33.78507332609613,59.73085490578908,68.14604895785011,71.17446593315327,132.8851288184842,248.03269810038654,,,,-780.4471567965063,71.17446593315327,,-21.493111844344032,,0.3355693772261435
donchian_atr,eth_short_regime_challenge_v1_donchian_atr,20261007T203647Z-194d4424b93c,9c7fa1ce81fa4270bea9724bfe791569,ff43266d9f6c730a,ETHUSDT,1h,SHORT_ONLY,diagnostic_year_2023,adverse,7,26,0,33,21.21212121212121,47.690013570294205,-43.9749518453903,-36.79441447720882,1.0844813142255518,8.181270927493333,53.233385863846465,-39.719769106053064,-89.59560379682412,-71.89894207672164,-36.79441447720882,56.265312005632055,64.52419228416224,67.41936651209309,125.79131356190226,233.88558806859606,,,,-876.9380195001817,67.41936651209309,,-24.530868272366316,,0.29197573844534075
donchian_atr,eth_short_regime_challenge_v1_donchian_atr,20261007T203647Z-194d4424b93c,d0c4a346080848e19cff62348d7477e1,e0dd4c731d1d27f0,ETHUSDT,1h,SHORT_ONLY,diagnostic_year_2023,base,7,24,0,31,22.580645161290324,51.54023283952406,-41.60099502236712,-34.04555411949144,1.238918271349352,4.138708317184888,57.174012083682896,-36.86690969593488,-90.36406114902812,-70.12580922326322,-34.04555411949144,60.42540009596755,68.80310838782776,71.72322576512303,133.71272693926187,249.74803804074105,,,,-709.3654764252656,71.72322576512303,,-20.569104860004597,,0.36135116247689425
donchian_atr,eth_short_regime_challenge_v1_donchian_atr,20261007T203647Z-194d4424b93c,f161b4cd17da437c9dac74dca88d555a,e0dd4c731d1d27f0,ETHUSDT,1h,SHORT_ONLY,diagnostic_year_2023,adverse,7,24,0,31,22.580645161290324,48.060985844304255,-44.53210251459465,-37.10339331616902,1.0792435822798412,8.225717286134627,53.680369397113836,-39.98318039796695,-90.82407867807802,-72.77863316445834,-37.10339331616902,56.9886340366312,65.18657900977753,67.98552316787796,126.64123247542119,235.6431606382542,,,,-800.3290826080197,67.98552316787796,,-23.62398578839167,,0.3147793781649537
donchian_atr,eth_short_regime_challenge_v1_donchian_atr,20261007T203647Z-194d4424b93c,8dd2d5f360144ceea988ae35e5efde9b,827790540ac7604f,ETHUSDT,1h,SHORT_ONLY,diagnostic_year_2023,base,6,23,0,29,20.689655172413794,48.17640068525757,-40.28681782809562,-34.04555411949144,1.1958353447231025,4.148622237419388,52.0680091831732,-36.56886284133954,-91.0468305603371,-64.18262453163125,-34.04555411949144,58.186384244150915,61.1136045703629,61.98950117413882,120.8508001919351,178.024812275618,,,,-699.5279071087928,61.98950117413882,,-21.98408296326393,,0.3119570464495051
donchian_atr,eth_short_regime_challenge_v1_donchian_atr,20261007T203647Z-194d4424b93c,a217dacd32e54b0eb6d555c7cc612073,827790540ac7604f,ETHUSDT,1h,SHORT_ONLY,diagnostic_year_2023,adverse,6,23,0,29,20.689655172413794,44.74022962370864,-43.236264754851334,-37.10339331616902,1.0347848010780938,8.247455459345154,48.566511711174456,-39.85444729683443,-91.4577254591333,-67.13129228935257,-37.10339331616902,54.66508301827703,57.72214715583248,58.655709307543226,113.9772680732624,167.65763747037624,,,,-784.6484209268722,58.655709307543226,,-25.03423143514927,,0.26994386115080715
donchian_atr,eth_short_regime_challenge_v1_donchian_atr,20261007T203647Z-194d4424b93c,b731f0f30d754845b8abe858d82dd2d3,6719be4e317770b6,ETHUSDT,1h,SHORT_ONLY,diagnostic_year_2023,base,6,21,0,27,22.22222222222222,50.349052442069684,-43.012507958389406,-34.67459753417308,1.1705676983722435,4.148658708082056,52.04327561288275,-38.7266396425906,-91.44856997772733,-70.9670191921316,-34.67459753417308,60.52987405842601,69.39920191602094,72.00261028479035,133.99211145892917,191.1161889140253,,,,-673.1709627585496,72.00261028479035,,-22.265494536065162,,0.334447913820641
donchian_atr,eth_short_regime_challenge_v1_donchian_atr,20261007T203647Z-194d4424b93c,464a0801913a4d58a4bd3807be367099,6719be4e317770b6,ETHUSDT,1h,SHORT_ONLY,diagnostic_year_2023,adverse,6,21,0,27,22.22222222222222,46.90164012210559,-45.95536889393526,-37.879956528503804,1.0205910919865384,8.249500065477983,48.56523623996925,-41.75799978714812,-91.81437223543148,-73.71582915704255,-37.879956528503804,57.14903563058932,65.82406241182237,68.34267296197451,126.99838226951775,180.63184598721463,,,,-751.9955790019814,68.34267296197451,,-25.320478001481735,,0.29159745485329674
donchian_atr,eth_short_regime_challenge_v1_donchian_atr,20261007T203647Z-194d4424b93c,92e00c2580ab45798e9beb94eac6eeaa,4c4aa07c4c65af74,ETHUSDT,1h,SHORT_ONLY,diagnostic_year_2023,base,6,20,0,26,23.076923076923077,50.47621389588588,-43.70804055120401,-34.8689333887411,1.1548496171260056,4.15655806260504,52.208654770435,-39.92703786163087,-92.00524069192426,-71.33499195526954,-34.8689333887411,60.81852928028655,69.67093381392962,72.23141136052655,134.2209125346654,191.5265261333951,,,,-643.5349390092913,72.23141136052655,,-21.973212601875566,,0.3464548851378017
donchian_atr,eth_short_regime_challenge_v1_donchian_atr,20261007T203647Z-194d4424b93c,546c20d21f384d9a8fcbd5646e528f44,4c4aa07c4c65af74,ETHUSDT,1h,SHORT_ONLY,diagnostic_year_2023,adverse,6,20,0,26,23.076923076923077,47.03228958925154,-46.65317741331309,-38.040511246149364,1.0081261812583482,8.266220071924824,48.73614205228098,-42.963799873362476,-92.37162475122334,-74.11446474490737,-38.040511246149364,57.44733142134154,66.10130651248978,68.58317224747198,127.23888155501521,181.0610793177517,,,,-719.4529829782246,68.58317224747198,,-25.033454258875093,,0.3024378543775044
donchian_atr,eth_short_regime_challenge_v1_donchian_atr,20261007T203647Z-194d4424b93c,322502fb5ae44d189dcfb40ea1f360c3,db2f1a56c8656a10,ETHUSDT,1h,SHORT_ONLY,diagnostic_year_2023,base,5,19,0,24,20.833333333333332,46.12517440295774,-42.2013105280164,-34.995819619907955,1.0929796687791573,4.167666379554587,47.11169594214028,-38.84969043189473,-92.65736740283928,-69.53878345274627,-34.995819619907955,55.77652595024128,60.91220703179473,61.98950117413882,119.29511477286854,166.40681071500882,,,,-633.1885291916617,61.98950117413882,,-23.79995950073012,,0.2876262286260941
donchian_atr,eth_short_regime_challenge_v1_donchian_atr,20261007T203647Z-194d4424b93c,5236dfd1d33e4bddb77298a78fb760ad,db2f1a56c8656a10,ETHUSDT,1h,SHORT_ONLY,diagnostic_year_2023,adverse,5,19,0,24,20.833333333333332,42.72211305760745,-45.16176659388385,-38.18464772912114,0.9459796699669675,8.290066493206869,43.650086341825485,-41.904951247133795,-92.97041344674001,-72.43316679315791,-38.18464772912114,52.29638104959981,57.544001652237675,58.655709307543226,112.47790707027971,156.12799341210518,,,,-703.118709303299,58.655709307543226,,-26.85262499982316,,0.24894201841235983
donchian_atr,eth_short_regime_challenge_v1_donchian_atr,20261007T203647Z-194d4424b93c,92e7db64f9724ac2ba6c18841f7d7a71,ff43266d9f6c730a,ETHUSDT,1h,SHORT_ONLY,diagnostic_year_2024,base,24,38,0,62,38.70967741935484,107.98276597385035,-65.78029959449586,-48.087742521984936,1.6415669530165193,4.187096986969231,105.31064770902535,-65.42151703784012,-103.30803682808178,-100.3842110732467,-48.087742521984936,141.26007881268393,183.07785115038027,197.14251150108862,669.5897953394331,1063.1494870149236,214.43684572128186,728.3295852652958,1156.4143156633177,-105.20751271952281,197.14251150108862,,1.482822560992996,,1.0367791282209595
donchian_atr,eth_short_regime_challenge_v1_donchian_atr,20261007T203647Z-194d4424b93c,35ccc5357e144a60b80a236bf4f9d84b,ff43266d9f6c730a,ETHUSDT,1h,SHORT_ONLY,diagnostic_year_2024,adverse,23,37,0,60,38.333333333333336,105.57406234492518,-67.67805176670495,-51.204016320876185,1.5599453528723413,8.270567010981692,109.52604971392535,-67.56883085866079,-101.95752067500108,-99.34348071838095,-51.204016320876185,137.95146924437256,176.7109301914826,187.71440751780784,508.8435861327884,900.0423031297944,,,,-263.59888895261196,187.71440751780784,,-1.264741357246737,,0.969695759893618
donchian_atr,eth_short_regime_challenge_v1_donchian_atr,20261007T203647Z-194d4424b93c,ce3016cf15b0499092b46d051dfdbfdf,e0dd4c731d1d27f0,ETHUSDT,1h,SHORT_ONLY,diagnostic_year_2024,base,24,37,0,61,39.34426229508197,108.23971538769877,-66.99021331556723,-48.6286710939489,1.6157541531898054,4.195027968557031,105.42352414984342,-66.20675009965247,-103.6082749367094,-100.67863290362422,-48.6286710939489,142.07680075197322,183.80207498380037,197.67330977653117,671.3929728060638,1066.0127148539923,165.95126617769674,563.649761649321,894.9420637087305,-78.55803314774835,197.67330977653117,,1.952709452930868,,1.048056748015009
donchian_atr,eth_short_regime_challenge_v1_donchian_atr,20261007T203647Z-194d4424b93c,49b0cc7496e142fea0a8054bda77bf13,e0dd4c731d1d27f0,ETHUSDT,1h,SHORT_ONLY,diagnostic_year_2024,adverse,23,36,0,59,38.983050847457626,105.86670282037106,-68.90856564732431,-51.51453890269235,1.536335894178953,8.28839970637724,109.8582500179016,-68.28582409262023,-102.2955584194537,-99.65605876553418,-51.51453890269235,139.1151268678128,177.43409275807235,188.28392511520832,510.38734769751346,902.7729488259453,,,,-234.05812355034897,188.28392511520832,,-0.7758338717820447,,0.9815479323921088
donchian_atr,eth_short_regime_challenge_v1_donchian_atr,20261007T203647Z-194d4424b93c,27d628d6a97846acb587a4cb71c55fe0,827790540ac7604f,ETHUSDT,1h,SHORT_ONLY,diagnostic_year_2024,base,24,36,0,60,40.0,108.3679301225252,-67.33947328933338,-48.13448053427464,1.6092779588118749,4.197416817181957,105.42352414984342,-67.06368395200431,-103.97456283101542,-100.76112685181636,-48.13448053427464,142.8273745721535,184.03326223034583,197.67330977653117,529.3161720540905,936.868452704364,111.92690707548509,299.71027484704723,530.4751985300369,-21.064025251928427,197.67330977653117,,2.9434880754100474,,1.07285197254125
donchian_atr,eth_short_regime_challenge_v1_donchian_atr,20261007T203647Z-194d4424b93c,75c40ca6cbee4de29fff9a70ff29ffc8,827790540ac7604f,ETHUSDT,1h,SHORT_ONLY,diagnostic_year_2024,adverse,23,35,0,58,39.6551724137931,106.00225638916915,-69.2524656605018,-51.324952390059124,1.5306640042078332,8.293923950448338,109.8582500179016,-69.21249330849622,-102.67154105380502,-99.91375742829572,-51.324952390059124,139.8601812073455,177.62115883319535,188.28392511520832,510.38734769751346,903.5335051190773,1324.488171921316,3590.3330818603467,6355.929959143191,-174.06832628188073,188.28392511520832,,0.24509653160909747,,1.0058649170508618
donchian_atr,eth_short_regime_challenge_v1_donchian_atr,20261007T203647Z-194d4424b93c,b7ef6bf2425449e3b903f4d6a83c6dd7,6719be4e317770b6,ETHUSDT,1h,SHORT_ONLY,diagnostic_year_2024,base,17,28,0,45,37.77777777777778,112.5414440146133,-69.47610548419323,-50.414091187984084,1.619858269692708,4.133765333185538,102.17598962181914,-68.72714570178368,-102.13548023130399,-99.91852181437933,-50.414091187984084,153.8888179082769,184.3678228701548,193.81020959032045,522.5941087023186,797.1396179996291,,,,-225.93661489930457,193.81020959032045,,-0.7139201179774237,,0.9834853780277156
donchian_atr,eth_short_regime_challenge_v1_donchian_atr,20261007T203647Z-194d4424b93c,66f73e9bd81c4aaba24d0bf497df3dc0,6719be4e317770b6,ETHUSDT,1h,SHORT_ONLY,diagnostic_year_2024,adverse,16,28,0,44,36.36363636363637,110.87234996450407,-71.4117986575858,-54.096005506009135,1.5525774738727507,8.13563848086166,111.29084706982769,-71.40377423951526,-100.48161295274163,-99.1133337638505,-54.096005506009135,149.15753199545313,176.79704385457347,183.647707298449,502.52276863531154,765.575339805383,,,,-409.2204702787866,183.647707298449,,-5.1266537040985805,,0.8871871279272862
donchian_atr,eth_short_regime_challenge_v1_donchian_atr,20261007T203647Z-194d4424b93c,92c1e8865c6f4804a4dcb7f79ede23ec,4c4aa07c4c65af74,ETHUSDT,1h,SHORT_ONLY,diagnostic_year_2024,base,17,28,0,45,37.77777777777778,112.5414440146133,-69.47610548419323,-50.414091187984084,1.619858269692708,4.133765333185538,102.17598962181914,-68.72714570178368,-102.13548023130399,-99.91852181437933,-50.414091187984084,153.8888179082769,184.3678228701548,193.81020959032045,522.5941087023186,797.1396179996291,,,,-225.93661489930457,193.81020959032045,,-0.7139201179774237,,0.9834853780277156
donchian_atr,eth_short_regime_challenge_v1_donchian_atr,20261007T203647Z-194d4424b93c,0d58de13c1ce458680c63d3353d11796,4c4aa07c4c65af74,ETHUSDT,1h,SHORT_ONLY,diagnostic_year_2024,adverse,16,28,0,44,36.36363636363637,110.87234996450407,-71.4117986575858,-54.096005506009135,1.5525774738727507,8.13563848086166,111.29084706982769,-71.40377423951526,-100.48161295274163,-99.1133337638505,-54.096005506009135,149.15753199545313,176.79704385457347,183.647707298449,502.52276863531154,765.575339805383,,,,-409.2204702787866,183.647707298449,,-5.1266537040985805,,0.8871871279272862
donchian_atr,eth_short_regime_challenge_v1_donchian_atr,20261007T203647Z-194d4424b93c,b444796d7d0a47958c54c2efce3b90a4,db2f1a56c8656a10,ETHUSDT,1h,SHORT_ONLY,diagnostic_year_2024,base,17,28,0,45,37.77777777777778,112.5414440146133,-69.47610548419323,-50.414091187984084,1.619858269692708,4.133765333185538,102.17598962181914,-68.72714570178368,-102.13548023130399,-99.91852181437933,-50.414091187984084,153.8888179082769,184.3678228701548,193.81020959032045,522.5941087023186,797.1396179996291,,,,-225.93661489930457,193.81020959032045,,-0.7139201179774237,,0.9834853780277156
donchian_atr,eth_short_regime_challenge_v1_donchian_atr,20261007T203647Z-194d4424b93c,a654e1cf1f6843849bab1ecfdaa08ba0,db2f1a56c8656a10,ETHUSDT,1h,SHORT_ONLY,diagnostic_year_2024,adverse,16,28,0,44,36.36363636363637,110.87234996450407,-71.4117986575858,-54.096005506009135,1.5525774738727507,8.13563848086166,111.29084706982769,-71.40377423951526,-100.48161295274163,-99.1133337638505,-54.096005506009135,149.15753199545313,176.79704385457347,183.647707298449,502.52276863531154,765.575339805383,,,,-409.2204702787866,183.647707298449,,-5.1266537040985805,,0.8871871279272862
donchian_atr,eth_short_regime_challenge_v1_donchian_atr,20261007T203647Z-194d4424b93c,6b2d45e5e0834affbc15aab0a678e9c6,ff43266d9f6c730a,ETHUSDT,1h,SHORT_ONLY,diagnostic_year_2025,base,28,35,0,63,44.44444444444444,133.3630826950841,-84.26150416869399,-55.56349162637281,1.582728483318875,4.349035433448391,127.11423181890882,-86.27560564283955,-111.17105157766615,-107.95032739363228,-55.56349162637281,184.46987730741682,200.61303382476572,205.7986888401186,776.3716184350822,1302.16615392807,26.215936972916122,98.89912093787503,165.87815020611578,579.2149807179474,205.7986888401186,,12.460534437429613,,1.2661827866551
donchian_atr,eth_short_regime_challenge_v1_donchian_atr,20261007T203647Z-194d4424b93c,79b6f0cd14774339825ecf4cfd95fce9,ff43266d9f6c730a,ETHUSDT,1h,SHORT_ONLY,diagnostic_year_2025,adverse,28,35,0,63,44.44444444444444,128.55673149837872,-86.1669243061637,-58.39812445381824,1.4919498697852769,8.577102110252746,122.22893942703018,-88.74609017614583,-109.3244775432869,-107.30955409825371,-58.39812445381824,178.45950618234744,192.5542508999145,200.0929230900973,750.8233922480147,1259.4537598369718,34.2773874433126,128.6215620229558,215.75367997112943,383.6532081487778,200.0929230900973,,9.265811606966276,,1.1935598958282216
donchian_atr,eth_short_regime_challenge_v1_donchian_atr,20261007T203647Z-194d4424b93c,0f97421b8732488da629986155893a51,e0dd4c731d1d27f0,ETHUSDT,1h,SHORT_ONLY,diagnostic_year_2025,base,28,33,0,61,45.90163934426229,133.7937549582746,-86.1587070776469,-55.89769031417552,1.5528756117208051,4.3570183660649615,127.87874437149144,-88.3342182212195,-111.86130918506979,-107.99939728777557,-55.89769031417552,185.69193755063296,200.78031301880932,205.7986888401186,777.4818793385864,1305.4163091613777,22.790860257380047,86.10103866316123,144.56632764514478,697.1891164292226,205.7986888401186,,14.803078774907233,,1.3175914281267438
donchian_atr,eth_short_regime_challenge_v1_donchian_atr,20261007T203647Z-194d4424b93c,a8dd3ff9b4d94cbdace99518580ca85d,e0dd4c731d1d27f0,ETHUSDT,1h,SHORT_ONLY,diagnostic_year_2025,adverse,28,33,0,61,45.90163934426229,128.99370489456936,-88.02943409283984,-58.769544054843564,1.4653474286626305,8.594326167603157,123.00624492798082,-90.9849302262085,-110.04328147779769,-107.34663700648247,-58.769544054843564,179.76348946143264,192.79743387379133,200.0929230900973,751.9596109869595,1262.771283743467,28.30759571554835,106.38141686128091,178.64709270761384,506.75948889412996,200.0929230900973,,11.587744458757825,,1.2433250909864744
donchian_atr,eth_short_regime_challenge_v1_donchian_atr,20261007T203647Z-194d4424b93c,5ef729a9f8b3430182df8d5e0678ad00,827790540ac7604f,ETHUSDT,1h,SHORT_ONLY,diagnostic_year_2025,base,28,32,0,60,46.666666666666664,134.53982757007438,-87.8601229850731,-59.392914407556866,1.5312956890913054,4.365360402689158,128.39826970335622,-88.67471365508464,-112.41190220656226,-108.07063964812203,-59.392914407556866,186.55548297013084,200.86395261583112,205.7986888401186,591.8622506755204,1137.9306485883858,21.53626791376457,61.93675999799118,119.08131899869511,749.7925475996249,205.7986888401186,,15.926520607329056,,1.3398837279548925
donchian_atr,eth_short_regime_challenge_v1_donchian_atr,20261007T203647Z-194d4424b93c,242e3c150a8b4aa880c61e452f832629,827790540ac7604f,ETHUSDT,1h,SHORT_ONLY,diagnostic_year_2025,adverse,28,32,0,60,46.666666666666664,129.7453911236258,-89.70878680665734,-62.52201864869582,1.4462952375362779,8.611519692759156,123.54815577009245,-91.5747932262914,-110.62383226244314,-107.4234024939032,-62.52201864869582,180.7397284218042,192.91902536072973,200.0929230900973,572.2670152099695,1099.795136310791,26.25237572163724,75.08195924364267,144.2941343920475,562.0968505583899,200.0929230900973,,12.703162894141453,,1.2655083328442431
donchian_atr,eth_short_regime_challenge_v1_donchian_atr,20261007T203647Z-194d4424b93c,40abb5fb23ef44fd8350a70b76469f5a,6719be4e317770b6,ETHUSDT,1h,SHORT_ONLY,diagnostic_year_2025,base,24,22,0,46,52.17391304347826,137.3643574112401,-92.66571371659846,69.51723154687176,1.482364424789782,4.349749370787859,133.51099236720117,-97.65252722061575,-115.31918932853004,-107.9018911020573,69.51723154687176,190.4106246399933,198.776578842689,202.4796466523233,587.4533768209296,965.5209369041797,16.094096457605417,46.693736714862936,76.74443998342053,1055.6192294522725,202.4796466523233,,27.349975567491214,,1.6171248270433984
donchian_atr,eth_short_regime_challenge_v1_donchian_atr,20261007T203647Z-194d4424b93c,ce56873bce1f4832b757b0bc255700be,6719be4e317770b6,ETHUSDT,1h,SHORT_ONLY,diagnostic_year_2025,adverse,24,22,0,46,52.17391304347826,132.74442682439022,-94.37883338834109,65.30860315333483,1.4065063326030534,8.59352893154973,128.7986968445331,-100.27471183098007,-113.99422832720464,-109.07686896909576,65.30860315333483,184.80357338633831,191.67327671305407,197.0619429070697,567.0615557260653,935.6068826072385,17.76081798690416,51.10817913416623,84.32446825675656,912.4699663347918,197.0619429070697,,24.120258896562202,,1.5343705446578761
donchian_atr,eth_short_regime_challenge_v1_donchian_atr,20261007T203647Z-194d4424b93c,9f26cd76d87b4489aaa5d1c535a4c22a,4c4aa07c4c65af74,ETHUSDT,1h,SHORT_ONLY,diagnostic_year_2025,base,24,21,0,45,53.333333333333336,137.82035614479585,-94.3751287077046,76.44173229243894,1.460346152974777,4.360957607301299,134.31402910038946,-100.49200847507069,-116.01600772886948,-107.92574251776075,76.44173229243894,191.61873952968256,198.85886923845868,202.4796466523233,588.6005508514019,967.8074908079548,15.272136856851557,44.39551488380513,72.99740341845165,1123.3311979609807,202.4796466523233,,29.462463213628972,,1.6689670319711738
donchian_atr,eth_short_regime_challenge_v1_donchian_atr,20261007T203647Z-194d4424b93c,780bc062273345a0b7b16820eabe149c,4c4aa07c4c65af74,ETHUSDT,1h,SHORT_ONLY,diagnostic_year_2025,adverse,24,21,0,45,53.333333333333336,133.209010281829,-96.03950839081624,71.9953929723109,1.3870230336848235,8.61609219911439,129.6179023061566,-103.10491047356166,-114.72315934269858,-109.73784777862869,71.9953929723109,185.20866309800616,192.2335946029541,197.0619429070697,568.3894135280094,937.953385186738,16.69752459681908,48.160979603408876,79.47500917115649,983.1246276496851,197.0619429070697,,26.22636823459455,,1.5851691813540838
donchian_atr,eth_short_regime_challenge_v1_donchian_atr,20261007T203647Z-194d4424b93c,d5ecbc42e22c47a786d55b6121080973,db2f1a56c8656a10,ETHUSDT,1h,SHORT_ONLY,diagnostic_year_2025,base,24,21,0,45,53.333333333333336,138.40655202768357,-94.42862490036042,85.04605680647566,1.4657266498768562,4.362893038860835,134.3656898586754,-100.60685726737178,-116.1485992964041,-107.97922841443726,85.04605680647566,191.808719579453,198.85886923845868,202.4796466523233,588.819726377549,968.1723031844022,15.12446088998142,43.98259810349494,72.31879537709428,1136.276479104514,202.4796466523233,,29.750136127929718,,1.675116171287836
donchian_atr,eth_short_regime_challenge_v1_donchian_atr,20261007T203647Z-194d4424b93c,918158e1cd784c0e9dbe9b27a973801a,db2f1a56c8656a10,ETHUSDT,1h,SHORT_ONLY,diagnostic_year_2025,adverse,24,21,0,45,53.333333333333336,133.78962428239623,-96.09390282283636,80.51924619957367,1.3922800547403893,8.619910519722952,129.66770542169394,-103.22293530911223,-114.85439206343509,-109.84707742317968,80.51924619957367,185.26570998254573,192.32730398345677,197.0619429070697,568.6736979984627,938.308563341634,16.51847509684305,47.6683736090387,78.6525617684718,995.9170805908767,197.0619429070697,,26.510644966621026,,1.5911772054175877
donchian_atr,eth_short_regime_challenge_v1_donchian_atr,20261007T203647Z-194d4424b93c,e53a3a266b234afcbf6e9606e894344b,ff43266d9f6c730a,ETHUSDT,1h,SHORT_ONLY,diagnostic_year_2026,base,14,24,0,38,36.8421052631579,107.11515573702742,-59.6556409051139,-43.36949758898052,1.7955578736870985,4.276188376009056,92.48051574164377,-54.13536018118654,-104.54091553964041,-102.87826542797468,-43.36949758898052,158.89790196271298,183.48123496302725,187.31420382705147,364.2690323459293,656.9216920721177,275.9620484503147,536.6620699304336,967.8147845267015,-119.437405231401,187.31420382705147,,1.7862315419908044,,1.0474087596508077
donchian_atr,eth_short_regime_challenge_v1_donchian_atr,20261007T203647Z-194d4424b93c,617ee622ed084083bfd99ec8a79b0ce3,ff43266d9f6c730a,ETHUSDT,1h,SHORT_ONLY,diagnostic_year_2026,adverse,14,23,0,37,37.83783783783784,103.66541104787548,-62.60224490189931,-45.79674835048303,1.65593759792998,8.523624690365189,89.13791313388069,-56.625607160974354,-104.51125283543735,-103.24805309274709,-45.79674835048303,157.17094563785915,179.1393214697289,182.4391622171442,355.7121001359126,642.2518448885935,1591.3923751480004,3102.829003514125,5602.276816333667,-170.97504029057174,182.4391622171442,,0.30984113315060685,,1.007962016131292
donchian_atr,eth_short_regime_challenge_v1_donchian_atr,20261007T203647Z-194d4424b93c,1ffc60689d9147b58b3530fb5a433c43,e0dd4c731d1d27f0,ETHUSDT,1h,SHORT_ONLY,diagnostic_year_2026,base,14,22,0,36,38.888888888888886,107.11515573702742,-61.326759189407944,-43.36949758898052,1.7466299728345631,4.272698985992212,92.48051574164377,-55.82534600380785,-104.58006151282859,-102.92880095223802,-43.36949758898052,161.02224626343826,183.6884224691907,187.31420382705147,364.2690323459293,656.9216920721177,124.5245796261338,242.16235179675434,436.714866685167,-36.89072567564233,187.31420382705147,,4.178429948650256,,1.1114918008947223
donchian_atr,eth_short_regime_challenge_v1_donchian_atr,20261007T203647Z-194d4424b93c,fb1516870a7842d39284bb754b8e5ce7,e0dd4c731d1d27f0,ETHUSDT,1h,SHORT_ONLY,diagnostic_year_2026,adverse,14,21,0,35,40.0,103.66541104787548,-64.32749751021406,-45.79674835048303,1.6115256314986492,8.517487894067026,89.13791313388069,-58.490113651146984,-104.54051894017016,-103.28888864165215,-45.79674835048303,159.18369467297282,179.3226459556964,182.4391622171442,355.7121001359126,642.2518448885935,181.64300827721098,354.1597931281219,639.4490950265391,-82.00085526138284,182.4391622171442,,2.8696659130217532,,1.0743504209990993
donchian_atr,eth_short_regime_challenge_v1_donchian_atr,20261007T203647Z-194d4424b93c,2732b175ba82422e9f3d5d4fb1d40df5,827790540ac7604f,ETHUSDT,1h,SHORT_ONLY,diagnostic_year_2026,base,12,22,0,34,35.294117647058826,107.23524107620626,-61.35378761410329,-43.48574952741589,1.7478177834868711,4.202341025015514,89.24136883783687,-56.97233166023213,-102.68083572142395,-101.195857343732,-43.48574952741589,161.4807979173508,182.32500547978793,187.31420382705147,359.50962478360725,648.4791179157951,,,,-250.2746384228487,187.31420382705147,,-1.8517774881116835,,0.9533551546292025
donchian_atr,eth_short_regime_challenge_v1_donchian_atr,20261007T203647Z-194d4424b93c,03e1701098664a1da6a74d5c59daae27,827790540ac7604f,ETHUSDT,1h,SHORT_ONLY,diagnostic_year_2026,adverse,12,21,0,33,36.36363636363637,103.80756306054751,-64.33986408288084,-46.72117576341927,1.6134252774737832,8.373974530435964,85.78176589839282,-58.717135042378466,-102.87137980093775,-101.3898427808698,-46.72117576341927,159.35313618391308,178.03132442232518,182.4391622171442,351.103831325479,634.09577896437,,,,-287.88555123107176,182.4391622171442,,-3.19534512163417,,0.9219573014135903
donchian_atr,eth_short_regime_challenge_v1_donchian_atr,20261007T203647Z-194d4424b93c,d7573b10635c4c848355c283228e175b,6719be4e317770b6,ETHUSDT,1h,SHORT_ONLY,diagnostic_year_2026,base,11,19,0,30,36.666666666666664,111.42702286135513,-58.940188569712234,-44.681727448653,1.8905101182288115,4.364153639217483,96.17011162330522,-54.77799303632232,-105.28422418128788,-98.44904829723205,-44.681727448653,168.67069534043867,185.63283349215183,188.5826208354637,366.99356117674847,523.7595126272643,178.1877385904993,346.7644709446169,494.8893100904644,-82.74895218508965,188.5826208354637,,3.5277889550124684,,1.0945058579219435
donchian_atr,eth_short_regime_challenge_v1_donchian_atr,20261007T203647Z-194d4424b93c,0e7367db0f874a1cae292711a3cad2d0,6719be4e317770b6,ETHUSDT,1h,SHORT_ONLY,diagnostic_year_2026,adverse,11,18,0,29,37.93103448275862,108.03616427232105,-61.97349066691269,-47.23110726105935,1.743264145842296,8.712083615377969,92.81209982367275,-57.9794814265242,-105.35853119871469,-100.68890224939345,-47.23110726105935,166.61930292896832,181.2564123401124,183.7380176305554,358.61315922381436,512.8487041563468,252.12772649731522,492.0936978264421,703.737742920608,-110.86304263945225,183.7380176305554,,2.512930172107005,,1.0653280891258474
donchian_atr,eth_short_regime_challenge_v1_donchian_atr,20261007T203647Z-194d4424b93c,d7e2cfa4fe5e4a61944f2e04d7c086d9,4c4aa07c4c65af74,ETHUSDT,1h,SHORT_ONLY,diagnostic_year_2026,base,11,17,0,28,39.285714285714285,111.42702286135513,-61.00033367228675,-44.681727448653,1.8266625140114254,4.364974888568809,96.17011162330522,-55.08417769602283,-105.34264441864876,-99.50710551006418,-44.681727448653,170.8351942295156,185.8362671020354,188.5826208354637,366.99356117674847,523.7595126272643,99.94225592306827,194.4938735645535,277.574396947249,0.10895821056803356,188.5826208354637,,6.7389849659297045,,1.1819580973015107
donchian_atr,eth_short_regime_challenge_v1_donchian_atr,20261007T203647Z-194d4424b93c,6ae586981b9c415fb93132c9cadfa698,4c4aa07c4c65af74,ETHUSDT,1h,SHORT_ONLY,diagnostic_year_2026,adverse,11,16,0,27,40.74074074074074,108.03616427232105,-64.12518045890411,-47.23110726105935,1.6847697503410248,8.714565806066734,92.81209982367275,-58.47385029839229,-105.40501359885054,-101.43796788550107,-47.23110726105935,168.68326259504101,181.43366986085832,183.7380176305554,358.61315922381436,512.8487041563468,113.14271285277037,220.82781899208518,315.80341629650536,-21.343097977489577,183.7380176305554,,6.014626653817253,,1.1582792033594547
donchian_atr,eth_short_regime_challenge_v1_donchian_atr,20261007T203647Z-194d4424b93c,ab8c24c5e66f403cb8759cf4374a1359,db2f1a56c8656a10,ETHUSDT,1h,SHORT_ONLY,diagnostic_year_2026,base,9,16,0,25,36.0,113.19744966510063,-61.2175559523125,-44.87806085091083,1.849101093700631,4.309008840093688,96.17011162330522,-55.4503779377459,-103.26103421383974,-99.01415860832051,-44.87806085091083,171.1452197556825,185.2604006746262,188.5826208354637,363.3226576674379,520.0886091179538,479.90098888172895,924.5756683478673,1323.5102827401813,-149.2864690865579,188.5826208354637,,1.571846069956229,,1.040119365206605
donchian_atr,eth_short_regime_challenge_v1_donchian_atr,20261007T203647Z-194d4424b93c,7823bf9ad3b94d4cb66ea35aead64557,db2f1a56c8656a10,ETHUSDT,1h,SHORT_ONLY,diagnostic_year_2026,adverse,9,15,0,24,37.5,109.81537731201749,-64.33192478484976,-47.430477818347214,1.707012151109757,8.599220575134408,92.81209982367275,-57.42690126290807,-103.37200001911337,-100.51693086892557,-47.430477818347214,168.8158159522627,180.8976987153489,183.7380176305554,355.12682258629997,509.36236751883234,786.5657594393806,1520.2656614405255,2180.534015790231,-160.37849359514436,183.7380176305554,,0.97331350147546,,1.0242072906658544
donchian_atr,eth_short_regime_challenge_v1_donchian_atr,20261007T203647Z-194d4424b93c,e2f0ce0249e44346a349a625afca277d,ff43266d9f6c730a,ETHUSDT,1h,SHORT_ONLY,wf_0_train,base,16,40,0,56,28.571428571428573,79.42164848385389,-49.43174103708355,-34.582972386795625,1.6066933273556356,4.0402522862872186,74.05043302603127,-46.01501547824472,-96.46316132174421,-81.51675614796056,-34.582972386795625,106.32871292915081,154.69516494488522,163.70449892120092,419.5212506945164,707.6319533946553,,,,-870.2277646628809,163.70449892120092,,-12.616486888244284,,0.6426773309422542
donchian_atr,eth_short_regime_challenge_v1_donchian_atr,20261007T203647Z-194d4424b93c,6a0ac6f336ce4492bf62e5475996085d,ff43266d9f6c730a,ETHUSDT,1h,SHORT_ONLY,wf_0_train,adverse,15,39,0,54,27.77777777777778,76.74657966514765,-51.18270667674178,-37.59582484999213,1.4994630930689428,7.990071845483876,68.35482003972947,-47.567751806959606,-95.46015172146129,-80.85210304484576,-37.59582484999213,105.44267022662113,149.13886897094446,157.5341829300016,408.6233140283156,698.3808484303615,,,,-1002.4610483457163,157.5341829300016,,-15.646793803994717,,0.5767165742572856
donchian_atr,eth_short_regime_challenge_v1_donchian_atr,20261007T203647Z-194d4424b93c,0b2f7c338dca43fdb2000905ae56b4a3,e0dd4c731d1d27f0,ETHUSDT,1h,SHORT_ONLY,wf_0_train,base,16,38,0,54,29.62962962962963,79.78999328407421,-50.75061545157127,-35.96411729335493,1.57219755019944,4.05253217093598,74.38845786733006,-47.79377631204485,-96.9925931833298,-83.7266535045181,-35.96411729335493,107.2441321015166,155.93406212236764,164.66677434460397,421.987523598381,711.4702108696164,,,,-816.5502689591248,164.66677434460397,,-12.07191656693557,,0.6619779158734486
donchian_atr,eth_short_regime_challenge_v1_donchian_atr,20261007T203647Z-194d4424b93c,6d2fa80644614691b36050860eaa7bd2,e0dd4c731d1d27f0,ETHUSDT,1h,SHORT_ONLY,wf_0_train,adverse,15,37,0,52,28.846153846153847,77.15396725438954,-52.49042485322476,-39.11598838753625,1.46986745620996,8.016800491286592,68.59538359547959,-50.5977281373755,-96.05510442710481,-83.06702545612251,-39.11598838753625,106.55835709342107,150.4366834999811,158.56816246043738,410.88669530323716,702.5460722976528,,,,-943.40437321391,158.56816246043738,,-15.093004052951398,,0.5958922119770108
donchian_atr,eth_short_regime_challenge_v1_donchian_atr,20261007T203647Z-194d4424b93c,16367f83d8ae450294324c390e49ddd1,827790540ac7604f,ETHUSDT,1h,SHORT_ONLY,wf_0_train,base,15,37,0,52,28.846153846153847,80.29212894979261,-50.16654176287282,-36.091048408225774,1.6005115387326758,4.053601036107472,76.5091295869979,-46.068347733520234,-97.07570769077694,-85.4582007531318,-36.091048408225774,107.53548969119296,156.26536471059117,164.66858824738136,421.9921969290251,711.4779354489319,,,,-816.4486992267866,164.66858824738136,,-12.5342329034501,,0.6488560292159495
donchian_atr,eth_short_regime_challenge_v1_donchian_atr,20261007T203647Z-194d4424b93c,fe6bee4681f44b2e84ae45c671ef798c,827790540ac7604f,ETHUSDT,1h,SHORT_ONLY,wf_0_train,adverse,14,36,0,50,28.0,77.80822119693089,-51.88434913566353,-39.2601575471081,1.4996472441715218,8.02087144943499,64.20670989319649,-48.33750376655472,-96.19593179165399,-85.18937673944878,-39.2601575471081,107.20201067773243,150.85876107355358,158.67679152628293,411.168124725976,616.5686012971098,,,,-937.1982636531375,158.67679152628293,,-15.57042944253709,,0.5831961505111475
donchian_atr,eth_short_regime_challenge_v1_donchian_atr,20261007T203647Z-194d4424b93c,f8907fce31d04b0e849da39a7d0208af,6719be4e317770b6,ETHUSDT,1h,SHORT_ONLY,wf_0_train,base,12,30,0,42,28.571428571428573,75.77041791650406,-51.61419836451511,-37.934015774230204,1.4680150097729006,4.064761889705172,74.5812137882449,-49.37943450553918,-97.2746712099853,-93.05267542854665,-37.934015774230204,93.34475946980724,143.15163500673142,163.2206403553333,370.97633524558853,540.5395013241596,,,,-802.4015762927379,163.2206403553333,,-15.21859371279535,,0.58720600390916
donchian_atr,eth_short_regime_challenge_v1_donchian_atr,20261007T203647Z-194d4424b93c,057c6b3adf874591beaaa43c3de2265f,6719be4e317770b6,ETHUSDT,1h,SHORT_ONLY,wf_0_train,adverse,11,30,0,41,26.829268292682926,73.41979698704758,-54.045310996942035,-42.13260912308273,1.3584859746889382,8.045678017766267,68.95574690220974,-52.26513405454976,-96.5374643156308,-92.60374841724489,-42.13260912308273,109.39543990203586,138.92662895741773,157.6517160176378,377.8861542867611,536.2086773146393,,,,-971.3932790683757,157.6517160176378,,-19.847355196359462,,0.49811152405261055
donchian_atr,eth_short_regime_challenge_v1_donchian_atr,20261007T203647Z-194d4424b93c,93281c3c7bf74af7a2c7380ea5ab251c,4c4aa07c4c65af74,ETHUSDT,1h,SHORT_ONLY,wf_0_train,base,12,29,0,41,29.26829268292683,76.01119380771858,-52.467973344496784,-39.14508751000634,1.4487160254626297,4.072807803850017,74.81820007775099,-50.338006312815274,-97.62824968485054,-94.440707968661,-39.14508751000634,93.78092087632096,144.09762118045785,163.73941654966558,372.15526555263267,542.2572424529243,,,,-773.1763178474494,163.73941654966558,,-14.864314665799606,,0.599468700191433
donchian_atr,eth_short_regime_challenge_v1_donchian_atr,20261007T203647Z-194d4424b93c,00816938eb6b4ffa938f53122d82841d,4c4aa07c4c65af74,ETHUSDT,1h,SHORT_ONLY,wf_0_train,adverse,11,29,0,40,27.5,73.67816216782116,-54.89226563266733,-42.96918012061623,1.3422321217503914,8.061967828230028,69.19843137629802,-53.26343209435204,-96.93287853314447,-92.95979567854302,-42.96918012061623,109.85284608350717,139.88527405506198,158.20643657519344,269.43553335517805,465.64762056589484,,,,-939.6223560765131,158.20643657519344,,-19.535397987532996,,0.5091225289398036
donchian_atr,eth_short_regime_challenge_v1_donchian_atr,20261007T203647Z-194d4424b93c,c26f9a7219b843e7ab7bb8bfac9c8c69,db2f1a56c8656a10,ETHUSDT,1h,SHORT_ONLY,wf_0_train,base,11,28,0,39,28.205128205128204,76.30554378758224,-51.739066537271434,-39.14508751000634,1.4748148525759304,4.073801108155859,76.85653221091167,-47.96548915942726,-97.71761794759644,-94.49351658544064,-39.14508751000634,95.86734487035056,145.08134657195748,163.74123045244298,278.3775033246613,463.1507339284659,,,,-773.0741118326387,163.74123045244298,,-15.623920035389634,,0.5793915492262585
donchian_atr,eth_short_regime_challenge_v1_donchian_atr,20261007T203647Z-194d4424b93c,d586ac64dd3a4756bec43705de43b4c3,db2f1a56c8656a10,ETHUSDT,1h,SHORT_ONLY,wf_0_train,adverse,10,28,0,38,26.31578947368421,74.16619984616423,-54.17003596395161,-42.98413573010441,1.3691369873839367,8.06503539174524,63.40129509155858,-51.13390765369642,-97.06805994483777,-93.08396480310968,-42.98413573010441,110.0730472199515,140.92128704678947,158.31484304049425,269.62007528719147,465.96656082882964,,,,-933.4138515694973,158.31484304049425,,-20.397342329710607,,0.48897749549426317
donchian_atr,eth_short_regime_challenge_v1_donchian_atr,20261007T203647Z-194d4424b93c,b255c3ef5598417e84d4764b39989eec,e0dd4c731d1d27f0,ETHUSDT,1h,SHORT_ONLY,wf_0_test,base,10,12,0,22,45.45454545454545,109.29817489873899,-64.63174049137268,-32.088776360001205,1.6910913131502094,4.206991042513507,104.96164330792179,-63.720944914906056,-103.50411610896832,-93.7188382760233,-32.088776360001205,142.93485410559532,187.69786886902787,199.47984323088593,342.8550466434004,477.42326391753215,62.84792085576218,108.01956973418554,150.41649832589687,117.9210198600316,199.47984323088593,,14.427311958678073,,1.4092427609585079
donchian_atr,eth_short_regime_challenge_v1_donchian_atr,20261007T203647Z-194d4424b93c,074d1707ae9147138dc6f17a6a98972b,e0dd4c731d1d27f0,ETHUSDT,1h,SHORT_ONLY,wf_0_test,adverse,10,12,0,22,45.45454545454545,105.19212895889055,-67.67367995746828,-35.806358686542985,1.5544023765960704,8.369523510736842,101.50756465794836,-66.89569876215997,-103.91135496702047,-97.13153255104513,-35.806358686542985,139.19076729001176,180.26012499966555,191.05507592999905,330.70562362031495,461.160563304548,79.6603411035262,137.88758374627486,192.28072113506383,48.782054169286795,191.05507592999905,,10.90168773178572,,1.2953353138300585
donchian_atr,eth_short_regime_challenge_v1_donchian_atr,20261007T203647Z-194d4424b93c,c4f4fb75d9d8464fba0e0c832237b4a1,ff43266d9f6c730a,ETHUSDT,1h,SHORT_ONLY,wf_1_train,base,22,37,0,59,37.28813559322034,99.31703777121484,-60.407769547571,-42.60199986137677,1.6441103274472484,4.096881329665057,92.54875195762781,-59.655831959784315,-99.76182141297514,-91.86218739210015,-42.60199986137677,139.72892854705327,179.32475292876012,192.37417775759235,515.1264347110025,895.7516799822197,,,,-242.4868200509925,192.37417775759235,,-0.8493668185322044,,0.9775791136172826
donchian_atr,eth_short_regime_challenge_v1_donchian_atr,20261007T203647Z-194d4424b93c,5c3d6ad66ad943cd9307de3238a76295,ff43266d9f6c730a,ETHUSDT,1h,SHORT_ONLY,wf_1_train,adverse,21,36,0,57,36.8421052631579,96.79732661930332,-62.368525164698184,-46.001957946616564,1.5520220554147797,8.098798664267107,89.61615642529479,-61.923025485527845,-98.60121579973611,-94.23930760061512,-46.001957946616564,136.3717499252968,172.4546369038037,182.61495617167586,495.0201448380018,867.4059085127852,,,,-395.1380030954411,182.61495617167586,,-3.7284745074344765,,0.905346198991955
donchian_atr,eth_short_regime_challenge_v1_donchian_atr,20261007T203647Z-194d4424b93c,3aab3e24d1ad48a3ae02a4fc14efe5c0,e0dd4c731d1d27f0,ETHUSDT,1h,SHORT_ONLY,wf_1_train,base,22,36,0,58,37.93103448275862,99.53337044848617,-61.47355850645517,-44.99735677271259,1.6191249191802426,4.102905297123419,92.79801929374469,-61.616662815559806,-100.07118228378329,-92.450375964664,-44.99735677271259,140.83775163498768,180.03340217351152,192.8924374910953,516.5141010779056,898.1646201110949,,,,-216.20639385678587,192.8924374910953,,-0.40196476492569944,,0.9894652283879263
donchian_atr,eth_short_regime_challenge_v1_donchian_atr,20261007T203647Z-194d4424b93c,aa50f188cc1f4cf48af4c07a1186c4df,e0dd4c731d1d27f0,ETHUSDT,1h,SHORT_ONLY,wf_1_train,adverse,21,35,0,56,37.5,97.0446558034597,-63.45041848894672,-47.9220396704,1.5294565128891189,8.112759200229231,89.8881274335066,-62.336236155279344,-98.94035136478735,-94.67383019984472,-47.9220396704,137.51034582271876,173.1598542855656,183.16894367694442,496.52214541178796,869.6021660712152,,,,-365.9958189174258,183.16894367694442,,-3.26476562929431,,0.9176739077334711
donchian_atr,eth_short_regime_challenge_v1_donchian_atr,20261007T203647Z-194d4424b93c,3994209188e043f29e9537b242bc64fa,827790540ac7604f,ETHUSDT,1h,SHORT_ONLY,wf_1_train,base,21,34,0,55,38.18181818181818,100.73047821635744,-61.23113142032798,-45.0924642355208,1.6450860188240153,4.098295797548156,93.69675696149498,-61.617342480624885,-100.19415121566422,-93.47373128386955,-45.0924642355208,143.03659352872356,180.71207775536553,192.8944043212035,516.5196023315549,898.174357179257,576.1210714506315,1542.6980775709255,2682.59297012026,-159.412830068849,192.8944043212035,,0.6087558954973554,,1.0160825410383623
donchian_atr,eth_short_regime_challenge_v1_donchian_atr,20261007T203647Z-194d4424b93c,cd4ef21ed7fd4a0e9ed250b7b4e087aa,827790540ac7604f,ETHUSDT,1h,SHORT_ONLY,wf_1_train,adverse,20,33,0,53,37.735849056603776,98.41117550393604,-63.185418212343436,-47.834712204681075,1.557498205886863,8.106072338295775,97.68898077156352,-62.378966178970856,-99.12789400681432,-95.18486119763354,-47.834712204681075,139.78057973157928,173.8248247081511,183.29439770244764,496.86243522945915,870.1982290102676,,,,-300.18968863106033,183.29439770244764,,-2.205571526954957,,0.943938306598099
donchian_atr,eth_short_regime_challenge_v1_donchian_atr,20261007T203647Z-194d4424b93c,148c0d6f66c04c4291dd2cca6bf2d289,6719be4e317770b6,ETHUSDT,1h,SHORT_ONLY,wf_1_train,base,16,29,0,45,35.55555555555556,102.48413819106212,-63.2981352934697,-46.70596017287834,1.6190704152012378,4.076244357527322,95.26077142496561,-66.33033937503248,-99.51695917758484,-96.0580425427965,-46.70596017287834,148.17663919599894,180.60772052304117,189.857618634188,511.9360123065659,758.0486634348241,,,,-385.75733108781554,189.857618634188,,-4.353326943413945,,0.893280229076545
donchian_atr,eth_short_regime_challenge_v1_donchian_atr,20261007T203647Z-194d4424b93c,902335d494e4419aa1c24392406249a4,6719be4e317770b6,ETHUSDT,1h,SHORT_ONLY,wf_1_train,adverse,15,29,0,44,34.09090909090909,100.5883588573718,-65.57723366010316,-51.34212893149973,1.5338914626795124,8.041356896256751,95.49304867910075,-68.57571376792738,-98.11921462001833,-95.72382650163875,-51.34212893149973,143.87545762616975,172.72147239420985,179.41430124636153,490.93855759885554,728.4818117761686,,,,-572.3286945287764,179.41430124636153,,-8.929872574600337,,0.7933921358687134
donchian_atr,eth_short_regime_challenge_v1_donchian_atr,20261007T203647Z-194d4424b93c,4dc69270c5f14cffbdf98a7407fff47d,4c4aa07c4c65af74,ETHUSDT,1h,SHORT_ONLY,wf_1_train,base,16,29,0,45,35.55555555555556,102.48413819106212,-63.2981352934697,-46.70596017287834,1.6190704152012378,4.076244357527322,95.26077142496561,-66.33033937503248,-99.51695917758484,-96.0580425427965,-46.70596017287834,148.17663919599894,180.60772052304117,189.857618634188,511.9360123065659,758.0486634348241,,,,-385.75733108781554,189.857618634188,,-4.353326943413945,,0.893280229076545
donchian_atr,eth_short_regime_challenge_v1_donchian_atr,20261007T203647Z-194d4424b93c,1a0b1fa2a40c4d25964c507ab051bf21,4c4aa07c4c65af74,ETHUSDT,1h,SHORT_ONLY,wf_1_train,adverse,15,29,0,44,34.09090909090909,100.5883588573718,-65.57723366010316,-51.34212893149973,1.5338914626795124,8.041356896256751,95.49304867910075,-68.57571376792738,-98.11921462001833,-95.72382650163875,-51.34212893149973,143.87545762616975,172.72147239420985,179.41430124636153,490.93855759885554,728.4818117761686,,,,-572.3286945287764,179.41430124636153,,-8.929872574600337,,0.7933921358687134
donchian_atr,eth_short_regime_challenge_v1_donchian_atr,20261007T203647Z-194d4424b93c,c047680a019a4ff792ac2e9c783ccd05,db2f1a56c8656a10,ETHUSDT,1h,SHORT_ONLY,wf_1_train,base,15,28,0,43,34.883720930232556,104.31451186105643,-62.87529895045085,-46.70649505616738,1.6590698350915507,4.07145670484971,96.70056572257621,-64.37542249401709,-99.5753443235268,-96.72001361576295,-46.70649505616738,150.71160985505279,181.030310862892,189.85983131805966,511.94194399775336,758.0573834151862,,,,-385.65052401483695,189.85983131805966,,-4.553271923180866,,0.8887874116561878
donchian_atr,eth_short_regime_challenge_v1_donchian_atr,20261007T203647Z-194d4424b93c,6a75aef3c98a4dca972469224540d282,db2f1a56c8656a10,ETHUSDT,1h,SHORT_ONLY,wf_1_train,adverse,14,28,0,42,33.333333333333336,102.72229044440412,-65.15868437667149,-50.188665395743946,1.5764942375230244,8.031858870460487,99.6919664766283,-66.62405542126922,-98.23041856505169,-96.13669831064388,-50.188665395743946,146.50859187995067,173.1512992288615,179.53708603727958,491.2749449866694,728.9809514010979,,,,-565.8681823624237,179.53708603727958,,-9.198359436312952,,0.7882471187615122
donchian_atr,eth_short_regime_challenge_v1_donchian_atr,20261007T203647Z-194d4424b93c,d723268f34e04e0785d598cad84f8fca,827790540ac7604f,ETHUSDT,1h,SHORT_ONLY,wf_1_test,base,4,8,0,12,33.333333333333336,117.8310109967192,-68.21604372659405,-51.20352197279506,1.7273210898740925,4.170672026500912,125.46157849548717,-61.84277411886836,-100.49230349426242,-99.39959174778288,-51.20352197279506,128.0638291358461,128.7063696004108,128.86700471655197,128.86700471655197,256.27369019545694,,,,-203.27131054242756,128.86700471655197,,-6.200358818822964,,0.8636605449370464
donchian_atr,eth_short_regime_challenge_v1_donchian_atr,20261007T203647Z-194d4424b93c,0f31d11437bf4245bdaf9bca3dee1eac,827790540ac7604f,ETHUSDT,1h,SHORT_ONLY,wf_1_test,adverse,4,8,0,12,33.333333333333336,114.35631449192627,-70.75703407137891,-54.44802052701389,1.616182984388024,8.290035796284084,121.89760525096598,-65.20124747340104,-100.29316312951188,-99.65610938790137,-54.44802052701389,124.51957736296922,125.22468204863084,125.40095822004625,125.40095822004625,249.19940579086153,,,,-234.0319728233725,125.40095822004625,,-9.05258455027719,,0.808091492194012
donchian_atr,eth_short_regime_challenge_v1_donchian_atr,20261007T203647Z-194d4424b93c,2686ec9e552b4fe99ac3960aa7b5c251,ff43266d9f6c730a,ETHUSDT,1h,SHORT_ONLY,wf_2_train,base,24,38,0,62,38.70967741935484,107.98276597385035,-65.78029959449586,-48.087742521984936,1.6415669530165193,4.187096986969231,105.31064770902535,-65.42151703784012,-103.30803682808178,-100.3842110732467,-48.087742521984936,141.26007881268393,183.07785115038027,197.14251150108862,669.5897953394331,1063.1494870149236,214.43684572128186,728.3295852652958,1156.4143156633177,-105.20751271952281,197.14251150108862,,1.482822560992996,,1.0367791282209595
donchian_atr,eth_short_regime_challenge_v1_donchian_atr,20261007T203647Z-194d4424b93c,6b127310ff0448529b79e37e3c042bdb,ff43266d9f6c730a,ETHUSDT,1h,SHORT_ONLY,wf_2_train,adverse,23,37,0,60,38.333333333333336,105.57406234492518,-67.67805176670495,-51.204016320876185,1.5599453528723413,8.270567010981692,109.52604971392535,-67.56883085866079,-101.95752067500108,-99.34348071838095,-51.204016320876185,137.95146924437256,176.7109301914826,187.71440751780784,508.8435861327884,900.0423031297944,,,,-263.59888895261196,187.71440751780784,,-1.264741357246737,,0.969695759893618
donchian_atr,eth_short_regime_challenge_v1_donchian_atr,20261007T203647Z-194d4424b93c,34d9eb1acf7d4a34be281df29d79f744,e0dd4c731d1d27f0,ETHUSDT,1h,SHORT_ONLY,wf_2_train,base,24,37,0,61,39.34426229508197,108.23971538769877,-66.99021331556723,-48.6286710939489,1.6157541531898054,4.195027968557031,105.42352414984342,-66.20675009965247,-103.6082749367094,-100.67863290362422,-48.6286710939489,142.07680075197322,183.80207498380037,197.67330977653117,671.3929728060638,1066.0127148539923,165.95126617769674,563.649761649321,894.9420637087305,-78.55803314774835,197.67330977653117,,1.952709452930868,,1.048056748015009
donchian_atr,eth_short_regime_challenge_v1_donchian_atr,20261007T203647Z-194d4424b93c,4cb8f6cd2e6e463986691fc131e12462,e0dd4c731d1d27f0,ETHUSDT,1h,SHORT_ONLY,wf_2_train,adverse,23,36,0,59,38.983050847457626,105.86670282037106,-68.90856564732431,-51.51453890269235,1.536335894178953,8.28839970637724,109.8582500179016,-68.28582409262023,-102.2955584194537,-99.65605876553418,-51.51453890269235,139.1151268678128,177.43409275807235,188.28392511520832,510.38734769751346,902.7729488259453,,,,-234.05812355034897,188.28392511520832,,-0.7758338717820447,,0.9815479323921088
donchian_atr,eth_short_regime_challenge_v1_donchian_atr,20261007T203647Z-194d4424b93c,fa70f4c9f40e475cac09e61f19197b21,827790540ac7604f,ETHUSDT,1h,SHORT_ONLY,wf_2_train,base,24,36,0,60,40.0,108.3679301225252,-67.33947328933338,-48.13448053427464,1.6092779588118749,4.197416817181957,105.42352414984342,-67.06368395200431,-103.97456283101542,-100.76112685181636,-48.13448053427464,142.8273745721535,184.03326223034583,197.67330977653117,529.3161720540905,936.868452704364,111.92690707548509,299.71027484704723,530.4751985300369,-21.064025251928427,197.67330977653117,,2.9434880754100474,,1.07285197254125
donchian_atr,eth_short_regime_challenge_v1_donchian_atr,20261007T203647Z-194d4424b93c,ce255f01ca544d7d92cf8ea130d38459,827790540ac7604f,ETHUSDT,1h,SHORT_ONLY,wf_2_train,adverse,23,35,0,58,39.6551724137931,106.00225638916915,-69.2524656605018,-51.324952390059124,1.5306640042078332,8.293923950448338,109.8582500179016,-69.21249330849622,-102.67154105380502,-99.91375742829572,-51.324952390059124,139.8601812073455,177.62115883319535,188.28392511520832,510.38734769751346,903.5335051190773,1324.488171921316,3590.3330818603467,6355.929959143191,-174.06832628188073,188.28392511520832,,0.24509653160909747,,1.0058649170508618
donchian_atr,eth_short_regime_challenge_v1_donchian_atr,20261007T203647Z-194d4424b93c,aa4f0559f98d4bb281e19565ba809003,6719be4e317770b6,ETHUSDT,1h,SHORT_ONLY,wf_2_train,base,17,28,0,45,37.77777777777778,112.5414440146133,-69.47610548419323,-50.414091187984084,1.619858269692708,4.133765333185538,102.17598962181914,-68.72714570178368,-102.13548023130399,-99.91852181437933,-50.414091187984084,153.8888179082769,184.3678228701548,193.81020959032045,522.5941087023186,797.1396179996291,,,,-225.93661489930457,193.81020959032045,,-0.7139201179774237,,0.9834853780277156
donchian_atr,eth_short_regime_challenge_v1_donchian_atr,20261007T203647Z-194d4424b93c,5ef674c2299f474da6e8530362fee7dc,6719be4e317770b6,ETHUSDT,1h,SHORT_ONLY,wf_2_train,adverse,16,28,0,44,36.36363636363637,110.87234996450407,-71.4117986575858,-54.096005506009135,1.5525774738727507,8.13563848086166,111.29084706982769,-71.40377423951526,-100.48161295274163,-99.1133337638505,-54.096005506009135,149.15753199545313,176.79704385457347,183.647707298449,502.52276863531154,765.575339805383,,,,-409.2204702787866,183.647707298449,,-5.1266537040985805,,0.8871871279272862
donchian_atr,eth_short_regime_challenge_v1_donchian_atr,20261007T203647Z-194d4424b93c,e21e6b91745744ed8e0a213b92615cce,4c4aa07c4c65af74,ETHUSDT,1h,SHORT_ONLY,wf_2_train,base,17,28,0,45,37.77777777777778,112.5414440146133,-69.47610548419323,-50.414091187984084,1.619858269692708,4.133765333185538,102.17598962181914,-68.72714570178368,-102.13548023130399,-99.91852181437933,-50.414091187984084,153.8888179082769,184.3678228701548,193.81020959032045,522.5941087023186,797.1396179996291,,,,-225.93661489930457,193.81020959032045,,-0.7139201179774237,,0.9834853780277156
donchian_atr,eth_short_regime_challenge_v1_donchian_atr,20261007T203647Z-194d4424b93c,a5d2dce7d0684c89b4d1ecd20ae17696,4c4aa07c4c65af74,ETHUSDT,1h,SHORT_ONLY,wf_2_train,adverse,16,28,0,44,36.36363636363637,110.87234996450407,-71.4117986575858,-54.096005506009135,1.5525774738727507,8.13563848086166,111.29084706982769,-71.40377423951526,-100.48161295274163,-99.1133337638505,-54.096005506009135,149.15753199545313,176.79704385457347,183.647707298449,502.52276863531154,765.575339805383,,,,-409.2204702787866,183.647707298449,,-5.1266537040985805,,0.8871871279272862
donchian_atr,eth_short_regime_challenge_v1_donchian_atr,20261007T203647Z-194d4424b93c,1c2ce4dc85074ac0b1d9dd0dcb0fb795,db2f1a56c8656a10,ETHUSDT,1h,SHORT_ONLY,wf_2_train,base,17,28,0,45,37.77777777777778,112.5414440146133,-69.47610548419323,-50.414091187984084,1.619858269692708,4.133765333185538,102.17598962181914,-68.72714570178368,-102.13548023130399,-99.91852181437933,-50.414091187984084,153.8888179082769,184.3678228701548,193.81020959032045,522.5941087023186,797.1396179996291,,,,-225.93661489930457,193.81020959032045,,-0.7139201179774237,,0.9834853780277156
donchian_atr,eth_short_regime_challenge_v1_donchian_atr,20261007T203647Z-194d4424b93c,9fd821f6c5d34c6390f892648f582015,db2f1a56c8656a10,ETHUSDT,1h,SHORT_ONLY,wf_2_train,adverse,16,28,0,44,36.36363636363637,110.87234996450407,-71.4117986575858,-54.096005506009135,1.5525774738727507,8.13563848086166,111.29084706982769,-71.40377423951526,-100.48161295274163,-99.1133337638505,-54.096005506009135,149.15753199545313,176.79704385457347,183.647707298449,502.52276863531154,765.575339805383,,,,-409.2204702787866,183.647707298449,,-5.1266537040985805,,0.8871871279272862
donchian_atr,eth_short_regime_challenge_v1_donchian_atr,20261007T203647Z-194d4424b93c,d78df0e943744a6eb0c82d0bcdd1395e,827790540ac7604f,ETHUSDT,1h,SHORT_ONLY,wf_2_test,base,10,10,0,20,50.0,137.48753005070404,-92.95196551950797,5.821849477886641,1.4791245056765296,4.122054013711738,132.00552039160738,-104.22251653505324,-108.42997735770749,-107.60432387870371,5.821849477886644,197.85292712304562,204.20953649670398,205.7986888401186,205.7986888401186,403.23341797805506,46.20996522811825,46.20996522811825,90.54188988568903,239.55695647184194,205.7986888401186,,22.26778226559803,,1.4791245056765294
donchian_atr,eth_short_regime_challenge_v1_donchian_atr,20261007T203647Z-194d4424b93c,8ea8dd9b21c24cd982648e98feb64eae,827790540ac7604f,ETHUSDT,1h,SHORT_ONLY,wf_2_test,adverse,10,10,0,20,50.0,133.01838122231715,-94.13158560384629,2.425148763271615,1.413111022926208,8.131263298228237,128.34031561690398,-104.36287170042851,-107.89252603585274,-107.07097988291116,2.4251487632716078,188.54173183094622,197.78268483826704,200.0929230900973,200.0929230900973,388.02669748635134,51.45523561603389,51.45523561603389,99.78366469003741,188.77503309461142,200.0929230900973,,19.443397809235435,,1.413111022926208
donchian_atr,eth_short_regime_challenge_v1_donchian_atr,20261007T203647Z-194d4424b93c,1064c1671b344b0ab6a153af5b859f99,ff43266d9f6c730a,ETHUSDT,1h,SHORT_ONLY,wf_3_train,base,30,39,0,69,43.47826086956522,120.90921161210589,-75.97972725478137,-49.19822123071535,1.5913351624264633,4.2234946325500164,116.37685512243891,-71.94534462922984,-110.15689233731932,-107.8440821101977,-49.19822123071535,171.89678638125176,204.37968083214435,210.18846753235024,787.5272695595928,1239.9196323033518,31.651696612698125,118.59154073945707,186.71604815689324,453.8785178943526,210.18846753235024,,9.62415920908265,,1.2241039710972794
donchian_atr,eth_short_regime_challenge_v1_donchian_atr,20261007T203647Z-194d4424b93c,02a3782c68ea48e39f635f722568993e,ff43266d9f6c730a,ETHUSDT,1h,SHORT_ONLY,wf_3_train,adverse,30,38,0,68,44.11764705882353,116.67307443010262,-78.12126911672317,-52.54663614153934,1.493486674618382,8.373728043219403,113.06588165785146,-74.98112724777351,-108.84868063962408,-107.02631776830232,-52.54663614153934,168.30374090729904,195.48406424555503,202.919419733686,758.0940521359626,1197.1848626857636,38.172596854840606,142.61039514215918,225.2108506125149,328.66458673391196,202.919419733686,,7.817411859817616,,1.1790684273303018
donchian_atr,eth_short_regime_challenge_v1_donchian_atr,20261007T203647Z-194d4424b93c,b754dbd495234661b690b1c04471b481,e0dd4c731d1d27f0,ETHUSDT,1h,SHORT_ONLY,wf_3_train,base,30,39,0,69,43.47826086956522,120.90921161210589,-75.97972725478137,-49.19822123071535,1.5913351624264633,4.2234946325500164,116.37685512243891,-71.94534462922984,-110.15689233731932,-107.8440821101977,-49.19822123071535,171.89678638125176,204.37968083214435,210.18846753235024,787.5272695595928,1239.9196323033518,31.651696612698125,118.59154073945707,186.71604815689324,453.8785178943526,210.18846753235024,,9.62415920908265,,1.2241039710972794
donchian_atr,eth_short_regime_challenge_v1_donchian_atr,20261007T203647Z-194d4424b93c,8a19a63d6df44da0ae8ab978e80376dc,e0dd4c731d1d27f0,ETHUSDT,1h,SHORT_ONLY,wf_3_train,adverse,30,38,0,68,44.11764705882353,116.67307443010262,-78.12126911672317,-52.54663614153934,1.493486674618382,8.373728043219403,113.06588165785146,-74.98112724777351,-108.84868063962408,-107.02631776830232,-52.54663614153934,168.30374090729904,195.48406424555503,202.919419733686,758.0940521359626,1197.1848626857636,38.172596854840606,142.61039514215918,225.2108506125149,328.66458673391196,202.919419733686,,7.817411859817616,,1.1790684273303018
donchian_atr,eth_short_regime_challenge_v1_donchian_atr,20261007T203647Z-194d4424b93c,9d658a5aaf5c42b9ac1cb1f769b0864e,827790540ac7604f,ETHUSDT,1h,SHORT_ONLY,wf_3_train,base,30,38,0,68,44.11764705882353,121.42214634441244,-76.68127262358585,-49.2795375451234,1.5834654562979313,4.232616231104969,116.37685512243891,-72.03605537557617,-110.83650622618524,-108.60662910019425,-49.2795375451234,172.7835393557826,205.626690493827,211.3825034017011,789.8669091468097,1244.6787772982366,29.00513937281887,108.38266846638409,170.7903011315865,517.3935272344096,211.3825034017011,,10.717294568178103,,1.25010430760363
donchian_atr,eth_short_regime_challenge_v1_donchian_atr,20261007T203647Z-194d4424b93c,25d86c9011ae4fb9b53c4ffbd61a52e0,827790540ac7604f,ETHUSDT,1h,SHORT_ONLY,wf_3_train,adverse,30,37,0,67,44.776119402985074,117.19178624903529,-78.8277549316725,-52.61077473858921,1.4866817702802335,8.392606710413434,113.06588165785146,-75.46870966954626,-109.55775869770551,-107.76671373211431,-52.61077473858921,169.24874154948697,196.01083086952866,204.14233493641203,760.4655309165959,1201.4192697672672,34.07331876040348,126.92900984644756,200.52842912971713,394.9843200627639,204.14233493641203,,8.942188880584714,,1.2054176515785677
donchian_atr,eth_short_regime_challenge_v1_donchian_atr,20261007T203647Z-194d4424b93c,485d80c104bc4b80bae38ad185a1914e,6719be4e317770b6,ETHUSDT,1h,SHORT_ONLY,wf_3_train,base,22,30,0,52,42.30769230769231,128.30525847893531,-76.75498585508146,-49.56526228767004,1.6716211598447064,4.115759841589466,120.679517958676,-72.97229883917709,-107.78060973025399,-106.36232835857716,-49.56526228767004,183.84984199843737,199.83227652589798,203.9652634302341,595.5023566151789,1089.3925745477418,39.219102948947224,114.5051262045899,209.4719405376619,316.10084745389884,203.9652634302341,,10.001271363156407,,1.2258555172194514
donchian_atr,eth_short_regime_challenge_v1_donchian_atr,20261007T203647Z-194d4424b93c,cdcc9ede235b42518f19491eedc120fc,6719be4e317770b6,ETHUSDT,1h,SHORT_ONLY,wf_3_train,adverse,22,30,0,52,42.30769230769231,123.36758745936345,-78.54498429859595,-52.54820939381805,1.570661558609144,8.119420404273482,116.41253649788207,-76.07639828846844,-106.15209031700017,-104.78581811742654,-52.54820939381805,176.90231434150633,191.55966718761255,196.21929533908963,567.5979351415929,1048.242950775074,54.85009339262597,158.66329403628197,293.0202335545774,161.51809980902743,196.21929533908963,,6.879565291309944,,1.151818476313372
donchian_atr,eth_short_regime_challenge_v1_donchian_atr,20261007T203647Z-194d4424b93c,b07fc2f337b24f67a5b5837a38919e08,4c4aa07c4c65af74,ETHUSDT,1h,SHORT_ONLY,wf_3_train,base,22,30,0,52,42.30769230769231,128.30525847893531,-76.75498585508146,-49.56526228767004,1.6716211598447064,4.115759841589466,120.679517958676,-72.97229883917709,-107.78060973025399,-106.36232835857716,-49.56526228767004,183.84984199843737,199.83227652589798,203.9652634302341,595.5023566151789,1089.3925745477418,39.219102948947224,114.5051262045899,209.4719405376619,316.10084745389884,203.9652634302341,,10.001271363156407,,1.2258555172194514
donchian_atr,eth_short_regime_challenge_v1_donchian_atr,20261007T203647Z-194d4424b93c,cb85e72f6d934a73a2dc8d2552df6671,4c4aa07c4c65af74,ETHUSDT,1h,SHORT_ONLY,wf_3_train,adverse,22,30,0,52,42.30769230769231,123.36758745936345,-78.54498429859595,-52.54820939381805,1.570661558609144,8.119420404273482,116.41253649788207,-76.07639828846844,-106.15209031700017,-104.78581811742654,-52.54820939381805,176.90231434150633,191.55966718761255,196.21929533908963,567.5979351415929,1048.242950775074,54.85009339262597,158.66329403628197,293.0202335545774,161.51809980902743,196.21929533908963,,6.879565291309944,,1.151818476313372
donchian_atr,eth_short_regime_challenge_v1_donchian_atr,20261007T203647Z-194d4424b93c,c6bbf12666d7449ba2377de589947e09,db2f1a56c8656a10,ETHUSDT,1h,SHORT_ONLY,wf_3_train,base,22,30,0,52,42.30769230769231,128.4963672641036,-76.76044780734313,-49.56526228767004,1.6739918921084158,4.115868682195971,122.72890925954572,-72.97229883917709,-107.8219729014449,-106.38478381191237,-49.56526228767004,183.84984199843737,199.83227652589798,203.9652634302341,595.5023566151789,1089.4545416172477,38.91674817453057,113.62236323960808,207.8688661523937,320.1413821597515,203.9652634302341,,10.078973953653572,,1.2275940542128383
donchian_atr,eth_short_regime_challenge_v1_donchian_atr,20261007T203647Z-194d4424b93c,2b1bfadafd5c40d9ac566765d8707ce4,db2f1a56c8656a10,ETHUSDT,1h,SHORT_ONLY,wf_3_train,adverse,22,30,0,52,42.30769230769231,123.5559556362032,-78.55037167237306,-52.54820939381805,1.5729518906867124,8.119629415776883,118.43375764594155,-76.07639828846844,-106.19290405975738,-104.8079201903329,-52.54820939381805,176.90231434150633,191.55966718761255,196.21929533908963,567.5979351415929,1048.3028487709603,54.24620252794552,156.91643622981013,289.81068628740087,165.50057848618894,196.21929533908963,,6.9561514197168925,,1.1534980531702559
donchian_atr,eth_short_regime_challenge_v1_donchian_atr,20261007T203647Z-194d4424b93c,85269354ed7d49a1a9dfa2c07d0d48c2,827790540ac7604f,ETHUSDT,1h,SHORT_ONLY,wf_3_test,base,5,6,0,11,45.45454545454545,142.41733361335739,-80.78515473160736,-36.4843008866471,1.7629146603297436,4.095529433566454,135.92530111648242,-86.3816268192065,-102.58696504853165,-99.19769990620998,-36.4843008866471,171.71897205391056,178.81284950585177,180.58631886883705,180.58631886883705,343.4379441078211,79.4219819252734,79.4219819252734,151.04423391672228,46.78942080830575,180.58631886883705,,20.670521788831163,,1.4690955502747867
donchian_atr,eth_short_regime_challenge_v1_donchian_atr,20261007T203647Z-194d4424b93c,687893e238ab49a1aceb108af9d3e92f,827790540ac7604f,ETHUSDT,1h,SHORT_ONLY,wf_3_test,adverse,5,6,0,11,45.45454545454545,138.94065651868675,-83.56556143565747,-39.891705736103134,1.6626544970402208,8.168404991312828,132.22176253087554,-89.75920120735687,-102.85053770632192,-100.77956721200992,-39.891705736103134,168.41449672748175,175.5579927899322,177.3438668055448,177.3438668055448,336.8289934549635,91.74069925061464,91.74069925061464,174.243000020528,15.966047173944105,177.3438668055448,,17.5736285435899,,1.385545414200184
donchian,eth_short_regime_challenge_v1_donchian,20261007T203717Z-2caf5e37e706,d4337e71132e4ebe93e0355b613abd7d,30db84831e4aaa26,ETHUSDT,1h,SHORT_ONLY,train,base,25,65,0,90,27.77777777777778,69.94548738578972,-43.82576274459145,-32.46519752685612,1.5959901894558977,3.933994783168237,68.02105388415812,-38.01988703379911,-92.79526644157849,-72.04522957475851,-32.46519752685612,100.25324565236772,143.43382845784478,160.01003243936086,618.9720839017197,973.0164201895245,,,,-1260.047426193062,160.01003243936086,,-12.222637708374457,,0.6138423805599605
donchian,eth_short_regime_challenge_v1_donchian,20261007T203717Z-2caf5e37e706,01ef2f871d024956bf100dadab52566a,30db84831e4aaa26,ETHUSDT,1h,SHORT_ONLY,train,adverse,25,64,0,89,28.089887640449437,65.80304166333916,-45.76330428338867,-34.446549488760034,1.4378997035671788,7.759468592412833,63.69798157112502,-40.5856004405537,-90.97932036620729,-71.42504255448993,-34.446549488760034,95.60173209554796,137.9262637183279,153.65180682874646,591.9149336296118,928.0355065941365,,,,-1437.427239382142,153.65180682874646,,-14.424443062397703,,0.5616795717059291
donchian,eth_short_regime_challenge_v1_donchian,20261007T203717Z-2caf5e37e706,65b87666fc2f47e3b78a98c56e0eb247,41d7ee3faad0311a,ETHUSDT,1h,SHORT_ONLY,train,base,22,55,0,77,28.571428571428573,71.47060850799775,-46.0212365111583,-33.91745699096757,1.5529919212550714,3.981395594140125,65.08060468893227,-40.699117433845785,-93.83159785927694,-71.69002812732967,-33.91745699096757,103.90777739374492,148.08213097503094,160.36442369449256,522.9375760160742,875.5940310554741,,,,-1119.1790446322484,160.36442369449256,,-12.45213793425657,,0.6211967685020284
donchian,eth_short_regime_challenge_v1_donchian,20261007T203717Z-2caf5e37e706,3efdded996b849e3a0ed78ffa0961299,41d7ee3faad0311a,ETHUSDT,1h,SHORT_ONLY,train,adverse,22,54,0,76,28.94736842105263,67.4952608099897,-47.98791848298059,-36.60694292750127,1.4065052818227073,7.870275864195318,61.3659445463435,-42.838836344620226,-92.6453236451737,-72.55700040070852,-36.60694292750127,99.23423793402975,142.89519009320574,154.5640238611955,502.49094005621674,838.2887762242831,,,,-1261.015884122374,154.5640238611955,,-14.558577108699716,,0.573020670372214
donchian,eth_short_regime_challenge_v1_donchian,20261007T203717Z-2caf5e37e706,dd59ca9822164f68b5f6185b9705708a,b5bd78a75b1c644c,ETHUSDT,1h,SHORT_ONLY,train,base,21,50,0,71,29.577464788732396,72.05879487542067,-46.23696052323808,-33.91745699096757,1.5584673832356455,4.003907500752741,61.98950117413882,-40.88091607264586,-94.94924489857611,-73.77911607310679,-33.91745699096757,105.85896578112434,150.16460555512796,162.3089274718499,527.0554611346473,884.4031204933308,,,,-960.9222612499196,162.3089274718499,,-11.248075123634786,,0.6545563009589709
donchian,eth_short_regime_challenge_v1_donchian,20261007T203717Z-2caf5e37e706,030cb3e4bad34ba983846fc118500ac2,b5bd78a75b1c644c,ETHUSDT,1h,SHORT_ONLY,train,adverse,21,49,0,70,30.0,68.13263964432026,-48.18710223873831,-36.58301159067466,1.4139185898077815,7.921303426780598,58.655709307543226,-43.67808585944623,-93.75764407231051,-73.64930233882423,-36.58301159067466,101.2459884328907,145.1259086154628,156.70410549857104,507.1845233003995,776.5804097046957,,,,-1087.0866826660229,156.70410549857104,,-13.29117967382074,,0.6059651099176206
donchian,eth_short_regime_challenge_v1_donchian,20261007T203717Z-2caf5e37e706,16f84602d4344f9ab5105c7b075c0d3e,30db84831e4aaa26,ETHUSDT,1h,SHORT_ONLY,validation,base,25,34,0,59,42.3728813559322,98.84192803697397,-64.40327292990881,-46.85392998227535,1.5347345490429556,4.345524127782721,89.98672016947559,-60.01783339146394,-106.71865736719379,-99.42666920146753,-46.85392998227535,137.65390491142597,173.3051701535697,207.08680452799953,498.3025577189343,897.3259121617407,73.60811498384591,177.1195033354265,318.9506403893318,74.25011677945,207.08680452799953,,4.768422395041519,,1.1284812860609965
donchian,eth_short_regime_challenge_v1_donchian,20261007T203717Z-2caf5e37e706,1313d6a193d74162b37f0a517867703b,30db84831e4aaa26,ETHUSDT,1h,SHORT_ONLY,validation,adverse,25,34,0,59,42.3728813559322,94.45016152931835,-66.96395749805174,-49.828229585314716,1.410462658693168,8.603001270771832,85.93319625228264,-62.73007946662723,-105.37199081314026,-99.96289422304376,-49.828229585314716,132.77613980221284,167.11386436784392,198.01449846661885,479.2768828367184,862.5392904567167,234.39359562050524,567.3293255585734,1021.0044578538347,-113.53501516741895,198.01449846661885,,1.4318556491389816,,1.0371048960979177
donchian,eth_short_regime_challenge_v1_donchian,20261007T203717Z-2caf5e37e706,59e0f7fe28c9478295186c1012c74b53,41d7ee3faad0311a,ETHUSDT,1h,SHORT_ONLY,validation,base,23,31,0,54,42.592592592592595,101.76452771697159,-66.35055184543546,-47.86375746113508,1.5337404872537233,4.329248359496967,97.21341096346379,-61.05802541151339,-106.64228904981609,-99.28131610337704,-47.86375746113508,138.6520921514209,175.0950065745089,205.76779908670758,495.97494075121483,894.4386122756237,72.52571299026214,174.81324270823947,315.2572869478719,77.94923119513962,205.76779908670758,,5.254019079293465,,1.1379364905430847
donchian,eth_short_regime_challenge_v1_donchian,20261007T203717Z-2caf5e37e706,5220aa9aae1b468fb627721b904e072a,41d7ee3faad0311a,ETHUSDT,1h,SHORT_ONLY,validation,adverse,23,31,0,54,42.592592592592595,97.40453818955739,-68.91868618676493,-50.89746008765309,1.4133255228574402,8.577861347405694,93.5419866085638,-63.701942389176416,-105.47137850410236,-100.53171514173303,-50.89746008765309,133.65380399174958,168.7520577344509,196.81819605708137,477.37835958118444,860.612533500599,189.5670542116723,459.7908688481226,828.9059957954174,-92.99308948697433,196.81819605708137,,1.9226871587056835,,1.0485963556684232
donchian,eth_short_regime_challenge_v1_donchian,20261007T203717Z-2caf5e37e706,2a88933d1d844d708f509ede0a51847f,b5bd78a75b1c644c,ETHUSDT,1h,SHORT_ONLY,validation,base,21,29,0,50,42.0,103.56692725985874,-67.30396742521995,-49.519363872325265,1.538793792133128,4.331485719983217,97.21341096346379,-62.88809954837222,-107.14806683713238,-100.78231017196866,-49.519363872325265,139.99833540201865,177.40993431127853,205.76779908670758,496.84098835184744,765.3905143902571,92.2351581649559,222.70835061104557,343.08533923227805,17.32261803894724,205.76779908670758,,4.461808342513096,,1.1142989529239893
donchian,eth_short_regime_challenge_v1_donchian,20261007T203717Z-2caf5e37e706,5305812cfc2f49c5a8a70c73d11b21f7,b5bd78a75b1c644c,ETHUSDT,1h,SHORT_ONLY,validation,adverse,21,29,0,50,42.0,99.25226406260128,-69.8811311496568,-52.43251217308929,1.4203013378538984,8.587992305661677,93.5419866085638,-65.92452484465116,-106.23421419894487,-102.11642375269672,-52.43251217308929,134.94204450005327,170.87025685313992,196.81819605708137,478.39632954938287,737.3079888501933,340.8417620841119,828.4673429833342,1276.8400440247344,-139.07345408250163,196.81819605708137,,1.154894839491597,,1.0284940722390299
donchian,eth_short_regime_challenge_v1_donchian,20261007T203717Z-2caf5e37e706,eb9753d5c01d4cacba12288895b36a13,30db84831e4aaa26,ETHUSDT,1h,SHORT_ONLY,test,base,42,76,0,118,35.59322033898305,106.42540299450192,-57.57718897400169,-40.301407276091425,1.8483952567145483,4.302667747938592,95.99313267931653,-54.6520808932904,-104.81017735722814,-89.64256355988209,-40.301407276091425,163.01096104067298,190.2118394700248,394.70413177519885,1085.8776252434586,1954.5860382065648,419.8954942931365,1155.1820350670803,2079.334378791468,-107.86977110094418,201.87033484589566,,0.7966149469911148,,1.0214815892369873
donchian,eth_short_regime_challenge_v1_donchian,20261007T203717Z-2caf5e37e706,5e441eaf8035414992b8fe0f330dfc7f,30db84831e4aaa26,ETHUSDT,1h,SHORT_ONLY,test,adverse,41,76,0,117,35.042735042735046,103.75433444056138,-59.0929017269814,-42.4856778581188,1.755783375132311,8.491988931204993,91.32261855902256,-56.31315458409311,-104.34487737918992,-92.8200439702959,-42.4856778581188,159.24979078521912,182.72495690205005,377.3325108519408,1047.028704204129,1890.2000954328378,,,,-429.3401495453404,192.20733035777062,,-2.026776232372391,,0.9471989260582204
donchian,eth_short_regime_challenge_v1_donchian,20261007T203717Z-2caf5e37e706,127cf971ed4c4699ba46d5cf94ce383b,41d7ee3faad0311a,ETHUSDT,1h,SHORT_ONLY,test,base,41,70,0,111,36.93693693693694,107.81601312459885,-60.073330266733684,-41.10584376489278,1.7947400726059517,4.307341939060112,98.17143788238096,-58.336871660672045,-105.77615230703596,-91.70496147593057,-41.10584376489278,165.94025589135296,191.49260084580268,394.60279916622494,1088.9356604996533,1958.852639890436,183.26051118713588,505.7209584288946,909.7257720550856,13.606480422997379,201.716939014198,,1.939850625560319,,1.0512048996691996
donchian,eth_short_regime_challenge_v1_donchian,20261007T203717Z-2caf5e37e706,082a4535ea8743ee8d4440c3e21b270b,41d7ee3faad0311a,ETHUSDT,1h,SHORT_ONLY,test,adverse,40,70,0,110,36.36363636363637,105.26815118263343,-61.480298531485055,-42.88354595074905,1.712225764953368,8.509794343491556,95.44504809986685,-58.985995012635414,-104.7747384546453,-95.03235880771948,-42.88354595074905,162.2018762443784,183.97477817282854,377.3028735080934,1050.4910933725937,1774.0420050360308,,,,-285.0226071520079,192.1277572533914,,-0.8444986354419691,,0.9784147228304961
donchian,eth_short_regime_challenge_v1_donchian,20261007T203717Z-2caf5e37e706,6102fc04ba504137bbe8042b30de9353,b5bd78a75b1c644c,ETHUSDT,1h,SHORT_ONLY,test,base,34,64,0,98,34.69387755102041,112.20116591467732,-60.93785993130788,-41.60179557475436,1.8412390267914875,4.227120078115934,103.68864956879185,-58.730719080846725,-103.63417107895732,-95.16078444079884,-41.60179557475436,165.90548586689218,188.1794221297096,196.52501766303433,897.9860727378915,1651.067956485541,,,,-281.7084121677096,196.52501766303433,,-0.8692183112721968,,0.978158232982978
donchian,eth_short_regime_challenge_v1_donchian,20261007T203717Z-2caf5e37e706,f0bf6527f6ff492893599a914b53e2a3,b5bd78a75b1c644c,ETHUSDT,1h,SHORT_ONLY,test,adverse,34,63,0,97,35.05154639175258,108.29694513803446,-63.04806511133228,-43.62385916743048,1.7176886387679033,8.38851591149127,100.6284233506577,-61.58135857998102,-102.90267744005922,-97.96584251543938,-43.62385916743048,161.0502571997952,182.1474201534182,188.7029067885861,872.2820081144306,1604.5956067249201,,,,-478.6348741093482,188.7029067885861,,-2.9889893538222863,,0.9270065669541064
donchian,eth_short_regime_challenge_v1_donchian,20261007T203717Z-2caf5e37e706,1b3ff94c1163410abb32cea88950c8ee,30db84831e4aaa26,ETHUSDT,1h,SHORT_ONLY,diagnostic_year_2023,base,9,36,0,45,20.0,44.85879401760175,-37.27659148886582,-30.708435768155784,1.203403858182706,4.06475296327317,46.0726571003131,-34.259891448127895,-84.85542210269037,-63.86206794860399,-30.708435768155784,57.519670215242755,66.02817362294398,69.42050348821137,188.9617233261378,291.3105036922826,,,,-1007.648650928965,69.42050348821137,,-20.849514387572306,,0.30085096454567656
donchian,eth_short_regime_challenge_v1_donchian,20261007T203717Z-2caf5e37e706,3edb09b3a3fc4d3580820ea8bcd2f685,30db84831e4aaa26,ETHUSDT,1h,SHORT_ONLY,diagnostic_year_2023,adverse,9,36,0,45,20.0,41.370802604139534,-40.131772715364406,-33.88064614202867,1.0308740383227768,8.062918689750498,42.485534857826266,-37.26934673022542,-85.5058274353153,-66.37645265915398,-33.88064614202867,53.93207153166859,62.35854575575488,65.49087331042648,178.08657841678433,273.33743870675886,,,,-1137.8974676262892,65.49087331042648,,-23.831257651463616,,0.2577185095806942
donchian,eth_short_regime_challenge_v1_donchian,20261007T203717Z-2caf5e37e706,cd2c0d9dc5ea4b19bc5f0fb304898179,41d7ee3faad0311a,ETHUSDT,1h,SHORT_ONLY,diagnostic_year_2023,base,8,29,0,37,21.62162162162162,48.90074080606871,-38.81641826650975,-33.23715730260648,1.2597952874044427,4.11404874881948,51.85991498151533,-34.67459753417308,-88.24716898643432,-68.56056304482854,-33.23715730260648,59.22012080038462,67.74436097047247,70.98146960591015,132.97097078004896,248.4576211757496,,,,-805.4516728861433,70.98146960591015,,-19.850546034600896,,0.34752973445639795
donchian,eth_short_regime_challenge_v1_donchian,20261007T203717Z-2caf5e37e706,d72a3e5d3fdb42cab85c4ce0c35cb285,41d7ee3faad0311a,ETHUSDT,1h,SHORT_ONLY,diagnostic_year_2023,adverse,8,29,0,37,21.62162162162162,45.409212964993344,-41.727197878814835,-36.21484427349399,1.088240171239677,8.17012537349956,48.33416944677435,-38.067778112051144,-88.80864368151576,-71.0620141007545,-36.21484427349399,55.707706919555655,64.08934690045618,67.14576804646971,125.80147735401295,234.2323569675338,,,,-913.9608028121532,67.14576804646971,,-22.886892831504962,,0.30020418516956604
donchian,eth_short_regime_challenge_v1_donchian,20261007T203717Z-2caf5e37e706,f6d4569981de4b89823441e9890ecf8e,b5bd78a75b1c644c,ETHUSDT,1h,SHORT_ONLY,diagnostic_year_2023,base,7,27,0,34,20.58823529411765,45.76869274487878,-38.65740033252549,-33.57730714678702,1.1839568194235248,4.127053367549431,46.85361139703783,-36.431255298835886,-89.262002694313,-59.0292712761525,-33.57730714678702,57.50799004512158,60.84713176996522,61.98950117413882,120.51727688108491,224.3297629668773,,,,-785.3584609381754,61.98950117413882,,-21.275557640118723,,0.30695176799869156
donchian,eth_short_regime_challenge_v1_donchian,20261007T203717Z-2caf5e37e706,d7810c16ac70422dbcddd1149d52dba2,b5bd78a75b1c644c,ETHUSDT,1h,SHORT_ONLY,diagnostic_year_2023,adverse,7,27,0,34,20.58823529411765,42.327844532649486,-41.58752828380433,-36.58301159067466,1.0178014005495357,8.19926614174516,43.308435774260914,-39.69095517435115,-89.75877148670394,-62.10412706308813,-36.58301159067466,53.98885985202091,57.43965832249837,58.655709307543226,113.626415630102,210.39502469532496,,,,-885.2240612417138,58.655709307543226,,-24.31083388041678,,0.2638744371795093
donchian,eth_short_regime_challenge_v1_donchian,20261007T203717Z-2caf5e37e706,5090197a52094c04ad8127993c5425a7,30db84831e4aaa26,ETHUSDT,1h,SHORT_ONLY,diagnostic_year_2024,base,41,63,0,104,39.42307692307692,95.39221393030692,-60.52903939120818,-39.76538477534284,1.5759743569325937,4.237244169033211,93.88761914416641,-58.19091212473696,-102.51426532091254,-96.94658558840854,-39.76538477534284,133.88004585290525,175.96048526519354,379.96600478964,956.6863550007449,1576.7958452415621,388.706897624471,978.6943578225664,1613.06909951149,-105.63762857440616,203.38891807087515,,0.939916245158355,,1.0256341053053386
donchian,eth_short_regime_challenge_v1_donchian,20261007T203717Z-2caf5e37e706,62f12952aeff4497bd4f32a20a542753,30db84831e4aaa26,ETHUSDT,1h,SHORT_ONLY,diagnostic_year_2024,adverse,41,62,0,103,39.80582524271845,90.99931240898678,-62.665355760743914,-42.73213409548781,1.4521470644229932,8.375655705494731,90.27009095254733,-60.73058464226712,-101.07551031566528,-97.22522310283317,-42.73213409548781,128.63015448873517,171.7084029927593,365.4350829022715,921.3563580083023,1515.283048969221,,,,-347.606600301958,193.32635190429338,,-1.4978664892977136,,0.960290800666818
donchian,eth_short_regime_challenge_v1_donchian,20261007T203717Z-2caf5e37e706,28df1b9e25a3432ebdb7946d8237f63c,41d7ee3faad0311a,ETHUSDT,1h,SHORT_ONLY,diagnostic_year_2024,base,37,57,0,94,39.361702127659576,96.18074196731968,-61.82400214871753,-45.731152942668174,1.555718468952512,4.198952821089812,93.62646729372783,-59.57962429621533,-102.16043102936639,-96.87743883982121,-45.731152942668174,135.29495196012581,175.01590663314803,200.78557256894774,812.6765519175142,1446.178909093552,578.3106147309385,2340.7034195918177,4165.342176871892,-166.06624225501878,200.78557256894774,,0.3693545778077524,,1.0098523394954906
donchian,eth_short_regime_challenge_v1_donchian,20261007T203717Z-2caf5e37e706,4ed0d8e497794d9aad370792a66997a2,41d7ee3faad0311a,ETHUSDT,1h,SHORT_ONLY,diagnostic_year_2024,adverse,37,56,0,93,39.784946236559136,91.94989278198766,-64.01649532103549,-48.49228802489856,1.436346871550361,8.314861996710292,90.46593215948369,-61.44231623911122,-100.19159321626489,-97.78068783454786,-48.49228802489856,130.09001983878625,170.65339708334312,191.23537059334316,784.5665750956102,1392.5844583864368,,,,-374.0130756377882,191.23537059334316,,-1.965351667144568,,0.9490148972743456
donchian,eth_short_regime_challenge_v1_donchian,20261007T203717Z-2caf5e37e706,a7e990c4cb274517a34e07797bae828d,b5bd78a75b1c644c,ETHUSDT,1h,SHORT_ONLY,diagnostic_year_2024,base,35,52,0,87,40.229885057471265,98.37526585848691,-63.51856471656026,-46.27679416052783,1.5487639920308047,4.252881969179319,94.64851373888735,-61.65461147404815,-104.725869704006,-100.03865595692606,-46.27679416052783,139.91425284472297,179.04409103097223,204.09869788616123,824.0398401077525,1346.1960997110884,145.60907587508265,587.8904708606492,960.4097040094987,-63.92975810025354,204.09869788616123,,1.61113723891848,,1.0424373023284264
donchian,eth_short_regime_challenge_v1_donchian,20261007T203717Z-2caf5e37e706,300e85d0adfb4f8e9dd6ff9c416533f6,b5bd78a75b1c644c,ETHUSDT,1h,SHORT_ONLY,diagnostic_year_2024,adverse,35,51,0,86,40.69767441860465,94.21208361499555,-65.75491429267099,-48.24041610984517,1.4327763122869188,8.43139159069227,91.5161202396604,-63.80743758232098,-103.2616255314652,-99.7488375614486,-48.24041610984517,134.63351020818362,174.38892472424268,194.59084112459763,796.3381000058437,1297.119232216698,,,,-250.66854352597358,194.59084112459763,,-0.6520663069927426,,0.9832778613733757
donchian,eth_short_regime_challenge_v1_donchian,20261007T203717Z-2caf5e37e706,7907c6c7798540e887b82f03c16bf2e1,30db84831e4aaa26,ETHUSDT,1h,SHORT_ONLY,diagnostic_year_2025,base,36,62,0,98,36.734693877551024,121.22842832602322,-70.60815289799987,-50.838765984479195,1.7169182785612465,4.209971292915757,116.78986859403301,-68.32631489834834,-105.5211107811135,-103.31832330415095,-50.838765984479195,165.03045887043794,197.2784276266405,205.37457115494047,928.9863960386244,1701.6888640838358,,,,-218.85663109409643,205.37457115494047,,-0.13757204019547029,,0.9969202907774979
donchian,eth_short_regime_challenge_v1_donchian,20261007T203717Z-2caf5e37e706,00ecd96e628a4ac0b1c2e1fecb31c64e,30db84831e4aaa26,ETHUSDT,1h,SHORT_ONLY,diagnostic_year_2025,adverse,36,61,0,97,37.11340206185567,116.43993496225663,-72.59373479024867,-51.146340241237816,1.603994274419088,8.29172010638675,112.38592502222555,-70.35909639784468,-103.87646444534359,-102.37985949413404,-51.146340241237816,160.13845379481856,187.84176939381717,199.47867526499923,896.333200461432,1643.1208331046791,,,,-435.8588388289292,199.47867526499923,,-2.436908902720927,,0.9466195717883144
donchian,eth_short_regime_challenge_v1_donchian,20261007T203717Z-2caf5e37e706,c9deee4a77b14ef5b5815a6074cea84e,41d7ee3faad0311a,ETHUSDT,1h,SHORT_ONLY,diagnostic_year_2025,base,35,58,0,93,37.634408602150536,124.01630308371894,-71.71956730075907,-49.13715478279276,1.729183648914825,4.262019569255724,119.5155454801399,-68.91164618128914,-106.85339049196618,-105.1191337637283,-49.13715478279276,169.4901446956588,197.55972417881011,205.23319859321447,937.9258249061613,1723.3509298759577,113.49152490455658,518.6618580503075,952.9926265241892,-24.397494107077506,205.23319859321447,,1.9444699407111514,,1.0434728915865323
donchian,eth_short_regime_challenge_v1_donchian,20261007T203717Z-2caf5e37e706,2cc20d216ba94a4b984b1bef6cf4e623,41d7ee3faad0311a,ETHUSDT,1h,SHORT_ONLY,diagnostic_year_2025,adverse,35,57,0,92,38.04347826086956,119.27598762895794,-73.75569793093969,-51.2281621178443,1.6171765839791885,8.400789352473483,114.95029744429786,-71.41244063232459,-106.03102442554346,-104.16937721085405,-51.2281621178443,164.44592275671977,188.31808520102882,199.34115709520114,905.8020913007298,1664.8311346398032,,,,-228.75637214523593,199.34115709520114,,-0.3197305983699431,,0.9930031656012559
donchian,eth_short_regime_challenge_v1_donchian,20261007T203717Z-2caf5e37e706,f3f78dcb853f46729a350eb4f6112c91,b5bd78a75b1c644c,ETHUSDT,1h,SHORT_ONLY,diagnostic_year_2025,base,32,51,0,83,38.55421686746988,127.75498811254718,-75.1903873838206,-54.607785922787514,1.6990867125128994,4.292617592899238,121.73793141865622,-72.84919792731237,-107.05303258838315,-105.58309742084029,-54.607785922787514,174.35078956348266,198.3937974847236,205.23319859321447,941.8959542497043,1579.8666415304656,80.97585697713609,371.63009007056854,623.3448393555809,48.21666443344424,205.23319859321447,,3.0536128075501043,,1.0660936235375058
donchian,eth_short_regime_challenge_v1_donchian,20261007T203717Z-2caf5e37e706,a290389ee6704c109c1bc1a399f9a1a4,b5bd78a75b1c644c,ETHUSDT,1h,SHORT_ONLY,diagnostic_year_2025,adverse,32,50,0,82,39.02439024390244,123.09332670949678,-77.33636880753815,-57.496445515632615,1.5916615766616984,8.470885817777562,117.23504277100972,-74.36687330530755,-106.22360804902475,-104.40643410115669,-57.496445515632615,168.99292551072583,189.52941178280594,199.34115709520114,910.5187128767345,1528.1707371348937,276.21815419778466,1261.6651869500402,2117.518060301407,-127.17314276821239,199.34115709520114,,0.880097735694985,,1.018663409063487
donchian,eth_short_regime_challenge_v1_donchian,20261007T203717Z-2caf5e37e706,ad8a0e59a8954a65b260f2b49185537c,30db84831e4aaa26,ETHUSDT,1h,SHORT_ONLY,diagnostic_year_2026,base,25,46,0,71,35.2112676056338,101.36737815211941,-51.355299516965886,-37.062640751146105,1.9738445516928858,4.369515282033344,87.71537860247786,-47.25066894879015,-105.68633197611305,-85.21865328546346,-37.062640751146105,166.07482689237835,197.05279605804742,203.4270184712719,749.0067997094985,1293.1981716834057,118.38117911301245,435.87281954779365,752.5564968760183,-31.586342448717204,203.4270184712719,,2.420291211585278,,1.0727416041809164
donchian,eth_short_regime_challenge_v1_donchian,20261007T203717Z-2caf5e37e706,d0ad3574d7bb494ead99cf2eed3eff99,30db84831e4aaa26,ETHUSDT,1h,SHORT_ONLY,diagnostic_year_2026,adverse,24,47,0,71,33.80281690140845,99.63715863722918,-52.77580558479968,-39.36492798879739,1.887932501136966,8.62788443189489,84.28330526658317,-48.67782903453074,-104.27364188455955,-88.4716762203,-39.36492798879739,161.18302995407856,190.0877488587849,195.12046763496858,722.1366409764171,1249.405489367542,,,,-284.2915228270536,195.12046763496858,,-1.2559303548180987,,0.9640506388784513
donchian,eth_short_regime_challenge_v1_donchian,20261007T203717Z-2caf5e37e706,2ed3b45f22e641718b2a520cf0a6c9d6,41d7ee3faad0311a,ETHUSDT,1h,SHORT_ONLY,diagnostic_year_2026,base,24,40,0,64,37.5,103.22536881849618,-54.652122449712735,-38.01562814727596,1.8887714546397958,4.38005965448553,89.49984789655696,-49.20840698450439,-107.5127956719467,-88.39232373566382,-38.01562814727596,171.79370901077095,197.61274123009022,203.21762098673227,751.7566162995868,1175.9587398805988,69.75657800769591,258.0483365225861,403.6601608364879,88.10633266866668,203.21762098673227,,4.551936775865608,,1.1332628727838776
donchian,eth_short_regime_challenge_v1_donchian,20261007T203717Z-2caf5e37e706,c9f70d8f659d4fd9ad38df972167a2c9,41d7ee3faad0311a,ETHUSDT,1h,SHORT_ONLY,diagnostic_year_2026,adverse,23,41,0,64,35.9375,101.75744132600433,-55.75321375958395,-40.276675381545154,1.8251403724419784,8.657138086196678,86.09702604788704,-50.196068831559515,-106.68876675711043,-91.63974599822629,-40.276675381545154,166.2096266075511,190.5416292895994,194.9869772382014,725.3275373709328,1136.5064314672936,357.51589863600174,1329.9151051088888,2083.8269504288714,-140.44759088304414,194.9869772382014,,0.8521779117993318,,1.0238592333211103
donchian,eth_short_regime_challenge_v1_donchian,20261007T203717Z-2caf5e37e706,efb251442cd3423ea7b264ab30c90722,b5bd78a75b1c644c,ETHUSDT,1h,SHORT_ONLY,diagnostic_year_2026,base,19,38,0,57,33.333333333333336,109.22222057742506,-53.99785818598207,-39.05365278275812,2.022713941749996,4.2570390324184615,85.01464653909288,-48.317283615324214,-104.47668865234417,-90.81492125058945,-39.05365278275812,168.39054931772057,193.80454889853283,198.67539997035152,561.926909557953,1019.2898080301607,852.5531304240276,2411.332987801331,4373.962336429678,-175.37182006659373,198.67539997035152,,0.40883473515364327,,1.0113569708749979
donchian,eth_short_regime_challenge_v1_donchian,20261007T203717Z-2caf5e37e706,69228b9d76934c96b1bd2b1f74692f9b,b5bd78a75b1c644c,ETHUSDT,1h,SHORT_ONLY,diagnostic_year_2026,adverse,19,38,0,57,33.333333333333336,105.28678945818059,-56.093711081533435,-42.15359011905395,1.8769802786830048,8.458923032973905,81.19227560291043,-49.14752927089623,-104.18742090167082,-93.76209118320504,-42.15359011905395,163.80566064678968,187.90281026190266,191.78942123275633,545.3834162121243,991.2875649050713,,,,-322.9014426255955,191.78942123275633,,-2.3002109016287586,,0.9384901393415026
donchian,eth_short_regime_challenge_v1_donchian,20261007T203717Z-2caf5e37e706,f86012afde554bc59809ba658dd2a1e9,30db84831e4aaa26,ETHUSDT,1h,SHORT_ONLY,wf_0_train,base,24,59,0,83,28.91566265060241,71.72513064487626,-44.738106612278514,-32.21139388801166,1.6032223103780407,3.987971451496181,69.67794629259507,-38.31883717677061,-95.01998205368858,-75.14164984480232,-32.21139388801166,104.6599791247721,147.69570202349837,163.28027240913985,631.622354593986,992.9025725530494,,,,-1081.4254270565418,163.28027240913985,,-11.06198981502894,,0.6521582279503895
donchian,eth_short_regime_challenge_v1_donchian,20261007T203717Z-2caf5e37e706,1b4b02adbbfc4c0982290b583be20126,30db84831e4aaa26,ETHUSDT,1h,SHORT_ONLY,wf_0_train,adverse,24,58,0,82,29.26829268292683,67.62456639891964,-46.67995313590865,-34.7500955141502,1.4486853961063493,7.874811058489834,65.5721513879019,-40.565228063703074,-93.49254854238877,-73.36918020862852,-34.7500955141502,100.04848791659843,142.35990169563297,157.16555642786992,605.4510154199331,949.2582935813053,,,,-1241.6132447364998,157.16555642786992,,-13.224971808641829,,0.5994560259750411
donchian,eth_short_regime_challenge_v1_donchian,20261007T203717Z-2caf5e37e706,16c9aa67439644e3b07af113d74c1591,41d7ee3faad0311a,ETHUSDT,1h,SHORT_ONLY,wf_0_train,base,21,51,0,72,29.166666666666668,72.74265625521647,-46.73051455534251,-33.69734932409611,1.5566414568165743,4.007550775925441,68.94949517762687,-41.16348427933781,-95.18357005432085,-73.6326005114615,-33.69734932409611,105.66883959634518,150.58887144443088,162.19397138333306,528.903735372813,885.583681197737,,,,-1017.854432346255,162.19397138333306,,-11.88417306892947,,0.6409700116303539
donchian,eth_short_regime_challenge_v1_donchian,20261007T203717Z-2caf5e37e706,bc6a6a0d229a47a698e817a3e3de08ad,41d7ee3faad0311a,ETHUSDT,1h,SHORT_ONLY,wf_0_train,adverse,21,50,0,71,29.577464788732396,68.80773359777446,-48.69339605783699,-36.69021479859997,1.4130814272236443,7.928443887048616,64.9172773769358,-43.40115170515472,-94.19369025594135,-73.74098842030645,-36.69021479859997,101.06801519276792,145.55920388918113,156.59302782673305,509.08730658375543,849.2932834130231,,,,-1146.3004251653185,156.59302782673305,,-13.939540807585715,,0.5934941994339304
donchian,eth_short_regime_challenge_v1_donchian,20261007T203717Z-2caf5e37e706,df74fb46adf344e4becdc48e38d3bd46,b5bd78a75b1c644c,ETHUSDT,1h,SHORT_ONLY,wf_0_train,base,20,46,0,66,30.303030303030305,73.39016191554022,-46.98769210553478,-33.58121958374706,1.5619018220921608,4.0302928427455695,64.67010737128123,-41.3473315022797,-96.25734574967485,-75.82529288748162,-33.58121958374706,107.64924801304116,152.75525815776015,164.16092220756056,533.0689097131042,818.1485750984956,,,,-857.7915207513558,164.16092220756056,,-10.509554523390838,,0.6790877487357222
donchian,eth_short_regime_challenge_v1_donchian,20261007T203717Z-2caf5e37e706,79731a4203b84143b03959faf0dc7c99,b5bd78a75b1c644c,ETHUSDT,1h,SHORT_ONLY,wf_0_train,adverse,20,45,0,65,30.76923076923077,69.50705678106644,-48.921528960271765,-36.30451409600267,1.420786681412018,7.979950467559973,60.88885844168087,-44.25143717289394,-95.26780251123081,-74.76317265682636,-36.30451409600267,103.11346651123154,147.88089722597888,158.76115713274905,513.8420648721559,786.7742711856024,,,,-970.0888247236496,158.76115713274905,,-12.481964116783086,,0.6314607472942301
donchian,eth_short_regime_challenge_v1_donchian,20261007T203717Z-2caf5e37e706,0300fc4abf4647488a5302d6fa2eb84b,b5bd78a75b1c644c,ETHUSDT,1h,SHORT_ONLY,wf_0_test,base,15,15,0,30,50.0,100.3714805340234,-67.37051652338613,15.932623074129662,1.4898428231462608,4.313409391045297,89.79371873790964,-66.67322088589532,-106.69524743163333,-98.15615311564478,15.932623074129665,142.5921475404031,188.98457299512725,205.76779908670758,353.6624047541725,489.77377013927793,41.56803803678421,71.44486337634977,98.94130567042585,289.2466610728517,205.76779908670758,,16.500482005318638,,1.4898428231462606
donchian,eth_short_regime_challenge_v1_donchian,20261007T203717Z-2caf5e37e706,82aa06d3beb843558c71cda334e481ac,b5bd78a75b1c644c,ETHUSDT,1h,SHORT_ONLY,wf_0_test,adverse,15,15,0,30,50.0,96.27204910549891,-70.38820326386595,12.137994584950599,1.3677298842904337,8.572778844922873,85.7074727504876,-69.72796569810168,-107.22903187591373,-101.44787719765598,12.137994584950597,138.32361097812696,181.46125244658552,196.81819605708137,340.6814141469355,472.2343942107293,50.69267198836128,87.74621211787243,121.62911624494434,191.43949156741314,196.81819605708137,,12.941922920816483,,1.367729884290434
donchian,eth_short_regime_challenge_v1_donchian,20261007T203717Z-2caf5e37e706,ed7a797cc9e043a2ad31243fc2ab8c77,30db84831e4aaa26,ETHUSDT,1h,SHORT_ONLY,wf_1_train,base,36,62,0,98,36.734693877551024,88.13041245840607,-53.701714525420414,-35.40633610751682,1.6411098460681057,4.091694335622137,84.76617388521902,-50.82795548049503,-98.08192419534733,-83.20493875094002,-35.40633610751682,118.83534519270496,170.5198587296379,195.52159763819245,785.2579859971728,1344.1850331882815,,,,-352.33304971163943,195.52159763819245,,-1.6001168578923173,,0.9529024912653519
donchian,eth_short_regime_challenge_v1_donchian,20261007T203717Z-2caf5e37e706,da878ff71a8544dda5f69e627d382e32,30db84831e4aaa26,ETHUSDT,1h,SHORT_ONLY,wf_1_train,adverse,36,61,0,97,37.11340206185567,83.75634382201355,-55.82181164686881,-38.186449591136046,1.5004232458785072,8.081085193535088,80.17002225525499,-53.090794947327275,-96.87468773889843,-85.99069346856649,-38.186449591136046,115.12751933432898,165.3664575663652,184.84134047340132,753.4763053727854,1290.0975505100346,,,,-574.7434733399114,184.84134047340132,,-4.019609617180516,,0.8854956860922336
donchian,eth_short_regime_challenge_v1_donchian,20261007T203717Z-2caf5e37e706,45b205d63d304c9a816d568dc38a4db6,41d7ee3faad0311a,ETHUSDT,1h,SHORT_ONLY,wf_1_train,base,33,54,0,87,37.93103448275862,88.3248262870463,-56.08618861522454,-38.68994021042937,1.5748052857182497,4.09477119712919,84.34894153671105,-53.71735131580507,-97.87318910439242,-86.87117353604951,-38.68994021042937,126.09518657402143,171.86364476658375,195.00800912619638,783.9547505146066,1234.9936535054792,,,,-308.94292687579343,195.00800912619638,,-1.309596755742494,,0.9623810079389301
donchian,eth_short_regime_challenge_v1_donchian,20261007T203717Z-2caf5e37e706,76afa74e07c442d7b0e3914f11ce4dc0,41d7ee3faad0311a,ETHUSDT,1h,SHORT_ONLY,wf_1_train,adverse,33,53,0,86,38.372093023255815,84.12942228968183,-58.27218569521408,-41.562113677715026,1.4437320530537678,8.103384870513255,80.15584771669306,-56.029976184651034,-97.03310792678994,-88.89049008651091,-41.562113677715026,121.57664146432947,166.52768196043942,184.91510841102794,754.2385420216411,1188.3427686662046,,,,-497.0700146978734,184.91510841102794,,-3.629708212637737,,0.8989275047315913
donchian,eth_short_regime_challenge_v1_donchian,20261007T203717Z-2caf5e37e706,9524e275d0d6439bb2f365edebd1f288,b5bd78a75b1c644c,ETHUSDT,1h,SHORT_ONLY,wf_1_train,base,31,46,0,77,40.25974025974026,89.85090075143009,-57.88962737475436,-38.757619763954395,1.5521070842237623,4.1324698799286566,85.84356419320635,-55.81149284290345,-99.86082119842274,-92.90639243165461,-38.757619763954395,133.5525944277276,176.9332685019111,198.46323791872524,663.1910699891017,1139.2699887708386,162.07025773026584,541.5791295391501,930.3575948915106,-76.00817386309303,198.46323791872524,,1.5903255072160027,,1.0459852089334052
donchian,eth_short_regime_challenge_v1_donchian,20261007T203717Z-2caf5e37e706,97973c965f5641668ebcf23c6f39c1b1,b5bd78a75b1c644c,ETHUSDT,1h,SHORT_ONLY,wf_1_train,adverse,31,45,0,76,40.78947368421053,85.75069112121986,-60.1122355404498,-40.79971243560752,1.4265097671091906,8.190951783396745,81.83708807753102,-58.108067686259936,-100.54626476699913,-95.11738429149244,-40.79971243560752,128.99252664627124,171.30170109176692,188.5760849734402,639.775039201622,1098.2796188336542,,,,-235.3552595358654,188.5760849734402,,-0.6155154547687524,,0.982706728452998
donchian,eth_short_regime_challenge_v1_donchian,20261007T203717Z-2caf5e37e706,a98e7a6e4fc74aaab305de26b957b97e,b5bd78a75b1c644c,ETHUSDT,1h,SHORT_ONLY,wf_1_test,base,6,14,0,20,30.0,106.5961521835971,-62.212126543815266,-49.06644052046906,1.713430453281848,4.163624078323476,123.20621651272124,-55.338103475756554,-99.59891786863119,-96.70561241042728,-49.06644052046906,127.06353072891812,134.8632670076378,136.81320107731773,136.81320107731773,263.3635912615832,,,,-368.20605958914894,136.81320107731773,,-11.56964292559156,,0.7343273371207921
donchian,eth_short_regime_challenge_v1_donchian,20261007T203717Z-2caf5e37e706,8eb95b3fe8944d48ae7dd87cc983e688,b5bd78a75b1c644c,ETHUSDT,1h,SHORT_ONLY,wf_1_test,adverse,6,14,0,20,30.0,102.99825746586248,-64.9596905265079,-52.27034814297946,1.585571862043159,8.309515320669883,119.50254876276763,-58.5575485544778,-99.28578167782722,-97.19668605853511,-52.27034814297946,123.43688025640323,131.03438673710045,132.93376335727478,132.93376335727478,255.87080766100055,,,,-424.3798859332105,132.93376335727478,,-14.572306128796782,,0.6795307980184966
donchian,eth_short_regime_challenge_v1_donchian,20261007T203717Z-2caf5e37e706,d254981bd5444549890a91c50b6181f9,30db84831e4aaa26,ETHUSDT,1h,SHORT_ONLY,wf_2_train,base,41,63,0,104,39.42307692307692,95.39221393030692,-60.52903939120818,-39.76538477534284,1.5759743569325937,4.237244169033211,93.88761914416641,-58.19091212473696,-102.51426532091254,-96.94658558840854,-39.76538477534284,133.88004585290525,175.96048526519354,379.96600478964,956.6863550007449,1576.7958452415621,388.706897624471,978.6943578225664,1613.06909951149,-105.63762857440616,203.38891807087515,,0.939916245158355,,1.0256341053053386
donchian,eth_short_regime_challenge_v1_donchian,20261007T203717Z-2caf5e37e706,3745782fb7064f61954aff12dc7ebcef,30db84831e4aaa26,ETHUSDT,1h,SHORT_ONLY,wf_2_train,adverse,41,62,0,103,39.80582524271845,90.99931240898678,-62.665355760743914,-42.73213409548781,1.4521470644229932,8.375655705494731,90.27009095254733,-60.73058464226712,-101.07551031566528,-97.22522310283317,-42.73213409548781,128.63015448873517,171.7084029927593,365.4350829022715,921.3563580083023,1515.283048969221,,,,-347.606600301958,193.32635190429338,,-1.4978664892977136,,0.960290800666818
donchian,eth_short_regime_challenge_v1_donchian,20261007T203717Z-2caf5e37e706,17b032deb9f04e8ab7c0441bfdc0b52c,41d7ee3faad0311a,ETHUSDT,1h,SHORT_ONLY,wf_2_train,base,37,57,0,94,39.361702127659576,96.18074196731968,-61.82400214871753,-45.731152942668174,1.555718468952512,4.198952821089812,93.62646729372783,-59.57962429621533,-102.16043102936639,-96.87743883982121,-45.731152942668174,135.29495196012581,175.01590663314803,200.78557256894774,812.6765519175142,1446.178909093552,578.3106147309385,2340.7034195918177,4165.342176871892,-166.06624225501878,200.78557256894774,,0.3693545778077524,,1.0098523394954906
donchian,eth_short_regime_challenge_v1_donchian,20261007T203717Z-2caf5e37e706,f145c2da9672481bb72dfe67ae0c2866,41d7ee3faad0311a,ETHUSDT,1h,SHORT_ONLY,wf_2_train,adverse,37,56,0,93,39.784946236559136,91.94989278198766,-64.01649532103549,-48.49228802489856,1.436346871550361,8.314861996710292,90.46593215948369,-61.44231623911122,-100.19159321626489,-97.78068783454786,-48.49228802489856,130.09001983878625,170.65339708334312,191.23537059334316,784.5665750956102,1392.5844583864368,,,,-374.0130756377882,191.23537059334316,,-1.965351667144568,,0.9490148972743456
donchian,eth_short_regime_challenge_v1_donchian,20261007T203717Z-2caf5e37e706,29d4c27fe1284a3a836a742101f1f566,b5bd78a75b1c644c,ETHUSDT,1h,SHORT_ONLY,wf_2_train,base,35,52,0,87,40.229885057471265,98.37526585848691,-63.51856471656026,-46.27679416052783,1.5487639920308047,4.252881969179319,94.64851373888735,-61.65461147404815,-104.725869704006,-100.03865595692606,-46.27679416052783,139.91425284472297,179.04409103097223,204.09869788616123,824.0398401077525,1346.1960997110884,145.60907587508265,587.8904708606492,960.4097040094987,-63.92975810025354,204.09869788616123,,1.61113723891848,,1.0424373023284264
donchian,eth_short_regime_challenge_v1_donchian,20261007T203717Z-2caf5e37e706,5638a83c6f9d40dfa2a1742f97eb358e,b5bd78a75b1c644c,ETHUSDT,1h,SHORT_ONLY,wf_2_train,adverse,35,51,0,86,40.69767441860465,94.21208361499555,-65.75491429267099,-48.24041610984517,1.4327763122869188,8.43139159069227,91.5161202396604,-63.80743758232098,-103.2616255314652,-99.7488375614486,-48.24041610984517,134.63351020818362,174.38892472424268,194.59084112459763,796.3381000058437,1297.119232216698,,,,-250.66854352597358,194.59084112459763,,-0.6520663069927426,,0.9832778613733757
donchian,eth_short_regime_challenge_v1_donchian,20261007T203717Z-2caf5e37e706,21af4ffcda1148c7b98df7ea817e8b52,b5bd78a75b1c644c,ETHUSDT,1h,SHORT_ONLY,wf_2_test,base,12,16,0,28,42.857142857142854,127.941887017591,-80.26959163037597,-53.909597610311494,1.5939023037109195,4.1600280533542575,118.21977009395621,-79.4151343693785,-106.53119873820386,-105.50909018161401,-53.909597610311494,183.75913750466992,202.98120066724798,205.23319859321447,402.1256641272938,561.4943352916321,81.76974008454651,160.21633567280773,223.71256780315062,45.75597953186195,205.23319859321447,,8.963899218752731,,1.1954267277831896
donchian,eth_short_regime_challenge_v1_donchian,20261007T203717Z-2caf5e37e706,ca8e3bad80e64a65b54e2633a854e1c3,b5bd78a75b1c644c,ETHUSDT,1h,SHORT_ONLY,wf_2_test,adverse,12,16,0,28,42.857142857142854,123.49836901956445,-82.12955170519433,-57.20816042695044,1.5037019739601685,8.221372623894453,114.33095873393773,-82.83605247269311,-105.82285375398334,-104.83113018761173,-57.20816042695044,175.93006463498065,196.07057532440274,199.34115709520114,386.56904837263045,541.5174349573495,118.72074638990645,230.22724771340944,322.50918474693566,-31.433556143537174,199.34115709520114,,5.996700033988003,,1.1277764804701265
donchian,eth_short_regime_challenge_v1_donchian,20261007T203717Z-2caf5e37e706,5e01313e832247bea3409d5342e601a5,30db84831e4aaa26,ETHUSDT,1h,SHORT_ONLY,wf_3_train,base,48,71,0,119,40.33613445378151,103.50198851810391,-66.86712308990089,-46.26467903059486,1.5478756036647263,4.256931356115304,96.9743358266748,-64.72300785411554,-106.81024534779867,-102.46202988287243,-46.26467903059486,142.8259405229478,203.67988783284943,412.9796935484015,1097.3184238258914,1916.5986132185146,187.2671462320923,497.58303603779603,869.088621975433,12.032491548640877,208.49721793738345,,1.853190836017012,,1.0464511123367164
donchian,eth_short_regime_challenge_v1_donchian,20261007T203717Z-2caf5e37e706,d6deb434cc784f2bbbedd625bd4e475e,30db84831e4aaa26,ETHUSDT,1h,SHORT_ONLY,wf_3_train,adverse,48,70,0,118,40.67796610169491,98.70598140373481,-68.76290861405958,-48.1655927166873,1.4354538426775174,8.395269519758893,92.98016945856844,-67.37331315824807,-104.00240904012041,-101.29184358717409,-48.1655927166873,137.3005654288744,193.95841938933702,394.07158315237433,1049.779500396774,1835.0653706909097,,,,-274.1066839119874,198.5901883070865,,-0.6399703017364476,,0.9843112064074406
donchian,eth_short_regime_challenge_v1_donchian,20261007T203717Z-2caf5e37e706,07f979fbd93846e18d040388b3b3c1ac,41d7ee3faad0311a,ETHUSDT,1h,SHORT_ONLY,wf_3_train,base,45,63,0,108,41.666666666666664,107.10319570029208,-68.51845129146892,-46.90698163134384,1.5631292546979563,4.298860254957153,99.35357903032795,-67.41930681906297,-109.2815505367399,-105.15601647300987,-46.90698163134384,146.7205022036388,205.7175644742538,417.1891407353438,1109.3663232723745,1808.8948723872059,82.94325820919913,220.55813158891044,359.63456337634597,291.7402443106263,211.24113083997509,,4.6572349550981595,,1.1165208962128264
donchian,eth_short_regime_challenge_v1_donchian,20261007T203717Z-2caf5e37e706,31a93f38f3ba422dbc7fb9a37782f202,41d7ee3faad0311a,ETHUSDT,1h,SHORT_ONLY,wf_3_train,adverse,45,62,0,107,42.05607476635514,102.38414332588317,-70.4898335084447,-49.975050048050974,1.452466805920567,8.49197918562935,94.80438969054373,-69.6696979447671,-107.24950011242346,-103.72008980376285,-49.975050048050974,142.3992887686388,196.62353143141934,398.76469180189616,1062.9822035572952,1735.1227824588702,168.31425153989687,448.67325936886186,732.3765079092675,35.23501593566843,201.68175620550335,,2.2141754405716974,,1.0542097784907336
donchian,eth_short_regime_challenge_v1_donchian,20261007T203717Z-2caf5e37e706,a0517329dc224f3aae8ba5a531911a99,b5bd78a75b1c644c,ETHUSDT,1h,SHORT_ONLY,wf_3_train,base,43,59,0,102,42.15686274509804,108.63397330104782,-69.90586951947132,-47.82860667355375,1.5540036058172382,4.310437394706435,101.65777527282007,-68.38433019186694,-109.89124628960319,-105.64369653240438,-47.82860667355375,148.61210498616072,207.0409512680819,418.2420529683718,1111.1526670842034,1813.94046725303,76.4870014416735,203.2046635339556,331.72863931113204,335.6585642945854,211.1559860016628,,5.360926963688705,,1.1325788991549364
donchian,eth_short_regime_challenge_v1_donchian,20261007T203717Z-2caf5e37e706,4296871db9224de59bb7fba12d3e950b,b5bd78a75b1c644c,ETHUSDT,1h,SHORT_ONLY,wf_3_train,adverse,43,58,0,101,42.57425742574257,103.98161146954135,-71.90897686929021,-50.642820497124326,1.4460171177035368,8.522265863995818,96.66763177382866,-70.43265355094414,-107.49287565600707,-104.44645073459542,-50.642820497124326,144.90225391694833,198.23992746022137,400.1803772663014,1065.7477935537886,1742.074117006783,133.176543455856,354.67158162717527,579.7470903789177,98.54818496536458,201.94044980608,,2.9751349977370762,,1.0720471734698636
donchian,eth_short_regime_challenge_v1_donchian,20261007T203717Z-2caf5e37e706,f11418486e224a168fbebc860d6b25bd,b5bd78a75b1c644c,ETHUSDT,1h,SHORT_ONLY,wf_3_test,base,5,9,0,14,35.714285714285715,141.71304165690717,-66.3021355740047,-44.506652311781664,2.137382761958411,4.1252405662174985,134.38982049279576,-64.21881770877073,-102.26000042815834,-97.5628768043434,-44.506652311781664,169.0587680094326,178.28080869695614,180.58631886883705,180.58631886883705,343.4379441078211,161.45980907023463,161.45980907023463,307.06326609048403,-68.74033075034347,180.58631886883705,,7.98899915132097,,1.1874348677546727
donchian,eth_short_regime_challenge_v1_donchian,20261007T203717Z-2caf5e37e706,18e798b21b714c0eae278766ab993916,b5bd78a75b1c644c,ETHUSDT,1h,SHORT_ONLY,wf_3_test,adverse,5,9,0,14,35.714285714285715,138.19232208721766,-69.23307820735356,-47.873306887737385,1.9960447471847298,8.225416026291269,130.5944860167995,-67.51276785679312,-102.61133980223599,-99.58357769158029,-47.873306887737385,165.73568570406283,175.0222305852484,177.3438668055448,177.3438668055448,336.8289934549635,261.3228087936015,261.3228087936015,496.33009721890545,-109.47996023563842,177.3438668055448,,4.847421897850455,,1.1089137484359612
