configuration_id,symbol,timeframe,mode,parameters,period,scenario,start,end,closed_trades,strategy,strategy_version,win_rate_pct,return_pct,profit_factor,sharpe,expectancy,max_drawdown_pct,fees_paid,average_win,average_loss,average_trade,average_close_exposure_pct,average_holding_hours,slippage_cost_closed_trades,spread_cost_closed_trades,gross_price_pnl,gross_return_pct,total_modeled_costs,cost_gross_profit_ratio,top_5_profit_share_pct,long_setup_count,short_setup_count,setups_traded_pct,funding_pnl,funding_note,filter_status
e9a6b0dc17b426eb,BTCUSDT,15m,LONG_ONLY,"{""atr_expansion_factor"": 1.1, ""atr_period"": 14, ""atr_reference_window"": 20, ""breakout_lookback"": 20, ""compression_ratio"": 0.75, ""compression_window"": 60, ""ema_period"": 100, ""ema_slope_lookback"": 3, ""momentum_threshold"": 0.5, ""reward_risk"": 2.0, ""stop_atr_multiplier"": 2.0}",train,base,2020-02-01T00:00:00+00:00,2023-01-01T00:00:00+00:00,95,volatility_breakout_intraday_v1,1.0.0,24.210526315789476,-8.84905193393064,0.5451252817081851,-1.49341211937641,-9.31479150940064,9.45235318344329,226.776914088449,46.10769720095004,-27.01919762520711,-9.31479150940064,0.2992662460560221,3.468421052631579,136.0660960176968,22.677682669616136,-499.38450061729066,-4.993845006172907,385.520692775762,0.3338859890567158,34.97125627045848,102,117,93.1372549019608,,not_modelled_synthetic,PASS
e9a6b0dc17b426eb,BTCUSDT,15m,LONG_ONLY,"{""atr_expansion_factor"": 1.1, ""atr_period"": 14, ""atr_reference_window"": 20, ""breakout_lookback"": 20, ""compression_ratio"": 0.75, ""compression_window"": 60, ""ema_period"": 100, ""ema_slope_lookback"": 3, ""momentum_threshold"": 0.5, ""reward_risk"": 2.0, ""stop_atr_multiplier"": 2.0}",train,adverse,2020-02-01T00:00:00+00:00,2023-01-01T00:00:00+00:00,95,volatility_breakout_intraday_v1,1.0.0,23.157894736842103,-12.197574494228192,0.4357031695904736,-2.054856295848933,-12.839552099187566,12.641741452307226,445.57502158214703,42.80888405192256,-29.610313678974176,-12.839552099187566,0.2722953135043168,3.1789473684210527,267.34481879162973,44.55746979860496,-462.2801392504484,-4.622801392504483,757.4773101723817,0.6768634542121532,37.14399521778883,102,117,93.1372549019608,,not_modelled_synthetic,PASS
e9a6b0dc17b426eb,BTCUSDT,15m,LONG_ONLY,"{""atr_expansion_factor"": 1.1, ""atr_period"": 14, ""atr_reference_window"": 20, ""breakout_lookback"": 20, ""compression_ratio"": 0.75, ""compression_window"": 60, ""ema_period"": 100, ""ema_slope_lookback"": 3, ""momentum_threshold"": 0.5, ""reward_risk"": 2.0, ""stop_atr_multiplier"": 2.0}",validation,base,2023-01-01T00:00:00+00:00,2025-01-01T00:00:00+00:00,104,volatility_breakout_intraday_v1,1.0.0,36.53846153846154,-1.550532470921917,0.8679241413564658,-0.4680958376024809,-1.490896606655698,3.670202161784165,258.05095764057324,26.813628910957245,-17.787441601644968,-1.490896606655698,0.3815371337595879,2.824519230769231,154.83060436585257,25.805100727642092,283.633415641886,2.8363341564188604,438.6866627340679,0.3717785500683527,25.59228726614727,117,88,88.88888888888889,,not_modelled_synthetic,PASS
e9a6b0dc17b426eb,BTCUSDT,15m,LONG_ONLY,"{""atr_expansion_factor"": 1.1, ""atr_period"": 14, ""atr_reference_window"": 20, ""breakout_lookback"": 20, ""compression_ratio"": 0.75, ""compression_window"": 60, ""ema_period"": 100, ""ema_slope_lookback"": 3, ""momentum_threshold"": 0.5, ""reward_risk"": 2.0, ""stop_atr_multiplier"": 2.0}",validation,adverse,2023-01-01T00:00:00+00:00,2025-01-01T00:00:00+00:00,105,volatility_breakout_intraday_v1,1.0.0,32.38095238095238,-6.882487604590826,0.5298653761472104,-2.1616154400460115,-6.554750099610327,7.553034198572376,507.2641068021993,22.814440665509924,-20.61886962093552,-6.554750099610327,0.3997212823063836,2.9214285714285717,304.3585372034483,50.72642286724138,174.100306413792,1.74100306413792,862.3490668728889,0.8162565674229568,28.172265086692203,117,88,89.74358974358974,,not_modelled_synthetic,PASS
e9a6b0dc17b426eb,BTCUSDT,15m,LONG_ONLY,"{""atr_expansion_factor"": 1.1, ""atr_period"": 14, ""atr_reference_window"": 20, ""breakout_lookback"": 20, ""compression_ratio"": 0.75, ""compression_window"": 60, ""ema_period"": 100, ""ema_slope_lookback"": 3, ""momentum_threshold"": 0.5, ""reward_risk"": 2.0, ""stop_atr_multiplier"": 2.0}",test,base,2025-01-01T00:00:00+00:00,2026-09-26T00:00:00+00:00,77,volatility_breakout_intraday_v1,1.0.0,32.467532467532465,-3.148144574189504,0.6279697768165484,-1.4202731925434893,-4.088499446999297,3.349375097547327,188.03753172521823,21.255688623610936,-16.27320525017729,-4.088499446999297,0.4670456753512497,3.935064935064935,112.8225195443124,18.8037532573854,4.849347107975556,0.0484934710797555,319.663804526916,0.5031322298380277,30.89985411029091,90,76,85.55555555555556,,not_modelled_synthetic,PASS
e9a6b0dc17b426eb,BTCUSDT,15m,LONG_ONLY,"{""atr_expansion_factor"": 1.1, ""atr_period"": 14, ""atr_reference_window"": 20, ""breakout_lookback"": 20, ""compression_ratio"": 0.75, ""compression_window"": 60, ""ema_period"": 100, ""ema_slope_lookback"": 3, ""momentum_threshold"": 0.5, ""reward_risk"": 2.0, ""stop_atr_multiplier"": 2.0}",test,adverse,2025-01-01T00:00:00+00:00,2026-09-26T00:00:00+00:00,78,volatility_breakout_intraday_v1,1.0.0,28.205128205128204,-6.7063068799746,0.3772796925090165,-2.8260994197977785,-8.597829333300778,6.7063068799746,374.6410052579048,18.4684795456875,-19.23102210718903,-8.597829333300778,0.4594504499263975,3.830128205128205,224.7845889835247,37.46409816392079,-33.7409955921191,-0.337409955921191,636.8896924053503,1.0865669852222288,35.866958627206984,90,76,86.66666666666667,,not_modelled_synthetic,PASS
e9a6b0dc17b426eb,BTCUSDT,15m,LONG_ONLY,"{""atr_expansion_factor"": 1.1, ""atr_period"": 14, ""atr_reference_window"": 20, ""breakout_lookback"": 20, ""compression_ratio"": 0.75, ""compression_window"": 60, ""ema_period"": 100, ""ema_slope_lookback"": 3, ""momentum_threshold"": 0.5, ""reward_risk"": 2.0, ""stop_atr_multiplier"": 2.0}",diagnostic_2020,base,2020-02-01T00:00:00+00:00,2021-01-01T00:00:00+00:00,30,volatility_breakout_intraday_v1,1.0.0,23.33333333333333,-2.600614518253164,0.5091710135548949,-1.6341450576397176,-8.668715060843828,3.2452723326766653,74.32112429682203,38.53997352854343,-23.03657680543995,-8.668715060843828,0.2722358352973157,3.1666666666666665,44.59266053795974,7.432110089659957,-133.71555690086964,-1.3371555690086965,126.34589492444174,0.4218059401047199,83.32466024355143,33,24,90.9090909090909,,not_modelled_synthetic,PASS
e9a6b0dc17b426eb,BTCUSDT,15m,LONG_ONLY,"{""atr_expansion_factor"": 1.1, ""atr_period"": 14, ""atr_reference_window"": 20, ""breakout_lookback"": 20, ""compression_ratio"": 0.75, ""compression_window"": 60, ""ema_period"": 100, ""ema_slope_lookback"": 3, ""momentum_threshold"": 0.5, ""reward_risk"": 2.0, ""stop_atr_multiplier"": 2.0}",diagnostic_2020,adverse,2020-02-01T00:00:00+00:00,2021-01-01T00:00:00+00:00,30,volatility_breakout_intraday_v1,1.0.0,23.33333333333333,-3.5783137059349768,0.4064005427611774,-2.208161557359462,-11.927712353116506,4.066082999862632,147.8219888066454,34.997833123418424,-26.209400106844527,-11.927712353116506,0.283070640107282,3.283333333333333,88.69314853968967,14.782191423281612,-106.53404182388216,-1.0653404182388215,251.29732876961668,0.8260224837521856,84.43066504597016,33,24,90.9090909090909,,not_modelled_synthetic,PASS
e9a6b0dc17b426eb,BTCUSDT,15m,LONG_ONLY,"{""atr_expansion_factor"": 1.1, ""atr_period"": 14, ""atr_reference_window"": 20, ""breakout_lookback"": 20, ""compression_ratio"": 0.75, ""compression_window"": 60, ""ema_period"": 100, ""ema_slope_lookback"": 3, ""momentum_threshold"": 0.5, ""reward_risk"": 2.0, ""stop_atr_multiplier"": 2.0}",diagnostic_2021,base,2021-01-01T00:00:00+00:00,2022-01-01T00:00:00+00:00,38,volatility_breakout_intraday_v1,1.0.0,23.68421052631579,-4.393707496737276,0.557894886154551,-1.598265477290089,-11.562388149308653,6.04999537606303,92.70900631407984,61.60493076629499,-34.26948712311668,-11.562388149308653,0.3800578005359453,3.756578947368421,55.62537420307318,9.270895700512195,-281.76547345606133,-2.8176547345606133,157.60527621766522,0.2661246684129917,68.1644919553985,42,30,90.47619047619048,,not_modelled_synthetic,PASS
e9a6b0dc17b426eb,BTCUSDT,15m,LONG_ONLY,"{""atr_expansion_factor"": 1.1, ""atr_period"": 14, ""atr_reference_window"": 20, ""breakout_lookback"": 20, ""compression_ratio"": 0.75, ""compression_window"": 60, ""ema_period"": 100, ""ema_slope_lookback"": 3, ""momentum_threshold"": 0.5, ""reward_risk"": 2.0, ""stop_atr_multiplier"": 2.0}",diagnostic_2021,adverse,2021-01-01T00:00:00+00:00,2022-01-01T00:00:00+00:00,38,volatility_breakout_intraday_v1,1.0.0,21.05263157894737,-6.123272857301398,0.4461079995824307,-2.227673824437548,-16.11387594026693,7.188067376079312,184.1057054379472,61.6465169024106,-36.84998069831427,-16.11387594026693,0.3015125365654528,3.0328947368421053,110.46329753672038,18.4105495894534,-299.3477331660271,-2.993477331660271,312.979552564121,0.5587087733082627,72.85000078304188,42,30,90.47619047619048,,not_modelled_synthetic,PASS
e9a6b0dc17b426eb,BTCUSDT,15m,LONG_ONLY,"{""atr_expansion_factor"": 1.1, ""atr_period"": 14, ""atr_reference_window"": 20, ""breakout_lookback"": 20, ""compression_ratio"": 0.75, ""compression_window"": 60, ""ema_period"": 100, ""ema_slope_lookback"": 3, ""momentum_threshold"": 0.5, ""reward_risk"": 2.0, ""stop_atr_multiplier"": 2.0}",diagnostic_2022,base,2022-01-01T00:00:00+00:00,2023-01-01T00:00:00+00:00,27,volatility_breakout_intraday_v1,1.0.0,25.925925925925927,-2.114455723790576,0.560075480516761,-1.3565762274316115,-7.831317495520513,2.149778732998596,66.75048846630314,38.45642841914584,-24.03202856565374,-7.831317495520513,0.2432843644918421,3.3981481481481484,40.05028279295771,6.6750471321596185,-97.96975398763072,-0.9796975398763073,113.47581839142046,0.3797032092319579,85.49161448107789,27,63,100.0,,not_modelled_synthetic,PASS
e9a6b0dc17b426eb,BTCUSDT,15m,LONG_ONLY,"{""atr_expansion_factor"": 1.1, ""atr_period"": 14, ""atr_reference_window"": 20, ""breakout_lookback"": 20, ""compression_ratio"": 0.75, ""compression_window"": 60, ""ema_period"": 100, ""ema_slope_lookback"": 3, ""momentum_threshold"": 0.5, ""reward_risk"": 2.0, ""stop_atr_multiplier"": 2.0}",diagnostic_2022,adverse,2022-01-01T00:00:00+00:00,2023-01-01T00:00:00+00:00,27,volatility_breakout_intraday_v1,1.0.0,25.925925925925927,-2.99953400795433,0.4490417573344141,-1.8406359783430248,-11.109385214645876,2.9995340079543347,132.83121520512438,34.92398510222778,-27.221064825551657,-11.109385214645876,0.2331877736346196,3.2685185185185186,79.6986979841187,13.283116330686449,-74.14037127551249,-0.7414037127551248,225.81302951992956,0.7439896495665586,86.83317228617013,27,63,100.0,,not_modelled_synthetic,PASS
e9a6b0dc17b426eb,BTCUSDT,15m,LONG_ONLY,"{""atr_expansion_factor"": 1.1, ""atr_period"": 14, ""atr_reference_window"": 20, ""breakout_lookback"": 20, ""compression_ratio"": 0.75, ""compression_window"": 60, ""ema_period"": 100, ""ema_slope_lookback"": 3, ""momentum_threshold"": 0.5, ""reward_risk"": 2.0, ""stop_atr_multiplier"": 2.0}",diagnostic_2023,base,2023-01-01T00:00:00+00:00,2024-01-01T00:00:00+00:00,46,volatility_breakout_intraday_v1,1.0.0,41.30434782608695,0.0867735218621934,1.0193667346962532,0.0651245005178481,0.1886380910046931,1.2076428402437085,115.25401027585085,24.03851732746135,-16.594610260575916,0.1886380910046931,0.2433936810053532,2.1032608695652173,69.15242764947594,11.52540460824599,204.6091947197934,2.046091947197934,195.9318425335728,0.3642173484504636,44.004160982220704,53,45,86.79245283018868,,not_modelled_synthetic,PASS
e9a6b0dc17b426eb,BTCUSDT,15m,LONG_ONLY,"{""atr_expansion_factor"": 1.1, ""atr_period"": 14, ""atr_reference_window"": 20, ""breakout_lookback"": 20, ""compression_ratio"": 0.75, ""compression_window"": 60, ""ema_period"": 100, ""ema_slope_lookback"": 3, ""momentum_threshold"": 0.5, ""reward_risk"": 2.0, ""stop_atr_multiplier"": 2.0}",diagnostic_2023,adverse,2023-01-01T00:00:00+00:00,2024-01-01T00:00:00+00:00,47,volatility_breakout_intraday_v1,1.0.0,36.17021276595744,-2.096233393337954,0.640896457619913,-1.400988618743675,-4.460071049655114,2.8488554082977164,233.04609216698597,22.00690129698944,-19.458022046087027,-4.460071049655114,0.2133198539360062,1.8404255319148937,139.82773365333725,23.30462227555621,186.5551087620835,1.865551087620835,396.1784480958794,0.7646789681773568,49.5235704382984,53,45,88.67924528301887,,not_modelled_synthetic,PASS
e9a6b0dc17b426eb,BTCUSDT,15m,LONG_ONLY,"{""atr_expansion_factor"": 1.1, ""atr_period"": 14, ""atr_reference_window"": 20, ""breakout_lookback"": 20, ""compression_ratio"": 0.75, ""compression_window"": 60, ""ema_period"": 100, ""ema_slope_lookback"": 3, ""momentum_threshold"": 0.5, ""reward_risk"": 2.0, ""stop_atr_multiplier"": 2.0}",diagnostic_2024,base,2024-01-01T00:00:00+00:00,2025-01-01T00:00:00+00:00,58,volatility_breakout_intraday_v1,1.0.0,32.758620689655174,-1.6358979526413853,0.7744484016669961,-0.924724427761706,-2.820513711450788,2.9764415448787296,142.67315069294307,29.563046515787804,-18.59711997600292,-2.820513711450788,0.5193034627601807,3.396551724137931,85.60389870599573,14.26731645099929,78.95457058579834,0.7895457058579833,242.5443658499381,0.378114686178799,40.67362286599213,64,43,90.625,,not_modelled_synthetic,PASS
e9a6b0dc17b426eb,BTCUSDT,15m,LONG_ONLY,"{""atr_expansion_factor"": 1.1, ""atr_period"": 14, ""atr_reference_window"": 20, ""breakout_lookback"": 20, ""compression_ratio"": 0.75, ""compression_window"": 60, ""ema_period"": 100, ""ema_slope_lookback"": 3, ""momentum_threshold"": 0.5, ""reward_risk"": 2.0, ""stop_atr_multiplier"": 2.0}",diagnostic_2024,adverse,2024-01-01T00:00:00+00:00,2025-01-01T00:00:00+00:00,58,volatility_breakout_intraday_v1,1.0.0,29.310344827586206,-4.888714162292274,0.4562331057340447,-2.8220184596076714,-8.428817521193476,5.1207560564586165,280.08995621525247,24.12791290693058,-21.92794964992784,-8.428817521193476,0.5856141662583916,3.797413793103448,168.05396838738278,28.008994731230462,-12.718496895363195,-0.1271849689536319,476.1529193338657,0.865888416449063,44.37005763304397,64,43,90.625,,not_modelled_synthetic,PASS
e9a6b0dc17b426eb,BTCUSDT,15m,LONG_ONLY,"{""atr_expansion_factor"": 1.1, ""atr_period"": 14, ""atr_reference_window"": 20, ""breakout_lookback"": 20, ""compression_ratio"": 0.75, ""compression_window"": 60, ""ema_period"": 100, ""ema_slope_lookback"": 3, ""momentum_threshold"": 0.5, ""reward_risk"": 2.0, ""stop_atr_multiplier"": 2.0}",diagnostic_2025,base,2025-01-01T00:00:00+00:00,2026-01-01T00:00:00+00:00,47,volatility_breakout_intraday_v1,1.0.0,25.53191489361702,-2.9048610003574504,0.5105594108151421,-2.113419025293706,-6.180555319909325,2.9048610003574504,115.29437215001622,25.25168790680661,-16.95732442621193,-6.180555319909325,0.5645416601257752,4.457446808510638,69.17661336901344,11.52943556150224,-94.4856789552026,-0.944856789552026,196.0004210805319,0.5548730776885933,53.21186769899871,54,34,87.03703703703704,,not_modelled_synthetic,PASS
e9a6b0dc17b426eb,BTCUSDT,15m,LONG_ONLY,"{""atr_expansion_factor"": 1.1, ""atr_period"": 14, ""atr_reference_window"": 20, ""breakout_lookback"": 20, ""compression_ratio"": 0.75, ""compression_window"": 60, ""ema_period"": 100, ""ema_slope_lookback"": 3, ""momentum_threshold"": 0.5, ""reward_risk"": 2.0, ""stop_atr_multiplier"": 2.0}",diagnostic_2025,adverse,2025-01-01T00:00:00+00:00,2026-01-01T00:00:00+00:00,48,volatility_breakout_intraday_v1,1.0.0,25.0,-4.709907561452564,0.356307281697269,-3.095430636247307,-9.812307419692957,4.709907561452564,233.40702709435016,21.725873134668387,-20.325034271146738,-9.812307419692957,0.5471204242401193,4.244791666666667,140.0441850930946,23.34069751551577,-74.1988464423059,-0.741988464423059,396.7919097029605,1.1014602843071923,55.00014218226422,54,34,88.88888888888889,,not_modelled_synthetic,PASS
e9a6b0dc17b426eb,BTCUSDT,15m,LONG_ONLY,"{""atr_expansion_factor"": 1.1, ""atr_period"": 14, ""atr_reference_window"": 20, ""breakout_lookback"": 20, ""compression_ratio"": 0.75, ""compression_window"": 60, ""ema_period"": 100, ""ema_slope_lookback"": 3, ""momentum_threshold"": 0.5, ""reward_risk"": 2.0, ""stop_atr_multiplier"": 2.0}",diagnostic_2026,base,2026-01-01T00:00:00+00:00,2026-09-26T00:00:00+00:00,30,volatility_breakout_intraday_v1,1.0.0,43.333333333333336,-0.2505724072263349,0.9037227322344475,-0.2928051151325671,-0.835241357421213,0.6906626696518583,74.91960779005811,18.09261503353661,-15.30948447991837,-0.835241357421213,0.3342641875828478,3.1166666666666667,44.951775416175884,7.491962569362649,102.3061050529619,1.023061050529619,127.36334577559664,0.4383485969237551,53.42204521228863,36,42,83.33333333333333,,not_modelled_synthetic,PASS
e9a6b0dc17b426eb,BTCUSDT,15m,LONG_ONLY,"{""atr_expansion_factor"": 1.1, ""atr_period"": 14, ""atr_reference_window"": 20, ""breakout_lookback"": 20, ""compression_ratio"": 0.75, ""compression_window"": 60, ""ema_period"": 100, ""ema_slope_lookback"": 3, ""momentum_threshold"": 0.5, ""reward_risk"": 2.0, ""stop_atr_multiplier"": 2.0}",diagnostic_2026,adverse,2026-01-01T00:00:00+00:00,2026-09-26T00:00:00+00:00,30,volatility_breakout_intraday_v1,1.0.0,33.333333333333336,-2.095058399268745,0.4217339305996935,-2.4107254756979044,-6.983527997562556,2.290796738986471,148.21517220464486,15.279423440421052,-18.11500371655436,-6.983527997562556,0.3400513148270381,3.1666666666666665,88.92912115597584,14.82152019266264,42.45997362640228,0.4245997362640228,251.9658135532833,1.0628091203642474,69.39423154740004,36,42,83.33333333333333,,not_modelled_synthetic,PASS
bf49896e88838b8b,BTCUSDT,15m,SHORT_ONLY,"{""atr_expansion_factor"": 1.1, ""atr_period"": 14, ""atr_reference_window"": 20, ""breakout_lookback"": 20, ""compression_ratio"": 0.75, ""compression_window"": 60, ""ema_period"": 100, ""ema_slope_lookback"": 3, ""momentum_threshold"": 0.5, ""reward_risk"": 2.0, ""stop_atr_multiplier"": 2.0}",train,base,2020-02-01T00:00:00+00:00,2023-01-01T00:00:00+00:00,111,volatility_breakout_intraday_v1,1.0.0,33.333333333333336,-2.750332344382933,0.8690778972264809,-0.3390881343195427,-2.477776886831508,6.4066404790125615,267.464924565092,49.34341293759274,-28.388371799043632,-2.477776886831508,0.3843066607280217,3.8018018018018016,160.4789736030569,26.746495600509483,179.6571593303696,1.796571593303696,454.6903937686584,0.2301120588663612,30.537666285924782,102,117,94.87179487179488,,not_modelled_synthetic,PASS
bf49896e88838b8b,BTCUSDT,15m,SHORT_ONLY,"{""atr_expansion_factor"": 1.1, ""atr_period"": 14, ""atr_reference_window"": 20, ""breakout_lookback"": 20, ""compression_ratio"": 0.75, ""compression_window"": 60, ""ema_period"": 100, ""ema_slope_lookback"": 3, ""momentum_threshold"": 0.5, ""reward_risk"": 2.0, ""stop_atr_multiplier"": 2.0}",train,adverse,2020-02-01T00:00:00+00:00,2023-01-01T00:00:00+00:00,111,volatility_breakout_intraday_v1,1.0.0,32.432432432432435,-6.671725306705268,0.7124474837314746,-0.8574340606909373,-6.010563339374157,7.390440450178376,524.1683802596934,45.91677112093022,-30.93568388032025,-6.010563339374157,0.3702753228357569,3.673423423423424,314.5011221996228,52.41685369993713,223.9138254887116,2.239138254887116,891.0863561592533,0.4595524832394244,32.31473381549297,102,117,94.87179487179488,,not_modelled_synthetic,PASS
bf49896e88838b8b,BTCUSDT,15m,SHORT_ONLY,"{""atr_expansion_factor"": 1.1, ""atr_period"": 14, ""atr_reference_window"": 20, ""breakout_lookback"": 20, ""compression_ratio"": 0.75, ""compression_window"": 60, ""ema_period"": 100, ""ema_slope_lookback"": 3, ""momentum_threshold"": 0.5, ""reward_risk"": 2.0, ""stop_atr_multiplier"": 2.0}",validation,base,2023-01-01T00:00:00+00:00,2025-01-01T00:00:00+00:00,80,volatility_breakout_intraday_v1,1.0.0,27.5,-3.8633134668144655,0.6405178819690257,-1.2355121017793402,-4.829141833517859,4.971539063657948,194.439984777488,31.28896764424528,-18.529114394048705,-4.829141833517859,0.3240502871113128,3.09375,116.66398500923796,19.44399750153966,-55.78337939315372,-0.5578337939315372,330.5479672882656,0.4248172715693827,34.74348801794073,117,88,90.9090909090909,,not_modelled_synthetic,PASS
bf49896e88838b8b,BTCUSDT,15m,SHORT_ONLY,"{""atr_expansion_factor"": 1.1, ""atr_period"": 14, ""atr_reference_window"": 20, ""breakout_lookback"": 20, ""compression_ratio"": 0.75, ""compression_window"": 60, ""ema_period"": 100, ""ema_slope_lookback"": 3, ""momentum_threshold"": 0.5, ""reward_risk"": 2.0, ""stop_atr_multiplier"": 2.0}",validation,adverse,2023-01-01T00:00:00+00:00,2025-01-01T00:00:00+00:00,80,volatility_breakout_intraday_v1,1.0.0,26.25,-6.715014028775135,0.469322635648894,-2.11790167853835,-8.393767535968916,7.575782440377458,383.612975696028,28.279294262214155,-21.44689122684764,-8.393767535968916,0.2998235815042023,2.88125,230.1677772866882,38.36129621444804,-19.3593536803556,-0.193593536803556,652.1420491971643,0.8551649598235325,36.84602625181908,117,88,90.9090909090909,,not_modelled_synthetic,PASS
bf49896e88838b8b,BTCUSDT,15m,SHORT_ONLY,"{""atr_expansion_factor"": 1.1, ""atr_period"": 14, ""atr_reference_window"": 20, ""breakout_lookback"": 20, ""compression_ratio"": 0.75, ""compression_window"": 60, ""ema_period"": 100, ""ema_slope_lookback"": 3, ""momentum_threshold"": 0.5, ""reward_risk"": 2.0, ""stop_atr_multiplier"": 2.0}",test,base,2025-01-01T00:00:00+00:00,2026-09-26T00:00:00+00:00,71,volatility_breakout_intraday_v1,1.0.0,32.394366197183096,-2.365593297173041,0.737893927826282,-0.8603977710513574,-3.3318215453141518,2.4279192359425177,174.92580190047372,28.95536868808678,-18.80276686548543,-3.3318215453141518,0.4331186854675658,3.9683098591549295,104.955487525811,17.492581254301836,60.81454096328911,0.608145409632891,297.3738706805866,0.3905209176998373,37.411650611763136,90,76,93.42105263157896,,not_modelled_synthetic,PASS
bf49896e88838b8b,BTCUSDT,15m,SHORT_ONLY,"{""atr_expansion_factor"": 1.1, ""atr_period"": 14, ""atr_reference_window"": 20, ""breakout_lookback"": 20, ""compression_ratio"": 0.75, ""compression_window"": 60, ""ema_period"": 100, ""ema_slope_lookback"": 3, ""momentum_threshold"": 0.5, ""reward_risk"": 2.0, ""stop_atr_multiplier"": 2.0}",test,adverse,2025-01-01T00:00:00+00:00,2026-09-26T00:00:00+00:00,70,volatility_breakout_intraday_v1,1.0.0,32.857142857142854,-4.369265136353684,0.5719373438259293,-1.5385358404641227,-6.24180733764821,4.369265136353679,341.1193424463112,25.38175662426156,-21.71716842539129,-6.24180733764821,0.4161952077012695,3.875,204.6716655178909,34.11194425298182,142.9764385818033,1.4297643858180331,579.902952217184,0.7505915511046612,39.48719203553916,90,76,92.10526315789474,,not_modelled_synthetic,PASS
bf49896e88838b8b,BTCUSDT,15m,SHORT_ONLY,"{""atr_expansion_factor"": 1.1, ""atr_period"": 14, ""atr_reference_window"": 20, ""breakout_lookback"": 20, ""compression_ratio"": 0.75, ""compression_window"": 60, ""ema_period"": 100, ""ema_slope_lookback"": 3, ""momentum_threshold"": 0.5, ""reward_risk"": 2.0, ""stop_atr_multiplier"": 2.0}",diagnostic_2020,base,2020-02-01T00:00:00+00:00,2021-01-01T00:00:00+00:00,23,volatility_breakout_intraday_v1,1.0.0,21.73913043478261,-4.794199058802773,0.1777149265700394,-2.6317536986048404,-20.84434373392528,5.003213619339126,54.64757143140705,20.722758109748543,-32.390760912723565,-20.84434373392528,0.188248128910991,2.902173913043478,32.78850227434064,5.464750379056774,-386.51908179547416,-3.865190817954742,92.90082408480448,0.7487870165546525,100.0,33,24,95.83333333333331,,not_modelled_synthetic,PASS
bf49896e88838b8b,BTCUSDT,15m,SHORT_ONLY,"{""atr_expansion_factor"": 1.1, ""atr_period"": 14, ""atr_reference_window"": 20, ""breakout_lookback"": 20, ""compression_ratio"": 0.75, ""compression_window"": 60, ""ema_period"": 100, ""ema_slope_lookback"": 3, ""momentum_threshold"": 0.5, ""reward_risk"": 2.0, ""stop_atr_multiplier"": 2.0}",diagnostic_2020,adverse,2020-02-01T00:00:00+00:00,2021-01-01T00:00:00+00:00,23,volatility_breakout_intraday_v1,1.0.0,21.73913043478261,-5.501179432744552,0.1366240417552436,-2.921534492011958,-23.91817144671562,5.619518042647924,108.84584371360212,17.410569783536108,-35.39837734400776,-23.91817144671562,0.1866821160347703,2.880434782608696,65.30735289448238,10.884558815747065,-365.08018785063024,-3.6508018785063023,185.0377554238316,1.4479885093627554,100.0,33,24,95.83333333333331,,not_modelled_synthetic,PASS
bf49896e88838b8b,BTCUSDT,15m,SHORT_ONLY,"{""atr_expansion_factor"": 1.1, ""atr_period"": 14, ""atr_reference_window"": 20, ""breakout_lookback"": 20, ""compression_ratio"": 0.75, ""compression_window"": 60, ""ema_period"": 100, ""ema_slope_lookback"": 3, ""momentum_threshold"": 0.5, ""reward_risk"": 2.0, ""stop_atr_multiplier"": 2.0}",diagnostic_2021,base,2021-01-01T00:00:00+00:00,2022-01-01T00:00:00+00:00,28,volatility_breakout_intraday_v1,1.0.0,35.714285714285715,1.5103135051905747,1.2296315460698004,0.4644057363460211,5.393976804252107,3.25156257478136,70.58891942763057,80.87430330121535,-36.53953791628303,5.393976804252107,0.331334789776917,4.410714285714286,42.353380114995744,7.058896685832624,271.03254674751923,2.7103254674751924,120.00119622845894,0.1410438616319619,72.40876140388659,42,30,93.33333333333331,,not_modelled_synthetic,PASS
bf49896e88838b8b,BTCUSDT,15m,SHORT_ONLY,"{""atr_expansion_factor"": 1.1, ""atr_period"": 14, ""atr_reference_window"": 20, ""breakout_lookback"": 20, ""compression_ratio"": 0.75, ""compression_window"": 60, ""ema_period"": 100, ""ema_slope_lookback"": 3, ""momentum_threshold"": 0.5, ""reward_risk"": 2.0, ""stop_atr_multiplier"": 2.0}",diagnostic_2021,adverse,2021-01-01T00:00:00+00:00,2022-01-01T00:00:00+00:00,28,volatility_breakout_intraday_v1,1.0.0,35.714285714285715,0.5382561567318644,1.075127472564025,0.1779953196048976,1.9223434168994424,3.5471594126187904,140.41978953393397,77.0282776232036,-39.80317558660287,1.9223434168994424,0.3161146654235711,4.223214285714286,84.25199658690889,14.041999431151485,292.53940122517577,2.9253940122517577,238.71378555199436,0.2795599915440829,73.3835605642662,42,30,93.33333333333331,,not_modelled_synthetic,PASS
bf49896e88838b8b,BTCUSDT,15m,SHORT_ONLY,"{""atr_expansion_factor"": 1.1, ""atr_period"": 14, ""atr_reference_window"": 20, ""breakout_lookback"": 20, ""compression_ratio"": 0.75, ""compression_window"": 60, ""ema_period"": 100, ""ema_slope_lookback"": 3, ""momentum_threshold"": 0.5, ""reward_risk"": 2.0, ""stop_atr_multiplier"": 2.0}",diagnostic_2022,base,2022-01-01T00:00:00+00:00,2023-01-01T00:00:00+00:00,60,volatility_breakout_intraday_v1,1.0.0,36.66666666666666,0.6269363282736862,1.0679613229249405,0.2590094328804628,1.0448938804561403,2.2798695186578866,150.66949459256696,44.781068897107296,-24.276049550236632,1.0448938804561403,0.6172226192909439,3.8625,90.40173023288052,15.066955038813418,318.8318126916342,3.1883181269163416,256.1381798642609,0.2375955003540502,37.24357200678002,27,63,95.23809523809524,,not_modelled_synthetic,PASS
bf49896e88838b8b,BTCUSDT,15m,SHORT_ONLY,"{""atr_expansion_factor"": 1.1, ""atr_period"": 14, ""atr_reference_window"": 20, ""breakout_lookback"": 20, ""compression_ratio"": 0.75, ""compression_window"": 60, ""ema_period"": 100, ""ema_slope_lookback"": 3, ""momentum_threshold"": 0.5, ""reward_risk"": 2.0, ""stop_atr_multiplier"": 2.0}",diagnostic_2022,adverse,2022-01-01T00:00:00+00:00,2023-01-01T00:00:00+00:00,60,volatility_breakout_intraday_v1,1.0.0,35.0,-1.7674157136491564,0.8330773309056413,-0.6916069805846118,-2.9456928560818407,3.360551737162344,297.4792075311952,42.00388043717032,-27.14930924475608,-2.9456928560818407,0.592940569974068,3.720833333333333,178.48766268747897,29.747943781246494,328.9732426350051,3.2897324263500507,505.7148139999206,0.4783979360152256,39.3062705048284,27,63,95.23809523809524,,not_modelled_synthetic,PASS
bf49896e88838b8b,BTCUSDT,15m,SHORT_ONLY,"{""atr_expansion_factor"": 1.1, ""atr_period"": 14, ""atr_reference_window"": 20, ""breakout_lookback"": 20, ""compression_ratio"": 0.75, ""compression_window"": 60, ""ema_period"": 100, ""ema_slope_lookback"": 3, ""momentum_threshold"": 0.5, ""reward_risk"": 2.0, ""stop_atr_multiplier"": 2.0}",diagnostic_2023,base,2023-01-01T00:00:00+00:00,2024-01-01T00:00:00+00:00,43,volatility_breakout_intraday_v1,1.0.0,20.930232558139537,-2.836789711619258,0.4653870885231704,-2.110732912791496,-6.597185375858612,3.3579305222298705,105.69779461335744,27.438446611482227,-15.606617372507658,-6.597185375858612,0.2888916875096549,2.604651162790698,63.41866584877749,10.569777641462917,-103.992733058317,-1.03992733058317,179.68623810359784,0.6321884427665524,66.5473898530573,53,45,95.55555555555556,,not_modelled_synthetic,PASS
bf49896e88838b8b,BTCUSDT,15m,SHORT_ONLY,"{""atr_expansion_factor"": 1.1, ""atr_period"": 14, ""atr_reference_window"": 20, ""breakout_lookback"": 20, ""compression_ratio"": 0.75, ""compression_window"": 60, ""ema_period"": 100, ""ema_slope_lookback"": 3, ""momentum_threshold"": 0.5, ""reward_risk"": 2.0, ""stop_atr_multiplier"": 2.0}",diagnostic_2023,adverse,2023-01-01T00:00:00+00:00,2024-01-01T00:00:00+00:00,43,volatility_breakout_intraday_v1,1.0.0,20.930232558139537,-4.245657748107279,0.3369562887754205,-2.994491098509992,-9.873622670017046,4.634743635966772,209.84354394738608,23.97363441746664,-18.833190722586256,-9.873622670017046,0.2696210432406237,2.447674418604651,125.90609787908264,20.984349646513778,-67.83178333775408,-0.6783178333775408,356.7339914729825,1.231021975617134,68.10046078238129,53,45,95.55555555555556,,not_modelled_synthetic,PASS
bf49896e88838b8b,BTCUSDT,15m,SHORT_ONLY,"{""atr_expansion_factor"": 1.1, ""atr_period"": 14, ""atr_reference_window"": 20, ""breakout_lookback"": 20, ""compression_ratio"": 0.75, ""compression_window"": 60, ""ema_period"": 100, ""ema_slope_lookback"": 3, ""momentum_threshold"": 0.5, ""reward_risk"": 2.0, ""stop_atr_multiplier"": 2.0}",diagnostic_2024,base,2024-01-01T00:00:00+00:00,2025-01-01T00:00:00+00:00,37,volatility_breakout_intraday_v1,1.0.0,35.13513513513514,-0.9358464857255776,0.8293609067708326,-0.5201766940940253,-2.529314826285295,1.9707099168966853,91.43834485217756,34.98857759297393,-22.85150655338404,-2.529314826285295,0.3584012490144405,3.655405405405405,54.863013406663775,9.143835567777296,61.86054525406666,0.6186054525406666,155.44519382661863,0.3054515522717399,54.139867608633104,64,43,86.04651162790698,,not_modelled_synthetic,PASS
bf49896e88838b8b,BTCUSDT,15m,SHORT_ONLY,"{""atr_expansion_factor"": 1.1, ""atr_period"": 14, ""atr_reference_window"": 20, ""breakout_lookback"": 20, ""compression_ratio"": 0.75, ""compression_window"": 60, ""ema_period"": 100, ""ema_slope_lookback"": 3, ""momentum_threshold"": 0.5, ""reward_risk"": 2.0, ""stop_atr_multiplier"": 2.0}",diagnostic_2024,adverse,2024-01-01T00:00:00+00:00,2025-01-01T00:00:00+00:00,37,volatility_breakout_intraday_v1,1.0.0,32.432432432432435,-2.468485311726487,0.6155976825305693,-1.3787468216335017,-6.671581923585299,3.283271944009939,181.6684229157691,32.942782604765505,-25.68647689719369,-6.671581923585299,0.329230500632326,3.3783783783783785,109.0010797843451,18.166846630724184,61.98781815817906,0.6198781815817906,308.8363493308384,0.6247613666502315,57.76599095572092,64,43,86.04651162790698,,not_modelled_synthetic,PASS
bf49896e88838b8b,BTCUSDT,15m,SHORT_ONLY,"{""atr_expansion_factor"": 1.1, ""atr_period"": 14, ""atr_reference_window"": 20, ""breakout_lookback"": 20, ""compression_ratio"": 0.75, ""compression_window"": 60, ""ema_period"": 100, ""ema_slope_lookback"": 3, ""momentum_threshold"": 0.5, ""reward_risk"": 2.0, ""stop_atr_multiplier"": 2.0}",diagnostic_2025,base,2025-01-01T00:00:00+00:00,2026-01-01T00:00:00+00:00,32,volatility_breakout_intraday_v1,1.0.0,28.125,-1.6475702457852126,0.6382832443167268,-1.075049416497578,-5.148657018078795,2.1559015380982056,79.05723515332097,32.30325217472742,-19.803751919611663,-5.148657018078795,0.3580828939762681,4.1875,47.43433790422108,7.905722984036847,-30.3597285369382,-0.3035972853693819,134.3972960415789,0.4096037469251504,73.4218732452057,54,34,94.11764705882354,,not_modelled_synthetic,PASS
bf49896e88838b8b,BTCUSDT,15m,SHORT_ONLY,"{""atr_expansion_factor"": 1.1, ""atr_period"": 14, ""atr_reference_window"": 20, ""breakout_lookback"": 20, ""compression_ratio"": 0.75, ""compression_window"": 60, ""ema_period"": 100, ""ema_slope_lookback"": 3, ""momentum_threshold"": 0.5, ""reward_risk"": 2.0, ""stop_atr_multiplier"": 2.0}",diagnostic_2025,adverse,2025-01-01T00:00:00+00:00,2026-01-01T00:00:00+00:00,32,volatility_breakout_intraday_v1,1.0.0,28.125,-2.7040285284651744,0.4896188027252705,-1.723735947867776,-8.450089151453762,2.978827483369914,157.2404184319285,28.82253538491396,-23.035029187423746,-8.450089151453762,0.351617571606861,4.1171875,94.34424975961704,15.72404162660284,-3.0941430283756124,-0.0309414302837561,267.3087098181484,0.8010370890638958,75.46149400086017,54,34,94.11764705882354,,not_modelled_synthetic,PASS
bf49896e88838b8b,BTCUSDT,15m,SHORT_ONLY,"{""atr_expansion_factor"": 1.1, ""atr_period"": 14, ""atr_reference_window"": 20, ""breakout_lookback"": 20, ""compression_ratio"": 0.75, ""compression_window"": 60, ""ema_period"": 100, ""ema_slope_lookback"": 3, ""momentum_threshold"": 0.5, ""reward_risk"": 2.0, ""stop_atr_multiplier"": 2.0}",diagnostic_2026,base,2026-01-01T00:00:00+00:00,2026-09-26T00:00:00+00:00,39,volatility_breakout_intraday_v1,1.0.0,35.8974358974359,-0.73004558622215,0.8393861030372671,-0.5910992539693932,-1.871911759544138,1.5517398338786814,97.4742432223026,27.252139236067915,-18.181380317086887,-1.871911759544138,0.5353108155291887,3.7884615384615374,58.484555667056505,9.747425944509418,92.70166621165006,0.9270166621165006,165.70622483386853,0.3760719687621673,51.988757980254725,36,42,92.85714285714286,,not_modelled_synthetic,PASS
bf49896e88838b8b,BTCUSDT,15m,SHORT_ONLY,"{""atr_expansion_factor"": 1.1, ""atr_period"": 14, ""atr_reference_window"": 20, ""breakout_lookback"": 20, ""compression_ratio"": 0.75, ""compression_window"": 60, ""ema_period"": 100, ""ema_slope_lookback"": 3, ""momentum_threshold"": 0.5, ""reward_risk"": 2.0, ""stop_atr_multiplier"": 2.0}",diagnostic_2026,adverse,2026-01-01T00:00:00+00:00,2026-09-26T00:00:00+00:00,38,volatility_breakout_intraday_v1,1.0.0,36.8421052631579,-1.71151417348403,0.6607815761598858,-1.3162481846662075,-4.50398466706311,2.1970678789564517,188.9901270952113,23.813923707579303,-21.02276455227118,-4.50398466706311,0.504150235723102,3.6710526315789473,113.39413931251316,18.89902321875219,150.13187227807614,1.5013187227807616,321.28328962647663,0.7122348279942445,54.24599916846559,36,42,90.47619047619048,,not_modelled_synthetic,PASS
e3adf1ded2fcfb74,BTCUSDT,15m,LONG_SHORT,"{""atr_expansion_factor"": 1.1, ""atr_period"": 14, ""atr_reference_window"": 20, ""breakout_lookback"": 20, ""compression_ratio"": 0.75, ""compression_window"": 60, ""ema_period"": 100, ""ema_slope_lookback"": 3, ""momentum_threshold"": 0.5, ""reward_risk"": 2.0, ""stop_atr_multiplier"": 2.0}",train,base,2020-02-01T00:00:00+00:00,2023-01-01T00:00:00+00:00,206,volatility_breakout_intraday_v1,1.0.0,29.12621359223301,-11.356027917339928,0.7069098014121021,-1.1879492310591049,-5.512634911330034,11.585765345496403,471.3590163078399,45.64969804832686,-26.53825119612054,-5.512634911330034,0.6835723842761621,3.648058252427184,282.81537468399085,47.13589578066515,-334.2925049614747,-3.342925049614747,801.3102867724958,0.2696908503265141,20.11096349006725,102,117,94.06392694063926,,not_modelled_synthetic,PASS
e3adf1ded2fcfb74,BTCUSDT,15m,LONG_SHORT,"{""atr_expansion_factor"": 1.1, ""atr_period"": 14, ""atr_reference_window"": 20, ""breakout_lookback"": 20, ""compression_ratio"": 0.75, ""compression_window"": 60, ""ema_period"": 100, ""ema_slope_lookback"": 3, ""momentum_threshold"": 0.5, ""reward_risk"": 2.0, ""stop_atr_multiplier"": 2.0}",train,adverse,2020-02-01T00:00:00+00:00,2023-01-01T00:00:00+00:00,206,volatility_breakout_intraday_v1,1.0.0,28.155339805825243,-18.055508860427384,0.5721658261308923,-1.9573154351133832,-8.764810126421102,18.147368740729164,907.9359367094444,41.63208702195049,-28.514945495377543,-8.764810126421102,0.6425705247753216,3.445388349514563,544.7614519604995,90.79357532674992,-262.05992204607355,-2.620599220460736,1543.4909639966938,0.5422801120080192,21.561142868109684,102,117,94.06392694063926,,not_modelled_synthetic,PASS
e3adf1ded2fcfb74,BTCUSDT,15m,LONG_SHORT,"{""atr_expansion_factor"": 1.1, ""atr_period"": 14, ""atr_reference_window"": 20, ""breakout_lookback"": 20, ""compression_ratio"": 0.75, ""compression_window"": 60, ""ema_period"": 100, ""ema_slope_lookback"": 3, ""momentum_threshold"": 0.5, ""reward_risk"": 2.0, ""stop_atr_multiplier"": 2.0}",validation,base,2023-01-01T00:00:00+00:00,2025-01-01T00:00:00+00:00,184,volatility_breakout_intraday_v1,1.0.0,32.608695652173914,-5.353947976234686,0.7571259587848159,-1.1989623453938885,-2.909754334910161,7.720642389364525,443.4008410509337,27.81697716306684,-17.777527640382903,-2.909754334910161,0.7055866568529625,2.941576086956522,266.04052756115937,44.3400879268599,218.3866589155032,2.183866589155032,753.7814565389531,0.3937813516663481,16.652461789334122,117,88,89.7560975609756,,not_modelled_synthetic,PASS
e3adf1ded2fcfb74,BTCUSDT,15m,LONG_SHORT,"{""atr_expansion_factor"": 1.1, ""atr_period"": 14, ""atr_reference_window"": 20, ""breakout_lookback"": 20, ""compression_ratio"": 0.75, ""compression_window"": 60, ""ema_period"": 100, ""ema_slope_lookback"": 3, ""momentum_threshold"": 0.5, ""reward_risk"": 2.0, ""stop_atr_multiplier"": 2.0}",validation,adverse,2023-01-01T00:00:00+00:00,2025-01-01T00:00:00+00:00,185,volatility_breakout_intraday_v1,1.0.0,29.72972972972973,-13.135342256456529,0.4999275404795305,-3.05093797593197,-7.100185003489965,14.214519686723914,857.6477659312892,23.875519428539267,-20.205290724733104,-7.100185003489965,0.6995458158069724,2.904054054054054,514.5887202349334,85.76478670582223,144.46704722638287,1.4446704722638288,1458.0012728720449,0.8355938938412624,18.66068216930121,117,88,90.2439024390244,,not_modelled_synthetic,PASS
e3adf1ded2fcfb74,BTCUSDT,15m,LONG_SHORT,"{""atr_expansion_factor"": 1.1, ""atr_period"": 14, ""atr_reference_window"": 20, ""breakout_lookback"": 20, ""compression_ratio"": 0.75, ""compression_window"": 60, ""ema_period"": 100, ""ema_slope_lookback"": 3, ""momentum_threshold"": 0.5, ""reward_risk"": 2.0, ""stop_atr_multiplier"": 2.0}",test,base,2025-01-01T00:00:00+00:00,2026-09-26T00:00:00+00:00,148,volatility_breakout_intraday_v1,1.0.0,32.432432432432435,-5.439257296425581,0.683152768463513,-1.562736366770373,-3.675173848936225,5.439257296425585,356.1226508225947,24.43240852499644,-17.166813388423904,-3.675173848936225,0.9001633666148975,3.9510135135135136,213.67359694924917,35.61226615820819,61.48278428750323,0.6148278428750322,605.408513930052,0.4424806983146254,20.72753211534344,90,76,89.1566265060241,,not_modelled_synthetic,PASS
e3adf1ded2fcfb74,BTCUSDT,15m,LONG_SHORT,"{""atr_expansion_factor"": 1.1, ""atr_period"": 14, ""atr_reference_window"": 20, ""breakout_lookback"": 20, ""compression_ratio"": 0.75, ""compression_window"": 60, ""ema_period"": 100, ""ema_slope_lookback"": 3, ""momentum_threshold"": 0.5, ""reward_risk"": 2.0, ""stop_atr_multiplier"": 2.0}",test,adverse,2025-01-01T00:00:00+00:00,2026-09-26T00:00:00+00:00,148,volatility_breakout_intraday_v1,1.0.0,30.405405405405407,-10.782497551105209,0.4699354583448286,-2.999392143905936,-7.285471318314226,10.782497551105209,693.1143156896264,21.24302285889004,-19.749376541364636,-7.285471318314226,0.875646182409242,3.8513513513513513,415.8686314325207,69.31143857208679,100.04463058371424,1.0004463058371424,1178.2943856942338,0.8980547187899697,23.15636967407209,90,76,89.1566265060241,,not_modelled_synthetic,PASS
e3adf1ded2fcfb74,BTCUSDT,15m,LONG_SHORT,"{""atr_expansion_factor"": 1.1, ""atr_period"": 14, ""atr_reference_window"": 20, ""breakout_lookback"": 20, ""compression_ratio"": 0.75, ""compression_window"": 60, ""ema_period"": 100, ""ema_slope_lookback"": 3, ""momentum_threshold"": 0.5, ""reward_risk"": 2.0, ""stop_atr_multiplier"": 2.0}",diagnostic_2020,base,2020-02-01T00:00:00+00:00,2021-01-01T00:00:00+00:00,53,volatility_breakout_intraday_v1,1.0.0,22.641509433962263,-7.270141947963838,0.3337667679786814,-3.1050920302714338,-13.717248958422186,7.404806846102188,125.97666650930404,30.35138026859004,-26.61538434193796,-13.717248958422186,0.4604838666448748,3.05188679245283,75.58594605592035,12.597657675986724,-512.8539245551585,-5.128539245551585,214.1602702412111,0.5181145244873993,59.99549817602804,33,24,92.98245614035088,,not_modelled_synthetic,PASS
e3adf1ded2fcfb74,BTCUSDT,15m,LONG_SHORT,"{""atr_expansion_factor"": 1.1, ""atr_period"": 14, ""atr_reference_window"": 20, ""breakout_lookback"": 20, ""compression_ratio"": 0.75, ""compression_window"": 60, ""ema_period"": 100, ""ema_slope_lookback"": 3, ""momentum_threshold"": 0.5, ""reward_risk"": 2.0, ""stop_atr_multiplier"": 2.0}",diagnostic_2020,adverse,2020-02-01T00:00:00+00:00,2021-01-01T00:00:00+00:00,53,volatility_breakout_intraday_v1,1.0.0,22.641509433962263,-8.882639781390155,0.2663742789769247,-3.719246742378736,-16.7596977007361,8.892077809345343,249.66895802440803,26.87686081353013,-29.53137336344817,-16.7596977007361,0.4697525406350083,3.108490566037736,149.80118000731457,24.96686333455243,-463.8269767727445,-4.6382697677274445,424.4370013662751,1.01066160075037,62.16240548345051,33,24,92.98245614035088,,not_modelled_synthetic,PASS
e3adf1ded2fcfb74,BTCUSDT,15m,LONG_SHORT,"{""atr_expansion_factor"": 1.1, ""atr_period"": 14, ""atr_reference_window"": 20, ""breakout_lookback"": 20, ""compression_ratio"": 0.75, ""compression_window"": 60, ""ema_period"": 100, ""ema_slope_lookback"": 3, ""momentum_threshold"": 0.5, ""reward_risk"": 2.0, ""stop_atr_multiplier"": 2.0}",diagnostic_2021,base,2021-01-01T00:00:00+00:00,2022-01-01T00:00:00+00:00,66,volatility_breakout_intraday_v1,1.0.0,28.78787878787879,-2.949727754761533,0.8205870990994015,-0.6650217996172886,-4.469284476911527,5.264109693850223,162.35899588440626,71.00670339237757,-34.98085404109222,-4.469284476911527,0.7113918355165118,4.034090909090909,97.41539553958285,16.23589925659714,-18.962484795570987,-0.1896248479557098,276.0102906805862,0.1932484581342493,44.02999038344794,42,30,91.66666666666669,,not_modelled_synthetic,PASS
e3adf1ded2fcfb74,BTCUSDT,15m,LONG_SHORT,"{""atr_expansion_factor"": 1.1, ""atr_period"": 14, ""atr_reference_window"": 20, ""breakout_lookback"": 20, ""compression_ratio"": 0.75, ""compression_window"": 60, ""ema_period"": 100, ""ema_slope_lookback"": 3, ""momentum_threshold"": 0.5, ""reward_risk"": 2.0, ""stop_atr_multiplier"": 2.0}",diagnostic_2021,adverse,2021-01-01T00:00:00+00:00,2022-01-01T00:00:00+00:00,66,volatility_breakout_intraday_v1,1.0.0,27.272727272727277,-5.617975523042428,0.6887750875471472,-1.3042846498541734,-8.512084125821742,6.998577314919022,320.8768904132398,69.07333335497569,-37.60661568112078,-8.512084125821742,0.6176286812056743,3.537878787878788,192.5261273990683,32.08768789984472,-16.306846592089947,-0.1630684659208994,545.4907057121527,0.3919937364845465,45.9565788215725,42,30,91.66666666666669,,not_modelled_synthetic,PASS
e3adf1ded2fcfb74,BTCUSDT,15m,LONG_SHORT,"{""atr_expansion_factor"": 1.1, ""atr_period"": 14, ""atr_reference_window"": 20, ""breakout_lookback"": 20, ""compression_ratio"": 0.75, ""compression_window"": 60, ""ema_period"": 100, ""ema_slope_lookback"": 3, ""momentum_threshold"": 0.5, ""reward_risk"": 2.0, ""stop_atr_multiplier"": 2.0}",diagnostic_2022,base,2022-01-01T00:00:00+00:00,2023-01-01T00:00:00+00:00,87,volatility_breakout_intraday_v1,1.0.0,33.333333333333336,-1.5007637993582623,0.8927054477085269,-0.492130331351683,-1.7250158613313873,3.188611265975273,216.4878431975077,43.0571084152758,-24.116077999634975,-1.7250158613313873,0.8605064697591014,3.718390804597701,129.89272880356754,21.648788133927926,217.95298019918,2.1795298019918,368.0293601350032,0.2685215540754014,29.21161467418015,27,63,96.66666666666669,,not_modelled_synthetic,PASS
e3adf1ded2fcfb74,BTCUSDT,15m,LONG_SHORT,"{""atr_expansion_factor"": 1.1, ""atr_period"": 14, ""atr_reference_window"": 20, ""breakout_lookback"": 20, ""compression_ratio"": 0.75, ""compression_window"": 60, ""ema_period"": 100, ""ema_slope_lookback"": 3, ""momentum_threshold"": 0.5, ""reward_risk"": 2.0, ""stop_atr_multiplier"": 2.0}",diagnostic_2022,adverse,2022-01-01T00:00:00+00:00,2023-01-01T00:00:00+00:00,87,volatility_breakout_intraday_v1,1.0.0,32.18390804597701,-4.713915484985498,0.7029365459475074,-1.58593136780267,-5.418293660902824,5.93725575817364,425.46556830669897,39.83736980506023,-26.895557678648,-5.418293660902824,0.8261290195203261,3.5804597701149423,255.27944678203664,42.54657446367277,251.90004105385427,2.5190004105385424,723.2915895524084,0.53697515479522,30.840627310762656,27,63,96.66666666666669,,not_modelled_synthetic,PASS
e3adf1ded2fcfb74,BTCUSDT,15m,LONG_SHORT,"{""atr_expansion_factor"": 1.1, ""atr_period"": 14, ""atr_reference_window"": 20, ""breakout_lookback"": 20, ""compression_ratio"": 0.75, ""compression_window"": 60, ""ema_period"": 100, ""ema_slope_lookback"": 3, ""momentum_threshold"": 0.5, ""reward_risk"": 2.0, ""stop_atr_multiplier"": 2.0}",diagnostic_2023,base,2023-01-01T00:00:00+00:00,2024-01-01T00:00:00+00:00,89,volatility_breakout_intraday_v1,1.0.0,31.46067415730337,-2.752473549015577,0.7169600326608487,-1.370022736632079,-3.092666909006294,4.185988191237203,219.2822156362446,24.90074286974303,-15.942100905809262,-3.092666909006294,0.5322855569308097,2.345505617977528,131.56933962265123,21.928223270441872,97.53242362778768,0.9753242362778768,372.7797785293377,0.4576930799855661,30.36617681021389,53,45,90.81632653061224,,not_modelled_synthetic,PASS
e3adf1ded2fcfb74,BTCUSDT,15m,LONG_SHORT,"{""atr_expansion_factor"": 1.1, ""atr_period"": 14, ""atr_reference_window"": 20, ""breakout_lookback"": 20, ""compression_ratio"": 0.75, ""compression_window"": 60, ""ema_period"": 100, ""ema_slope_lookback"": 3, ""momentum_threshold"": 0.5, ""reward_risk"": 2.0, ""stop_atr_multiplier"": 2.0}",diagnostic_2023,adverse,2023-01-01T00:00:00+00:00,2024-01-01T00:00:00+00:00,90,volatility_breakout_intraday_v1,1.0.0,28.88888888888889,-6.252896733369273,0.4812755166306389,-3.113855994721021,-6.947663037076868,7.230518785975998,435.74516835109375,22.313357848637818,-18.834952771898458,-6.947663037076868,0.4829415722725582,2.1305555555555555,261.4471495110674,43.57452491851124,115.47716944374538,1.154771694437454,740.7668427806724,0.9325154252719152,33.21218893418181,53,45,91.83673469387756,,not_modelled_synthetic,PASS
e3adf1ded2fcfb74,BTCUSDT,15m,LONG_SHORT,"{""atr_expansion_factor"": 1.1, ""atr_period"": 14, ""atr_reference_window"": 20, ""breakout_lookback"": 20, ""compression_ratio"": 0.75, ""compression_window"": 60, ""ema_period"": 100, ""ema_slope_lookback"": 3, ""momentum_threshold"": 0.5, ""reward_risk"": 2.0, ""stop_atr_multiplier"": 2.0}",diagnostic_2024,base,2024-01-01T00:00:00+00:00,2025-01-01T00:00:00+00:00,95,volatility_breakout_intraday_v1,1.0.0,33.68421052631579,-2.556435355574016,0.796488842966362,-1.0215248476693626,-2.690984584814675,4.460323489563578,230.7370834114193,31.266287008512062,-19.93912253698064,-2.690984584814675,0.8777029887509289,3.497368421052632,138.44226439085145,23.07371073180858,136.60952297669488,1.3660952297669489,392.25305853407934,0.3464390306568889,26.617021427989314,64,43,88.78504672897196,,not_modelled_synthetic,PASS
e3adf1ded2fcfb74,BTCUSDT,15m,LONG_SHORT,"{""atr_expansion_factor"": 1.1, ""atr_period"": 14, ""atr_reference_window"": 20, ""breakout_lookback"": 20, ""compression_ratio"": 0.75, ""compression_window"": 60, ""ema_period"": 100, ""ema_slope_lookback"": 3, ""momentum_threshold"": 0.5, ""reward_risk"": 2.0, ""stop_atr_multiplier"": 2.0}",diagnostic_2024,adverse,2024-01-01T00:00:00+00:00,2025-01-01T00:00:00+00:00,95,volatility_breakout_intraday_v1,1.0.0,30.526315789473685,-7.236542101378241,0.5196249851746978,-2.977503630092557,-7.617412738292915,7.988719599475451,450.5419654833572,26.99247510364565,-22.824787699144707,-7.617412738292915,0.9148437319634168,3.6342105263157896,270.3251970422181,45.05419950703636,42.26715189477457,0.4226715189477457,765.9213620326118,0.7545741671241634,29.966042344445164,64,43,88.78504672897196,,not_modelled_synthetic,PASS
e3adf1ded2fcfb74,BTCUSDT,15m,LONG_SHORT,"{""atr_expansion_factor"": 1.1, ""atr_period"": 14, ""atr_reference_window"": 20, ""breakout_lookback"": 20, ""compression_ratio"": 0.75, ""compression_window"": 60, ""ema_period"": 100, ""ema_slope_lookback"": 3, ""momentum_threshold"": 0.5, ""reward_risk"": 2.0, ""stop_atr_multiplier"": 2.0}",diagnostic_2025,base,2025-01-01T00:00:00+00:00,2026-01-01T00:00:00+00:00,79,volatility_breakout_intraday_v1,1.0.0,26.582278481012654,-4.504590657085283,0.5645871842964694,-2.2143347559370787,-5.702013489981381,4.504590657085282,191.6002897633724,27.814153370997868,-17.837177353439383,-5.702013489981381,0.9226244438685414,4.348101265822785,114.9601607604716,19.160026793411937,-124.73858839126515,-1.2473858839126517,325.7204773172559,0.4859204022352812,40.09027539360265,54,34,89.77272727272727,,not_modelled_synthetic,PASS
e3adf1ded2fcfb74,BTCUSDT,15m,LONG_SHORT,"{""atr_expansion_factor"": 1.1, ""atr_period"": 14, ""atr_reference_window"": 20, ""breakout_lookback"": 20, ""compression_ratio"": 0.75, ""compression_window"": 60, ""ema_period"": 100, ""ema_slope_lookback"": 3, ""momentum_threshold"": 0.5, ""reward_risk"": 2.0, ""stop_atr_multiplier"": 2.0}",diagnostic_2025,adverse,2025-01-01T00:00:00+00:00,2026-01-01T00:00:00+00:00,80,volatility_breakout_intraday_v1,1.0.0,26.25,-7.286541544612158,0.4106487129727127,-3.407164580756828,-9.108176930765085,7.286541544612154,382.645309211924,24.17677564808245,-20.95536344188031,-9.108176930765085,0.898738798472394,4.19375,229.5871527011442,38.2645254501907,-78.15716709795574,-0.7815716709795574,650.4969873632589,0.96000740584378,42.189324234259054,54,34,90.9090909090909,,not_modelled_synthetic,PASS
e3adf1ded2fcfb74,BTCUSDT,15m,LONG_SHORT,"{""atr_expansion_factor"": 1.1, ""atr_period"": 14, ""atr_reference_window"": 20, ""breakout_lookback"": 20, ""compression_ratio"": 0.75, ""compression_window"": 60, ""ema_period"": 100, ""ema_slope_lookback"": 3, ""momentum_threshold"": 0.5, ""reward_risk"": 2.0, ""stop_atr_multiplier"": 2.0}",diagnostic_2026,base,2026-01-01T00:00:00+00:00,2026-09-26T00:00:00+00:00,69,volatility_breakout_intraday_v1,1.0.0,39.130434782608695,-0.9787878203560308,0.8629731162040534,-0.653115051920636,-1.4185330729797492,1.733673452660602,172.28332605093797,22.830544933040148,-17.007226076849683,-1.4185330729797492,0.8695746482809231,3.496376811594203,103.37001610586688,17.22833601764448,195.00289613885124,1.9500289613885124,292.88167817444935,0.4007591475827973,32.157025455922,36,42,88.46153846153847,,not_modelled_synthetic,PASS
e3adf1ded2fcfb74,BTCUSDT,15m,LONG_SHORT,"{""atr_expansion_factor"": 1.1, ""atr_period"": 14, ""atr_reference_window"": 20, ""breakout_lookback"": 20, ""compression_ratio"": 0.75, ""compression_window"": 60, ""ema_period"": 100, ""ema_slope_lookback"": 3, ""momentum_threshold"": 0.5, ""reward_risk"": 2.0, ""stop_atr_multiplier"": 2.0}",diagnostic_2026,adverse,2026-01-01T00:00:00+00:00,2026-09-26T00:00:00+00:00,68,volatility_breakout_intraday_v1,1.0.0,35.294117647058826,-3.770701773129237,0.5618130945468401,-2.4252485926739142,-5.545149666366568,4.245342026989045,334.8707478996013,20.143892988466806,-19.557354750821137,-5.545149666366568,0.8441998242146096,3.448529411764706,200.9225294680399,33.48708824467332,192.2101882993813,1.922101882993813,569.2803656123144,0.8318878660717394,37.20162757460331,36,42,87.17948717948718,,not_modelled_synthetic,PASS
578571137bf7a209,ETHUSDT,15m,LONG_ONLY,"{""atr_expansion_factor"": 1.1, ""atr_period"": 14, ""atr_reference_window"": 20, ""breakout_lookback"": 20, ""compression_ratio"": 0.75, ""compression_window"": 60, ""ema_period"": 100, ""ema_slope_lookback"": 3, ""momentum_threshold"": 0.5, ""reward_risk"": 2.0, ""stop_atr_multiplier"": 2.0}",train,base,2020-02-01T00:00:00+00:00,2023-01-01T00:00:00+00:00,123,volatility_breakout_intraday_v1,1.0.0,36.58536585365854,-3.6691200380036593,0.8655713393658072,-0.4139282499299542,-2.983024421141212,5.3670588872435925,299.7508923095483,52.500132876855474,-34.99253824690853,-2.983024421141212,0.5071573228640804,4.4573170731707314,179.8505503655047,29.975091727584115,142.6645306022764,1.426645306022764,509.5765344026372,0.1998099589472179,22.998111721813643,135,100,91.11111111111111,,not_modelled_synthetic,PASS
578571137bf7a209,ETHUSDT,15m,LONG_ONLY,"{""atr_expansion_factor"": 1.1, ""atr_period"": 14, ""atr_reference_window"": 20, ""breakout_lookback"": 20, ""compression_ratio"": 0.75, ""compression_window"": 60, ""ema_period"": 100, ""ema_slope_lookback"": 3, ""momentum_threshold"": 0.5, ""reward_risk"": 2.0, ""stop_atr_multiplier"": 2.0}",train,adverse,2020-02-01T00:00:00+00:00,2023-01-01T00:00:00+00:00,122,volatility_breakout_intraday_v1,1.0.0,34.42622950819672,-8.896434276780763,0.6983240136636424,-1.0527385774439333,-7.292159243262926,9.130599922153808,577.7798223771674,49.03237384320782,-36.86253911366007,-7.292159243262926,0.4747295636672145,4.223360655737705,346.667932310873,57.777988718478845,92.58231572843056,0.9258231572843056,982.2257434065192,0.4093394845804302,25.12993378214338,135,100,90.37037037037037,,not_modelled_synthetic,PASS
578571137bf7a209,ETHUSDT,15m,LONG_ONLY,"{""atr_expansion_factor"": 1.1, ""atr_period"": 14, ""atr_reference_window"": 20, ""breakout_lookback"": 20, ""compression_ratio"": 0.75, ""compression_window"": 60, ""ema_period"": 100, ""ema_slope_lookback"": 3, ""momentum_threshold"": 0.5, ""reward_risk"": 2.0, ""stop_atr_multiplier"": 2.0}",validation,base,2023-01-01T00:00:00+00:00,2025-01-01T00:00:00+00:00,108,volatility_breakout_intraday_v1,1.0.0,30.55555555555556,-4.085203098693036,0.7383185179594193,-0.9414181666105365,-3.7825954617527393,6.809397993196987,265.42961313090603,34.927739815944975,-20.815142983939733,-3.7825954617527393,0.4155803336569127,2.949074074074074,159.25777236309756,26.542962060516263,42.71003768523144,0.4271003768523144,451.2303475545199,0.349325082656511,27.42518760013297,119,93,90.7563025210084,,not_modelled_synthetic,PASS
578571137bf7a209,ETHUSDT,15m,LONG_ONLY,"{""atr_expansion_factor"": 1.1, ""atr_period"": 14, ""atr_reference_window"": 20, ""breakout_lookback"": 20, ""compression_ratio"": 0.75, ""compression_window"": 60, ""ema_period"": 100, ""ema_slope_lookback"": 3, ""momentum_threshold"": 0.5, ""reward_risk"": 2.0, ""stop_atr_multiplier"": 2.0}",validation,adverse,2023-01-01T00:00:00+00:00,2025-01-01T00:00:00+00:00,108,volatility_breakout_intraday_v1,1.0.0,29.62962962962963,-7.762767907298662,0.5651766326149142,-1.7985423321526175,-7.187748062313551,9.386002095660162,520.0218798918484,31.53101462211581,-23.490384982073284,-7.187748062313551,0.3786733223057137,2.7106481481481484,312.0131731945013,52.00219553241689,107.7604578888917,1.0776045788889168,884.0372486187665,0.6942029654098342,29.01860474788762,119,93,90.7563025210084,,not_modelled_synthetic,PASS
578571137bf7a209,ETHUSDT,15m,LONG_ONLY,"{""atr_expansion_factor"": 1.1, ""atr_period"": 14, ""atr_reference_window"": 20, ""breakout_lookback"": 20, ""compression_ratio"": 0.75, ""compression_window"": 60, ""ema_period"": 100, ""ema_slope_lookback"": 3, ""momentum_threshold"": 0.5, ""reward_risk"": 2.0, ""stop_atr_multiplier"": 2.0}",test,base,2025-01-01T00:00:00+00:00,2026-09-26T00:00:00+00:00,84,volatility_breakout_intraday_v1,1.0.0,34.523809523809526,-3.4104856968157797,0.7463018170002025,-0.941251494741985,-4.060102020018733,4.309696479629026,205.4276188777692,34.59516264958438,-24.441968845809463,-4.060102020018733,0.4456587475369128,3.470238095238096,123.25657218539176,20.542762030898626,8.178383412492934,0.0817838341249293,349.2269530940596,0.3105705440434894,28.51479419034591,90,98,93.33333333333331,,not_modelled_synthetic,PASS
578571137bf7a209,ETHUSDT,15m,LONG_ONLY,"{""atr_expansion_factor"": 1.1, ""atr_period"": 14, ""atr_reference_window"": 20, ""breakout_lookback"": 20, ""compression_ratio"": 0.75, ""compression_window"": 60, ""ema_period"": 100, ""ema_slope_lookback"": 3, ""momentum_threshold"": 0.5, ""reward_risk"": 2.0, ""stop_atr_multiplier"": 2.0}",test,adverse,2025-01-01T00:00:00+00:00,2026-09-26T00:00:00+00:00,84,volatility_breakout_intraday_v1,1.0.0,33.333333333333336,-6.303027598265798,0.5842439781051083,-1.737608936179471,-7.5036042836498,7.06057286453802,404.5955339947509,31.63347289710024,-27.072142874024816,-7.5036042836498,0.4442528836686468,3.461309523809524,242.75734455091447,40.459557425152425,57.50967614422715,0.5750967614422715,687.8124359708178,0.616191282708948,30.15488629823193,90,98,93.33333333333331,,not_modelled_synthetic,PASS
578571137bf7a209,ETHUSDT,15m,LONG_ONLY,"{""atr_expansion_factor"": 1.1, ""atr_period"": 14, ""atr_reference_window"": 20, ""breakout_lookback"": 20, ""compression_ratio"": 0.75, ""compression_window"": 60, ""ema_period"": 100, ""ema_slope_lookback"": 3, ""momentum_threshold"": 0.5, ""reward_risk"": 2.0, ""stop_atr_multiplier"": 2.0}",diagnostic_2020,base,2020-02-01T00:00:00+00:00,2021-01-01T00:00:00+00:00,33,volatility_breakout_intraday_v1,1.0.0,27.272727272727277,-3.4692505717842548,0.5421004899178491,-1.8484497593757916,-10.51288052055823,3.8733949522869615,81.70224335098929,45.635496513066606,-31.56852190816754,-10.51288052055823,0.2472509007457878,2.659090909090909,49.021324167310325,8.170220694551722,-208.03126896556728,-2.0803126896556727,138.89378821285132,0.3093161983909649,74.08906207693865,35,21,94.28571428571428,,not_modelled_synthetic,PASS
578571137bf7a209,ETHUSDT,15m,LONG_ONLY,"{""atr_expansion_factor"": 1.1, ""atr_period"": 14, ""atr_reference_window"": 20, ""breakout_lookback"": 20, ""compression_ratio"": 0.75, ""compression_window"": 60, ""ema_period"": 100, ""ema_slope_lookback"": 3, ""momentum_threshold"": 0.5, ""reward_risk"": 2.0, ""stop_atr_multiplier"": 2.0}",diagnostic_2020,adverse,2020-02-01T00:00:00+00:00,2021-01-01T00:00:00+00:00,32,volatility_breakout_intraday_v1,1.0.0,25.0,-4.773956169461235,0.4220841422370843,-2.489843756113452,-14.91861302956635,4.947260948209892,157.23303897248584,43.58357639346694,-34.41934283724412,-14.91861302956635,0.2495764727990198,2.7578125,94.339735141679,15.723289190279832,-210.0995536416829,-2.100995536416829,267.29606330444466,0.6419686424304341,80.98262521037356,35,21,91.42857142857144,,not_modelled_synthetic,PASS
578571137bf7a209,ETHUSDT,15m,LONG_ONLY,"{""atr_expansion_factor"": 1.1, ""atr_period"": 14, ""atr_reference_window"": 20, ""breakout_lookback"": 20, ""compression_ratio"": 0.75, ""compression_window"": 60, ""ema_period"": 100, ""ema_slope_lookback"": 3, ""momentum_threshold"": 0.5, ""reward_risk"": 2.0, ""stop_atr_multiplier"": 2.0}",diagnostic_2021,base,2021-01-01T00:00:00+00:00,2022-01-01T00:00:00+00:00,49,volatility_breakout_intraday_v1,1.0.0,40.81632653061224,0.7293376667349083,1.0599695809051872,0.2044906751990804,1.488444217826166,3.087635953481355,123.01350500879724,64.45565645769,-41.93721939587302,1.488444217826166,0.717037462033446,5.362244897959184,73.80813262123812,12.30135543687302,282.0567597403928,2.820567597403928,209.1229930669084,0.1520619073190678,41.66901364961264,56,24,87.5,,not_modelled_synthetic,PASS
578571137bf7a209,ETHUSDT,15m,LONG_ONLY,"{""atr_expansion_factor"": 1.1, ""atr_period"": 14, ""atr_reference_window"": 20, ""breakout_lookback"": 20, ""compression_ratio"": 0.75, ""compression_window"": 60, ""ema_period"": 100, ""ema_slope_lookback"": 3, ""momentum_threshold"": 0.5, ""reward_risk"": 2.0, ""stop_atr_multiplier"": 2.0}",diagnostic_2021,adverse,2021-01-01T00:00:00+00:00,2022-01-01T00:00:00+00:00,49,volatility_breakout_intraday_v1,1.0.0,38.775510204081634,-1.4960825179303194,0.8869220270455336,-0.3648386829705892,-3.0532296284292952,3.5013028980241065,242.78878521788403,61.76029665572294,-44.10179627505904,-3.0532296284292952,0.7150164324948572,5.3520408163265305,145.67338164651144,24.278896941085243,263.1328120124403,2.631328120124403,412.7410638054808,0.3091374241953492,43.92017516140736,56,24,87.5,,not_modelled_synthetic,PASS
578571137bf7a209,ETHUSDT,15m,LONG_ONLY,"{""atr_expansion_factor"": 1.1, ""atr_period"": 14, ""atr_reference_window"": 20, ""breakout_lookback"": 20, ""compression_ratio"": 0.75, ""compression_window"": 60, ""ema_period"": 100, ""ema_slope_lookback"": 3, ""momentum_threshold"": 0.5, ""reward_risk"": 2.0, ""stop_atr_multiplier"": 2.0}",diagnostic_2022,base,2022-01-01T00:00:00+00:00,2023-01-01T00:00:00+00:00,41,volatility_breakout_intraday_v1,1.0.0,39.02439024390244,-0.9296083680960132,0.8866986690102842,-0.348254695393056,-2.267337483160855,2.5461767566394764,102.126834195473,45.46959507730321,-32.81897432185786,-2.267337483160855,0.5358214743981341,4.823170731707317,61.27610898603688,10.212684831006149,80.6547912029242,0.806547912029242,173.61562801251603,0.2181821938325051,40.65407009992332,44,55,93.1818181818182,,not_modelled_synthetic,PASS
578571137bf7a209,ETHUSDT,15m,LONG_ONLY,"{""atr_expansion_factor"": 1.1, ""atr_period"": 14, ""atr_reference_window"": 20, ""breakout_lookback"": 20, ""compression_ratio"": 0.75, ""compression_window"": 60, ""ema_period"": 100, ""ema_slope_lookback"": 3, ""momentum_threshold"": 0.5, ""reward_risk"": 2.0, ""stop_atr_multiplier"": 2.0}",diagnostic_2022,adverse,2022-01-01T00:00:00+00:00,2023-01-01T00:00:00+00:00,41,volatility_breakout_intraday_v1,1.0.0,36.58536585365854,-2.8760991606203934,0.6874074728363564,-1.124970663660149,-7.014876001513212,3.875754269140309,201.86123462267105,42.164626125645285,-35.3876656902585,-7.014876001513212,0.4410899888571279,4.0182926829268295,121.11676410637084,20.18612735106181,55.55421001805908,0.5555421001805908,343.1641260801037,0.4522427309765653,43.56964331529596,44,55,93.1818181818182,,not_modelled_synthetic,PASS
578571137bf7a209,ETHUSDT,15m,LONG_ONLY,"{""atr_expansion_factor"": 1.1, ""atr_period"": 14, ""atr_reference_window"": 20, ""breakout_lookback"": 20, ""compression_ratio"": 0.75, ""compression_window"": 60, ""ema_period"": 100, ""ema_slope_lookback"": 3, ""momentum_threshold"": 0.5, ""reward_risk"": 2.0, ""stop_atr_multiplier"": 2.0}",diagnostic_2023,base,2023-01-01T00:00:00+00:00,2024-01-01T00:00:00+00:00,57,volatility_breakout_intraday_v1,1.0.0,38.59649122807018,-0.448939822685479,0.936190517793125,-0.2035182664524582,-0.7876137240094857,1.9905744470912097,142.0508095310853,29.939494778533454,-20.101796211322192,-0.7876137240094857,0.4317553380203187,2.9035087719298245,85.23050636085506,14.205084393475843,196.59241801687853,1.9659241801687852,241.4864002854162,0.3210044422582147,42.64253180967639,64,45,89.0625,,not_modelled_synthetic,PASS
578571137bf7a209,ETHUSDT,15m,LONG_ONLY,"{""atr_expansion_factor"": 1.1, ""atr_period"": 14, ""atr_reference_window"": 20, ""breakout_lookback"": 20, ""compression_ratio"": 0.75, ""compression_window"": 60, ""ema_period"": 100, ""ema_slope_lookback"": 3, ""momentum_threshold"": 0.5, ""reward_risk"": 2.0, ""stop_atr_multiplier"": 2.0}",diagnostic_2023,adverse,2023-01-01T00:00:00+00:00,2024-01-01T00:00:00+00:00,57,volatility_breakout_intraday_v1,1.0.0,36.8421052631579,-2.6088385754189924,0.6846975774930452,-1.234211189811287,-4.576909781436933,2.916153352694771,280.7822002006054,26.977356841776874,-22.98356531164499,-4.576909781436933,0.4201494467245975,2.833333333333333,168.46941102767858,28.078235171279765,216.4459888576524,2.1644598885765243,477.3298463995637,0.6425098630956037,46.24371476563096,64,45,89.0625,,not_modelled_synthetic,PASS
578571137bf7a209,ETHUSDT,15m,LONG_ONLY,"{""atr_expansion_factor"": 1.1, ""atr_period"": 14, ""atr_reference_window"": 20, ""breakout_lookback"": 20, ""compression_ratio"": 0.75, ""compression_window"": 60, ""ema_period"": 100, ""ema_slope_lookback"": 3, ""momentum_threshold"": 0.5, ""reward_risk"": 2.0, ""stop_atr_multiplier"": 2.0}",diagnostic_2024,base,2024-01-01T00:00:00+00:00,2025-01-01T00:00:00+00:00,51,volatility_breakout_intraday_v1,1.0.0,21.568627450980397,-3.652665104612263,0.5759816656314563,-1.6252843148505594,-7.162088440416235,5.567511674925599,123.93520446334472,45.106714421196806,-21.53600922735982,-7.162088440416235,0.3994496087951574,3.0,74.36110644745524,12.393517741242542,-154.57668180918108,-1.5457668180918107,210.6898286520425,0.3888204416282016,56.043327998004926,55,48,92.72727272727272,,not_modelled_synthetic,PASS
578571137bf7a209,ETHUSDT,15m,LONG_ONLY,"{""atr_expansion_factor"": 1.1, ""atr_period"": 14, ""atr_reference_window"": 20, ""breakout_lookback"": 20, ""compression_ratio"": 0.75, ""compression_window"": 60, ""ema_period"": 100, ""ema_slope_lookback"": 3, ""momentum_threshold"": 0.5, ""reward_risk"": 2.0, ""stop_atr_multiplier"": 2.0}",diagnostic_2024,adverse,2024-01-01T00:00:00+00:00,2025-01-01T00:00:00+00:00,51,volatility_breakout_intraday_v1,1.0.0,21.568627450980397,-5.291987748992765,0.4619335597901673,-2.3144484766023914,-10.376446566652476,6.795270332742274,245.6482635426679,41.30187373590499,-24.58798464985578,-10.376446566652476,0.3373106224542348,2.573529411764706,147.3889112549525,24.564818542492084,-111.59678155916912,-1.1159678155916912,417.6019933401125,0.7665882880316386,56.763382714942566,55,48,92.72727272727272,,not_modelled_synthetic,PASS
578571137bf7a209,ETHUSDT,15m,LONG_ONLY,"{""atr_expansion_factor"": 1.1, ""atr_period"": 14, ""atr_reference_window"": 20, ""breakout_lookback"": 20, ""compression_ratio"": 0.75, ""compression_window"": 60, ""ema_period"": 100, ""ema_slope_lookback"": 3, ""momentum_threshold"": 0.5, ""reward_risk"": 2.0, ""stop_atr_multiplier"": 2.0}",diagnostic_2025,base,2025-01-01T00:00:00+00:00,2026-01-01T00:00:00+00:00,50,volatility_breakout_intraday_v1,1.0.0,34.0,-2.735081931565253,0.69999479542844,-1.1998553475516485,-5.470163863130441,3.1684405384443664,123.10960515178482,37.53940986575245,-27.62661093558526,-5.470163863130441,0.5172837674949123,3.87,73.8657563477743,12.310959391295718,-64.22187226566477,-0.6422187226566477,209.2863208908548,0.2948871765814903,44.1957510334957,52,50,96.15384615384616,,not_modelled_synthetic,PASS
578571137bf7a209,ETHUSDT,15m,LONG_ONLY,"{""atr_expansion_factor"": 1.1, ""atr_period"": 14, ""atr_reference_window"": 20, ""breakout_lookback"": 20, ""compression_ratio"": 0.75, ""compression_window"": 60, ""ema_period"": 100, ""ema_slope_lookback"": 3, ""momentum_threshold"": 0.5, ""reward_risk"": 2.0, ""stop_atr_multiplier"": 2.0}",diagnostic_2025,adverse,2025-01-01T00:00:00+00:00,2026-01-01T00:00:00+00:00,50,volatility_breakout_intraday_v1,1.0.0,34.0,-4.358974396026438,0.5692885724323921,-1.8951237511326404,-8.717948792052923,4.752593249809735,244.04013302030415,33.89077250491345,-30.667896126853783,-8.717948792052923,0.5156929088863181,3.86,146.42407097990852,24.404011829984757,-21.029223772454664,-0.2102922377245466,414.8682158301975,0.5779066951383655,45.72848928987458,52,50,96.15384615384616,,not_modelled_synthetic,PASS
578571137bf7a209,ETHUSDT,15m,LONG_ONLY,"{""atr_expansion_factor"": 1.1, ""atr_period"": 14, ""atr_reference_window"": 20, ""breakout_lookback"": 20, ""compression_ratio"": 0.75, ""compression_window"": 60, ""ema_period"": 100, ""ema_slope_lookback"": 3, ""momentum_threshold"": 0.5, ""reward_risk"": 2.0, ""stop_atr_multiplier"": 2.0}",diagnostic_2026,base,2026-01-01T00:00:00+00:00,2026-09-26T00:00:00+00:00,34,volatility_breakout_intraday_v1,1.0.0,35.294117647058826,-0.6943952350762617,0.8438844251014025,-0.5125321150557686,-2.042338926695153,1.827096454521344,84.63278874936273,31.279674482947485,-20.21798260468205,-2.042338926695153,0.3481097634781805,2.8823529411764706,50.77968106542141,8.463280177570237,74.43622648472379,0.7443622648472379,143.87574999235437,0.3374075813784507,55.02032841052567,38,48,89.47368421052632,,not_modelled_synthetic,PASS
578571137bf7a209,ETHUSDT,15m,LONG_ONLY,"{""atr_expansion_factor"": 1.1, ""atr_period"": 14, ""atr_reference_window"": 20, ""breakout_lookback"": 20, ""compression_ratio"": 0.75, ""compression_window"": 60, ""ema_period"": 100, ""ema_slope_lookback"": 3, ""momentum_threshold"": 0.5, ""reward_risk"": 2.0, ""stop_atr_multiplier"": 2.0}",diagnostic_2026,adverse,2026-01-01T00:00:00+00:00,2026-09-26T00:00:00+00:00,34,volatility_breakout_intraday_v1,1.0.0,32.35294117647059,-2.032656082438677,0.6142747379415269,-1.4941196091331084,-5.978400242466752,2.9857968182470147,167.87294658127348,29.427664175978386,-22.911735399114427,-5.978400242466752,0.3469558528324825,2.875,100.7238024385094,16.787300406418233,82.11844118232985,0.8211844118232985,285.3840494262011,0.6851851443142346,58.07119187955162,38,48,89.47368421052632,,not_modelled_synthetic,PASS
fc9de4a0fc0a744d,ETHUSDT,15m,SHORT_ONLY,"{""atr_expansion_factor"": 1.1, ""atr_period"": 14, ""atr_reference_window"": 20, ""breakout_lookback"": 20, ""compression_ratio"": 0.75, ""compression_window"": 60, ""ema_period"": 100, ""ema_slope_lookback"": 3, ""momentum_threshold"": 0.5, ""reward_risk"": 2.0, ""stop_atr_multiplier"": 2.0}",train,base,2020-02-01T00:00:00+00:00,2023-01-01T00:00:00+00:00,88,volatility_breakout_intraday_v1,1.0.0,29.545454545454547,-5.271727696778106,0.7601634422770709,-0.6402418588985674,-5.990599655429744,7.090278469027554,213.41902134588136,64.2645127033005,-35.45242096715533,-5.990599655429744,0.272207855417519,3.4318181818181817,128.0513955496812,21.3418992582802,-164.3604535239692,-1.643604535239692,362.81231615384274,0.2042629255242287,33.44692094488603,135,100,88.0,,not_modelled_synthetic,PASS
fc9de4a0fc0a744d,ETHUSDT,15m,SHORT_ONLY,"{""atr_expansion_factor"": 1.1, ""atr_period"": 14, ""atr_reference_window"": 20, ""breakout_lookback"": 20, ""compression_ratio"": 0.75, ""compression_window"": 60, ""ema_period"": 100, ""ema_slope_lookback"": 3, ""momentum_threshold"": 0.5, ""reward_risk"": 2.0, ""stop_atr_multiplier"": 2.0}",train,adverse,2020-02-01T00:00:00+00:00,2023-01-01T00:00:00+00:00,89,volatility_breakout_intraday_v1,1.0.0,29.21348314606741,-8.626403360450585,0.6441471490001437,-1.060651443392607,-9.692588045450105,10.02352789991604,424.2631046150713,60.05802587682246,-38.4785556959118,-9.692588045450105,0.253428322881624,3.1797752808988764,254.55780338392924,42.42630056398821,-141.3931274820805,-1.413931274820805,721.2472085629888,0.4078118040150418,34.247131927878854,135,100,89.0,,not_modelled_synthetic,PASS
fc9de4a0fc0a744d,ETHUSDT,15m,SHORT_ONLY,"{""atr_expansion_factor"": 1.1, ""atr_period"": 14, ""atr_reference_window"": 20, ""breakout_lookback"": 20, ""compression_ratio"": 0.75, ""compression_window"": 60, ""ema_period"": 100, ""ema_slope_lookback"": 3, ""momentum_threshold"": 0.5, ""reward_risk"": 2.0, ""stop_atr_multiplier"": 2.0}",validation,base,2023-01-01T00:00:00+00:00,2025-01-01T00:00:00+00:00,85,volatility_breakout_intraday_v1,1.0.0,36.47058823529412,-2.090417077988127,0.8134766593637929,-0.626832756078432,-2.459314209397912,2.835842950162316,210.5099876796205,29.40919671671286,-20.754200111424467,-2.459314209397912,0.3422341002554617,3.0794117647058825,126.30600823442772,21.051001372404617,148.82528948763783,1.4882528948763785,357.8669972864529,0.3437349274545005,26.58230211274448,119,93,91.39784946236558,,not_modelled_synthetic,PASS
fc9de4a0fc0a744d,ETHUSDT,15m,SHORT_ONLY,"{""atr_expansion_factor"": 1.1, ""atr_period"": 14, ""atr_reference_window"": 20, ""breakout_lookback"": 20, ""compression_ratio"": 0.75, ""compression_window"": 60, ""ema_period"": 100, ""ema_slope_lookback"": 3, ""momentum_threshold"": 0.5, ""reward_risk"": 2.0, ""stop_atr_multiplier"": 2.0}",validation,adverse,2023-01-01T00:00:00+00:00,2025-01-01T00:00:00+00:00,85,volatility_breakout_intraday_v1,1.0.0,35.294117647058826,-5.150604612448206,0.6024642635178697,-1.504004702713703,-6.059534838174357,5.649332869487898,413.8382846548833,26.01908817867024,-23.556965574635043,-6.059534838174357,0.3333321852062712,3.0058823529411764,248.30304994811027,41.38384165801838,188.46471501618075,1.8846471501618076,703.5251762610119,0.6854001856855211,28.36223683875252,119,93,91.39784946236558,,not_modelled_synthetic,PASS
fc9de4a0fc0a744d,ETHUSDT,15m,SHORT_ONLY,"{""atr_expansion_factor"": 1.1, ""atr_period"": 14, ""atr_reference_window"": 20, ""breakout_lookback"": 20, ""compression_ratio"": 0.75, ""compression_window"": 60, ""ema_period"": 100, ""ema_slope_lookback"": 3, ""momentum_threshold"": 0.5, ""reward_risk"": 2.0, ""stop_atr_multiplier"": 2.0}",test,base,2025-01-01T00:00:00+00:00,2026-09-26T00:00:00+00:00,89,volatility_breakout_intraday_v1,1.0.0,24.719101123595507,-5.613422153791802,0.6478552218281438,-1.3218135920515552,-6.307215903136836,6.639540970223642,216.31256260143152,46.94201569256774,-23.79203821814431,-6.307215903136836,0.6395469933821359,4.626404494382022,129.7875172317162,21.631252871952704,-193.6108826740721,-1.9361088267407212,367.7313327051005,0.3276484224836339,37.09305969614804,90,98,90.81632653061224,,not_modelled_synthetic,PASS
fc9de4a0fc0a744d,ETHUSDT,15m,SHORT_ONLY,"{""atr_expansion_factor"": 1.1, ""atr_period"": 14, ""atr_reference_window"": 20, ""breakout_lookback"": 20, ""compression_ratio"": 0.75, ""compression_window"": 60, ""ema_period"": 100, ""ema_slope_lookback"": 3, ""momentum_threshold"": 0.5, ""reward_risk"": 2.0, ""stop_atr_multiplier"": 2.0}",test,adverse,2025-01-01T00:00:00+00:00,2026-09-26T00:00:00+00:00,89,volatility_breakout_intraday_v1,1.0.0,21.34831460674157,-10.304852800587671,0.4467924358707645,-2.4496578329731764,-11.578486292795164,10.962897382343728,423.4711057143176,43.80320556735697,-26.6106597976936,-11.578486292795164,0.5963377255616704,4.331460674157303,254.0825329830785,42.34708883051309,-310.5845525308693,-3.105845525308693,719.9007275279091,0.7314582554467893,43.11672648062859,90,98,90.81632653061224,,not_modelled_synthetic,PASS
fc9de4a0fc0a744d,ETHUSDT,15m,SHORT_ONLY,"{""atr_expansion_factor"": 1.1, ""atr_period"": 14, ""atr_reference_window"": 20, ""breakout_lookback"": 20, ""compression_ratio"": 0.75, ""compression_window"": 60, ""ema_period"": 100, ""ema_slope_lookback"": 3, ""momentum_threshold"": 0.5, ""reward_risk"": 2.0, ""stop_atr_multiplier"": 2.0}",diagnostic_2020,base,2020-02-01T00:00:00+00:00,2021-01-01T00:00:00+00:00,18,volatility_breakout_intraday_v1,1.0.0,16.666666666666668,-4.068991979659565,0.2364093534475767,-2.527155521002564,-22.605510998108954,5.486638640774723,44.26005245731941,41.99229728816324,-35.52507265536339,-22.605510998108954,0.1554111254637763,3.0277777777777777,26.55599665039096,4.425999441731826,-331.65714941651754,-3.316571494165176,75.2420485494422,0.5436597595296415,100.0,35,21,85.71428571428571,,not_modelled_synthetic,PASS
fc9de4a0fc0a744d,ETHUSDT,15m,SHORT_ONLY,"{""atr_expansion_factor"": 1.1, ""atr_period"": 14, ""atr_reference_window"": 20, ""breakout_lookback"": 20, ""compression_ratio"": 0.75, ""compression_window"": 60, ""ema_period"": 100, ""ema_slope_lookback"": 3, ""momentum_threshold"": 0.5, ""reward_risk"": 2.0, ""stop_atr_multiplier"": 2.0}",diagnostic_2020,adverse,2020-02-01T00:00:00+00:00,2021-01-01T00:00:00+00:00,18,volatility_breakout_intraday_v1,1.0.0,16.666666666666668,-4.6531798254425,0.1994985681576085,-2.764127058909019,-25.85099903023602,6.011224540802009,88.23860635136444,38.65505109795637,-38.752209055874495,-25.85099903023602,0.1499223011085132,2.930555555555556,52.94303137956604,8.823838563261006,-315.3125062500592,-3.153125062500592,150.00547629419148,1.065706736505044,100.0,35,21,85.71428571428571,,not_modelled_synthetic,PASS
fc9de4a0fc0a744d,ETHUSDT,15m,SHORT_ONLY,"{""atr_expansion_factor"": 1.1, ""atr_period"": 14, ""atr_reference_window"": 20, ""breakout_lookback"": 20, ""compression_ratio"": 0.75, ""compression_window"": 60, ""ema_period"": 100, ""ema_slope_lookback"": 3, ""momentum_threshold"": 0.5, ""reward_risk"": 2.0, ""stop_atr_multiplier"": 2.0}",diagnostic_2021,base,2021-01-01T00:00:00+00:00,2022-01-01T00:00:00+00:00,22,volatility_breakout_intraday_v1,1.0.0,45.45454545454545,2.394170653780825,1.4335016459547882,0.7487317762508403,10.882593880822014,2.374390679473505,55.6265259316376,79.17034698524382,-46.0238670395295,10.882593880822014,0.2338099070027302,4.011363636363637,33.37595062711359,5.562658437852265,333.98220037468803,3.3398220037468804,94.56513499660343,0.1133916830551049,67.10373479512869,56,24,91.66666666666669,,not_modelled_synthetic,PASS
fc9de4a0fc0a744d,ETHUSDT,15m,SHORT_ONLY,"{""atr_expansion_factor"": 1.1, ""atr_period"": 14, ""atr_reference_window"": 20, ""breakout_lookback"": 20, ""compression_ratio"": 0.75, ""compression_window"": 60, ""ema_period"": 100, ""ema_slope_lookback"": 3, ""momentum_threshold"": 0.5, ""reward_risk"": 2.0, ""stop_atr_multiplier"": 2.0}",diagnostic_2021,adverse,2021-01-01T00:00:00+00:00,2022-01-01T00:00:00+00:00,22,volatility_breakout_intraday_v1,1.0.0,45.45454545454545,1.640389648732099,1.2771177600010972,0.5242904188670667,7.456316585145879,2.585487139661817,110.82207845528916,75.59857418410937,-49.32889808065704,7.456316585145879,0.2338245898297959,4.011363636363637,66.4933950965753,11.082232516095884,352.4366709411671,3.524366709411671,188.3977060679603,0.2242295541771314,67.92865752087043,56,24,91.66666666666669,,not_modelled_synthetic,PASS
fc9de4a0fc0a744d,ETHUSDT,15m,SHORT_ONLY,"{""atr_expansion_factor"": 1.1, ""atr_period"": 14, ""atr_reference_window"": 20, ""breakout_lookback"": 20, ""compression_ratio"": 0.75, ""compression_window"": 60, ""ema_period"": 100, ""ema_slope_lookback"": 3, ""momentum_threshold"": 0.5, ""reward_risk"": 2.0, ""stop_atr_multiplier"": 2.0}",diagnostic_2022,base,2022-01-01T00:00:00+00:00,2023-01-01T00:00:00+00:00,48,volatility_breakout_intraday_v1,1.0.0,27.08333333333333,-3.5626222517030293,0.6917731771921108,-1.1261854274032224,-7.422129691048141,4.273834183133955,117.88509430113268,61.50631567474567,-33.024123684057265,-7.422129691048141,0.4178027685432738,3.317708333333333,70.73104021563329,11.788506702605549,-155.85758395093538,-1.558575839509354,200.4046412193715,0.2349729105080081,59.17219644637725,44,55,87.27272727272727,,not_modelled_synthetic,PASS
fc9de4a0fc0a744d,ETHUSDT,15m,SHORT_ONLY,"{""atr_expansion_factor"": 1.1, ""atr_period"": 14, ""atr_reference_window"": 20, ""breakout_lookback"": 20, ""compression_ratio"": 0.75, ""compression_window"": 60, ""ema_period"": 100, ""ema_slope_lookback"": 3, ""momentum_threshold"": 0.5, ""reward_risk"": 2.0, ""stop_atr_multiplier"": 2.0}",diagnostic_2022,adverse,2022-01-01T00:00:00+00:00,2023-01-01T00:00:00+00:00,49,volatility_breakout_intraday_v1,1.0.0,26.53061224489796,-5.713788882651238,0.5668798554289165,-1.788564598438591,-11.660793638063955,6.183656967488418,237.70209499461023,57.52590745135441,-36.64488014257615,-11.660793638063955,0.3680307716273545,2.897959183673469,142.6211867368945,23.770197789482417,-167.28540874415208,-1.6728540874415208,404.0934795209872,0.4736931969008235,60.2500465187652,44,55,89.0909090909091,,not_modelled_synthetic,PASS
fc9de4a0fc0a744d,ETHUSDT,15m,SHORT_ONLY,"{""atr_expansion_factor"": 1.1, ""atr_period"": 14, ""atr_reference_window"": 20, ""breakout_lookback"": 20, ""compression_ratio"": 0.75, ""compression_window"": 60, ""ema_period"": 100, ""ema_slope_lookback"": 3, ""momentum_threshold"": 0.5, ""reward_risk"": 2.0, ""stop_atr_multiplier"": 2.0}",diagnostic_2023,base,2023-01-01T00:00:00+00:00,2024-01-01T00:00:00+00:00,42,volatility_breakout_intraday_v1,1.0.0,33.333333333333336,-0.8956271215738942,0.7984686220152127,-0.6937467721366699,-2.132445527556873,1.3517571219509508,104.52985465350574,25.346288884692207,-15.871812733681413,-2.132445527556873,0.3435171955731895,3.119047619047619,62.71792204659885,10.452987007766476,88.13805155048598,0.8813805155048597,177.70076370787106,0.4295570492012609,52.57148149803617,64,45,93.33333333333331,,not_modelled_synthetic,PASS
fc9de4a0fc0a744d,ETHUSDT,15m,SHORT_ONLY,"{""atr_expansion_factor"": 1.1, ""atr_period"": 14, ""atr_reference_window"": 20, ""breakout_lookback"": 20, ""compression_ratio"": 0.75, ""compression_window"": 60, ""ema_period"": 100, ""ema_slope_lookback"": 3, ""momentum_threshold"": 0.5, ""reward_risk"": 2.0, ""stop_atr_multiplier"": 2.0}",diagnostic_2023,adverse,2023-01-01T00:00:00+00:00,2024-01-01T00:00:00+00:00,42,volatility_breakout_intraday_v1,1.0.0,30.952380952380956,-2.590775111586041,0.5295205267042008,-1.807432591389912,-6.168512170443,2.796498736992053,207.03768311313488,22.42995921470008,-18.988516584472656,-6.168512170443,0.3456379387428984,3.136904761904762,124.2226488802511,20.703774813375187,92.88659564815056,0.9288659564815054,351.96410680676115,0.880648903863108,57.74269853444096,64,45,93.33333333333331,,not_modelled_synthetic,PASS
fc9de4a0fc0a744d,ETHUSDT,15m,SHORT_ONLY,"{""atr_expansion_factor"": 1.1, ""atr_period"": 14, ""atr_reference_window"": 20, ""breakout_lookback"": 20, ""compression_ratio"": 0.75, ""compression_window"": 60, ""ema_period"": 100, ""ema_slope_lookback"": 3, ""momentum_threshold"": 0.5, ""reward_risk"": 2.0, ""stop_atr_multiplier"": 2.0}",diagnostic_2024,base,2024-01-01T00:00:00+00:00,2025-01-01T00:00:00+00:00,43,volatility_breakout_intraday_v1,1.0.0,39.53488372093023,-1.2055884563180963,0.8233383969517774,-0.6050567793394369,-2.8036940844606075,2.5829163308843066,106.93790449176733,33.05113378217596,-26.247235381876823,-2.8036940844606075,0.3409545687094245,3.0406976744186047,64.16274912479832,10.693791520799724,61.23559950556323,0.6123559950556323,181.79444513736536,0.2871497788179706,42.20346595207408,55,48,89.58333333333333,,not_modelled_synthetic,PASS
fc9de4a0fc0a744d,ETHUSDT,15m,SHORT_ONLY,"{""atr_expansion_factor"": 1.1, ""atr_period"": 14, ""atr_reference_window"": 20, ""breakout_lookback"": 20, ""compression_ratio"": 0.75, ""compression_window"": 60, ""ema_period"": 100, ""ema_slope_lookback"": 3, ""momentum_threshold"": 0.5, ""reward_risk"": 2.0, ""stop_atr_multiplier"": 2.0}",diagnostic_2024,adverse,2024-01-01T00:00:00+00:00,2025-01-01T00:00:00+00:00,43,volatility_breakout_intraday_v1,1.0.0,39.53488372093023,-2.627913907281365,0.6563829953048795,-1.316835453460799,-6.111427691351778,3.219199113616461,212.30084519806664,29.528737934722805,-29.41461290840055,-6.111427691351778,0.3210600325265976,2.877906976744186,127.38054832927952,21.230091388213257,98.1200941874265,0.9812009418742652,360.9114849155594,0.5609004095151607,43.64774829170626,55,48,89.58333333333333,,not_modelled_synthetic,PASS
fc9de4a0fc0a744d,ETHUSDT,15m,SHORT_ONLY,"{""atr_expansion_factor"": 1.1, ""atr_period"": 14, ""atr_reference_window"": 20, ""breakout_lookback"": 20, ""compression_ratio"": 0.75, ""compression_window"": 60, ""ema_period"": 100, ""ema_slope_lookback"": 3, ""momentum_threshold"": 0.5, ""reward_risk"": 2.0, ""stop_atr_multiplier"": 2.0}",diagnostic_2025,base,2025-01-01T00:00:00+00:00,2026-01-01T00:00:00+00:00,47,volatility_breakout_intraday_v1,1.0.0,25.53191489361702,-2.638767095394245,0.7053431713139042,-1.0222736183392476,-5.614398075306825,3.3078004628218083,116.35535142272587,52.63853207711633,-25.586831270423332,-5.614398075306825,0.5715889112502731,4.526595744680851,69.8132039160104,11.635533986001734,-66.07262021467912,-0.6607262021467912,197.804089324738,0.2902683178359032,60.22171313758192,52,50,94.0,,not_modelled_synthetic,PASS
fc9de4a0fc0a744d,ETHUSDT,15m,SHORT_ONLY,"{""atr_expansion_factor"": 1.1, ""atr_period"": 14, ""atr_reference_window"": 20, ""breakout_lookback"": 20, ""compression_ratio"": 0.75, ""compression_window"": 60, ""ema_period"": 100, ""ema_slope_lookback"": 3, ""momentum_threshold"": 0.5, ""reward_risk"": 2.0, ""stop_atr_multiplier"": 2.0}",diagnostic_2025,adverse,2025-01-01T00:00:00+00:00,2026-01-01T00:00:00+00:00,47,volatility_breakout_intraday_v1,1.0.0,23.404255319148938,-5.129830777184708,0.5082098690924433,-1.994163833236508,-10.914533568477983,5.456464377812494,230.6527131166155,48.19185450154864,-28.974818812097237,-10.914533568477983,0.5311176074795181,4.223404255319149,138.3915771030889,23.065262850514824,-120.87352464825015,-1.2087352464825014,392.1095530702193,0.6316278261291113,66.86584808482695,52,50,94.0,,not_modelled_synthetic,PASS
fc9de4a0fc0a744d,ETHUSDT,15m,SHORT_ONLY,"{""atr_expansion_factor"": 1.1, ""atr_period"": 14, ""atr_reference_window"": 20, ""breakout_lookback"": 20, ""compression_ratio"": 0.75, ""compression_window"": 60, ""ema_period"": 100, ""ema_slope_lookback"": 3, ""momentum_threshold"": 0.5, ""reward_risk"": 2.0, ""stop_atr_multiplier"": 2.0}",diagnostic_2026,base,2026-01-01T00:00:00+00:00,2026-09-26T00:00:00+00:00,42,volatility_breakout_intraday_v1,1.0.0,23.80952380952381,-3.055276603551771,0.5741535270130929,-1.7657731837845427,-7.274468103694558,3.4536084613544302,102.66634991431812,41.19319870435403,-22.420613981209744,-7.274468103694558,0.7321020042820389,4.738095238095238,61.59979619412831,10.266632699021386,-130.99488154770145,-1.3099488154770145,174.53277880746782,0.3854251407631474,61.96453484508405,38,48,87.5,,not_modelled_synthetic,PASS
fc9de4a0fc0a744d,ETHUSDT,15m,SHORT_ONLY,"{""atr_expansion_factor"": 1.1, ""atr_period"": 14, ""atr_reference_window"": 20, ""breakout_lookback"": 20, ""compression_ratio"": 0.75, ""compression_window"": 60, ""ema_period"": 100, ""ema_slope_lookback"": 3, ""momentum_threshold"": 0.5, ""reward_risk"": 2.0, ""stop_atr_multiplier"": 2.0}",diagnostic_2026,adverse,2026-01-01T00:00:00+00:00,2026-09-26T00:00:00+00:00,42,volatility_breakout_intraday_v1,1.0.0,19.047619047619047,-5.454845609437475,0.3686324085206278,-3.117251860391249,-12.987727641517832,5.82422901181948,203.2444866619853,39.81105663032775,-25.410970999599144,-12.987727641517832,0.685163549671893,4.4523809523809526,121.94660801019792,20.32443466836632,-199.9690316032044,-1.999690316032044,345.5155293405496,0.901993937458929,74.32217527875534,38,48,87.5,,not_modelled_synthetic,PASS
65d4020d3c04873a,ETHUSDT,15m,LONG_SHORT,"{""atr_expansion_factor"": 1.1, ""atr_period"": 14, ""atr_reference_window"": 20, ""breakout_lookback"": 20, ""compression_ratio"": 0.75, ""compression_window"": 60, ""ema_period"": 100, ""ema_slope_lookback"": 3, ""momentum_threshold"": 0.5, ""reward_risk"": 2.0, ""stop_atr_multiplier"": 2.0}",train,base,2020-02-01T00:00:00+00:00,2023-01-01T00:00:00+00:00,211,volatility_breakout_intraday_v1,1.0.0,33.649289099526065,-8.74741862140982,0.8172511022133052,-0.7374346889566521,-4.145696029104227,10.8741274949064,498.33796378276935,55.09628428467539,-34.189843188235315,-4.145696029104227,0.7793652403490782,4.029620853080568,299.00277537509226,49.83379589584871,-27.567327087268147,-0.2756732708726814,847.1745350537103,0.2018947126800243,15.001387964915752,135,100,89.7872340425532,,not_modelled_synthetic,PASS
65d4020d3c04873a,ETHUSDT,15m,LONG_SHORT,"{""atr_expansion_factor"": 1.1, ""atr_period"": 14, ""atr_reference_window"": 20, ""breakout_lookback"": 20, ""compression_ratio"": 0.75, ""compression_window"": 60, ""ema_period"": 100, ""ema_slope_lookback"": 3, ""momentum_threshold"": 0.5, ""reward_risk"": 2.0, ""stop_atr_multiplier"": 2.0}",train,adverse,2020-02-01T00:00:00+00:00,2023-01-01T00:00:00+00:00,211,volatility_breakout_intraday_v1,1.0.0,32.22748815165877,-16.755397790710703,0.6722377836729221,-1.4878178592730311,-7.940946820242,17.74962574162451,952.3915513053628,50.53704697339536,-35.74866414868494,-7.940946820242,0.7281578628303375,3.7831753554502368,571.4349070640666,95.23915117734444,-56.474169524308806,-0.564741695243088,1619.065609546774,0.4092583884539432,16.0153562032402,135,100,89.7872340425532,,not_modelled_synthetic,PASS
65d4020d3c04873a,ETHUSDT,15m,LONG_SHORT,"{""atr_expansion_factor"": 1.1, ""atr_period"": 14, ""atr_reference_window"": 20, ""breakout_lookback"": 20, ""compression_ratio"": 0.75, ""compression_window"": 60, ""ema_period"": 100, ""ema_slope_lookback"": 3, ""momentum_threshold"": 0.5, ""reward_risk"": 2.0, ""stop_atr_multiplier"": 2.0}",validation,base,2023-01-01T00:00:00+00:00,2025-01-01T00:00:00+00:00,193,volatility_breakout_intraday_v1,1.0.0,33.16062176165803,-6.090223995926314,0.7694989179446369,-1.1297131254941035,-3.155556474573161,8.473323719849574,469.4125061329308,31.76788757560516,-20.481916313421323,-3.155556474573161,0.7578145252697661,3.006476683937824,281.6475235225413,46.94125392042355,188.9788839832904,1.889788839832904,798.0012835758957,0.3472868624785359,15.50156043236224,119,93,91.0377358490566,,not_modelled_synthetic,PASS
65d4020d3c04873a,ETHUSDT,15m,LONG_SHORT,"{""atr_expansion_factor"": 1.1, ""atr_period"": 14, ""atr_reference_window"": 20, ""breakout_lookback"": 20, ""compression_ratio"": 0.75, ""compression_window"": 60, ""ema_period"": 100, ""ema_slope_lookback"": 3, ""momentum_threshold"": 0.5, ""reward_risk"": 2.0, ""stop_atr_multiplier"": 2.0}",validation,adverse,2023-01-01T00:00:00+00:00,2025-01-01T00:00:00+00:00,193,volatility_breakout_intraday_v1,1.0.0,32.12435233160622,-12.51354381685169,0.579986891696414,-2.351790796459077,-6.483701459508647,13.717482375775669,904.4797200002496,27.870448829393265,-22.7429176267752,-6.483701459508647,0.7120055290499803,2.8406735751295336,542.6879522298885,90.44799203831477,286.26128258326247,2.862612825832625,1537.615664268453,0.6921813519530089,16.673184086727264,119,93,91.0377358490566,,not_modelled_synthetic,PASS
65d4020d3c04873a,ETHUSDT,15m,LONG_SHORT,"{""atr_expansion_factor"": 1.1, ""atr_period"": 14, ""atr_reference_window"": 20, ""breakout_lookback"": 20, ""compression_ratio"": 0.75, ""compression_window"": 60, ""ema_period"": 100, ""ema_slope_lookback"": 3, ""momentum_threshold"": 0.5, ""reward_risk"": 2.0, ""stop_atr_multiplier"": 2.0}",test,base,2025-01-01T00:00:00+00:00,2026-09-26T00:00:00+00:00,173,volatility_breakout_intraday_v1,1.0.0,29.479768786127167,-8.832461535912795,0.6929774412730656,-1.6326707179992532,-5.105469095903346,10.1320084221698,412.0002465476449,39.08952463590958,-23.580425491989075,-5.105469095903346,1.0852058322343392,4.065028901734104,247.2001287297824,41.20002145496374,-182.84575685887555,-1.8284575685887556,700.400396732391,0.3184420611334978,20.114633106578683,90,98,92.02127659574468,,not_modelled_synthetic,PASS
65d4020d3c04873a,ETHUSDT,15m,LONG_SHORT,"{""atr_expansion_factor"": 1.1, ""atr_period"": 14, ""atr_reference_window"": 20, ""breakout_lookback"": 20, ""compression_ratio"": 0.75, ""compression_window"": 60, ""ema_period"": 100, ""ema_slope_lookback"": 3, ""momentum_threshold"": 0.5, ""reward_risk"": 2.0, ""stop_atr_multiplier"": 2.0}",test,adverse,2025-01-01T00:00:00+00:00,2026-09-26T00:00:00+00:00,173,volatility_breakout_intraday_v1,1.0.0,27.167630057803468,-15.95836156662137,0.5094727073155492,-3.030021584508552,-9.22448645469436,16.80272755940781,794.7488299050927,35.26534931018315,-25.81990138286296,-9.22448645469436,1.0405903655065984,3.908959537572254,476.84919514248406,79.47486585708067,-244.7632657574827,-2.4476326575748275,1351.0728909046577,0.6673524434070646,22.90625192260845,90,98,92.02127659574468,,not_modelled_synthetic,PASS
65d4020d3c04873a,ETHUSDT,15m,LONG_SHORT,"{""atr_expansion_factor"": 1.1, ""atr_period"": 14, ""atr_reference_window"": 20, ""breakout_lookback"": 20, ""compression_ratio"": 0.75, ""compression_window"": 60, ""ema_period"": 100, ""ema_slope_lookback"": 3, ""momentum_threshold"": 0.5, ""reward_risk"": 2.0, ""stop_atr_multiplier"": 2.0}",diagnostic_2020,base,2020-02-01T00:00:00+00:00,2021-01-01T00:00:00+00:00,51,volatility_breakout_intraday_v1,1.0.0,23.529411764705884,-7.397078970060045,0.4163940999092353,-3.069756131367374,-14.504076411882494,8.568853630858044,123.55710330604556,43.98087875192072,-32.49944723151425,-14.504076411882494,0.4026620235568374,2.7892156862745097,74.13420636923426,12.355701061539044,-529.6608862691842,-5.2966088626918415,210.04701073681883,0.3637129038490801,62.07255343669352,35,21,91.07142857142856,,not_modelled_synthetic,PASS
65d4020d3c04873a,ETHUSDT,15m,LONG_SHORT,"{""atr_expansion_factor"": 1.1, ""atr_period"": 14, ""atr_reference_window"": 20, ""breakout_lookback"": 20, ""compression_ratio"": 0.75, ""compression_window"": 60, ""ema_period"": 100, ""ema_slope_lookback"": 3, ""momentum_threshold"": 0.5, ""reward_risk"": 2.0, ""stop_atr_multiplier"": 2.0}",diagnostic_2020,adverse,2020-02-01T00:00:00+00:00,2021-01-01T00:00:00+00:00,50,volatility_breakout_intraday_v1,1.0.0,22.0,-9.20499511922187,0.3314177238603737,-3.729921825563272,-18.409990238443687,10.18435772964954,239.8819794031731,41.48124171823553,-35.30238899545577,-18.409990238443687,0.3994987711306619,2.82,143.9289723077366,23.98816205128944,-512.7003981599917,-5.127003981599917,407.7991137621992,0.7458235539719222,67.74808403764608,35,21,89.28571428571429,,not_modelled_synthetic,PASS
65d4020d3c04873a,ETHUSDT,15m,LONG_SHORT,"{""atr_expansion_factor"": 1.1, ""atr_period"": 14, ""atr_reference_window"": 20, ""breakout_lookback"": 20, ""compression_ratio"": 0.75, ""compression_window"": 60, ""ema_period"": 100, ""ema_slope_lookback"": 3, ""momentum_threshold"": 0.5, ""reward_risk"": 2.0, ""stop_atr_multiplier"": 2.0}",diagnostic_2021,base,2021-01-01T00:00:00+00:00,2022-01-01T00:00:00+00:00,71,volatility_breakout_intraday_v1,1.0.0,42.25352112676056,3.14096717007899,1.1762149133629225,0.6280513062170441,4.423897422646442,4.040035083002894,180.3434940767496,69.88535301060355,-43.474728617322185,4.423897422646442,0.9508474800395968,4.943661971830986,108.20616161752672,18.034360269587783,620.680732971764,6.206807329717639,306.58401596386415,0.1377196324527423,29.566618545745875,56,24,88.75,,not_modelled_synthetic,PASS
65d4020d3c04873a,ETHUSDT,15m,LONG_SHORT,"{""atr_expansion_factor"": 1.1, ""atr_period"": 14, ""atr_reference_window"": 20, ""breakout_lookback"": 20, ""compression_ratio"": 0.75, ""compression_window"": 60, ""ema_period"": 100, ""ema_slope_lookback"": 3, ""momentum_threshold"": 0.5, ""reward_risk"": 2.0, ""stop_atr_multiplier"": 2.0}",diagnostic_2021,adverse,2021-01-01T00:00:00+00:00,2022-01-01T00:00:00+00:00,71,volatility_breakout_intraday_v1,1.0.0,40.84507042253521,0.1197689634787391,1.0062404371157372,0.0488671111354185,0.1686886809560871,4.611469874812931,354.62440066051045,66.59368507459305,-45.69618978131706,0.1686886809560871,0.9488411938600444,4.936619718309859,212.7748986285513,35.46248310475856,614.8386787416949,6.14838678741695,602.8617823938204,0.27682367261054,30.886346629899982,56,24,88.75,,not_modelled_synthetic,PASS
65d4020d3c04873a,ETHUSDT,15m,LONG_SHORT,"{""atr_expansion_factor"": 1.1, ""atr_period"": 14, ""atr_reference_window"": 20, ""breakout_lookback"": 20, ""compression_ratio"": 0.75, ""compression_window"": 60, ""ema_period"": 100, ""ema_slope_lookback"": 3, ""momentum_threshold"": 0.5, ""reward_risk"": 2.0, ""stop_atr_multiplier"": 2.0}",diagnostic_2022,base,2022-01-01T00:00:00+00:00,2023-01-01T00:00:00+00:00,89,volatility_breakout_intraday_v1,1.0.0,32.58426966292135,-4.459113119753,0.7720631547854183,-1.0937922638193311,-5.010239460396467,4.704963007100806,217.54177150681676,52.0821358326392,-32.60488751869704,-5.010239460396467,0.9536243447193624,4.01123595505618,130.5250549146075,21.75417581910125,-76.09030973475313,-0.7609030973475314,369.8210022405255,0.2268406135790074,31.17452847727857,44,55,89.8989898989899,,not_modelled_synthetic,PASS
65d4020d3c04873a,ETHUSDT,15m,LONG_SHORT,"{""atr_expansion_factor"": 1.1, ""atr_period"": 14, ""atr_reference_window"": 20, ""breakout_lookback"": 20, ""compression_ratio"": 0.75, ""compression_window"": 60, ""ema_period"": 100, ""ema_slope_lookback"": 3, ""momentum_threshold"": 0.5, ""reward_risk"": 2.0, ""stop_atr_multiplier"": 2.0}",diagnostic_2022,adverse,2022-01-01T00:00:00+00:00,2023-01-01T00:00:00+00:00,90,volatility_breakout_intraday_v1,1.0.0,31.11111111111111,-8.425554580315753,0.6156383059427712,-2.106925820972204,-9.361727311461973,8.532654641189547,429.6064881686276,48.19766519636615,-35.35629166983596,-9.361727311461973,0.8091207967437215,3.408333333333333,257.7638457668936,42.96064096114894,-112.22448313491536,-1.1222448313491538,730.3309748966701,0.4636154011870042,32.80015672420142,44,55,90.9090909090909,,not_modelled_synthetic,PASS
65d4020d3c04873a,ETHUSDT,15m,LONG_SHORT,"{""atr_expansion_factor"": 1.1, ""atr_period"": 14, ""atr_reference_window"": 20, ""breakout_lookback"": 20, ""compression_ratio"": 0.75, ""compression_window"": 60, ""ema_period"": 100, ""ema_slope_lookback"": 3, ""momentum_threshold"": 0.5, ""reward_risk"": 2.0, ""stop_atr_multiplier"": 2.0}",diagnostic_2023,base,2023-01-01T00:00:00+00:00,2024-01-01T00:00:00+00:00,99,volatility_breakout_intraday_v1,1.0.0,36.36363636363637,-1.3405452903367032,0.8826701020678972,-0.5354996456734347,-1.354086151855173,2.823863453837455,245.34200258387372,28.013586503207893,-18.135613383319782,-1.354086151855173,0.7752725643348926,2.994949494949495,147.2052312681498,24.534205211358294,283.0269100297264,2.8302691002972638,417.0814390633818,0.3595227307279468,28.300821056124093,64,45,90.8256880733945,,not_modelled_synthetic,PASS
65d4020d3c04873a,ETHUSDT,15m,LONG_SHORT,"{""atr_expansion_factor"": 1.1, ""atr_period"": 14, ""atr_reference_window"": 20, ""breakout_lookback"": 20, ""compression_ratio"": 0.75, ""compression_window"": 60, ""ema_period"": 100, ""ema_slope_lookback"": 3, ""momentum_threshold"": 0.5, ""reward_risk"": 2.0, ""stop_atr_multiplier"": 2.0}",diagnostic_2023,adverse,2023-01-01T00:00:00+00:00,2024-01-01T00:00:00+00:00,99,volatility_breakout_intraday_v1,1.0.0,34.343434343434346,-5.132025696667242,0.6222512469587986,-2.0434064733775616,-5.183864340067841,5.3827184234811,480.3944594437115,24.86409413871658,-20.90125800589354,-5.183864340067841,0.765787400282665,2.962121212121212,288.23680312285416,48.03946718714237,303.4681600869812,3.034681600869811,816.6707297537081,0.7259242062713227,31.380237955687488,64,45,90.8256880733945,,not_modelled_synthetic,PASS
65d4020d3c04873a,ETHUSDT,15m,LONG_SHORT,"{""atr_expansion_factor"": 1.1, ""atr_period"": 14, ""atr_reference_window"": 20, ""breakout_lookback"": 20, ""compression_ratio"": 0.75, ""compression_window"": 60, ""ema_period"": 100, ""ema_slope_lookback"": 3, ""momentum_threshold"": 0.5, ""reward_risk"": 2.0, ""stop_atr_multiplier"": 2.0}",diagnostic_2024,base,2024-01-01T00:00:00+00:00,2025-01-01T00:00:00+00:00,94,volatility_breakout_intraday_v1,1.0.0,29.78723404255319,-4.814214053209232,0.6832753506182542,-1.626317849984101,-5.12150431192486,6.634271050151942,227.1150891704614,37.09208570530328,-23.030300076809525,-5.12150431192486,0.7404041306532236,3.018617021276596,136.26904349307145,22.711507248845244,-95.32576540855057,-0.9532576540855056,386.0956399123781,0.3348102892458031,27.299061729713078,55,48,91.2621359223301,,not_modelled_synthetic,PASS
65d4020d3c04873a,ETHUSDT,15m,LONG_SHORT,"{""atr_expansion_factor"": 1.1, ""atr_period"": 14, ""atr_reference_window"": 20, ""breakout_lookback"": 20, ""compression_ratio"": 0.75, ""compression_window"": 60, ""ema_period"": 100, ""ema_slope_lookback"": 3, ""momentum_threshold"": 0.5, ""reward_risk"": 2.0, ""stop_atr_multiplier"": 2.0}",diagnostic_2024,adverse,2024-01-01T00:00:00+00:00,2025-01-01T00:00:00+00:00,94,volatility_breakout_intraday_v1,1.0.0,29.78723404255319,-7.78083112304312,0.5445589176700238,-2.624677073173505,-8.277479918130984,9.021711443773176,447.0267454813363,33.2261965325464,-25.88510023053957,-8.277479918130984,0.6583705340597527,2.7127659574468086,268.2160396709872,44.70267327849786,-18.13765387350265,-0.1813765387350265,759.9454584308213,0.657557962666983,28.056032563019222,55,48,91.2621359223301,,not_modelled_synthetic,PASS
65d4020d3c04873a,ETHUSDT,15m,LONG_SHORT,"{""atr_expansion_factor"": 1.1, ""atr_period"": 14, ""atr_reference_window"": 20, ""breakout_lookback"": 20, ""compression_ratio"": 0.75, ""compression_window"": 60, ""ema_period"": 100, ""ema_slope_lookback"": 3, ""momentum_threshold"": 0.5, ""reward_risk"": 2.0, ""stop_atr_multiplier"": 2.0}",diagnostic_2025,base,2025-01-01T00:00:00+00:00,2026-01-01T00:00:00+00:00,97,volatility_breakout_intraday_v1,1.0.0,29.89690721649485,-5.3016767522890085,0.7034094646897737,-1.5873787699847568,-5.465646136380403,5.814838838363532,236.76833713169327,43.35769308192819,-26.28736433242377,-5.465646136380403,1.0888727442426265,4.188144329896907,142.0609888745566,23.676831479092765,-127.66151774355052,-1.2766151774355052,402.5061574853426,0.2922255980434167,31.89176210653741,52,50,95.09803921568628,,not_modelled_synthetic,PASS
65d4020d3c04873a,ETHUSDT,15m,LONG_SHORT,"{""atr_expansion_factor"": 1.1, ""atr_period"": 14, ""atr_reference_window"": 20, ""breakout_lookback"": 20, ""compression_ratio"": 0.75, ""compression_window"": 60, ""ema_period"": 100, ""ema_slope_lookback"": 3, ""momentum_threshold"": 0.5, ""reward_risk"": 2.0, ""stop_atr_multiplier"": 2.0}",diagnostic_2025,adverse,2025-01-01T00:00:00+00:00,2026-01-01T00:00:00+00:00,97,volatility_breakout_intraday_v1,1.0.0,28.8659793814433,-9.265196154868228,0.5401647013546097,-2.80329911242198,-9.551748613266088,9.463630846351572,465.26105376721983,38.87053169385897,-29.201369607461764,-9.551748613266088,1.0468101451068503,4.036082474226804,279.1565753184579,46.52609588640965,-135.57589051473286,-1.3557589051473284,790.9437249720874,0.6008519878324253,34.883621704371954,52,50,95.09803921568628,,not_modelled_synthetic,PASS
65d4020d3c04873a,ETHUSDT,15m,LONG_SHORT,"{""atr_expansion_factor"": 1.1, ""atr_period"": 14, ""atr_reference_window"": 20, ""breakout_lookback"": 20, ""compression_ratio"": 0.75, ""compression_window"": 60, ""ema_period"": 100, ""ema_slope_lookback"": 3, ""momentum_threshold"": 0.5, ""reward_risk"": 2.0, ""stop_atr_multiplier"": 2.0}",diagnostic_2026,base,2026-01-01T00:00:00+00:00,2026-09-26T00:00:00+00:00,76,volatility_breakout_intraday_v1,1.0.0,28.94736842105263,-3.728456797475777,0.6758579450826901,-1.7065332958271702,-4.905864207204841,5.17858495648766,185.0422579699864,35.336739657588204,-21.30099911508349,-4.905864207204841,1.0802118289089548,3.907894736842105,111.02534866323776,18.504224777206296,-58.27384833713074,-0.5827384833713075,314.57183141043043,0.3623674701269032,33.42164254120328,38,48,88.37209302325581,,not_modelled_synthetic,PASS
65d4020d3c04873a,ETHUSDT,15m,LONG_SHORT,"{""atr_expansion_factor"": 1.1, ""atr_period"": 14, ""atr_reference_window"": 20, ""breakout_lookback"": 20, ""compression_ratio"": 0.75, ""compression_window"": 60, ""ema_period"": 100, ""ema_slope_lookback"": 3, ""momentum_threshold"": 0.5, ""reward_risk"": 2.0, ""stop_atr_multiplier"": 2.0}",diagnostic_2026,adverse,2026-01-01T00:00:00+00:00,2026-09-26T00:00:00+00:00,76,volatility_breakout_intraday_v1,1.0.0,25.0,-7.376623592729481,0.4595369624673485,-3.383159170263381,-9.706083674644091,8.636126346982834,363.13275452380014,33.01098428238324,-23.945106326986537,-9.706083674644091,1.0321194755362473,3.746710526315789,217.87960217285115,36.313267028808525,-120.33673554749775,-1.2033673554749778,617.3256237254598,0.7909680621037685,38.37631229679805,38,48,88.37209302325581,,not_modelled_synthetic,PASS
