close,high,instrument_id,low,open,timeframe,timestamp,volume
2633.34,2641.39,ETH-USD_UM_XPERP-310328,2632.03,2635.45,15m,2026-09-20 20:45:00+00:00,40197.787
2618.4,2634.72,ETH-USD_UM_XPERP-310328,2608.17,2633.42,15m,2026-09-20 21:00:00+00:00,127161.432
2621.99,2625.39,ETH-USD_UM_XPERP-310328,2618.28,2618.58,15m,2026-09-20 21:15:00+00:00,38286.597
2620.24,2627.26,ETH-USD_UM_XPERP-310328,2620.24,2622.08,15m,2026-09-20 21:30:00+00:00,51412.547
2629.29,2629.29,ETH-USD_UM_XPERP-310328,2619.78,2619.78,15m,2026-09-20 21:45:00+00:00,53469.825
2644.04,2644.98,ETH-USD_UM_XPERP-310328,2625.39,2631.65,15m,2026-09-20 22:00:00+00:00,164727.216
2638.95,2644.28,ETH-USD_UM_XPERP-310328,2634.13,2644.28,15m,2026-09-20 22:15:00+00:00,66422.952
2635.03,2644.0,ETH-USD_UM_XPERP-310328,2635.03,2639.82,15m,2026-09-20 22:30:00+00:00,57859.141
2637.43,2641.7,ETH-USD_UM_XPERP-310328,2634.99,2634.99,15m,2026-09-20 22:45:00+00:00,38394.521
2635.75,2636.66,ETH-USD_UM_XPERP-310328,2631.24,2636.66,15m,2026-09-20 23:00:00+00:00,33263.536
2636.4,2645.88,ETH-USD_UM_XPERP-310328,2632.22,2633.01,15m,2026-09-20 23:15:00+00:00,83386.571
2642.12,2642.12,ETH-USD_UM_XPERP-310328,2636.08,2636.16,15m,2026-09-20 23:30:00+00:00,70926.705
2643.98,2645.24,ETH-USD_UM_XPERP-310328,2637.31,2641.98,15m,2026-09-20 23:45:00+00:00,95466.519
2677.02,2681.67,ETH-USD_UM_XPERP-310328,2643.82,2643.82,15m,2026-09-21 00:00:00+00:00,147740.877
2685.36,2694.34,ETH-USD_UM_XPERP-310328,2672.79,2676.31,15m,2026-09-21 00:15:00+00:00,179062.064
2684.17,2692.73,ETH-USD_UM_XPERP-310328,2681.77,2690.96,15m,2026-09-21 00:30:00+00:00,205562.875
2689.5,2704.98,ETH-USD_UM_XPERP-310328,2686.52,2687.46,15m,2026-09-21 00:45:00+00:00,181208.624
2686.98,2690.03,ETH-USD_UM_XPERP-310328,2679.9,2689.01,15m,2026-09-21 01:00:00+00:00,102988.101
2675.88,2699.56,ETH-USD_UM_XPERP-310328,2665.07,2686.22,15m,2026-09-21 01:15:00+00:00,169120.716
2681.56,2682.64,ETH-USD_UM_XPERP-310328,2671.6,2676.76,15m,2026-09-21 01:30:00+00:00,181900.563
2650.33,2683.93,ETH-USD_UM_XPERP-310328,2647.54,2681.98,15m,2026-09-21 01:45:00+00:00,258996.888
2657.23,2659.05,ETH-USD_UM_XPERP-310328,2645.23,2648.54,15m,2026-09-21 02:00:00+00:00,111250.963
2664.21,2707.62,ETH-USD_UM_XPERP-310328,2657.73,2658.74,15m,2026-09-21 02:15:00+00:00,91849.49
2658.25,2663.15,ETH-USD_UM_XPERP-310328,2652.38,2663.15,15m,2026-09-21 02:30:00+00:00,39957.627
2659.65,2663.65,ETH-USD_UM_XPERP-310328,2655.22,2659.14,15m,2026-09-21 02:45:00+00:00,64353.959
2659.51,2667.45,ETH-USD_UM_XPERP-310328,2657.01,2661.05,15m,2026-09-21 03:00:00+00:00,66236.608
2664.09,2672.11,ETH-USD_UM_XPERP-310328,2662.43,2662.43,15m,2026-09-21 03:15:00+00:00,53074.229
2664.03,2671.98,ETH-USD_UM_XPERP-310328,2663.15,2667.37,15m,2026-09-21 03:30:00+00:00,94095.252
2664.09,2666.61,ETH-USD_UM_XPERP-310328,2661.72,2666.28,15m,2026-09-21 03:45:00+00:00,41322.448
2658.69,2667.19,ETH-USD_UM_XPERP-310328,2657.4,2664.35,15m,2026-09-21 04:00:00+00:00,41437.118
2655.75,2659.92,ETH-USD_UM_XPERP-310328,2654.96,2659.28,15m,2026-09-21 04:15:00+00:00,24847.878
2663.15,2663.15,ETH-USD_UM_XPERP-310328,2652.35,2653.85,15m,2026-09-21 04:30:00+00:00,49880.128
2662.24,2668.4,ETH-USD_UM_XPERP-310328,2661.84,2664.01,15m,2026-09-21 04:45:00+00:00,28758.588
2658.62,2662.93,ETH-USD_UM_XPERP-310328,2657.53,2662.72,15m,2026-09-21 05:00:00+00:00,43263.929
2669.49,2671.75,ETH-USD_UM_XPERP-310328,2659.95,2659.95,15m,2026-09-21 05:15:00+00:00,40812.951
2666.71,2674.38,ETH-USD_UM_XPERP-310328,2665.29,2668.04,15m,2026-09-21 05:30:00+00:00,59989.012
2664.32,2669.07,ETH-USD_UM_XPERP-310328,2663.15,2668.55,15m,2026-09-21 05:45:00+00:00,26291.485
2664.99,2668.32,ETH-USD_UM_XPERP-310328,2659.7,2663.69,15m,2026-09-21 06:00:00+00:00,72176.169
2670.69,2677.2,ETH-USD_UM_XPERP-310328,2666.14,2666.14,15m,2026-09-21 06:15:00+00:00,88936.81
2653.66,2671.55,ETH-USD_UM_XPERP-310328,2653.66,2671.31,15m,2026-09-21 06:30:00+00:00,56283.473
2661.65,2665.75,ETH-USD_UM_XPERP-310328,2659.62,2659.7,15m,2026-09-21 06:45:00+00:00,74037.004
2658.02,2664.36,ETH-USD_UM_XPERP-310328,2654.89,2661.14,15m,2026-09-21 07:00:00+00:00,65626.86
2656.79,2659.74,ETH-USD_UM_XPERP-310328,2656.71,2658.78,15m,2026-09-21 07:15:00+00:00,72038.404
2648.57,2656.25,ETH-USD_UM_XPERP-310328,2646.37,2656.25,15m,2026-09-21 07:30:00+00:00,128608.042
2660.16,2660.16,ETH-USD_UM_XPERP-310328,2645.6,2647.97,15m,2026-09-21 07:45:00+00:00,100830.604
2665.51,2669.07,ETH-USD_UM_XPERP-310328,2660.28,2660.28,15m,2026-09-21 08:00:00+00:00,133733.554
2680.13,2681.1,ETH-USD_UM_XPERP-310328,2666.11,2666.11,15m,2026-09-21 08:15:00+00:00,138658.219
2701.46,2707.78,ETH-USD_UM_XPERP-310328,2679.5,2681.72,15m,2026-09-21 08:30:00+00:00,211049.91
2696.33,2706.65,ETH-USD_UM_XPERP-310328,2692.8,2697.95,15m,2026-09-21 08:45:00+00:00,181084.053
2695.01,2702.64,ETH-USD_UM_XPERP-310328,2691.9,2694.45,15m,2026-09-21 09:00:00+00:00,83947.451
2717.03,2717.43,ETH-USD_UM_XPERP-310328,2695.41,2695.41,15m,2026-09-21 09:15:00+00:00,153075.562
2742.67,2745.76,ETH-USD_UM_XPERP-310328,2715.04,2716.8,15m,2026-09-21 09:30:00+00:00,225042.319
2720.38,2739.89,ETH-USD_UM_XPERP-310328,2716.39,2739.24,15m,2026-09-21 09:45:00+00:00,155210.551
2718.66,2724.84,ETH-USD_UM_XPERP-310328,2713.28,2720.02,15m,2026-09-21 10:00:00+00:00,128736.421
2710.93,2721.71,ETH-USD_UM_XPERP-310328,2710.9,2720.4,15m,2026-09-21 10:15:00+00:00,105744.337
2713.64,2715.71,ETH-USD_UM_XPERP-310328,2707.45,2711.39,15m,2026-09-21 10:30:00+00:00,59698.857
2714.48,2716.38,ETH-USD_UM_XPERP-310328,2709.44,2714.21,15m,2026-09-21 10:45:00+00:00,40482.266
2719.84,2720.85,ETH-USD_UM_XPERP-310328,2712.41,2713.75,15m,2026-09-21 11:00:00+00:00,32133.222
2722.41,2722.71,ETH-USD_UM_XPERP-310328,2714.6,2717.94,15m,2026-09-21 11:15:00+00:00,38944.768
2726.85,2727.84,ETH-USD_UM_XPERP-310328,2718.07,2720.12,15m,2026-09-21 11:30:00+00:00,120294.63
2721.53,2725.49,ETH-USD_UM_XPERP-310328,2720.67,2723.25,15m,2026-09-21 11:45:00+00:00,58169.836
2719.05,2728.45,ETH-USD_UM_XPERP-310328,2718.46,2721.84,15m,2026-09-21 12:00:00+00:00,106658.672
2720.21,2730.84,ETH-USD_UM_XPERP-310328,2717.49,2719.56,15m,2026-09-21 12:15:00+00:00,138394.412
2727.02,2729.55,ETH-USD_UM_XPERP-310328,2720.03,2720.79,15m,2026-09-21 12:30:00+00:00,108205.283
2737.35,2737.92,ETH-USD_UM_XPERP-310328,2723.09,2726.58,15m,2026-09-21 12:45:00+00:00,91825.464
2730.37,2742.24,ETH-USD_UM_XPERP-310328,2728.76,2733.98,15m,2026-09-21 13:00:00+00:00,137749.541
2732.4,2737.78,ETH-USD_UM_XPERP-310328,2727.58,2730.05,15m,2026-09-21 13:15:00+00:00,149374.044
2721.37,2737.73,ETH-USD_UM_XPERP-310328,2718.19,2733.3,15m,2026-09-21 13:30:00+00:00,171263.201
2730.28,2742.4,ETH-USD_UM_XPERP-310328,2720.88,2721.4,15m,2026-09-21 13:45:00+00:00,241984.242
2719.66,2734.97,ETH-USD_UM_XPERP-310328,2710.8,2730.4,15m,2026-09-21 14:00:00+00:00,250061.092
2732.75,2738.49,ETH-USD_UM_XPERP-310328,2717.89,2719.75,15m,2026-09-21 14:15:00+00:00,167714.021
2732.96,2744.03,ETH-USD_UM_XPERP-310328,2726.67,2731.9,15m,2026-09-21 14:30:00+00:00,162781.461
2734.95,2754.65,ETH-USD_UM_XPERP-310328,2732.15,2734.17,15m,2026-09-21 14:45:00+00:00,185522.446
2748.26,2751.0,ETH-USD_UM_XPERP-310328,2735.61,2735.61,15m,2026-09-21 15:00:00+00:00,193654.73
2730.98,2751.0,ETH-USD_UM_XPERP-310328,2728.94,2745.21,15m,2026-09-21 15:15:00+00:00,171365.427
2743.15,2743.23,ETH-USD_UM_XPERP-310328,2728.1,2732.0,15m,2026-09-21 15:30:00+00:00,148154.488
2755.32,2761.98,ETH-USD_UM_XPERP-310328,2743.51,2743.51,15m,2026-09-21 15:45:00+00:00,170730.247
2747.44,2758.16,ETH-USD_UM_XPERP-310328,2741.93,2753.64,15m,2026-09-21 16:00:00+00:00,188337.607
2760.1,2765.33,ETH-USD_UM_XPERP-310328,2751.0,2751.0,15m,2026-09-21 16:15:00+00:00,131599.594
2758.96,2767.92,ETH-USD_UM_XPERP-310328,2747.82,2764.03,15m,2026-09-21 16:30:00+00:00,158722.589
2753.74,2764.21,ETH-USD_UM_XPERP-310328,2753.01,2758.95,15m,2026-09-21 16:45:00+00:00,98971.875
2748.82,2755.99,ETH-USD_UM_XPERP-310328,2748.26,2753.22,15m,2026-09-21 17:00:00+00:00,111477.994
2749.73,2751.0,ETH-USD_UM_XPERP-310328,2742.8,2749.61,15m,2026-09-21 17:15:00+00:00,117920.696
2743.91,2750.32,ETH-USD_UM_XPERP-310328,2743.47,2749.03,15m,2026-09-21 17:30:00+00:00,105196.133
2741.83,2765.33,ETH-USD_UM_XPERP-310328,2734.37,2742.91,15m,2026-09-21 17:45:00+00:00,122217.491
2750.13,2750.13,ETH-USD_UM_XPERP-310328,2738.18,2741.82,15m,2026-09-21 18:00:00+00:00,123229.109
2747.11,2751.95,ETH-USD_UM_XPERP-310328,2746.66,2749.46,15m,2026-09-21 18:15:00+00:00,62858.425
2748.69,2749.84,ETH-USD_UM_XPERP-310328,2731.69,2749.63,15m,2026-09-21 18:30:00+00:00,73911.272
2756.72,2756.72,ETH-USD_UM_XPERP-310328,2746.06,2747.8,15m,2026-09-21 18:45:00+00:00,42149.993
2759.6,2759.6,ETH-USD_UM_XPERP-310328,2754.58,2756.76,15m,2026-09-21 19:00:00+00:00,95295.751
2764.39,2771.66,ETH-USD_UM_XPERP-310328,2758.71,2758.71,15m,2026-09-21 19:15:00+00:00,130906.114
2763.77,2774.21,ETH-USD_UM_XPERP-310328,2761.74,2761.74,15m,2026-09-21 19:30:00+00:00,105669.732
2760.98,2765.33,ETH-USD_UM_XPERP-310328,2755.15,2763.4,15m,2026-09-21 19:45:00+00:00,84267.167
2771.21,2772.52,ETH-USD_UM_XPERP-310328,2760.48,2760.68,15m,2026-09-21 20:00:00+00:00,71703.022
2804.32,2805.1,ETH-USD_UM_XPERP-310328,2769.49,2769.72,15m,2026-09-21 20:15:00+00:00,187679.444
2779.74,2804.33,ETH-USD_UM_XPERP-310328,2779.21,2804.33,15m,2026-09-21 20:30:00+00:00,186868.523
2783.28,2785.18,ETH-USD_UM_XPERP-310328,2775.47,2780.29,15m,2026-09-21 20:45:00+00:00,120345.275
2767.5,2780.3,ETH-USD_UM_XPERP-310328,2767.5,2780.3,15m,2026-09-21 21:00:00+00:00,72786.978
2768.62,2793.04,ETH-USD_UM_XPERP-310328,2762.68,2767.61,15m,2026-09-21 21:15:00+00:00,47771.493
2776.71,2778.0,ETH-USD_UM_XPERP-310328,2768.11,2768.11,15m,2026-09-21 21:30:00+00:00,19053.491
2767.06,2776.21,ETH-USD_UM_XPERP-310328,2767.02,2776.21,15m,2026-09-21 21:45:00+00:00,20473.694
2776.12,2776.25,ETH-USD_UM_XPERP-310328,2676.88,2766.99,15m,2026-09-21 22:00:00+00:00,77821.614
2769.97,2782.21,ETH-USD_UM_XPERP-310328,2766.85,2775.84,15m,2026-09-21 22:15:00+00:00,102821.239
2775.06,2780.79,ETH-USD_UM_XPERP-310328,2770.44,2772.0,15m,2026-09-21 22:30:00+00:00,71440.001
2777.86,2778.59,ETH-USD_UM_XPERP-310328,2769.98,2773.7,15m,2026-09-21 22:45:00+00:00,40952.87
2785.73,2786.95,ETH-USD_UM_XPERP-310328,2776.49,2776.56,15m,2026-09-21 23:00:00+00:00,72610.44
2772.52,2784.68,ETH-USD_UM_XPERP-310328,2772.52,2781.99,15m,2026-09-21 23:15:00+00:00,49220.304
2772.94,2772.94,ETH-USD_UM_XPERP-310328,2766.05,2772.65,15m,2026-09-21 23:30:00+00:00,28019.162
2776.12,2776.12,ETH-USD_UM_XPERP-310328,2768.83,2768.92,15m,2026-09-21 23:45:00+00:00,3.061
2772.94,2772.94,ETH-USD_UM_XPERP-310328,2767.92,2772.52,15m,2026-09-22 00:00:00+00:00,0.261
2770.89,2773.66,ETH-USD_UM_XPERP-310328,2767.92,2773.28,15m,2026-09-22 00:15:00+00:00,1.287
2768.92,2777.02,ETH-USD_UM_XPERP-310328,2763.97,2772.52,15m,2026-09-22 00:30:00+00:00,0.602
2751.95,2773.66,ETH-USD_UM_XPERP-310328,2751.95,2770.89,15m,2026-09-22 00:45:00+00:00,1.054
2749.79,2755.17,ETH-USD_UM_XPERP-310328,2740.31,2751.45,15m,2026-09-22 01:00:00+00:00,63429.626
2751.46,2752.97,ETH-USD_UM_XPERP-310328,2737.43,2749.79,15m,2026-09-22 01:15:00+00:00,115498.71
2747.99,2753.41,ETH-USD_UM_XPERP-310328,2746.0,2751.47,15m,2026-09-22 01:30:00+00:00,72026.457
2745.32,2749.3,ETH-USD_UM_XPERP-310328,2742.3,2745.9,15m,2026-09-22 01:45:00+00:00,56774.748
2743.01,2749.03,ETH-USD_UM_XPERP-310328,2738.06,2747.98,15m,2026-09-22 02:00:00+00:00,105842.303
2743.8,2746.93,ETH-USD_UM_XPERP-310328,2736.76,2742.4,15m,2026-09-22 02:15:00+00:00,101626.307
2745.93,2759.78,ETH-USD_UM_XPERP-310328,2740.05,2743.91,15m,2026-09-22 02:30:00+00:00,60087.044
2740.06,2746.87,ETH-USD_UM_XPERP-310328,2737.34,2743.87,15m,2026-09-22 02:45:00+00:00,67729.258
2730.02,2741.8,ETH-USD_UM_XPERP-310328,2724.82,2739.05,15m,2026-09-22 03:00:00+00:00,139998.132
2739.42,2739.51,ETH-USD_UM_XPERP-310328,2723.69,2731.39,15m,2026-09-22 03:15:00+00:00,85847.215
2733.29,2738.27,ETH-USD_UM_XPERP-310328,2731.11,2738.27,15m,2026-09-22 03:30:00+00:00,104681.902
2738.74,2739.31,ETH-USD_UM_XPERP-310328,2732.24,2732.37,15m,2026-09-22 03:45:00+00:00,50567.586
2740.35,2742.06,ETH-USD_UM_XPERP-310328,2722.58,2734.79,15m,2026-09-22 04:00:00+00:00,71280.185
2735.97,2739.8,ETH-USD_UM_XPERP-310328,2729.66,2739.17,15m,2026-09-22 04:15:00+00:00,46921.029
2729.24,2734.79,ETH-USD_UM_XPERP-310328,2726.46,2734.79,15m,2026-09-22 04:30:00+00:00,63226.769
2727.28,2731.67,ETH-USD_UM_XPERP-310328,2725.23,2728.27,15m,2026-09-22 04:45:00+00:00,53789.28
2726.59,2730.95,ETH-USD_UM_XPERP-310328,2725.58,2726.21,15m,2026-09-22 05:00:00+00:00,59838.95
2720.22,2726.83,ETH-USD_UM_XPERP-310328,2716.86,2726.83,15m,2026-09-22 05:15:00+00:00,106261.857
2732.53,2732.67,ETH-USD_UM_XPERP-310328,2715.17,2720.08,15m,2026-09-22 05:30:00+00:00,53298.507
2732.04,2737.78,ETH-USD_UM_XPERP-310328,2731.84,2732.75,15m,2026-09-22 05:45:00+00:00,41675.158
2729.22,2733.63,ETH-USD_UM_XPERP-310328,2723.68,2732.36,15m,2026-09-22 06:00:00+00:00,74267.762
2728.73,2729.06,ETH-USD_UM_XPERP-310328,2724.84,2729.06,15m,2026-09-22 06:15:00+00:00,52561.387
2732.91,2735.0,ETH-USD_UM_XPERP-310328,2727.43,2727.49,15m,2026-09-22 06:30:00+00:00,56467.95
2730.02,2733.91,ETH-USD_UM_XPERP-310328,2728.68,2732.72,15m,2026-09-22 06:45:00+00:00,16286.351
2730.89,2733.18,ETH-USD_UM_XPERP-310328,2727.31,2729.16,15m,2026-09-22 07:00:00+00:00,59286.226
2725.42,2731.55,ETH-USD_UM_XPERP-310328,2723.1,2731.31,15m,2026-09-22 07:15:00+00:00,41454.448
2724.49,2727.14,ETH-USD_UM_XPERP-310328,2721.88,2726.93,15m,2026-09-22 07:30:00+00:00,23500.896
2724.71,2725.5,ETH-USD_UM_XPERP-310328,2722.06,2724.65,15m,2026-09-22 07:45:00+00:00,25206.091
2731.57,2732.24,ETH-USD_UM_XPERP-310328,2725.36,2726.12,15m,2026-09-22 08:00:00+00:00,68344.609
2723.21,2732.02,ETH-USD_UM_XPERP-310328,2722.88,2730.46,15m,2026-09-22 08:15:00+00:00,52556.249
2743.3,2744.98,ETH-USD_UM_XPERP-310328,2718.13,2723.23,15m,2026-09-22 08:30:00+00:00,132577.334
2748.45,2753.47,ETH-USD_UM_XPERP-310328,2743.17,2745.51,15m,2026-09-22 08:45:00+00:00,127759.337
2737.95,2746.94,ETH-USD_UM_XPERP-310328,2730.52,2746.94,15m,2026-09-22 09:00:00+00:00,137811.366
2739.03,2741.11,ETH-USD_UM_XPERP-310328,2735.5,2738.07,15m,2026-09-22 09:15:00+00:00,74320.792
2743.27,2743.87,ETH-USD_UM_XPERP-310328,2736.48,2737.31,15m,2026-09-22 09:30:00+00:00,93302.895
2749.18,2752.9,ETH-USD_UM_XPERP-310328,2740.35,2742.32,15m,2026-09-22 09:45:00+00:00,62133.24
2743.92,2752.85,ETH-USD_UM_XPERP-310328,2743.79,2751.0,15m,2026-09-22 10:00:00+00:00,82128.587
2739.08,2748.45,ETH-USD_UM_XPERP-310328,2738.1,2746.75,15m,2026-09-22 10:15:00+00:00,70330.095
2739.72,2741.27,ETH-USD_UM_XPERP-310328,2735.62,2738.96,15m,2026-09-22 10:30:00+00:00,67823.957
2741.7,2744.08,ETH-USD_UM_XPERP-310328,2738.41,2739.74,15m,2026-09-22 10:45:00+00:00,46961.107
2740.33,2743.92,ETH-USD_UM_XPERP-310328,2735.61,2742.01,15m,2026-09-22 11:00:00+00:00,113854.039
2738.27,2744.98,ETH-USD_UM_XPERP-310328,2738.2,2740.2,15m,2026-09-22 11:15:00+00:00,46987.174
2745.9,2745.9,ETH-USD_UM_XPERP-310328,2737.98,2738.31,15m,2026-09-22 11:30:00+00:00,20433.918
2741.3,2746.07,ETH-USD_UM_XPERP-310328,2737.27,2744.85,15m,2026-09-22 11:45:00+00:00,55019.746
2741.06,2744.2,ETH-USD_UM_XPERP-310328,2740.35,2741.85,15m,2026-09-22 12:00:00+00:00,32142.389
2746.94,2746.94,ETH-USD_UM_XPERP-310328,2736.44,2740.35,15m,2026-09-22 12:15:00+00:00,80783.059
2748.12,2750.32,ETH-USD_UM_XPERP-310328,2746.02,2747.44,15m,2026-09-22 12:30:00+00:00,77544.977
2754.23,2755.89,ETH-USD_UM_XPERP-310328,2748.5,2748.5,15m,2026-09-22 12:45:00+00:00,60188.042
2757.55,2763.27,ETH-USD_UM_XPERP-310328,2754.23,2755.65,15m,2026-09-22 13:00:00+00:00,115901.681
2743.45,2754.23,ETH-USD_UM_XPERP-310328,2739.92,2754.23,15m,2026-09-22 13:15:00+00:00,111433.984
2749.37,2758.83,ETH-USD_UM_XPERP-310328,2739.84,2743.18,15m,2026-09-22 13:30:00+00:00,191085.392
2758.11,2758.75,ETH-USD_UM_XPERP-310328,2746.76,2750.02,15m,2026-09-22 13:45:00+00:00,149987.111
2754.11,2758.34,ETH-USD_UM_XPERP-310328,2747.92,2758.34,15m,2026-09-22 14:00:00+00:00,147777.773
2740.6,2755.54,ETH-USD_UM_XPERP-310328,2740.57,2755.54,15m,2026-09-22 14:15:00+00:00,173431.302
2726.85,2740.35,ETH-USD_UM_XPERP-310328,2717.3,2740.35,15m,2026-09-22 14:30:00+00:00,247104.508
2741.06,2741.23,ETH-USD_UM_XPERP-310328,2726.89,2726.89,15m,2026-09-22 14:45:00+00:00,176920.456
2744.71,2747.15,ETH-USD_UM_XPERP-310328,2740.04,2740.97,15m,2026-09-22 15:00:00+00:00,148225.159
2742.61,2745.9,ETH-USD_UM_XPERP-310328,2735.69,2745.9,15m,2026-09-22 15:15:00+00:00,127670.604
2747.14,2749.34,ETH-USD_UM_XPERP-310328,2739.64,2741.95,15m,2026-09-22 15:30:00+00:00,127770.238
2742.72,2753.41,ETH-USD_UM_XPERP-310328,2741.61,2749.18,15m,2026-09-22 15:45:00+00:00,134319.621
2730.52,2746.04,ETH-USD_UM_XPERP-310328,2730.43,2742.74,15m,2026-09-22 16:00:00+00:00,131096.315
2730.33,2735.96,ETH-USD_UM_XPERP-310328,2728.67,2731.89,15m,2026-09-22 16:15:00+00:00,117764.676
2736.65,2738.71,ETH-USD_UM_XPERP-310328,2729.67,2732.33,15m,2026-09-22 16:30:00+00:00,104420.506
2746.01,2748.78,ETH-USD_UM_XPERP-310328,2734.79,2738.06,15m,2026-09-22 16:45:00+00:00,84353.931
2747.0,2748.59,ETH-USD_UM_XPERP-310328,2742.55,2744.58,15m,2026-09-22 17:00:00+00:00,64957.273
2751.82,2751.95,ETH-USD_UM_XPERP-310328,2743.35,2748.64,15m,2026-09-22 17:15:00+00:00,71091.798
2748.53,2757.87,ETH-USD_UM_XPERP-310328,2748.53,2752.54,15m,2026-09-22 17:30:00+00:00,85911.436
2752.19,2755.89,ETH-USD_UM_XPERP-310328,2746.51,2749.99,15m,2026-09-22 17:45:00+00:00,77817.351
2751.85,2753.68,ETH-USD_UM_XPERP-310328,2747.19,2753.68,15m,2026-09-22 18:00:00+00:00,55525.618
2744.62,2754.94,ETH-USD_UM_XPERP-310328,2743.12,2751.37,15m,2026-09-22 18:15:00+00:00,83276.217
2747.9,2749.78,ETH-USD_UM_XPERP-310328,2742.37,2742.8,15m,2026-09-22 18:30:00+00:00,65439.948
2751.73,2752.4,ETH-USD_UM_XPERP-310328,2748.13,2748.64,15m,2026-09-22 18:45:00+00:00,42250.395
2754.26,2756.23,ETH-USD_UM_XPERP-310328,2751.16,2751.16,15m,2026-09-22 19:00:00+00:00,52576.486
2762.48,2762.48,ETH-USD_UM_XPERP-310328,2755.77,2755.89,15m,2026-09-22 19:15:00+00:00,49642.077
2751.3,2762.48,ETH-USD_UM_XPERP-310328,2748.68,2762.48,15m,2026-09-22 19:30:00+00:00,92221.686
2749.97,2753.04,ETH-USD_UM_XPERP-310328,2743.87,2753.04,15m,2026-09-22 19:45:00+00:00,68933.847
2748.87,2750.99,ETH-USD_UM_XPERP-310328,2746.97,2749.95,15m,2026-09-22 20:00:00+00:00,30947.44
2756.89,2756.89,ETH-USD_UM_XPERP-310328,2748.0,2748.77,15m,2026-09-22 20:15:00+00:00,24756.018
2753.01,2756.08,ETH-USD_UM_XPERP-310328,2751.01,2756.08,15m,2026-09-22 20:30:00+00:00,21203.476
2749.5,2751.45,ETH-USD_UM_XPERP-310328,2747.73,2751.45,15m,2026-09-22 20:45:00+00:00,4404.607
2746.94,2752.85,ETH-USD_UM_XPERP-310328,2743.12,2747.44,15m,2026-09-22 21:00:00+00:00,17328.754
2748.34,2748.34,ETH-USD_UM_XPERP-310328,2746.62,2746.62,15m,2026-09-22 21:15:00+00:00,7943.388
2746.78,2749.73,ETH-USD_UM_XPERP-310328,2746.09,2748.43,15m,2026-09-22 21:30:00+00:00,21297.115
2746.77,2749.77,ETH-USD_UM_XPERP-310328,2746.77,2748.38,15m,2026-09-22 21:45:00+00:00,17078.293
2737.96,2749.64,ETH-USD_UM_XPERP-310328,2736.91,2746.31,15m,2026-09-22 22:00:00+00:00,69362.738
2746.6,2754.58,ETH-USD_UM_XPERP-310328,2738.03,2740.35,15m,2026-09-22 22:15:00+00:00,45110.201
2754.43,2754.76,ETH-USD_UM_XPERP-310328,2745.48,2745.55,15m,2026-09-22 22:30:00+00:00,34420.542
2752.08,2758.68,ETH-USD_UM_XPERP-310328,2747.44,2756.97,15m,2026-09-22 22:45:00+00:00,33719.312
2765.86,2771.46,ETH-USD_UM_XPERP-310328,2752.46,2752.58,15m,2026-09-22 23:00:00+00:00,77462.884
2756.0,2767.55,ETH-USD_UM_XPERP-310328,2755.23,2767.18,15m,2026-09-22 23:15:00+00:00,91868.884
2751.74,2756.0,ETH-USD_UM_XPERP-310328,2748.0,2756.0,15m,2026-09-22 23:30:00+00:00,61486.844
2752.38,2754.82,ETH-USD_UM_XPERP-310328,2751.23,2753.65,15m,2026-09-22 23:45:00+00:00,52244.569
2757.41,2757.51,ETH-USD_UM_XPERP-310328,2748.77,2752.25,15m,2026-09-23 00:00:00+00:00,65964.801
2757.0,2759.87,ETH-USD_UM_XPERP-310328,2756.17,2756.17,15m,2026-09-23 00:15:00+00:00,89715.624
2759.59,2765.49,ETH-USD_UM_XPERP-310328,2757.55,2757.55,15m,2026-09-23 00:30:00+00:00,88794.614
2759.74,2762.22,ETH-USD_UM_XPERP-310328,2759.29,2760.18,15m,2026-09-23 00:45:00+00:00,69023.498
2768.74,2772.64,ETH-USD_UM_XPERP-310328,2758.9,2759.11,15m,2026-09-23 01:00:00+00:00,102722.104
2766.0,2770.96,ETH-USD_UM_XPERP-310328,2758.16,2769.28,15m,2026-09-23 01:15:00+00:00,86189.31
2753.22,2765.72,ETH-USD_UM_XPERP-310328,2751.45,2765.63,15m,2026-09-23 01:30:00+00:00,73067.048
2753.0,2753.0,ETH-USD_UM_XPERP-310328,2744.71,2751.55,15m,2026-09-23 01:45:00+00:00,61544.005
2750.8,2753.14,ETH-USD_UM_XPERP-310328,2745.02,2753.14,15m,2026-09-23 02:00:00+00:00,73935.13
2758.23,2759.78,ETH-USD_UM_XPERP-310328,2750.76,2751.0,15m,2026-09-23 02:15:00+00:00,48340.528
2755.34,2758.5,ETH-USD_UM_XPERP-310328,2755.2,2757.83,15m,2026-09-23 02:30:00+00:00,47082.217
2761.74,2761.74,ETH-USD_UM_XPERP-310328,2756.31,2756.31,15m,2026-09-23 02:45:00+00:00,35270.392
2763.28,2763.28,ETH-USD_UM_XPERP-310328,2756.89,2760.83,15m,2026-09-23 03:00:00+00:00,28872.897
2767.17,2772.52,ETH-USD_UM_XPERP-310328,2762.19,2762.47,15m,2026-09-23 03:15:00+00:00,13695.033
2778.47,2781.78,ETH-USD_UM_XPERP-310328,2765.26,2766.59,15m,2026-09-23 03:30:00+00:00,65951.679
2772.49,2781.88,ETH-USD_UM_XPERP-310328,2772.05,2781.31,15m,2026-09-23 03:45:00+00:00,53671.525
2775.79,2778.27,ETH-USD_UM_XPERP-310328,2766.99,2773.0,15m,2026-09-23 04:00:00+00:00,50399.926
2780.31,2786.71,ETH-USD_UM_XPERP-310328,2773.01,2775.72,15m,2026-09-23 04:15:00+00:00,86787.293
2781.17,2785.46,ETH-USD_UM_XPERP-310328,2778.97,2779.72,15m,2026-09-23 04:30:00+00:00,60388.115
2779.36,2783.34,ETH-USD_UM_XPERP-310328,2779.22,2779.31,15m,2026-09-23 04:45:00+00:00,25925.789
2770.2,2778.0,ETH-USD_UM_XPERP-310328,2767.76,2778.0,15m,2026-09-23 05:00:00+00:00,77106.663
2765.99,2771.94,ETH-USD_UM_XPERP-310328,2764.4,2769.27,15m,2026-09-23 05:15:00+00:00,76333.7
2766.89,2769.6,ETH-USD_UM_XPERP-310328,2763.84,2764.95,15m,2026-09-23 05:30:00+00:00,34686.722
2756.74,2768.92,ETH-USD_UM_XPERP-310328,2756.55,2767.06,15m,2026-09-23 05:45:00+00:00,51298.716
2758.94,2758.94,ETH-USD_UM_XPERP-310328,2754.05,2755.99,15m,2026-09-23 06:00:00+00:00,30264.689
2755.11,2760.75,ETH-USD_UM_XPERP-310328,2755.11,2759.19,15m,2026-09-23 06:15:00+00:00,23825.701
2758.16,2758.16,ETH-USD_UM_XPERP-310328,2752.53,2754.58,15m,2026-09-23 06:30:00+00:00,12357.502
2754.23,2757.81,ETH-USD_UM_XPERP-310328,2751.16,2757.61,15m,2026-09-23 06:45:00+00:00,34478.893
2747.42,2752.7,ETH-USD_UM_XPERP-310328,2745.9,2751.45,15m,2026-09-23 07:00:00+00:00,49808.374
2749.72,2751.55,ETH-USD_UM_XPERP-310328,2747.2,2748.75,15m,2026-09-23 07:15:00+00:00,32148.576
2738.26,2750.73,ETH-USD_UM_XPERP-310328,2736.53,2749.64,15m,2026-09-23 07:30:00+00:00,88160.949
2742.52,2744.99,ETH-USD_UM_XPERP-310328,2738.92,2740.31,15m,2026-09-23 07:45:00+00:00,39264.526
2742.46,2746.43,ETH-USD_UM_XPERP-310328,2738.38,2742.76,15m,2026-09-23 08:00:00+00:00,68621.231
2744.22,2749.43,ETH-USD_UM_XPERP-310328,2744.0,2744.51,15m,2026-09-23 08:15:00+00:00,42064.787
2741.87,2746.22,ETH-USD_UM_XPERP-310328,2741.87,2746.22,15m,2026-09-23 08:30:00+00:00,24831.663
2733.98,2740.6,ETH-USD_UM_XPERP-310328,2726.89,2740.35,15m,2026-09-23 08:45:00+00:00,138640.18
2738.24,2741.0,ETH-USD_UM_XPERP-310328,2734.28,2734.28,15m,2026-09-23 09:00:00+00:00,32195.597
2736.44,2742.03,ETH-USD_UM_XPERP-310328,2735.97,2737.86,15m,2026-09-23 09:15:00+00:00,49777.795
2735.23,2738.65,ETH-USD_UM_XPERP-310328,2734.79,2734.79,15m,2026-09-23 09:30:00+00:00,49998.51
2733.14,2737.04,ETH-USD_UM_XPERP-310328,2731.15,2735.15,15m,2026-09-23 09:45:00+00:00,31420.413
2732.66,2735.81,ETH-USD_UM_XPERP-310328,2731.01,2733.12,15m,2026-09-23 10:00:00+00:00,54742.985
2731.12,2731.73,ETH-USD_UM_XPERP-310328,2725.26,2731.14,15m,2026-09-23 10:15:00+00:00,70951.404
2735.91,2736.05,ETH-USD_UM_XPERP-310328,2729.24,2731.82,15m,2026-09-23 10:30:00+00:00,11706.669
2737.22,2737.41,ETH-USD_UM_XPERP-310328,2729.05,2735.99,15m,2026-09-23 10:45:00+00:00,42748.547
2732.24,2737.97,ETH-USD_UM_XPERP-310328,2730.31,2737.57,15m,2026-09-23 11:00:00+00:00,21367.263
2721.09,2732.22,ETH-USD_UM_XPERP-310328,2719.78,2732.18,15m,2026-09-23 11:15:00+00:00,35271.003
2717.77,2723.69,ETH-USD_UM_XPERP-310328,2716.66,2721.54,15m,2026-09-23 11:30:00+00:00,74419.645
2726.93,2728.05,ETH-USD_UM_XPERP-310328,2718.31,2718.31,15m,2026-09-23 11:45:00+00:00,30834.903
2720.78,2728.1,ETH-USD_UM_XPERP-310328,2720.23,2727.18,15m,2026-09-23 12:00:00+00:00,62579.46
2721.32,2726.12,ETH-USD_UM_XPERP-310328,2712.97,2721.1,15m,2026-09-23 12:15:00+00:00,78574.0
2721.4,2726.89,ETH-USD_UM_XPERP-310328,2721.31,2723.69,15m,2026-09-23 12:30:00+00:00,34076.631
2721.05,2722.29,ETH-USD_UM_XPERP-310328,2716.98,2722.16,15m,2026-09-23 12:45:00+00:00,15590.266
2708.26,2721.83,ETH-USD_UM_XPERP-310328,2706.71,2721.74,15m,2026-09-23 13:00:00+00:00,53648.913
2714.71,2716.12,ETH-USD_UM_XPERP-310328,2708.13,2708.13,15m,2026-09-23 13:15:00+00:00,75487.343
2720.04,2721.97,ETH-USD_UM_XPERP-310328,2710.81,2715.58,15m,2026-09-23 13:30:00+00:00,128951.405
2714.48,2720.02,ETH-USD_UM_XPERP-310328,2707.71,2720.02,15m,2026-09-23 13:45:00+00:00,142755.113
2676.1,2722.22,ETH-USD_UM_XPERP-310328,2658.87,2716.86,15m,2026-09-23 14:00:00+00:00,194191.973
2649.15,2673.91,ETH-USD_UM_XPERP-310328,2647.16,2673.71,15m,2026-09-23 14:15:00+00:00,282199.988
2667.58,2671.18,ETH-USD_UM_XPERP-310328,2647.65,2649.71,15m,2026-09-23 14:30:00+00:00,162861.366
2674.62,2677.67,ETH-USD_UM_XPERP-310328,2660.83,2667.61,15m,2026-09-23 14:45:00+00:00,169370.971
2679.1,2681.08,ETH-USD_UM_XPERP-310328,2672.98,2674.96,15m,2026-09-23 15:00:00+00:00,78590.82
2673.0,2684.62,ETH-USD_UM_XPERP-310328,2672.82,2678.45,15m,2026-09-23 15:15:00+00:00,106919.927
2664.07,2673.77,ETH-USD_UM_XPERP-310328,2659.73,2673.55,15m,2026-09-23 15:30:00+00:00,126027.613
2654.34,2663.59,ETH-USD_UM_XPERP-310328,2653.63,2662.63,15m,2026-09-23 15:45:00+00:00,112287.195
2661.52,2663.85,ETH-USD_UM_XPERP-310328,2636.72,2654.73,15m,2026-09-23 16:00:00+00:00,165306.881
2661.52,2664.57,ETH-USD_UM_XPERP-310328,2658.02,2661.48,15m,2026-09-23 16:15:00+00:00,111237.968
2662.57,2666.61,ETH-USD_UM_XPERP-310328,2656.05,2662.6,15m,2026-09-23 16:30:00+00:00,95234.667
2659.32,2665.69,ETH-USD_UM_XPERP-310328,2653.3,2662.34,15m,2026-09-23 16:45:00+00:00,94496.393
2650.25,2664.37,ETH-USD_UM_XPERP-310328,2648.45,2659.82,15m,2026-09-23 17:00:00+00:00,131763.013
2661.37,2666.68,ETH-USD_UM_XPERP-310328,2650.11,2650.82,15m,2026-09-23 17:15:00+00:00,141376.772
2665.79,2666.68,ETH-USD_UM_XPERP-310328,2656.45,2661.33,15m,2026-09-23 17:30:00+00:00,64903.309
2665.32,2669.02,ETH-USD_UM_XPERP-310328,2664.72,2665.64,15m,2026-09-23 17:45:00+00:00,55195.64
2662.13,2666.78,ETH-USD_UM_XPERP-310328,2660.46,2666.7,15m,2026-09-23 18:00:00+00:00,49849.237
2660.29,2663.18,ETH-USD_UM_XPERP-310328,2658.25,2661.8,15m,2026-09-23 18:15:00+00:00,78513.043
2662.6,2662.6,ETH-USD_UM_XPERP-310328,2658.35,2660.39,15m,2026-09-23 18:30:00+00:00,35792.978
2667.63,2670.93,ETH-USD_UM_XPERP-310328,2661.8,2663.15,15m,2026-09-23 18:45:00+00:00,48889.839
2666.39,2669.81,ETH-USD_UM_XPERP-310328,2662.91,2667.73,15m,2026-09-23 19:00:00+00:00,34198.786
2672.02,2673.71,ETH-USD_UM_XPERP-310328,2664.15,2665.38,15m,2026-09-23 19:15:00+00:00,22483.287
2671.24,2674.99,ETH-USD_UM_XPERP-310328,2671.17,2671.38,15m,2026-09-23 19:30:00+00:00,28726.958
2675.9,2678.17,ETH-USD_UM_XPERP-310328,2673.71,2674.93,15m,2026-09-23 19:45:00+00:00,68458.42
2673.41,2677.21,ETH-USD_UM_XPERP-310328,2670.05,2677.21,15m,2026-09-23 20:00:00+00:00,40102.051
2668.43,2674.58,ETH-USD_UM_XPERP-310328,2667.95,2673.86,15m,2026-09-23 20:15:00+00:00,16470.726
2673.74,2674.86,ETH-USD_UM_XPERP-310328,2669.96,2670.04,15m,2026-09-23 20:30:00+00:00,13471.141
2668.89,2674.87,ETH-USD_UM_XPERP-310328,2668.89,2674.41,15m,2026-09-23 20:45:00+00:00,17369.21
2671.06,2672.19,ETH-USD_UM_XPERP-310328,2667.53,2669.87,15m,2026-09-23 21:00:00+00:00,14984.84
2673.01,2674.22,ETH-USD_UM_XPERP-310328,2670.41,2673.01,15m,2026-09-23 21:15:00+00:00,14071.047
2676.76,2676.76,ETH-USD_UM_XPERP-310328,2673.94,2674.19,15m,2026-09-23 21:30:00+00:00,4197.355
2676.1,2677.7,ETH-USD_UM_XPERP-310328,2675.93,2677.02,15m,2026-09-23 21:45:00+00:00,10758.073
2690.22,2697.08,ETH-USD_UM_XPERP-310328,2675.17,2676.32,15m,2026-09-23 22:00:00+00:00,75351.16
2686.61,2691.52,ETH-USD_UM_XPERP-310328,2686.61,2689.01,15m,2026-09-23 22:15:00+00:00,32724.323
2684.29,2685.6,ETH-USD_UM_XPERP-310328,2681.77,2685.6,15m,2026-09-23 22:30:00+00:00,17294.767
2689.22,2692.48,ETH-USD_UM_XPERP-310328,2684.4,2684.4,15m,2026-09-23 22:45:00+00:00,37761.126
2685.39,2689.61,ETH-USD_UM_XPERP-310328,2685.01,2688.61,15m,2026-09-23 23:00:00+00:00,18161.687
2683.16,2686.41,ETH-USD_UM_XPERP-310328,2683.16,2685.24,15m,2026-09-23 23:15:00+00:00,12513.134
2680.5,2684.97,ETH-USD_UM_XPERP-310328,2680.5,2684.97,15m,2026-09-23 23:30:00+00:00,14910.089
2683.97,2684.79,ETH-USD_UM_XPERP-310328,2680.41,2680.6,15m,2026-09-23 23:45:00+00:00,11033.393
2684.7,2687.59,ETH-USD_UM_XPERP-310328,2681.77,2683.87,15m,2026-09-24 00:00:00+00:00,13109.954
2687.68,2689.23,ETH-USD_UM_XPERP-310328,2684.49,2686.79,15m,2026-09-24 00:15:00+00:00,10716.44
2684.8,2690.37,ETH-USD_UM_XPERP-310328,2682.99,2686.86,15m,2026-09-24 00:30:00+00:00,30088.948
2682.01,2684.23,ETH-USD_UM_XPERP-310328,2678.55,2683.52,15m,2026-09-24 00:45:00+00:00,34012.64
2681.51,2684.26,ETH-USD_UM_XPERP-310328,2679.37,2681.81,15m,2026-09-24 01:00:00+00:00,47136.459
2681.86,2683.29,ETH-USD_UM_XPERP-310328,2677.82,2682.44,15m,2026-09-24 01:15:00+00:00,25667.015
2679.09,2690.96,ETH-USD_UM_XPERP-310328,2676.18,2682.02,15m,2026-09-24 01:30:00+00:00,54853.229
2674.0,2678.42,ETH-USD_UM_XPERP-310328,2673.63,2677.64,15m,2026-09-24 01:45:00+00:00,29900.802
2671.5,2674.61,ETH-USD_UM_XPERP-310328,2665.07,2673.55,15m,2026-09-24 02:00:00+00:00,70108.536
2679.35,2682.55,ETH-USD_UM_XPERP-310328,2671.75,2671.75,15m,2026-09-24 02:15:00+00:00,75554.59
2684.24,2684.83,ETH-USD_UM_XPERP-310328,2677.44,2679.14,15m,2026-09-24 02:30:00+00:00,29851.79
2685.47,2686.81,ETH-USD_UM_XPERP-310328,2683.83,2684.9,15m,2026-09-24 02:45:00+00:00,24134.332
2682.04,2688.84,ETH-USD_UM_XPERP-310328,2678.28,2685.74,15m,2026-09-24 03:00:00+00:00,29208.578
2673.3,2685.61,ETH-USD_UM_XPERP-310328,2673.15,2683.98,15m,2026-09-24 03:15:00+00:00,37015.41
2674.17,2674.86,ETH-USD_UM_XPERP-310328,2670.93,2674.86,15m,2026-09-24 03:30:00+00:00,48171.849
2675.36,2675.78,ETH-USD_UM_XPERP-310328,2672.73,2674.92,15m,2026-09-24 03:45:00+00:00,34406.499
2670.5,2675.54,ETH-USD_UM_XPERP-310328,2670.04,2675.54,15m,2026-09-24 04:00:00+00:00,44023.648
2675.61,2675.61,ETH-USD_UM_XPERP-310328,2669.18,2670.9,15m,2026-09-24 04:15:00+00:00,23049.908
2674.69,2676.49,ETH-USD_UM_XPERP-310328,2673.71,2676.49,15m,2026-09-24 04:30:00+00:00,7177.967
2680.83,2682.7,ETH-USD_UM_XPERP-310328,2672.37,2674.99,15m,2026-09-24 04:45:00+00:00,23301.113
2690.37,2699.6,ETH-USD_UM_XPERP-310328,2681.07,2681.07,15m,2026-09-24 05:00:00+00:00,67425.48
2691.54,2692.33,ETH-USD_UM_XPERP-310328,2688.51,2691.09,15m,2026-09-24 05:15:00+00:00,47873.245
2690.29,2693.99,ETH-USD_UM_XPERP-310328,2687.41,2692.31,15m,2026-09-24 05:30:00+00:00,31818.039
2682.93,2690.99,ETH-USD_UM_XPERP-310328,2680.29,2690.24,15m,2026-09-24 05:45:00+00:00,51198.485
2686.11,2688.83,ETH-USD_UM_XPERP-310328,2678.7,2681.76,15m,2026-09-24 06:00:00+00:00,72759.663
2687.29,2688.34,ETH-USD_UM_XPERP-310328,2683.8,2685.64,15m,2026-09-24 06:15:00+00:00,55985.334
2687.62,2689.38,ETH-USD_UM_XPERP-310328,2686.31,2686.94,15m,2026-09-24 06:30:00+00:00,31556.717
2684.82,2687.82,ETH-USD_UM_XPERP-310328,2683.61,2687.78,15m,2026-09-24 06:45:00+00:00,55413.556
2682.17,2684.3,ETH-USD_UM_XPERP-310328,2678.33,2684.3,15m,2026-09-24 07:00:00+00:00,72198.623
2690.96,2690.96,ETH-USD_UM_XPERP-310328,2681.69,2682.6,15m,2026-09-24 07:15:00+00:00,40218.713
2694.16,2697.03,ETH-USD_UM_XPERP-310328,2691.8,2691.8,15m,2026-09-24 07:30:00+00:00,64129.376
2691.69,2698.23,ETH-USD_UM_XPERP-310328,2691.56,2693.75,15m,2026-09-24 07:45:00+00:00,27003.769
2686.68,2694.45,ETH-USD_UM_XPERP-310328,2686.13,2692.12,15m,2026-09-24 08:00:00+00:00,59753.373
2669.27,2688.0,ETH-USD_UM_XPERP-310328,2669.2,2686.35,15m,2026-09-24 08:15:00+00:00,65421.992
2668.11,2675.79,ETH-USD_UM_XPERP-310328,2664.26,2669.29,15m,2026-09-24 08:30:00+00:00,89833.314
2667.7,2668.65,ETH-USD_UM_XPERP-310328,2655.97,2668.65,15m,2026-09-24 08:45:00+00:00,108821.776
2660.62,2671.97,ETH-USD_UM_XPERP-310328,2659.53,2668.16,15m,2026-09-24 09:00:00+00:00,83690.941
2653.55,2660.12,ETH-USD_UM_XPERP-310328,2651.94,2657.4,15m,2026-09-24 09:15:00+00:00,73804.992
2637.31,2653.55,ETH-USD_UM_XPERP-310328,2630.47,2653.53,15m,2026-09-24 09:30:00+00:00,176570.346
2640.39,2644.94,ETH-USD_UM_XPERP-310328,2636.66,2638.76,15m,2026-09-24 09:45:00+00:00,49084.32
2637.26,2642.9,ETH-USD_UM_XPERP-310328,2634.02,2641.28,15m,2026-09-24 10:00:00+00:00,93367.842
2638.37,2641.67,ETH-USD_UM_XPERP-310328,2632.39,2637.62,15m,2026-09-24 10:15:00+00:00,62803.505
2642.02,2642.49,ETH-USD_UM_XPERP-310328,2633.09,2635.87,15m,2026-09-24 10:30:00+00:00,40061.845
2646.49,2647.61,ETH-USD_UM_XPERP-310328,2639.77,2640.32,15m,2026-09-24 10:45:00+00:00,26003.745
2647.98,2650.42,ETH-USD_UM_XPERP-310328,2646.72,2646.78,15m,2026-09-24 11:00:00+00:00,34731.661
2648.39,2651.01,ETH-USD_UM_XPERP-310328,2647.49,2647.54,15m,2026-09-24 11:15:00+00:00,30498.31
2644.56,2647.4,ETH-USD_UM_XPERP-310328,2642.42,2647.36,15m,2026-09-24 11:30:00+00:00,22076.594
2646.24,2646.31,ETH-USD_UM_XPERP-310328,2642.7,2644.85,15m,2026-09-24 11:45:00+00:00,21483.543
2646.04,2648.72,ETH-USD_UM_XPERP-310328,2641.78,2645.36,15m,2026-09-24 12:00:00+00:00,52015.145
2646.84,2652.44,ETH-USD_UM_XPERP-310328,2646.35,2646.66,15m,2026-09-24 12:15:00+00:00,66456.619
2641.29,2648.05,ETH-USD_UM_XPERP-310328,2638.05,2646.93,15m,2026-09-24 12:30:00+00:00,65396.154
2647.91,2648.07,ETH-USD_UM_XPERP-310328,2637.62,2642.37,15m,2026-09-24 12:45:00+00:00,21788.467
2655.6,2656.19,ETH-USD_UM_XPERP-310328,2647.82,2648.45,15m,2026-09-24 13:00:00+00:00,72388.857
2659.62,2665.42,ETH-USD_UM_XPERP-310328,2655.52,2655.52,15m,2026-09-24 13:15:00+00:00,73656.334
2665.64,2676.66,ETH-USD_UM_XPERP-310328,2659.2,2659.49,15m,2026-09-24 13:30:00+00:00,131068.833
2668.91,2669.13,ETH-USD_UM_XPERP-310328,2659.65,2664.01,15m,2026-09-24 13:45:00+00:00,83212.078
2666.51,2671.29,ETH-USD_UM_XPERP-310328,2663.93,2670.08,15m,2026-09-24 14:00:00+00:00,99855.712
2693.64,2694.0,ETH-USD_UM_XPERP-310328,2665.61,2666.48,15m,2026-09-24 14:15:00+00:00,144938.932
2679.42,2697.61,ETH-USD_UM_XPERP-310328,2679.42,2690.37,15m,2026-09-24 14:30:00+00:00,160627.411
2654.89,2679.28,ETH-USD_UM_XPERP-310328,2646.69,2679.28,15m,2026-09-24 14:45:00+00:00,139798.142
2660.69,2664.22,ETH-USD_UM_XPERP-310328,2652.46,2656.67,15m,2026-09-24 15:00:00+00:00,157662.559
2668.73,2674.63,ETH-USD_UM_XPERP-310328,2662.42,2662.58,15m,2026-09-24 15:15:00+00:00,112160.225
2680.73,2684.39,ETH-USD_UM_XPERP-310328,2667.73,2668.54,15m,2026-09-24 15:30:00+00:00,111470.007
2682.38,2683.23,ETH-USD_UM_XPERP-310328,2676.64,2681.22,15m,2026-09-24 15:45:00+00:00,84746.452
2669.75,2779.84,ETH-USD_UM_XPERP-310328,2665.07,2679.26,15m,2026-09-24 16:00:00+00:00,65911.727
2695.59,2697.51,ETH-USD_UM_XPERP-310328,2670.08,2670.08,15m,2026-09-24 16:15:00+00:00,200409.168
2689.3,2703.56,ETH-USD_UM_XPERP-310328,2685.6,2696.81,15m,2026-09-24 16:30:00+00:00,152167.536
2687.59,2693.73,ETH-USD_UM_XPERP-310328,2681.6,2688.7,15m,2026-09-24 16:45:00+00:00,158359.422
2684.35,2688.52,ETH-USD_UM_XPERP-310328,2679.73,2684.82,15m,2026-09-24 17:00:00+00:00,82590.203
2681.49,2686.88,ETH-USD_UM_XPERP-310328,2676.04,2683.78,15m,2026-09-24 17:15:00+00:00,152221.184
2670.82,2682.81,ETH-USD_UM_XPERP-310328,2668.79,2682.0,15m,2026-09-24 17:30:00+00:00,113041.055
2668.91,2672.63,ETH-USD_UM_XPERP-310328,2666.61,2669.1,15m,2026-09-24 17:45:00+00:00,58433.076
2673.71,2673.75,ETH-USD_UM_XPERP-310328,2659.7,2666.95,15m,2026-09-24 18:00:00+00:00,97507.795
2682.71,2683.33,ETH-USD_UM_XPERP-310328,2673.84,2674.09,15m,2026-09-24 18:15:00+00:00,73473.715
2686.38,2690.56,ETH-USD_UM_XPERP-310328,2678.39,2682.39,15m,2026-09-24 18:30:00+00:00,97742.956
2689.04,2693.48,ETH-USD_UM_XPERP-310328,2686.02,2687.18,15m,2026-09-24 18:45:00+00:00,63651.167
2690.86,2691.11,ETH-USD_UM_XPERP-310328,2681.64,2688.85,15m,2026-09-24 19:00:00+00:00,53903.148
2695.79,2696.36,ETH-USD_UM_XPERP-310328,2688.86,2688.86,15m,2026-09-24 19:15:00+00:00,29401.131
2694.45,2695.86,ETH-USD_UM_XPERP-310328,2690.91,2695.44,15m,2026-09-24 19:30:00+00:00,22863.888
2693.53,2699.34,ETH-USD_UM_XPERP-310328,2691.52,2695.73,15m,2026-09-24 19:45:00+00:00,49267.181
2687.46,2738.35,ETH-USD_UM_XPERP-310328,2684.62,2694.99,15m,2026-09-24 20:00:00+00:00,26740.726
2687.59,2689.18,ETH-USD_UM_XPERP-310328,2681.65,2687.5,15m,2026-09-24 20:15:00+00:00,39612.001
2687.1,2688.13,ETH-USD_UM_XPERP-310328,2682.04,2684.88,15m,2026-09-24 20:30:00+00:00,10721.926
2685.72,2688.78,ETH-USD_UM_XPERP-310328,2683.83,2686.39,15m,2026-09-24 20:45:00+00:00,17869.753
2685.55,2687.85,ETH-USD_UM_XPERP-310328,2684.4,2687.46,15m,2026-09-24 21:00:00+00:00,3275.332
2687.54,2688.5,ETH-USD_UM_XPERP-310328,2687.13,2687.59,15m,2026-09-24 21:15:00+00:00,9822.706
2688.54,2691.8,ETH-USD_UM_XPERP-310328,2687.95,2690.01,15m,2026-09-24 21:30:00+00:00,5654.04
2685.55,2688.93,ETH-USD_UM_XPERP-310328,2684.49,2688.32,15m,2026-09-24 21:45:00+00:00,10715.131
2684.14,2686.66,ETH-USD_UM_XPERP-310328,2682.04,2684.38,15m,2026-09-24 22:00:00+00:00,44707.086
2679.4,2684.85,ETH-USD_UM_XPERP-310328,2675.55,2684.29,15m,2026-09-24 22:15:00+00:00,24786.916
2679.45,2682.09,ETH-USD_UM_XPERP-310328,2678.5,2679.41,15m,2026-09-24 22:30:00+00:00,11640.061
2683.75,2683.75,ETH-USD_UM_XPERP-310328,2680.23,2680.23,15m,2026-09-24 22:45:00+00:00,3280.676
2683.98,2687.53,ETH-USD_UM_XPERP-310328,2683.7,2683.84,15m,2026-09-24 23:00:00+00:00,9531.876
2691.25,2691.6,ETH-USD_UM_XPERP-310328,2684.06,2684.06,15m,2026-09-24 23:15:00+00:00,13391.827
2689.92,2691.8,ETH-USD_UM_XPERP-310328,2689.83,2691.8,15m,2026-09-24 23:30:00+00:00,8623.637
2686.37,2689.49,ETH-USD_UM_XPERP-310328,2686.37,2688.42,15m,2026-09-24 23:45:00+00:00,6545.667
2692.7,2695.52,ETH-USD_UM_XPERP-310328,2686.64,2686.66,15m,2026-09-25 00:00:00+00:00,15459.396
2690.34,2693.06,ETH-USD_UM_XPERP-310328,2689.35,2691.79,15m,2026-09-25 00:15:00+00:00,38653.968
2689.2,2692.46,ETH-USD_UM_XPERP-310328,2687.29,2689.15,15m,2026-09-25 00:30:00+00:00,38064.509
2688.79,2690.33,ETH-USD_UM_XPERP-310328,2687.35,2689.2,15m,2026-09-25 00:45:00+00:00,16958.665
2694.34,2696.81,ETH-USD_UM_XPERP-310328,2688.0,2689.16,15m,2026-09-25 01:00:00+00:00,22265.97
2687.16,2695.81,ETH-USD_UM_XPERP-310328,2687.16,2693.15,15m,2026-09-25 01:15:00+00:00,30298.232
2686.25,2686.79,ETH-USD_UM_XPERP-310328,2681.41,2686.79,15m,2026-09-25 01:30:00+00:00,43820.859
2687.85,2688.59,ETH-USD_UM_XPERP-310328,2685.45,2685.46,15m,2026-09-25 01:45:00+00:00,25899.46
2695.66,2697.13,ETH-USD_UM_XPERP-310328,2688.05,2688.05,15m,2026-09-25 02:00:00+00:00,33235.479
2690.37,2698.38,ETH-USD_UM_XPERP-310328,2687.46,2696.22,15m,2026-09-25 02:15:00+00:00,37697.53
2683.88,2691.82,ETH-USD_UM_XPERP-310328,2680.5,2690.43,15m,2026-09-25 02:30:00+00:00,26805.093
2674.9,2683.0,ETH-USD_UM_XPERP-310328,2673.71,2683.0,15m,2026-09-25 02:45:00+00:00,52302.239
2675.5,2678.66,ETH-USD_UM_XPERP-310328,2673.01,2675.72,15m,2026-09-25 03:00:00+00:00,51445.316
2674.49,2678.11,ETH-USD_UM_XPERP-310328,2674.41,2675.24,15m,2026-09-25 03:15:00+00:00,30799.567
2676.39,2679.26,ETH-USD_UM_XPERP-310328,2672.75,2673.82,15m,2026-09-25 03:30:00+00:00,19137.353
2677.44,2678.2,ETH-USD_UM_XPERP-310328,2674.35,2674.4,15m,2026-09-25 03:45:00+00:00,10764.65
2673.55,2678.0,ETH-USD_UM_XPERP-310328,2673.55,2676.41,15m,2026-09-25 04:00:00+00:00,16762.89
2675.53,2675.53,ETH-USD_UM_XPERP-310328,2670.93,2672.47,15m,2026-09-25 04:15:00+00:00,10469.154
2682.64,2684.2,ETH-USD_UM_XPERP-310328,2676.17,2676.49,15m,2026-09-25 04:30:00+00:00,22089.736
2678.93,2683.29,ETH-USD_UM_XPERP-310328,2677.73,2682.42,15m,2026-09-25 04:45:00+00:00,32837.562
2678.7,2681.6,ETH-USD_UM_XPERP-310328,2676.18,2679.24,15m,2026-09-25 05:00:00+00:00,14632.48
2678.66,2700.0,ETH-USD_UM_XPERP-310328,2674.5,2678.19,15m,2026-09-25 05:15:00+00:00,21219.127
2680.23,2683.97,ETH-USD_UM_XPERP-310328,2675.69,2678.75,15m,2026-09-25 05:30:00+00:00,26282.152
2679.26,2681.44,ETH-USD_UM_XPERP-310328,2679.26,2680.55,15m,2026-09-25 05:45:00+00:00,20889.039
2672.29,2679.09,ETH-USD_UM_XPERP-310328,2670.3,2678.91,15m,2026-09-25 06:00:00+00:00,44272.875
2676.38,2681.77,ETH-USD_UM_XPERP-310328,2672.27,2673.71,15m,2026-09-25 06:15:00+00:00,17922.296
2672.86,2676.55,ETH-USD_UM_XPERP-310328,2669.8,2676.44,15m,2026-09-25 06:30:00+00:00,29336.216
2673.55,2674.19,ETH-USD_UM_XPERP-310328,2671.44,2672.71,15m,2026-09-25 06:45:00+00:00,16163.774
2669.7,2673.71,ETH-USD_UM_XPERP-310328,2667.21,2673.33,15m,2026-09-25 07:00:00+00:00,31458.295
2678.0,2678.0,ETH-USD_UM_XPERP-310328,2670.35,2670.35,15m,2026-09-25 07:15:00+00:00,13760.483
2669.38,2679.17,ETH-USD_UM_XPERP-310328,2666.61,2679.11,15m,2026-09-25 07:30:00+00:00,17985.774
2671.92,2671.92,ETH-USD_UM_XPERP-310328,2669.08,2670.08,15m,2026-09-25 07:45:00+00:00,15574.817
2678.16,2679.26,ETH-USD_UM_XPERP-310328,2671.44,2671.44,15m,2026-09-25 08:00:00+00:00,28719.08
2692.35,2694.45,ETH-USD_UM_XPERP-310328,2677.46,2677.46,15m,2026-09-25 08:15:00+00:00,79154.73
2685.73,2692.62,ETH-USD_UM_XPERP-310328,2685.59,2692.04,15m,2026-09-25 08:30:00+00:00,34516.434
2689.66,2691.12,ETH-USD_UM_XPERP-310328,2684.82,2686.52,15m,2026-09-25 08:45:00+00:00,15471.638
2693.01,2697.99,ETH-USD_UM_XPERP-310328,2689.85,2689.85,15m,2026-09-25 09:00:00+00:00,33537.475
2710.01,2711.54,ETH-USD_UM_XPERP-310328,2692.57,2692.57,15m,2026-09-25 09:15:00+00:00,65428.701
2705.16,2712.14,ETH-USD_UM_XPERP-310328,2703.84,2707.65,15m,2026-09-25 09:30:00+00:00,67333.281
2703.06,2704.48,ETH-USD_UM_XPERP-310328,2701.0,2704.48,15m,2026-09-25 09:45:00+00:00,27221.919
2699.09,2703.0,ETH-USD_UM_XPERP-310328,2693.14,2703.0,15m,2026-09-25 10:00:00+00:00,31152.511
2713.63,2713.87,ETH-USD_UM_XPERP-310328,2697.77,2698.67,15m,2026-09-25 10:15:00+00:00,42882.354
2711.87,2714.1,ETH-USD_UM_XPERP-310328,2707.95,2712.19,15m,2026-09-25 10:30:00+00:00,22145.644
2711.72,2718.36,ETH-USD_UM_XPERP-310328,2711.71,2712.0,15m,2026-09-25 10:45:00+00:00,45668.448
2740.77,2740.77,ETH-USD_UM_XPERP-310328,2711.81,2712.76,15m,2026-09-25 11:00:00+00:00,132480.994
2723.69,2741.02,ETH-USD_UM_XPERP-310328,2720.91,2739.96,15m,2026-09-25 11:15:00+00:00,43339.209
2720.62,2727.73,ETH-USD_UM_XPERP-310328,2720.62,2725.35,15m,2026-09-25 11:30:00+00:00,40821.589
2716.17,2721.89,ETH-USD_UM_XPERP-310328,2715.36,2720.41,15m,2026-09-25 11:45:00+00:00,58878.467
2710.29,2722.81,ETH-USD_UM_XPERP-310328,2707.03,2717.83,15m,2026-09-25 12:00:00+00:00,98952.197
2709.67,2710.25,ETH-USD_UM_XPERP-310328,2681.72,2710.25,15m,2026-09-25 12:15:00+00:00,126239.948
2714.2,2718.13,ETH-USD_UM_XPERP-310328,2710.0,2710.0,15m,2026-09-25 12:30:00+00:00,134756.786
2717.0,2718.67,ETH-USD_UM_XPERP-310328,2710.18,2714.21,15m,2026-09-25 12:45:00+00:00,106972.634
2712.58,2720.91,ETH-USD_UM_XPERP-310328,2709.22,2716.15,15m,2026-09-25 13:00:00+00:00,56572.139
2699.76,2718.08,ETH-USD_UM_XPERP-310328,2696.61,2713.36,15m,2026-09-25 13:15:00+00:00,69462.836
2694.45,2708.84,ETH-USD_UM_XPERP-310328,2688.99,2698.7,15m,2026-09-25 13:30:00+00:00,190538.179
2693.71,2699.37,ETH-USD_UM_XPERP-310328,2656.81,2694.46,15m,2026-09-25 13:45:00+00:00,125837.127
2683.88,2696.14,ETH-USD_UM_XPERP-310328,2670.93,2694.23,15m,2026-09-25 14:00:00+00:00,225621.649
2685.52,2690.81,ETH-USD_UM_XPERP-310328,2679.96,2683.43,15m,2026-09-25 14:15:00+00:00,177320.053
2682.82,2695.92,ETH-USD_UM_XPERP-310328,2682.52,2686.43,15m,2026-09-25 14:30:00+00:00,138559.164
2694.3,2694.34,ETH-USD_UM_XPERP-310328,2678.22,2682.69,15m,2026-09-25 14:45:00+00:00,102120.702
2696.15,2697.21,ETH-USD_UM_XPERP-310328,2688.8,2694.3,15m,2026-09-25 15:00:00+00:00,102162.732
2687.54,2696.65,ETH-USD_UM_XPERP-310328,2685.6,2696.25,15m,2026-09-25 15:15:00+00:00,84079.114
2672.79,2692.57,ETH-USD_UM_XPERP-310328,2671.75,2688.3,15m,2026-09-25 15:30:00+00:00,113935.23
2684.76,2684.77,ETH-USD_UM_XPERP-310328,2667.75,2672.0,15m,2026-09-25 15:45:00+00:00,173530.281
2690.29,2695.92,ETH-USD_UM_XPERP-310328,2684.82,2684.82,15m,2026-09-25 16:00:00+00:00,103749.032
2691.61,2695.57,ETH-USD_UM_XPERP-310328,2686.05,2691.85,15m,2026-09-25 16:15:00+00:00,63342.318
2690.49,2693.7,ETH-USD_UM_XPERP-310328,2683.11,2690.32,15m,2026-09-25 16:30:00+00:00,53912.847
2681.98,2688.11,ETH-USD_UM_XPERP-310328,2680.86,2688.11,15m,2026-09-25 16:45:00+00:00,42312.44
2689.85,2689.85,ETH-USD_UM_XPERP-310328,2683.01,2683.15,15m,2026-09-25 17:00:00+00:00,44352.705
2679.26,2692.15,ETH-USD_UM_XPERP-310328,2679.26,2690.37,15m,2026-09-25 17:15:00+00:00,38110.745
2684.81,2687.12,ETH-USD_UM_XPERP-310328,2677.01,2677.67,15m,2026-09-25 17:30:00+00:00,59957.644
2684.45,2684.45,ETH-USD_UM_XPERP-310328,2680.13,2682.04,15m,2026-09-25 17:45:00+00:00,28637.657
2694.19,2695.36,ETH-USD_UM_XPERP-310328,2684.82,2684.82,15m,2026-09-25 18:00:00+00:00,32698.192
2692.44,2698.2,ETH-USD_UM_XPERP-310328,2689.97,2693.59,15m,2026-09-25 18:15:00+00:00,22268.697
2692.01,2693.86,ETH-USD_UM_XPERP-310328,2690.02,2693.15,15m,2026-09-25 18:30:00+00:00,23496.477
2692.29,2694.68,ETH-USD_UM_XPERP-310328,2691.38,2693.15,15m,2026-09-25 18:45:00+00:00,18124.359
2694.17,2694.17,ETH-USD_UM_XPERP-310328,2689.37,2692.81,15m,2026-09-25 19:00:00+00:00,30022.646
2690.06,2693.83,ETH-USD_UM_XPERP-310328,2690.06,2693.73,15m,2026-09-25 19:15:00+00:00,12479.808
2690.57,2694.98,ETH-USD_UM_XPERP-310328,2689.32,2692.17,15m,2026-09-25 19:30:00+00:00,35669.217
2691.91,2695.21,ETH-USD_UM_XPERP-310328,2690.58,2690.58,15m,2026-09-25 19:45:00+00:00,29708.901
2689.4,2692.83,ETH-USD_UM_XPERP-310328,2689.01,2691.91,15m,2026-09-25 20:00:00+00:00,15458.09
2692.57,2694.33,ETH-USD_UM_XPERP-310328,2689.53,2689.56,15m,2026-09-25 20:15:00+00:00,3269.805
2690.04,2694.94,ETH-USD_UM_XPERP-310328,2690.01,2692.4,15m,2026-09-25 20:30:00+00:00,29408.583
2683.42,2691.13,ETH-USD_UM_XPERP-310328,2682.95,2691.13,15m,2026-09-25 20:45:00+00:00,10727.23
2677.78,2684.02,ETH-USD_UM_XPERP-310328,2676.37,2683.23,15m,2026-09-25 21:00:00+00:00,26607.177
2679.36,2679.36,ETH-USD_UM_XPERP-310328,2676.0,2677.4,15m,2026-09-25 21:15:00+00:00,26616.439
2680.97,2680.97,ETH-USD_UM_XPERP-310328,2676.31,2680.43,15m,2026-09-25 21:30:00+00:00,13761.449
2680.0,2681.8,ETH-USD_UM_XPERP-310328,2679.76,2680.5,15m,2026-09-25 21:45:00+00:00,7758.462
2684.23,2684.25,ETH-USD_UM_XPERP-310328,2678.66,2680.2,15m,2026-09-25 22:00:00+00:00,14914.442
2686.84,2687.45,ETH-USD_UM_XPERP-310328,2684.22,2684.22,15m,2026-09-25 22:15:00+00:00,10738.416
2691.93,2693.3,ETH-USD_UM_XPERP-310328,2687.4,2687.42,15m,2026-09-25 22:30:00+00:00,9510.856
2690.77,2692.93,ETH-USD_UM_XPERP-310328,2690.77,2691.86,15m,2026-09-25 22:45:00+00:00,7727.817
2693.21,2693.27,ETH-USD_UM_XPERP-310328,2691.44,2691.44,15m,2026-09-25 23:00:00+00:00,2971.116
2690.54,2692.81,ETH-USD_UM_XPERP-310328,2690.41,2692.81,15m,2026-09-25 23:15:00+00:00,3566.745
2691.79,2692.65,ETH-USD_UM_XPERP-310328,2691.61,2692.21,15m,2026-09-25 23:30:00+00:00,1485.877
2689.63,2691.21,ETH-USD_UM_XPERP-310328,2689.63,2690.93,15m,2026-09-25 23:45:00+00:00,892.114
2689.74,2691.87,ETH-USD_UM_XPERP-310328,2687.78,2690.2,15m,2026-09-26 00:00:00+00:00,9221.752
2685.32,2690.22,ETH-USD_UM_XPERP-310328,2685.32,2690.22,15m,2026-09-26 00:15:00+00:00,8035.784
2685.03,2685.51,ETH-USD_UM_XPERP-310328,2679.79,2685.51,15m,2026-09-26 00:30:00+00:00,13127.261
2684.95,2687.59,ETH-USD_UM_XPERP-310328,2684.36,2684.36,15m,2026-09-26 00:45:00+00:00,12212.084
2688.13,2690.37,ETH-USD_UM_XPERP-310328,2687.21,2688.5,15m,2026-09-26 01:00:00+00:00,11902.46
2687.16,2690.37,ETH-USD_UM_XPERP-310328,2687.16,2688.4,15m,2026-09-26 01:15:00+00:00,8035.469
2692.85,2694.0,ETH-USD_UM_XPERP-310328,2687.75,2687.81,15m,2026-09-26 01:30:00+00:00,7733.986
2690.67,2693.79,ETH-USD_UM_XPERP-310328,2690.67,2691.26,15m,2026-09-26 01:45:00+00:00,9810.172
2693.74,2693.74,ETH-USD_UM_XPERP-310328,2687.54,2690.37,15m,2026-09-26 02:00:00+00:00,3567.338
2691.37,2693.85,ETH-USD_UM_XPERP-310328,2691.37,2693.85,15m,2026-09-26 02:15:00+00:00,6536.732
2690.76,2692.9,ETH-USD_UM_XPERP-310328,2689.63,2691.32,15m,2026-09-26 02:30:00+00:00,20515.666
2689.79,2691.61,ETH-USD_UM_XPERP-310328,2689.42,2690.01,15m,2026-09-26 02:45:00+00:00,1784.111
2685.73,2688.93,ETH-USD_UM_XPERP-310328,2684.82,2688.93,15m,2026-09-26 03:00:00+00:00,5059.263
2688.69,2689.34,ETH-USD_UM_XPERP-310328,2685.64,2685.74,15m,2026-09-26 03:15:00+00:00,10124.381
2686.93,2689.92,ETH-USD_UM_XPERP-310328,2686.93,2688.52,15m,2026-09-26 03:30:00+00:00,2976.504
2686.95,2686.95,ETH-USD_UM_XPERP-310328,2686.62,2686.94,15m,2026-09-26 03:45:00+00:00,1191.073
2689.14,2689.14,ETH-USD_UM_XPERP-310328,2689.14,2689.14,15m,2026-09-26 04:00:00+00:00,297.469
2685.17,2689.99,ETH-USD_UM_XPERP-310328,2684.82,2688.22,15m,2026-09-26 04:15:00+00:00,8931.633
2687.4,2687.63,ETH-USD_UM_XPERP-310328,2683.59,2684.0,15m,2026-09-26 04:30:00+00:00,10725.248
2688.42,2688.66,ETH-USD_UM_XPERP-310328,2687.99,2687.99,15m,2026-09-26 04:45:00+00:00,894.137
2686.76,2688.48,ETH-USD_UM_XPERP-310328,2686.02,2688.4,15m,2026-09-26 05:00:00+00:00,2083.111
2686.48,2687.61,ETH-USD_UM_XPERP-310328,2686.02,2686.18,15m,2026-09-26 05:15:00+00:00,595.709
2687.23,2687.48,ETH-USD_UM_XPERP-310328,2684.1,2684.82,15m,2026-09-26 05:30:00+00:00,8041.79
2685.44,2687.59,ETH-USD_UM_XPERP-310328,2684.45,2687.14,15m,2026-09-26 05:45:00+00:00,5661.247
2685.05,2685.07,ETH-USD_UM_XPERP-310328,2684.79,2685.01,15m,2026-09-26 06:00:00+00:00,1787.664
2682.49,2684.77,ETH-USD_UM_XPERP-310328,2682.49,2684.1,15m,2026-09-26 06:15:00+00:00,1490.171
2684.17,2684.8,ETH-USD_UM_XPERP-310328,2682.5,2683.64,15m,2026-09-26 06:30:00+00:00,2682.649
2684.42,2685.43,ETH-USD_UM_XPERP-310328,2683.72,2684.17,15m,2026-09-26 06:45:00+00:00,1490.063
2689.83,2689.85,ETH-USD_UM_XPERP-310328,2684.82,2684.82,15m,2026-09-26 07:00:00+00:00,10117.636
2689.01,2689.71,ETH-USD_UM_XPERP-310328,2688.92,2689.26,15m,2026-09-26 07:15:00+00:00,3272.439
2688.73,2688.73,ETH-USD_UM_XPERP-310328,2688.73,2688.73,15m,2026-09-26 07:30:00+00:00,0.025
2690.15,2690.37,ETH-USD_UM_XPERP-310328,2687.78,2689.78,15m,2026-09-26 07:45:00+00:00,3273.354
2688.57,2689.85,ETH-USD_UM_XPERP-310328,2687.82,2689.77,15m,2026-09-26 08:00:00+00:00,4164.805
2688.44,2688.44,ETH-USD_UM_XPERP-310328,2687.0,2688.41,15m,2026-09-26 08:15:00+00:00,297.724
2693.02,2696.85,ETH-USD_UM_XPERP-310328,2690.37,2690.37,15m,2026-09-26 08:30:00+00:00,9799.11
2689.83,2693.22,ETH-USD_UM_XPERP-310328,2689.75,2693.22,15m,2026-09-26 08:45:00+00:00,1486.678
2681.33,2689.44,ETH-USD_UM_XPERP-310328,2679.01,2689.44,15m,2026-09-26 09:00:00+00:00,23274.804
2682.0,2683.2,ETH-USD_UM_XPERP-310328,2679.18,2681.06,15m,2026-09-26 09:15:00+00:00,17904.777
2680.17,2680.93,ETH-USD_UM_XPERP-310328,2679.26,2679.8,15m,2026-09-26 09:30:00+00:00,7761.445
2681.47,2682.5,ETH-USD_UM_XPERP-310328,2680.51,2680.61,15m,2026-09-26 09:45:00+00:00,5669.643
2687.29,2687.29,ETH-USD_UM_XPERP-310328,2681.54,2681.92,15m,2026-09-26 10:00:00+00:00,5662.875
2687.03,2688.0,ETH-USD_UM_XPERP-310328,2686.03,2686.03,15m,2026-09-26 10:15:00+00:00,1786.605
2686.55,2686.8,ETH-USD_UM_XPERP-310328,2685.44,2686.11,15m,2026-09-26 10:30:00+00:00,2978.146
2686.08,2687.56,ETH-USD_UM_XPERP-310328,2685.13,2687.21,15m,2026-09-26 10:45:00+00:00,4168.862
2686.37,2686.81,ETH-USD_UM_XPERP-310328,2684.67,2686.22,15m,2026-09-26 11:00:00+00:00,8044.196
2689.0,2689.31,ETH-USD_UM_XPERP-310328,2686.66,2686.66,15m,2026-09-26 11:15:00+00:00,1487.722
2689.2,2689.2,ETH-USD_UM_XPERP-310328,2687.02,2687.34,15m,2026-09-26 11:30:00+00:00,595.344
2688.12,2689.02,ETH-USD_UM_XPERP-310328,2688.12,2689.02,15m,2026-09-26 11:45:00+00:00,1190.25
2688.07,2688.4,ETH-USD_UM_XPERP-310328,2686.05,2686.94,15m,2026-09-26 12:00:00+00:00,1786.663
2689.0,2690.7,ETH-USD_UM_XPERP-310328,2688.13,2689.42,15m,2026-09-26 12:15:00+00:00,4165.272
2685.11,2689.32,ETH-USD_UM_XPERP-310328,2684.82,2689.32,15m,2026-09-26 12:30:00+00:00,6549.23
2687.95,2690.37,ETH-USD_UM_XPERP-310328,2686.51,2687.58,15m,2026-09-26 12:45:00+00:00,595.476
2686.01,2690.41,ETH-USD_UM_XPERP-310328,2684.82,2684.82,15m,2026-09-26 13:00:00+00:00,9819.804
2682.09,2686.87,ETH-USD_UM_XPERP-310328,2681.6,2686.07,15m,2026-09-26 13:15:00+00:00,15796.265
2681.5,2683.86,ETH-USD_UM_XPERP-310328,2681.39,2683.71,15m,2026-09-26 13:30:00+00:00,596.788
2685.86,2685.86,ETH-USD_UM_XPERP-310328,2683.53,2683.57,15m,2026-09-26 13:45:00+00:00,5961.015
2686.79,2686.79,ETH-USD_UM_XPERP-310328,2684.47,2684.47,15m,2026-09-26 14:00:00+00:00,3872.732
2686.38,2687.35,ETH-USD_UM_XPERP-310328,2685.79,2686.82,15m,2026-09-26 14:15:00+00:00,4168.845
2687.5,2688.26,ETH-USD_UM_XPERP-310328,2687.0,2687.01,15m,2026-09-26 14:30:00+00:00,2382.077
2687.35,2687.99,ETH-USD_UM_XPERP-310328,2686.82,2687.23,15m,2026-09-26 14:45:00+00:00,2083.913
2688.37,2688.54,ETH-USD_UM_XPERP-310328,2687.38,2687.43,15m,2026-09-26 15:00:00+00:00,3571.849
2689.51,2689.51,ETH-USD_UM_XPERP-310328,2688.5,2688.5,15m,2026-09-26 15:15:00+00:00,2975.097
2690.88,2694.6,ETH-USD_UM_XPERP-310328,2689.34,2689.34,15m,2026-09-26 15:30:00+00:00,5052.03
2691.21,2691.4,ETH-USD_UM_XPERP-310328,2689.0,2691.2,15m,2026-09-26 15:45:00+00:00,12489.996
2690.44,2691.18,ETH-USD_UM_XPERP-310328,2689.54,2691.18,15m,2026-09-26 16:00:00+00:00,4461.253
2688.28,2689.1,ETH-USD_UM_XPERP-310328,2687.85,2688.93,15m,2026-09-26 16:15:00+00:00,2976.013
2691.79,2692.33,ETH-USD_UM_XPERP-310328,2690.27,2690.27,15m,2026-09-26 16:30:00+00:00,2674.669
2689.73,2691.67,ETH-USD_UM_XPERP-310328,2689.18,2691.31,15m,2026-09-26 16:45:00+00:00,3567.99
2687.3,2690.26,ETH-USD_UM_XPERP-310328,2686.37,2690.26,15m,2026-09-26 17:00:00+00:00,5652.547
2686.87,2687.64,ETH-USD_UM_XPERP-310328,2685.86,2687.0,15m,2026-09-26 17:15:00+00:00,1786.737
2687.42,2688.15,ETH-USD_UM_XPERP-310328,2686.52,2687.37,15m,2026-09-26 17:30:00+00:00,3573.049
2688.86,2689.4,ETH-USD_UM_XPERP-310328,2688.61,2688.61,15m,2026-09-26 17:45:00+00:00,2677.449
2689.18,2689.69,ETH-USD_UM_XPERP-310328,2689.18,2689.69,15m,2026-09-26 18:00:00+00:00,594.901
2686.93,2687.03,ETH-USD_UM_XPERP-310328,2686.67,2686.84,15m,2026-09-26 18:15:00+00:00,3572.948
2684.6,2687.07,ETH-USD_UM_XPERP-310328,2684.6,2687.07,15m,2026-09-26 18:30:00+00:00,1192.538
2683.78,2684.04,ETH-USD_UM_XPERP-310328,2683.07,2683.07,15m,2026-09-26 18:45:00+00:00,4471.956
2684.7,2684.85,ETH-USD_UM_XPERP-310328,2683.75,2683.77,15m,2026-09-26 19:00:00+00:00,603.962
2682.04,2684.59,ETH-USD_UM_XPERP-310328,2682.04,2684.59,15m,2026-09-26 19:15:00+00:00,2683.689
2682.29,2682.29,ETH-USD_UM_XPERP-310328,2681.77,2682.01,15m,2026-09-26 19:30:00+00:00,298.308
2683.2,2683.31,ETH-USD_UM_XPERP-310328,2683.2,2683.31,15m,2026-09-26 19:45:00+00:00,0.116
2680.51,2683.08,ETH-USD_UM_XPERP-310328,2680.51,2682.76,15m,2026-09-26 20:00:00+00:00,1789.504
2681.0,2681.5,ETH-USD_UM_XPERP-310328,2680.75,2680.75,15m,2026-09-26 20:15:00+00:00,596.819
2669.46,2682.71,ETH-USD_UM_XPERP-310328,2665.72,2682.55,15m,2026-09-26 20:30:00+00:00,29508.971
2674.87,2675.75,ETH-USD_UM_XPERP-310328,2664.88,2670.93,15m,2026-09-26 20:45:00+00:00,36286.851
2679.72,2679.78,ETH-USD_UM_XPERP-310328,2640.33,2675.5,15m,2026-09-26 21:00:00+00:00,8971.479
2686.67,2686.67,ETH-USD_UM_XPERP-310328,2679.76,2679.95,15m,2026-09-26 21:15:00+00:00,9845.43
2686.39,2690.29,ETH-USD_UM_XPERP-310328,2684.82,2686.79,15m,2026-09-26 21:30:00+00:00,5949.711
2683.62,2684.82,ETH-USD_UM_XPERP-310328,2683.53,2684.82,15m,2026-09-26 21:45:00+00:00,3577.124
2688.74,2690.78,ETH-USD_UM_XPERP-310328,2684.77,2684.99,15m,2026-09-26 22:00:00+00:00,21129.643
2688.96,2688.96,ETH-USD_UM_XPERP-310328,2686.35,2687.04,15m,2026-09-26 22:15:00+00:00,893.203
2686.37,2688.46,ETH-USD_UM_XPERP-310328,2686.08,2688.46,15m,2026-09-26 22:30:00+00:00,1787.176
2687.44,2688.75,ETH-USD_UM_XPERP-310328,2687.44,2688.75,15m,2026-09-26 22:45:00+00:00,6250.012
2691.71,2691.8,ETH-USD_UM_XPERP-310328,2687.85,2687.85,15m,2026-09-26 23:00:00+00:00,2972.563
2693.75,2693.75,ETH-USD_UM_XPERP-310328,2692.04,2692.57,15m,2026-09-26 23:15:00+00:00,8320.439
2693.22,2694.74,ETH-USD_UM_XPERP-310328,2692.68,2692.68,15m,2026-09-26 23:30:00+00:00,3564.029
2695.28,2695.28,ETH-USD_UM_XPERP-310328,2693.64,2693.88,15m,2026-09-26 23:45:00+00:00,1484.655
2690.37,2694.97,ETH-USD_UM_XPERP-310328,2690.37,2694.97,15m,2026-09-27 00:00:00+00:00,11583.747
2690.93,2690.93,ETH-USD_UM_XPERP-310328,2689.52,2689.78,15m,2026-09-27 00:15:00+00:00,595.239
2694.1,2694.36,ETH-USD_UM_XPERP-310328,2691.39,2691.57,15m,2026-09-27 00:30:00+00:00,9210.47
2693.0,2693.26,ETH-USD_UM_XPERP-310328,2692.99,2693.25,15m,2026-09-27 00:45:00+00:00,2970.422
2694.1,2698.38,ETH-USD_UM_XPERP-310328,2690.49,2692.2,15m,2026-09-27 01:00:00+00:00,3269.317
2691.36,2694.38,ETH-USD_UM_XPERP-310328,2691.36,2694.38,15m,2026-09-27 01:15:00+00:00,4158.817
2693.15,2693.15,ETH-USD_UM_XPERP-310328,2689.83,2691.78,15m,2026-09-27 01:30:00+00:00,4757.914
2700.2,2704.07,ETH-USD_UM_XPERP-310328,2694.48,2694.48,15m,2026-09-27 01:45:00+00:00,18957.674
2699.51,2703.63,ETH-USD_UM_XPERP-310328,2698.41,2700.74,15m,2026-09-27 02:00:00+00:00,13030.874
2702.89,2704.53,ETH-USD_UM_XPERP-310328,2700.93,2701.28,15m,2026-09-27 02:15:00+00:00,5919.574
2701.0,2703.16,ETH-USD_UM_XPERP-310328,2701.0,2702.34,15m,2026-09-27 02:30:00+00:00,888.229
2696.41,2699.36,ETH-USD_UM_XPERP-310328,2696.22,2699.36,15m,2026-09-27 02:45:00+00:00,4447.43
2698.25,2699.4,ETH-USD_UM_XPERP-310328,2698.21,2699.21,15m,2026-09-27 03:00:00+00:00,1185.738
2695.33,2697.79,ETH-USD_UM_XPERP-310328,2694.9,2697.79,15m,2026-09-27 03:15:00+00:00,890.52
2696.57,2696.61,ETH-USD_UM_XPERP-310328,2695.29,2695.29,15m,2026-09-27 03:30:00+00:00,593.468
2696.0,2696.22,ETH-USD_UM_XPERP-310328,2695.01,2695.01,15m,2026-09-27 03:45:00+00:00,4451.564
2698.47,2698.7,ETH-USD_UM_XPERP-310328,2693.62,2694.71,15m,2026-09-27 04:00:00+00:00,6829.975
2696.07,2698.6,ETH-USD_UM_XPERP-310328,2695.92,2698.48,15m,2026-09-27 04:15:00+00:00,5042.975
2690.37,2694.5,ETH-USD_UM_XPERP-310328,2690.37,2694.21,15m,2026-09-27 04:30:00+00:00,3268.338
2691.59,2691.6,ETH-USD_UM_XPERP-310328,2690.29,2690.29,15m,2026-09-27 04:45:00+00:00,1189.144
2694.18,2694.59,ETH-USD_UM_XPERP-310328,2692.21,2692.21,15m,2026-09-27 05:00:00+00:00,6533.901
2695.92,2695.92,ETH-USD_UM_XPERP-310328,2694.18,2694.18,15m,2026-09-27 05:15:00+00:00,593.855
2702.61,2708.28,ETH-USD_UM_XPERP-310328,2696.81,2696.81,15m,2026-09-27 05:30:00+00:00,23945.129
2703.37,2706.53,ETH-USD_UM_XPERP-310328,2703.28,2704.36,15m,2026-09-27 05:45:00+00:00,16857.679
2708.24,2709.22,ETH-USD_UM_XPERP-310328,2704.04,2704.04,15m,2026-09-27 06:00:00+00:00,14183.354
2709.58,2709.75,ETH-USD_UM_XPERP-310328,2704.25,2707.54,15m,2026-09-27 06:15:00+00:00,9745.373
2706.0,2707.73,ETH-USD_UM_XPERP-310328,2705.12,2707.73,15m,2026-09-27 06:30:00+00:00,3547.333
2705.05,2706.2,ETH-USD_UM_XPERP-310328,2705.05,2706.2,15m,2026-09-27 06:45:00+00:00,887.018
2704.64,2707.79,ETH-USD_UM_XPERP-310328,2704.64,2705.98,15m,2026-09-27 07:00:00+00:00,2661.157
2706.03,2706.51,ETH-USD_UM_XPERP-310328,2704.83,2705.75,15m,2026-09-27 07:15:00+00:00,4435.904
2710.87,2715.04,ETH-USD_UM_XPERP-310328,2707.21,2707.21,15m,2026-09-27 07:30:00+00:00,5904.228
2717.49,2717.55,ETH-USD_UM_XPERP-310328,2709.8,2710.69,15m,2026-09-27 07:45:00+00:00,19161.228
2716.11,2719.28,ETH-USD_UM_XPERP-310328,2714.11,2717.35,15m,2026-09-27 08:00:00+00:00,28279.091
2715.16,2718.84,ETH-USD_UM_XPERP-310328,2713.7,2717.82,15m,2026-09-27 08:15:00+00:00,22976.195
2714.61,2720.0,ETH-USD_UM_XPERP-310328,2714.51,2714.61,15m,2026-09-27 08:30:00+00:00,11189.85
2713.25,2715.12,ETH-USD_UM_XPERP-310328,2713.0,2714.21,15m,2026-09-27 08:45:00+00:00,4421.652
2707.73,2713.04,ETH-USD_UM_XPERP-310328,2704.91,2713.04,15m,2026-09-27 09:00:00+00:00,13892.191
2709.97,2710.38,ETH-USD_UM_XPERP-310328,2707.23,2708.96,15m,2026-09-27 09:15:00+00:00,17129.903
2712.07,2712.66,ETH-USD_UM_XPERP-310328,2710.0,2710.01,15m,2026-09-27 09:30:00+00:00,11806.415
2713.56,2715.9,ETH-USD_UM_XPERP-310328,2700.0,2714.43,15m,2026-09-27 09:45:00+00:00,9136.736
2715.76,2716.54,ETH-USD_UM_XPERP-310328,2712.49,2713.55,15m,2026-09-27 10:00:00+00:00,17680.979
2711.22,2717.68,ETH-USD_UM_XPERP-310328,2711.22,2716.86,15m,2026-09-27 10:15:00+00:00,12976.503
2708.23,2709.95,ETH-USD_UM_XPERP-310328,2708.23,2709.94,15m,2026-09-27 10:30:00+00:00,4725.034
2708.21,2710.01,ETH-USD_UM_XPERP-310328,2708.1,2708.43,15m,2026-09-27 10:45:00+00:00,1182.234
2710.29,2724.02,ETH-USD_UM_XPERP-310328,2707.64,2709.01,15m,2026-09-27 11:00:00+00:00,5614.599
2708.94,2722.71,ETH-USD_UM_XPERP-310328,2706.8,2708.55,15m,2026-09-27 11:15:00+00:00,5613.872
2707.69,2708.52,ETH-USD_UM_XPERP-310328,2706.1,2708.52,15m,2026-09-27 11:30:00+00:00,591.503
2708.63,2709.8,ETH-USD_UM_XPERP-310328,2706.26,2708.41,15m,2026-09-27 11:45:00+00:00,7385.28
2713.93,2714.34,ETH-USD_UM_XPERP-310328,2709.0,2709.0,15m,2026-09-27 12:00:00+00:00,3835.409
2712.15,2715.36,ETH-USD_UM_XPERP-310328,2707.64,2714.4,15m,2026-09-27 12:15:00+00:00,5897.519
2713.97,2714.23,ETH-USD_UM_XPERP-310328,2712.49,2712.5,15m,2026-09-27 12:30:00+00:00,2948.691
2706.87,2713.65,ETH-USD_UM_XPERP-310328,2706.86,2713.51,15m,2026-09-27 12:45:00+00:00,2067.065
2697.85,2715.04,ETH-USD_UM_XPERP-310328,2697.67,2706.84,15m,2026-09-27 13:00:00+00:00,81735.738
2708.21,2708.65,ETH-USD_UM_XPERP-310328,2697.86,2697.88,15m,2026-09-27 13:15:00+00:00,32870.115
2702.22,2713.52,ETH-USD_UM_XPERP-310328,2702.2,2708.32,15m,2026-09-27 13:30:00+00:00,61165.895
2708.46,2708.46,ETH-USD_UM_XPERP-310328,2700.43,2702.0,15m,2026-09-27 13:45:00+00:00,25461.231
2705.5,2708.81,ETH-USD_UM_XPERP-310328,2703.26,2708.51,15m,2026-09-27 14:00:00+00:00,15675.597
2689.89,2706.27,ETH-USD_UM_XPERP-310328,2689.17,2705.82,15m,2026-09-27 14:15:00+00:00,52506.763
2689.85,2693.6,ETH-USD_UM_XPERP-310328,2685.18,2689.05,15m,2026-09-27 14:30:00+00:00,67235.893
2686.55,2690.79,ETH-USD_UM_XPERP-310328,2681.63,2690.38,15m,2026-09-27 14:45:00+00:00,101843.251
2686.57,2687.44,ETH-USD_UM_XPERP-310328,2681.57,2684.82,15m,2026-09-27 15:00:00+00:00,39637.456
2688.66,2692.18,ETH-USD_UM_XPERP-310328,2683.83,2686.8,15m,2026-09-27 15:15:00+00:00,39862.978
2686.44,2689.03,ETH-USD_UM_XPERP-310328,2686.44,2688.32,15m,2026-09-27 15:30:00+00:00,13988.367
2690.36,2690.37,ETH-USD_UM_XPERP-310328,2686.24,2686.24,15m,2026-09-27 15:45:00+00:00,29156.342
2691.12,2692.92,ETH-USD_UM_XPERP-310328,2688.71,2688.71,15m,2026-09-27 16:00:00+00:00,16649.235
2689.99,2694.13,ETH-USD_UM_XPERP-310328,2684.82,2691.64,15m,2026-09-27 16:15:00+00:00,41907.668
2684.5,2688.46,ETH-USD_UM_XPERP-310328,2683.98,2688.27,15m,2026-09-27 16:30:00+00:00,21144.983
2685.0,2686.45,ETH-USD_UM_XPERP-310328,2684.81,2685.53,15m,2026-09-27 16:45:00+00:00,11022.611
2686.85,2688.34,ETH-USD_UM_XPERP-310328,2599.5,2685.82,15m,2026-09-27 17:00:00+00:00,11933.555
2686.22,2688.8,ETH-USD_UM_XPERP-310328,2686.22,2687.59,15m,2026-09-27 17:15:00+00:00,11311.409
2686.64,2687.88,ETH-USD_UM_XPERP-310328,2685.69,2685.69,15m,2026-09-27 17:30:00+00:00,2084.55
2690.01,2690.37,ETH-USD_UM_XPERP-310328,2688.22,2688.22,15m,2026-09-27 17:45:00+00:00,4164.546
2691.0,2691.0,ETH-USD_UM_XPERP-310328,2688.95,2689.87,15m,2026-09-27 18:00:00+00:00,10431.118
2695.98,2697.59,ETH-USD_UM_XPERP-310328,2691.8,2691.8,15m,2026-09-27 18:15:00+00:00,17226.65
2696.61,2696.61,ETH-USD_UM_XPERP-310328,2695.01,2695.55,15m,2026-09-27 18:30:00+00:00,7424.256
2697.38,2697.99,ETH-USD_UM_XPERP-310328,2695.54,2695.54,15m,2026-09-27 18:45:00+00:00,9495.986
2694.26,2694.26,ETH-USD_UM_XPERP-310328,2692.57,2693.15,15m,2026-09-27 19:00:00+00:00,1485.074
2690.85,2696.15,ETH-USD_UM_XPERP-310328,2690.85,2695.36,15m,2026-09-27 19:15:00+00:00,5941.11
2692.12,2693.0,ETH-USD_UM_XPERP-310328,2689.52,2691.13,15m,2026-09-27 19:30:00+00:00,3271.242
2690.37,2693.8,ETH-USD_UM_XPERP-310328,2690.37,2692.1,15m,2026-09-27 19:45:00+00:00,3862.453
2694.25,2694.25,ETH-USD_UM_XPERP-310328,2690.43,2690.43,15m,2026-09-27 20:00:00+00:00,2376.569
2687.56,2694.86,ETH-USD_UM_XPERP-310328,2687.48,2694.49,15m,2026-09-27 20:15:00+00:00,21703.03
2690.15,2690.15,ETH-USD_UM_XPERP-310328,2688.49,2688.49,15m,2026-09-27 20:30:00+00:00,2677.7
2684.91,2690.37,ETH-USD_UM_XPERP-310328,2684.82,2690.37,15m,2026-09-27 20:45:00+00:00,10422.986
2690.37,2690.37,ETH-USD_UM_XPERP-310328,2685.58,2685.58,15m,2026-09-27 21:00:00+00:00,5058.911
2686.79,2692.33,ETH-USD_UM_XPERP-310328,2686.79,2691.0,15m,2026-09-27 21:15:00+00:00,6242.659
2680.87,2686.5,ETH-USD_UM_XPERP-310328,2546.77,2686.5,15m,2026-09-27 21:30:00+00:00,18238.141
2683.3,2683.9,ETH-USD_UM_XPERP-310328,2680.95,2681.13,15m,2026-09-27 21:45:00+00:00,9244.328
2671.56,2685.0,ETH-USD_UM_XPERP-310328,2671.55,2684.62,15m,2026-09-27 22:00:00+00:00,91766.198
2683.43,2683.43,ETH-USD_UM_XPERP-310328,2670.5,2671.58,15m,2026-09-27 22:15:00+00:00,37674.84
2669.69,2682.15,ETH-USD_UM_XPERP-310328,2669.57,2682.15,15m,2026-09-27 22:30:00+00:00,63748.886
2674.65,2674.78,ETH-USD_UM_XPERP-310328,2668.15,2669.23,15m,2026-09-27 22:45:00+00:00,32944.537
2677.32,2679.77,ETH-USD_UM_XPERP-310328,2672.69,2674.0,15m,2026-09-27 23:00:00+00:00,55292.053
2683.76,2738.37,ETH-USD_UM_XPERP-310328,2674.88,2675.63,15m,2026-09-27 23:15:00+00:00,34024.618
2682.32,2685.97,ETH-USD_UM_XPERP-310328,2682.31,2683.95,15m,2026-09-27 23:30:00+00:00,38139.057
2686.05,2689.56,ETH-USD_UM_XPERP-310328,2682.04,2682.94,15m,2026-09-27 23:45:00+00:00,23833.957
2685.93,2690.79,ETH-USD_UM_XPERP-310328,2683.27,2687.88,15m,2026-09-28 00:00:00+00:00,60716.856
2691.73,2702.12,ETH-USD_UM_XPERP-310328,2687.01,2687.59,15m,2026-09-28 00:15:00+00:00,140507.436
2676.84,2691.78,ETH-USD_UM_XPERP-310328,2671.75,2691.71,15m,2026-09-28 00:30:00+00:00,112380.794
2673.49,2688.35,ETH-USD_UM_XPERP-310328,2672.82,2677.5,15m,2026-09-28 00:45:00+00:00,82945.093
2666.5,2678.17,ETH-USD_UM_XPERP-310328,2665.86,2673.34,15m,2026-09-28 01:00:00+00:00,159875.148
2673.58,2675.36,ETH-USD_UM_XPERP-310328,2665.71,2666.92,15m,2026-09-28 01:15:00+00:00,77008.575
2664.81,2674.97,ETH-USD_UM_XPERP-310328,2664.0,2673.22,15m,2026-09-28 01:30:00+00:00,114451.9
2656.12,2669.19,ETH-USD_UM_XPERP-310328,2650.01,2663.69,15m,2026-09-28 01:45:00+00:00,181753.264
2660.0,2661.16,ETH-USD_UM_XPERP-310328,2650.17,2655.58,15m,2026-09-28 02:00:00+00:00,133528.485
2655.16,2660.04,ETH-USD_UM_XPERP-310328,2652.38,2660.04,15m,2026-09-28 02:15:00+00:00,91259.086
2650.8,2654.27,ETH-USD_UM_XPERP-310328,2648.55,2654.27,15m,2026-09-28 02:30:00+00:00,57030.675
2650.9,2652.9,ETH-USD_UM_XPERP-310328,2647.79,2651.71,15m,2026-09-28 02:45:00+00:00,73337.071
2655.63,2656.23,ETH-USD_UM_XPERP-310328,2652.34,2654.27,15m,2026-09-28 03:00:00+00:00,56666.151
2645.4,2656.57,ETH-USD_UM_XPERP-310328,2645.28,2653.23,15m,2026-09-28 03:15:00+00:00,69994.319
2653.14,2653.61,ETH-USD_UM_XPERP-310328,2642.54,2645.04,15m,2026-09-28 03:30:00+00:00,116017.317
2651.25,2653.44,ETH-USD_UM_XPERP-310328,2651.01,2651.63,15m,2026-09-28 03:45:00+00:00,54598.159
2653.26,2653.42,ETH-USD_UM_XPERP-310328,2645.94,2651.52,15m,2026-09-28 04:00:00+00:00,50423.591
2657.0,2658.77,ETH-USD_UM_XPERP-310328,2651.57,2653.44,15m,2026-09-28 04:15:00+00:00,67163.872
2658.09,2658.98,ETH-USD_UM_XPERP-310328,2640.79,2656.41,15m,2026-09-28 04:30:00+00:00,21981.989
2657.61,2659.83,ETH-USD_UM_XPERP-310328,2654.87,2657.41,15m,2026-09-28 04:45:00+00:00,14151.004
2650.08,2659.39,ETH-USD_UM_XPERP-310328,2646.93,2657.62,15m,2026-09-28 05:00:00+00:00,60009.131
2647.48,2651.18,ETH-USD_UM_XPERP-310328,2644.52,2651.18,15m,2026-09-28 05:15:00+00:00,44129.764
2648.72,2648.72,ETH-USD_UM_XPERP-310328,2635.23,2644.92,15m,2026-09-28 05:30:00+00:00,63280.086
2651.08,2652.58,ETH-USD_UM_XPERP-310328,2646.69,2650.0,15m,2026-09-28 05:45:00+00:00,24745.236
2652.8,2655.21,ETH-USD_UM_XPERP-310328,2648.07,2650.14,15m,2026-09-28 06:00:00+00:00,42845.107
2645.92,2652.99,ETH-USD_UM_XPERP-310328,2645.92,2651.5,15m,2026-09-28 06:15:00+00:00,48004.229
2650.18,2651.5,ETH-USD_UM_XPERP-310328,2646.4,2646.4,15m,2026-09-28 06:30:00+00:00,22050.448
2648.27,2650.04,ETH-USD_UM_XPERP-310328,2646.95,2649.27,15m,2026-09-28 06:45:00+00:00,5134.888
2646.37,2654.27,ETH-USD_UM_XPERP-310328,2627.38,2648.42,15m,2026-09-28 07:00:00+00:00,40136.799
2642.87,2649.69,ETH-USD_UM_XPERP-310328,2642.53,2646.38,15m,2026-09-28 07:15:00+00:00,38092.544
2642.59,2645.19,ETH-USD_UM_XPERP-310328,2642.33,2643.24,15m,2026-09-28 07:30:00+00:00,36611.343
2644.0,2647.84,ETH-USD_UM_XPERP-310328,2642.78,2643.28,15m,2026-09-28 07:45:00+00:00,23588.076
2649.09,2649.1,ETH-USD_UM_XPERP-310328,2641.09,2642.33,15m,2026-09-28 08:00:00+00:00,70133.334
2644.41,2650.42,ETH-USD_UM_XPERP-310328,2642.23,2649.01,15m,2026-09-28 08:15:00+00:00,49870.098
2642.0,2648.19,ETH-USD_UM_XPERP-310328,2639.71,2646.42,15m,2026-09-28 08:30:00+00:00,35100.694
2650.82,2650.99,ETH-USD_UM_XPERP-310328,2634.84,2642.56,15m,2026-09-28 08:45:00+00:00,9070.666
2646.69,2651.5,ETH-USD_UM_XPERP-310328,2636.09,2649.44,15m,2026-09-28 09:00:00+00:00,69655.176
2646.57,2652.96,ETH-USD_UM_XPERP-310328,2643.61,2647.35,15m,2026-09-28 09:15:00+00:00,61939.592
2637.62,2646.65,ETH-USD_UM_XPERP-310328,2637.62,2646.45,15m,2026-09-28 09:30:00+00:00,34535.65
2639.17,2643.17,ETH-USD_UM_XPERP-310328,2638.22,2638.93,15m,2026-09-28 09:45:00+00:00,8181.4
2644.72,2648.8,ETH-USD_UM_XPERP-310328,2641.16,2641.35,15m,2026-09-28 10:00:00+00:00,59573.348
2647.54,2649.4,ETH-USD_UM_XPERP-310328,2645.89,2648.17,15m,2026-09-28 10:15:00+00:00,38375.411
2654.42,2654.78,ETH-USD_UM_XPERP-310328,2646.65,2648.75,15m,2026-09-28 10:30:00+00:00,37742.973
2655.34,2657.82,ETH-USD_UM_XPERP-310328,2652.9,2654.71,15m,2026-09-28 10:45:00+00:00,15067.774
2660.7,2661.49,ETH-USD_UM_XPERP-310328,2657.01,2657.05,15m,2026-09-28 11:00:00+00:00,78215.788
2662.94,2665.38,ETH-USD_UM_XPERP-310328,2660.65,2660.65,15m,2026-09-28 11:15:00+00:00,54382.479
2665.12,2667.84,ETH-USD_UM_XPERP-310328,2661.9,2664.52,15m,2026-09-28 11:30:00+00:00,42918.389
2662.6,2668.16,ETH-USD_UM_XPERP-310328,2661.98,2664.78,15m,2026-09-28 11:45:00+00:00,19807.316
2681.73,2690.37,ETH-USD_UM_XPERP-310328,2664.64,2667.68,15m,2026-09-28 12:00:00+00:00,120500.158
2678.89,2686.44,ETH-USD_UM_XPERP-310328,2678.43,2683.46,15m,2026-09-28 12:15:00+00:00,72172.069
2673.63,2681.77,ETH-USD_UM_XPERP-310328,2673.63,2679.19,15m,2026-09-28 12:30:00+00:00,52588.806
2688.75,2691.04,ETH-USD_UM_XPERP-310328,2676.49,2676.49,15m,2026-09-28 12:45:00+00:00,115574.517
2683.88,2779.84,ETH-USD_UM_XPERP-310328,2680.0,2689.09,15m,2026-09-28 13:00:00+00:00,46831.306
2688.71,2688.71,ETH-USD_UM_XPERP-310328,2680.77,2684.03,15m,2026-09-28 13:15:00+00:00,49183.692
2696.55,2696.68,ETH-USD_UM_XPERP-310328,2681.17,2688.86,15m,2026-09-28 13:30:00+00:00,177626.295
2689.55,2697.07,ETH-USD_UM_XPERP-310328,2685.33,2695.78,15m,2026-09-28 13:45:00+00:00,109362.309
2679.11,2687.96,ETH-USD_UM_XPERP-310328,2677.77,2687.88,15m,2026-09-28 14:00:00+00:00,80195.459
2666.2,2686.68,ETH-USD_UM_XPERP-310328,2666.16,2679.98,15m,2026-09-28 14:15:00+00:00,103644.143
2660.43,2681.71,ETH-USD_UM_XPERP-310328,2659.03,2670.02,15m,2026-09-28 14:30:00+00:00,207520.172
2665.65,2668.61,ETH-USD_UM_XPERP-310328,2651.45,2658.75,15m,2026-09-28 14:45:00+00:00,262952.333
2664.11,2677.47,ETH-USD_UM_XPERP-310328,2661.28,2665.63,15m,2026-09-28 15:00:00+00:00,171570.599
2667.9,2668.8,ETH-USD_UM_XPERP-310328,2653.95,2662.9,15m,2026-09-28 15:15:00+00:00,126572.217
2673.17,2678.29,ETH-USD_UM_XPERP-310328,2664.24,2666.53,15m,2026-09-28 15:30:00+00:00,138358.733
2677.48,2679.12,ETH-USD_UM_XPERP-310328,2672.74,2674.89,15m,2026-09-28 15:45:00+00:00,78032.883
2672.29,2677.84,ETH-USD_UM_XPERP-310328,2670.23,2675.93,15m,2026-09-28 16:00:00+00:00,105857.151
2693.43,2696.55,ETH-USD_UM_XPERP-310328,2671.75,2672.11,15m,2026-09-28 16:15:00+00:00,204433.468
2683.04,2696.51,ETH-USD_UM_XPERP-310328,2681.46,2693.66,15m,2026-09-28 16:30:00+00:00,127010.248
2685.9,2686.95,ETH-USD_UM_XPERP-310328,2679.26,2683.01,15m,2026-09-28 16:45:00+00:00,97796.947
2715.34,2715.48,ETH-USD_UM_XPERP-310328,2681.02,2685.65,15m,2026-09-28 17:00:00+00:00,132826.046
2698.32,2719.26,ETH-USD_UM_XPERP-310328,2698.13,2716.86,15m,2026-09-28 17:15:00+00:00,137903.892
2700.99,2703.62,ETH-USD_UM_XPERP-310328,2693.15,2698.89,15m,2026-09-28 17:30:00+00:00,100785.177
2695.33,2699.98,ETH-USD_UM_XPERP-310328,2691.42,2699.98,15m,2026-09-28 17:45:00+00:00,55796.192
2697.59,2697.59,ETH-USD_UM_XPERP-310328,2692.02,2693.15,15m,2026-09-28 18:00:00+00:00,51641.638
2694.54,2697.98,ETH-USD_UM_XPERP-310328,2693.6,2697.98,15m,2026-09-28 18:15:00+00:00,30006.15
2689.3,2694.49,ETH-USD_UM_XPERP-310328,2686.72,2694.49,15m,2026-09-28 18:30:00+00:00,58021.308
2698.33,2698.34,ETH-USD_UM_XPERP-310328,2687.49,2688.24,15m,2026-09-28 18:45:00+00:00,38626.815
2685.0,2698.55,ETH-USD_UM_XPERP-310328,2682.88,2698.55,15m,2026-09-28 19:00:00+00:00,36879.31
2680.35,2685.6,ETH-USD_UM_XPERP-310328,2680.0,2683.87,15m,2026-09-28 19:15:00+00:00,56082.548
2671.22,2680.72,ETH-USD_UM_XPERP-310328,2663.75,2680.43,15m,2026-09-28 19:30:00+00:00,98805.646
2672.64,2674.88,ETH-USD_UM_XPERP-310328,2669.19,2671.21,15m,2026-09-28 19:45:00+00:00,37449.061
2684.38,2685.0,ETH-USD_UM_XPERP-310328,2670.41,2673.13,15m,2026-09-28 20:00:00+00:00,90499.308
2679.26,2684.84,ETH-USD_UM_XPERP-310328,2679.26,2684.84,15m,2026-09-28 20:15:00+00:00,25648.674
2679.37,2682.91,ETH-USD_UM_XPERP-310328,2678.18,2678.56,15m,2026-09-28 20:30:00+00:00,31931.29
2681.55,2682.52,ETH-USD_UM_XPERP-310328,2676.49,2679.44,15m,2026-09-28 20:45:00+00:00,9864.787
2685.2,2688.91,ETH-USD_UM_XPERP-310328,2683.7,2684.82,15m,2026-09-28 21:00:00+00:00,47067.528
2680.07,2685.46,ETH-USD_UM_XPERP-310328,2679.45,2685.46,15m,2026-09-28 21:15:00+00:00,4488.762
2679.63,2679.85,ETH-USD_UM_XPERP-310328,2677.5,2679.26,15m,2026-09-28 21:30:00+00:00,5974.241
2673.57,2679.44,ETH-USD_UM_XPERP-310328,2673.57,2679.24,15m,2026-09-28 21:45:00+00:00,12255.326
2670.02,2673.71,ETH-USD_UM_XPERP-310328,2667.0,2673.33,15m,2026-09-28 22:00:00+00:00,42283.205
2674.25,2674.4,ETH-USD_UM_XPERP-310328,2669.71,2669.71,15m,2026-09-28 22:15:00+00:00,34721.787
2683.34,2683.69,ETH-USD_UM_XPERP-310328,2674.2,2674.25,15m,2026-09-28 22:30:00+00:00,14644.915
2685.98,2686.29,ETH-USD_UM_XPERP-310328,2683.36,2684.06,15m,2026-09-28 22:45:00+00:00,5391.999
2685.5,2693.15,ETH-USD_UM_XPERP-310328,2684.82,2686.64,15m,2026-09-28 23:00:00+00:00,22009.571
2689.67,2690.38,ETH-USD_UM_XPERP-310328,2686.68,2687.09,15m,2026-09-28 23:15:00+00:00,10716.499
2691.35,2692.16,ETH-USD_UM_XPERP-310328,2689.19,2689.19,15m,2026-09-28 23:30:00+00:00,15462.766
2687.68,2690.47,ETH-USD_UM_XPERP-310328,2687.66,2690.47,15m,2026-09-28 23:45:00+00:00,11306.031
2689.35,2690.68,ETH-USD_UM_XPERP-310328,2686.47,2687.59,15m,2026-09-29 00:00:00+00:00,26181.956
2688.34,2688.34,ETH-USD_UM_XPERP-310328,2682.29,2686.66,15m,2026-09-29 00:15:00+00:00,23250.761
2689.96,2694.21,ETH-USD_UM_XPERP-310328,2686.66,2688.24,15m,2026-09-29 00:30:00+00:00,42245.944
2676.51,2687.59,ETH-USD_UM_XPERP-310328,2676.51,2687.59,15m,2026-09-29 00:45:00+00:00,25385.894
2669.44,2679.73,ETH-USD_UM_XPERP-310328,2666.88,2676.51,15m,2026-09-29 01:00:00+00:00,111643.501
2658.21,2670.93,ETH-USD_UM_XPERP-310328,2658.21,2669.1,15m,2026-09-29 01:15:00+00:00,146574.11
2662.57,2664.46,ETH-USD_UM_XPERP-310328,2656.59,2658.41,15m,2026-09-29 01:30:00+00:00,119414.96
2664.76,2667.97,ETH-USD_UM_XPERP-310328,2659.93,2662.58,15m,2026-09-29 01:45:00+00:00,86193.202
2661.27,2666.6,ETH-USD_UM_XPERP-310328,2655.29,2664.46,15m,2026-09-29 02:00:00+00:00,93494.846
2653.7,2664.15,ETH-USD_UM_XPERP-310328,2652.87,2660.41,15m,2026-09-29 02:15:00+00:00,105949.289
2657.44,2658.39,ETH-USD_UM_XPERP-310328,2651.45,2654.83,15m,2026-09-29 02:30:00+00:00,72330.362
2656.19,2661.18,ETH-USD_UM_XPERP-310328,2653.41,2658.9,15m,2026-09-29 02:45:00+00:00,43946.118
2655.98,2661.84,ETH-USD_UM_XPERP-310328,2655.98,2656.79,15m,2026-09-29 03:00:00+00:00,52972.876
2666.92,2666.96,ETH-USD_UM_XPERP-310328,2655.09,2655.85,15m,2026-09-29 03:15:00+00:00,79361.319
2666.28,2668.16,ETH-USD_UM_XPERP-310328,2663.12,2665.87,15m,2026-09-29 03:30:00+00:00,54020.927
2663.92,2667.37,ETH-USD_UM_XPERP-310328,2663.63,2665.3,15m,2026-09-29 03:45:00+00:00,29110.896
2666.96,2666.98,ETH-USD_UM_XPERP-310328,2661.52,2664.3,15m,2026-09-29 04:00:00+00:00,28226.68
2668.55,2754.79,ETH-USD_UM_XPERP-310328,2666.67,2667.45,15m,2026-09-29 04:15:00+00:00,22202.646
2665.46,2668.6,ETH-USD_UM_XPERP-310328,2662.59,2668.23,15m,2026-09-29 04:30:00+00:00,27606.257
2470.92,2596.38,ETH-USD_UM_XPERP-310328,2459.47,2468.54,1h,2026-08-26 20:00:00+00:00,187167.788
2495.85,2501.25,ETH-USD_UM_XPERP-310328,2331.93,2471.25,1h,2026-08-26 21:00:00+00:00,311709.954
2493.95,2618.33,ETH-USD_UM_XPERP-310328,2454.5,2495.72,1h,2026-08-26 22:00:00+00:00,425218.57
2505.63,2510.77,ETH-USD_UM_XPERP-310328,2487.52,2492.86,1h,2026-08-26 23:00:00+00:00,295222.333
2491.83,2509.03,ETH-USD_UM_XPERP-310328,2491.43,2504.55,1h,2026-08-27 00:00:00+00:00,343533.969
2497.73,2504.37,ETH-USD_UM_XPERP-310328,2486.77,2491.07,1h,2026-08-27 01:00:00+00:00,263566.924
2493.49,2503.85,ETH-USD_UM_XPERP-310328,2388.46,2496.96,1h,2026-08-27 02:00:00+00:00,206959.072
2491.3,2497.86,ETH-USD_UM_XPERP-310328,2406.03,2493.89,1h,2026-08-27 03:00:00+00:00,212473.501
2486.38,2494.71,ETH-USD_UM_XPERP-310328,2483.33,2492.35,1h,2026-08-27 04:00:00+00:00,342630.231
2495.04,2496.26,ETH-USD_UM_XPERP-310328,2367.19,2486.39,1h,2026-08-27 05:00:00+00:00,311060.071
2492.22,2495.43,ETH-USD_UM_XPERP-310328,2399.5,2495.43,1h,2026-08-27 06:00:00+00:00,221296.283
2497.02,2497.8,ETH-USD_UM_XPERP-310328,2362.94,2491.15,1h,2026-08-27 07:00:00+00:00,194592.129
2530.18,2544.64,ETH-USD_UM_XPERP-310328,2496.43,2497.95,1h,2026-08-27 08:00:00+00:00,562507.016
2534.22,2608.93,ETH-USD_UM_XPERP-310328,2526.21,2530.24,1h,2026-08-27 09:00:00+00:00,381638.371
2501.27,2538.86,ETH-USD_UM_XPERP-310328,2491.17,2534.16,1h,2026-08-27 10:00:00+00:00,516961.189
2500.41,2565.38,ETH-USD_UM_XPERP-310328,2493.46,2502.78,1h,2026-08-27 11:00:00+00:00,290965.413
2494.27,2505.69,ETH-USD_UM_XPERP-310328,2420.6,2500.68,1h,2026-08-27 12:00:00+00:00,233610.811
2495.59,2509.5,ETH-USD_UM_XPERP-310328,2482.0,2493.89,1h,2026-08-27 13:00:00+00:00,284351.611
2516.04,2522.4,ETH-USD_UM_XPERP-310328,2443.5,2496.15,1h,2026-08-27 14:00:00+00:00,480320.055
2520.68,2575.0,ETH-USD_UM_XPERP-310328,2442.71,2516.15,1h,2026-08-27 15:00:00+00:00,479835.698
2521.16,2531.35,ETH-USD_UM_XPERP-310328,2395.51,2520.52,1h,2026-08-27 16:00:00+00:00,314177.994
2517.39,2532.34,ETH-USD_UM_XPERP-310328,2515.26,2521.11,1h,2026-08-27 17:00:00+00:00,358921.046
2505.72,2592.35,ETH-USD_UM_XPERP-310328,2488.46,2517.29,1h,2026-08-27 18:00:00+00:00,246892.326
2496.42,2522.58,ETH-USD_UM_XPERP-310328,2450.0,2505.9,1h,2026-08-27 19:00:00+00:00,303846.651
2506.57,2538.53,ETH-USD_UM_XPERP-310328,2493.72,2497.13,1h,2026-08-27 20:00:00+00:00,181351.352
2502.36,2507.49,ETH-USD_UM_XPERP-310328,2434.58,2506.82,1h,2026-08-27 21:00:00+00:00,242079.568
2514.11,2612.24,ETH-USD_UM_XPERP-310328,2503.57,2503.57,1h,2026-08-27 22:00:00+00:00,212599.127
2508.87,2515.86,ETH-USD_UM_XPERP-310328,2508.38,2513.15,1h,2026-08-27 23:00:00+00:00,217569.759
2513.64,2517.63,ETH-USD_UM_XPERP-310328,2466.67,2510.33,1h,2026-08-28 00:00:00+00:00,264734.383
2511.54,2533.42,ETH-USD_UM_XPERP-310328,2434.58,2512.5,1h,2026-08-28 01:00:00+00:00,281616.9
2493.18,2522.78,ETH-USD_UM_XPERP-310328,2487.36,2510.37,1h,2026-08-28 02:00:00+00:00,285559.733
2489.17,2494.64,ETH-USD_UM_XPERP-310328,2485.25,2491.07,1h,2026-08-28 03:00:00+00:00,143052.626
2485.18,2494.9,ETH-USD_UM_XPERP-310328,2477.58,2489.26,1h,2026-08-28 04:00:00+00:00,250965.456
2492.2,2496.07,ETH-USD_UM_XPERP-310328,2481.51,2483.93,1h,2026-08-28 05:00:00+00:00,185290.602
2502.78,2504.1,ETH-USD_UM_XPERP-310328,2492.21,2492.21,1h,2026-08-28 06:00:00+00:00,115956.06
2494.93,2501.79,ETH-USD_UM_XPERP-310328,2421.5,2501.79,1h,2026-08-28 07:00:00+00:00,76642.502
2487.14,2502.85,ETH-USD_UM_XPERP-310328,2486.36,2496.25,1h,2026-08-28 08:00:00+00:00,185098.634
2488.51,2492.91,ETH-USD_UM_XPERP-310328,2483.53,2487.7,1h,2026-08-28 09:00:00+00:00,105601.786
2504.55,2518.0,ETH-USD_UM_XPERP-310328,2481.67,2489.22,1h,2026-08-28 10:00:00+00:00,271300.705
2504.02,2510.46,ETH-USD_UM_XPERP-310328,2501.64,2505.56,1h,2026-08-28 11:00:00+00:00,166664.193
2498.01,2506.78,ETH-USD_UM_XPERP-310328,2480.0,2504.06,1h,2026-08-28 12:00:00+00:00,277533.162
2517.03,2517.35,ETH-USD_UM_XPERP-310328,2434.06,2498.21,1h,2026-08-28 13:00:00+00:00,125784.051
2510.63,2628.24,ETH-USD_UM_XPERP-310328,2439.7,2514.29,1h,2026-08-28 14:00:00+00:00,666913.36
2470.59,2516.62,ETH-USD_UM_XPERP-310328,2470.45,2512.5,1h,2026-08-28 15:00:00+00:00,587053.428
2441.88,2501.18,ETH-USD_UM_XPERP-310328,2407.02,2470.8,1h,2026-08-28 16:00:00+00:00,764792.021
2442.0,2474.31,ETH-USD_UM_XPERP-310328,2436.83,2441.07,1h,2026-08-28 17:00:00+00:00,420393.996
2427.65,2443.84,ETH-USD_UM_XPERP-310328,2417.75,2443.75,1h,2026-08-28 18:00:00+00:00,307425.323
2434.23,2439.82,ETH-USD_UM_XPERP-310328,2428.08,2428.22,1h,2026-08-28 19:00:00+00:00,187657.13
2426.56,2435.13,ETH-USD_UM_XPERP-310328,2423.67,2434.53,1h,2026-08-28 20:00:00+00:00,114202.402
2423.78,2431.32,ETH-USD_UM_XPERP-310328,2422.02,2427.72,1h,2026-08-28 21:00:00+00:00,185643.074
2441.89,2443.27,ETH-USD_UM_XPERP-310328,2422.02,2423.62,1h,2026-08-28 22:00:00+00:00,141886.936
2441.53,2441.76,ETH-USD_UM_XPERP-310328,2436.25,2440.31,1h,2026-08-28 23:00:00+00:00,94115.11
2441.76,2447.2,ETH-USD_UM_XPERP-310328,2388.5,2441.69,1h,2026-08-29 00:00:00+00:00,182439.716
2441.83,2444.64,ETH-USD_UM_XPERP-310328,2438.78,2441.4,1h,2026-08-29 01:00:00+00:00,66519.934
2437.75,2443.59,ETH-USD_UM_XPERP-310328,2434.87,2442.66,1h,2026-08-29 02:00:00+00:00,71919.595
2434.52,2440.0,ETH-USD_UM_XPERP-310328,2433.71,2438.18,1h,2026-08-29 03:00:00+00:00,93874.704
2439.56,2440.0,ETH-USD_UM_XPERP-310328,2433.63,2434.29,1h,2026-08-29 04:00:00+00:00,88618.744
2437.62,2441.14,ETH-USD_UM_XPERP-310328,2437.29,2439.4,1h,2026-08-29 05:00:00+00:00,44321.757
2434.18,2439.29,ETH-USD_UM_XPERP-310328,2429.78,2438.1,1h,2026-08-29 06:00:00+00:00,40441.591
2435.0,2436.64,ETH-USD_UM_XPERP-310328,2433.22,2434.23,1h,2026-08-29 07:00:00+00:00,22668.971
2432.99,2434.68,ETH-USD_UM_XPERP-310328,2430.25,2434.27,1h,2026-08-29 08:00:00+00:00,52651.484
2434.57,2436.51,ETH-USD_UM_XPERP-310328,2432.46,2433.15,1h,2026-08-29 09:00:00+00:00,106149.48
2433.93,2436.87,ETH-USD_UM_XPERP-310328,2430.6,2434.32,1h,2026-08-29 10:00:00+00:00,31583.908
2434.8,2437.36,ETH-USD_UM_XPERP-310328,2432.65,2432.88,1h,2026-08-29 11:00:00+00:00,60454.349
2433.44,2438.18,ETH-USD_UM_XPERP-310328,2432.5,2434.94,1h,2026-08-29 12:00:00+00:00,24332.047
2434.95,2435.49,ETH-USD_UM_XPERP-310328,2431.47,2433.66,1h,2026-08-29 13:00:00+00:00,61161.706
2447.3,2449.86,ETH-USD_UM_XPERP-310328,2314.43,2434.61,1h,2026-08-29 14:00:00+00:00,166379.658
2442.95,2448.02,ETH-USD_UM_XPERP-310328,2440.77,2447.76,1h,2026-08-29 15:00:00+00:00,176790.217
2449.76,2571.25,ETH-USD_UM_XPERP-310328,2440.0,2443.58,1h,2026-08-29 16:00:00+00:00,200356.663
2449.14,2454.01,ETH-USD_UM_XPERP-310328,2444.64,2450.14,1h,2026-08-29 17:00:00+00:00,72211.364
2451.12,2453.9,ETH-USD_UM_XPERP-310328,2323.71,2449.6,1h,2026-08-29 18:00:00+00:00,162162.647
2451.4,2583.52,ETH-USD_UM_XPERP-310328,2450.97,2451.14,1h,2026-08-29 19:00:00+00:00,60327.673
2451.63,2457.09,ETH-USD_UM_XPERP-310328,2450.34,2451.75,1h,2026-08-29 20:00:00+00:00,124311.39
2450.67,2452.27,ETH-USD_UM_XPERP-310328,2448.47,2451.6,1h,2026-08-29 21:00:00+00:00,25139.709
2451.99,2451.99,ETH-USD_UM_XPERP-310328,2448.06,2449.64,1h,2026-08-29 22:00:00+00:00,31990.145
2456.02,2458.43,ETH-USD_UM_XPERP-310328,2451.64,2451.74,1h,2026-08-29 23:00:00+00:00,50867.075
2457.69,2466.51,ETH-USD_UM_XPERP-310328,2453.36,2456.24,1h,2026-08-30 00:00:00+00:00,149707.78
2455.46,2459.09,ETH-USD_UM_XPERP-310328,2452.11,2457.64,1h,2026-08-30 01:00:00+00:00,80153.813
2452.3,2457.84,ETH-USD_UM_XPERP-310328,2452.3,2455.48,1h,2026-08-30 02:00:00+00:00,76242.128
2456.13,2459.2,ETH-USD_UM_XPERP-310328,2453.22,2453.61,1h,2026-08-30 03:00:00+00:00,59608.267
2453.85,2457.48,ETH-USD_UM_XPERP-310328,2450.88,2455.95,1h,2026-08-30 04:00:00+00:00,181337.179
2455.22,2458.98,ETH-USD_UM_XPERP-310328,2454.57,2454.63,1h,2026-08-30 05:00:00+00:00,39742.315
2459.28,2582.03,ETH-USD_UM_XPERP-310328,2454.15,2454.76,1h,2026-08-30 06:00:00+00:00,38747.042
2454.76,2589.48,ETH-USD_UM_XPERP-310328,2454.2,2465.5,1h,2026-08-30 07:00:00+00:00,61572.709
2455.82,2458.0,ETH-USD_UM_XPERP-310328,2453.76,2454.28,1h,2026-08-30 08:00:00+00:00,87964.821
2452.72,2456.32,ETH-USD_UM_XPERP-310328,2451.11,2455.3,1h,2026-08-30 09:00:00+00:00,172192.991
2458.33,2458.45,ETH-USD_UM_XPERP-310328,2450.33,2452.55,1h,2026-08-30 10:00:00+00:00,144634.347
2458.82,2460.19,ETH-USD_UM_XPERP-310328,2455.6,2458.33,1h,2026-08-30 11:00:00+00:00,61847.978
2467.81,2472.07,ETH-USD_UM_XPERP-310328,2330.99,2459.0,1h,2026-08-30 12:00:00+00:00,214275.959
2475.81,2475.92,ETH-USD_UM_XPERP-310328,2333.33,2467.79,1h,2026-08-30 13:00:00+00:00,256464.142
2475.54,2478.17,ETH-USD_UM_XPERP-310328,2469.7,2473.36,1h,2026-08-30 14:00:00+00:00,119954.383
2479.28,2480.42,ETH-USD_UM_XPERP-310328,2470.51,2475.8,1h,2026-08-30 15:00:00+00:00,152799.77
2528.07,2532.98,ETH-USD_UM_XPERP-310328,2467.21,2479.24,1h,2026-08-30 16:00:00+00:00,446831.901
2504.79,2528.43,ETH-USD_UM_XPERP-310328,2493.84,2528.43,1h,2026-08-30 17:00:00+00:00,363204.506
2509.69,2516.27,ETH-USD_UM_XPERP-310328,2495.72,2504.99,1h,2026-08-30 18:00:00+00:00,228403.585
2501.65,2511.98,ETH-USD_UM_XPERP-310328,2496.18,2509.73,1h,2026-08-30 19:00:00+00:00,247430.264
2490.07,2506.55,ETH-USD_UM_XPERP-310328,2486.19,2502.78,1h,2026-08-30 20:00:00+00:00,238874.88
2480.55,2489.67,ETH-USD_UM_XPERP-310328,2461.01,2489.67,1h,2026-08-30 21:00:00+00:00,279326.842
2469.0,2487.33,ETH-USD_UM_XPERP-310328,2462.33,2478.59,1h,2026-08-30 22:00:00+00:00,270606.948
2417.76,2476.77,ETH-USD_UM_XPERP-310328,2389.08,2469.78,1h,2026-08-30 23:00:00+00:00,685510.205
2426.98,2438.16,ETH-USD_UM_XPERP-310328,2407.86,2414.35,1h,2026-08-31 00:00:00+00:00,433394.548
2411.18,2428.91,ETH-USD_UM_XPERP-310328,2410.19,2426.88,1h,2026-08-31 01:00:00+00:00,426126.834
2407.28,2423.73,ETH-USD_UM_XPERP-310328,2401.11,2412.12,1h,2026-08-31 02:00:00+00:00,300451.683
2420.5,2423.33,ETH-USD_UM_XPERP-310328,2404.65,2407.85,1h,2026-08-31 03:00:00+00:00,264372.778
2416.48,2420.29,ETH-USD_UM_XPERP-310328,2410.5,2420.29,1h,2026-08-31 04:00:00+00:00,198248.948
2435.48,2448.18,ETH-USD_UM_XPERP-310328,2410.5,2415.5,1h,2026-08-31 05:00:00+00:00,242075.837
2437.42,2443.22,ETH-USD_UM_XPERP-310328,2427.0,2434.46,1h,2026-08-31 06:00:00+00:00,244440.863
2439.05,2445.24,ETH-USD_UM_XPERP-310328,2435.12,2436.6,1h,2026-08-31 07:00:00+00:00,251215.584
2446.16,2446.75,ETH-USD_UM_XPERP-310328,2432.65,2438.94,1h,2026-08-31 08:00:00+00:00,200693.747
2446.1,2454.49,ETH-USD_UM_XPERP-310328,2442.57,2445.43,1h,2026-08-31 09:00:00+00:00,185710.635
2454.51,2455.08,ETH-USD_UM_XPERP-310328,2431.56,2445.56,1h,2026-08-31 10:00:00+00:00,144881.171
2445.36,2455.22,ETH-USD_UM_XPERP-310328,2442.94,2451.99,1h,2026-08-31 11:00:00+00:00,212031.273
2450.37,2465.5,ETH-USD_UM_XPERP-310328,2443.71,2445.06,1h,2026-08-31 12:00:00+00:00,391796.126
2439.37,2460.0,ETH-USD_UM_XPERP-310328,2372.0,2450.65,1h,2026-08-31 13:00:00+00:00,488820.209
2466.57,2473.15,ETH-USD_UM_XPERP-310328,2437.21,2439.37,1h,2026-08-31 14:00:00+00:00,506388.777
2466.09,2596.19,ETH-USD_UM_XPERP-310328,2457.82,2466.33,1h,2026-08-31 15:00:00+00:00,482279.263
2469.34,2499.88,ETH-USD_UM_XPERP-310328,2461.07,2470.9,1h,2026-08-31 16:00:00+00:00,326563.469
2474.88,2475.4,ETH-USD_UM_XPERP-310328,2460.54,2468.49,1h,2026-08-31 17:00:00+00:00,253771.17
2476.8,2487.72,ETH-USD_UM_XPERP-310328,2468.19,2474.08,1h,2026-08-31 18:00:00+00:00,235285.063
2481.41,2488.11,ETH-USD_UM_XPERP-310328,2476.5,2477.92,1h,2026-08-31 19:00:00+00:00,210127.452
2471.66,2484.95,ETH-USD_UM_XPERP-310328,2469.43,2481.08,1h,2026-08-31 20:00:00+00:00,183214.305
2477.19,2482.0,ETH-USD_UM_XPERP-310328,2467.16,2471.82,1h,2026-08-31 21:00:00+00:00,117985.509
2468.44,2479.68,ETH-USD_UM_XPERP-310328,2466.86,2478.14,1h,2026-08-31 22:00:00+00:00,176135.343
2466.41,2467.6,ETH-USD_UM_XPERP-310328,2461.57,2467.51,1h,2026-08-31 23:00:00+00:00,71750.363
2468.04,2499.88,ETH-USD_UM_XPERP-310328,2464.47,2466.61,1h,2026-09-01 00:00:00+00:00,148698.699
2461.93,2498.5,ETH-USD_UM_XPERP-310328,2458.07,2470.9,1h,2026-09-01 01:00:00+00:00,166458.412
2463.86,2463.86,ETH-USD_UM_XPERP-310328,2454.21,2460.01,1h,2026-09-01 02:00:00+00:00,212459.207
2471.31,2482.5,ETH-USD_UM_XPERP-310328,2463.01,2463.78,1h,2026-09-01 03:00:00+00:00,155646.288
2467.72,2477.07,ETH-USD_UM_XPERP-310328,2467.68,2471.7,1h,2026-09-01 04:00:00+00:00,119076.576
2483.33,2499.88,ETH-USD_UM_XPERP-310328,2468.19,2468.19,1h,2026-09-01 05:00:00+00:00,154396.29
2470.9,2553.5,ETH-USD_UM_XPERP-310328,2470.9,2485.66,1h,2026-09-01 06:00:00+00:00,107613.378
2471.48,2475.82,ETH-USD_UM_XPERP-310328,2465.99,2470.5,1h,2026-09-01 07:00:00+00:00,121349.174
2447.29,2472.34,ETH-USD_UM_XPERP-310328,2444.53,2471.74,1h,2026-09-01 08:00:00+00:00,349385.672
2451.96,2454.42,ETH-USD_UM_XPERP-310328,2442.76,2447.66,1h,2026-09-01 09:00:00+00:00,217003.459
2456.01,2462.2,ETH-USD_UM_XPERP-310328,2447.92,2451.33,1h,2026-09-01 10:00:00+00:00,206480.118
2457.91,2462.27,ETH-USD_UM_XPERP-310328,2452.69,2455.21,1h,2026-09-01 11:00:00+00:00,130904.905
2445.56,2457.99,ETH-USD_UM_XPERP-310328,2438.36,2457.99,1h,2026-09-01 12:00:00+00:00,208137.63
2441.13,2448.31,ETH-USD_UM_XPERP-310328,2430.73,2445.86,1h,2026-09-01 13:00:00+00:00,557645.332
2447.83,2456.74,ETH-USD_UM_XPERP-310328,2433.18,2442.94,1h,2026-09-01 14:00:00+00:00,406093.175
2448.62,2586.1,ETH-USD_UM_XPERP-310328,2434.68,2448.25,1h,2026-09-01 15:00:00+00:00,257813.181
2432.08,2448.8,ETH-USD_UM_XPERP-310328,2302.56,2448.07,1h,2026-09-01 16:00:00+00:00,366965.673
2417.28,2438.04,ETH-USD_UM_XPERP-310328,2415.0,2431.76,1h,2026-09-01 17:00:00+00:00,234393.721
2412.0,2420.9,ETH-USD_UM_XPERP-310328,2384.14,2418.96,1h,2026-09-01 18:00:00+00:00,483028.624
2417.65,2423.2,ETH-USD_UM_XPERP-310328,2411.65,2411.97,1h,2026-09-01 19:00:00+00:00,253981.567
2419.99,2425.0,ETH-USD_UM_XPERP-310328,2412.51,2418.05,1h,2026-09-01 20:00:00+00:00,110855.113
2414.51,2422.07,ETH-USD_UM_XPERP-310328,2400.33,2420.03,1h,2026-09-01 21:00:00+00:00,162653.175
2411.95,2417.27,ETH-USD_UM_XPERP-310328,2405.0,2414.57,1h,2026-09-01 22:00:00+00:00,95874.216
2418.12,2425.86,ETH-USD_UM_XPERP-310328,2410.6,2412.08,1h,2026-09-01 23:00:00+00:00,144565.111
2408.67,2421.56,ETH-USD_UM_XPERP-310328,2406.76,2417.3,1h,2026-09-02 00:00:00+00:00,198037.17
2399.35,2414.27,ETH-USD_UM_XPERP-310328,2387.22,2409.42,1h,2026-09-02 01:00:00+00:00,314751.215
2408.76,2409.69,ETH-USD_UM_XPERP-310328,2394.83,2398.47,1h,2026-09-02 02:00:00+00:00,240004.597
2413.91,2423.33,ETH-USD_UM_XPERP-310328,2407.61,2407.61,1h,2026-09-02 03:00:00+00:00,239735.797
2414.48,2415.0,ETH-USD_UM_XPERP-310328,2405.0,2412.36,1h,2026-09-02 04:00:00+00:00,123425.159
2420.44,2422.94,ETH-USD_UM_XPERP-310328,2408.23,2414.03,1h,2026-09-02 05:00:00+00:00,276832.791
2419.27,2424.05,ETH-USD_UM_XPERP-310328,2414.22,2422.19,1h,2026-09-02 06:00:00+00:00,171012.682
2416.71,2427.56,ETH-USD_UM_XPERP-310328,2416.32,2419.5,1h,2026-09-02 07:00:00+00:00,119274.917
2392.72,2427.0,ETH-USD_UM_XPERP-310328,2390.49,2417.5,1h,2026-09-02 08:00:00+00:00,238427.87
2375.93,2399.53,ETH-USD_UM_XPERP-310328,2366.23,2394.58,1h,2026-09-02 09:00:00+00:00,467582.392
2372.27,2392.5,ETH-USD_UM_XPERP-310328,2356.15,2375.73,1h,2026-09-02 10:00:00+00:00,237534.484
2380.79,2380.85,ETH-USD_UM_XPERP-310328,2366.72,2371.99,1h,2026-09-02 11:00:00+00:00,273259.653
2376.8,2388.96,ETH-USD_UM_XPERP-310328,2376.53,2379.73,1h,2026-09-02 12:00:00+00:00,248462.63
2401.21,2417.9,ETH-USD_UM_XPERP-310328,2377.32,2377.32,1h,2026-09-02 13:00:00+00:00,398570.914
2393.78,2437.5,ETH-USD_UM_XPERP-310328,2392.98,2400.75,1h,2026-09-02 14:00:00+00:00,427822.23
2389.37,2444.58,ETH-USD_UM_XPERP-310328,2379.25,2397.14,1h,2026-09-02 15:00:00+00:00,407001.814
2384.85,2402.98,ETH-USD_UM_XPERP-310328,2384.85,2389.86,1h,2026-09-02 16:00:00+00:00,233397.83
2392.77,2392.99,ETH-USD_UM_XPERP-310328,2372.44,2385.37,1h,2026-09-02 17:00:00+00:00,248520.678
2393.91,2397.14,ETH-USD_UM_XPERP-310328,2390.01,2392.77,1h,2026-09-02 18:00:00+00:00,123989.339
2392.32,2395.63,ETH-USD_UM_XPERP-310328,2382.35,2393.51,1h,2026-09-02 19:00:00+00:00,169494.764
2393.44,2397.67,ETH-USD_UM_XPERP-310328,2385.67,2392.14,1h,2026-09-02 20:00:00+00:00,117058.749
2389.57,2393.58,ETH-USD_UM_XPERP-310328,2388.27,2392.05,1h,2026-09-02 21:00:00+00:00,112442.807
2378.98,2388.62,ETH-USD_UM_XPERP-310328,2378.34,2387.71,1h,2026-09-02 22:00:00+00:00,123234.834
2391.2,2392.23,ETH-USD_UM_XPERP-310328,2378.32,2378.32,1h,2026-09-02 23:00:00+00:00,141258.553
2380.76,2394.02,ETH-USD_UM_XPERP-310328,2378.13,2390.86,1h,2026-09-03 00:00:00+00:00,162482.322
2385.67,2392.62,ETH-USD_UM_XPERP-310328,2369.69,2378.85,1h,2026-09-03 01:00:00+00:00,297880.577
2404.5,2408.4,ETH-USD_UM_XPERP-310328,2381.61,2385.24,1h,2026-09-03 02:00:00+00:00,269405.922
2402.07,2409.48,ETH-USD_UM_XPERP-310328,2398.55,2404.26,1h,2026-09-03 03:00:00+00:00,112834.429
2406.2,2407.21,ETH-USD_UM_XPERP-310328,2395.91,2402.32,1h,2026-09-03 04:00:00+00:00,90314.599
2404.37,2408.69,ETH-USD_UM_XPERP-310328,2378.85,2406.96,1h,2026-09-03 05:00:00+00:00,257857.082
2406.84,2408.78,ETH-USD_UM_XPERP-310328,2399.42,2403.89,1h,2026-09-03 06:00:00+00:00,238478.6
2398.19,2417.8,ETH-USD_UM_XPERP-310328,2396.0,2407.27,1h,2026-09-03 07:00:00+00:00,177426.349
2402.88,2412.08,ETH-USD_UM_XPERP-310328,2283.38,2397.7,1h,2026-09-03 08:00:00+00:00,206368.954
2393.12,2406.58,ETH-USD_UM_XPERP-310328,2385.06,2402.62,1h,2026-09-03 09:00:00+00:00,202636.356
2395.53,2437.5,ETH-USD_UM_XPERP-310328,2389.1,2392.55,1h,2026-09-03 10:00:00+00:00,104993.389
2407.36,2409.98,ETH-USD_UM_XPERP-310328,2394.61,2395.89,1h,2026-09-03 11:00:00+00:00,191138.237
2423.0,2425.2,ETH-USD_UM_XPERP-310328,2392.5,2406.17,1h,2026-09-03 12:00:00+00:00,234570.399
2428.73,2434.02,ETH-USD_UM_XPERP-310328,2415.73,2422.37,1h,2026-09-03 13:00:00+00:00,318153.24
2487.5,2487.5,ETH-USD_UM_XPERP-310328,2424.86,2428.79,1h,2026-09-03 14:00:00+00:00,629149.593
2514.99,2516.63,ETH-USD_UM_XPERP-310328,2460.0,2488.11,1h,2026-09-03 15:00:00+00:00,468833.3
2493.7,2548.88,ETH-USD_UM_XPERP-310328,2487.5,2516.01,1h,2026-09-03 16:00:00+00:00,299600.781
2499.35,2504.69,ETH-USD_UM_XPERP-310328,2491.33,2493.45,1h,2026-09-03 17:00:00+00:00,234698.461
2511.96,2512.63,ETH-USD_UM_XPERP-310328,2495.49,2499.39,1h,2026-09-03 18:00:00+00:00,176995.334
2516.34,2532.37,ETH-USD_UM_XPERP-310328,2502.67,2512.01,1h,2026-09-03 19:00:00+00:00,255230.121
2504.29,2517.62,ETH-USD_UM_XPERP-310328,2502.13,2516.36,1h,2026-09-03 20:00:00+00:00,255396.023
2511.36,2525.28,ETH-USD_UM_XPERP-310328,2499.91,2504.19,1h,2026-09-03 21:00:00+00:00,211089.705
2495.45,2527.5,ETH-USD_UM_XPERP-310328,2488.97,2510.3,1h,2026-09-03 22:00:00+00:00,224727.97
2506.74,2508.08,ETH-USD_UM_XPERP-310328,2494.5,2495.43,1h,2026-09-03 23:00:00+00:00,160237.354
2500.41,2515.0,ETH-USD_UM_XPERP-310328,2500.41,2505.89,1h,2026-09-04 00:00:00+00:00,303437.909
2506.82,2508.82,ETH-USD_UM_XPERP-310328,2496.39,2500.36,1h,2026-09-04 01:00:00+00:00,177115.925
2506.71,2509.5,ETH-USD_UM_XPERP-310328,2497.23,2505.3,1h,2026-09-04 02:00:00+00:00,166366.277
2504.19,2515.9,ETH-USD_UM_XPERP-310328,2504.15,2507.0,1h,2026-09-04 03:00:00+00:00,71092.986
2508.59,2522.35,ETH-USD_UM_XPERP-310328,2491.0,2504.0,1h,2026-09-04 04:00:00+00:00,4.482
2507.78,2512.99,ETH-USD_UM_XPERP-310328,2503.6,2508.36,1h,2026-09-04 05:00:00+00:00,0.174
2504.91,2515.38,ETH-USD_UM_XPERP-310328,2500.8,2507.58,1h,2026-09-04 06:00:00+00:00,0.365
2504.0,2513.48,ETH-USD_UM_XPERP-310328,2487.5,2507.78,1h,2026-09-04 07:00:00+00:00,2.184
2525.96,2529.54,ETH-USD_UM_XPERP-310328,2503.86,2503.93,1h,2026-09-04 08:00:00+00:00,190396.133
2520.08,2544.66,ETH-USD_UM_XPERP-310328,2519.47,2525.0,1h,2026-09-04 09:00:00+00:00,38909.645
2525.5,2537.0,ETH-USD_UM_XPERP-310328,2515.0,2520.2,1h,2026-09-04 10:00:00+00:00,1.039
2522.54,2531.0,ETH-USD_UM_XPERP-310328,2391.16,2522.54,1h,2026-09-04 11:00:00+00:00,25.156
2451.23,2529.54,ETH-USD_UM_XPERP-310328,2436.48,2523.01,1h,2026-09-04 12:00:00+00:00,18.879
2451.23,2471.0,ETH-USD_UM_XPERP-310328,2369.85,2450.2,1h,2026-09-04 13:00:00+00:00,24.045
2442.0,2456.23,ETH-USD_UM_XPERP-310328,2413.0,2451.02,1h,2026-09-04 14:00:00+00:00,5.264
2451.23,2457.07,ETH-USD_UM_XPERP-310328,2438.66,2438.94,1h,2026-09-04 15:00:00+00:00,5.616
2458.61,2461.07,ETH-USD_UM_XPERP-310328,2361.0,2452.39,1h,2026-09-04 16:00:00+00:00,16.453
2443.5,2456.5,ETH-USD_UM_XPERP-310328,2443.5,2456.15,1h,2026-09-04 17:00:00+00:00,0.642
2450.06,2450.06,ETH-USD_UM_XPERP-310328,2445.87,2446.32,1h,2026-09-04 18:00:00+00:00,0.338
2454.92,2456.15,ETH-USD_UM_XPERP-310328,2451.23,2451.23,1h,2026-09-04 19:00:00+00:00,1.464
2451.23,2456.15,ETH-USD_UM_XPERP-310328,2451.23,2456.15,1h,2026-09-04 20:00:00+00:00,2.329
2451.41,2453.9,ETH-USD_UM_XPERP-310328,2451.23,2452.13,1h,2026-09-04 21:00:00+00:00,0.555
2451.21,2451.44,ETH-USD_UM_XPERP-310328,2450.99,2451.44,1h,2026-09-04 22:00:00+00:00,0.854
2453.13,2453.69,ETH-USD_UM_XPERP-310328,2449.91,2449.91,1h,2026-09-04 23:00:00+00:00,0.047
2451.23,2454.3,ETH-USD_UM_XPERP-310328,2451.23,2454.3,1h,2026-09-05 00:00:00+00:00,1.097
2451.23,2453.69,ETH-USD_UM_XPERP-310328,2451.23,2453.69,1h,2026-09-05 01:00:00+00:00,0.022
2451.91,2452.08,ETH-USD_UM_XPERP-310328,2450.09,2450.09,1h,2026-09-05 02:00:00+00:00,0.023
2453.69,2453.69,ETH-USD_UM_XPERP-310328,2450.46,2450.46,1h,2026-09-05 03:00:00+00:00,0.028
2448.18,2451.7,ETH-USD_UM_XPERP-310328,2448.18,2451.7,1h,2026-09-05 04:00:00+00:00,0.958
2449.96,2451.23,ETH-USD_UM_XPERP-310328,2446.32,2446.32,1h,2026-09-05 05:00:00+00:00,0.031
2452.56,2453.69,ETH-USD_UM_XPERP-310328,2450.65,2451.23,1h,2026-09-05 06:00:00+00:00,0.851
2457.59,2457.59,ETH-USD_UM_XPERP-310328,2452.09,2452.24,1h,2026-09-05 07:00:00+00:00,1.2
2454.1,2455.71,ETH-USD_UM_XPERP-310328,2452.17,2455.2,1h,2026-09-05 08:00:00+00:00,3.804
2457.8,2458.85,ETH-USD_UM_XPERP-310328,2456.15,2456.15,1h,2026-09-05 09:00:00+00:00,1.274
2453.81,2457.41,ETH-USD_UM_XPERP-310328,2453.55,2457.41,1h,2026-09-05 10:00:00+00:00,0.828
2453.81,2453.81,ETH-USD_UM_XPERP-310328,2453.81,2453.81,1h,2026-09-05 11:00:00+00:00,0.0
2460.74,2460.74,ETH-USD_UM_XPERP-310328,2456.15,2456.15,1h,2026-09-05 12:00:00+00:00,2.922
2452.37,2459.95,ETH-USD_UM_XPERP-310328,2448.78,2457.49,1h,2026-09-05 13:00:00+00:00,195.111
2455.62,2456.89,ETH-USD_UM_XPERP-310328,2453.02,2453.02,1h,2026-09-05 14:00:00+00:00,145.562
2458.1,2458.61,ETH-USD_UM_XPERP-310328,2457.68,2458.61,1h,2026-09-05 15:00:00+00:00,39.433
2471.0,2471.0,ETH-USD_UM_XPERP-310328,2458.46,2458.48,1h,2026-09-05 16:00:00+00:00,15.422
2478.03,2482.95,ETH-USD_UM_XPERP-310328,2469.6,2469.6,1h,2026-09-05 17:00:00+00:00,37.165
2478.79,2479.75,ETH-USD_UM_XPERP-310328,2436.55,2479.73,1h,2026-09-05 18:00:00+00:00,24.591
2475.82,2481.21,ETH-USD_UM_XPERP-310328,2473.36,2478.8,1h,2026-09-05 19:00:00+00:00,5.917
2476.32,2482.33,ETH-USD_UM_XPERP-310328,2473.99,2476.76,1h,2026-09-05 20:00:00+00:00,18.138
2487.45,2493.03,ETH-USD_UM_XPERP-310328,2476.55,2476.55,1h,2026-09-05 21:00:00+00:00,37.44
2479.15,2505.79,ETH-USD_UM_XPERP-310328,2478.28,2490.57,1h,2026-09-05 22:00:00+00:00,5.035
2478.28,2481.53,ETH-USD_UM_XPERP-310328,2478.14,2478.28,1h,2026-09-05 23:00:00+00:00,0.441
2490.57,2490.57,ETH-USD_UM_XPERP-310328,2478.88,2478.88,1h,2026-09-06 00:00:00+00:00,1.218
2503.54,2520.5,ETH-USD_UM_XPERP-310328,2436.55,2489.42,1h,2026-09-06 01:00:00+00:00,66.583
2502.75,2531.47,ETH-USD_UM_XPERP-310328,2500.0,2505.33,1h,2026-09-06 02:00:00+00:00,10.594
2508.45,2522.11,ETH-USD_UM_XPERP-310328,2499.97,2502.01,1h,2026-09-06 03:00:00+00:00,2.054
2503.04,2525.26,ETH-USD_UM_XPERP-310328,2497.58,2508.47,1h,2026-09-06 04:00:00+00:00,48.414
2510.24,2526.0,ETH-USD_UM_XPERP-310328,2436.55,2503.29,1h,2026-09-06 05:00:00+00:00,103.104
2505.8,2531.47,ETH-USD_UM_XPERP-310328,2358.02,2509.5,1h,2026-09-06 06:00:00+00:00,102.064
2494.85,2505.79,ETH-USD_UM_XPERP-310328,2408.86,2504.85,1h,2026-09-06 07:00:00+00:00,40.518
2495.49,2497.95,ETH-USD_UM_XPERP-310328,2491.62,2497.95,1h,2026-09-06 08:00:00+00:00,1.282
2497.95,2502.63,ETH-USD_UM_XPERP-310328,2482.27,2495.05,1h,2026-09-06 09:00:00+00:00,110.323
2500.41,2500.41,ETH-USD_UM_XPERP-310328,2493.0,2498.21,1h,2026-09-06 10:00:00+00:00,18.7
2500.0,2502.87,ETH-USD_UM_XPERP-310328,2366.7,2502.87,1h,2026-09-06 11:00:00+00:00,193.909
2497.95,2502.87,ETH-USD_UM_XPERP-310328,2497.95,2500.34,1h,2026-09-06 12:00:00+00:00,10.704
2493.29,2498.94,ETH-USD_UM_XPERP-310328,2485.66,2495.49,1h,2026-09-06 13:00:00+00:00,8.698
2478.28,2502.63,ETH-USD_UM_XPERP-310328,2470.9,2492.85,1h,2026-09-06 14:00:00+00:00,22.202
2478.75,2500.0,ETH-USD_UM_XPERP-310328,2473.36,2476.5,1h,2026-09-06 15:00:00+00:00,101.313
2482.78,2484.62,ETH-USD_UM_XPERP-310328,2438.15,2478.57,1h,2026-09-06 16:00:00+00:00,119.945
2491.05,2531.47,ETH-USD_UM_XPERP-310328,2479.74,2482.53,1h,2026-09-06 17:00:00+00:00,131.052
2493.23,2498.5,ETH-USD_UM_XPERP-310328,2491.28,2491.28,1h,2026-09-06 18:00:00+00:00,0.72
2489.36,2498.5,ETH-USD_UM_XPERP-310328,2489.36,2493.52,1h,2026-09-06 19:00:00+00:00,2.967
2498.5,2498.5,ETH-USD_UM_XPERP-310328,2488.01,2489.57,1h,2026-09-06 20:00:00+00:00,20.146
2505.33,2515.0,ETH-USD_UM_XPERP-310328,2499.28,2499.28,1h,2026-09-06 21:00:00+00:00,0.601
2509.54,2514.32,ETH-USD_UM_XPERP-310328,2490.57,2504.0,1h,2026-09-06 22:00:00+00:00,1.31
2512.7,2523.04,ETH-USD_UM_XPERP-310328,2504.0,2507.45,1h,2026-09-06 23:00:00+00:00,13.587
2509.2,2528.97,ETH-USD_UM_XPERP-310328,2504.0,2513.68,1h,2026-09-07 00:00:00+00:00,7.438
2502.87,2531.47,ETH-USD_UM_XPERP-310328,2499.28,2511.25,1h,2026-09-07 01:00:00+00:00,8.157
2510.24,2532.37,ETH-USD_UM_XPERP-310328,2497.95,2501.17,1h,2026-09-07 02:00:00+00:00,32.837
2496.53,2555.99,ETH-USD_UM_XPERP-310328,2496.51,2509.5,1h,2026-09-07 03:00:00+00:00,9.426
2495.49,2498.5,ETH-USD_UM_XPERP-310328,2490.0,2495.49,1h,2026-09-07 04:00:00+00:00,3.577
2503.98,2512.7,ETH-USD_UM_XPERP-310328,2411.44,2493.03,1h,2026-09-07 05:00:00+00:00,39.492
2497.95,2509.5,ETH-USD_UM_XPERP-310328,2497.95,2503.23,1h,2026-09-07 06:00:00+00:00,24.743
2485.66,2500.41,ETH-USD_UM_XPERP-310328,2476.5,2497.0,1h,2026-09-07 07:00:00+00:00,38.852
2488.85,2492.4,ETH-USD_UM_XPERP-310328,2454.69,2487.6,1h,2026-09-07 08:00:00+00:00,11.861
2484.0,2495.49,ETH-USD_UM_XPERP-310328,2484.0,2490.28,1h,2026-09-07 09:00:00+00:00,2.898
2488.11,2490.71,ETH-USD_UM_XPERP-310328,2485.66,2488.11,1h,2026-09-07 10:00:00+00:00,11.152
2488.11,2491.29,ETH-USD_UM_XPERP-310328,2485.65,2487.0,1h,2026-09-07 11:00:00+00:00,0.982
2504.72,2506.33,ETH-USD_UM_XPERP-310328,2482.0,2490.57,1h,2026-09-07 12:00:00+00:00,4.311
2497.95,2509.78,ETH-USD_UM_XPERP-310328,2496.3,2502.87,1h,2026-09-07 13:00:00+00:00,6.421
2488.59,2502.87,ETH-USD_UM_XPERP-310328,2476.5,2496.3,1h,2026-09-07 14:00:00+00:00,9.819
2468.44,2492.4,ETH-USD_UM_XPERP-310328,2465.97,2485.66,1h,2026-09-07 15:00:00+00:00,8.051
2481.27,2481.27,ETH-USD_UM_XPERP-310328,2411.44,2469.86,1h,2026-09-07 16:00:00+00:00,21.709
2496.3,2496.3,ETH-USD_UM_XPERP-310328,2482.0,2482.0,1h,2026-09-07 17:00:00+00:00,14.309
2491.04,2495.49,ETH-USD_UM_XPERP-310328,2487.5,2494.51,1h,2026-09-07 18:00:00+00:00,7.467
2496.3,2496.3,ETH-USD_UM_XPERP-310328,2486.28,2489.73,1h,2026-09-07 19:00:00+00:00,7.287
2493.03,2495.49,ETH-USD_UM_XPERP-310328,2486.28,2495.25,1h,2026-09-07 20:00:00+00:00,4.979
2491.32,2493.27,ETH-USD_UM_XPERP-310328,2490.57,2493.25,1h,2026-09-07 21:00:00+00:00,0.021
2482.0,2490.57,ETH-USD_UM_XPERP-310328,2465.5,2489.06,1h,2026-09-07 22:00:00+00:00,1.437
2492.4,2492.4,ETH-USD_UM_XPERP-310328,2481.27,2483.2,1h,2026-09-07 23:00:00+00:00,3.444
2493.03,2493.03,ETH-USD_UM_XPERP-310328,2483.2,2489.58,1h,2026-09-08 00:00:00+00:00,4.834
2502.87,2555.99,ETH-USD_UM_XPERP-310328,2493.03,2494.52,1h,2026-09-08 01:00:00+00:00,7.762
2484.62,2506.33,ETH-USD_UM_XPERP-310328,2484.62,2501.26,1h,2026-09-08 02:00:00+00:00,2.168
2487.27,2487.27,ETH-USD_UM_XPERP-310328,2478.28,2484.0,1h,2026-09-08 03:00:00+00:00,4.8
2478.28,2483.2,ETH-USD_UM_XPERP-310328,2478.28,2483.2,1h,2026-09-08 04:00:00+00:00,0.032
2472.11,2483.2,ETH-USD_UM_XPERP-310328,2472.11,2476.5,1h,2026-09-08 05:00:00+00:00,22.28
2468.44,2475.82,ETH-USD_UM_XPERP-310328,2462.94,2472.45,1h,2026-09-08 06:00:00+00:00,22.043
2478.28,2483.2,ETH-USD_UM_XPERP-310328,2468.34,2468.34,1h,2026-09-08 07:00:00+00:00,14.768
2475.82,2482.0,ETH-USD_UM_XPERP-310328,2468.44,2475.82,1h,2026-09-08 08:00:00+00:00,20.741
2490.69,2493.03,ETH-USD_UM_XPERP-310328,2478.28,2478.28,1h,2026-09-08 09:00:00+00:00,8.605
2480.74,2503.85,ETH-USD_UM_XPERP-310328,2480.74,2488.11,1h,2026-09-08 10:00:00+00:00,3.361
2473.8,2480.74,ETH-USD_UM_XPERP-310328,2462.42,2478.28,1h,2026-09-08 11:00:00+00:00,49815.256
2471.44,2475.01,ETH-USD_UM_XPERP-310328,2467.6,2471.2,1h,2026-09-08 12:00:00+00:00,85772.455
2458.29,2555.99,ETH-USD_UM_XPERP-310328,2441.42,2471.92,1h,2026-09-08 13:00:00+00:00,361781.711
2484.88,2485.53,ETH-USD_UM_XPERP-310328,2456.27,2459.92,1h,2026-09-08 14:00:00+00:00,350330.356
2497.43,2500.0,ETH-USD_UM_XPERP-310328,2480.94,2484.48,1h,2026-09-08 15:00:00+00:00,207610.785
2495.66,2502.72,ETH-USD_UM_XPERP-310328,2486.0,2497.43,1h,2026-09-08 16:00:00+00:00,141460.06
2487.13,2500.93,ETH-USD_UM_XPERP-310328,2487.13,2495.49,1h,2026-09-08 17:00:00+00:00,127832.872
2485.38,2504.0,ETH-USD_UM_XPERP-310328,2468.77,2488.69,1h,2026-09-08 18:00:00+00:00,146765.799
2480.74,2490.38,ETH-USD_UM_XPERP-310328,2476.09,2486.28,1h,2026-09-08 19:00:00+00:00,217540.925
2481.91,2490.66,ETH-USD_UM_XPERP-310328,2479.86,2481.27,1h,2026-09-08 20:00:00+00:00,75975.2
2482.06,2486.0,ETH-USD_UM_XPERP-310328,2478.28,2481.93,1h,2026-09-08 21:00:00+00:00,54786.155
2488.05,2488.25,ETH-USD_UM_XPERP-310328,2481.05,2481.05,1h,2026-09-08 22:00:00+00:00,79896.432
2483.79,2489.43,ETH-USD_UM_XPERP-310328,2482.4,2488.07,1h,2026-09-08 23:00:00+00:00,27694.483
2494.59,2496.15,ETH-USD_UM_XPERP-310328,2359.63,2484.52,1h,2026-09-09 00:00:00+00:00,67827.825
2495.42,2498.31,ETH-USD_UM_XPERP-310328,2488.42,2495.31,1h,2026-09-09 01:00:00+00:00,94988.966
2493.6,2498.32,ETH-USD_UM_XPERP-310328,2489.13,2497.0,1h,2026-09-09 02:00:00+00:00,99436.11
2488.1,2493.03,ETH-USD_UM_XPERP-310328,2485.93,2493.03,1h,2026-09-09 03:00:00+00:00,63654.856
2507.84,2512.84,ETH-USD_UM_XPERP-310328,2488.67,2488.67,1h,2026-09-09 04:00:00+00:00,200996.742
2494.83,2555.99,ETH-USD_UM_XPERP-310328,2490.32,2508.84,1h,2026-09-09 05:00:00+00:00,230740.678
2500.24,2504.11,ETH-USD_UM_XPERP-310328,2491.61,2496.17,1h,2026-09-09 06:00:00+00:00,116849.724
2509.08,2515.09,ETH-USD_UM_XPERP-310328,2497.95,2498.93,1h,2026-09-09 07:00:00+00:00,147532.545
2519.88,2521.17,ETH-USD_UM_XPERP-310328,2509.2,2509.2,1h,2026-09-09 08:00:00+00:00,131282.175
2490.15,2518.17,ETH-USD_UM_XPERP-310328,2490.15,2518.17,1h,2026-09-09 09:00:00+00:00,167633.629
2486.71,2493.66,ETH-USD_UM_XPERP-310328,2482.66,2489.43,1h,2026-09-09 10:00:00+00:00,157108.545
2500.0,2504.19,ETH-USD_UM_XPERP-310328,2481.48,2486.38,1h,2026-09-09 11:00:00+00:00,123543.135
2509.83,2511.57,ETH-USD_UM_XPERP-310328,2497.63,2501.32,1h,2026-09-09 12:00:00+00:00,122277.773
2500.84,2519.56,ETH-USD_UM_XPERP-310328,2499.04,2510.13,1h,2026-09-09 13:00:00+00:00,406932.433
2512.7,2512.7,ETH-USD_UM_XPERP-310328,2495.04,2501.48,1h,2026-09-09 14:00:00+00:00,99542.857
2512.0,2515.0,ETH-USD_UM_XPERP-310328,2508.99,2510.24,1h,2026-09-09 15:00:00+00:00,0.022
2530.0,2530.0,ETH-USD_UM_XPERP-310328,2512.0,2512.0,1h,2026-09-09 16:00:00+00:00,0.323
2530.0,2530.0,ETH-USD_UM_XPERP-310328,2530.0,2530.0,1h,2026-09-09 17:00:00+00:00,0.0
2530.0,2530.0,ETH-USD_UM_XPERP-310328,2530.0,2530.0,1h,2026-09-09 18:00:00+00:00,0.0
2542.5,2555.99,ETH-USD_UM_XPERP-310328,2512.0,2521.37,1h,2026-09-09 19:00:00+00:00,6.39
2548.0,2548.0,ETH-USD_UM_XPERP-310328,2512.0,2536.41,1h,2026-09-09 20:00:00+00:00,3.874
2530.77,2541.42,ETH-USD_UM_XPERP-310328,2515.0,2541.42,1h,2026-09-09 21:00:00+00:00,0.576
2520.5,2531.39,ETH-USD_UM_XPERP-310328,2520.5,2530.77,1h,2026-09-09 22:00:00+00:00,0.02
2520.5,2520.5,ETH-USD_UM_XPERP-310328,2520.5,2520.5,1h,2026-09-09 23:00:00+00:00,0.0
2520.5,2520.5,ETH-USD_UM_XPERP-310328,2520.5,2520.5,1h,2026-09-10 00:00:00+00:00,0.0
2520.5,2520.5,ETH-USD_UM_XPERP-310328,2520.5,2520.5,1h,2026-09-10 01:00:00+00:00,0.0
2520.5,2520.5,ETH-USD_UM_XPERP-310328,2520.5,2520.5,1h,2026-09-10 02:00:00+00:00,0.01
2543.21,2555.99,ETH-USD_UM_XPERP-310328,2496.87,2520.5,1h,2026-09-10 03:00:00+00:00,6.478
2476.5,2543.21,ETH-USD_UM_XPERP-310328,2399.02,2543.21,1h,2026-09-10 04:00:00+00:00,49.759
2481.12,2486.71,ETH-USD_UM_XPERP-310328,2480.74,2480.74,1h,2026-09-10 05:00:00+00:00,0.02
2486.71,2486.71,ETH-USD_UM_XPERP-310328,2486.28,2486.28,1h,2026-09-10 06:00:00+00:00,0.017
2471.5,2481.27,ETH-USD_UM_XPERP-310328,2463.17,2481.27,1h,2026-09-10 07:00:00+00:00,82642.742
2470.2,2473.6,ETH-USD_UM_XPERP-310328,2399.02,2471.75,1h,2026-09-10 08:00:00+00:00,71885.054
2466.89,2476.7,ETH-USD_UM_XPERP-310328,2464.14,2470.35,1h,2026-09-10 09:00:00+00:00,90986.81
2463.5,2470.91,ETH-USD_UM_XPERP-310328,2462.96,2467.31,1h,2026-09-10 10:00:00+00:00,82683.456
2462.75,2468.68,ETH-USD_UM_XPERP-310328,2458.24,2461.99,1h,2026-09-10 11:00:00+00:00,115641.532
2412.64,2462.88,ETH-USD_UM_XPERP-310328,2410.8,2461.12,1h,2026-09-10 12:00:00+00:00,548105.543
2434.5,2486.71,ETH-USD_UM_XPERP-310328,2407.56,2413.16,1h,2026-09-10 13:00:00+00:00,584883.204
2441.81,2442.55,ETH-USD_UM_XPERP-310328,2304.61,2433.28,1h,2026-09-10 14:00:00+00:00,390085.526
2440.2,2443.42,ETH-USD_UM_XPERP-310328,2431.81,2438.99,1h,2026-09-10 15:00:00+00:00,235958.538
2446.32,2449.46,ETH-USD_UM_XPERP-310328,2429.11,2440.18,1h,2026-09-10 16:00:00+00:00,227065.816
2465.53,2473.41,ETH-USD_UM_XPERP-310328,2441.4,2446.57,1h,2026-09-10 17:00:00+00:00,230528.605
2464.99,2467.51,ETH-USD_UM_XPERP-310328,2356.94,2464.17,1h,2026-09-10 18:00:00+00:00,135796.72
2461.16,2470.2,ETH-USD_UM_XPERP-310328,2459.56,2467.12,1h,2026-09-10 19:00:00+00:00,167865.79
2461.29,2467.89,ETH-USD_UM_XPERP-310328,2460.57,2461.91,1h,2026-09-10 20:00:00+00:00,92888.573
2457.76,2461.72,ETH-USD_UM_XPERP-310328,2457.36,2460.64,1h,2026-09-10 21:00:00+00:00,64417.938
2443.58,2460.75,ETH-USD_UM_XPERP-310328,2443.04,2457.82,1h,2026-09-10 22:00:00+00:00,101534.279
2436.82,2445.54,ETH-USD_UM_XPERP-310328,2434.2,2444.79,1h,2026-09-10 23:00:00+00:00,176125.989
2454.19,2456.84,ETH-USD_UM_XPERP-310328,2436.78,2437.75,1h,2026-09-11 00:00:00+00:00,197077.069
2452.99,2458.64,ETH-USD_UM_XPERP-310328,2445.43,2455.15,1h,2026-09-11 01:00:00+00:00,101161.729
2445.68,2453.82,ETH-USD_UM_XPERP-310328,2445.11,2453.32,1h,2026-09-11 02:00:00+00:00,107794.883
2445.72,2447.28,ETH-USD_UM_XPERP-310328,2439.79,2445.82,1h,2026-09-11 03:00:00+00:00,116234.936
2458.52,2462.87,ETH-USD_UM_XPERP-310328,2445.68,2446.18,1h,2026-09-11 04:00:00+00:00,109856.35
2467.2,2467.2,ETH-USD_UM_XPERP-310328,2456.68,2458.25,1h,2026-09-11 05:00:00+00:00,49743.126
2465.74,2469.79,ETH-USD_UM_XPERP-310328,2443.5,2461.22,1h,2026-09-11 06:00:00+00:00,48330.161
2466.28,2471.11,ETH-USD_UM_XPERP-310328,2465.35,2465.5,1h,2026-09-11 07:00:00+00:00,27551.362
2475.54,2483.2,ETH-USD_UM_XPERP-310328,2462.6,2466.28,1h,2026-09-11 08:00:00+00:00,71772.008
2468.06,2480.74,ETH-USD_UM_XPERP-310328,2461.48,2475.55,1h,2026-09-11 09:00:00+00:00,53849.634
2461.46,2473.68,ETH-USD_UM_XPERP-310328,2461.44,2468.54,1h,2026-09-11 10:00:00+00:00,60346.621
2457.48,2461.31,ETH-USD_UM_XPERP-310328,2451.73,2461.31,1h,2026-09-11 11:00:00+00:00,106230.365
2510.17,2513.38,ETH-USD_UM_XPERP-310328,2435.58,2456.22,1h,2026-09-11 12:00:00+00:00,567741.619
2626.68,2643.6,ETH-USD_UM_XPERP-310328,2490.83,2508.63,1h,2026-09-11 13:00:00+00:00,752134.122
2605.39,2668.68,ETH-USD_UM_XPERP-310328,2592.5,2627.4,1h,2026-09-11 14:00:00+00:00,758045.138
2558.66,2615.56,ETH-USD_UM_XPERP-310328,2547.51,2607.15,1h,2026-09-11 15:00:00+00:00,550409.779
2576.43,2624.03,ETH-USD_UM_XPERP-310328,2543.29,2558.53,1h,2026-09-11 16:00:00+00:00,494217.096
2568.31,2579.43,ETH-USD_UM_XPERP-310328,2561.95,2576.7,1h,2026-09-11 17:00:00+00:00,249706.89
2536.38,2576.92,ETH-USD_UM_XPERP-310328,2530.67,2566.38,1h,2026-09-11 18:00:00+00:00,444905.248
2537.19,2546.43,ETH-USD_UM_XPERP-310328,2531.81,2536.16,1h,2026-09-11 19:00:00+00:00,273289.326
2530.03,2561.54,ETH-USD_UM_XPERP-310328,2522.13,2537.23,1h,2026-09-11 20:00:00+00:00,169235.237
2515.16,2539.21,ETH-USD_UM_XPERP-310328,2387.56,2529.8,1h,2026-09-11 21:00:00+00:00,119641.025
2510.63,2522.42,ETH-USD_UM_XPERP-310328,2506.33,2512.7,1h,2026-09-11 22:00:00+00:00,153945.877
2515.46,2515.46,ETH-USD_UM_XPERP-310328,2509.19,2511.29,1h,2026-09-11 23:00:00+00:00,65921.873
2511.19,2516.46,ETH-USD_UM_XPERP-310328,2510.01,2513.74,1h,2026-09-12 00:00:00+00:00,60160.581
2513.7,2515.99,ETH-USD_UM_XPERP-310328,2508.57,2510.24,1h,2026-09-12 01:00:00+00:00,60173.163
2512.48,2514.86,ETH-USD_UM_XPERP-310328,2511.67,2513.18,1h,2026-09-12 02:00:00+00:00,32470.955
2512.12,2514.83,ETH-USD_UM_XPERP-310328,2509.5,2512.08,1h,2026-09-12 03:00:00+00:00,18467.464
2512.02,2513.93,ETH-USD_UM_XPERP-310328,2509.24,2512.37,1h,2026-09-12 04:00:00+00:00,43318.312
2510.51,2511.67,ETH-USD_UM_XPERP-310328,2508.93,2511.21,1h,2026-09-12 05:00:00+00:00,32844.918
2518.06,2520.7,ETH-USD_UM_XPERP-310328,2481.58,2510.58,1h,2026-09-12 06:00:00+00:00,24181.555
2522.78,2523.27,ETH-USD_UM_XPERP-310328,2520.55,2521.37,1h,2026-09-12 07:00:00+00:00,18084.057
2532.0,2534.94,ETH-USD_UM_XPERP-310328,2522.28,2522.67,1h,2026-09-12 08:00:00+00:00,65829.581
2528.89,2535.63,ETH-USD_UM_XPERP-310328,2527.75,2532.09,1h,2026-09-12 09:00:00+00:00,38216.364
2532.02,2534.52,ETH-USD_UM_XPERP-310328,2529.6,2529.6,1h,2026-09-12 10:00:00+00:00,8213.242
2534.35,2535.0,ETH-USD_UM_XPERP-310328,2529.71,2532.53,1h,2026-09-12 11:00:00+00:00,15802.142
2532.49,2534.9,ETH-USD_UM_XPERP-310328,2531.67,2534.9,1h,2026-09-12 12:00:00+00:00,13897.089
2543.22,2543.27,ETH-USD_UM_XPERP-310328,2533.09,2533.98,1h,2026-09-12 13:00:00+00:00,55445.184
2538.69,2544.01,ETH-USD_UM_XPERP-310328,2538.3,2544.01,1h,2026-09-12 14:00:00+00:00,47223.163
2533.86,2540.82,ETH-USD_UM_XPERP-310328,2530.64,2539.2,1h,2026-09-12 15:00:00+00:00,37552.339
2529.89,2535.0,ETH-USD_UM_XPERP-310328,2529.8,2534.39,1h,2026-09-12 16:00:00+00:00,12641.262
2525.12,2532.65,ETH-USD_UM_XPERP-310328,2523.92,2531.0,1h,2026-09-12 17:00:00+00:00,40836.228
2521.99,2525.24,ETH-USD_UM_XPERP-310328,2520.5,2524.44,1h,2026-09-12 18:00:00+00:00,21244.359
2518.52,2651.94,ETH-USD_UM_XPERP-310328,2514.09,2520.82,1h,2026-09-12 19:00:00+00:00,22259.094
2519.6,2522.61,ETH-USD_UM_XPERP-310328,2518.65,2518.65,1h,2026-09-12 20:00:00+00:00,16819.018
2523.07,2526.79,ETH-USD_UM_XPERP-310328,2521.31,2522.53,1h,2026-09-12 21:00:00+00:00,26315.423
2521.65,2524.84,ETH-USD_UM_XPERP-310328,2519.47,2521.95,1h,2026-09-12 22:00:00+00:00,18759.4
2525.0,2525.7,ETH-USD_UM_XPERP-310328,2521.3,2521.3,1h,2026-09-12 23:00:00+00:00,7609.253
2524.29,2526.0,ETH-USD_UM_XPERP-310328,2522.41,2524.21,1h,2026-09-13 00:00:00+00:00,7296.347
2524.01,2526.47,ETH-USD_UM_XPERP-310328,2521.52,2523.04,1h,2026-09-13 01:00:00+00:00,15854.485
2521.25,2524.07,ETH-USD_UM_XPERP-310328,2520.24,2524.07,1h,2026-09-13 02:00:00+00:00,8258.491
2519.95,2521.75,ETH-USD_UM_XPERP-310328,2519.35,2519.66,1h,2026-09-13 03:00:00+00:00,18727.787
2519.51,2522.7,ETH-USD_UM_XPERP-310328,2518.74,2519.72,1h,2026-09-13 04:00:00+00:00,8887.196
2522.94,2523.03,ETH-USD_UM_XPERP-310328,2520.08,2520.08,1h,2026-09-13 05:00:00+00:00,6344.631
2512.34,2522.01,ETH-USD_UM_XPERP-310328,2509.02,2522.01,1h,2026-09-13 06:00:00+00:00,36312.225
2516.82,2519.06,ETH-USD_UM_XPERP-310328,2511.28,2512.2,1h,2026-09-13 07:00:00+00:00,45468.859
2494.12,2518.48,ETH-USD_UM_XPERP-310328,2488.27,2516.8,1h,2026-09-13 08:00:00+00:00,146253.161
2484.18,2496.65,ETH-USD_UM_XPERP-310328,2470.1,2493.81,1h,2026-09-13 09:00:00+00:00,211541.372
2471.01,2484.83,ETH-USD_UM_XPERP-310328,2470.01,2484.83,1h,2026-09-13 10:00:00+00:00,84603.446
2479.9,2480.61,ETH-USD_UM_XPERP-310328,2469.11,2470.96,1h,2026-09-13 11:00:00+00:00,100551.055
2477.07,2482.58,ETH-USD_UM_XPERP-310328,2473.89,2480.1,1h,2026-09-13 12:00:00+00:00,48114.121
2477.75,2479.8,ETH-USD_UM_XPERP-310328,2461.82,2476.12,1h,2026-09-13 13:00:00+00:00,117495.77
2489.87,2493.96,ETH-USD_UM_XPERP-310328,2477.95,2478.0,1h,2026-09-13 14:00:00+00:00,120906.299
2490.21,2491.06,ETH-USD_UM_XPERP-310328,2483.37,2491.0,1h,2026-09-13 15:00:00+00:00,62412.0
2503.78,2533.41,ETH-USD_UM_XPERP-310328,2490.28,2490.28,1h,2026-09-13 16:00:00+00:00,84168.298
2504.0,2510.99,ETH-USD_UM_XPERP-310328,2501.64,2502.95,1h,2026-09-13 17:00:00+00:00,78526.994
2507.22,2508.28,ETH-USD_UM_XPERP-310328,2503.42,2503.42,1h,2026-09-13 18:00:00+00:00,21702.08
2504.8,2513.54,ETH-USD_UM_XPERP-310328,2502.5,2508.13,1h,2026-09-13 19:00:00+00:00,54846.086
2511.35,2600.17,ETH-USD_UM_XPERP-310328,2505.08,2505.5,1h,2026-09-13 20:00:00+00:00,17575.615
2507.95,2515.45,ETH-USD_UM_XPERP-310328,2507.72,2511.83,1h,2026-09-13 21:00:00+00:00,30576.782
2474.49,2508.49,ETH-USD_UM_XPERP-310328,2471.69,2507.62,1h,2026-09-13 22:00:00+00:00,407875.938
2475.88,2479.99,ETH-USD_UM_XPERP-310328,2469.89,2474.37,1h,2026-09-13 23:00:00+00:00,199728.081
2483.33,2489.01,ETH-USD_UM_XPERP-310328,2454.02,2476.56,1h,2026-09-14 00:00:00+00:00,368192.164
2492.77,2494.35,ETH-USD_UM_XPERP-310328,2472.85,2483.62,1h,2026-09-14 01:00:00+00:00,288453.102
2509.79,2512.01,ETH-USD_UM_XPERP-310328,2489.58,2492.53,1h,2026-09-14 02:00:00+00:00,334315.308
2511.72,2518.62,ETH-USD_UM_XPERP-310328,2506.61,2510.33,1h,2026-09-14 03:00:00+00:00,183002.458
2513.53,2517.0,ETH-USD_UM_XPERP-310328,2510.52,2511.83,1h,2026-09-14 04:00:00+00:00,72883.079
2515.0,2515.0,ETH-USD_UM_XPERP-310328,2509.38,2513.63,1h,2026-09-14 05:00:00+00:00,43954.904
2513.37,2525.62,ETH-USD_UM_XPERP-310328,2506.93,2515.35,1h,2026-09-14 06:00:00+00:00,165846.284
2520.07,2524.7,ETH-USD_UM_XPERP-310328,2510.55,2512.48,1h,2026-09-14 07:00:00+00:00,83861.555
2517.58,2526.51,ETH-USD_UM_XPERP-310328,2515.52,2521.99,1h,2026-09-14 08:00:00+00:00,102210.646
2521.99,2532.87,ETH-USD_UM_XPERP-310328,2510.39,2518.49,1h,2026-09-14 09:00:00+00:00,185679.43
2512.48,2523.79,ETH-USD_UM_XPERP-310328,2512.48,2523.04,1h,2026-09-14 10:00:00+00:00,96878.077
2507.0,2515.04,ETH-USD_UM_XPERP-310328,2504.39,2512.57,1h,2026-09-14 11:00:00+00:00,107385.506
2504.57,2516.95,ETH-USD_UM_XPERP-310328,2502.5,2507.23,1h,2026-09-14 12:00:00+00:00,211785.082
2501.19,2516.51,ETH-USD_UM_XPERP-310328,2487.19,2504.34,1h,2026-09-14 13:00:00+00:00,514743.682
2500.29,2514.4,ETH-USD_UM_XPERP-310328,2495.45,2499.51,1h,2026-09-14 14:00:00+00:00,494698.396
2507.0,2511.34,ETH-USD_UM_XPERP-310328,2495.19,2500.27,1h,2026-09-14 15:00:00+00:00,266915.089
2527.55,2535.87,ETH-USD_UM_XPERP-310328,2386.07,2508.87,1h,2026-09-14 16:00:00+00:00,217151.889
2531.41,2534.4,ETH-USD_UM_XPERP-310328,2521.89,2527.58,1h,2026-09-14 17:00:00+00:00,215783.427
2537.55,2543.12,ETH-USD_UM_XPERP-310328,2529.49,2532.26,1h,2026-09-14 18:00:00+00:00,191762.975
2539.69,2548.46,ETH-USD_UM_XPERP-310328,2533.21,2535.33,1h,2026-09-14 19:00:00+00:00,202491.508
2569.91,2611.66,ETH-USD_UM_XPERP-310328,2539.01,2540.38,1h,2026-09-14 20:00:00+00:00,449207.365
2544.69,2570.96,ETH-USD_UM_XPERP-310328,2541.78,2569.12,1h,2026-09-14 21:00:00+00:00,276036.842
2532.25,2555.24,ETH-USD_UM_XPERP-310328,2531.49,2546.17,1h,2026-09-14 22:00:00+00:00,161174.706
2512.48,2533.22,ETH-USD_UM_XPERP-310328,2512.48,2531.39,1h,2026-09-14 23:00:00+00:00,125292.103
2514.85,2569.05,ETH-USD_UM_XPERP-310328,2506.54,2513.74,1h,2026-09-15 00:00:00+00:00,116636.873
2513.93,2518.08,ETH-USD_UM_XPERP-310328,2507.26,2513.1,1h,2026-09-15 01:00:00+00:00,197718.343
2511.11,2518.5,ETH-USD_UM_XPERP-310328,2509.52,2514.35,1h,2026-09-15 02:00:00+00:00,68740.407
2498.32,2510.6,ETH-USD_UM_XPERP-310328,2495.88,2510.6,1h,2026-09-15 03:00:00+00:00,111324.697
2490.53,2499.37,ETH-USD_UM_XPERP-310328,2488.7,2496.77,1h,2026-09-15 04:00:00+00:00,96248.101
2495.11,2496.53,ETH-USD_UM_XPERP-310328,2478.23,2489.72,1h,2026-09-15 05:00:00+00:00,150342.379
2484.67,2499.13,ETH-USD_UM_XPERP-310328,2480.61,2496.57,1h,2026-09-15 06:00:00+00:00,98046.518
2471.94,2484.78,ETH-USD_UM_XPERP-310328,2469.35,2484.44,1h,2026-09-15 07:00:00+00:00,198710.013
2476.25,2476.25,ETH-USD_UM_XPERP-310328,2464.3,2472.21,1h,2026-09-15 08:00:00+00:00,33.356
2605.22,2610.0,ETH-USD_UM_XPERP-310328,2473.6,2474.99,1h,2026-09-15 09:00:00+00:00,13.891
2730.41,2732.75,ETH-USD_UM_XPERP-310328,2609.68,2609.68,1h,2026-09-15 10:00:00+00:00,27.416
2723.29,2733.84,ETH-USD_UM_XPERP-310328,2723.29,2730.99,1h,2026-09-15 11:00:00+00:00,8.236
2723.29,2723.29,ETH-USD_UM_XPERP-310328,2723.29,2723.29,1h,2026-09-15 12:00:00+00:00,0.212
2723.75,2726.27,ETH-USD_UM_XPERP-310328,2723.29,2723.29,1h,2026-09-15 13:00:00+00:00,0.043
2723.29,2723.75,ETH-USD_UM_XPERP-310328,2723.29,2723.75,1h,2026-09-15 14:00:00+00:00,0.088
2723.29,2723.29,ETH-USD_UM_XPERP-310328,2723.29,2723.29,1h,2026-09-15 15:00:00+00:00,2.445
2723.29,2723.29,ETH-USD_UM_XPERP-310328,2723.29,2723.29,1h,2026-09-15 16:00:00+00:00,0.0
2723.29,2723.29,ETH-USD_UM_XPERP-310328,2723.29,2723.29,1h,2026-09-15 17:00:00+00:00,0.0
2723.29,2723.29,ETH-USD_UM_XPERP-310328,2723.29,2723.29,1h,2026-09-15 18:00:00+00:00,0.002
2723.29,2723.29,ETH-USD_UM_XPERP-310328,2723.29,2723.29,1h,2026-09-15 19:00:00+00:00,9.612
2723.29,2723.29,ETH-USD_UM_XPERP-310328,2723.29,2723.29,1h,2026-09-15 20:00:00+00:00,8.414
2415.22,2723.29,ETH-USD_UM_XPERP-310328,2396.11,2723.29,1h,2026-09-15 21:00:00+00:00,117.122
2469.03,2477.98,ETH-USD_UM_XPERP-310328,2415.22,2415.22,1h,2026-09-15 22:00:00+00:00,10.938
2451.44,2481.79,ETH-USD_UM_XPERP-310328,2451.44,2469.03,1h,2026-09-15 23:00:00+00:00,6.12
2443.81,2460.0,ETH-USD_UM_XPERP-310328,2438.76,2451.44,1h,2026-09-16 00:00:00+00:00,0.812
2389.58,2442.0,ETH-USD_UM_XPERP-310328,2389.58,2442.0,1h,2026-09-16 01:00:00+00:00,12.863
2408.5,2408.5,ETH-USD_UM_XPERP-310328,2391.3,2391.3,1h,2026-09-16 02:00:00+00:00,7.657
2408.5,2408.5,ETH-USD_UM_XPERP-310328,2408.5,2408.5,1h,2026-09-16 03:00:00+00:00,0.0
2406.76,2408.5,ETH-USD_UM_XPERP-310328,2401.7,2405.98,1h,2026-09-16 04:00:00+00:00,49.74
2406.76,2406.76,ETH-USD_UM_XPERP-310328,2406.76,2406.76,1h,2026-09-16 05:00:00+00:00,0.0
2405.0,2406.76,ETH-USD_UM_XPERP-310328,2393.37,2406.76,1h,2026-09-16 06:00:00+00:00,12.455
2396.02,2405.48,ETH-USD_UM_XPERP-310328,2395.89,2405.46,1h,2026-09-16 07:00:00+00:00,16008.492
2400.98,2403.46,ETH-USD_UM_XPERP-310328,2384.59,2394.91,1h,2026-09-16 08:00:00+00:00,4.016
2403.46,2405.0,ETH-USD_UM_XPERP-310328,2400.05,2401.62,1h,2026-09-16 09:00:00+00:00,0.599
2403.76,2405.98,ETH-USD_UM_XPERP-310328,2398.41,2404.74,1h,2026-09-16 10:00:00+00:00,10.848
2421.11,2427.0,ETH-USD_UM_XPERP-310328,2403.46,2405.98,1h,2026-09-16 11:00:00+00:00,1.917
2405.98,2420.74,ETH-USD_UM_XPERP-310328,2402.8,2418.99,1h,2026-09-16 12:00:00+00:00,24.347
2391.6,2403.46,ETH-USD_UM_XPERP-310328,2390.0,2403.46,1h,2026-09-16 13:00:00+00:00,12.166
2386.03,2396.18,ETH-USD_UM_XPERP-310328,2380.76,2391.16,1h,2026-09-16 14:00:00+00:00,21.104
2393.37,2398.41,ETH-USD_UM_XPERP-310328,2383.28,2388.32,1h,2026-09-16 15:00:00+00:00,20.243
2393.37,2396.05,ETH-USD_UM_XPERP-310328,2388.32,2390.85,1h,2026-09-16 16:00:00+00:00,5.649
2388.32,2393.37,ETH-USD_UM_XPERP-310328,2370.83,2390.85,1h,2026-09-16 17:00:00+00:00,21.776
2398.41,2425.2,ETH-USD_UM_XPERP-310328,2373.1,2390.85,1h,2026-09-16 18:00:00+00:00,30.725
2406.09,2416.1,ETH-USD_UM_XPERP-310328,2380.76,2399.5,1h,2026-09-16 19:00:00+00:00,13.064
2408.5,2416.8,ETH-USD_UM_XPERP-310328,2405.0,2408.5,1h,2026-09-16 20:00:00+00:00,1.396
2403.46,2411.02,ETH-USD_UM_XPERP-310328,2400.93,2411.02,1h,2026-09-16 21:00:00+00:00,0.248
2390.85,2400.93,ETH-USD_UM_XPERP-310328,2388.32,2400.93,1h,2026-09-16 22:00:00+00:00,6.421
2419.14,2420.81,ETH-USD_UM_XPERP-310328,2388.32,2390.0,1h,2026-09-16 23:00:00+00:00,6.019
2418.59,2426.32,ETH-USD_UM_XPERP-310328,2415.58,2416.07,1h,2026-09-17 00:00:00+00:00,8.798
2427.0,2443.81,ETH-USD_UM_XPERP-310328,2413.54,2421.11,1h,2026-09-17 01:00:00+00:00,11.091
2427.7,2431.2,ETH-USD_UM_XPERP-310328,2415.22,2426.15,1h,2026-09-17 02:00:00+00:00,10.453
2433.72,2437.46,ETH-USD_UM_XPERP-310328,2431.2,2431.2,1h,2026-09-17 03:00:00+00:00,10.16
2442.5,2442.5,ETH-USD_UM_XPERP-310328,2425.2,2431.2,1h,2026-09-17 04:00:00+00:00,5.355
2436.24,2443.81,ETH-USD_UM_XPERP-310328,2436.15,2443.5,1h,2026-09-17 05:00:00+00:00,0.543
2441.29,2445.32,ETH-USD_UM_XPERP-310328,2435.0,2438.76,1h,2026-09-17 06:00:00+00:00,93.579
2442.0,2452.2,ETH-USD_UM_XPERP-310328,2442.0,2443.81,1h,2026-09-17 07:00:00+00:00,9.573
2444.44,2444.46,ETH-USD_UM_XPERP-310328,2437.3,2443.84,1h,2026-09-17 08:00:00+00:00,36732.78
2438.31,2447.61,ETH-USD_UM_XPERP-310328,2437.44,2444.73,1h,2026-09-17 09:00:00+00:00,52715.13
2434.45,2437.81,ETH-USD_UM_XPERP-310328,2430.01,2437.81,1h,2026-09-17 10:00:00+00:00,123627.065
2438.7,2439.76,ETH-USD_UM_XPERP-310328,2427.32,2434.63,1h,2026-09-17 11:00:00+00:00,123621.122
2458.94,2478.55,ETH-USD_UM_XPERP-310328,2438.21,2441.1,1h,2026-09-17 12:00:00+00:00,426062.528
2462.21,2463.98,ETH-USD_UM_XPERP-310328,2431.87,2461.46,1h,2026-09-17 13:00:00+00:00,428776.289
2461.24,2481.61,ETH-USD_UM_XPERP-310328,2450.71,2461.46,1h,2026-09-17 14:00:00+00:00,554756.85
2469.03,2476.83,ETH-USD_UM_XPERP-310328,2447.33,2460.48,1h,2026-09-17 15:00:00+00:00,488544.724
2467.95,2472.27,ETH-USD_UM_XPERP-310328,2454.71,2469.43,1h,2026-09-17 16:00:00+00:00,294059.322
2461.41,2475.13,ETH-USD_UM_XPERP-310328,2458.8,2469.03,1h,2026-09-17 17:00:00+00:00,265662.105
2450.75,2462.28,ETH-USD_UM_XPERP-310328,2449.19,2461.2,1h,2026-09-17 18:00:00+00:00,163143.718
2448.73,2454.13,ETH-USD_UM_XPERP-310328,2444.44,2450.68,1h,2026-09-17 19:00:00+00:00,162965.317
2450.04,2457.82,ETH-USD_UM_XPERP-310328,2447.43,2448.22,1h,2026-09-17 20:00:00+00:00,48274.746
2446.43,2454.5,ETH-USD_UM_XPERP-310328,2446.36,2452.7,1h,2026-09-17 21:00:00+00:00,23177.799
2440.74,2448.5,ETH-USD_UM_XPERP-310328,2436.96,2446.18,1h,2026-09-17 22:00:00+00:00,111682.618
2447.81,2449.5,ETH-USD_UM_XPERP-310328,2444.06,2444.06,1h,2026-09-17 23:00:00+00:00,69945.087
2447.38,2447.39,ETH-USD_UM_XPERP-310328,2435.76,2446.88,1h,2026-09-18 00:00:00+00:00,94371.881
2458.57,2458.57,ETH-USD_UM_XPERP-310328,2445.36,2448.73,1h,2026-09-18 01:00:00+00:00,207554.532
2461.89,2465.5,ETH-USD_UM_XPERP-310328,2451.75,2456.6,1h,2026-09-18 02:00:00+00:00,125261.102
2476.77,2484.15,ETH-USD_UM_XPERP-310328,2461.02,2461.02,1h,2026-09-18 03:00:00+00:00,256101.762
2480.6,2480.71,ETH-USD_UM_XPERP-310328,2468.92,2477.89,1h,2026-09-18 04:00:00+00:00,122851.239
2478.68,2491.85,ETH-USD_UM_XPERP-310328,2476.25,2480.64,1h,2026-09-18 05:00:00+00:00,237921.121
2486.32,2486.61,ETH-USD_UM_XPERP-310328,2476.56,2480.71,1h,2026-09-18 06:00:00+00:00,127528.304
2488.06,2497.35,ETH-USD_UM_XPERP-310328,2481.27,2486.0,1h,2026-09-18 07:00:00+00:00,172783.265
2503.53,2504.37,ETH-USD_UM_XPERP-310328,2485.53,2490.33,1h,2026-09-18 08:00:00+00:00,249347.908
2507.18,2519.57,ETH-USD_UM_XPERP-310328,2501.15,2504.25,1h,2026-09-18 09:00:00+00:00,271587.108
2511.72,2519.09,ETH-USD_UM_XPERP-310328,2506.85,2507.79,1h,2026-09-18 10:00:00+00:00,164549.092
2506.79,2516.77,ETH-USD_UM_XPERP-310328,2498.86,2512.45,1h,2026-09-18 11:00:00+00:00,238287.292
2501.05,2508.19,ETH-USD_UM_XPERP-310328,2500.02,2507.36,1h,2026-09-18 12:00:00+00:00,170654.796
2549.84,2574.74,ETH-USD_UM_XPERP-310328,2493.0,2500.75,1h,2026-09-18 13:00:00+00:00,615381.492
2581.36,2582.22,ETH-USD_UM_XPERP-310328,2551.91,2551.91,1h,2026-09-18 14:00:00+00:00,941152.026
2581.87,2594.52,ETH-USD_UM_XPERP-310328,2566.28,2581.42,1h,2026-09-18 15:00:00+00:00,522100.967
2595.65,2609.19,ETH-USD_UM_XPERP-310328,2578.51,2583.24,1h,2026-09-18 16:00:00+00:00,451895.991
2605.72,2608.73,ETH-USD_UM_XPERP-310328,2584.8,2596.67,1h,2026-09-18 17:00:00+00:00,317923.841
2612.84,2624.36,ETH-USD_UM_XPERP-310328,2600.97,2605.72,1h,2026-09-18 18:00:00+00:00,403052.118
2637.01,2643.44,ETH-USD_UM_XPERP-310328,2611.13,2612.02,1h,2026-09-18 19:00:00+00:00,393899.97
2630.02,2638.42,ETH-USD_UM_XPERP-310328,2624.2,2636.5,1h,2026-09-18 20:00:00+00:00,242826.232
2625.7,2638.68,ETH-USD_UM_XPERP-310328,2624.65,2630.86,1h,2026-09-18 21:00:00+00:00,117333.24
2618.66,2644.6,ETH-USD_UM_XPERP-310328,2616.76,2625.81,1h,2026-09-18 22:00:00+00:00,124410.457
2610.8,2621.43,ETH-USD_UM_XPERP-310328,2608.41,2620.81,1h,2026-09-18 23:00:00+00:00,127060.165
2625.76,2625.76,ETH-USD_UM_XPERP-310328,2606.64,2611.71,1h,2026-09-19 00:00:00+00:00,149502.8
2612.0,2625.47,ETH-USD_UM_XPERP-310328,2603.31,2624.29,1h,2026-09-19 01:00:00+00:00,218435.965
2622.4,2622.4,ETH-USD_UM_XPERP-310328,2611.3,2611.83,1h,2026-09-19 02:00:00+00:00,110334.484
2620.64,2630.34,ETH-USD_UM_XPERP-310328,2618.4,2622.2,1h,2026-09-19 03:00:00+00:00,68630.224
2618.39,2625.49,ETH-USD_UM_XPERP-310328,2611.77,2619.0,1h,2026-09-19 04:00:00+00:00,98422.208
2627.58,2631.89,ETH-USD_UM_XPERP-310328,2618.54,2618.86,1h,2026-09-19 05:00:00+00:00,115378.91
2626.47,2628.95,ETH-USD_UM_XPERP-310328,2619.5,2628.39,1h,2026-09-19 06:00:00+00:00,79834.379
2626.4,2634.86,ETH-USD_UM_XPERP-310328,2622.69,2626.46,1h,2026-09-19 07:00:00+00:00,60622.124
2644.26,2654.4,ETH-USD_UM_XPERP-310328,2623.15,2626.88,1h,2026-09-19 08:00:00+00:00,215018.105
2641.39,2658.4,ETH-USD_UM_XPERP-310328,2632.52,2645.27,1h,2026-09-19 09:00:00+00:00,167703.355
2637.31,2644.61,ETH-USD_UM_XPERP-310328,2637.31,2639.75,1h,2026-09-19 10:00:00+00:00,98506.413
2638.61,2642.26,ETH-USD_UM_XPERP-310328,2635.64,2637.41,1h,2026-09-19 11:00:00+00:00,63960.233
2640.01,2642.93,ETH-USD_UM_XPERP-310328,2632.22,2638.99,1h,2026-09-19 12:00:00+00:00,63330.35
2638.05,2642.18,ETH-USD_UM_XPERP-310328,2628.45,2639.43,1h,2026-09-19 13:00:00+00:00,103487.355
2637.44,2642.64,ETH-USD_UM_XPERP-310328,2634.84,2637.31,1h,2026-09-19 14:00:00+00:00,69425.542
2639.96,2649.72,ETH-USD_UM_XPERP-310328,2636.52,2638.51,1h,2026-09-19 15:00:00+00:00,79334.721
2649.06,2650.31,ETH-USD_UM_XPERP-310328,2635.03,2639.06,1h,2026-09-19 16:00:00+00:00,95272.784
2646.17,2658.2,ETH-USD_UM_XPERP-310328,2641.19,2647.62,1h,2026-09-19 17:00:00+00:00,215167.629
2636.76,2656.25,ETH-USD_UM_XPERP-310328,2634.42,2645.02,1h,2026-09-19 18:00:00+00:00,138838.885
2634.36,2639.06,ETH-USD_UM_XPERP-310328,2632.13,2632.28,1h,2026-09-19 19:00:00+00:00,64378.096
2635.02,2639.52,ETH-USD_UM_XPERP-310328,2631.65,2633.9,1h,2026-09-19 20:00:00+00:00,77120.486
2626.65,2637.42,ETH-USD_UM_XPERP-310328,2609.14,2635.72,1h,2026-09-19 21:00:00+00:00,160333.844
2630.45,2670.9,ETH-USD_UM_XPERP-310328,2617.48,2626.62,1h,2026-09-19 22:00:00+00:00,106203.124
2631.25,2636.66,ETH-USD_UM_XPERP-310328,2616.76,2630.31,1h,2026-09-19 23:00:00+00:00,28873.545
2626.34,2631.48,ETH-USD_UM_XPERP-310328,2490.99,2631.48,1h,2026-09-20 00:00:00+00:00,52699.999
2617.73,2626.02,ETH-USD_UM_XPERP-310328,2613.78,2625.74,1h,2026-09-20 01:00:00+00:00,53770.612
2572.19,2622.87,ETH-USD_UM_XPERP-310328,2565.55,2617.34,1h,2026-09-20 02:00:00+00:00,133985.122
2586.62,2589.62,ETH-USD_UM_XPERP-310328,2564.21,2573.03,1h,2026-09-20 03:00:00+00:00,351486.35
2579.36,2587.26,ETH-USD_UM_XPERP-310328,2576.23,2587.0,1h,2026-09-20 04:00:00+00:00,165466.475
2577.96,2583.96,ETH-USD_UM_XPERP-310328,2573.73,2578.83,1h,2026-09-20 05:00:00+00:00,142218.373
2573.3,2583.99,ETH-USD_UM_XPERP-310328,2569.15,2576.83,1h,2026-09-20 06:00:00+00:00,175125.55
2573.76,2574.49,ETH-USD_UM_XPERP-310328,2573.16,2573.16,1h,2026-09-20 07:00:00+00:00,5284.238
2573.76,2573.76,ETH-USD_UM_XPERP-310328,2573.76,2573.76,1h,2026-09-20 08:00:00+00:00,0.0
2573.76,2573.76,ETH-USD_UM_XPERP-310328,2573.76,2573.76,1h,2026-09-20 09:00:00+00:00,0.0
2571.3,2576.97,ETH-USD_UM_XPERP-310328,2568.09,2573.98,1h,2026-09-20 10:00:00+00:00,60287.587
2577.92,2579.52,ETH-USD_UM_XPERP-310328,2566.85,2570.74,1h,2026-09-20 11:00:00+00:00,139004.054
2578.76,2581.52,ETH-USD_UM_XPERP-310328,2570.85,2577.92,1h,2026-09-20 12:00:00+00:00,130467.529
2579.18,2584.53,ETH-USD_UM_XPERP-310328,2575.67,2579.03,1h,2026-09-20 13:00:00+00:00,133704.436
2584.47,2586.85,ETH-USD_UM_XPERP-310328,2573.03,2580.74,1h,2026-09-20 14:00:00+00:00,202858.492
2612.25,2613.21,ETH-USD_UM_XPERP-310328,2585.19,2585.48,1h,2026-09-20 15:00:00+00:00,437001.849
2638.77,2648.41,ETH-USD_UM_XPERP-310328,2605.49,2611.7,1h,2026-09-20 16:00:00+00:00,568809.768
2623.74,2647.95,ETH-USD_UM_XPERP-310328,2619.94,2637.82,1h,2026-09-20 17:00:00+00:00,446877.547
2624.79,2638.46,ETH-USD_UM_XPERP-310328,2621.62,2625.35,1h,2026-09-20 18:00:00+00:00,326628.429
2631.56,2637.8,ETH-USD_UM_XPERP-310328,2621.99,2624.84,1h,2026-09-20 19:00:00+00:00,147802.677
2633.34,2670.9,ETH-USD_UM_XPERP-310328,2629.0,2632.04,1h,2026-09-20 20:00:00+00:00,149678.348
2629.29,2634.72,ETH-USD_UM_XPERP-310328,2608.17,2633.42,1h,2026-09-20 21:00:00+00:00,270330.401
2637.43,2644.98,ETH-USD_UM_XPERP-310328,2625.39,2631.65,1h,2026-09-20 22:00:00+00:00,327403.83
2643.98,2645.88,ETH-USD_UM_XPERP-310328,2631.24,2636.66,1h,2026-09-20 23:00:00+00:00,283043.331
2689.5,2704.98,ETH-USD_UM_XPERP-310328,2643.82,2643.82,1h,2026-09-21 00:00:00+00:00,713574.44
2650.33,2699.56,ETH-USD_UM_XPERP-310328,2647.54,2689.01,1h,2026-09-21 01:00:00+00:00,713006.268
2659.65,2707.62,ETH-USD_UM_XPERP-310328,2645.23,2648.54,1h,2026-09-21 02:00:00+00:00,307412.039
2664.09,2672.11,ETH-USD_UM_XPERP-310328,2657.01,2661.05,1h,2026-09-21 03:00:00+00:00,254728.537
2662.24,2668.4,ETH-USD_UM_XPERP-310328,2652.35,2664.35,1h,2026-09-21 04:00:00+00:00,144923.712
2664.32,2674.38,ETH-USD_UM_XPERP-310328,2657.53,2662.72,1h,2026-09-21 05:00:00+00:00,170357.377
2661.65,2677.2,ETH-USD_UM_XPERP-310328,2653.66,2663.69,1h,2026-09-21 06:00:00+00:00,291433.456
2660.16,2664.36,ETH-USD_UM_XPERP-310328,2645.6,2661.14,1h,2026-09-21 07:00:00+00:00,367103.91
2696.33,2707.78,ETH-USD_UM_XPERP-310328,2660.28,2660.28,1h,2026-09-21 08:00:00+00:00,664525.736
2720.38,2745.76,ETH-USD_UM_XPERP-310328,2691.9,2694.45,1h,2026-09-21 09:00:00+00:00,617275.883
2714.48,2724.84,ETH-USD_UM_XPERP-310328,2707.45,2720.02,1h,2026-09-21 10:00:00+00:00,334661.881
2721.53,2727.84,ETH-USD_UM_XPERP-310328,2712.41,2713.75,1h,2026-09-21 11:00:00+00:00,249542.456
2737.35,2737.92,ETH-USD_UM_XPERP-310328,2717.49,2721.84,1h,2026-09-21 12:00:00+00:00,445083.831
2730.28,2742.4,ETH-USD_UM_XPERP-310328,2718.19,2733.98,1h,2026-09-21 13:00:00+00:00,700371.028
2734.95,2754.65,ETH-USD_UM_XPERP-310328,2710.8,2730.4,1h,2026-09-21 14:00:00+00:00,766079.02
2755.32,2761.98,ETH-USD_UM_XPERP-310328,2728.1,2735.61,1h,2026-09-21 15:00:00+00:00,683904.892
2753.74,2767.92,ETH-USD_UM_XPERP-310328,2741.93,2753.64,1h,2026-09-21 16:00:00+00:00,577631.665
2741.83,2765.33,ETH-USD_UM_XPERP-310328,2734.37,2753.22,1h,2026-09-21 17:00:00+00:00,456812.314
2756.72,2756.72,ETH-USD_UM_XPERP-310328,2731.69,2741.82,1h,2026-09-21 18:00:00+00:00,302148.799
2760.98,2774.21,ETH-USD_UM_XPERP-310328,2754.58,2756.76,1h,2026-09-21 19:00:00+00:00,416138.764
2783.28,2805.1,ETH-USD_UM_XPERP-310328,2760.48,2760.68,1h,2026-09-21 20:00:00+00:00,566596.264
2767.06,2793.04,ETH-USD_UM_XPERP-310328,2762.68,2780.3,1h,2026-09-21 21:00:00+00:00,160085.656
2777.86,2782.21,ETH-USD_UM_XPERP-310328,2676.88,2766.99,1h,2026-09-21 22:00:00+00:00,293035.724
2776.12,2786.95,ETH-USD_UM_XPERP-310328,2766.05,2776.56,1h,2026-09-21 23:00:00+00:00,149852.967
2751.95,2777.02,ETH-USD_UM_XPERP-310328,2751.95,2772.52,1h,2026-09-22 00:00:00+00:00,3.204
2745.32,2755.17,ETH-USD_UM_XPERP-310328,2737.43,2751.45,1h,2026-09-22 01:00:00+00:00,307729.541
2740.06,2759.78,ETH-USD_UM_XPERP-310328,2736.76,2747.98,1h,2026-09-22 02:00:00+00:00,335284.912
2738.74,2741.8,ETH-USD_UM_XPERP-310328,2723.69,2739.05,1h,2026-09-22 03:00:00+00:00,381094.835
2727.28,2742.06,ETH-USD_UM_XPERP-310328,2722.58,2734.79,1h,2026-09-22 04:00:00+00:00,235217.263
2732.04,2737.78,ETH-USD_UM_XPERP-310328,2715.17,2726.21,1h,2026-09-22 05:00:00+00:00,261074.472
2730.02,2735.0,ETH-USD_UM_XPERP-310328,2723.68,2732.36,1h,2026-09-22 06:00:00+00:00,199583.45
2724.71,2733.18,ETH-USD_UM_XPERP-310328,2721.88,2729.16,1h,2026-09-22 07:00:00+00:00,149447.661
2748.45,2753.47,ETH-USD_UM_XPERP-310328,2718.13,2726.12,1h,2026-09-22 08:00:00+00:00,381237.529
2749.18,2752.9,ETH-USD_UM_XPERP-310328,2730.52,2746.94,1h,2026-09-22 09:00:00+00:00,367568.293
2741.7,2752.85,ETH-USD_UM_XPERP-310328,2735.62,2751.0,1h,2026-09-22 10:00:00+00:00,267243.746
2741.3,2746.07,ETH-USD_UM_XPERP-310328,2735.61,2742.01,1h,2026-09-22 11:00:00+00:00,236294.877
2754.23,2755.89,ETH-USD_UM_XPERP-310328,2736.44,2741.85,1h,2026-09-22 12:00:00+00:00,250658.467
2758.11,2763.27,ETH-USD_UM_XPERP-310328,2739.84,2755.65,1h,2026-09-22 13:00:00+00:00,568408.168
2741.06,2758.34,ETH-USD_UM_XPERP-310328,2717.3,2758.34,1h,2026-09-22 14:00:00+00:00,745234.039
2742.72,2753.41,ETH-USD_UM_XPERP-310328,2735.69,2740.97,1h,2026-09-22 15:00:00+00:00,537985.622
2746.01,2748.78,ETH-USD_UM_XPERP-310328,2728.67,2742.74,1h,2026-09-22 16:00:00+00:00,437635.428
2752.19,2757.87,ETH-USD_UM_XPERP-310328,2742.55,2744.58,1h,2026-09-22 17:00:00+00:00,299777.858
2751.73,2754.94,ETH-USD_UM_XPERP-310328,2742.37,2753.68,1h,2026-09-22 18:00:00+00:00,246492.178
2749.97,2762.48,ETH-USD_UM_XPERP-310328,2743.87,2751.16,1h,2026-09-22 19:00:00+00:00,263374.096
2749.5,2756.89,ETH-USD_UM_XPERP-310328,2746.97,2749.95,1h,2026-09-22 20:00:00+00:00,81311.541
2746.77,2752.85,ETH-USD_UM_XPERP-310328,2743.12,2747.44,1h,2026-09-22 21:00:00+00:00,63647.55
2752.08,2758.68,ETH-USD_UM_XPERP-310328,2736.91,2746.31,1h,2026-09-22 22:00:00+00:00,182612.793
2752.38,2771.46,ETH-USD_UM_XPERP-310328,2748.0,2752.58,1h,2026-09-22 23:00:00+00:00,283063.181
2759.74,2765.49,ETH-USD_UM_XPERP-310328,2748.77,2752.25,1h,2026-09-23 00:00:00+00:00,313498.537
2753.0,2772.64,ETH-USD_UM_XPERP-310328,2744.71,2759.11,1h,2026-09-23 01:00:00+00:00,323522.467
2761.74,2761.74,ETH-USD_UM_XPERP-310328,2745.02,2753.14,1h,2026-09-23 02:00:00+00:00,204628.267
2772.49,2781.88,ETH-USD_UM_XPERP-310328,2756.89,2760.83,1h,2026-09-23 03:00:00+00:00,162191.134
2779.36,2786.71,ETH-USD_UM_XPERP-310328,2766.99,2773.0,1h,2026-09-23 04:00:00+00:00,223501.123
2756.74,2778.0,ETH-USD_UM_XPERP-310328,2756.55,2778.0,1h,2026-09-23 05:00:00+00:00,239425.801
2754.23,2760.75,ETH-USD_UM_XPERP-310328,2751.16,2755.99,1h,2026-09-23 06:00:00+00:00,100926.785
2742.52,2752.7,ETH-USD_UM_XPERP-310328,2736.53,2751.45,1h,2026-09-23 07:00:00+00:00,209382.425
2733.98,2749.43,ETH-USD_UM_XPERP-310328,2726.89,2742.76,1h,2026-09-23 08:00:00+00:00,274157.861
2733.14,2742.03,ETH-USD_UM_XPERP-310328,2731.15,2734.28,1h,2026-09-23 09:00:00+00:00,163392.315
2737.22,2737.41,ETH-USD_UM_XPERP-310328,2725.26,2733.12,1h,2026-09-23 10:00:00+00:00,180149.605
2726.93,2737.97,ETH-USD_UM_XPERP-310328,2716.66,2737.57,1h,2026-09-23 11:00:00+00:00,161892.814
2721.05,2728.1,ETH-USD_UM_XPERP-310328,2712.97,2727.18,1h,2026-09-23 12:00:00+00:00,190820.357
2714.48,2721.97,ETH-USD_UM_XPERP-310328,2706.71,2721.74,1h,2026-09-23 13:00:00+00:00,400842.774
2674.62,2722.22,ETH-USD_UM_XPERP-310328,2647.16,2716.86,1h,2026-09-23 14:00:00+00:00,808624.298
2654.34,2684.62,ETH-USD_UM_XPERP-310328,2653.63,2674.96,1h,2026-09-23 15:00:00+00:00,423825.555
2659.32,2666.61,ETH-USD_UM_XPERP-310328,2636.72,2654.73,1h,2026-09-23 16:00:00+00:00,466275.909
2665.32,2669.02,ETH-USD_UM_XPERP-310328,2648.45,2659.82,1h,2026-09-23 17:00:00+00:00,393238.734
2667.63,2670.93,ETH-USD_UM_XPERP-310328,2658.25,2666.7,1h,2026-09-23 18:00:00+00:00,213045.097
2675.9,2678.17,ETH-USD_UM_XPERP-310328,2662.91,2667.73,1h,2026-09-23 19:00:00+00:00,153867.451
2668.89,2677.21,ETH-USD_UM_XPERP-310328,2667.95,2677.21,1h,2026-09-23 20:00:00+00:00,87413.128
2676.1,2677.7,ETH-USD_UM_XPERP-310328,2667.53,2669.87,1h,2026-09-23 21:00:00+00:00,44011.315
2689.22,2697.08,ETH-USD_UM_XPERP-310328,2675.17,2676.32,1h,2026-09-23 22:00:00+00:00,163131.376
2683.97,2689.61,ETH-USD_UM_XPERP-310328,2680.41,2688.61,1h,2026-09-23 23:00:00+00:00,56618.303
2682.01,2690.37,ETH-USD_UM_XPERP-310328,2678.55,2683.87,1h,2026-09-24 00:00:00+00:00,87927.982
2674.0,2690.96,ETH-USD_UM_XPERP-310328,2673.63,2681.81,1h,2026-09-24 01:00:00+00:00,157557.505
2685.47,2686.81,ETH-USD_UM_XPERP-310328,2665.07,2673.55,1h,2026-09-24 02:00:00+00:00,199649.248
2675.36,2688.84,ETH-USD_UM_XPERP-310328,2670.93,2685.74,1h,2026-09-24 03:00:00+00:00,148802.336
2680.83,2682.7,ETH-USD_UM_XPERP-310328,2669.18,2675.54,1h,2026-09-24 04:00:00+00:00,97552.636
2682.93,2699.6,ETH-USD_UM_XPERP-310328,2680.29,2681.07,1h,2026-09-24 05:00:00+00:00,198315.249
2684.82,2689.38,ETH-USD_UM_XPERP-310328,2678.7,2681.76,1h,2026-09-24 06:00:00+00:00,215715.27
2691.69,2698.23,ETH-USD_UM_XPERP-310328,2678.33,2684.3,1h,2026-09-24 07:00:00+00:00,203550.481
2667.7,2694.45,ETH-USD_UM_XPERP-310328,2655.97,2692.12,1h,2026-09-24 08:00:00+00:00,323830.455
2640.39,2671.97,ETH-USD_UM_XPERP-310328,2630.47,2668.16,1h,2026-09-24 09:00:00+00:00,383150.599
2646.49,2647.61,ETH-USD_UM_XPERP-310328,2632.39,2641.28,1h,2026-09-24 10:00:00+00:00,222236.937
2646.24,2651.01,ETH-USD_UM_XPERP-310328,2642.42,2646.78,1h,2026-09-24 11:00:00+00:00,108790.108
2647.91,2652.44,ETH-USD_UM_XPERP-310328,2637.62,2645.36,1h,2026-09-24 12:00:00+00:00,205656.385
2668.91,2676.66,ETH-USD_UM_XPERP-310328,2647.82,2648.45,1h,2026-09-24 13:00:00+00:00,360326.102
2654.89,2697.61,ETH-USD_UM_XPERP-310328,2646.69,2670.08,1h,2026-09-24 14:00:00+00:00,545220.197
2682.38,2684.39,ETH-USD_UM_XPERP-310328,2652.46,2656.67,1h,2026-09-24 15:00:00+00:00,466039.243
2687.59,2779.84,ETH-USD_UM_XPERP-310328,2665.07,2679.26,1h,2026-09-24 16:00:00+00:00,576847.853
2668.91,2688.52,ETH-USD_UM_XPERP-310328,2666.61,2684.82,1h,2026-09-24 17:00:00+00:00,406285.518
2689.04,2693.48,ETH-USD_UM_XPERP-310328,2659.7,2666.95,1h,2026-09-24 18:00:00+00:00,332375.633
2693.53,2699.34,ETH-USD_UM_XPERP-310328,2681.64,2688.85,1h,2026-09-24 19:00:00+00:00,155435.348
2685.72,2738.35,ETH-USD_UM_XPERP-310328,2681.65,2694.99,1h,2026-09-24 20:00:00+00:00,94944.406
2685.55,2691.8,ETH-USD_UM_XPERP-310328,2684.4,2687.46,1h,2026-09-24 21:00:00+00:00,29467.209
2683.75,2686.66,ETH-USD_UM_XPERP-310328,2675.55,2684.38,1h,2026-09-24 22:00:00+00:00,84414.739
2686.37,2691.8,ETH-USD_UM_XPERP-310328,2683.7,2683.84,1h,2026-09-24 23:00:00+00:00,38093.007
2688.79,2695.52,ETH-USD_UM_XPERP-310328,2686.64,2686.66,1h,2026-09-25 00:00:00+00:00,109136.538
2687.85,2696.81,ETH-USD_UM_XPERP-310328,2681.41,2689.16,1h,2026-09-25 01:00:00+00:00,122284.521
2674.9,2698.38,ETH-USD_UM_XPERP-310328,2673.71,2688.05,1h,2026-09-25 02:00:00+00:00,150040.341
2677.44,2679.26,ETH-USD_UM_XPERP-310328,2672.75,2675.72,1h,2026-09-25 03:00:00+00:00,112146.886
2678.93,2684.2,ETH-USD_UM_XPERP-310328,2670.93,2676.41,1h,2026-09-25 04:00:00+00:00,82159.342
2679.26,2700.0,ETH-USD_UM_XPERP-310328,2674.5,2679.24,1h,2026-09-25 05:00:00+00:00,83022.798
2673.55,2681.77,ETH-USD_UM_XPERP-310328,2669.8,2678.91,1h,2026-09-25 06:00:00+00:00,107695.161
2671.92,2679.17,ETH-USD_UM_XPERP-310328,2666.61,2673.33,1h,2026-09-25 07:00:00+00:00,78779.369
2689.66,2694.45,ETH-USD_UM_XPERP-310328,2671.44,2671.44,1h,2026-09-25 08:00:00+00:00,157861.882
2703.06,2712.14,ETH-USD_UM_XPERP-310328,2689.85,2689.85,1h,2026-09-25 09:00:00+00:00,193521.376
2711.72,2718.36,ETH-USD_UM_XPERP-310328,2693.14,2703.0,1h,2026-09-25 10:00:00+00:00,141848.957
2716.17,2741.02,ETH-USD_UM_XPERP-310328,2711.81,2712.76,1h,2026-09-25 11:00:00+00:00,275520.259
2717.0,2722.81,ETH-USD_UM_XPERP-310328,2681.72,2717.83,1h,2026-09-25 12:00:00+00:00,466921.565
2693.71,2720.91,ETH-USD_UM_XPERP-310328,2656.81,2716.15,1h,2026-09-25 13:00:00+00:00,442410.281
2694.3,2696.14,ETH-USD_UM_XPERP-310328,2670.93,2694.23,1h,2026-09-25 14:00:00+00:00,643621.568
2684.76,2697.21,ETH-USD_UM_XPERP-310328,2667.75,2694.3,1h,2026-09-25 15:00:00+00:00,473707.357
2681.98,2695.92,ETH-USD_UM_XPERP-310328,2680.86,2684.82,1h,2026-09-25 16:00:00+00:00,263316.637
2684.45,2692.15,ETH-USD_UM_XPERP-310328,2677.01,2683.15,1h,2026-09-25 17:00:00+00:00,171058.751
2692.29,2698.2,ETH-USD_UM_XPERP-310328,2684.82,2684.82,1h,2026-09-25 18:00:00+00:00,96587.725
2691.91,2695.21,ETH-USD_UM_XPERP-310328,2689.32,2692.81,1h,2026-09-25 19:00:00+00:00,107880.572
2683.42,2694.94,ETH-USD_UM_XPERP-310328,2682.95,2691.91,1h,2026-09-25 20:00:00+00:00,58863.708
2680.0,2684.02,ETH-USD_UM_XPERP-310328,2676.0,2683.23,1h,2026-09-25 21:00:00+00:00,74743.527
2690.77,2693.3,ETH-USD_UM_XPERP-310328,2678.66,2680.2,1h,2026-09-25 22:00:00+00:00,42891.531
2689.63,2693.27,ETH-USD_UM_XPERP-310328,2689.63,2691.44,1h,2026-09-25 23:00:00+00:00,8915.852
2684.95,2691.87,ETH-USD_UM_XPERP-310328,2679.79,2690.2,1h,2026-09-26 00:00:00+00:00,42596.881
2690.67,2694.0,ETH-USD_UM_XPERP-310328,2687.16,2688.5,1h,2026-09-26 01:00:00+00:00,37482.087
2689.79,2693.85,ETH-USD_UM_XPERP-310328,2687.54,2690.37,1h,2026-09-26 02:00:00+00:00,32403.847
2686.95,2689.92,ETH-USD_UM_XPERP-310328,2684.82,2688.93,1h,2026-09-26 03:00:00+00:00,19351.221
2688.42,2689.99,ETH-USD_UM_XPERP-310328,2683.59,2689.14,1h,2026-09-26 04:00:00+00:00,20848.487
2685.44,2688.48,ETH-USD_UM_XPERP-310328,2684.1,2688.4,1h,2026-09-26 05:00:00+00:00,16381.857
2684.42,2685.43,ETH-USD_UM_XPERP-310328,2682.49,2685.01,1h,2026-09-26 06:00:00+00:00,7450.547
2690.15,2690.37,ETH-USD_UM_XPERP-310328,2684.82,2684.82,1h,2026-09-26 07:00:00+00:00,16663.454
2689.83,2696.85,ETH-USD_UM_XPERP-310328,2687.0,2689.77,1h,2026-09-26 08:00:00+00:00,15748.317
2681.47,2689.44,ETH-USD_UM_XPERP-310328,2679.01,2689.44,1h,2026-09-26 09:00:00+00:00,54610.669
2686.08,2688.0,ETH-USD_UM_XPERP-310328,2681.54,2681.92,1h,2026-09-26 10:00:00+00:00,14596.488
2688.12,2689.31,ETH-USD_UM_XPERP-310328,2684.67,2686.22,1h,2026-09-26 11:00:00+00:00,11317.512
2687.95,2690.7,ETH-USD_UM_XPERP-310328,2684.82,2686.94,1h,2026-09-26 12:00:00+00:00,13096.641
2685.86,2690.41,ETH-USD_UM_XPERP-310328,2681.39,2684.82,1h,2026-09-26 13:00:00+00:00,32173.872
2687.35,2688.26,ETH-USD_UM_XPERP-310328,2684.47,2684.47,1h,2026-09-26 14:00:00+00:00,12507.567
2691.21,2694.6,ETH-USD_UM_XPERP-310328,2687.38,2687.43,1h,2026-09-26 15:00:00+00:00,24088.972
2689.73,2692.33,ETH-USD_UM_XPERP-310328,2687.85,2691.18,1h,2026-09-26 16:00:00+00:00,13679.925
2688.86,2690.26,ETH-USD_UM_XPERP-310328,2685.86,2690.26,1h,2026-09-26 17:00:00+00:00,13689.782
2683.78,2689.69,ETH-USD_UM_XPERP-310328,2683.07,2689.69,1h,2026-09-26 18:00:00+00:00,9832.343
2683.2,2684.85,ETH-USD_UM_XPERP-310328,2681.77,2683.77,1h,2026-09-26 19:00:00+00:00,3586.075
2674.87,2683.08,ETH-USD_UM_XPERP-310328,2664.88,2682.76,1h,2026-09-26 20:00:00+00:00,68182.145
2683.62,2690.29,ETH-USD_UM_XPERP-310328,2640.33,2675.5,1h,2026-09-26 21:00:00+00:00,28343.744
2687.44,2690.78,ETH-USD_UM_XPERP-310328,2684.77,2684.99,1h,2026-09-26 22:00:00+00:00,30060.034
2695.28,2695.28,ETH-USD_UM_XPERP-310328,2687.85,2687.85,1h,2026-09-26 23:00:00+00:00,16341.686
2693.0,2694.97,ETH-USD_UM_XPERP-310328,2689.52,2694.97,1h,2026-09-27 00:00:00+00:00,24359.878
2700.2,2704.07,ETH-USD_UM_XPERP-310328,2689.83,2692.2,1h,2026-09-27 01:00:00+00:00,31143.722
2696.41,2704.53,ETH-USD_UM_XPERP-310328,2696.22,2700.74,1h,2026-09-27 02:00:00+00:00,24286.107
2696.0,2699.4,ETH-USD_UM_XPERP-310328,2694.9,2699.21,1h,2026-09-27 03:00:00+00:00,7121.29
2691.59,2698.7,ETH-USD_UM_XPERP-310328,2690.29,2694.71,1h,2026-09-27 04:00:00+00:00,16330.432
2703.37,2708.28,ETH-USD_UM_XPERP-310328,2692.21,2692.21,1h,2026-09-27 05:00:00+00:00,47930.564
2705.05,2709.75,ETH-USD_UM_XPERP-310328,2704.04,2704.04,1h,2026-09-27 06:00:00+00:00,28363.078
2717.49,2717.55,ETH-USD_UM_XPERP-310328,2704.64,2705.98,1h,2026-09-27 07:00:00+00:00,32162.517
2713.25,2720.0,ETH-USD_UM_XPERP-310328,2713.0,2717.35,1h,2026-09-27 08:00:00+00:00,66866.788
2713.56,2715.9,ETH-USD_UM_XPERP-310328,2700.0,2713.04,1h,2026-09-27 09:00:00+00:00,51965.245
2708.21,2717.68,ETH-USD_UM_XPERP-310328,2708.1,2713.55,1h,2026-09-27 10:00:00+00:00,36564.75
2708.63,2724.02,ETH-USD_UM_XPERP-310328,2706.1,2709.01,1h,2026-09-27 11:00:00+00:00,19205.254
2706.87,2715.36,ETH-USD_UM_XPERP-310328,2706.86,2709.0,1h,2026-09-27 12:00:00+00:00,14748.684
2708.46,2715.04,ETH-USD_UM_XPERP-310328,2697.67,2706.84,1h,2026-09-27 13:00:00+00:00,201232.979
2686.55,2708.81,ETH-USD_UM_XPERP-310328,2681.63,2708.51,1h,2026-09-27 14:00:00+00:00,237261.504
2690.36,2692.18,ETH-USD_UM_XPERP-310328,2681.57,2684.82,1h,2026-09-27 15:00:00+00:00,122645.143
2685.0,2694.13,ETH-USD_UM_XPERP-310328,2683.98,2688.71,1h,2026-09-27 16:00:00+00:00,90724.497
2690.01,2690.37,ETH-USD_UM_XPERP-310328,2599.5,2685.82,1h,2026-09-27 17:00:00+00:00,29494.06
2697.38,2697.99,ETH-USD_UM_XPERP-310328,2688.95,2689.87,1h,2026-09-27 18:00:00+00:00,44578.01
2690.37,2696.15,ETH-USD_UM_XPERP-310328,2689.52,2693.15,1h,2026-09-27 19:00:00+00:00,14559.879
2684.91,2694.86,ETH-USD_UM_XPERP-310328,2684.82,2690.43,1h,2026-09-27 20:00:00+00:00,37180.285
2683.3,2692.33,ETH-USD_UM_XPERP-310328,2546.77,2685.58,1h,2026-09-27 21:00:00+00:00,38784.039
2674.65,2685.0,ETH-USD_UM_XPERP-310328,2668.15,2684.62,1h,2026-09-27 22:00:00+00:00,226134.461
2686.05,2738.37,ETH-USD_UM_XPERP-310328,2672.69,2674.0,1h,2026-09-27 23:00:00+00:00,151289.685
2673.49,2702.12,ETH-USD_UM_XPERP-310328,2671.75,2687.88,1h,2026-09-28 00:00:00+00:00,396550.179
2656.12,2678.17,ETH-USD_UM_XPERP-310328,2650.01,2673.34,1h,2026-09-28 01:00:00+00:00,533088.887
2650.9,2661.16,ETH-USD_UM_XPERP-310328,2647.79,2655.58,1h,2026-09-28 02:00:00+00:00,355155.317
2651.25,2656.57,ETH-USD_UM_XPERP-310328,2642.54,2654.27,1h,2026-09-28 03:00:00+00:00,297275.946
2657.61,2659.83,ETH-USD_UM_XPERP-310328,2640.79,2651.52,1h,2026-09-28 04:00:00+00:00,153720.456
2651.08,2659.39,ETH-USD_UM_XPERP-310328,2635.23,2657.62,1h,2026-09-28 05:00:00+00:00,192164.217
2648.27,2655.21,ETH-USD_UM_XPERP-310328,2645.92,2650.14,1h,2026-09-28 06:00:00+00:00,118034.672
2644.0,2654.27,ETH-USD_UM_XPERP-310328,2627.38,2648.42,1h,2026-09-28 07:00:00+00:00,138428.762
2650.82,2650.99,ETH-USD_UM_XPERP-310328,2634.84,2642.33,1h,2026-09-28 08:00:00+00:00,164174.792
2639.17,2652.96,ETH-USD_UM_XPERP-310328,2636.09,2649.44,1h,2026-09-28 09:00:00+00:00,174311.818
2655.34,2657.82,ETH-USD_UM_XPERP-310328,2641.16,2641.35,1h,2026-09-28 10:00:00+00:00,150759.506
2662.6,2668.16,ETH-USD_UM_XPERP-310328,2657.01,2657.05,1h,2026-09-28 11:00:00+00:00,195323.972
2688.75,2691.04,ETH-USD_UM_XPERP-310328,2664.64,2667.68,1h,2026-09-28 12:00:00+00:00,360835.55
2689.55,2779.84,ETH-USD_UM_XPERP-310328,2680.0,2689.09,1h,2026-09-28 13:00:00+00:00,383003.602
2665.65,2687.96,ETH-USD_UM_XPERP-310328,2651.45,2687.88,1h,2026-09-28 14:00:00+00:00,654312.107
2677.48,2679.12,ETH-USD_UM_XPERP-310328,2653.95,2665.63,1h,2026-09-28 15:00:00+00:00,514534.432
2685.9,2696.55,ETH-USD_UM_XPERP-310328,2670.23,2675.93,1h,2026-09-28 16:00:00+00:00,535097.814
2695.33,2719.26,ETH-USD_UM_XPERP-310328,2681.02,2685.65,1h,2026-09-28 17:00:00+00:00,427311.307
2698.33,2698.34,ETH-USD_UM_XPERP-310328,2686.72,2693.15,1h,2026-09-28 18:00:00+00:00,178295.911
2672.64,2698.55,ETH-USD_UM_XPERP-310328,2663.75,2698.55,1h,2026-09-28 19:00:00+00:00,229216.565
2681.55,2685.0,ETH-USD_UM_XPERP-310328,2670.41,2673.13,1h,2026-09-28 20:00:00+00:00,157944.059
2673.57,2688.91,ETH-USD_UM_XPERP-310328,2673.57,2684.82,1h,2026-09-28 21:00:00+00:00,69785.857
2685.98,2686.29,ETH-USD_UM_XPERP-310328,2667.0,2673.33,1h,2026-09-28 22:00:00+00:00,97041.906
2687.68,2693.15,ETH-USD_UM_XPERP-310328,2684.82,2686.64,1h,2026-09-28 23:00:00+00:00,59494.867
2676.51,2694.21,ETH-USD_UM_XPERP-310328,2676.51,2687.59,1h,2026-09-29 00:00:00+00:00,117064.555
2664.76,2679.73,ETH-USD_UM_XPERP-310328,2656.59,2676.51,1h,2026-09-29 01:00:00+00:00,463825.773
2656.19,2666.6,ETH-USD_UM_XPERP-310328,2651.45,2664.46,1h,2026-09-29 02:00:00+00:00,315720.615
2663.92,2668.16,ETH-USD_UM_XPERP-310328,2655.09,2656.79,1h,2026-09-29 03:00:00+00:00,215466.018
2666.92,2667.08,ETH-USD_UM_XPERP-310328,2661.19,2665.77,15m,2026-09-29 04:45:00+00:00,20116.94
2666.92,2754.79,ETH-USD_UM_XPERP-310328,2661.19,2664.3,1h,2026-09-29 04:00:00+00:00,98152.523
2667.64,2669.64,ETH-USD_UM_XPERP-310328,2663.39,2666.76,15m,2026-09-29 05:00:00+00:00,30903.095
2671.2,2672.86,ETH-USD_UM_XPERP-310328,2667.21,2667.81,15m,2026-09-29 05:15:00+00:00,27563.147
2668.85,2669.27,ETH-USD_UM_XPERP-310328,2655.05,2669.06,15m,2026-09-29 05:30:00+00:00,79424.609
2674.84,2676.49,ETH-USD_UM_XPERP-310328,2655.05,2666.76,1h,2026-09-29 05:00:00+00:00,183738.019
2674.84,2676.49,ETH-USD_UM_XPERP-310328,2663.53,2665.38,15m,2026-09-29 05:45:00+00:00,45847.168
2692.18,2692.18,ETH-USD_UM_XPERP-310328,2674.84,2674.84,15m,2026-09-29 06:00:00+00:00,83232.99
2693.15,2693.57,ETH-USD_UM_XPERP-310328,2686.11,2692.57,15m,2026-09-29 06:15:00+00:00,55621.783
2697.17,2697.48,ETH-USD_UM_XPERP-310328,2692.04,2693.47,15m,2026-09-29 06:30:00+00:00,25528.051
2705.19,2754.79,ETH-USD_UM_XPERP-310328,2674.84,2674.84,1h,2026-09-29 06:00:00+00:00,200517.2
2705.19,2754.79,ETH-USD_UM_XPERP-310328,2696.39,2697.18,15m,2026-09-29 06:45:00+00:00,36134.376
2707.9,2715.36,ETH-USD_UM_XPERP-310328,2699.55,2705.45,15m,2026-09-29 07:00:00+00:00,82776.655
2712.04,2715.4,ETH-USD_UM_XPERP-310328,2709.15,2709.8,15m,2026-09-29 07:15:00+00:00,45717.428
2711.51,2717.17,ETH-USD_UM_XPERP-310328,2709.8,2712.26,15m,2026-09-29 07:30:00+00:00,57238.807
2710.0,2717.17,ETH-USD_UM_XPERP-310328,2699.55,2705.45,1h,2026-09-29 07:00:00+00:00,199602.001
2710.0,2712.81,ETH-USD_UM_XPERP-310328,2708.21,2712.42,15m,2026-09-29 07:45:00+00:00,13869.111
2713.54,2716.27,ETH-USD_UM_XPERP-310328,2712.58,2712.58,15m,2026-09-29 08:00:00+00:00,32727.609
2721.98,2731.69,ETH-USD_UM_XPERP-310328,2715.02,2716.27,15m,2026-09-29 08:15:00+00:00,89594.108
2712.68,2722.17,ETH-USD_UM_XPERP-310328,2709.34,2722.03,15m,2026-09-29 08:30:00+00:00,70762.336
2708.9,2731.69,ETH-USD_UM_XPERP-310328,2705.69,2712.58,1h,2026-09-29 08:00:00+00:00,222615.725
2708.9,2710.98,ETH-USD_UM_XPERP-310328,2705.69,2710.2,15m,2026-09-29 08:45:00+00:00,29531.672
2704.32,2707.44,ETH-USD_UM_XPERP-310328,2702.81,2707.43,15m,2026-09-29 09:00:00+00:00,33433.044
2703.96,2705.35,ETH-USD_UM_XPERP-310328,2701.98,2702.81,15m,2026-09-29 09:15:00+00:00,17454.535
2710.92,2711.58,ETH-USD_UM_XPERP-310328,2703.72,2703.76,15m,2026-09-29 09:30:00+00:00,26577.3
2716.74,2720.0,ETH-USD_UM_XPERP-310328,2710.72,2710.97,15m,2026-09-29 09:45:00+00:00,40915.748
2716.74,2720.0,ETH-USD_UM_XPERP-310328,2701.98,2707.43,1h,2026-09-29 09:00:00+00:00,118380.62700000001
2715.16,2718.96,ETH-USD_UM_XPERP-310328,2714.6,2716.5,15m,2026-09-29 10:00:00+00:00,16236.179
2713.86,2715.9,ETH-USD_UM_XPERP-310328,2711.06,2715.14,15m,2026-09-29 10:15:00+00:00,21813.935
2709.5,2713.64,ETH-USD_UM_XPERP-310328,2709.28,2713.59,15m,2026-09-29 10:30:00+00:00,33934.555
2713.58,2718.96,ETH-USD_UM_XPERP-310328,2709.28,2716.5,1h,2026-09-29 10:00:00+00:00,77297.882
2713.58,2713.58,ETH-USD_UM_XPERP-310328,2709.5,2709.5,15m,2026-09-29 10:45:00+00:00,5313.213
2715.79,2719.84,ETH-USD_UM_XPERP-310328,2713.84,2713.94,15m,2026-09-29 11:00:00+00:00,38287.712
2717.58,2718.13,ETH-USD_UM_XPERP-310328,2714.27,2716.61,15m,2026-09-29 11:15:00+00:00,6183.473
2722.84,2730.95,ETH-USD_UM_XPERP-310328,2718.13,2718.13,15m,2026-09-29 11:30:00+00:00,59260.513
2732.97,2736.11,ETH-USD_UM_XPERP-310328,2713.84,2713.94,1h,2026-09-29 11:00:00+00:00,205706.477
2732.97,2736.11,ETH-USD_UM_XPERP-310328,2723.58,2723.69,15m,2026-09-29 11:45:00+00:00,101974.779
2731.5,2732.42,ETH-USD_UM_XPERP-310328,2728.76,2731.04,15m,2026-09-29 12:00:00+00:00,31065.839
2735.23,2743.58,ETH-USD_UM_XPERP-310328,2731.26,2732.02,15m,2026-09-29 12:15:00+00:00,106395.82
2737.88,2742.86,ETH-USD_UM_XPERP-310328,2736.22,2736.22,15m,2026-09-29 12:30:00+00:00,99589.611
2735.93,2743.58,ETH-USD_UM_XPERP-310328,2728.76,2731.04,1h,2026-09-29 12:00:00+00:00,275359.124
2735.93,2738.72,ETH-USD_UM_XPERP-310328,2732.46,2738.19,15m,2026-09-29 12:45:00+00:00,38307.854
2735.13,2739.04,ETH-USD_UM_XPERP-310328,2733.7,2735.62,15m,2026-09-29 13:00:00+00:00,49120.711
2735.88,2737.0,ETH-USD_UM_XPERP-310328,2731.91,2734.79,15m,2026-09-29 13:15:00+00:00,42129.246
2724.74,2735.0,ETH-USD_UM_XPERP-310328,2721.08,2734.76,15m,2026-09-29 13:30:00+00:00,162483.89
2725.96,2739.04,ETH-USD_UM_XPERP-310328,2720.35,2735.62,1h,2026-09-29 13:00:00+00:00,382797.794
2725.96,2734.18,ETH-USD_UM_XPERP-310328,2720.35,2724.54,15m,2026-09-29 13:45:00+00:00,129063.947
2717.03,2729.96,ETH-USD_UM_XPERP-310328,2715.0,2725.99,15m,2026-09-29 14:00:00+00:00,154719.906
2716.27,2721.31,ETH-USD_UM_XPERP-310328,2711.0,2716.27,15m,2026-09-29 14:15:00+00:00,62773.19
2712.58,2718.36,ETH-USD_UM_XPERP-310328,2708.14,2715.36,15m,2026-09-29 14:30:00+00:00,71336.904
2709.8,2717.86,ETH-USD_UM_XPERP-310328,2707.26,2714.48,15m,2026-09-29 14:45:00+00:00,64300.459
2709.8,2729.96,ETH-USD_UM_XPERP-310328,2707.26,2725.99,1h,2026-09-29 14:00:00+00:00,353130.459
2691.84,2710.27,ETH-USD_UM_XPERP-310328,2689.75,2709.27,15m,2026-09-29 15:00:00+00:00,156403.14
2675.65,2697.43,ETH-USD_UM_XPERP-310328,2670.43,2692.01,15m,2026-09-29 15:15:00+00:00,148639.499
2679.43,2683.95,ETH-USD_UM_XPERP-310328,2675.23,2675.23,15m,2026-09-29 15:30:00+00:00,112267.863
2671.65,2684.85,ETH-USD_UM_XPERP-310328,2668.49,2681.27,15m,2026-09-29 15:45:00+00:00,98330.252
2671.65,2710.27,ETH-USD_UM_XPERP-310328,2668.49,2709.27,1h,2026-09-29 15:00:00+00:00,515640.754
2674.24,2676.88,ETH-USD_UM_XPERP-310328,2539.69,2668.16,15m,2026-09-29 16:00:00+00:00,73349.549
2681.56,2682.52,ETH-USD_UM_XPERP-310328,2673.92,2674.2,15m,2026-09-29 16:15:00+00:00,79769.646
2672.23,2683.2,ETH-USD_UM_XPERP-310328,2671.75,2680.61,15m,2026-09-29 16:30:00+00:00,106697.771
2675.89,2675.89,ETH-USD_UM_XPERP-310328,2668.15,2671.89,15m,2026-09-29 16:45:00+00:00,120683.02
2675.89,2683.2,ETH-USD_UM_XPERP-310328,2539.69,2668.16,1h,2026-09-29 16:00:00+00:00,380499.986
2678.05,2678.87,ETH-USD_UM_XPERP-310328,2672.75,2673.86,15m,2026-09-29 17:00:00+00:00,57392.77
2676.49,2679.13,ETH-USD_UM_XPERP-310328,2672.01,2679.13,15m,2026-09-29 17:15:00+00:00,81346.953
2674.23,2678.34,ETH-USD_UM_XPERP-310328,2672.24,2676.61,15m,2026-09-29 17:30:00+00:00,38572.146
2670.57,2675.21,ETH-USD_UM_XPERP-310328,2668.8,2673.53,15m,2026-09-29 17:45:00+00:00,41324.953
2670.57,2679.13,ETH-USD_UM_XPERP-310328,2668.8,2673.86,1h,2026-09-29 17:00:00+00:00,218636.822
2683.13,2683.48,ETH-USD_UM_XPERP-310328,2668.16,2668.16,15m,2026-09-29 18:00:00+00:00,147158.308
2685.89,2687.7,ETH-USD_UM_XPERP-310328,2672.47,2683.39,15m,2026-09-29 18:15:00+00:00,51846.098
2693.66,2695.35,ETH-USD_UM_XPERP-310328,2684.42,2684.42,15m,2026-09-29 18:30:00+00:00,55330.593
2694.73,2696.0,ETH-USD_UM_XPERP-310328,2691.86,2693.92,15m,2026-09-29 18:45:00+00:00,44247.183
2694.73,2696.0,ETH-USD_UM_XPERP-310328,2668.16,2668.16,1h,2026-09-29 18:00:00+00:00,298582.182
2695.69,2698.7,ETH-USD_UM_XPERP-310328,2694.04,2694.64,15m,2026-09-29 19:00:00+00:00,38874.335
2694.15,2697.82,ETH-USD_UM_XPERP-310328,2694.15,2695.93,15m,2026-09-29 19:15:00+00:00,18395.148
2688.21,2695.92,ETH-USD_UM_XPERP-310328,2688.21,2694.03,15m,2026-09-29 19:30:00+00:00,39512.489
2689.3,2698.7,ETH-USD_UM_XPERP-310328,2685.6,2694.64,1h,2026-09-29 19:00:00+00:00,147058.787
2689.3,2690.96,ETH-USD_UM_XPERP-310328,2685.6,2688.21,15m,2026-09-29 19:45:00+00:00,50276.815
2689.35,2690.81,ETH-USD_UM_XPERP-310328,2685.55,2688.82,15m,2026-09-29 20:00:00+00:00,33337.948
2690.95,2693.04,ETH-USD_UM_XPERP-310328,2689.04,2689.58,15m,2026-09-29 20:15:00+00:00,15457.909
2691.32,2691.56,ETH-USD_UM_XPERP-310328,2689.2,2690.94,15m,2026-09-29 20:30:00+00:00,13678.525
2689.13,2693.04,ETH-USD_UM_XPERP-310328,2685.55,2688.82,1h,2026-09-29 20:00:00+00:00,71393.402
2689.13,2691.45,ETH-USD_UM_XPERP-310328,2689.13,2690.32,15m,2026-09-29 20:45:00+00:00,8919.02
2686.94,2688.66,ETH-USD_UM_XPERP-310328,2685.16,2688.14,15m,2026-09-29 21:00:00+00:00,14590.206
2677.24,2687.0,ETH-USD_UM_XPERP-310328,2677.06,2687.0,15m,2026-09-29 21:15:00+00:00,23880.112
2680.04,2680.66,ETH-USD_UM_XPERP-310328,2677.88,2678.28,15m,2026-09-29 21:30:00+00:00,8960.127
2676.8,2688.66,ETH-USD_UM_XPERP-310328,2676.25,2688.14,1h,2026-09-29 21:00:00+00:00,59383.509
2676.8,2679.2,ETH-USD_UM_XPERP-310328,2676.25,2679.03,15m,2026-09-29 21:45:00+00:00,11953.064
2683.28,2685.0,ETH-USD_UM_XPERP-310328,2592.31,2675.89,15m,2026-09-29 22:00:00+00:00,40583.034
2679.3,2683.29,ETH-USD_UM_XPERP-310328,2678.26,2683.29,15m,2026-09-29 22:15:00+00:00,28948.3
2679.89,2680.0,ETH-USD_UM_XPERP-310328,2673.85,2679.26,15m,2026-09-29 22:30:00+00:00,24499.289
2681.11,2685.0,ETH-USD_UM_XPERP-310328,2592.31,2675.89,1h,2026-09-29 22:00:00+00:00,103281.857
2681.11,2682.3,ETH-USD_UM_XPERP-310328,2679.56,2679.78,15m,2026-09-29 22:45:00+00:00,9251.234
2686.05,2754.79,ETH-USD_UM_XPERP-310328,2680.69,2680.72,15m,2026-09-29 23:00:00+00:00,35480.848
2679.26,2685.8,ETH-USD_UM_XPERP-310328,2679.26,2685.8,15m,2026-09-29 23:15:00+00:00,8356.123
2675.9,2678.98,ETH-USD_UM_XPERP-310328,2674.6,2678.94,15m,2026-09-29 23:30:00+00:00,20615.381
2676.74,2754.79,ETH-USD_UM_XPERP-310328,2674.6,2680.72,1h,2026-09-29 23:00:00+00:00,69233.165
2676.74,2678.02,ETH-USD_UM_XPERP-310328,2676.21,2677.5,15m,2026-09-29 23:45:00+00:00,4780.813
2671.03,2678.55,ETH-USD_UM_XPERP-310328,2670.02,2677.92,15m,2026-09-30 00:00:00+00:00,37083.676
2673.19,2673.19,ETH-USD_UM_XPERP-310328,2667.03,2670.7,15m,2026-09-30 00:15:00+00:00,20376.827
2669.85,2674.96,ETH-USD_UM_XPERP-310328,2669.79,2672.09,15m,2026-09-30 00:30:00+00:00,26050.826
2671.67,2672.47,ETH-USD_UM_XPERP-310328,2667.16,2668.92,15m,2026-09-30 00:45:00+00:00,12888.746
2671.67,2678.55,ETH-USD_UM_XPERP-310328,2667.03,2677.92,1h,2026-09-30 00:00:00+00:00,96400.075
2671.62,2673.92,ETH-USD_UM_XPERP-310328,2668.92,2670.09,15m,2026-09-30 01:00:00+00:00,28444.428
2672.39,2675.9,ETH-USD_UM_XPERP-310328,2670.93,2671.11,15m,2026-09-30 01:15:00+00:00,30833.481
2670.97,2671.81,ETH-USD_UM_XPERP-310328,2666.67,2670.93,15m,2026-09-30 01:30:00+00:00,50047.569
2670.59,2674.15,ETH-USD_UM_XPERP-310328,2669.79,2671.44,15m,2026-09-30 01:45:00+00:00,38022.51
2670.59,2675.9,ETH-USD_UM_XPERP-310328,2666.67,2670.09,1h,2026-09-30 01:00:00+00:00,147347.988
