close,high,instrument_id,key,kind,low,open,timeframe,timestamp,volume
81055.0,81195.5,BTC-USD_UM_XPERP-310328,BTC-USD_UM_XPERP-310328|15m|2026-09-20T20:45:00+00:00,MONITOR_BAR_CLOSED,81045.7,81109.1,15m,2026-09-20 20:45:00+00:00,246.0
80733.3,81040.2,BTC-USD_UM_XPERP-310328,BTC-USD_UM_XPERP-310328|15m|2026-09-20T21:00:00+00:00,MONITOR_BAR_CLOSED,80577.8,81040.2,15m,2026-09-20 21:00:00+00:00,1631.0
80852.4,80900.0,BTC-USD_UM_XPERP-310328,BTC-USD_UM_XPERP-310328|15m|2026-09-20T21:15:00+00:00,MONITOR_BAR_CLOSED,80736.8,80738.6,15m,2026-09-20 21:15:00+00:00,327.0
80769.7,80919.2,BTC-USD_UM_XPERP-310328,BTC-USD_UM_XPERP-310328|15m|2026-09-20T21:30:00+00:00,MONITOR_BAR_CLOSED,80769.7,80852.3,15m,2026-09-20 21:30:00+00:00,403.0
80898.8,80920.0,BTC-USD_UM_XPERP-310328,BTC-USD_UM_XPERP-310328|15m|2026-09-20T21:45:00+00:00,MONITOR_BAR_CLOSED,80764.7,80764.7,15m,2026-09-20 21:45:00+00:00,449.0
81257.4,81259.6,BTC-USD_UM_XPERP-310328,BTC-USD_UM_XPERP-310328|15m|2026-09-20T22:00:00+00:00,MONITOR_BAR_CLOSED,80784.5,80900.4,15m,2026-09-20 22:00:00+00:00,2387.0
81127.6,81261.2,BTC-USD_UM_XPERP-310328,BTC-USD_UM_XPERP-310328|15m|2026-09-20T22:15:00+00:00,MONITOR_BAR_CLOSED,81048.4,81260.0,15m,2026-09-20 22:15:00+00:00,780.0
81090.0,81254.9,BTC-USD_UM_XPERP-310328,BTC-USD_UM_XPERP-310328|15m|2026-09-20T22:30:00+00:00,MONITOR_BAR_CLOSED,81090.0,81130.8,15m,2026-09-20 22:30:00+00:00,477.0
81192.9,81235.4,BTC-USD_UM_XPERP-310328,BTC-USD_UM_XPERP-310328|15m|2026-09-20T22:45:00+00:00,MONITOR_BAR_CLOSED,81074.0,81081.8,15m,2026-09-20 22:45:00+00:00,71.0
81133.3,81205.7,BTC-USD_UM_XPERP-310328,BTC-USD_UM_XPERP-310328|15m|2026-09-20T23:00:00+00:00,MONITOR_BAR_CLOSED,81098.4,81158.0,15m,2026-09-20 23:00:00+00:00,9.0
81124.0,81272.6,BTC-USD_UM_XPERP-310328,BTC-USD_UM_XPERP-310328|15m|2026-09-20T23:15:00+00:00,MONITOR_BAR_CLOSED,81117.3,81130.0,15m,2026-09-20 23:15:00+00:00,7.0
81220.6,81240.0,BTC-USD_UM_XPERP-310328,BTC-USD_UM_XPERP-310328|15m|2026-09-20T23:30:00+00:00,MONITOR_BAR_CLOSED,81092.8,81120.2,15m,2026-09-20 23:30:00+00:00,265.0
81143.2,81300.0,BTC-USD_UM_XPERP-310328,BTC-USD_UM_XPERP-310328|15m|2026-09-20T23:45:00+00:00,MONITOR_BAR_CLOSED,81117.9,81254.9,15m,2026-09-20 23:45:00+00:00,660.0
81668.0,81668.0,BTC-USD_UM_XPERP-310328,BTC-USD_UM_XPERP-310328|15m|2026-09-21T00:00:00+00:00,MONITOR_BAR_CLOSED,81124.0,81158.0,15m,2026-09-21 00:00:00+00:00,2050.0
81717.4,81804.7,BTC-USD_UM_XPERP-310328,BTC-USD_UM_XPERP-310328|15m|2026-09-21T00:15:00+00:00,MONITOR_BAR_CLOSED,81516.1,81651.5,15m,2026-09-21 00:15:00+00:00,2612.0
81599.5,81787.7,BTC-USD_UM_XPERP-310328,BTC-USD_UM_XPERP-310328|15m|2026-09-21T00:30:00+00:00,MONITOR_BAR_CLOSED,81505.5,81736.0,15m,2026-09-21 00:30:00+00:00,1872.0
81561.8,81804.0,BTC-USD_UM_XPERP-310328,BTC-USD_UM_XPERP-310328|15m|2026-09-21T00:45:00+00:00,MONITOR_BAR_CLOSED,81561.8,81600.0,15m,2026-09-21 00:45:00+00:00,1989.0
81755.3,81771.6,BTC-USD_UM_XPERP-310328,BTC-USD_UM_XPERP-310328|15m|2026-09-21T01:00:00+00:00,MONITOR_BAR_CLOSED,81481.7,81566.2,15m,2026-09-21 01:00:00+00:00,1665.0
81549.4,82068.0,BTC-USD_UM_XPERP-310328,BTC-USD_UM_XPERP-310328|15m|2026-09-21T01:15:00+00:00,MONITOR_BAR_CLOSED,81477.6,81764.3,15m,2026-09-21 01:15:00+00:00,2578.0
81435.0,81624.0,BTC-USD_UM_XPERP-310328,BTC-USD_UM_XPERP-310328|15m|2026-09-21T01:30:00+00:00,MONITOR_BAR_CLOSED,81318.0,81498.0,15m,2026-09-21 01:30:00+00:00,1932.0
80971.3,81462.9,BTC-USD_UM_XPERP-310328,BTC-USD_UM_XPERP-310328|15m|2026-09-21T01:45:00+00:00,MONITOR_BAR_CLOSED,80882.5,81456.5,15m,2026-09-21 01:45:00+00:00,2593.0
81335.7,81335.7,BTC-USD_UM_XPERP-310328,BTC-USD_UM_XPERP-310328|15m|2026-09-21T02:00:00+00:00,MONITOR_BAR_CLOSED,80955.2,81017.5,15m,2026-09-21 02:00:00+00:00,1639.0
81388.9,81484.2,BTC-USD_UM_XPERP-310328,BTC-USD_UM_XPERP-310328|15m|2026-09-21T02:15:00+00:00,MONITOR_BAR_CLOSED,81294.0,81294.0,15m,2026-09-21 02:15:00+00:00,1379.0
81209.8,81377.7,BTC-USD_UM_XPERP-310328,BTC-USD_UM_XPERP-310328|15m|2026-09-21T02:30:00+00:00,MONITOR_BAR_CLOSED,81132.2,81377.7,15m,2026-09-21 02:30:00+00:00,1864.0
81290.8,81378.4,BTC-USD_UM_XPERP-310328,BTC-USD_UM_XPERP-310328|15m|2026-09-21T02:45:00+00:00,MONITOR_BAR_CLOSED,81178.6,81224.0,15m,2026-09-21 02:45:00+00:00,231.0
81269.9,81430.0,BTC-USD_UM_XPERP-310328,BTC-USD_UM_XPERP-310328|15m|2026-09-21T03:00:00+00:00,MONITOR_BAR_CLOSED,81224.5,81297.5,15m,2026-09-21 03:00:00+00:00,130.0
81377.7,81469.1,BTC-USD_UM_XPERP-310328,BTC-USD_UM_XPERP-310328|15m|2026-09-21T03:15:00+00:00,MONITOR_BAR_CLOSED,81294.0,81294.0,15m,2026-09-21 03:15:00+00:00,0.0
81427.8,81537.0,BTC-USD_UM_XPERP-310328,BTC-USD_UM_XPERP-310328|15m|2026-09-21T03:30:00+00:00,MONITOR_BAR_CLOSED,81427.8,81430.0,15m,2026-09-21 03:30:00+00:00,103.0
81413.6,81464.0,BTC-USD_UM_XPERP-310328,BTC-USD_UM_XPERP-310328|15m|2026-09-21T03:45:00+00:00,MONITOR_BAR_CLOSED,81350.2,81464.0,15m,2026-09-21 03:45:00+00:00,326.0
81285.9,81440.3,BTC-USD_UM_XPERP-310328,BTC-USD_UM_XPERP-310328|15m|2026-09-21T04:00:00+00:00,MONITOR_BAR_CLOSED,81254.9,81421.9,15m,2026-09-21 04:00:00+00:00,334.0
81288.0,81328.0,BTC-USD_UM_XPERP-310328,BTC-USD_UM_XPERP-310328|15m|2026-09-21T04:15:00+00:00,MONITOR_BAR_CLOSED,81226.0,81294.0,15m,2026-09-21 04:15:00+00:00,111.0
81388.9,81388.9,BTC-USD_UM_XPERP-310328,BTC-USD_UM_XPERP-310328|15m|2026-09-21T04:30:00+00:00,MONITOR_BAR_CLOSED,81220.1,81226.0,15m,2026-09-21 04:30:00+00:00,166.0
81415.8,81487.5,BTC-USD_UM_XPERP-310328,BTC-USD_UM_XPERP-310328|15m|2026-09-21T04:45:00+00:00,MONITOR_BAR_CLOSED,81347.5,81396.0,15m,2026-09-21 04:45:00+00:00,379.0
81304.2,81397.5,BTC-USD_UM_XPERP-310328,BTC-USD_UM_XPERP-310328|15m|2026-09-21T05:00:00+00:00,MONITOR_BAR_CLOSED,81276.0,81362.0,15m,2026-09-21 05:00:00+00:00,322.0
81588.1,81625.2,BTC-USD_UM_XPERP-310328,BTC-USD_UM_XPERP-310328|15m|2026-09-21T05:15:00+00:00,MONITOR_BAR_CLOSED,81325.8,81328.0,15m,2026-09-21 05:15:00+00:00,669.0
81586.5,81750.0,BTC-USD_UM_XPERP-310328,BTC-USD_UM_XPERP-310328|15m|2026-09-21T05:30:00+00:00,MONITOR_BAR_CLOSED,81555.2,81566.0,15m,2026-09-21 05:30:00+00:00,1669.0
81486.2,81647.9,BTC-USD_UM_XPERP-310328,BTC-USD_UM_XPERP-310328|15m|2026-09-21T05:45:00+00:00,MONITOR_BAR_CLOSED,81486.2,81611.8,15m,2026-09-21 05:45:00+00:00,243.0
81578.3,81668.3,BTC-USD_UM_XPERP-310328,BTC-USD_UM_XPERP-310328|15m|2026-09-21T06:00:00+00:00,MONITOR_BAR_CLOSED,81502.4,81532.0,15m,2026-09-21 06:00:00+00:00,889.0
81784.5,81838.2,BTC-USD_UM_XPERP-310328,BTC-USD_UM_XPERP-310328|15m|2026-09-21T06:15:00+00:00,MONITOR_BAR_CLOSED,81634.0,81634.0,15m,2026-09-21 06:15:00+00:00,1417.0
81377.7,81804.0,BTC-USD_UM_XPERP-310328,BTC-USD_UM_XPERP-310328|15m|2026-09-21T06:30:00+00:00,MONITOR_BAR_CLOSED,81377.7,81771.4,15m,2026-09-21 06:30:00+00:00,370.0
81627.8,81711.0,BTC-USD_UM_XPERP-310328,BTC-USD_UM_XPERP-310328|15m|2026-09-21T06:45:00+00:00,MONITOR_BAR_CLOSED,81358.3,81362.0,15m,2026-09-21 06:45:00+00:00,1215.0
81530.3,81639.8,BTC-USD_UM_XPERP-310328,BTC-USD_UM_XPERP-310328|15m|2026-09-21T07:00:00+00:00,MONITOR_BAR_CLOSED,81440.4,81595.5,15m,2026-09-21 07:00:00+00:00,512.0
81565.7,81655.6,BTC-USD_UM_XPERP-310328,BTC-USD_UM_XPERP-310328|15m|2026-09-21T07:15:00+00:00,MONITOR_BAR_CLOSED,81503.0,81533.3,15m,2026-09-21 07:15:00+00:00,585.0
81488.9,81578.3,BTC-USD_UM_XPERP-310328,BTC-USD_UM_XPERP-310328|15m|2026-09-21T07:30:00+00:00,MONITOR_BAR_CLOSED,81456.5,81542.5,15m,2026-09-21 07:30:00+00:00,825.0
81690.4,81696.0,BTC-USD_UM_XPERP-310328,BTC-USD_UM_XPERP-310328|15m|2026-09-21T07:45:00+00:00,MONITOR_BAR_CLOSED,81462.9,81498.0,15m,2026-09-21 07:45:00+00:00,771.0
81856.8,81976.0,BTC-USD_UM_XPERP-310328,BTC-USD_UM_XPERP-310328|15m|2026-09-21T08:00:00+00:00,MONITOR_BAR_CLOSED,81700.0,81700.0,15m,2026-09-21 08:00:00+00:00,1800.0
82214.2,82244.2,BTC-USD_UM_XPERP-310328,BTC-USD_UM_XPERP-310328|15m|2026-09-21T08:15:00+00:00,MONITOR_BAR_CLOSED,81840.1,81854.8,15m,2026-09-21 08:15:00+00:00,1445.0
83498.6,84233.2,BTC-USD_UM_XPERP-310328,BTC-USD_UM_XPERP-310328|15m|2026-09-21T08:30:00+00:00,MONITOR_BAR_CLOSED,82162.7,82214.3,15m,2026-09-21 08:30:00+00:00,7219.0
83757.0,83823.7,BTC-USD_UM_XPERP-310328,BTC-USD_UM_XPERP-310328|15m|2026-09-21T08:45:00+00:00,MONITOR_BAR_CLOSED,83284.6,83477.4,15m,2026-09-21 08:45:00+00:00,5281.0
83875.8,83999.4,BTC-USD_UM_XPERP-310328,BTC-USD_UM_XPERP-310328|15m|2026-09-21T09:00:00+00:00,MONITOR_BAR_CLOSED,83678.1,83747.7,15m,2026-09-21 09:00:00+00:00,3765.0
84438.1,84459.2,BTC-USD_UM_XPERP-310328,BTC-USD_UM_XPERP-310328|15m|2026-09-21T09:15:00+00:00,MONITOR_BAR_CLOSED,83869.5,83873.7,15m,2026-09-21 09:15:00+00:00,3832.0
84983.1,85175.9,BTC-USD_UM_XPERP-310328,BTC-USD_UM_XPERP-310328|15m|2026-09-21T09:30:00+00:00,MONITOR_BAR_CLOSED,84323.9,84433.8,15m,2026-09-21 09:30:00+00:00,6313.0
84614.5,84978.8,BTC-USD_UM_XPERP-310328,BTC-USD_UM_XPERP-310328|15m|2026-09-21T09:45:00+00:00,MONITOR_BAR_CLOSED,84548.6,84966.6,15m,2026-09-21 09:45:00+00:00,3654.0
84548.0,84769.4,BTC-USD_UM_XPERP-310328,BTC-USD_UM_XPERP-310328|15m|2026-09-21T10:00:00+00:00,MONITOR_BAR_CLOSED,84488.9,84626.0,15m,2026-09-21 10:00:00+00:00,3337.0
84348.7,84692.4,BTC-USD_UM_XPERP-310328,BTC-USD_UM_XPERP-310328|15m|2026-09-21T10:15:00+00:00,MONITOR_BAR_CLOSED,84348.7,84576.2,15m,2026-09-21 10:15:00+00:00,1587.0
84234.2,84428.0,BTC-USD_UM_XPERP-310328,BTC-USD_UM_XPERP-310328|15m|2026-09-21T10:30:00+00:00,MONITOR_BAR_CLOSED,83928.6,84366.5,15m,2026-09-21 10:30:00+00:00,2045.0
84421.5,84421.5,BTC-USD_UM_XPERP-310328,BTC-USD_UM_XPERP-310328|15m|2026-09-21T10:45:00+00:00,MONITOR_BAR_CLOSED,84003.8,84237.7,15m,2026-09-21 10:45:00+00:00,829.0
84567.2,84607.7,BTC-USD_UM_XPERP-310328,BTC-USD_UM_XPERP-310328|15m|2026-09-21T11:00:00+00:00,MONITOR_BAR_CLOSED,84384.0,84404.3,15m,2026-09-21 11:00:00+00:00,632.0
84671.6,84672.7,BTC-USD_UM_XPERP-310328,BTC-USD_UM_XPERP-310328|15m|2026-09-21T11:15:00+00:00,MONITOR_BAR_CLOSED,84509.9,84585.1,15m,2026-09-21 11:15:00+00:00,290.0
84783.3,85000.0,BTC-USD_UM_XPERP-310328,BTC-USD_UM_XPERP-310328|15m|2026-09-21T11:30:00+00:00,MONITOR_BAR_CLOSED,84576.6,84626.0,15m,2026-09-21 11:30:00+00:00,1230.0
84830.0,84881.5,BTC-USD_UM_XPERP-310328,BTC-USD_UM_XPERP-310328|15m|2026-09-21T11:45:00+00:00,MONITOR_BAR_CLOSED,84684.6,84778.6,15m,2026-09-21 11:45:00+00:00,267.0
85012.0,85126.6,BTC-USD_UM_XPERP-310328,BTC-USD_UM_XPERP-310328|15m|2026-09-21T12:00:00+00:00,MONITOR_BAR_CLOSED,84799.6,84843.3,15m,2026-09-21 12:00:00+00:00,2777.0
85030.3,85295.1,BTC-USD_UM_XPERP-310328,BTC-USD_UM_XPERP-310328|15m|2026-09-21T12:15:00+00:00,MONITOR_BAR_CLOSED,84960.0,85054.9,15m,2026-09-21 12:15:00+00:00,2257.0
85237.8,85367.9,BTC-USD_UM_XPERP-310328,BTC-USD_UM_XPERP-310328|15m|2026-09-21T12:30:00+00:00,MONITOR_BAR_CLOSED,85004.7,85036.8,15m,2026-09-21 12:30:00+00:00,1201.0
85286.6,85376.5,BTC-USD_UM_XPERP-310328,BTC-USD_UM_XPERP-310328|15m|2026-09-21T12:45:00+00:00,MONITOR_BAR_CLOSED,85076.2,85256.0,15m,2026-09-21 12:45:00+00:00,1832.0
85137.7,85383.2,BTC-USD_UM_XPERP-310328,BTC-USD_UM_XPERP-310328|15m|2026-09-21T13:00:00+00:00,MONITOR_BAR_CLOSED,85050.7,85273.8,15m,2026-09-21 13:00:00+00:00,2725.0
84888.9,85179.6,BTC-USD_UM_XPERP-310328,BTC-USD_UM_XPERP-310328|15m|2026-09-21T13:15:00+00:00,MONITOR_BAR_CLOSED,84888.9,85130.9,15m,2026-09-21 13:15:00+00:00,1840.0
85034.1,85157.4,BTC-USD_UM_XPERP-310328,BTC-USD_UM_XPERP-310328|15m|2026-09-21T13:30:00+00:00,MONITOR_BAR_CLOSED,84760.1,84885.0,15m,2026-09-21 13:30:00+00:00,3968.0
85388.3,85761.6,BTC-USD_UM_XPERP-310328,BTC-USD_UM_XPERP-310328|15m|2026-09-21T13:45:00+00:00,MONITOR_BAR_CLOSED,85050.0,85050.0,15m,2026-09-21 13:45:00+00:00,1717.0
85263.2,85494.0,BTC-USD_UM_XPERP-310328,BTC-USD_UM_XPERP-310328|15m|2026-09-21T14:00:00+00:00,MONITOR_BAR_CLOSED,85022.2,85410.7,15m,2026-09-21 14:00:00+00:00,2386.0
85684.6,85728.1,BTC-USD_UM_XPERP-310328,BTC-USD_UM_XPERP-310328|15m|2026-09-21T14:15:00+00:00,MONITOR_BAR_CLOSED,85200.0,85217.1,15m,2026-09-21 14:15:00+00:00,466.0
85752.9,85946.8,BTC-USD_UM_XPERP-310328,BTC-USD_UM_XPERP-310328|15m|2026-09-21T14:30:00+00:00,MONITOR_BAR_CLOSED,85554.0,85671.8,15m,2026-09-21 14:30:00+00:00,364.0
85774.3,86105.9,BTC-USD_UM_XPERP-310328,BTC-USD_UM_XPERP-310328|15m|2026-09-21T14:45:00+00:00,MONITOR_BAR_CLOSED,85696.2,85733.4,15m,2026-09-21 14:45:00+00:00,1837.0
86194.5,86286.7,BTC-USD_UM_XPERP-310328,BTC-USD_UM_XPERP-310328|15m|2026-09-21T15:00:00+00:00,MONITOR_BAR_CLOSED,85776.0,85782.5,15m,2026-09-21 15:00:00+00:00,2693.0
85797.7,86180.3,BTC-USD_UM_XPERP-310328,BTC-USD_UM_XPERP-310328|15m|2026-09-21T15:15:00+00:00,MONITOR_BAR_CLOSED,85789.2,86173.8,15m,2026-09-21 15:15:00+00:00,2006.0
86040.0,86105.9,BTC-USD_UM_XPERP-310328,BTC-USD_UM_XPERP-310328|15m|2026-09-21T15:30:00+00:00,MONITOR_BAR_CLOSED,85770.0,85813.0,15m,2026-09-21 15:30:00+00:00,1740.0
85893.9,86116.8,BTC-USD_UM_XPERP-310328,BTC-USD_UM_XPERP-310328|15m|2026-09-21T15:45:00+00:00,MONITOR_BAR_CLOSED,85456.2,86073.0,15m,2026-09-21 15:45:00+00:00,2350.0
85674.4,85914.1,BTC-USD_UM_XPERP-310328,BTC-USD_UM_XPERP-310328|15m|2026-09-21T16:00:00+00:00,MONITOR_BAR_CLOSED,85656.0,85887.6,15m,2026-09-21 16:00:00+00:00,2701.0
85815.7,85912.9,BTC-USD_UM_XPERP-310328,BTC-USD_UM_XPERP-310328|15m|2026-09-21T16:15:00+00:00,MONITOR_BAR_CLOSED,85688.4,85688.4,15m,2026-09-21 16:15:00+00:00,2380.0
85819.3,85914.0,BTC-USD_UM_XPERP-310328,BTC-USD_UM_XPERP-310328|15m|2026-09-21T16:30:00+00:00,MONITOR_BAR_CLOSED,85554.2,85846.4,15m,2026-09-21 16:30:00+00:00,2361.0
85918.3,86046.9,BTC-USD_UM_XPERP-310328,BTC-USD_UM_XPERP-310328|15m|2026-09-21T16:45:00+00:00,MONITOR_BAR_CLOSED,85827.0,85827.0,15m,2026-09-21 16:45:00+00:00,1795.0
85911.1,86065.6,BTC-USD_UM_XPERP-310328,BTC-USD_UM_XPERP-310328|15m|2026-09-21T17:00:00+00:00,MONITOR_BAR_CLOSED,85850.8,85916.6,15m,2026-09-21 17:00:00+00:00,2022.0
85893.7,85940.4,BTC-USD_UM_XPERP-310328,BTC-USD_UM_XPERP-310328|15m|2026-09-21T17:15:00+00:00,MONITOR_BAR_CLOSED,85731.4,85937.5,15m,2026-09-21 17:15:00+00:00,1884.0
85862.2,85926.5,BTC-USD_UM_XPERP-310328,BTC-USD_UM_XPERP-310328|15m|2026-09-21T17:30:00+00:00,MONITOR_BAR_CLOSED,85790.2,85857.5,15m,2026-09-21 17:30:00+00:00,1526.0
85836.1,85850.0,BTC-USD_UM_XPERP-310328,BTC-USD_UM_XPERP-310328|15m|2026-09-21T17:45:00+00:00,MONITOR_BAR_CLOSED,85660.7,85850.0,15m,2026-09-21 17:45:00+00:00,1920.0
85958.8,85971.2,BTC-USD_UM_XPERP-310328,BTC-USD_UM_XPERP-310328|15m|2026-09-21T18:00:00+00:00,MONITOR_BAR_CLOSED,85782.9,85858.8,15m,2026-09-21 18:00:00+00:00,1184.0
85891.6,86038.0,BTC-USD_UM_XPERP-310328,BTC-USD_UM_XPERP-310328|15m|2026-09-21T18:15:00+00:00,MONITOR_BAR_CLOSED,85862.0,85972.9,15m,2026-09-21 18:15:00+00:00,1373.0
85941.0,85946.8,BTC-USD_UM_XPERP-310328,BTC-USD_UM_XPERP-310328|15m|2026-09-21T18:30:00+00:00,MONITOR_BAR_CLOSED,85773.3,85888.4,15m,2026-09-21 18:30:00+00:00,870.0
86030.0,86037.2,BTC-USD_UM_XPERP-310328,BTC-USD_UM_XPERP-310328|15m|2026-09-21T18:45:00+00:00,MONITOR_BAR_CLOSED,85863.4,85924.2,15m,2026-09-21 18:45:00+00:00,756.0
86021.1,86039.8,BTC-USD_UM_XPERP-310328,BTC-USD_UM_XPERP-310328|15m|2026-09-21T19:00:00+00:00,MONITOR_BAR_CLOSED,85944.2,86039.8,15m,2026-09-21 19:00:00+00:00,914.0
86329.6,86400.0,BTC-USD_UM_XPERP-310328,BTC-USD_UM_XPERP-310328|15m|2026-09-21T19:15:00+00:00,MONITOR_BAR_CLOSED,86032.0,86040.0,15m,2026-09-21 19:15:00+00:00,2007.0
86502.9,86818.6,BTC-USD_UM_XPERP-310328,BTC-USD_UM_XPERP-310328|15m|2026-09-21T19:30:00+00:00,MONITOR_BAR_CLOSED,86293.7,86337.4,15m,2026-09-21 19:30:00+00:00,3133.0
86517.2,86904.8,BTC-USD_UM_XPERP-310328,BTC-USD_UM_XPERP-310328|15m|2026-09-21T19:45:00+00:00,MONITOR_BAR_CLOSED,86444.4,86536.2,15m,2026-09-21 19:45:00+00:00,2367.0
86708.6,86760.0,BTC-USD_UM_XPERP-310328,BTC-USD_UM_XPERP-310328|15m|2026-09-21T20:00:00+00:00,MONITOR_BAR_CLOSED,86473.1,86510.2,15m,2026-09-21 20:00:00+00:00,1005.0
87268.0,87339.5,BTC-USD_UM_XPERP-310328,BTC-USD_UM_XPERP-310328|15m|2026-09-21T20:15:00+00:00,MONITOR_BAR_CLOSED,86657.7,86671.9,15m,2026-09-21 20:15:00+00:00,3307.0
86893.2,87269.0,BTC-USD_UM_XPERP-310328,BTC-USD_UM_XPERP-310328|15m|2026-09-21T20:30:00+00:00,MONITOR_BAR_CLOSED,86872.3,87263.3,15m,2026-09-21 20:30:00+00:00,2918.0
86924.5,87024.9,BTC-USD_UM_XPERP-310328,BTC-USD_UM_XPERP-310328|15m|2026-09-21T20:45:00+00:00,MONITOR_BAR_CLOSED,86839.1,86916.9,15m,2026-09-21 20:45:00+00:00,1887.0
86567.9,86945.6,BTC-USD_UM_XPERP-310328,BTC-USD_UM_XPERP-310328|15m|2026-09-21T21:00:00+00:00,MONITOR_BAR_CLOSED,86567.9,86945.6,15m,2026-09-21 21:00:00+00:00,1398.0
86630.4,86681.3,BTC-USD_UM_XPERP-310328,BTC-USD_UM_XPERP-310328|15m|2026-09-21T21:15:00+00:00,MONITOR_BAR_CLOSED,86527.6,86563.1,15m,2026-09-21 21:15:00+00:00,706.0
86762.4,86833.6,BTC-USD_UM_XPERP-310328,BTC-USD_UM_XPERP-310328|15m|2026-09-21T21:30:00+00:00,MONITOR_BAR_CLOSED,86657.1,86657.1,15m,2026-09-21 21:30:00+00:00,368.0
86554.3,86752.7,BTC-USD_UM_XPERP-310328,BTC-USD_UM_XPERP-310328|15m|2026-09-21T21:45:00+00:00,MONITOR_BAR_CLOSED,86554.3,86752.7,15m,2026-09-21 21:45:00+00:00,261.0
86605.7,86673.2,BTC-USD_UM_XPERP-310328,BTC-USD_UM_XPERP-310328|15m|2026-09-21T22:00:00+00:00,MONITOR_BAR_CLOSED,86527.6,86551.2,15m,2026-09-21 22:00:00+00:00,1015.0
86344.4,86752.7,BTC-USD_UM_XPERP-310328,BTC-USD_UM_XPERP-310328|15m|2026-09-21T22:15:00+00:00,MONITOR_BAR_CLOSED,86344.4,86650.5,15m,2026-09-21 22:15:00+00:00,1242.0
86399.5,86560.5,BTC-USD_UM_XPERP-310328,BTC-USD_UM_XPERP-310328|15m|2026-09-21T22:30:00+00:00,MONITOR_BAR_CLOSED,86328.4,86341.5,15m,2026-09-21 22:30:00+00:00,1521.0
86419.7,86419.9,BTC-USD_UM_XPERP-310328,BTC-USD_UM_XPERP-310328|15m|2026-09-21T22:45:00+00:00,MONITOR_BAR_CLOSED,86282.7,86366.7,15m,2026-09-21 22:45:00+00:00,293.0
86668.0,86668.0,BTC-USD_UM_XPERP-310328,BTC-USD_UM_XPERP-310328|15m|2026-09-21T23:00:00+00:00,MONITOR_BAR_CLOSED,86401.6,86401.6,15m,2026-09-21 23:00:00+00:00,785.0
86468.2,86660.5,BTC-USD_UM_XPERP-310328,BTC-USD_UM_XPERP-310328|15m|2026-09-21T23:15:00+00:00,MONITOR_BAR_CLOSED,86468.2,86616.8,15m,2026-09-21 23:15:00+00:00,261.0
86500.0,86500.0,BTC-USD_UM_XPERP-310328,BTC-USD_UM_XPERP-310328|15m|2026-09-21T23:30:00+00:00,MONITOR_BAR_CLOSED,86339.8,86467.0,15m,2026-09-21 23:30:00+00:00,405.0
86605.7,86605.7,BTC-USD_UM_XPERP-310328,BTC-USD_UM_XPERP-310328|15m|2026-09-21T23:45:00+00:00,MONITOR_BAR_CLOSED,86419.5,86419.5,15m,2026-09-21 23:45:00+00:00,1.0
86429.3,86510.2,BTC-USD_UM_XPERP-310328,BTC-USD_UM_XPERP-310328|15m|2026-09-22T00:00:00+00:00,MONITOR_BAR_CLOSED,86297.1,86510.2,15m,2026-09-22 00:00:00+00:00,1.0
86419.5,86419.5,BTC-USD_UM_XPERP-310328,BTC-USD_UM_XPERP-310328|15m|2026-09-22T00:15:00+00:00,MONITOR_BAR_CLOSED,86325.1,86348.5,15m,2026-09-22 00:15:00+00:00,0.0
86267.6,86429.3,BTC-USD_UM_XPERP-310328,BTC-USD_UM_XPERP-310328|15m|2026-09-22T00:30:00+00:00,MONITOR_BAR_CLOSED,86130.6,86429.3,15m,2026-09-22 00:30:00+00:00,5.0
85863.4,87561.2,BTC-USD_UM_XPERP-310328,BTC-USD_UM_XPERP-310328|15m|2026-09-22T00:45:00+00:00,MONITOR_BAR_CLOSED,85863.4,86325.1,15m,2026-09-22 00:45:00+00:00,1.0
85724.8,85946.8,BTC-USD_UM_XPERP-310328,BTC-USD_UM_XPERP-310328|15m|2026-09-22T01:00:00+00:00,MONITOR_BAR_CLOSED,85641.0,85926.9,15m,2026-09-22 01:00:00+00:00,156.0
85755.5,86904.8,BTC-USD_UM_XPERP-310328,BTC-USD_UM_XPERP-310328|15m|2026-09-22T01:15:00+00:00,MONITOR_BAR_CLOSED,85420.7,85775.5,15m,2026-09-22 01:15:00+00:00,2548.0
85701.7,85817.2,BTC-USD_UM_XPERP-310328,BTC-USD_UM_XPERP-310328|15m|2026-09-22T01:30:00+00:00,MONITOR_BAR_CLOSED,85613.3,85769.2,15m,2026-09-22 01:30:00+00:00,1371.0
85521.5,85710.5,BTC-USD_UM_XPERP-310328,BTC-USD_UM_XPERP-310328|15m|2026-09-22T01:45:00+00:00,MONITOR_BAR_CLOSED,85518.2,85710.5,15m,2026-09-22 01:45:00+00:00,1306.0
85593.8,85637.2,BTC-USD_UM_XPERP-310328,BTC-USD_UM_XPERP-310328|15m|2026-09-22T02:00:00+00:00,MONITOR_BAR_CLOSED,85373.2,85577.1,15m,2026-09-22 02:00:00+00:00,2998.0
85731.4,85823.8,BTC-USD_UM_XPERP-310328,BTC-USD_UM_XPERP-310328|15m|2026-09-22T02:15:00+00:00,MONITOR_BAR_CLOSED,85511.0,85576.7,15m,2026-09-22 02:15:00+00:00,2890.0
85813.0,85813.0,BTC-USD_UM_XPERP-310328,BTC-USD_UM_XPERP-310328|15m|2026-09-22T02:30:00+00:00,MONITOR_BAR_CLOSED,85620.8,85731.7,15m,2026-09-22 02:30:00+00:00,728.0
85731.4,85850.2,BTC-USD_UM_XPERP-310328,BTC-USD_UM_XPERP-310328|15m|2026-09-22T02:45:00+00:00,MONITOR_BAR_CLOSED,85649.7,85788.1,15m,2026-09-22 02:45:00+00:00,1486.0
85505.1,85721.9,BTC-USD_UM_XPERP-310328,BTC-USD_UM_XPERP-310328|15m|2026-09-22T03:00:00+00:00,MONITOR_BAR_CLOSED,85433.7,85690.3,15m,2026-09-22 03:00:00+00:00,2164.0
85612.5,85612.5,BTC-USD_UM_XPERP-310328,BTC-USD_UM_XPERP-310328|15m|2026-09-22T03:15:00+00:00,MONITOR_BAR_CLOSED,85291.5,85525.7,15m,2026-09-22 03:15:00+00:00,979.0
85464.8,85583.9,BTC-USD_UM_XPERP-310328,BTC-USD_UM_XPERP-310328|15m|2026-09-22T03:30:00+00:00,MONITOR_BAR_CLOSED,85414.7,85565.2,15m,2026-09-22 03:30:00+00:00,1467.0
85674.9,85690.1,BTC-USD_UM_XPERP-310328,BTC-USD_UM_XPERP-310328|15m|2026-09-22T03:45:00+00:00,MONITOR_BAR_CLOSED,85447.6,85455.2,15m,2026-09-22 03:45:00+00:00,708.0
85643.5,85705.6,BTC-USD_UM_XPERP-310328,BTC-USD_UM_XPERP-310328|15m|2026-09-22T04:00:00+00:00,MONITOR_BAR_CLOSED,85589.5,85669.5,15m,2026-09-22 04:00:00+00:00,757.0
85576.7,85609.9,BTC-USD_UM_XPERP-310328,BTC-USD_UM_XPERP-310328|15m|2026-09-22T04:15:00+00:00,MONITOR_BAR_CLOSED,85468.9,85586.3,15m,2026-09-22 04:15:00+00:00,1359.0
85525.7,85585.4,BTC-USD_UM_XPERP-310328,BTC-USD_UM_XPERP-310328|15m|2026-09-22T04:30:00+00:00,MONITOR_BAR_CLOSED,85435.7,85535.2,15m,2026-09-22 04:30:00+00:00,783.0
85400.0,85514.7,BTC-USD_UM_XPERP-310328,BTC-USD_UM_XPERP-310328|15m|2026-09-22T04:45:00+00:00,MONITOR_BAR_CLOSED,85400.0,85480.6,15m,2026-09-22 04:45:00+00:00,577.0
85370.7,85482.5,BTC-USD_UM_XPERP-310328,BTC-USD_UM_XPERP-310328|15m|2026-09-22T05:00:00+00:00,MONITOR_BAR_CLOSED,85350.3,85436.0,15m,2026-09-22 05:00:00+00:00,544.0
85194.9,85386.5,BTC-USD_UM_XPERP-310328,BTC-USD_UM_XPERP-310328|15m|2026-09-22T05:15:00+00:00,MONITOR_BAR_CLOSED,85135.7,85386.5,15m,2026-09-22 05:15:00+00:00,2320.0
85396.2,85396.2,BTC-USD_UM_XPERP-310328,BTC-USD_UM_XPERP-310328|15m|2026-09-22T05:30:00+00:00,MONITOR_BAR_CLOSED,85082.2,85188.5,15m,2026-09-22 05:30:00+00:00,1637.0
85378.3,85577.3,BTC-USD_UM_XPERP-310328,BTC-USD_UM_XPERP-310328|15m|2026-09-22T05:45:00+00:00,MONITOR_BAR_CLOSED,85378.3,85400.0,15m,2026-09-22 05:45:00+00:00,1198.0
85353.5,85443.4,BTC-USD_UM_XPERP-310328,BTC-USD_UM_XPERP-310328|15m|2026-09-22T06:00:00+00:00,MONITOR_BAR_CLOSED,85236.6,85379.4,15m,2026-09-22 06:00:00+00:00,1152.0
85320.0,85346.1,BTC-USD_UM_XPERP-310328,BTC-USD_UM_XPERP-310328|15m|2026-09-22T06:15:00+00:00,MONITOR_BAR_CLOSED,85224.7,85341.2,15m,2026-09-22 06:15:00+00:00,1413.0
85461.9,85541.0,BTC-USD_UM_XPERP-310328,BTC-USD_UM_XPERP-310328|15m|2026-09-22T06:30:00+00:00,MONITOR_BAR_CLOSED,85320.4,85342.4,15m,2026-09-22 06:30:00+00:00,967.0
85348.7,85474.3,BTC-USD_UM_XPERP-310328,BTC-USD_UM_XPERP-310328|15m|2026-09-22T06:45:00+00:00,MONITOR_BAR_CLOSED,85348.7,85458.5,15m,2026-09-22 06:45:00+00:00,16.0
85437.9,85467.5,BTC-USD_UM_XPERP-310328,BTC-USD_UM_XPERP-310328|15m|2026-09-22T07:00:00+00:00,MONITOR_BAR_CLOSED,85297.2,85358.7,15m,2026-09-22 07:00:00+00:00,532.0
85240.2,85422.9,BTC-USD_UM_XPERP-310328,BTC-USD_UM_XPERP-310328|15m|2026-09-22T07:15:00+00:00,MONITOR_BAR_CLOSED,85186.0,85416.8,15m,2026-09-22 07:15:00+00:00,370.0
85247.0,85297.4,BTC-USD_UM_XPERP-310328,BTC-USD_UM_XPERP-310328|15m|2026-09-22T07:30:00+00:00,MONITOR_BAR_CLOSED,85153.8,85297.4,15m,2026-09-22 07:30:00+00:00,301.0
85280.0,85309.1,BTC-USD_UM_XPERP-310328,BTC-USD_UM_XPERP-310328|15m|2026-09-22T07:45:00+00:00,MONITOR_BAR_CLOSED,85230.0,85230.0,15m,2026-09-22 07:45:00+00:00,256.0
85482.0,85503.9,BTC-USD_UM_XPERP-310328,BTC-USD_UM_XPERP-310328|15m|2026-09-22T08:00:00+00:00,MONITOR_BAR_CLOSED,85296.9,85316.6,15m,2026-09-22 08:00:00+00:00,1207.0
85383.9,85540.0,BTC-USD_UM_XPERP-310328,BTC-USD_UM_XPERP-310328|15m|2026-09-22T08:15:00+00:00,MONITOR_BAR_CLOSED,85379.9,85456.7,15m,2026-09-22 08:15:00+00:00,1005.0
86113.2,86113.2,BTC-USD_UM_XPERP-310328,BTC-USD_UM_XPERP-310328|15m|2026-09-22T08:30:00+00:00,MONITOR_BAR_CLOSED,85309.1,85378.3,15m,2026-09-22 08:30:00+00:00,4460.0
86154.6,86306.2,BTC-USD_UM_XPERP-310328,BTC-USD_UM_XPERP-310328|15m|2026-09-22T08:45:00+00:00,MONITOR_BAR_CLOSED,85995.9,86116.3,15m,2026-09-22 08:45:00+00:00,2590.0
85901.8,86141.7,BTC-USD_UM_XPERP-310328,BTC-USD_UM_XPERP-310328|15m|2026-09-22T09:00:00+00:00,MONITOR_BAR_CLOSED,85655.2,86141.7,15m,2026-09-22 09:00:00+00:00,4126.0
85869.0,85953.0,BTC-USD_UM_XPERP-310328,BTC-USD_UM_XPERP-310328|15m|2026-09-22T09:15:00+00:00,MONITOR_BAR_CLOSED,85811.1,85937.1,15m,2026-09-22 09:15:00+00:00,2027.0
86015.3,86040.0,BTC-USD_UM_XPERP-310328,BTC-USD_UM_XPERP-310328|15m|2026-09-22T09:30:00+00:00,MONITOR_BAR_CLOSED,85826.1,85857.6,15m,2026-09-22 09:30:00+00:00,1160.0
86217.6,86241.9,BTC-USD_UM_XPERP-310328,BTC-USD_UM_XPERP-310328|15m|2026-09-22T09:45:00+00:00,MONITOR_BAR_CLOSED,86007.6,86015.1,15m,2026-09-22 09:45:00+00:00,1987.0
86023.1,86224.7,BTC-USD_UM_XPERP-310328,BTC-USD_UM_XPERP-310328|15m|2026-09-22T10:00:00+00:00,MONITOR_BAR_CLOSED,85979.9,86202.3,15m,2026-09-22 10:00:00+00:00,2059.0
85840.6,86064.0,BTC-USD_UM_XPERP-310328,BTC-USD_UM_XPERP-310328|15m|2026-09-22T10:15:00+00:00,MONITOR_BAR_CLOSED,85808.4,86040.0,15m,2026-09-22 10:15:00+00:00,895.0
85834.1,85918.3,BTC-USD_UM_XPERP-310328,BTC-USD_UM_XPERP-310328|15m|2026-09-22T10:30:00+00:00,MONITOR_BAR_CLOSED,85742.8,85806.0,15m,2026-09-22 10:30:00+00:00,786.0
85885.7,85958.8,BTC-USD_UM_XPERP-310328,BTC-USD_UM_XPERP-310328|15m|2026-09-22T10:45:00+00:00,MONITOR_BAR_CLOSED,85772.7,85822.8,15m,2026-09-22 10:45:00+00:00,516.0
85956.0,85967.9,BTC-USD_UM_XPERP-310328,BTC-USD_UM_XPERP-310328|15m|2026-09-22T11:00:00+00:00,MONITOR_BAR_CLOSED,85784.2,85935.5,15m,2026-09-22 11:00:00+00:00,166.0
85885.9,86100.0,BTC-USD_UM_XPERP-310328,BTC-USD_UM_XPERP-310328|15m|2026-09-22T11:15:00+00:00,MONITOR_BAR_CLOSED,85863.4,85947.2,15m,2026-09-22 11:15:00+00:00,8.0
86073.1,86105.9,BTC-USD_UM_XPERP-310328,BTC-USD_UM_XPERP-310328|15m|2026-09-22T11:30:00+00:00,MONITOR_BAR_CLOSED,85863.4,85914.8,15m,2026-09-22 11:30:00+00:00,87.0
85959.1,86147.6,BTC-USD_UM_XPERP-310328,BTC-USD_UM_XPERP-310328|15m|2026-09-22T11:45:00+00:00,MONITOR_BAR_CLOSED,85863.4,86086.0,15m,2026-09-22 11:45:00+00:00,7.0
85937.1,86004.1,BTC-USD_UM_XPERP-310328,BTC-USD_UM_XPERP-310328|15m|2026-09-22T12:00:00+00:00,MONITOR_BAR_CLOSED,85918.3,85964.0,15m,2026-09-22 12:00:00+00:00,570.0
86086.0,86086.0,BTC-USD_UM_XPERP-310328,BTC-USD_UM_XPERP-310328|15m|2026-09-22T12:15:00+00:00,MONITOR_BAR_CLOSED,85769.2,85901.2,15m,2026-09-22 12:15:00+00:00,282.0
85958.0,86142.9,BTC-USD_UM_XPERP-310328,BTC-USD_UM_XPERP-310328|15m|2026-09-22T12:30:00+00:00,MONITOR_BAR_CLOSED,85957.6,86089.4,15m,2026-09-22 12:30:00+00:00,391.0
85961.8,86030.0,BTC-USD_UM_XPERP-310328,BTC-USD_UM_XPERP-310328|15m|2026-09-22T12:45:00+00:00,MONITOR_BAR_CLOSED,85927.9,85949.5,15m,2026-09-22 12:45:00+00:00,620.0
86074.7,86188.0,BTC-USD_UM_XPERP-310328,BTC-USD_UM_XPERP-310328|15m|2026-09-22T13:00:00+00:00,MONITOR_BAR_CLOSED,86006.4,86007.4,15m,2026-09-22 13:00:00+00:00,2225.0
85703.2,86026.9,BTC-USD_UM_XPERP-310328,BTC-USD_UM_XPERP-310328|15m|2026-09-22T13:15:00+00:00,MONITOR_BAR_CLOSED,85684.1,86004.1,15m,2026-09-22 13:15:00+00:00,1913.0
85904.1,86119.2,BTC-USD_UM_XPERP-310328,BTC-USD_UM_XPERP-310328|15m|2026-09-22T13:30:00+00:00,MONITOR_BAR_CLOSED,85614.3,85686.8,15m,2026-09-22 13:30:00+00:00,4841.0
86330.8,86330.8,BTC-USD_UM_XPERP-310328,BTC-USD_UM_XPERP-310328|15m|2026-09-22T13:45:00+00:00,MONITOR_BAR_CLOSED,85848.9,85903.9,15m,2026-09-22 13:45:00+00:00,2929.0
86303.9,86368.9,BTC-USD_UM_XPERP-310328,BTC-USD_UM_XPERP-310328|15m|2026-09-22T14:00:00+00:00,MONITOR_BAR_CLOSED,85701.7,86320.7,15m,2026-09-22 14:00:00+00:00,3360.0
85937.1,86320.7,BTC-USD_UM_XPERP-310328,BTC-USD_UM_XPERP-310328|15m|2026-09-22T14:15:00+00:00,MONITOR_BAR_CLOSED,85937.1,86314.3,15m,2026-09-22 14:15:00+00:00,4322.0
85850.0,85962.1,BTC-USD_UM_XPERP-310328,BTC-USD_UM_XPERP-310328|15m|2026-09-22T14:30:00+00:00,MONITOR_BAR_CLOSED,85470.1,85927.9,15m,2026-09-22 14:30:00+00:00,5933.0
86210.3,86210.3,BTC-USD_UM_XPERP-310328,BTC-USD_UM_XPERP-310328|15m|2026-09-22T14:45:00+00:00,MONITOR_BAR_CLOSED,85858.3,85863.4,15m,2026-09-22 14:45:00+00:00,5757.0
86256.8,86330.8,BTC-USD_UM_XPERP-310328,BTC-USD_UM_XPERP-310328|15m|2026-09-22T15:00:00+00:00,MONITOR_BAR_CLOSED,86077.6,86219.7,15m,2026-09-22 15:00:00+00:00,4565.0
86258.3,86282.3,BTC-USD_UM_XPERP-310328,BTC-USD_UM_XPERP-310328|15m|2026-09-22T15:15:00+00:00,MONITOR_BAR_CLOSED,86082.5,86253.9,15m,2026-09-22 15:15:00+00:00,2641.0
86514.5,86519.5,BTC-USD_UM_XPERP-310328,BTC-USD_UM_XPERP-310328|15m|2026-09-22T15:30:00+00:00,MONITOR_BAR_CLOSED,86213.3,86213.3,15m,2026-09-22 15:30:00+00:00,3611.0
86369.7,86638.7,BTC-USD_UM_XPERP-310328,BTC-USD_UM_XPERP-310328|15m|2026-09-22T15:45:00+00:00,MONITOR_BAR_CLOSED,86297.1,86520.4,15m,2026-09-22 15:45:00+00:00,3284.0
86105.9,86510.2,BTC-USD_UM_XPERP-310328,BTC-USD_UM_XPERP-310328|15m|2026-09-22T16:00:00+00:00,MONITOR_BAR_CLOSED,86105.9,86369.9,15m,2026-09-22 16:00:00+00:00,3243.0
86071.3,86254.5,BTC-USD_UM_XPERP-310328,BTC-USD_UM_XPERP-310328|15m|2026-09-22T16:15:00+00:00,MONITOR_BAR_CLOSED,86040.0,86134.2,15m,2026-09-22 16:15:00+00:00,3504.0
86194.3,86248.3,BTC-USD_UM_XPERP-310328,BTC-USD_UM_XPERP-310328|15m|2026-09-22T16:30:00+00:00,MONITOR_BAR_CLOSED,86033.2,86055.6,15m,2026-09-22 16:30:00+00:00,3670.0
86400.0,86527.6,BTC-USD_UM_XPERP-310328,BTC-USD_UM_XPERP-310328|15m|2026-09-22T16:45:00+00:00,MONITOR_BAR_CLOSED,86167.6,86169.4,15m,2026-09-22 16:45:00+00:00,2105.0
86412.0,86520.9,BTC-USD_UM_XPERP-310328,BTC-USD_UM_XPERP-310328|15m|2026-09-22T17:00:00+00:00,MONITOR_BAR_CLOSED,86342.0,86388.5,15m,2026-09-22 17:00:00+00:00,2896.0
86543.6,86546.2,BTC-USD_UM_XPERP-310328,BTC-USD_UM_XPERP-310328|15m|2026-09-22T17:15:00+00:00,MONITOR_BAR_CLOSED,86208.4,86384.4,15m,2026-09-22 17:15:00+00:00,1771.0
86410.8,86590.6,BTC-USD_UM_XPERP-310328,BTC-USD_UM_XPERP-310328|15m|2026-09-22T17:30:00+00:00,MONITOR_BAR_CLOSED,86408.3,86554.3,15m,2026-09-22 17:30:00+00:00,1384.0
86531.9,86618.7,BTC-USD_UM_XPERP-310328,BTC-USD_UM_XPERP-310328|15m|2026-09-22T17:45:00+00:00,MONITOR_BAR_CLOSED,86373.4,86451.4,15m,2026-09-22 17:45:00+00:00,1709.0
86543.9,86569.2,BTC-USD_UM_XPERP-310328,BTC-USD_UM_XPERP-310328|15m|2026-09-22T18:00:00+00:00,MONITOR_BAR_CLOSED,86406.4,86515.1,15m,2026-09-22 18:00:00+00:00,1212.0
86275.7,86605.7,BTC-USD_UM_XPERP-310328,BTC-USD_UM_XPERP-310328|15m|2026-09-22T18:15:00+00:00,MONITOR_BAR_CLOSED,86119.0,86502.9,15m,2026-09-22 18:15:00+00:00,1695.0
86382.3,86407.9,BTC-USD_UM_XPERP-310328,BTC-USD_UM_XPERP-310328|15m|2026-09-22T18:30:00+00:00,MONITOR_BAR_CLOSED,86210.3,86267.6,15m,2026-09-22 18:30:00+00:00,1448.0
86419.5,86528.7,BTC-USD_UM_XPERP-310328,BTC-USD_UM_XPERP-310328|15m|2026-09-22T18:45:00+00:00,MONITOR_BAR_CLOSED,86382.7,86391.4,15m,2026-09-22 18:45:00+00:00,444.0
86454.3,86491.9,BTC-USD_UM_XPERP-310328,BTC-USD_UM_XPERP-310328|15m|2026-09-22T19:00:00+00:00,MONITOR_BAR_CLOSED,86399.8,86417.7,15m,2026-09-22 19:00:00+00:00,1414.0
86462.8,86538.5,BTC-USD_UM_XPERP-310328,BTC-USD_UM_XPERP-310328|15m|2026-09-22T19:15:00+00:00,MONITOR_BAR_CLOSED,86416.9,86455.2,15m,2026-09-22 19:15:00+00:00,928.0
86341.7,86611.0,BTC-USD_UM_XPERP-310328,BTC-USD_UM_XPERP-310328|15m|2026-09-22T19:30:00+00:00,MONITOR_BAR_CLOSED,86241.5,86440.2,15m,2026-09-22 19:30:00+00:00,1283.0
86174.5,86352.5,BTC-USD_UM_XPERP-310328,BTC-USD_UM_XPERP-310328|15m|2026-09-22T19:45:00+00:00,MONITOR_BAR_CLOSED,86118.3,86352.5,15m,2026-09-22 19:45:00+00:00,1586.0
86184.0,86229.7,BTC-USD_UM_XPERP-310328,BTC-USD_UM_XPERP-310328|15m|2026-09-22T20:00:00+00:00,MONITOR_BAR_CLOSED,86100.0,86175.2,15m,2026-09-22 20:00:00+00:00,578.0
86338.5,86348.5,BTC-USD_UM_XPERP-310328,BTC-USD_UM_XPERP-310328|15m|2026-09-22T20:15:00+00:00,MONITOR_BAR_CLOSED,86154.7,86160.2,15m,2026-09-22 20:15:00+00:00,617.0
86271.0,86325.8,BTC-USD_UM_XPERP-310328,BTC-USD_UM_XPERP-310328|15m|2026-09-22T20:30:00+00:00,MONITOR_BAR_CLOSED,86189.8,86304.6,15m,2026-09-22 20:30:00+00:00,137.0
86163.5,86271.5,BTC-USD_UM_XPERP-310328,BTC-USD_UM_XPERP-310328|15m|2026-09-22T20:45:00+00:00,MONITOR_BAR_CLOSED,86163.5,86271.0,15m,2026-09-22 20:45:00+00:00,351.0
86199.8,86305.2,BTC-USD_UM_XPERP-310328,BTC-USD_UM_XPERP-310328|15m|2026-09-22T21:00:00+00:00,MONITOR_BAR_CLOSED,86175.4,86238.7,15m,2026-09-22 21:00:00+00:00,529.0
86223.9,86245.7,BTC-USD_UM_XPERP-310328,BTC-USD_UM_XPERP-310328|15m|2026-09-22T21:15:00+00:00,MONITOR_BAR_CLOSED,86178.6,86245.7,15m,2026-09-22 21:15:00+00:00,84.0
86163.5,86258.8,BTC-USD_UM_XPERP-310328,BTC-USD_UM_XPERP-310328|15m|2026-09-22T21:30:00+00:00,MONITOR_BAR_CLOSED,86163.5,86208.6,15m,2026-09-22 21:30:00+00:00,0.0
86156.3,86274.4,BTC-USD_UM_XPERP-310328,BTC-USD_UM_XPERP-310328|15m|2026-09-22T21:45:00+00:00,MONITOR_BAR_CLOSED,86156.3,86171.5,15m,2026-09-22 21:45:00+00:00,96.0
86010.8,86245.7,BTC-USD_UM_XPERP-310328,BTC-USD_UM_XPERP-310328|15m|2026-09-22T22:00:00+00:00,MONITOR_BAR_CLOSED,85975.4,86207.8,15m,2026-09-22 22:00:00+00:00,926.0
86134.8,86187.2,BTC-USD_UM_XPERP-310328,BTC-USD_UM_XPERP-310328|15m|2026-09-22T22:15:00+00:00,MONITOR_BAR_CLOSED,86006.0,86006.1,15m,2026-09-22 22:15:00+00:00,591.0
86166.5,86222.2,BTC-USD_UM_XPERP-310328,BTC-USD_UM_XPERP-310328|15m|2026-09-22T22:30:00+00:00,MONITOR_BAR_CLOSED,86133.4,86137.7,15m,2026-09-22 22:30:00+00:00,240.0
86084.7,86242.1,BTC-USD_UM_XPERP-310328,BTC-USD_UM_XPERP-310328|15m|2026-09-22T22:45:00+00:00,MONITOR_BAR_CLOSED,86025.1,86191.0,15m,2026-09-22 22:45:00+00:00,634.0
86348.1,86466.0,BTC-USD_UM_XPERP-310328,BTC-USD_UM_XPERP-310328|15m|2026-09-22T23:00:00+00:00,MONITOR_BAR_CLOSED,86087.9,86091.4,15m,2026-09-22 23:00:00+00:00,2163.0
86151.5,86419.7,BTC-USD_UM_XPERP-310328,BTC-USD_UM_XPERP-310328|15m|2026-09-22T23:15:00+00:00,MONITOR_BAR_CLOSED,86122.5,86345.8,15m,2026-09-22 23:15:00+00:00,1635.0
86098.7,86219.0,BTC-USD_UM_XPERP-310328,BTC-USD_UM_XPERP-310328|15m|2026-09-22T23:30:00+00:00,MONITOR_BAR_CLOSED,86053.5,86175.0,15m,2026-09-22 23:30:00+00:00,1379.0
86163.5,86180.8,BTC-USD_UM_XPERP-310328,BTC-USD_UM_XPERP-310328|15m|2026-09-22T23:45:00+00:00,MONITOR_BAR_CLOSED,85296.9,86139.9,15m,2026-09-22 23:45:00+00:00,760.0
86316.5,86330.0,BTC-USD_UM_XPERP-310328,BTC-USD_UM_XPERP-310328|15m|2026-09-23T00:00:00+00:00,MONITOR_BAR_CLOSED,86104.7,86180.8,15m,2026-09-23 00:00:00+00:00,1116.0
86394.4,86488.0,BTC-USD_UM_XPERP-310328,BTC-USD_UM_XPERP-310328|15m|2026-09-23T00:15:00+00:00,MONITOR_BAR_CLOSED,86310.8,86310.8,15m,2026-09-23 00:15:00+00:00,971.0
86393.5,86543.5,BTC-USD_UM_XPERP-310328,BTC-USD_UM_XPERP-310328|15m|2026-09-23T00:30:00+00:00,MONITOR_BAR_CLOSED,86391.8,86451.4,15m,2026-09-23 00:30:00+00:00,1294.0
86418.5,86478.2,BTC-USD_UM_XPERP-310328,BTC-USD_UM_XPERP-310328|15m|2026-09-23T00:45:00+00:00,MONITOR_BAR_CLOSED,86395.6,86415.3,15m,2026-09-23 00:45:00+00:00,994.0
86671.9,86766.6,BTC-USD_UM_XPERP-310328,BTC-USD_UM_XPERP-310328|15m|2026-09-23T01:00:00+00:00,MONITOR_BAR_CLOSED,86397.9,86397.9,15m,2026-09-23 01:00:00+00:00,1479.0
86590.4,86687.2,BTC-USD_UM_XPERP-310328,BTC-USD_UM_XPERP-310328|15m|2026-09-23T01:15:00+00:00,MONITOR_BAR_CLOSED,86510.2,86680.1,15m,2026-09-23 01:15:00+00:00,1446.0
86266.4,86608.3,BTC-USD_UM_XPERP-310328,BTC-USD_UM_XPERP-310328|15m|2026-09-23T01:30:00+00:00,MONITOR_BAR_CLOSED,86243.2,86591.0,15m,2026-09-23 01:30:00+00:00,2089.0
86325.8,86325.8,BTC-USD_UM_XPERP-310328,BTC-USD_UM_XPERP-310328|15m|2026-09-23T01:45:00+00:00,MONITOR_BAR_CLOSED,86138.8,86239.9,15m,2026-09-23 01:45:00+00:00,1238.0
86325.8,86347.3,BTC-USD_UM_XPERP-310328,BTC-USD_UM_XPERP-310328|15m|2026-09-23T02:00:00+00:00,MONITOR_BAR_CLOSED,86244.6,86331.0,15m,2026-09-23 02:00:00+00:00,1785.0
86551.6,86591.5,BTC-USD_UM_XPERP-310328,BTC-USD_UM_XPERP-310328|15m|2026-09-23T02:15:00+00:00,MONITOR_BAR_CLOSED,86332.5,86340.7,15m,2026-09-23 02:15:00+00:00,735.0
86435.6,86548.0,BTC-USD_UM_XPERP-310328,BTC-USD_UM_XPERP-310328|15m|2026-09-23T02:30:00+00:00,MONITOR_BAR_CLOSED,86421.5,86505.4,15m,2026-09-23 02:30:00+00:00,607.0
86510.2,86510.2,BTC-USD_UM_XPERP-310328,BTC-USD_UM_XPERP-310328|15m|2026-09-23T02:45:00+00:00,MONITOR_BAR_CLOSED,86416.9,86443.7,15m,2026-09-23 02:45:00+00:00,739.0
86502.9,86516.5,BTC-USD_UM_XPERP-310328,BTC-USD_UM_XPERP-310328|15m|2026-09-23T03:00:00+00:00,MONITOR_BAR_CLOSED,86400.0,86516.5,15m,2026-09-23 03:00:00+00:00,154.0
86653.3,86785.7,BTC-USD_UM_XPERP-310328,BTC-USD_UM_XPERP-310328|15m|2026-09-23T03:15:00+00:00,MONITOR_BAR_CLOSED,86406.9,86503.6,15m,2026-09-23 03:15:00+00:00,516.0
86848.3,86900.3,BTC-USD_UM_XPERP-310328,BTC-USD_UM_XPERP-310328|15m|2026-09-23T03:30:00+00:00,MONITOR_BAR_CLOSED,86632.2,86657.1,15m,2026-09-23 03:30:00+00:00,1071.0
86667.3,86854.6,BTC-USD_UM_XPERP-310328,BTC-USD_UM_XPERP-310328|15m|2026-09-23T03:45:00+00:00,MONITOR_BAR_CLOSED,86663.9,86849.8,15m,2026-09-23 03:45:00+00:00,601.0
86821.4,86855.2,BTC-USD_UM_XPERP-310328,BTC-USD_UM_XPERP-310328|15m|2026-09-23T04:00:00+00:00,MONITOR_BAR_CLOSED,86600.0,86675.9,15m,2026-09-23 04:00:00+00:00,900.0
87011.1,87201.5,BTC-USD_UM_XPERP-310328,BTC-USD_UM_XPERP-310328|15m|2026-09-23T04:15:00+00:00,MONITOR_BAR_CLOSED,86739.2,86862.9,15m,2026-09-23 04:15:00+00:00,3018.0
87130.6,87244.7,BTC-USD_UM_XPERP-310328,BTC-USD_UM_XPERP-310328|15m|2026-09-23T04:30:00+00:00,MONITOR_BAR_CLOSED,86984.6,87000.0,15m,2026-09-23 04:30:00+00:00,1253.0
87141.0,87173.2,BTC-USD_UM_XPERP-310328,BTC-USD_UM_XPERP-310328|15m|2026-09-23T04:45:00+00:00,MONITOR_BAR_CLOSED,87100.0,87150.0,15m,2026-09-23 04:45:00+00:00,406.0
86907.6,87120.0,BTC-USD_UM_XPERP-310328,BTC-USD_UM_XPERP-310328|15m|2026-09-23T05:00:00+00:00,MONITOR_BAR_CLOSED,86851.1,87120.0,15m,2026-09-23 05:00:00+00:00,1298.0
86721.5,86929.9,BTC-USD_UM_XPERP-310328,BTC-USD_UM_XPERP-310328|15m|2026-09-23T05:15:00+00:00,MONITOR_BAR_CLOSED,86720.1,86929.9,15m,2026-09-23 05:15:00+00:00,541.0
86688.8,86798.4,BTC-USD_UM_XPERP-310328,BTC-USD_UM_XPERP-310328|15m|2026-09-23T05:30:00+00:00,MONITOR_BAR_CLOSED,86680.3,86718.2,15m,2026-09-23 05:30:00+00:00,229.0
86460.7,86744.0,BTC-USD_UM_XPERP-310328,BTC-USD_UM_XPERP-310328|15m|2026-09-23T05:45:00+00:00,MONITOR_BAR_CLOSED,86394.9,86701.0,15m,2026-09-23 05:45:00+00:00,642.0
86574.1,86574.1,BTC-USD_UM_XPERP-310328,BTC-USD_UM_XPERP-310328|15m|2026-09-23T06:00:00+00:00,MONITOR_BAR_CLOSED,86431.4,86457.5,15m,2026-09-23 06:00:00+00:00,76.0
86383.0,86567.6,BTC-USD_UM_XPERP-310328,BTC-USD_UM_XPERP-310328|15m|2026-09-23T06:15:00+00:00,MONITOR_BAR_CLOSED,86383.0,86567.6,15m,2026-09-23 06:15:00+00:00,123.0
86527.6,86527.6,BTC-USD_UM_XPERP-310328,BTC-USD_UM_XPERP-310328|15m|2026-09-23T06:30:00+00:00,MONITOR_BAR_CLOSED,86334.1,86382.5,15m,2026-09-23 06:30:00+00:00,370.0
86455.5,86569.2,BTC-USD_UM_XPERP-310328,BTC-USD_UM_XPERP-310328|15m|2026-09-23T06:45:00+00:00,MONITOR_BAR_CLOSED,86416.9,86544.3,15m,2026-09-23 06:45:00+00:00,299.0
86325.8,86429.3,BTC-USD_UM_XPERP-310328,BTC-USD_UM_XPERP-310328|15m|2026-09-23T07:00:00+00:00,MONITOR_BAR_CLOSED,86288.4,86406.9,15m,2026-09-23 07:00:00+00:00,1384.0
86368.0,86407.4,BTC-USD_UM_XPERP-310328,BTC-USD_UM_XPERP-310328|15m|2026-09-23T07:15:00+00:00,MONITOR_BAR_CLOSED,86276.5,86369.5,15m,2026-09-23 07:15:00+00:00,745.0
86026.8,86382.5,BTC-USD_UM_XPERP-310328,BTC-USD_UM_XPERP-310328|15m|2026-09-23T07:30:00+00:00,MONITOR_BAR_CLOSED,85984.2,86382.5,15m,2026-09-23 07:30:00+00:00,2385.0
86100.1,86193.6,BTC-USD_UM_XPERP-310328,BTC-USD_UM_XPERP-310328|15m|2026-09-23T07:45:00+00:00,MONITOR_BAR_CLOSED,85945.9,85978.1,15m,2026-09-23 07:45:00+00:00,1882.0
86137.5,86215.2,BTC-USD_UM_XPERP-310328,BTC-USD_UM_XPERP-310328|15m|2026-09-23T08:00:00+00:00,MONITOR_BAR_CLOSED,86051.6,86124.5,15m,2026-09-23 08:00:00+00:00,1316.0
86113.6,86232.4,BTC-USD_UM_XPERP-310328,BTC-USD_UM_XPERP-310328|15m|2026-09-23T08:15:00+00:00,MONITOR_BAR_CLOSED,86113.6,86194.3,15m,2026-09-23 08:15:00+00:00,228.0
86059.9,86165.0,BTC-USD_UM_XPERP-310328,BTC-USD_UM_XPERP-310328|15m|2026-09-23T08:30:00+00:00,MONITOR_BAR_CLOSED,86058.0,86163.9,15m,2026-09-23 08:30:00+00:00,226.0
85850.4,86069.5,BTC-USD_UM_XPERP-310328,BTC-USD_UM_XPERP-310328|15m|2026-09-23T08:45:00+00:00,MONITOR_BAR_CLOSED,85667.5,86068.7,15m,2026-09-23 08:45:00+00:00,2482.0
85920.0,85978.5,BTC-USD_UM_XPERP-310328,BTC-USD_UM_XPERP-310328|15m|2026-09-23T09:00:00+00:00,MONITOR_BAR_CLOSED,85850.2,85882.0,15m,2026-09-23 09:00:00+00:00,786.0
85852.5,85978.1,BTC-USD_UM_XPERP-310328,BTC-USD_UM_XPERP-310328|15m|2026-09-23T09:15:00+00:00,MONITOR_BAR_CLOSED,85835.2,85911.9,15m,2026-09-23 09:15:00+00:00,1099.0
85773.5,85913.5,BTC-USD_UM_XPERP-310328,BTC-USD_UM_XPERP-310328|15m|2026-09-23T09:30:00+00:00,MONITOR_BAR_CLOSED,85769.1,85908.1,15m,2026-09-23 09:30:00+00:00,226.0
85830.3,85968.9,BTC-USD_UM_XPERP-310328,BTC-USD_UM_XPERP-310328|15m|2026-09-23T09:45:00+00:00,MONITOR_BAR_CLOSED,85704.3,85787.2,15m,2026-09-23 09:45:00+00:00,435.0
85820.2,85891.5,BTC-USD_UM_XPERP-310328,BTC-USD_UM_XPERP-310328|15m|2026-09-23T10:00:00+00:00,MONITOR_BAR_CLOSED,82629.3,85820.7,15m,2026-09-23 10:00:00+00:00,1285.0
85762.3,85833.3,BTC-USD_UM_XPERP-310328,BTC-USD_UM_XPERP-310328|15m|2026-09-23T10:15:00+00:00,MONITOR_BAR_CLOSED,85628.6,85833.3,15m,2026-09-23 10:15:00+00:00,1018.0
85839.0,86008.4,BTC-USD_UM_XPERP-310328,BTC-USD_UM_XPERP-310328|15m|2026-09-23T10:30:00+00:00,MONITOR_BAR_CLOSED,85710.8,85782.5,15m,2026-09-23 10:30:00+00:00,214.0
85886.4,85888.9,BTC-USD_UM_XPERP-310328,BTC-USD_UM_XPERP-310328|15m|2026-09-23T10:45:00+00:00,MONITOR_BAR_CLOSED,85798.4,85845.3,15m,2026-09-23 10:45:00+00:00,105.0
85676.7,85841.5,BTC-USD_UM_XPERP-310328,BTC-USD_UM_XPERP-310328|15m|2026-09-23T11:00:00+00:00,MONITOR_BAR_CLOSED,85676.7,85834.3,15m,2026-09-23 11:00:00+00:00,225.0
85443.1,85722.0,BTC-USD_UM_XPERP-310328,BTC-USD_UM_XPERP-310328|15m|2026-09-23T11:15:00+00:00,MONITOR_BAR_CLOSED,85443.1,85722.0,15m,2026-09-23 11:15:00+00:00,903.0
85474.3,85620.8,BTC-USD_UM_XPERP-310328,BTC-USD_UM_XPERP-310328|15m|2026-09-23T11:30:00+00:00,MONITOR_BAR_CLOSED,85422.5,85470.1,15m,2026-09-23 11:30:00+00:00,1739.0
85630.1,85644.9,BTC-USD_UM_XPERP-310328,BTC-USD_UM_XPERP-310328|15m|2026-09-23T11:45:00+00:00,MONITOR_BAR_CLOSED,85480.2,85496.9,15m,2026-09-23 11:45:00+00:00,759.0
85433.3,85638.9,BTC-USD_UM_XPERP-310328,BTC-USD_UM_XPERP-310328|15m|2026-09-23T12:00:00+00:00,MONITOR_BAR_CLOSED,85433.3,85638.9,15m,2026-09-23 12:00:00+00:00,1254.0
85450.6,85492.8,BTC-USD_UM_XPERP-310328,BTC-USD_UM_XPERP-310328|15m|2026-09-23T12:15:00+00:00,MONITOR_BAR_CLOSED,85244.0,85441.2,15m,2026-09-23 12:15:00+00:00,1664.0
85433.4,85558.6,BTC-USD_UM_XPERP-310328,BTC-USD_UM_XPERP-310328|15m|2026-09-23T12:30:00+00:00,MONITOR_BAR_CLOSED,85429.6,85456.5,15m,2026-09-23 12:30:00+00:00,536.0
85464.5,85525.7,BTC-USD_UM_XPERP-310328,BTC-USD_UM_XPERP-310328|15m|2026-09-23T12:45:00+00:00,MONITOR_BAR_CLOSED,85373.4,85465.5,15m,2026-09-23 12:45:00+00:00,494.0
85337.6,85484.6,BTC-USD_UM_XPERP-310328,BTC-USD_UM_XPERP-310328|15m|2026-09-23T13:00:00+00:00,MONITOR_BAR_CLOSED,85259.7,85471.3,15m,2026-09-23 13:00:00+00:00,782.0
85516.1,85552.9,BTC-USD_UM_XPERP-310328,BTC-USD_UM_XPERP-310328|15m|2026-09-23T13:15:00+00:00,MONITOR_BAR_CLOSED,85371.4,85371.4,15m,2026-09-23 13:15:00+00:00,314.0
85810.5,85839.0,BTC-USD_UM_XPERP-310328,BTC-USD_UM_XPERP-310328|15m|2026-09-23T13:30:00+00:00,MONITOR_BAR_CLOSED,83033.6,85517.1,15m,2026-09-23 13:30:00+00:00,1772.0
85738.4,85839.0,BTC-USD_UM_XPERP-310328,BTC-USD_UM_XPERP-310328|15m|2026-09-23T13:45:00+00:00,MONITOR_BAR_CLOSED,85378.3,85816.4,15m,2026-09-23 13:45:00+00:00,2344.0
84861.7,85901.2,BTC-USD_UM_XPERP-310328,BTC-USD_UM_XPERP-310328|15m|2026-09-23T14:00:00+00:00,MONITOR_BAR_CLOSED,84569.7,85763.2,15m,2026-09-23 14:00:00+00:00,4700.0
83991.8,86833.6,BTC-USD_UM_XPERP-310328,BTC-USD_UM_XPERP-310328|15m|2026-09-23T14:15:00+00:00,MONITOR_BAR_CLOSED,83959.1,84865.4,15m,2026-09-23 14:15:00+00:00,6390.0
84294.9,84507.0,BTC-USD_UM_XPERP-310328,BTC-USD_UM_XPERP-310328|15m|2026-09-23T14:30:00+00:00,MONITOR_BAR_CLOSED,83889.1,83970.1,15m,2026-09-23 14:30:00+00:00,5223.0
84496.3,84533.3,BTC-USD_UM_XPERP-310328,BTC-USD_UM_XPERP-310328|15m|2026-09-23T14:45:00+00:00,MONITOR_BAR_CLOSED,84184.0,84294.9,15m,2026-09-23 14:45:00+00:00,4808.0
84620.9,84731.4,BTC-USD_UM_XPERP-310328,BTC-USD_UM_XPERP-310328|15m|2026-09-23T15:00:00+00:00,MONITOR_BAR_CLOSED,84435.3,84509.2,15m,2026-09-23 15:00:00+00:00,3411.0
84479.8,84762.0,BTC-USD_UM_XPERP-310328,BTC-USD_UM_XPERP-310328|15m|2026-09-23T15:15:00+00:00,MONITOR_BAR_CLOSED,84441.4,84617.4,15m,2026-09-23 15:15:00+00:00,2855.0
84250.2,84499.8,BTC-USD_UM_XPERP-310328,BTC-USD_UM_XPERP-310328|15m|2026-09-23T15:30:00+00:00,MONITOR_BAR_CLOSED,84246.3,84499.8,15m,2026-09-23 15:30:00+00:00,5303.0
83946.0,84297.1,BTC-USD_UM_XPERP-310328,BTC-USD_UM_XPERP-310328|15m|2026-09-23T15:45:00+00:00,MONITOR_BAR_CLOSED,83904.1,84249.7,15m,2026-09-23 15:45:00+00:00,5888.0
84297.4,84310.8,BTC-USD_UM_XPERP-310328,BTC-USD_UM_XPERP-310328|15m|2026-09-23T16:00:00+00:00,MONITOR_BAR_CLOSED,83437.8,83956.0,15m,2026-09-23 16:00:00+00:00,4182.0
84184.0,84308.1,BTC-USD_UM_XPERP-310328,BTC-USD_UM_XPERP-310328|15m|2026-09-23T16:15:00+00:00,MONITOR_BAR_CLOSED,84116.0,84285.4,15m,2026-09-23 16:15:00+00:00,2593.0
84085.7,84286.0,BTC-USD_UM_XPERP-310328,BTC-USD_UM_XPERP-310328|15m|2026-09-23T16:30:00+00:00,MONITOR_BAR_CLOSED,83919.0,84218.0,15m,2026-09-23 16:30:00+00:00,2446.0
83993.9,84104.4,BTC-USD_UM_XPERP-310328,BTC-USD_UM_XPERP-310328|15m|2026-09-23T16:45:00+00:00,MONITOR_BAR_CLOSED,83808.1,84100.0,15m,2026-09-23 16:45:00+00:00,4393.0
83745.5,84165.5,BTC-USD_UM_XPERP-310328,BTC-USD_UM_XPERP-310328|15m|2026-09-23T17:00:00+00:00,MONITOR_BAR_CLOSED,83697.6,83986.8,15m,2026-09-23 17:00:00+00:00,4891.0
84012.8,84164.4,BTC-USD_UM_XPERP-310328,BTC-USD_UM_XPERP-310328|15m|2026-09-23T17:15:00+00:00,MONITOR_BAR_CLOSED,83735.4,83762.7,15m,2026-09-23 17:15:00+00:00,2161.0
84203.7,84215.2,BTC-USD_UM_XPERP-310328,BTC-USD_UM_XPERP-310328|15m|2026-09-23T17:30:00+00:00,MONITOR_BAR_CLOSED,83937.0,84008.7,15m,2026-09-23 17:30:00+00:00,3300.0
84267.2,84344.7,BTC-USD_UM_XPERP-310328,BTC-USD_UM_XPERP-310328|15m|2026-09-23T17:45:00+00:00,MONITOR_BAR_CLOSED,84208.4,84208.4,15m,2026-09-23 17:45:00+00:00,1627.0
84162.8,84292.5,BTC-USD_UM_XPERP-310328,BTC-USD_UM_XPERP-310328|15m|2026-09-23T18:00:00+00:00,MONITOR_BAR_CLOSED,84122.7,84278.4,15m,2026-09-23 18:00:00+00:00,1504.0
84108.5,84229.8,BTC-USD_UM_XPERP-310328,BTC-USD_UM_XPERP-310328|15m|2026-09-23T18:15:00+00:00,MONITOR_BAR_CLOSED,84108.5,84152.1,15m,2026-09-23 18:15:00+00:00,1814.0
84181.1,84185.0,BTC-USD_UM_XPERP-310328,BTC-USD_UM_XPERP-310328|15m|2026-09-23T18:30:00+00:00,MONITOR_BAR_CLOSED,84093.1,84111.3,15m,2026-09-23 18:30:00+00:00,758.0
84286.0,84360.5,BTC-USD_UM_XPERP-310328,BTC-USD_UM_XPERP-310328|15m|2026-09-23T18:45:00+00:00,MONITOR_BAR_CLOSED,84153.7,84185.2,15m,2026-09-23 18:45:00+00:00,608.0
84336.4,84343.7,BTC-USD_UM_XPERP-310328,BTC-USD_UM_XPERP-310328|15m|2026-09-23T19:00:00+00:00,MONITOR_BAR_CLOSED,84170.7,84279.6,15m,2026-09-23 19:00:00+00:00,1529.0
84353.6,84400.0,BTC-USD_UM_XPERP-310328,BTC-USD_UM_XPERP-310328|15m|2026-09-23T19:15:00+00:00,MONITOR_BAR_CLOSED,84252.0,84338.6,15m,2026-09-23 19:15:00+00:00,750.0
84388.0,84434.9,BTC-USD_UM_XPERP-310328,BTC-USD_UM_XPERP-310328|15m|2026-09-23T19:30:00+00:00,MONITOR_BAR_CLOSED,84353.2,84354.2,15m,2026-09-23 19:30:00+00:00,566.0
84456.0,84515.9,BTC-USD_UM_XPERP-310328,BTC-USD_UM_XPERP-310328|15m|2026-09-23T19:45:00+00:00,MONITOR_BAR_CLOSED,84400.9,84422.0,15m,2026-09-23 19:45:00+00:00,1130.0
84342.9,84478.4,BTC-USD_UM_XPERP-310328,BTC-USD_UM_XPERP-310328|15m|2026-09-23T20:00:00+00:00,MONITOR_BAR_CLOSED,84246.3,84464.1,15m,2026-09-23 20:00:00+00:00,850.0
84252.0,84359.5,BTC-USD_UM_XPERP-310328,BTC-USD_UM_XPERP-310328|15m|2026-09-23T20:15:00+00:00,MONITOR_BAR_CLOSED,84214.9,84350.6,15m,2026-09-23 20:15:00+00:00,50.0
84354.0,84394.3,BTC-USD_UM_XPERP-310328,BTC-USD_UM_XPERP-310328|15m|2026-09-23T20:30:00+00:00,MONITOR_BAR_CLOSED,84277.3,84277.5,15m,2026-09-23 20:30:00+00:00,107.0
84198.4,84394.3,BTC-USD_UM_XPERP-310328,BTC-USD_UM_XPERP-310328|15m|2026-09-23T20:45:00+00:00,MONITOR_BAR_CLOSED,84184.0,84368.3,15m,2026-09-23 20:45:00+00:00,58.0
84333.3,84333.3,BTC-USD_UM_XPERP-310328,BTC-USD_UM_XPERP-310328|15m|2026-09-23T21:00:00+00:00,MONITOR_BAR_CLOSED,84177.5,84199.9,15m,2026-09-23 21:00:00+00:00,689.0
84382.1,84382.1,BTC-USD_UM_XPERP-310328,BTC-USD_UM_XPERP-310328|15m|2026-09-23T21:15:00+00:00,MONITOR_BAR_CLOSED,84291.4,84330.3,15m,2026-09-23 21:15:00+00:00,116.0
84460.1,84473.6,BTC-USD_UM_XPERP-310328,BTC-USD_UM_XPERP-310328|15m|2026-09-23T21:30:00+00:00,MONITOR_BAR_CLOSED,84387.8,84388.0,15m,2026-09-23 21:30:00+00:00,38.0
84383.1,84460.2,BTC-USD_UM_XPERP-310328,BTC-USD_UM_XPERP-310328|15m|2026-09-23T21:45:00+00:00,MONITOR_BAR_CLOSED,84383.1,84460.2,15m,2026-09-23 21:45:00+00:00,352.0
84550.0,84629.5,BTC-USD_UM_XPERP-310328,BTC-USD_UM_XPERP-310328|15m|2026-09-23T22:00:00+00:00,MONITOR_BAR_CLOSED,84310.0,84380.1,15m,2026-09-23 22:00:00+00:00,761.0
84445.7,84554.8,BTC-USD_UM_XPERP-310328,BTC-USD_UM_XPERP-310328|15m|2026-09-23T22:15:00+00:00,MONITOR_BAR_CLOSED,84408.0,84548.6,15m,2026-09-23 22:15:00+00:00,247.0
84479.9,84490.0,BTC-USD_UM_XPERP-310328,BTC-USD_UM_XPERP-310328|15m|2026-09-23T22:30:00+00:00,MONITOR_BAR_CLOSED,84349.5,84490.0,15m,2026-09-23 22:30:00+00:00,34.0
84521.7,84578.6,BTC-USD_UM_XPERP-310328,BTC-USD_UM_XPERP-310328|15m|2026-09-23T22:45:00+00:00,MONITOR_BAR_CLOSED,84378.6,84422.0,15m,2026-09-23 22:45:00+00:00,15.0
84455.2,84533.3,BTC-USD_UM_XPERP-310328,BTC-USD_UM_XPERP-310328|15m|2026-09-23T23:00:00+00:00,MONITOR_BAR_CLOSED,84441.4,84501.6,15m,2026-09-23 23:00:00+00:00,118.0
84441.6,84469.9,BTC-USD_UM_XPERP-310328,BTC-USD_UM_XPERP-310328|15m|2026-09-23T23:15:00+00:00,MONITOR_BAR_CLOSED,84394.3,84450.0,15m,2026-09-23 23:15:00+00:00,31.0
84413.8,84497.1,BTC-USD_UM_XPERP-310328,BTC-USD_UM_XPERP-310328|15m|2026-09-23T23:30:00+00:00,MONITOR_BAR_CLOSED,84413.8,84456.0,15m,2026-09-23 23:30:00+00:00,30.0
84368.5,84445.4,BTC-USD_UM_XPERP-310328,BTC-USD_UM_XPERP-310328|15m|2026-09-23T23:45:00+00:00,MONITOR_BAR_CLOSED,84309.6,84445.4,15m,2026-09-23 23:45:00+00:00,12.0
84320.0,84465.3,BTC-USD_UM_XPERP-310328,BTC-USD_UM_XPERP-310328|15m|2026-09-24T00:00:00+00:00,MONITOR_BAR_CLOSED,84272.4,84362.1,15m,2026-09-24 00:00:00+00:00,7.0
84320.0,84404.5,BTC-USD_UM_XPERP-310328,BTC-USD_UM_XPERP-310328|15m|2026-09-24T00:15:00+00:00,MONITOR_BAR_CLOSED,84250.0,84286.0,15m,2026-09-24 00:15:00+00:00,7.0
84327.2,84408.0,BTC-USD_UM_XPERP-310328,BTC-USD_UM_XPERP-310328|15m|2026-09-24T00:30:00+00:00,MONITOR_BAR_CLOSED,84246.3,84354.0,15m,2026-09-24 00:30:00+00:00,553.0
84286.0,85714.3,BTC-USD_UM_XPERP-310328,BTC-USD_UM_XPERP-310328|15m|2026-09-24T00:45:00+00:00,MONITOR_BAR_CLOSED,84198.6,84315.0,15m,2026-09-24 00:45:00+00:00,62.0
84252.0,84360.5,BTC-USD_UM_XPERP-310328,BTC-USD_UM_XPERP-310328|15m|2026-09-24T01:00:00+00:00,MONITOR_BAR_CLOSED,84217.8,84320.0,15m,2026-09-24 01:00:00+00:00,976.0
84238.1,84303.5,BTC-USD_UM_XPERP-310328,BTC-USD_UM_XPERP-310328|15m|2026-09-24T01:15:00+00:00,MONITOR_BAR_CLOSED,84150.9,84262.6,15m,2026-09-24 01:15:00+00:00,573.0
84116.0,84439.3,BTC-USD_UM_XPERP-310328,BTC-USD_UM_XPERP-310328|15m|2026-09-24T01:30:00+00:00,MONITOR_BAR_CLOSED,84066.7,84188.6,15m,2026-09-24 01:30:00+00:00,1785.0
84077.5,84150.0,BTC-USD_UM_XPERP-310328,BTC-USD_UM_XPERP-310328|15m|2026-09-24T01:45:00+00:00,MONITOR_BAR_CLOSED,84026.1,84101.8,15m,2026-09-24 01:45:00+00:00,883.0
83912.0,84067.1,BTC-USD_UM_XPERP-310328,BTC-USD_UM_XPERP-310328|15m|2026-09-24T02:00:00+00:00,MONITOR_BAR_CLOSED,83710.0,84067.1,15m,2026-09-24 02:00:00+00:00,2529.0
84124.5,84213.7,BTC-USD_UM_XPERP-310328,BTC-USD_UM_XPERP-310328|15m|2026-09-24T02:15:00+00:00,MONITOR_BAR_CLOSED,83931.4,83931.4,15m,2026-09-24 02:15:00+00:00,683.0
84298.0,84303.1,BTC-USD_UM_XPERP-310328,BTC-USD_UM_XPERP-310328|15m|2026-09-24T02:30:00+00:00,MONITOR_BAR_CLOSED,84115.6,84115.6,15m,2026-09-24 02:30:00+00:00,913.0
84322.0,84329.6,BTC-USD_UM_XPERP-310328,BTC-USD_UM_XPERP-310328|15m|2026-09-24T02:45:00+00:00,MONITOR_BAR_CLOSED,84290.8,84290.8,15m,2026-09-24 02:45:00+00:00,118.0
84261.3,84425.0,BTC-USD_UM_XPERP-310328,BTC-USD_UM_XPERP-310328|15m|2026-09-24T03:00:00+00:00,MONITOR_BAR_CLOSED,84194.3,84319.1,15m,2026-09-24 03:00:00+00:00,564.0
84014.0,84300.2,BTC-USD_UM_XPERP-310328,BTC-USD_UM_XPERP-310328|15m|2026-09-24T03:15:00+00:00,MONITOR_BAR_CLOSED,83965.0,84266.7,15m,2026-09-24 03:15:00+00:00,525.0
83974.4,84025.2,BTC-USD_UM_XPERP-310328,BTC-USD_UM_XPERP-310328|15m|2026-09-24T03:30:00+00:00,MONITOR_BAR_CLOSED,83843.3,84025.2,15m,2026-09-24 03:30:00+00:00,963.0
83880.0,83989.5,BTC-USD_UM_XPERP-310328,BTC-USD_UM_XPERP-310328|15m|2026-09-24T03:45:00+00:00,MONITOR_BAR_CLOSED,83828.6,83974.4,15m,2026-09-24 03:45:00+00:00,662.0
83784.3,83915.4,BTC-USD_UM_XPERP-310328,BTC-USD_UM_XPERP-310328|15m|2026-09-24T04:00:00+00:00,MONITOR_BAR_CLOSED,83770.5,83898.9,15m,2026-09-24 04:00:00+00:00,1704.0
83890.8,83891.8,BTC-USD_UM_XPERP-310328,BTC-USD_UM_XPERP-310328|15m|2026-09-24T04:15:00+00:00,MONITOR_BAR_CLOSED,83761.2,83788.5,15m,2026-09-24 04:15:00+00:00,829.0
83847.4,83900.0,BTC-USD_UM_XPERP-310328,BTC-USD_UM_XPERP-310328|15m|2026-09-24T04:30:00+00:00,MONITOR_BAR_CLOSED,83819.8,83898.6,15m,2026-09-24 04:30:00+00:00,240.0
84006.2,84019.4,BTC-USD_UM_XPERP-310328,BTC-USD_UM_XPERP-310328|15m|2026-09-24T04:45:00+00:00,MONITOR_BAR_CLOSED,83756.1,83840.0,15m,2026-09-24 04:45:00+00:00,624.0
84159.2,84325.4,BTC-USD_UM_XPERP-310328,BTC-USD_UM_XPERP-310328|15m|2026-09-24T05:00:00+00:00,MONITOR_BAR_CLOSED,84019.6,84019.6,15m,2026-09-24 05:00:00+00:00,1418.0
84155.4,84190.1,BTC-USD_UM_XPERP-310328,BTC-USD_UM_XPERP-310328|15m|2026-09-24T05:15:00+00:00,MONITOR_BAR_CLOSED,84087.2,84156.8,15m,2026-09-24 05:15:00+00:00,619.0
84133.3,84222.3,BTC-USD_UM_XPERP-310328,BTC-USD_UM_XPERP-310328|15m|2026-09-24T05:30:00+00:00,MONITOR_BAR_CLOSED,84062.0,84116.0,15m,2026-09-24 05:30:00+00:00,136.0
83960.8,84190.2,BTC-USD_UM_XPERP-310328,BTC-USD_UM_XPERP-310328|15m|2026-09-24T05:45:00+00:00,MONITOR_BAR_CLOSED,83922.9,84155.7,15m,2026-09-24 05:45:00+00:00,1343.0
84082.0,84144.7,BTC-USD_UM_XPERP-310328,BTC-USD_UM_XPERP-310328|15m|2026-09-24T06:00:00+00:00,MONITOR_BAR_CLOSED,83872.3,83912.0,15m,2026-09-24 06:00:00+00:00,1706.0
84156.9,84156.9,BTC-USD_UM_XPERP-310328,BTC-USD_UM_XPERP-310328|15m|2026-09-24T06:15:00+00:00,MONITOR_BAR_CLOSED,84003.8,84067.1,15m,2026-09-24 06:15:00+00:00,940.0
84145.6,84187.5,BTC-USD_UM_XPERP-310328,BTC-USD_UM_XPERP-310328|15m|2026-09-24T06:30:00+00:00,MONITOR_BAR_CLOSED,84116.0,84155.2,15m,2026-09-24 06:30:00+00:00,325.0
84079.2,84129.7,BTC-USD_UM_XPERP-310328,BTC-USD_UM_XPERP-310328|15m|2026-09-24T06:45:00+00:00,MONITOR_BAR_CLOSED,84034.3,84128.6,15m,2026-09-24 06:45:00+00:00,311.0
84048.0,84085.7,BTC-USD_UM_XPERP-310328,BTC-USD_UM_XPERP-310328|15m|2026-09-24T07:00:00+00:00,MONITOR_BAR_CLOSED,83904.4,84068.4,15m,2026-09-24 07:00:00+00:00,460.0
84360.5,84360.5,BTC-USD_UM_XPERP-310328,BTC-USD_UM_XPERP-310328|15m|2026-09-24T07:15:00+00:00,MONITOR_BAR_CLOSED,84048.3,84048.3,15m,2026-09-24 07:15:00+00:00,396.0
84376.9,84500.1,BTC-USD_UM_XPERP-310328,BTC-USD_UM_XPERP-310328|15m|2026-09-24T07:30:00+00:00,MONITOR_BAR_CLOSED,84327.1,84366.1,15m,2026-09-24 07:30:00+00:00,1357.0
84490.0,84558.0,BTC-USD_UM_XPERP-310328,BTC-USD_UM_XPERP-310328|15m|2026-09-24T07:45:00+00:00,MONITOR_BAR_CLOSED,84321.5,84371.8,15m,2026-09-24 07:45:00+00:00,657.0
84356.0,84548.6,BTC-USD_UM_XPERP-310328,BTC-USD_UM_XPERP-310328|15m|2026-09-24T08:00:00+00:00,MONITOR_BAR_CLOSED,84356.0,84484.2,15m,2026-09-24 08:00:00+00:00,287.0
83800.0,84400.0,BTC-USD_UM_XPERP-310328,BTC-USD_UM_XPERP-310328|15m|2026-09-24T08:15:00+00:00,MONITOR_BAR_CLOSED,83800.0,84356.8,15m,2026-09-24 08:15:00+00:00,654.0
83722.8,83947.9,BTC-USD_UM_XPERP-310328,BTC-USD_UM_XPERP-310328|15m|2026-09-24T08:30:00+00:00,MONITOR_BAR_CLOSED,83639.5,83794.3,15m,2026-09-24 08:30:00+00:00,1634.0
83606.0,83707.1,BTC-USD_UM_XPERP-310328,BTC-USD_UM_XPERP-310328|15m|2026-09-24T08:45:00+00:00,MONITOR_BAR_CLOSED,83323.8,83700.2,15m,2026-09-24 08:45:00+00:00,2944.0
83432.2,83693.6,BTC-USD_UM_XPERP-310328,BTC-USD_UM_XPERP-310328|15m|2026-09-24T09:00:00+00:00,MONITOR_BAR_CLOSED,83432.2,83620.0,15m,2026-09-24 09:00:00+00:00,2121.0
83315.4,83470.8,BTC-USD_UM_XPERP-310328,BTC-USD_UM_XPERP-310328|15m|2026-09-24T09:15:00+00:00,MONITOR_BAR_CLOSED,83310.1,83425.9,15m,2026-09-24 09:15:00+00:00,2164.0
83069.6,83314.4,BTC-USD_UM_XPERP-310328,BTC-USD_UM_XPERP-310328|15m|2026-09-24T09:30:00+00:00,MONITOR_BAR_CLOSED,82888.9,83314.4,15m,2026-09-24 09:30:00+00:00,5334.0
83220.4,83228.1,BTC-USD_UM_XPERP-310328,BTC-USD_UM_XPERP-310328|15m|2026-09-24T09:45:00+00:00,MONITOR_BAR_CLOSED,80357.1,83121.2,15m,2026-09-24 09:45:00+00:00,1237.0
83200.0,83344.9,BTC-USD_UM_XPERP-310328,BTC-USD_UM_XPERP-310328|15m|2026-09-24T10:00:00+00:00,MONITOR_BAR_CLOSED,83119.9,83220.0,15m,2026-09-24 10:00:00+00:00,1630.0
83215.0,83350.4,BTC-USD_UM_XPERP-310328,BTC-USD_UM_XPERP-310328|15m|2026-09-24T10:15:00+00:00,MONITOR_BAR_CLOSED,83157.2,83211.4,15m,2026-09-24 10:15:00+00:00,1506.0
83355.6,83396.0,BTC-USD_UM_XPERP-310328,BTC-USD_UM_XPERP-310328|15m|2026-09-24T10:30:00+00:00,MONITOR_BAR_CLOSED,83114.4,83178.3,15m,2026-09-24 10:30:00+00:00,1251.0
83473.1,83530.1,BTC-USD_UM_XPERP-310328,BTC-USD_UM_XPERP-310328|15m|2026-09-24T10:45:00+00:00,MONITOR_BAR_CLOSED,83334.0,83348.0,15m,2026-09-24 10:45:00+00:00,1613.0
83525.0,83571.4,BTC-USD_UM_XPERP-310328,BTC-USD_UM_XPERP-310328|15m|2026-09-24T11:00:00+00:00,MONITOR_BAR_CLOSED,83475.0,83500.0,15m,2026-09-24 11:00:00+00:00,1200.0
83488.0,83551.8,BTC-USD_UM_XPERP-310328,BTC-USD_UM_XPERP-310328|15m|2026-09-24T11:15:00+00:00,MONITOR_BAR_CLOSED,83483.8,83504.3,15m,2026-09-24 11:15:00+00:00,944.0
83410.2,83487.8,BTC-USD_UM_XPERP-310328,BTC-USD_UM_XPERP-310328|15m|2026-09-24T11:30:00+00:00,MONITOR_BAR_CLOSED,83365.7,83480.2,15m,2026-09-24 11:30:00+00:00,480.0
83497.7,83497.7,BTC-USD_UM_XPERP-310328,BTC-USD_UM_XPERP-310328|15m|2026-09-24T11:45:00+00:00,MONITOR_BAR_CLOSED,83365.7,83417.1,15m,2026-09-24 11:45:00+00:00,279.0
83469.7,83548.1,BTC-USD_UM_XPERP-310328,BTC-USD_UM_XPERP-310328|15m|2026-09-24T12:00:00+00:00,MONITOR_BAR_CLOSED,83350.1,83440.0,15m,2026-09-24 12:00:00+00:00,743.0
83486.1,83622.9,BTC-USD_UM_XPERP-310328,BTC-USD_UM_XPERP-310328|15m|2026-09-24T12:15:00+00:00,MONITOR_BAR_CLOSED,83480.0,83480.0,15m,2026-09-24 12:15:00+00:00,625.0
83417.1,83532.0,BTC-USD_UM_XPERP-310328,BTC-USD_UM_XPERP-310328|15m|2026-09-24T12:30:00+00:00,MONITOR_BAR_CLOSED,83297.4,83514.9,15m,2026-09-24 12:30:00+00:00,853.0
83572.8,83606.0,BTC-USD_UM_XPERP-310328,BTC-USD_UM_XPERP-310328|15m|2026-09-24T12:45:00+00:00,MONITOR_BAR_CLOSED,83389.9,83457.8,15m,2026-09-24 12:45:00+00:00,357.0
83701.3,83709.5,BTC-USD_UM_XPERP-310328,BTC-USD_UM_XPERP-310328|15m|2026-09-24T13:00:00+00:00,MONITOR_BAR_CLOSED,83562.1,83562.1,15m,2026-09-24 13:00:00+00:00,931.0
83729.5,83912.0,BTC-USD_UM_XPERP-310328,BTC-USD_UM_XPERP-310328|15m|2026-09-24T13:15:00+00:00,MONITOR_BAR_CLOSED,83710.4,83713.4,15m,2026-09-24 13:15:00+00:00,585.0
83932.7,84271.6,BTC-USD_UM_XPERP-310328,BTC-USD_UM_XPERP-310328|15m|2026-09-24T13:30:00+00:00,MONITOR_BAR_CLOSED,83713.4,83726.3,15m,2026-09-24 13:30:00+00:00,3729.0
84193.1,84199.6,BTC-USD_UM_XPERP-310328,BTC-USD_UM_XPERP-310328|15m|2026-09-24T13:45:00+00:00,MONITOR_BAR_CLOSED,83828.4,83900.4,15m,2026-09-24 13:45:00+00:00,4127.0
84212.6,84310.0,BTC-USD_UM_XPERP-310328,BTC-USD_UM_XPERP-310328|15m|2026-09-24T14:00:00+00:00,MONITOR_BAR_CLOSED,84101.1,84200.0,15m,2026-09-24 14:00:00+00:00,3391.0
84780.3,84857.4,BTC-USD_UM_XPERP-310328,BTC-USD_UM_XPERP-310328|15m|2026-09-24T14:15:00+00:00,MONITOR_BAR_CLOSED,84100.4,84160.0,15m,2026-09-24 14:15:00+00:00,3814.0
84354.0,84829.2,BTC-USD_UM_XPERP-310328,BTC-USD_UM_XPERP-310328|15m|2026-09-24T14:30:00+00:00,MONITOR_BAR_CLOSED,84354.0,84809.6,15m,2026-09-24 14:30:00+00:00,3535.0
83640.5,85153.8,BTC-USD_UM_XPERP-310328,BTC-USD_UM_XPERP-310328|15m|2026-09-24T14:45:00+00:00,MONITOR_BAR_CLOSED,83404.3,84367.9,15m,2026-09-24 14:45:00+00:00,5261.0
83855.0,83887.5,BTC-USD_UM_XPERP-310328,BTC-USD_UM_XPERP-310328|15m|2026-09-24T15:00:00+00:00,MONITOR_BAR_CLOSED,83474.1,83625.3,15m,2026-09-24 15:00:00+00:00,5710.0
84077.6,84197.2,BTC-USD_UM_XPERP-310328,BTC-USD_UM_XPERP-310328|15m|2026-09-24T15:15:00+00:00,MONITOR_BAR_CLOSED,83858.1,83864.3,15m,2026-09-24 15:15:00+00:00,4196.0
84372.5,84404.8,BTC-USD_UM_XPERP-310328,BTC-USD_UM_XPERP-310328|15m|2026-09-24T15:30:00+00:00,MONITOR_BAR_CLOSED,84061.0,84061.0,15m,2026-09-24 15:30:00+00:00,2873.0
84366.1,84431.8,BTC-USD_UM_XPERP-310328,BTC-USD_UM_XPERP-310328|15m|2026-09-24T15:45:00+00:00,MONITOR_BAR_CLOSED,84250.5,84377.6,15m,2026-09-24 15:45:00+00:00,1803.0
84133.3,84371.7,BTC-USD_UM_XPERP-310328,BTC-USD_UM_XPERP-310328|15m|2026-09-24T16:00:00+00:00,MONITOR_BAR_CLOSED,84007.3,84371.7,15m,2026-09-24 16:00:00+00:00,2080.0
84674.7,84795.0,BTC-USD_UM_XPERP-310328,BTC-USD_UM_XPERP-310328|15m|2026-09-24T16:15:00+00:00,MONITOR_BAR_CLOSED,84150.0,84150.0,15m,2026-09-24 16:15:00+00:00,6185.0
84520.0,84892.0,BTC-USD_UM_XPERP-310328,BTC-USD_UM_XPERP-310328|15m|2026-09-24T16:30:00+00:00,MONITOR_BAR_CLOSED,84426.5,84659.4,15m,2026-09-24 16:30:00+00:00,3259.0
84480.0,84666.5,BTC-USD_UM_XPERP-310328,BTC-USD_UM_XPERP-310328|15m|2026-09-24T16:45:00+00:00,MONITOR_BAR_CLOSED,84399.9,84509.1,15m,2026-09-24 16:45:00+00:00,2367.0
84438.0,84510.4,BTC-USD_UM_XPERP-310328,BTC-USD_UM_XPERP-310328|15m|2026-09-24T17:00:00+00:00,MONITOR_BAR_CLOSED,84347.1,84456.0,15m,2026-09-24 17:00:00+00:00,2392.0
84298.9,84503.8,BTC-USD_UM_XPERP-310328,BTC-USD_UM_XPERP-310328|15m|2026-09-24T17:15:00+00:00,MONITOR_BAR_CLOSED,84188.6,84400.0,15m,2026-09-24 17:15:00+00:00,1900.0
84117.6,84404.2,BTC-USD_UM_XPERP-310328,BTC-USD_UM_XPERP-310328|15m|2026-09-24T17:30:00+00:00,MONITOR_BAR_CLOSED,83922.9,84314.5,15m,2026-09-24 17:30:00+00:00,740.0
84052.4,84188.6,BTC-USD_UM_XPERP-310328,BTC-USD_UM_XPERP-310328|15m|2026-09-24T17:45:00+00:00,MONITOR_BAR_CLOSED,83986.9,84100.0,15m,2026-09-24 17:45:00+00:00,982.0
84222.3,84222.3,BTC-USD_UM_XPERP-310328,BTC-USD_UM_XPERP-310328|15m|2026-09-24T18:00:00+00:00,MONITOR_BAR_CLOSED,83842.1,84074.1,15m,2026-09-24 18:00:00+00:00,1533.0
84441.4,84441.4,BTC-USD_UM_XPERP-310328,BTC-USD_UM_XPERP-310328|15m|2026-09-24T18:15:00+00:00,MONITOR_BAR_CLOSED,84240.0,84240.0,15m,2026-09-24 18:15:00+00:00,950.0
84388.0,84524.0,BTC-USD_UM_XPERP-310328,BTC-USD_UM_XPERP-310328|15m|2026-09-24T18:30:00+00:00,MONITOR_BAR_CLOSED,84220.0,84444.4,15m,2026-09-24 18:30:00+00:00,988.0
84440.0,84503.8,BTC-USD_UM_XPERP-310328,BTC-USD_UM_XPERP-310328|15m|2026-09-24T18:45:00+00:00,MONITOR_BAR_CLOSED,84329.6,84400.0,15m,2026-09-24 18:45:00+00:00,656.0
84558.0,84594.1,BTC-USD_UM_XPERP-310328,BTC-USD_UM_XPERP-310328|15m|2026-09-24T19:00:00+00:00,MONITOR_BAR_CLOSED,84266.7,84422.0,15m,2026-09-24 19:00:00+00:00,1097.0
84611.0,84620.0,BTC-USD_UM_XPERP-310328,BTC-USD_UM_XPERP-310328|15m|2026-09-24T19:15:00+00:00,MONITOR_BAR_CLOSED,84519.4,84567.6,15m,2026-09-24 19:15:00+00:00,1088.0
84395.2,84592.7,BTC-USD_UM_XPERP-310328,BTC-USD_UM_XPERP-310328|15m|2026-09-24T19:30:00+00:00,MONITOR_BAR_CLOSED,84371.0,84560.0,15m,2026-09-24 19:30:00+00:00,600.0
84362.0,84540.8,BTC-USD_UM_XPERP-310328,BTC-USD_UM_XPERP-310328|15m|2026-09-24T19:45:00+00:00,MONITOR_BAR_CLOSED,84301.7,84388.0,15m,2026-09-24 19:45:00+00:00,623.0
84218.3,84569.7,BTC-USD_UM_XPERP-310328,BTC-USD_UM_XPERP-310328|15m|2026-09-24T20:00:00+00:00,MONITOR_BAR_CLOSED,84218.3,84331.0,15m,2026-09-24 20:00:00+00:00,404.0
84218.0,84282.7,BTC-USD_UM_XPERP-310328,BTC-USD_UM_XPERP-310328|15m|2026-09-24T20:15:00+00:00,MONITOR_BAR_CLOSED,84126.2,84232.4,15m,2026-09-24 20:15:00+00:00,328.0
84363.5,84372.5,BTC-USD_UM_XPERP-310328,BTC-USD_UM_XPERP-310328|15m|2026-09-24T20:30:00+00:00,MONITOR_BAR_CLOSED,84084.6,84226.1,15m,2026-09-24 20:30:00+00:00,37.0
84333.3,84436.2,BTC-USD_UM_XPERP-310328,BTC-USD_UM_XPERP-310328|15m|2026-09-24T20:45:00+00:00,MONITOR_BAR_CLOSED,84245.5,84348.8,15m,2026-09-24 20:45:00+00:00,395.0
84333.3,84342.9,BTC-USD_UM_XPERP-310328,BTC-USD_UM_XPERP-310328|15m|2026-09-24T21:00:00+00:00,MONITOR_BAR_CLOSED,84246.3,84334.9,15m,2026-09-24 21:00:00+00:00,125.0
84381.3,84394.3,BTC-USD_UM_XPERP-310328,BTC-USD_UM_XPERP-310328|15m|2026-09-24T21:15:00+00:00,MONITOR_BAR_CLOSED,84280.0,84286.0,15m,2026-09-24 21:15:00+00:00,222.0
84432.0,84444.3,BTC-USD_UM_XPERP-310328,BTC-USD_UM_XPERP-310328|15m|2026-09-24T21:30:00+00:00,MONITOR_BAR_CLOSED,84327.2,84398.0,15m,2026-09-24 21:30:00+00:00,161.0
84292.5,84433.0,BTC-USD_UM_XPERP-310328,BTC-USD_UM_XPERP-310328|15m|2026-09-24T21:45:00+00:00,MONITOR_BAR_CLOSED,84292.5,84433.0,15m,2026-09-24 21:45:00+00:00,30.0
84287.0,84320.0,BTC-USD_UM_XPERP-310328,BTC-USD_UM_XPERP-310328|15m|2026-09-24T22:00:00+00:00,MONITOR_BAR_CLOSED,84222.3,84291.4,15m,2026-09-24 22:00:00+00:00,76.0
84085.7,84252.0,BTC-USD_UM_XPERP-310328,BTC-USD_UM_XPERP-310328|15m|2026-09-24T22:15:00+00:00,MONITOR_BAR_CLOSED,83932.7,84252.0,15m,2026-09-24 22:15:00+00:00,18.0
84099.6,84165.5,BTC-USD_UM_XPERP-310328,BTC-USD_UM_XPERP-310328|15m|2026-09-24T22:30:00+00:00,MONITOR_BAR_CLOSED,84036.9,84124.2,15m,2026-09-24 22:30:00+00:00,6.0
84222.3,84222.3,BTC-USD_UM_XPERP-310328,BTC-USD_UM_XPERP-310328|15m|2026-09-24T22:45:00+00:00,MONITOR_BAR_CLOSED,84101.3,84104.6,15m,2026-09-24 22:45:00+00:00,77.0
84227.8,84329.6,BTC-USD_UM_XPERP-310328,BTC-USD_UM_XPERP-310328|15m|2026-09-24T23:00:00+00:00,MONITOR_BAR_CLOSED,84227.8,84240.0,15m,2026-09-24 23:00:00+00:00,79.0
84407.3,84407.3,BTC-USD_UM_XPERP-310328,BTC-USD_UM_XPERP-310328|15m|2026-09-24T23:15:00+00:00,MONITOR_BAR_CLOSED,84280.0,84280.0,15m,2026-09-24 23:15:00+00:00,6.0
84370.7,84425.0,BTC-USD_UM_XPERP-310328,BTC-USD_UM_XPERP-310328|15m|2026-09-24T23:30:00+00:00,MONITOR_BAR_CLOSED,84370.7,84408.0,15m,2026-09-24 23:30:00+00:00,33.0
84356.2,84406.3,BTC-USD_UM_XPERP-310328,BTC-USD_UM_XPERP-310328|15m|2026-09-24T23:45:00+00:00,MONITOR_BAR_CLOSED,84342.3,84360.0,15m,2026-09-24 23:45:00+00:00,169.0
84603.3,84674.8,BTC-USD_UM_XPERP-310328,BTC-USD_UM_XPERP-310328|15m|2026-09-25T00:00:00+00:00,MONITOR_BAR_CLOSED,84369.5,84369.5,15m,2026-09-25 00:00:00+00:00,467.0
84620.3,84629.5,BTC-USD_UM_XPERP-310328,BTC-USD_UM_XPERP-310328|15m|2026-09-25T00:15:00+00:00,MONITOR_BAR_CLOSED,84518.0,84592.0,15m,2026-09-25 00:15:00+00:00,845.0
84588.0,84639.7,BTC-USD_UM_XPERP-310328,BTC-USD_UM_XPERP-310328|15m|2026-09-25T00:30:00+00:00,MONITOR_BAR_CLOSED,84512.1,84622.0,15m,2026-09-25 00:30:00+00:00,1170.0
84534.5,84630.0,BTC-USD_UM_XPERP-310328,BTC-USD_UM_XPERP-310328|15m|2026-09-25T00:45:00+00:00,MONITOR_BAR_CLOSED,84527.4,84560.0,15m,2026-09-25 00:45:00+00:00,1599.0
84680.0,84754.3,BTC-USD_UM_XPERP-310328,BTC-USD_UM_XPERP-310328|15m|2026-09-25T01:00:00+00:00,MONITOR_BAR_CLOSED,84554.6,84554.6,15m,2026-09-25 01:00:00+00:00,971.0
84480.0,84705.5,BTC-USD_UM_XPERP-310328,BTC-USD_UM_XPERP-310328|15m|2026-09-25T01:15:00+00:00,MONITOR_BAR_CLOSED,84470.4,84671.7,15m,2026-09-25 01:15:00+00:00,864.0
84440.0,84540.8,BTC-USD_UM_XPERP-310328,BTC-USD_UM_XPERP-310328|15m|2026-09-25T01:30:00+00:00,MONITOR_BAR_CLOSED,84329.6,84466.7,15m,2026-09-25 01:30:00+00:00,1813.0
84568.9,84596.2,BTC-USD_UM_XPERP-310328,BTC-USD_UM_XPERP-310328|15m|2026-09-25T01:45:00+00:00,MONITOR_BAR_CLOSED,84454.5,84454.5,15m,2026-09-25 01:45:00+00:00,1036.0
84800.1,84825.0,BTC-USD_UM_XPERP-310328,BTC-USD_UM_XPERP-310328|15m|2026-09-25T02:00:00+00:00,MONITOR_BAR_CLOSED,84559.1,84569.7,15m,2026-09-25 02:00:00+00:00,574.0
84661.7,84845.8,BTC-USD_UM_XPERP-310328,BTC-USD_UM_XPERP-310328|15m|2026-09-25T02:15:00+00:00,MONITOR_BAR_CLOSED,84619.3,84802.2,15m,2026-09-25 02:15:00+00:00,654.0
84451.0,84680.0,BTC-USD_UM_XPERP-310328,BTC-USD_UM_XPERP-310328|15m|2026-09-25T02:30:00+00:00,MONITOR_BAR_CLOSED,84371.0,84659.3,15m,2026-09-25 02:30:00+00:00,401.0
84184.0,84438.0,BTC-USD_UM_XPERP-310328,BTC-USD_UM_XPERP-310328|15m|2026-09-25T02:45:00+00:00,MONITOR_BAR_CLOSED,84150.0,84438.0,15m,2026-09-25 02:45:00+00:00,206.0
84225.0,84292.5,BTC-USD_UM_XPERP-310328,BTC-USD_UM_XPERP-310328|15m|2026-09-25T03:00:00+00:00,MONITOR_BAR_CLOSED,84166.5,84178.3,15m,2026-09-25 03:00:00+00:00,491.0
84116.0,84327.2,BTC-USD_UM_XPERP-310328,BTC-USD_UM_XPERP-310328|15m|2026-09-25T03:15:00+00:00,MONITOR_BAR_CLOSED,84116.0,84244.1,15m,2026-09-25 03:15:00+00:00,347.0
84188.6,84354.0,BTC-USD_UM_XPERP-310328,BTC-USD_UM_XPERP-310328|15m|2026-09-25T03:30:00+00:00,MONITOR_BAR_CLOSED,84054.0,84112.5,15m,2026-09-25 03:30:00+00:00,41.0
84201.5,84201.5,BTC-USD_UM_XPERP-310328,BTC-USD_UM_XPERP-310328|15m|2026-09-25T03:45:00+00:00,MONITOR_BAR_CLOSED,84133.3,84184.0,15m,2026-09-25 03:45:00+00:00,6.0
84040.0,84206.1,BTC-USD_UM_XPERP-310328,BTC-USD_UM_XPERP-310328|15m|2026-09-25T04:00:00+00:00,MONITOR_BAR_CLOSED,84040.0,84205.9,15m,2026-09-25 04:00:00+00:00,51.0
84101.0,84133.3,BTC-USD_UM_XPERP-310328,BTC-USD_UM_XPERP-310328|15m|2026-09-25T04:15:00+00:00,MONITOR_BAR_CLOSED,84029.9,84036.9,15m,2026-09-25 04:15:00+00:00,0.0
84243.8,84271.6,BTC-USD_UM_XPERP-310328,BTC-USD_UM_XPERP-310328|15m|2026-09-25T04:30:00+00:00,MONITOR_BAR_CLOSED,84116.0,84116.0,15m,2026-09-25 04:30:00+00:00,0.0
84162.8,84255.3,BTC-USD_UM_XPERP-310328,BTC-USD_UM_XPERP-310328|15m|2026-09-25T04:45:00+00:00,MONITOR_BAR_CLOSED,84140.3,84255.3,15m,2026-09-25 04:45:00+00:00,133.0
84188.6,84218.0,BTC-USD_UM_XPERP-310328,BTC-USD_UM_XPERP-310328|15m|2026-09-25T05:00:00+00:00,MONITOR_BAR_CLOSED,84133.3,84173.9,15m,2026-09-25 05:00:00+00:00,0.0
84150.1,84222.3,BTC-USD_UM_XPERP-310328,BTC-USD_UM_XPERP-310328|15m|2026-09-25T05:15:00+00:00,MONITOR_BAR_CLOSED,84056.1,84150.0,15m,2026-09-25 05:15:00+00:00,85.0
84218.9,84310.0,BTC-USD_UM_XPERP-310328,BTC-USD_UM_XPERP-310328|15m|2026-09-25T05:30:00+00:00,MONITOR_BAR_CLOSED,84081.2,84156.6,15m,2026-09-25 05:30:00+00:00,190.0
84165.5,84246.2,BTC-USD_UM_XPERP-310328,BTC-USD_UM_XPERP-310328|15m|2026-09-25T05:45:00+00:00,MONITOR_BAR_CLOSED,84165.5,84226.5,15m,2026-09-25 05:45:00+00:00,9.0
84070.0,84188.6,BTC-USD_UM_XPERP-310328,BTC-USD_UM_XPERP-310328|15m|2026-09-25T06:00:00+00:00,MONITOR_BAR_CLOSED,83935.7,84160.0,15m,2026-09-25 06:00:00+00:00,962.0
84082.0,84246.3,BTC-USD_UM_XPERP-310328,BTC-USD_UM_XPERP-310328|15m|2026-09-25T06:15:00+00:00,MONITOR_BAR_CLOSED,84034.3,84080.0,15m,2026-09-25 06:15:00+00:00,267.0
83983.3,84069.0,BTC-USD_UM_XPERP-310328,BTC-USD_UM_XPERP-310328|15m|2026-09-25T06:30:00+00:00,MONITOR_BAR_CLOSED,83898.6,84069.0,15m,2026-09-25 06:30:00+00:00,273.0
84014.0,84040.0,BTC-USD_UM_XPERP-310328,BTC-USD_UM_XPERP-310328|15m|2026-09-25T06:45:00+00:00,MONITOR_BAR_CLOSED,83972.1,83992.4,15m,2026-09-25 06:45:00+00:00,506.0
83793.1,84054.0,BTC-USD_UM_XPERP-310328,BTC-USD_UM_XPERP-310328|15m|2026-09-25T07:00:00+00:00,MONITOR_BAR_CLOSED,83718.1,84005.0,15m,2026-09-25 07:00:00+00:00,312.0
84014.0,84014.0,BTC-USD_UM_XPERP-310328,BTC-USD_UM_XPERP-310328|15m|2026-09-25T07:15:00+00:00,MONITOR_BAR_CLOSED,83788.0,83791.7,15m,2026-09-25 07:15:00+00:00,402.0
83878.0,84058.1,BTC-USD_UM_XPERP-310328,BTC-USD_UM_XPERP-310328|15m|2026-09-25T07:30:00+00:00,MONITOR_BAR_CLOSED,83781.2,84019.6,15m,2026-09-25 07:30:00+00:00,328.0
84014.0,84048.0,BTC-USD_UM_XPERP-310328,BTC-USD_UM_XPERP-310328|15m|2026-09-25T07:45:00+00:00,MONITOR_BAR_CLOSED,83879.2,83879.5,15m,2026-09-25 07:45:00+00:00,419.0
84080.0,84150.0,BTC-USD_UM_XPERP-310328,BTC-USD_UM_XPERP-310328|15m|2026-09-25T08:00:00+00:00,MONITOR_BAR_CLOSED,83922.9,84000.0,15m,2026-09-25 08:00:00+00:00,910.0
84390.8,84437.9,BTC-USD_UM_XPERP-310328,BTC-USD_UM_XPERP-310328|15m|2026-09-25T08:15:00+00:00,MONITOR_BAR_CLOSED,84096.7,84096.7,15m,2026-09-25 08:15:00+00:00,1464.0
84278.1,84416.2,BTC-USD_UM_XPERP-310328,BTC-USD_UM_XPERP-310328|15m|2026-09-25T08:30:00+00:00,MONITOR_BAR_CLOSED,84273.2,84388.1,15m,2026-09-25 08:30:00+00:00,430.0
84388.0,84441.4,BTC-USD_UM_XPERP-310328,BTC-USD_UM_XPERP-310328|15m|2026-09-25T08:45:00+00:00,MONITOR_BAR_CLOSED,84255.1,84276.0,15m,2026-09-25 08:45:00+00:00,119.0
84558.0,84680.0,BTC-USD_UM_XPERP-310328,BTC-USD_UM_XPERP-310328|15m|2026-09-25T09:00:00+00:00,MONITOR_BAR_CLOSED,84384.7,84384.7,15m,2026-09-25 09:00:00+00:00,155.0
84784.2,84784.2,BTC-USD_UM_XPERP-310328,BTC-USD_UM_XPERP-310328|15m|2026-09-25T09:15:00+00:00,MONITOR_BAR_CLOSED,84508.9,84573.9,15m,2026-09-25 09:15:00+00:00,14.0
84564.5,84775.4,BTC-USD_UM_XPERP-310328,BTC-USD_UM_XPERP-310328|15m|2026-09-25T09:30:00+00:00,MONITOR_BAR_CLOSED,84564.5,84774.2,15m,2026-09-25 09:30:00+00:00,96.0
84540.0,84609.9,BTC-USD_UM_XPERP-310328,BTC-USD_UM_XPERP-310328|15m|2026-09-25T09:45:00+00:00,MONITOR_BAR_CLOSED,84540.0,84599.2,15m,2026-09-25 09:45:00+00:00,158.0
84466.7,84534.2,BTC-USD_UM_XPERP-310328,BTC-USD_UM_XPERP-310328|15m|2026-09-25T10:00:00+00:00,MONITOR_BAR_CLOSED,84360.0,84534.2,15m,2026-09-25 10:00:00+00:00,100.0
84688.7,84703.1,BTC-USD_UM_XPERP-310328,BTC-USD_UM_XPERP-310328|15m|2026-09-25T10:15:00+00:00,MONITOR_BAR_CLOSED,84418.4,84422.0,15m,2026-09-25 10:15:00+00:00,226.0
84720.0,84776.0,BTC-USD_UM_XPERP-310328,BTC-USD_UM_XPERP-310328|15m|2026-09-25T10:30:00+00:00,MONITOR_BAR_CLOSED,84622.0,84715.7,15m,2026-09-25 10:30:00+00:00,608.0
84682.0,84817.7,BTC-USD_UM_XPERP-310328,BTC-USD_UM_XPERP-310328|15m|2026-09-25T10:45:00+00:00,MONITOR_BAR_CLOSED,84674.9,84743.7,15m,2026-09-25 10:45:00+00:00,396.0
85184.4,85184.4,BTC-USD_UM_XPERP-310328,BTC-USD_UM_XPERP-310328|15m|2026-09-25T11:00:00+00:00,MONITOR_BAR_CLOSED,84666.7,84682.2,15m,2026-09-25 11:00:00+00:00,1323.0
84907.9,85225.7,BTC-USD_UM_XPERP-310328,BTC-USD_UM_XPERP-310328|15m|2026-09-25T11:15:00+00:00,MONITOR_BAR_CLOSED,83696.6,85189.9,15m,2026-09-25 11:15:00+00:00,666.0
84688.7,84921.0,BTC-USD_UM_XPERP-310328,BTC-USD_UM_XPERP-310328|15m|2026-09-25T11:30:00+00:00,MONITOR_BAR_CLOSED,84685.9,84880.0,15m,2026-09-25 11:30:00+00:00,680.0
84540.8,84702.9,BTC-USD_UM_XPERP-310328,BTC-USD_UM_XPERP-310328|15m|2026-09-25T11:45:00+00:00,MONITOR_BAR_CLOSED,84540.8,84688.6,15m,2026-09-25 11:45:00+00:00,762.0
84341.8,84672.5,BTC-USD_UM_XPERP-310328,BTC-USD_UM_XPERP-310328|15m|2026-09-25T12:00:00+00:00,MONITOR_BAR_CLOSED,84199.2,84540.0,15m,2026-09-25 12:00:00+00:00,1665.0
84360.5,84360.5,BTC-USD_UM_XPERP-310328,BTC-USD_UM_XPERP-310328|15m|2026-09-25T12:15:00+00:00,MONITOR_BAR_CLOSED,82800.0,84330.0,15m,2026-09-25 12:15:00+00:00,4220.0
84403.6,84500.9,BTC-USD_UM_XPERP-310328,BTC-USD_UM_XPERP-310328|15m|2026-09-25T12:30:00+00:00,MONITOR_BAR_CLOSED,84316.5,84367.5,15m,2026-09-25 12:30:00+00:00,3164.0
84422.8,84519.2,BTC-USD_UM_XPERP-310328,BTC-USD_UM_XPERP-310328|15m|2026-09-25T12:45:00+00:00,MONITOR_BAR_CLOSED,84319.9,84394.3,15m,2026-09-25 12:45:00+00:00,2711.0
84388.0,84528.8,BTC-USD_UM_XPERP-310328,BTC-USD_UM_XPERP-310328|15m|2026-09-25T13:00:00+00:00,MONITOR_BAR_CLOSED,84300.2,84422.0,15m,2026-09-25 13:00:00+00:00,1032.0
84066.7,84519.0,BTC-USD_UM_XPERP-310328,BTC-USD_UM_XPERP-310328|15m|2026-09-25T13:15:00+00:00,MONITOR_BAR_CLOSED,84066.7,84422.0,15m,2026-09-25 13:15:00+00:00,2172.0
83954.9,84263.7,BTC-USD_UM_XPERP-310328,BTC-USD_UM_XPERP-310328|15m|2026-09-25T13:30:00+00:00,MONITOR_BAR_CLOSED,83766.5,84060.6,15m,2026-09-25 13:30:00+00:00,6482.0
83881.7,84050.2,BTC-USD_UM_XPERP-310328,BTC-USD_UM_XPERP-310328|15m|2026-09-25T13:45:00+00:00,MONITOR_BAR_CLOSED,83516.0,83956.1,15m,2026-09-25 13:45:00+00:00,3641.0
83538.0,83958.1,BTC-USD_UM_XPERP-310328,BTC-USD_UM_XPERP-310328|15m|2026-09-25T14:00:00+00:00,MONITOR_BAR_CLOSED,83175.9,83869.0,15m,2026-09-25 14:00:00+00:00,6486.0
83610.2,83759.8,BTC-USD_UM_XPERP-310328,BTC-USD_UM_XPERP-310328|15m|2026-09-25T14:15:00+00:00,MONITOR_BAR_CLOSED,83439.3,83546.4,15m,2026-09-25 14:15:00+00:00,6647.0
83636.7,83891.8,BTC-USD_UM_XPERP-310328,BTC-USD_UM_XPERP-310328|15m|2026-09-25T14:30:00+00:00,MONITOR_BAR_CLOSED,83612.6,83627.0,15m,2026-09-25 14:30:00+00:00,4135.0
83977.3,83977.3,BTC-USD_UM_XPERP-310328,BTC-USD_UM_XPERP-310328|15m|2026-09-25T14:45:00+00:00,MONITOR_BAR_CLOSED,83520.4,83636.8,15m,2026-09-25 14:45:00+00:00,3547.0
83960.0,84046.2,BTC-USD_UM_XPERP-310328,BTC-USD_UM_XPERP-310328|15m|2026-09-25T15:00:00+00:00,MONITOR_BAR_CLOSED,83718.0,83960.3,15m,2026-09-25 15:00:00+00:00,3568.0
83734.4,83964.5,BTC-USD_UM_XPERP-310328,BTC-USD_UM_XPERP-310328|15m|2026-09-25T15:15:00+00:00,MONITOR_BAR_CLOSED,83695.5,83939.3,15m,2026-09-25 15:15:00+00:00,3960.0
83455.8,83844.0,BTC-USD_UM_XPERP-310328,BTC-USD_UM_XPERP-310328|15m|2026-09-25T15:30:00+00:00,MONITOR_BAR_CLOSED,83421.7,83736.0,15m,2026-09-25 15:30:00+00:00,3736.0
83752.3,83752.3,BTC-USD_UM_XPERP-310328,BTC-USD_UM_XPERP-310328|15m|2026-09-25T15:45:00+00:00,MONITOR_BAR_CLOSED,83326.7,83433.3,15m,2026-09-25 15:45:00+00:00,4035.0
83945.2,84026.3,BTC-USD_UM_XPERP-310328,BTC-USD_UM_XPERP-310328|15m|2026-09-25T16:00:00+00:00,MONITOR_BAR_CLOSED,83753.4,83753.4,15m,2026-09-25 16:00:00+00:00,1331.0
83946.0,84068.4,BTC-USD_UM_XPERP-310328,BTC-USD_UM_XPERP-310328|15m|2026-09-25T16:15:00+00:00,MONITOR_BAR_CLOSED,83915.9,83980.0,15m,2026-09-25 16:15:00+00:00,1041.0
83878.0,84630.1,BTC-USD_UM_XPERP-310328,BTC-USD_UM_XPERP-310328|15m|2026-09-25T16:30:00+00:00,MONITOR_BAR_CLOSED,83789.7,83934.9,15m,2026-09-25 16:30:00+00:00,1310.0
83704.9,83866.3,BTC-USD_UM_XPERP-310328,BTC-USD_UM_XPERP-310328|15m|2026-09-25T16:45:00+00:00,MONITOR_BAR_CLOSED,83684.9,83864.5,15m,2026-09-25 16:45:00+00:00,864.0
83912.0,83912.0,BTC-USD_UM_XPERP-310328,BTC-USD_UM_XPERP-310328|15m|2026-09-25T17:00:00+00:00,MONITOR_BAR_CLOSED,83733.3,83742.0,15m,2026-09-25 17:00:00+00:00,361.0
83662.2,83940.1,BTC-USD_UM_XPERP-310328,BTC-USD_UM_XPERP-310328|15m|2026-09-25T17:15:00+00:00,MONITOR_BAR_CLOSED,83662.2,83920.0,15m,2026-09-25 17:15:00+00:00,90.0
83760.0,83810.6,BTC-USD_UM_XPERP-310328,BTC-USD_UM_XPERP-310328|15m|2026-09-25T17:30:00+00:00,MONITOR_BAR_CLOSED,83601.3,83648.4,15m,2026-09-25 17:30:00+00:00,6.0
83756.6,83756.6,BTC-USD_UM_XPERP-310328,BTC-USD_UM_XPERP-310328|15m|2026-09-25T17:45:00+00:00,MONITOR_BAR_CLOSED,83666.7,83754.3,15m,2026-09-25 17:45:00+00:00,15.0
83966.4,83978.2,BTC-USD_UM_XPERP-310328,BTC-USD_UM_XPERP-310328|15m|2026-09-25T18:00:00+00:00,MONITOR_BAR_CLOSED,83760.0,83760.0,15m,2026-09-25 18:00:00+00:00,97.0
83916.9,84040.0,BTC-USD_UM_XPERP-310328,BTC-USD_UM_XPERP-310328|15m|2026-09-25T18:15:00+00:00,MONITOR_BAR_CLOSED,83861.7,83969.7,15m,2026-09-25 18:15:00+00:00,1151.0
83931.4,83980.0,BTC-USD_UM_XPERP-310328,BTC-USD_UM_XPERP-310328|15m|2026-09-25T18:30:00+00:00,MONITOR_BAR_CLOSED,83876.7,83931.4,15m,2026-09-25 18:30:00+00:00,265.0
83928.1,83964.4,BTC-USD_UM_XPERP-310328,BTC-USD_UM_XPERP-310328|15m|2026-09-25T18:45:00+00:00,MONITOR_BAR_CLOSED,83899.2,83946.0,15m,2026-09-25 18:45:00+00:00,286.0
84004.4,84004.4,BTC-USD_UM_XPERP-310328,BTC-USD_UM_XPERP-310328|15m|2026-09-25T19:00:00+00:00,MONITOR_BAR_CLOSED,83892.5,83895.5,15m,2026-09-25 19:00:00+00:00,166.0
83962.2,83986.6,BTC-USD_UM_XPERP-310328,BTC-USD_UM_XPERP-310328|15m|2026-09-25T19:15:00+00:00,MONITOR_BAR_CLOSED,83920.0,83960.0,15m,2026-09-25 19:15:00+00:00,208.0
83935.7,84030.0,BTC-USD_UM_XPERP-310328,BTC-USD_UM_XPERP-310328|15m|2026-09-25T19:30:00+00:00,MONITOR_BAR_CLOSED,83915.2,83965.9,15m,2026-09-25 19:30:00+00:00,263.0
83970.1,84026.3,BTC-USD_UM_XPERP-310328,BTC-USD_UM_XPERP-310328|15m|2026-09-25T19:45:00+00:00,MONITOR_BAR_CLOSED,83955.1,83960.0,15m,2026-09-25 19:45:00+00:00,873.0
83934.4,84000.0,BTC-USD_UM_XPERP-310328,BTC-USD_UM_XPERP-310328|15m|2026-09-25T20:00:00+00:00,MONITOR_BAR_CLOSED,83842.1,83964.1,15m,2026-09-25 20:00:00+00:00,280.0
84026.6,84059.5,BTC-USD_UM_XPERP-310328,BTC-USD_UM_XPERP-310328|15m|2026-09-25T20:15:00+00:00,MONITOR_BAR_CLOSED,83938.1,83938.1,15m,2026-09-25 20:15:00+00:00,13.0
84057.4,84145.3,BTC-USD_UM_XPERP-310328,BTC-USD_UM_XPERP-310328|15m|2026-09-25T20:30:00+00:00,MONITOR_BAR_CLOSED,84007.1,84007.1,15m,2026-09-25 20:30:00+00:00,379.0
83844.0,84052.0,BTC-USD_UM_XPERP-310328,BTC-USD_UM_XPERP-310328|15m|2026-09-25T20:45:00+00:00,MONITOR_BAR_CLOSED,83804.5,84052.0,15m,2026-09-25 20:45:00+00:00,503.0
83674.0,83886.7,BTC-USD_UM_XPERP-310328,BTC-USD_UM_XPERP-310328|15m|2026-09-25T21:00:00+00:00,MONITOR_BAR_CLOSED,83622.2,83878.0,15m,2026-09-25 21:00:00+00:00,583.0
83742.0,83742.0,BTC-USD_UM_XPERP-310328,BTC-USD_UM_XPERP-310328|15m|2026-09-25T21:15:00+00:00,MONITOR_BAR_CLOSED,83595.4,83640.0,15m,2026-09-25 21:15:00+00:00,349.0
83792.3,83792.3,BTC-USD_UM_XPERP-310328,BTC-USD_UM_XPERP-310328|15m|2026-09-25T21:30:00+00:00,MONITOR_BAR_CLOSED,83680.4,83745.5,15m,2026-09-25 21:30:00+00:00,204.0
83747.7,83844.0,BTC-USD_UM_XPERP-310328,BTC-USD_UM_XPERP-310328|15m|2026-09-25T21:45:00+00:00,MONITOR_BAR_CLOSED,83743.3,83777.6,15m,2026-09-25 21:45:00+00:00,73.0
83898.6,83898.6,BTC-USD_UM_XPERP-310328,BTC-USD_UM_XPERP-310328|15m|2026-09-25T22:00:00+00:00,MONITOR_BAR_CLOSED,83738.0,83755.9,15m,2026-09-25 22:00:00+00:00,14.0
83865.0,83939.0,BTC-USD_UM_XPERP-310328,BTC-USD_UM_XPERP-310328|15m|2026-09-25T22:15:00+00:00,MONITOR_BAR_CLOSED,83865.0,83899.9,15m,2026-09-25 22:15:00+00:00,8.0
84043.7,84060.2,BTC-USD_UM_XPERP-310328,BTC-USD_UM_XPERP-310328|15m|2026-09-25T22:30:00+00:00,MONITOR_BAR_CLOSED,83912.0,83912.0,15m,2026-09-25 22:30:00+00:00,157.0
84037.2,84085.7,BTC-USD_UM_XPERP-310328,BTC-USD_UM_XPERP-310328|15m|2026-09-25T22:45:00+00:00,MONITOR_BAR_CLOSED,84034.3,84048.3,15m,2026-09-25 22:45:00+00:00,204.0
84030.8,84041.6,BTC-USD_UM_XPERP-310328,BTC-USD_UM_XPERP-310328|15m|2026-09-25T23:00:00+00:00,MONITOR_BAR_CLOSED,84030.8,84031.6,15m,2026-09-25 23:00:00+00:00,78.0
84056.1,84056.1,BTC-USD_UM_XPERP-310328,BTC-USD_UM_XPERP-310328|15m|2026-09-25T23:15:00+00:00,MONITOR_BAR_CLOSED,83972.9,84014.0,15m,2026-09-25 23:15:00+00:00,50.0
84056.1,84056.1,BTC-USD_UM_XPERP-310328,BTC-USD_UM_XPERP-310328|15m|2026-09-25T23:30:00+00:00,MONITOR_BAR_CLOSED,84056.1,84056.1,15m,2026-09-25 23:30:00+00:00,0.0
84049.1,84049.1,BTC-USD_UM_XPERP-310328,BTC-USD_UM_XPERP-310328|15m|2026-09-25T23:45:00+00:00,MONITOR_BAR_CLOSED,84009.2,84014.0,15m,2026-09-25 23:45:00+00:00,137.0
84021.8,84100.0,BTC-USD_UM_XPERP-310328,BTC-USD_UM_XPERP-310328|15m|2026-09-26T00:00:00+00:00,MONITOR_BAR_CLOSED,84014.0,84033.6,15m,2026-09-26 00:00:00+00:00,370.0
83903.4,84014.0,BTC-USD_UM_XPERP-310328,BTC-USD_UM_XPERP-310328|15m|2026-09-26T00:15:00+00:00,MONITOR_BAR_CLOSED,83894.4,84014.0,15m,2026-09-26 00:15:00+00:00,8.0
83840.0,83909.5,BTC-USD_UM_XPERP-310328,BTC-USD_UM_XPERP-310328|15m|2026-09-26T00:30:00+00:00,MONITOR_BAR_CLOSED,83680.4,83909.5,15m,2026-09-26 00:30:00+00:00,54.0
83880.1,83905.5,BTC-USD_UM_XPERP-310328,BTC-USD_UM_XPERP-310328|15m|2026-09-26T00:45:00+00:00,MONITOR_BAR_CLOSED,83860.0,83878.0,15m,2026-09-26 00:45:00+00:00,51.0
83920.0,83940.1,BTC-USD_UM_XPERP-310328,BTC-USD_UM_XPERP-310328|15m|2026-09-26T01:00:00+00:00,MONITOR_BAR_CLOSED,83868.3,83871.9,15m,2026-09-26 01:00:00+00:00,89.0
83917.0,83946.0,BTC-USD_UM_XPERP-310328,BTC-USD_UM_XPERP-310328|15m|2026-09-26T01:15:00+00:00,MONITOR_BAR_CLOSED,83908.9,83931.4,15m,2026-09-26 01:15:00+00:00,301.0
84011.2,84044.4,BTC-USD_UM_XPERP-310328,BTC-USD_UM_XPERP-310328|15m|2026-09-26T01:30:00+00:00,MONITOR_BAR_CLOSED,83907.9,83907.9,15m,2026-09-26 01:30:00+00:00,16.0
84043.9,84043.9,BTC-USD_UM_XPERP-310328,BTC-USD_UM_XPERP-310328|15m|2026-09-26T01:45:00+00:00,MONITOR_BAR_CLOSED,83994.7,84019.9,15m,2026-09-26 01:45:00+00:00,103.0
84087.2,84087.2,BTC-USD_UM_XPERP-310328,BTC-USD_UM_XPERP-310328|15m|2026-09-26T02:00:00+00:00,MONITOR_BAR_CLOSED,83940.1,84000.0,15m,2026-09-26 02:00:00+00:00,0.0
83986.8,84090.2,BTC-USD_UM_XPERP-310328,BTC-USD_UM_XPERP-310328|15m|2026-09-26T02:15:00+00:00,MONITOR_BAR_CLOSED,83986.8,84090.2,15m,2026-09-26 02:15:00+00:00,161.0
83988.9,84016.8,BTC-USD_UM_XPERP-310328,BTC-USD_UM_XPERP-310328|15m|2026-09-26T02:30:00+00:00,MONITOR_BAR_CLOSED,83959.9,83982.9,15m,2026-09-26 02:30:00+00:00,57.0
83980.0,84018.5,BTC-USD_UM_XPERP-310328,BTC-USD_UM_XPERP-310328|15m|2026-09-26T02:45:00+00:00,MONITOR_BAR_CLOSED,83980.0,84014.0,15m,2026-09-26 02:45:00+00:00,64.0
83891.8,83970.0,BTC-USD_UM_XPERP-310328,BTC-USD_UM_XPERP-310328|15m|2026-09-26T03:00:00+00:00,MONITOR_BAR_CLOSED,83891.8,83970.0,15m,2026-09-26 03:00:00+00:00,14.0
83996.2,83999.3,BTC-USD_UM_XPERP-310328,BTC-USD_UM_XPERP-310328|15m|2026-09-26T03:15:00+00:00,MONITOR_BAR_CLOSED,83886.5,83890.2,15m,2026-09-26 03:15:00+00:00,91.0
83920.0,84014.0,BTC-USD_UM_XPERP-310328,BTC-USD_UM_XPERP-310328|15m|2026-09-26T03:30:00+00:00,MONITOR_BAR_CLOSED,83920.0,84000.0,15m,2026-09-26 03:30:00+00:00,0.0
83904.3,83912.0,BTC-USD_UM_XPERP-310328,BTC-USD_UM_XPERP-310328|15m|2026-09-26T03:45:00+00:00,MONITOR_BAR_CLOSED,83904.3,83912.0,15m,2026-09-26 03:45:00+00:00,0.0
83974.6,83974.6,BTC-USD_UM_XPERP-310328,BTC-USD_UM_XPERP-310328|15m|2026-09-26T04:00:00+00:00,MONITOR_BAR_CLOSED,83946.0,83946.0,15m,2026-09-26 04:00:00+00:00,9.0
83853.9,84003.8,BTC-USD_UM_XPERP-310328,BTC-USD_UM_XPERP-310328|15m|2026-09-26T04:15:00+00:00,MONITOR_BAR_CLOSED,83853.9,83980.0,15m,2026-09-26 04:15:00+00:00,17.0
83946.0,83946.0,BTC-USD_UM_XPERP-310328,BTC-USD_UM_XPERP-310328|15m|2026-09-26T04:30:00+00:00,MONITOR_BAR_CLOSED,83828.6,83850.0,15m,2026-09-26 04:30:00+00:00,0.0
83935.7,83950.2,BTC-USD_UM_XPERP-310328,BTC-USD_UM_XPERP-310328|15m|2026-09-26T04:45:00+00:00,MONITOR_BAR_CLOSED,83935.7,83950.0,15m,2026-09-26 04:45:00+00:00,0.0
83932.5,83972.9,BTC-USD_UM_XPERP-310328,BTC-USD_UM_XPERP-310328|15m|2026-09-26T05:00:00+00:00,MONITOR_BAR_CLOSED,83912.0,83952.2,15m,2026-09-26 05:00:00+00:00,37.0
83912.0,83952.3,BTC-USD_UM_XPERP-310328,BTC-USD_UM_XPERP-310328|15m|2026-09-26T05:15:00+00:00,MONITOR_BAR_CLOSED,83869.0,83904.1,15m,2026-09-26 05:15:00+00:00,0.0
83920.0,83920.0,BTC-USD_UM_XPERP-310328,BTC-USD_UM_XPERP-310328|15m|2026-09-26T05:30:00+00:00,MONITOR_BAR_CLOSED,83853.9,83885.8,15m,2026-09-26 05:30:00+00:00,0.0
83878.2,83946.0,BTC-USD_UM_XPERP-310328,BTC-USD_UM_XPERP-310328|15m|2026-09-26T05:45:00+00:00,MONITOR_BAR_CLOSED,83875.2,83920.1,15m,2026-09-26 05:45:00+00:00,0.0
83897.4,83897.5,BTC-USD_UM_XPERP-310328,BTC-USD_UM_XPERP-310328|15m|2026-09-26T06:00:00+00:00,MONITOR_BAR_CLOSED,83851.3,83871.7,15m,2026-09-26 06:00:00+00:00,68.0
83880.0,83880.0,BTC-USD_UM_XPERP-310328,BTC-USD_UM_XPERP-310328|15m|2026-09-26T06:15:00+00:00,MONITOR_BAR_CLOSED,83837.9,83852.8,15m,2026-09-26 06:15:00+00:00,37.0
83896.1,83937.9,BTC-USD_UM_XPERP-310328,BTC-USD_UM_XPERP-310328|15m|2026-09-26T06:30:00+00:00,MONITOR_BAR_CLOSED,83866.7,83912.0,15m,2026-09-26 06:30:00+00:00,66.0
83867.0,83889.8,BTC-USD_UM_XPERP-310328,BTC-USD_UM_XPERP-310328|15m|2026-09-26T06:45:00+00:00,MONITOR_BAR_CLOSED,83867.0,83880.5,15m,2026-09-26 06:45:00+00:00,8.0
83973.6,83982.9,BTC-USD_UM_XPERP-310328,BTC-USD_UM_XPERP-310328|15m|2026-09-26T07:00:00+00:00,MONITOR_BAR_CLOSED,83912.0,83912.0,15m,2026-09-26 07:00:00+00:00,0.0
83973.0,83982.8,BTC-USD_UM_XPERP-310328,BTC-USD_UM_XPERP-310328|15m|2026-09-26T07:15:00+00:00,MONITOR_BAR_CLOSED,83959.9,83964.2,15m,2026-09-26 07:15:00+00:00,6.0
84001.3,84026.3,BTC-USD_UM_XPERP-310328,BTC-USD_UM_XPERP-310328|15m|2026-09-26T07:30:00+00:00,MONITOR_BAR_CLOSED,83975.0,83975.0,15m,2026-09-26 07:30:00+00:00,8.0
84088.7,84088.8,BTC-USD_UM_XPERP-310328,BTC-USD_UM_XPERP-310328|15m|2026-09-26T07:45:00+00:00,MONITOR_BAR_CLOSED,84023.8,84023.8,15m,2026-09-26 07:45:00+00:00,8.0
84016.1,84050.4,BTC-USD_UM_XPERP-310328,BTC-USD_UM_XPERP-310328|15m|2026-09-26T08:00:00+00:00,MONITOR_BAR_CLOSED,84014.0,84050.4,15m,2026-09-26 08:00:00+00:00,0.0
84066.7,84066.7,BTC-USD_UM_XPERP-310328,BTC-USD_UM_XPERP-310328|15m|2026-09-26T08:15:00+00:00,MONITOR_BAR_CLOSED,83990.5,84006.9,15m,2026-09-26 08:15:00+00:00,7.0
84252.0,84289.8,BTC-USD_UM_XPERP-310328,BTC-USD_UM_XPERP-310328|15m|2026-09-26T08:30:00+00:00,MONITOR_BAR_CLOSED,84080.0,84080.0,15m,2026-09-26 08:30:00+00:00,44.0
84165.5,84218.0,BTC-USD_UM_XPERP-310328,BTC-USD_UM_XPERP-310328|15m|2026-09-26T08:45:00+00:00,MONITOR_BAR_CLOSED,84165.5,84218.0,15m,2026-09-26 08:45:00+00:00,0.0
83984.2,84160.0,BTC-USD_UM_XPERP-310328,BTC-USD_UM_XPERP-310328|15m|2026-09-26T09:00:00+00:00,MONITOR_BAR_CLOSED,83946.0,84160.0,15m,2026-09-26 09:00:00+00:00,136.0
83998.8,83998.8,BTC-USD_UM_XPERP-310328,BTC-USD_UM_XPERP-310328|15m|2026-09-26T09:15:00+00:00,MONITOR_BAR_CLOSED,83920.0,83966.2,15m,2026-09-26 09:15:00+00:00,175.0
83979.9,84014.0,BTC-USD_UM_XPERP-310328,BTC-USD_UM_XPERP-310328|15m|2026-09-26T09:30:00+00:00,MONITOR_BAR_CLOSED,83946.0,83946.0,15m,2026-09-26 09:30:00+00:00,125.0
83972.5,83972.6,BTC-USD_UM_XPERP-310328,BTC-USD_UM_XPERP-310328|15m|2026-09-26T09:45:00+00:00,MONITOR_BAR_CLOSED,83972.5,83972.6,15m,2026-09-26 09:45:00+00:00,0.0
84085.7,84085.7,BTC-USD_UM_XPERP-310328,BTC-USD_UM_XPERP-310328|15m|2026-09-26T10:00:00+00:00,MONITOR_BAR_CLOSED,83996.5,83996.6,15m,2026-09-26 10:00:00+00:00,1.0
84102.0,84165.5,BTC-USD_UM_XPERP-310328,BTC-USD_UM_XPERP-310328|15m|2026-09-26T10:15:00+00:00,MONITOR_BAR_CLOSED,84080.0,84100.0,15m,2026-09-26 10:15:00+00:00,23.0
84100.0,84127.3,BTC-USD_UM_XPERP-310328,BTC-USD_UM_XPERP-310328|15m|2026-09-26T10:30:00+00:00,MONITOR_BAR_CLOSED,84075.4,84097.0,15m,2026-09-26 10:30:00+00:00,73.0
84125.1,84131.1,BTC-USD_UM_XPERP-310328,BTC-USD_UM_XPERP-310328|15m|2026-09-26T10:45:00+00:00,MONITOR_BAR_CLOSED,84113.7,84131.1,15m,2026-09-26 10:45:00+00:00,9.0
84114.4,84148.1,BTC-USD_UM_XPERP-310328,BTC-USD_UM_XPERP-310328|15m|2026-09-26T11:00:00+00:00,MONITOR_BAR_CLOSED,84095.4,84137.1,15m,2026-09-26 11:00:00+00:00,29.0
84116.0,84166.7,BTC-USD_UM_XPERP-310328,BTC-USD_UM_XPERP-310328|15m|2026-09-26T11:15:00+00:00,MONITOR_BAR_CLOSED,84114.3,84114.3,15m,2026-09-26 11:15:00+00:00,92.0
84126.5,84153.2,BTC-USD_UM_XPERP-310328,BTC-USD_UM_XPERP-310328|15m|2026-09-26T11:30:00+00:00,MONITOR_BAR_CLOSED,84092.3,84092.3,15m,2026-09-26 11:30:00+00:00,33.0
84137.9,84137.9,BTC-USD_UM_XPERP-310328,BTC-USD_UM_XPERP-310328|15m|2026-09-26T11:45:00+00:00,MONITOR_BAR_CLOSED,84137.7,84137.9,15m,2026-09-26 11:45:00+00:00,0.0
84082.8,84137.1,BTC-USD_UM_XPERP-310328,BTC-USD_UM_XPERP-310328|15m|2026-09-26T12:00:00+00:00,MONITOR_BAR_CLOSED,84056.1,84116.0,15m,2026-09-26 12:00:00+00:00,15.0
84054.0,84150.0,BTC-USD_UM_XPERP-310328,BTC-USD_UM_XPERP-310328|15m|2026-09-26T12:15:00+00:00,MONITOR_BAR_CLOSED,84054.0,84116.0,15m,2026-09-26 12:15:00+00:00,25.0
84006.0,84059.9,BTC-USD_UM_XPERP-310328,BTC-USD_UM_XPERP-310328|15m|2026-09-26T12:30:00+00:00,MONITOR_BAR_CLOSED,84004.8,84059.4,15m,2026-09-26 12:30:00+00:00,14.0
84019.7,84019.9,BTC-USD_UM_XPERP-310328,BTC-USD_UM_XPERP-310328|15m|2026-09-26T12:45:00+00:00,MONITOR_BAR_CLOSED,84013.5,84013.7,15m,2026-09-26 12:45:00+00:00,2.0
83962.3,84085.7,BTC-USD_UM_XPERP-310328,BTC-USD_UM_XPERP-310328|15m|2026-09-26T13:00:00+00:00,MONITOR_BAR_CLOSED,83922.9,84048.0,15m,2026-09-26 13:00:00+00:00,80.0
83896.8,83989.5,BTC-USD_UM_XPERP-310328,BTC-USD_UM_XPERP-310328|15m|2026-09-26T13:15:00+00:00,MONITOR_BAR_CLOSED,83847.4,83965.5,15m,2026-09-26 13:15:00+00:00,193.0
83887.6,83903.2,BTC-USD_UM_XPERP-310328,BTC-USD_UM_XPERP-310328|15m|2026-09-26T13:30:00+00:00,MONITOR_BAR_CLOSED,83828.6,83875.1,15m,2026-09-26 13:30:00+00:00,77.0
83912.0,83934.2,BTC-USD_UM_XPERP-310328,BTC-USD_UM_XPERP-310328|15m|2026-09-26T13:45:00+00:00,MONITOR_BAR_CLOSED,83898.1,83898.1,15m,2026-09-26 13:45:00+00:00,41.0
83900.0,83946.0,BTC-USD_UM_XPERP-310328,BTC-USD_UM_XPERP-310328|15m|2026-09-26T14:00:00+00:00,MONITOR_BAR_CLOSED,83887.9,83901.4,15m,2026-09-26 14:00:00+00:00,0.0
83946.0,83946.0,BTC-USD_UM_XPERP-310328,BTC-USD_UM_XPERP-310328|15m|2026-09-26T14:15:00+00:00,MONITOR_BAR_CLOSED,83922.2,83922.2,15m,2026-09-26 14:15:00+00:00,2.0
83976.0,83983.7,BTC-USD_UM_XPERP-310328,BTC-USD_UM_XPERP-310328|15m|2026-09-26T14:30:00+00:00,MONITOR_BAR_CLOSED,83600.0,83953.8,15m,2026-09-26 14:30:00+00:00,9.0
84000.1,84005.3,BTC-USD_UM_XPERP-310328,BTC-USD_UM_XPERP-310328|15m|2026-09-26T14:45:00+00:00,MONITOR_BAR_CLOSED,83957.9,83973.8,15m,2026-09-26 14:45:00+00:00,7.0
83981.4,83993.9,BTC-USD_UM_XPERP-310328,BTC-USD_UM_XPERP-310328|15m|2026-09-26T15:00:00+00:00,MONITOR_BAR_CLOSED,83974.7,83974.9,15m,2026-09-26 15:00:00+00:00,2.0
84014.0,84014.0,BTC-USD_UM_XPERP-310328,BTC-USD_UM_XPERP-310328|15m|2026-09-26T15:15:00+00:00,MONITOR_BAR_CLOSED,84004.4,84004.4,15m,2026-09-26 15:15:00+00:00,0.0
84066.7,84144.7,BTC-USD_UM_XPERP-310328,BTC-USD_UM_XPERP-310328|15m|2026-09-26T15:30:00+00:00,MONITOR_BAR_CLOSED,84019.6,84019.6,15m,2026-09-26 15:30:00+00:00,95.0
84104.0,84106.1,BTC-USD_UM_XPERP-310328,BTC-USD_UM_XPERP-310328|15m|2026-09-26T15:45:00+00:00,MONITOR_BAR_CLOSED,82888.9,84091.1,15m,2026-09-26 15:45:00+00:00,24.0
84085.6,84106.9,BTC-USD_UM_XPERP-310328,BTC-USD_UM_XPERP-310328|15m|2026-09-26T16:00:00+00:00,MONITOR_BAR_CLOSED,84070.4,84106.0,15m,2026-09-26 16:00:00+00:00,14.0
84069.6,84093.4,BTC-USD_UM_XPERP-310328,BTC-USD_UM_XPERP-310328|15m|2026-09-26T16:15:00+00:00,MONITOR_BAR_CLOSED,84069.6,84085.3,15m,2026-09-26 16:15:00+00:00,0.0
84103.2,84112.3,BTC-USD_UM_XPERP-310328,BTC-USD_UM_XPERP-310328|15m|2026-09-26T16:30:00+00:00,MONITOR_BAR_CLOSED,84069.5,84069.5,15m,2026-09-26 16:30:00+00:00,10.0
84080.7,84116.0,BTC-USD_UM_XPERP-310328,BTC-USD_UM_XPERP-310328|15m|2026-09-26T16:45:00+00:00,MONITOR_BAR_CLOSED,84065.3,84092.4,15m,2026-09-26 16:45:00+00:00,22.0
84045.0,84064.2,BTC-USD_UM_XPERP-310328,BTC-USD_UM_XPERP-310328|15m|2026-09-26T17:00:00+00:00,MONITOR_BAR_CLOSED,84015.6,84064.2,15m,2026-09-26 17:00:00+00:00,91.0
84022.8,84080.0,BTC-USD_UM_XPERP-310328,BTC-USD_UM_XPERP-310328|15m|2026-09-26T17:15:00+00:00,MONITOR_BAR_CLOSED,84003.4,84080.0,15m,2026-09-26 17:15:00+00:00,27.0
84063.1,84166.7,BTC-USD_UM_XPERP-310328,BTC-USD_UM_XPERP-310328|15m|2026-09-26T17:30:00+00:00,MONITOR_BAR_CLOSED,83990.9,84048.0,15m,2026-09-26 17:30:00+00:00,11.0
84085.7,84085.7,BTC-USD_UM_XPERP-310328,BTC-USD_UM_XPERP-310328|15m|2026-09-26T17:45:00+00:00,MONITOR_BAR_CLOSED,84066.7,84066.7,15m,2026-09-26 17:45:00+00:00,0.0
84069.7,84117.8,BTC-USD_UM_XPERP-310328,BTC-USD_UM_XPERP-310328|15m|2026-09-26T18:00:00+00:00,MONITOR_BAR_CLOSED,84069.7,84088.3,15m,2026-09-26 18:00:00+00:00,0.0
84028.1,84061.6,BTC-USD_UM_XPERP-310328,BTC-USD_UM_XPERP-310328|15m|2026-09-26T18:15:00+00:00,MONITOR_BAR_CLOSED,84026.3,84061.4,15m,2026-09-26 18:15:00+00:00,2.0
83971.0,84030.1,BTC-USD_UM_XPERP-310328,BTC-USD_UM_XPERP-310328|15m|2026-09-26T18:30:00+00:00,MONITOR_BAR_CLOSED,83971.0,84030.0,15m,2026-09-26 18:30:00+00:00,7.0
83973.7,83983.4,BTC-USD_UM_XPERP-310328,BTC-USD_UM_XPERP-310328|15m|2026-09-26T18:45:00+00:00,MONITOR_BAR_CLOSED,83956.1,83983.4,15m,2026-09-26 18:45:00+00:00,7.0
83980.0,84017.2,BTC-USD_UM_XPERP-310328,BTC-USD_UM_XPERP-310328|15m|2026-09-26T19:00:00+00:00,MONITOR_BAR_CLOSED,83980.0,84000.0,15m,2026-09-26 19:00:00+00:00,92.0
84000.0,84000.0,BTC-USD_UM_XPERP-310328,BTC-USD_UM_XPERP-310328|15m|2026-09-26T19:15:00+00:00,MONITOR_BAR_CLOSED,83989.6,83997.7,15m,2026-09-26 19:15:00+00:00,0.0
83980.0,84006.2,BTC-USD_UM_XPERP-310328,BTC-USD_UM_XPERP-310328|15m|2026-09-26T19:30:00+00:00,MONITOR_BAR_CLOSED,83945.2,84006.2,15m,2026-09-26 19:30:00+00:00,8.0
83980.0,83980.0,BTC-USD_UM_XPERP-310328,BTC-USD_UM_XPERP-310328|15m|2026-09-26T19:45:00+00:00,MONITOR_BAR_CLOSED,83980.0,83980.0,15m,2026-09-26 19:45:00+00:00,0.0
83981.3,84014.0,BTC-USD_UM_XPERP-310328,BTC-USD_UM_XPERP-310328|15m|2026-09-26T20:00:00+00:00,MONITOR_BAR_CLOSED,83946.0,83980.4,15m,2026-09-26 20:00:00+00:00,4.0
84044.4,84044.4,BTC-USD_UM_XPERP-310328,BTC-USD_UM_XPERP-310328|15m|2026-09-26T20:15:00+00:00,MONITOR_BAR_CLOSED,83972.3,83972.5,15m,2026-09-26 20:15:00+00:00,8.0
83834.2,84054.9,BTC-USD_UM_XPERP-310328,BTC-USD_UM_XPERP-310328|15m|2026-09-26T20:30:00+00:00,MONITOR_BAR_CLOSED,83761.2,84048.0,15m,2026-09-26 20:30:00+00:00,8.0
83993.5,84000.0,BTC-USD_UM_XPERP-310328,BTC-USD_UM_XPERP-310328|15m|2026-09-26T20:45:00+00:00,MONITOR_BAR_CLOSED,83761.2,83828.6,15m,2026-09-26 20:45:00+00:00,9.0
84070.6,84070.6,BTC-USD_UM_XPERP-310328,BTC-USD_UM_XPERP-310328|15m|2026-09-26T21:00:00+00:00,MONITOR_BAR_CLOSED,83999.0,83999.2,15m,2026-09-26 21:00:00+00:00,0.0
84143.3,84143.3,BTC-USD_UM_XPERP-310328,BTC-USD_UM_XPERP-310328|15m|2026-09-26T21:15:00+00:00,MONITOR_BAR_CLOSED,84065.7,84079.9,15m,2026-09-26 21:15:00+00:00,0.0
84112.5,84209.2,BTC-USD_UM_XPERP-310328,BTC-USD_UM_XPERP-310328|15m|2026-09-26T21:30:00+00:00,MONITOR_BAR_CLOSED,84112.5,84144.7,15m,2026-09-26 21:30:00+00:00,30.0
84075.7,84127.1,BTC-USD_UM_XPERP-310328,BTC-USD_UM_XPERP-310328|15m|2026-09-26T21:45:00+00:00,MONITOR_BAR_CLOSED,84010.0,84127.1,15m,2026-09-26 21:45:00+00:00,21.0
84308.4,84356.3,BTC-USD_UM_XPERP-310328,BTC-USD_UM_XPERP-310328|15m|2026-09-26T22:00:00+00:00,MONITOR_BAR_CLOSED,84109.0,84109.2,15m,2026-09-26 22:00:00+00:00,26.0
84291.4,84666.7,BTC-USD_UM_XPERP-310328,BTC-USD_UM_XPERP-310328|15m|2026-09-26T22:15:00+00:00,MONITOR_BAR_CLOSED,84209.7,84270.8,15m,2026-09-26 22:15:00+00:00,53.0
84249.0,84252.0,BTC-USD_UM_XPERP-310328,BTC-USD_UM_XPERP-310328|15m|2026-09-26T22:30:00+00:00,MONITOR_BAR_CLOSED,84228.1,84252.0,15m,2026-09-26 22:30:00+00:00,0.0
84240.0,84291.4,BTC-USD_UM_XPERP-310328,BTC-USD_UM_XPERP-310328|15m|2026-09-26T22:45:00+00:00,MONITOR_BAR_CLOSED,84240.0,84280.0,15m,2026-09-26 22:45:00+00:00,0.0
84320.0,84333.3,BTC-USD_UM_XPERP-310328,BTC-USD_UM_XPERP-310328|15m|2026-09-26T23:00:00+00:00,MONITOR_BAR_CLOSED,84240.2,84240.2,15m,2026-09-26 23:00:00+00:00,8.0
84313.7,84408.0,BTC-USD_UM_XPERP-310328,BTC-USD_UM_XPERP-310328|15m|2026-09-26T23:15:00+00:00,MONITOR_BAR_CLOSED,84292.9,84342.9,15m,2026-09-26 23:15:00+00:00,371.0
84308.1,84394.3,BTC-USD_UM_XPERP-310328,BTC-USD_UM_XPERP-310328|15m|2026-09-26T23:30:00+00:00,MONITOR_BAR_CLOSED,84308.1,84354.0,15m,2026-09-26 23:30:00+00:00,69.0
84394.3,84394.3,BTC-USD_UM_XPERP-310328,BTC-USD_UM_XPERP-310328|15m|2026-09-26T23:45:00+00:00,MONITOR_BAR_CLOSED,84307.7,84307.7,15m,2026-09-26 23:45:00+00:00,67.0
84279.6,84397.0,BTC-USD_UM_XPERP-310328,BTC-USD_UM_XPERP-310328|15m|2026-09-27T00:00:00+00:00,MONITOR_BAR_CLOSED,84279.6,84384.1,15m,2026-09-27 00:00:00+00:00,166.0
84212.2,84271.6,BTC-USD_UM_XPERP-310328,BTC-USD_UM_XPERP-310328|15m|2026-09-27T00:15:00+00:00,MONITOR_BAR_CLOSED,84212.2,84271.6,15m,2026-09-27 00:15:00+00:00,24.0
84317.0,84342.5,BTC-USD_UM_XPERP-310328,BTC-USD_UM_XPERP-310328|15m|2026-09-27T00:30:00+00:00,MONITOR_BAR_CLOSED,84239.8,84239.8,15m,2026-09-27 00:30:00+00:00,140.0
84253.1,84291.0,BTC-USD_UM_XPERP-310328,BTC-USD_UM_XPERP-310328|15m|2026-09-27T00:45:00+00:00,MONITOR_BAR_CLOSED,84252.0,84291.0,15m,2026-09-27 00:45:00+00:00,105.0
84342.9,84342.9,BTC-USD_UM_XPERP-310328,BTC-USD_UM_XPERP-310328|15m|2026-09-27T01:00:00+00:00,MONITOR_BAR_CLOSED,84240.0,84260.4,15m,2026-09-27 01:00:00+00:00,7.0
84290.4,84360.5,BTC-USD_UM_XPERP-310328,BTC-USD_UM_XPERP-310328|15m|2026-09-27T01:15:00+00:00,MONITOR_BAR_CLOSED,84286.0,84354.0,15m,2026-09-27 01:15:00+00:00,103.0
84360.5,84360.5,BTC-USD_UM_XPERP-310328,BTC-USD_UM_XPERP-310328|15m|2026-09-27T01:30:00+00:00,MONITOR_BAR_CLOSED,84256.9,84280.0,15m,2026-09-27 01:30:00+00:00,35.0
84440.0,84533.3,BTC-USD_UM_XPERP-310328,BTC-USD_UM_XPERP-310328|15m|2026-09-27T01:45:00+00:00,MONITOR_BAR_CLOSED,84371.0,84371.0,15m,2026-09-27 01:45:00+00:00,683.0
84440.0,84497.1,BTC-USD_UM_XPERP-310328,BTC-USD_UM_XPERP-310328|15m|2026-09-27T02:00:00+00:00,MONITOR_BAR_CLOSED,84408.0,84442.1,15m,2026-09-27 02:00:00+00:00,77.0
84480.0,84499.9,BTC-USD_UM_XPERP-310328,BTC-USD_UM_XPERP-310328|15m|2026-09-27T02:15:00+00:00,MONITOR_BAR_CLOSED,84422.0,84445.6,15m,2026-09-27 02:15:00+00:00,53.0
84429.0,84496.3,BTC-USD_UM_XPERP-310328,BTC-USD_UM_XPERP-310328|15m|2026-09-27T02:30:00+00:00,MONITOR_BAR_CLOSED,84429.0,84496.3,15m,2026-09-27 02:30:00+00:00,16.0
84411.5,84432.1,BTC-USD_UM_XPERP-310328,BTC-USD_UM_XPERP-310328|15m|2026-09-27T02:45:00+00:00,MONITOR_BAR_CLOSED,84400.0,84432.1,15m,2026-09-27 02:45:00+00:00,36.0
84438.7,84466.7,BTC-USD_UM_XPERP-310328,BTC-USD_UM_XPERP-310328|15m|2026-09-27T03:00:00+00:00,MONITOR_BAR_CLOSED,84412.8,84412.8,15m,2026-09-27 03:00:00+00:00,7.0
84334.6,84422.0,BTC-USD_UM_XPERP-310328,BTC-USD_UM_XPERP-310328|15m|2026-09-27T03:15:00+00:00,MONITOR_BAR_CLOSED,84334.6,84422.0,15m,2026-09-27 03:15:00+00:00,62.0
84360.3,84394.3,BTC-USD_UM_XPERP-310328,BTC-USD_UM_XPERP-310328|15m|2026-09-27T03:30:00+00:00,MONITOR_BAR_CLOSED,84354.0,84380.0,15m,2026-09-27 03:30:00+00:00,45.0
84369.4,84369.4,BTC-USD_UM_XPERP-310328,BTC-USD_UM_XPERP-310328|15m|2026-09-27T03:45:00+00:00,MONITOR_BAR_CLOSED,84342.9,84357.6,15m,2026-09-27 03:45:00+00:00,140.0
84470.3,84474.3,BTC-USD_UM_XPERP-310328,BTC-USD_UM_XPERP-310328|15m|2026-09-27T04:00:00+00:00,MONITOR_BAR_CLOSED,84355.4,84355.4,15m,2026-09-27 04:00:00+00:00,79.0
84382.1,84450.0,BTC-USD_UM_XPERP-310328,BTC-USD_UM_XPERP-310328|15m|2026-09-27T04:15:00+00:00,MONITOR_BAR_CLOSED,84382.1,84450.0,15m,2026-09-27 04:15:00+00:00,24.0
84277.4,84381.9,BTC-USD_UM_XPERP-310328,BTC-USD_UM_XPERP-310328|15m|2026-09-27T04:30:00+00:00,MONITOR_BAR_CLOSED,84277.4,84381.9,15m,2026-09-27 04:30:00+00:00,107.0
84296.7,84312.0,BTC-USD_UM_XPERP-310328,BTC-USD_UM_XPERP-310328|15m|2026-09-27T04:45:00+00:00,MONITOR_BAR_CLOSED,84269.7,84274.5,15m,2026-09-27 04:45:00+00:00,24.0
84337.0,84360.5,BTC-USD_UM_XPERP-310328,BTC-USD_UM_XPERP-310328|15m|2026-09-27T05:00:00+00:00,MONITOR_BAR_CLOSED,84286.6,84286.6,15m,2026-09-27 05:00:00+00:00,0.0
84357.0,84364.2,BTC-USD_UM_XPERP-310328,BTC-USD_UM_XPERP-310328|15m|2026-09-27T05:15:00+00:00,MONITOR_BAR_CLOSED,84357.0,84364.2,15m,2026-09-27 05:15:00+00:00,0.0
84480.0,84595.7,BTC-USD_UM_XPERP-310328,BTC-USD_UM_XPERP-310328|15m|2026-09-27T05:30:00+00:00,MONITOR_BAR_CLOSED,84371.0,84371.0,15m,2026-09-27 05:30:00+00:00,822.0
84443.7,84524.0,BTC-USD_UM_XPERP-310328,BTC-USD_UM_XPERP-310328|15m|2026-09-27T05:45:00+00:00,MONITOR_BAR_CLOSED,84427.4,84520.0,15m,2026-09-27 05:45:00+00:00,136.0
84548.9,84562.1,BTC-USD_UM_XPERP-310328,BTC-USD_UM_XPERP-310328|15m|2026-09-27T06:00:00+00:00,MONITOR_BAR_CLOSED,84441.5,84441.5,15m,2026-09-27 06:00:00+00:00,92.0
84552.1,84593.5,BTC-USD_UM_XPERP-310328,BTC-USD_UM_XPERP-310328|15m|2026-09-27T06:15:00+00:00,MONITOR_BAR_CLOSED,84520.0,84548.8,15m,2026-09-27 06:15:00+00:00,77.0
84466.7,84524.0,BTC-USD_UM_XPERP-310328,BTC-USD_UM_XPERP-310328|15m|2026-09-27T06:30:00+00:00,MONITOR_BAR_CLOSED,84466.7,84524.0,15m,2026-09-27 06:30:00+00:00,20.0
84458.0,84515.6,BTC-USD_UM_XPERP-310328,BTC-USD_UM_XPERP-310328|15m|2026-09-27T06:45:00+00:00,MONITOR_BAR_CLOSED,84427.4,84494.4,15m,2026-09-27 06:45:00+00:00,0.0
84498.0,84498.0,BTC-USD_UM_XPERP-310328,BTC-USD_UM_XPERP-310328|15m|2026-09-27T07:00:00+00:00,MONITOR_BAR_CLOSED,84479.3,84480.0,15m,2026-09-27 07:00:00+00:00,24.0
84483.6,84495.9,BTC-USD_UM_XPERP-310328,BTC-USD_UM_XPERP-310328|15m|2026-09-27T07:15:00+00:00,MONITOR_BAR_CLOSED,84445.7,84495.9,15m,2026-09-27 07:15:00+00:00,15.0
84555.1,84576.7,BTC-USD_UM_XPERP-310328,BTC-USD_UM_XPERP-310328|15m|2026-09-27T07:30:00+00:00,MONITOR_BAR_CLOSED,84490.0,84490.0,15m,2026-09-27 07:30:00+00:00,154.0
84740.2,84740.2,BTC-USD_UM_XPERP-310328,BTC-USD_UM_XPERP-310328|15m|2026-09-27T07:45:00+00:00,MONITOR_BAR_CLOSED,84586.4,84586.4,15m,2026-09-27 07:45:00+00:00,198.0
84758.1,84804.6,BTC-USD_UM_XPERP-310328,BTC-USD_UM_XPERP-310328|15m|2026-09-27T08:00:00+00:00,MONITOR_BAR_CLOSED,84680.0,84703.7,15m,2026-09-27 08:00:00+00:00,62.0
84758.1,84825.0,BTC-USD_UM_XPERP-310328,BTC-USD_UM_XPERP-310328|15m|2026-09-27T08:15:00+00:00,MONITOR_BAR_CLOSED,84710.6,84792.4,15m,2026-09-27 08:15:00+00:00,281.0
84644.2,84839.2,BTC-USD_UM_XPERP-310328,BTC-USD_UM_XPERP-310328|15m|2026-09-27T08:30:00+00:00,MONITOR_BAR_CLOSED,84644.2,84760.0,15m,2026-09-27 08:30:00+00:00,104.0
84770.0,84770.0,BTC-USD_UM_XPERP-310328,BTC-USD_UM_XPERP-310328|15m|2026-09-27T08:45:00+00:00,MONITOR_BAR_CLOSED,84670.0,84689.4,15m,2026-09-27 08:45:00+00:00,16.0
84626.0,84728.0,BTC-USD_UM_XPERP-310328,BTC-USD_UM_XPERP-310328|15m|2026-09-27T09:00:00+00:00,MONITOR_BAR_CLOSED,84547.1,84728.0,15m,2026-09-27 09:00:00+00:00,0.0
84659.9,84660.0,BTC-USD_UM_XPERP-310328,BTC-USD_UM_XPERP-310328|15m|2026-09-27T09:15:00+00:00,MONITOR_BAR_CLOSED,84586.9,84633.6,15m,2026-09-27 09:15:00+00:00,202.0
84754.3,84754.3,BTC-USD_UM_XPERP-310328,BTC-USD_UM_XPERP-310328|15m|2026-09-27T09:30:00+00:00,MONITOR_BAR_CLOSED,84666.7,84666.7,15m,2026-09-27 09:30:00+00:00,93.0
84908.6,84912.3,BTC-USD_UM_XPERP-310328,BTC-USD_UM_XPERP-310328|15m|2026-09-27T09:45:00+00:00,MONITOR_BAR_CLOSED,84758.1,84758.1,15m,2026-09-27 09:45:00+00:00,596.0
84997.3,85011.3,BTC-USD_UM_XPERP-310328,BTC-USD_UM_XPERP-310328|15m|2026-09-27T10:00:00+00:00,MONITOR_BAR_CLOSED,84864.0,84910.8,15m,2026-09-27 10:00:00+00:00,111.0
84898.6,85086.7,BTC-USD_UM_XPERP-310328,BTC-USD_UM_XPERP-310328|15m|2026-09-27T10:15:00+00:00,MONITOR_BAR_CLOSED,84876.9,85011.4,15m,2026-09-27 10:15:00+00:00,1027.0
84817.7,84872.4,BTC-USD_UM_XPERP-310328,BTC-USD_UM_XPERP-310328|15m|2026-09-27T10:30:00+00:00,MONITOR_BAR_CLOSED,84817.7,84871.8,15m,2026-09-27 10:30:00+00:00,42.0
84847.7,84864.0,BTC-USD_UM_XPERP-310328,BTC-USD_UM_XPERP-310328|15m|2026-09-27T10:45:00+00:00,MONITOR_BAR_CLOSED,84770.0,84814.4,15m,2026-09-27 10:45:00+00:00,6.0
84862.4,84908.6,BTC-USD_UM_XPERP-310328,BTC-USD_UM_XPERP-310328|15m|2026-09-27T11:00:00+00:00,MONITOR_BAR_CLOSED,84807.9,84819.5,15m,2026-09-27 11:00:00+00:00,378.0
84898.0,84898.0,BTC-USD_UM_XPERP-310328,BTC-USD_UM_XPERP-310328|15m|2026-09-27T11:15:00+00:00,MONITOR_BAR_CLOSED,84812.3,84862.6,15m,2026-09-27 11:15:00+00:00,103.0
84857.1,84864.0,BTC-USD_UM_XPERP-310328,BTC-USD_UM_XPERP-310328|15m|2026-09-27T11:30:00+00:00,MONITOR_BAR_CLOSED,84796.0,84864.0,15m,2026-09-27 11:30:00+00:00,70.0
84865.9,84866.7,BTC-USD_UM_XPERP-310328,BTC-USD_UM_XPERP-310328|15m|2026-09-27T11:45:00+00:00,MONITOR_BAR_CLOSED,84809.2,84861.2,15m,2026-09-27 11:45:00+00:00,7.0
84938.0,85054.9,BTC-USD_UM_XPERP-310328,BTC-USD_UM_XPERP-310328|15m|2026-09-27T12:00:00+00:00,MONITOR_BAR_CLOSED,84880.0,84880.0,15m,2026-09-27 12:00:00+00:00,8.0
84909.6,84982.6,BTC-USD_UM_XPERP-310328,BTC-USD_UM_XPERP-310328|15m|2026-09-27T12:15:00+00:00,MONITOR_BAR_CLOSED,84898.0,84933.3,15m,2026-09-27 12:15:00+00:00,114.0
84946.7,84954.9,BTC-USD_UM_XPERP-310328,BTC-USD_UM_XPERP-310328|15m|2026-09-27T12:30:00+00:00,MONITOR_BAR_CLOSED,84909.0,84909.1,15m,2026-09-27 12:30:00+00:00,8.0
84750.0,84974.0,BTC-USD_UM_XPERP-310328,BTC-USD_UM_XPERP-310328|15m|2026-09-27T12:45:00+00:00,MONITOR_BAR_CLOSED,84750.0,84923.2,15m,2026-09-27 12:45:00+00:00,60.0
84601.0,84789.8,BTC-USD_UM_XPERP-310328,BTC-USD_UM_XPERP-310328|15m|2026-09-27T13:00:00+00:00,MONITOR_BAR_CLOSED,84597.0,84744.7,15m,2026-09-27 13:00:00+00:00,1630.0
84908.6,84908.6,BTC-USD_UM_XPERP-310328,BTC-USD_UM_XPERP-310328|15m|2026-09-27T13:15:00+00:00,MONITOR_BAR_CLOSED,84619.9,84619.9,15m,2026-09-27 13:15:00+00:00,505.0
84760.0,85093.1,BTC-USD_UM_XPERP-310328,BTC-USD_UM_XPERP-310328|15m|2026-09-27T13:30:00+00:00,MONITOR_BAR_CLOSED,84760.0,84919.4,15m,2026-09-27 13:30:00+00:00,1022.0
84988.2,84993.0,BTC-USD_UM_XPERP-310328,BTC-USD_UM_XPERP-310328|15m|2026-09-27T13:45:00+00:00,MONITOR_BAR_CLOSED,84708.3,84754.3,15m,2026-09-27 13:45:00+00:00,458.0
84976.8,85015.9,BTC-USD_UM_XPERP-310328,BTC-USD_UM_XPERP-310328|15m|2026-09-27T14:00:00+00:00,MONITOR_BAR_CLOSED,84867.8,84981.4,15m,2026-09-27 14:00:00+00:00,95.0
84651.4,84961.6,BTC-USD_UM_XPERP-310328,BTC-USD_UM_XPERP-310328|15m|2026-09-27T14:15:00+00:00,MONITOR_BAR_CLOSED,84651.4,84958.5,15m,2026-09-27 14:15:00+00:00,380.0
84754.3,89485.7,BTC-USD_UM_XPERP-310328,BTC-USD_UM_XPERP-310328|15m|2026-09-27T14:30:00+00:00,MONITOR_BAR_CLOSED,84630.7,84663.4,15m,2026-09-27 14:30:00+00:00,672.0
84496.4,84706.1,BTC-USD_UM_XPERP-310328,BTC-USD_UM_XPERP-310328|15m|2026-09-27T14:45:00+00:00,MONITOR_BAR_CLOSED,84402.5,84706.1,15m,2026-09-27 14:45:00+00:00,610.0
84436.3,84532.8,BTC-USD_UM_XPERP-310328,BTC-USD_UM_XPERP-310328|15m|2026-09-27T15:00:00+00:00,MONITOR_BAR_CLOSED,84347.8,84490.0,15m,2026-09-27 15:00:00+00:00,621.0
84574.8,84574.8,BTC-USD_UM_XPERP-310328,BTC-USD_UM_XPERP-310328|15m|2026-09-27T15:15:00+00:00,MONITOR_BAR_CLOSED,84408.0,84450.0,15m,2026-09-27 15:15:00+00:00,484.0
84400.0,84564.6,BTC-USD_UM_XPERP-310328,BTC-USD_UM_XPERP-310328|15m|2026-09-27T15:30:00+00:00,MONITOR_BAR_CLOSED,84400.0,84563.5,15m,2026-09-27 15:30:00+00:00,327.0
84436.3,84460.7,BTC-USD_UM_XPERP-310328,BTC-USD_UM_XPERP-310328|15m|2026-09-27T15:45:00+00:00,MONITOR_BAR_CLOSED,84390.1,84397.8,15m,2026-09-27 15:45:00+00:00,704.0
84507.4,84554.0,BTC-USD_UM_XPERP-310328,BTC-USD_UM_XPERP-310328|15m|2026-09-27T16:00:00+00:00,MONITOR_BAR_CLOSED,84424.9,84424.9,15m,2026-09-27 16:00:00+00:00,180.0
84552.0,84620.9,BTC-USD_UM_XPERP-310328,BTC-USD_UM_XPERP-310328|15m|2026-09-27T16:15:00+00:00,MONITOR_BAR_CLOSED,84474.8,84525.9,15m,2026-09-27 16:15:00+00:00,1064.0
84352.7,84590.4,BTC-USD_UM_XPERP-310328,BTC-USD_UM_XPERP-310328|15m|2026-09-27T16:30:00+00:00,MONITOR_BAR_CLOSED,84346.7,84590.4,15m,2026-09-27 16:30:00+00:00,460.0
84399.0,84422.0,BTC-USD_UM_XPERP-310328,BTC-USD_UM_XPERP-310328|15m|2026-09-27T16:45:00+00:00,MONITOR_BAR_CLOSED,84351.5,84354.8,15m,2026-09-27 16:45:00+00:00,195.0
84359.0,84448.5,BTC-USD_UM_XPERP-310328,BTC-USD_UM_XPERP-310328|15m|2026-09-27T17:00:00+00:00,MONITOR_BAR_CLOSED,84300.2,84395.1,15m,2026-09-27 17:00:00+00:00,653.0
84415.7,84429.2,BTC-USD_UM_XPERP-310328,BTC-USD_UM_XPERP-310328|15m|2026-09-27T17:15:00+00:00,MONITOR_BAR_CLOSED,84388.0,84388.0,15m,2026-09-27 17:15:00+00:00,32.0
84435.2,84497.1,BTC-USD_UM_XPERP-310328,BTC-USD_UM_XPERP-310328|15m|2026-09-27T17:30:00+00:00,MONITOR_BAR_CLOSED,84435.2,84436.3,15m,2026-09-27 17:30:00+00:00,7.0
84536.6,84540.4,BTC-USD_UM_XPERP-310328,BTC-USD_UM_XPERP-310328|15m|2026-09-27T17:45:00+00:00,MONITOR_BAR_CLOSED,84474.8,84474.8,15m,2026-09-27 17:45:00+00:00,0.0
84569.7,84569.7,BTC-USD_UM_XPERP-310328,BTC-USD_UM_XPERP-310328|15m|2026-09-27T18:00:00+00:00,MONITOR_BAR_CLOSED,84523.5,84536.4,15m,2026-09-27 18:00:00+00:00,1.0
84706.1,84706.1,BTC-USD_UM_XPERP-310328,BTC-USD_UM_XPERP-310328|15m|2026-09-27T18:15:00+00:00,MONITOR_BAR_CLOSED,84574.8,84574.8,15m,2026-09-27 18:15:00+00:00,47.0
84740.7,84744.1,BTC-USD_UM_XPERP-310328,BTC-USD_UM_XPERP-310328|15m|2026-09-27T18:30:00+00:00,MONITOR_BAR_CLOSED,84640.1,84709.1,15m,2026-09-27 18:30:00+00:00,196.0
84776.4,84920.0,BTC-USD_UM_XPERP-310328,BTC-USD_UM_XPERP-310328|15m|2026-09-27T18:45:00+00:00,MONITOR_BAR_CLOSED,84692.2,84733.5,15m,2026-09-27 18:45:00+00:00,75.0
84762.0,84792.8,BTC-USD_UM_XPERP-310328,BTC-USD_UM_XPERP-310328|15m|2026-09-27T19:00:00+00:00,MONITOR_BAR_CLOSED,84702.9,84786.3,15m,2026-09-27 19:00:00+00:00,0.0
84649.8,84812.3,BTC-USD_UM_XPERP-310328,BTC-USD_UM_XPERP-310328|15m|2026-09-27T19:15:00+00:00,MONITOR_BAR_CLOSED,84649.6,84757.6,15m,2026-09-27 19:15:00+00:00,9.0
84764.6,84764.6,BTC-USD_UM_XPERP-310328,BTC-USD_UM_XPERP-310328|15m|2026-09-27T19:30:00+00:00,MONITOR_BAR_CLOSED,84630.8,84644.2,15m,2026-09-27 19:30:00+00:00,13.0
84706.1,84789.8,BTC-USD_UM_XPERP-310328,BTC-USD_UM_XPERP-310328|15m|2026-09-27T19:45:00+00:00,MONITOR_BAR_CLOSED,84706.1,84764.9,15m,2026-09-27 19:45:00+00:00,0.0
84783.4,84783.4,BTC-USD_UM_XPERP-310328,BTC-USD_UM_XPERP-310328|15m|2026-09-27T20:00:00+00:00,MONITOR_BAR_CLOSED,84709.9,84710.1,15m,2026-09-27 20:00:00+00:00,7.0
84592.0,84744.7,BTC-USD_UM_XPERP-310328,BTC-USD_UM_XPERP-310328|15m|2026-09-27T20:15:00+00:00,MONITOR_BAR_CLOSED,84590.4,84744.7,15m,2026-09-27 20:15:00+00:00,74.0
84600.0,84600.0,BTC-USD_UM_XPERP-310328,BTC-USD_UM_XPERP-310328|15m|2026-09-27T20:30:00+00:00,MONITOR_BAR_CLOSED,84548.6,84595.7,15m,2026-09-27 20:30:00+00:00,164.0
84508.9,84608.6,BTC-USD_UM_XPERP-310328,BTC-USD_UM_XPERP-310328|15m|2026-09-27T20:45:00+00:00,MONITOR_BAR_CLOSED,84508.9,84608.6,15m,2026-09-27 20:45:00+00:00,159.0
84641.8,84641.8,BTC-USD_UM_XPERP-310328,BTC-USD_UM_XPERP-310328|15m|2026-09-27T21:00:00+00:00,MONITOR_BAR_CLOSED,84509.6,84509.6,15m,2026-09-27 21:00:00+00:00,9.0
84590.4,84686.5,BTC-USD_UM_XPERP-310328,BTC-USD_UM_XPERP-310328|15m|2026-09-27T21:15:00+00:00,MONITOR_BAR_CLOSED,84590.4,84650.6,15m,2026-09-27 21:15:00+00:00,90.0
84518.4,84576.7,BTC-USD_UM_XPERP-310328,BTC-USD_UM_XPERP-310328|15m|2026-09-27T21:30:00+00:00,MONITOR_BAR_CLOSED,84430.7,84576.7,15m,2026-09-27 21:30:00+00:00,427.0
84664.2,84664.2,BTC-USD_UM_XPERP-310328,BTC-USD_UM_XPERP-310328|15m|2026-09-27T21:45:00+00:00,MONITOR_BAR_CLOSED,84518.5,84518.5,15m,2026-09-27 21:45:00+00:00,172.0
84276.3,88127.2,BTC-USD_UM_XPERP-310328,BTC-USD_UM_XPERP-310328|15m|2026-09-27T22:00:00+00:00,MONITOR_BAR_CLOSED,84276.3,84666.5,15m,2026-09-27 22:00:00+00:00,2488.0
84528.9,84540.8,BTC-USD_UM_XPERP-310328,BTC-USD_UM_XPERP-310328|15m|2026-09-27T22:15:00+00:00,MONITOR_BAR_CLOSED,84240.0,84286.2,15m,2026-09-27 22:15:00+00:00,729.0
84150.0,84490.0,BTC-USD_UM_XPERP-310328,BTC-USD_UM_XPERP-310328|15m|2026-09-27T22:30:00+00:00,MONITOR_BAR_CLOSED,84150.0,84490.0,15m,2026-09-27 22:30:00+00:00,1894.0
84150.0,84198.7,BTC-USD_UM_XPERP-310328,BTC-USD_UM_XPERP-310328|15m|2026-09-27T22:45:00+00:00,MONITOR_BAR_CLOSED,84095.9,84149.6,15m,2026-09-27 22:45:00+00:00,415.0
84200.0,84266.2,BTC-USD_UM_XPERP-310328,BTC-USD_UM_XPERP-310328|15m|2026-09-27T23:00:00+00:00,MONITOR_BAR_CLOSED,84047.6,84149.8,15m,2026-09-27 23:00:00+00:00,430.0
84369.4,84408.0,BTC-USD_UM_XPERP-310328,BTC-USD_UM_XPERP-310328|15m|2026-09-27T23:15:00+00:00,MONITOR_BAR_CLOSED,84165.5,84188.6,15m,2026-09-27 23:15:00+00:00,138.0
84297.4,84428.8,BTC-USD_UM_XPERP-310328,BTC-USD_UM_XPERP-310328|15m|2026-09-27T23:30:00+00:00,MONITOR_BAR_CLOSED,84297.4,84412.9,15m,2026-09-27 23:30:00+00:00,267.0
84422.2,84495.7,BTC-USD_UM_XPERP-310328,BTC-USD_UM_XPERP-310328|15m|2026-09-27T23:45:00+00:00,MONITOR_BAR_CLOSED,84297.9,84315.3,15m,2026-09-27 23:45:00+00:00,127.0
84400.0,84731.4,BTC-USD_UM_XPERP-310328,BTC-USD_UM_XPERP-310328|15m|2026-09-28T00:00:00+00:00,MONITOR_BAR_CLOSED,84337.6,84440.9,15m,2026-09-28 00:00:00+00:00,123.0
84764.1,84974.0,BTC-USD_UM_XPERP-310328,BTC-USD_UM_XPERP-310328|15m|2026-09-28T00:15:00+00:00,MONITOR_BAR_CLOSED,83750.7,84401.0,15m,2026-09-28 00:15:00+00:00,259.0
84264.6,84728.0,BTC-USD_UM_XPERP-310328,BTC-USD_UM_XPERP-310328|15m|2026-09-28T00:30:00+00:00,MONITOR_BAR_CLOSED,84179.7,84728.0,15m,2026-09-28 00:30:00+00:00,752.0
84111.6,84587.9,BTC-USD_UM_XPERP-310328,BTC-USD_UM_XPERP-310328|15m|2026-09-28T00:45:00+00:00,MONITOR_BAR_CLOSED,84111.6,84266.7,15m,2026-09-28 00:45:00+00:00,154.0
83940.1,84246.3,BTC-USD_UM_XPERP-310328,BTC-USD_UM_XPERP-310328|15m|2026-09-28T01:00:00+00:00,MONITOR_BAR_CLOSED,83892.3,84150.0,15m,2026-09-28 01:00:00+00:00,681.0
84042.1,84118.5,BTC-USD_UM_XPERP-310328,BTC-USD_UM_XPERP-310328|15m|2026-09-28T01:15:00+00:00,MONITOR_BAR_CLOSED,83843.0,83937.4,15m,2026-09-28 01:15:00+00:00,1829.0
83774.8,84117.8,BTC-USD_UM_XPERP-310328,BTC-USD_UM_XPERP-310328|15m|2026-09-28T01:30:00+00:00,MONITOR_BAR_CLOSED,83774.8,84032.1,15m,2026-09-28 01:30:00+00:00,371.0
83674.9,83886.9,BTC-USD_UM_XPERP-310328,BTC-USD_UM_XPERP-310328|15m|2026-09-28T01:45:00+00:00,MONITOR_BAR_CLOSED,83602.4,83771.9,15m,2026-09-28 01:45:00+00:00,1213.0
83709.9,83748.9,BTC-USD_UM_XPERP-310328,BTC-USD_UM_XPERP-310328|15m|2026-09-28T02:00:00+00:00,MONITOR_BAR_CLOSED,83469.0,83668.4,15m,2026-09-28 02:00:00+00:00,854.0
83601.3,83701.4,BTC-USD_UM_XPERP-310328,BTC-USD_UM_XPERP-310328|15m|2026-09-28T02:15:00+00:00,MONITOR_BAR_CLOSED,83523.7,83701.4,15m,2026-09-28 02:15:00+00:00,203.0
83457.7,83600.0,BTC-USD_UM_XPERP-310328,BTC-USD_UM_XPERP-310328|15m|2026-09-28T02:30:00+00:00,MONITOR_BAR_CLOSED,83417.1,83600.0,15m,2026-09-28 02:30:00+00:00,481.0
83363.9,83498.9,BTC-USD_UM_XPERP-310328,BTC-USD_UM_XPERP-310328|15m|2026-09-28T02:45:00+00:00,MONITOR_BAR_CLOSED,83357.0,83481.2,15m,2026-09-28 02:45:00+00:00,518.0
83417.1,83499.3,BTC-USD_UM_XPERP-310328,BTC-USD_UM_XPERP-310328|15m|2026-09-28T03:00:00+00:00,MONITOR_BAR_CLOSED,83350.4,83400.0,15m,2026-09-28 03:00:00+00:00,552.0
83295.8,83470.1,BTC-USD_UM_XPERP-310328,BTC-USD_UM_XPERP-310328|15m|2026-09-28T03:15:00+00:00,MONITOR_BAR_CLOSED,83294.5,83368.0,15m,2026-09-28 03:15:00+00:00,1211.0
83442.3,83449.8,BTC-USD_UM_XPERP-310328,BTC-USD_UM_XPERP-310328|15m|2026-09-28T03:30:00+00:00,MONITOR_BAR_CLOSED,83181.7,83290.8,15m,2026-09-28 03:30:00+00:00,1515.0
83284.0,83449.1,BTC-USD_UM_XPERP-310328,BTC-USD_UM_XPERP-310328|15m|2026-09-28T03:45:00+00:00,MONITOR_BAR_CLOSED,83284.0,83412.6,15m,2026-09-28 03:45:00+00:00,893.0
83397.7,83399.5,BTC-USD_UM_XPERP-310328,BTC-USD_UM_XPERP-310328|15m|2026-09-28T04:00:00+00:00,MONITOR_BAR_CLOSED,83201.1,83309.0,15m,2026-09-28 04:00:00+00:00,2064.0
83441.1,83476.8,BTC-USD_UM_XPERP-310328,BTC-USD_UM_XPERP-310328|15m|2026-09-28T04:15:00+00:00,MONITOR_BAR_CLOSED,83330.0,83391.0,15m,2026-09-28 04:15:00+00:00,739.0
83465.0,83479.6,BTC-USD_UM_XPERP-310328,BTC-USD_UM_XPERP-310328|15m|2026-09-28T04:30:00+00:00,MONITOR_BAR_CLOSED,83402.0,83437.8,15m,2026-09-28 04:30:00+00:00,334.0
83470.8,83486.1,BTC-USD_UM_XPERP-310328,BTC-USD_UM_XPERP-310328|15m|2026-09-28T04:45:00+00:00,MONITOR_BAR_CLOSED,83399.8,83441.5,15m,2026-09-28 04:45:00+00:00,17.0
83280.0,83493.6,BTC-USD_UM_XPERP-310328,BTC-USD_UM_XPERP-310328|15m|2026-09-28T05:00:00+00:00,MONITOR_BAR_CLOSED,83216.7,83450.1,15m,2026-09-28 05:00:00+00:00,977.0
83040.0,83305.7,BTC-USD_UM_XPERP-310328,BTC-USD_UM_XPERP-310328|15m|2026-09-28T05:15:00+00:00,MONITOR_BAR_CLOSED,82985.5,83289.5,15m,2026-09-28 05:15:00+00:00,2206.0
83103.3,83103.3,BTC-USD_UM_XPERP-310328,BTC-USD_UM_XPERP-310328|15m|2026-09-28T05:30:00+00:00,MONITOR_BAR_CLOSED,82694.1,83028.0,15m,2026-09-28 05:30:00+00:00,2412.0
83149.8,83160.1,BTC-USD_UM_XPERP-310328,BTC-USD_UM_XPERP-310328|15m|2026-09-28T05:45:00+00:00,MONITOR_BAR_CLOSED,83020.4,83108.5,15m,2026-09-28 05:45:00+00:00,1007.0
83230.3,83255.4,BTC-USD_UM_XPERP-310328,BTC-USD_UM_XPERP-310328|15m|2026-09-28T06:00:00+00:00,MONITOR_BAR_CLOSED,83100.1,83140.0,15m,2026-09-28 06:00:00+00:00,588.0
83017.3,83214.0,BTC-USD_UM_XPERP-310328,BTC-USD_UM_XPERP-310328|15m|2026-09-28T06:15:00+00:00,MONITOR_BAR_CLOSED,83017.3,83200.0,15m,2026-09-28 06:15:00+00:00,522.0
83174.6,83175.6,BTC-USD_UM_XPERP-310328,BTC-USD_UM_XPERP-310328|15m|2026-09-28T06:30:00+00:00,MONITOR_BAR_CLOSED,82997.8,83014.8,15m,2026-09-28 06:30:00+00:00,820.0
83130.0,83143.2,BTC-USD_UM_XPERP-310328,BTC-USD_UM_XPERP-310328|15m|2026-09-28T06:45:00+00:00,MONITOR_BAR_CLOSED,83080.3,83143.2,15m,2026-09-28 06:45:00+00:00,152.0
83043.6,83250.6,BTC-USD_UM_XPERP-310328,BTC-USD_UM_XPERP-310328|15m|2026-09-28T07:00:00+00:00,MONITOR_BAR_CLOSED,83025.1,83160.0,15m,2026-09-28 07:00:00+00:00,349.0
82922.1,83120.0,BTC-USD_UM_XPERP-310328,BTC-USD_UM_XPERP-310328|15m|2026-09-28T07:15:00+00:00,MONITOR_BAR_CLOSED,82904.6,83050.5,15m,2026-09-28 07:15:00+00:00,281.0
82899.8,83005.7,BTC-USD_UM_XPERP-310328,BTC-USD_UM_XPERP-310328|15m|2026-09-28T07:30:00+00:00,MONITOR_BAR_CLOSED,82888.5,82907.4,15m,2026-09-28 07:30:00+00:00,573.0
82955.5,83080.4,BTC-USD_UM_XPERP-310328,BTC-USD_UM_XPERP-310328|15m|2026-09-28T07:45:00+00:00,MONITOR_BAR_CLOSED,82900.0,82900.0,15m,2026-09-28 07:45:00+00:00,165.0
82981.1,83120.0,BTC-USD_UM_XPERP-310328,BTC-USD_UM_XPERP-310328|15m|2026-09-28T08:00:00+00:00,MONITOR_BAR_CLOSED,82900.0,82909.2,15m,2026-09-28 08:00:00+00:00,317.0
82800.0,83033.6,BTC-USD_UM_XPERP-310328,BTC-USD_UM_XPERP-310328|15m|2026-09-28T08:15:00+00:00,MONITOR_BAR_CLOSED,82791.0,82990.0,15m,2026-09-28 08:15:00+00:00,322.0
82898.8,82933.3,BTC-USD_UM_XPERP-310328,BTC-USD_UM_XPERP-310328|15m|2026-09-28T08:30:00+00:00,MONITOR_BAR_CLOSED,82767.2,82822.6,15m,2026-09-28 08:30:00+00:00,996.0
82932.9,82999.3,BTC-USD_UM_XPERP-310328,BTC-USD_UM_XPERP-310328|15m|2026-09-28T08:45:00+00:00,MONITOR_BAR_CLOSED,82875.0,82875.0,15m,2026-09-28 08:45:00+00:00,951.0
82848.0,83000.0,BTC-USD_UM_XPERP-310328,BTC-USD_UM_XPERP-310328|15m|2026-09-28T09:00:00+00:00,MONITOR_BAR_CLOSED,82599.5,82954.0,15m,2026-09-28 09:00:00+00:00,851.0
82797.0,82935.0,BTC-USD_UM_XPERP-310328,BTC-USD_UM_XPERP-310328|15m|2026-09-28T09:15:00+00:00,MONITOR_BAR_CLOSED,82737.0,82851.4,15m,2026-09-28 09:15:00+00:00,628.0
82582.7,82871.9,BTC-USD_UM_XPERP-310328,BTC-USD_UM_XPERP-310328|15m|2026-09-28T09:30:00+00:00,MONITOR_BAR_CLOSED,82573.9,82797.0,15m,2026-09-28 09:30:00+00:00,779.0
82610.8,82748.6,BTC-USD_UM_XPERP-310328,BTC-USD_UM_XPERP-310328|15m|2026-09-28T09:45:00+00:00,MONITOR_BAR_CLOSED,82585.0,82620.0,15m,2026-09-28 09:45:00+00:00,856.0
82668.6,82837.0,BTC-USD_UM_XPERP-310328,BTC-USD_UM_XPERP-310328|15m|2026-09-28T10:00:00+00:00,MONITOR_BAR_CLOSED,82640.0,82640.0,15m,2026-09-28 10:00:00+00:00,1115.0
82777.0,82825.1,BTC-USD_UM_XPERP-310328,BTC-USD_UM_XPERP-310328|15m|2026-09-28T10:15:00+00:00,MONITOR_BAR_CLOSED,82710.2,82720.0,15m,2026-09-28 10:15:00+00:00,587.0
82914.5,82926.0,BTC-USD_UM_XPERP-310328,BTC-USD_UM_XPERP-310328|15m|2026-09-28T10:30:00+00:00,MONITOR_BAR_CLOSED,82746.9,82763.3,15m,2026-09-28 10:30:00+00:00,689.0
82928.8,83011.5,BTC-USD_UM_XPERP-310328,BTC-USD_UM_XPERP-310328|15m|2026-09-28T10:45:00+00:00,MONITOR_BAR_CLOSED,82837.0,82892.0,15m,2026-09-28 10:45:00+00:00,309.0
82956.1,83022.0,BTC-USD_UM_XPERP-310328,BTC-USD_UM_XPERP-310328|15m|2026-09-28T11:00:00+00:00,MONITOR_BAR_CLOSED,82952.7,82960.0,15m,2026-09-28 11:00:00+00:00,281.0
82980.8,83045.0,BTC-USD_UM_XPERP-310328,BTC-USD_UM_XPERP-310328|15m|2026-09-28T11:15:00+00:00,MONITOR_BAR_CLOSED,82918.1,82947.1,15m,2026-09-28 11:15:00+00:00,159.0
83052.9,83078.3,BTC-USD_UM_XPERP-310328,BTC-USD_UM_XPERP-310328|15m|2026-09-28T11:30:00+00:00,MONITOR_BAR_CLOSED,82952.7,82982.0,15m,2026-09-28 11:30:00+00:00,55.0
83047.8,83080.0,BTC-USD_UM_XPERP-310328,BTC-USD_UM_XPERP-310328|15m|2026-09-28T11:45:00+00:00,MONITOR_BAR_CLOSED,82954.3,83080.0,15m,2026-09-28 11:45:00+00:00,0.0
83277.1,83474.1,BTC-USD_UM_XPERP-310328,BTC-USD_UM_XPERP-310328|15m|2026-09-28T12:00:00+00:00,MONITOR_BAR_CLOSED,82985.9,83062.0,15m,2026-09-28 12:00:00+00:00,151.0
83329.7,83430.0,BTC-USD_UM_XPERP-310328,BTC-USD_UM_XPERP-310328|15m|2026-09-28T12:15:00+00:00,MONITOR_BAR_CLOSED,83262.9,83320.0,15m,2026-09-28 12:15:00+00:00,303.0
83255.6,83397.6,BTC-USD_UM_XPERP-310328,BTC-USD_UM_XPERP-310328|15m|2026-09-28T12:30:00+00:00,MONITOR_BAR_CLOSED,83240.0,83330.1,15m,2026-09-28 12:30:00+00:00,759.0
83527.3,83598.0,BTC-USD_UM_XPERP-310328,BTC-USD_UM_XPERP-310328|15m|2026-09-28T12:45:00+00:00,MONITOR_BAR_CLOSED,83280.0,83280.0,15m,2026-09-28 12:45:00+00:00,1843.0
83366.4,83533.0,BTC-USD_UM_XPERP-310328,BTC-USD_UM_XPERP-310328|15m|2026-09-28T13:00:00+00:00,MONITOR_BAR_CLOSED,83280.0,83533.0,15m,2026-09-28 13:00:00+00:00,1554.0
83523.7,83523.7,BTC-USD_UM_XPERP-310328,BTC-USD_UM_XPERP-310328|15m|2026-09-28T13:15:00+00:00,MONITOR_BAR_CLOSED,83339.5,83386.7,15m,2026-09-28 13:15:00+00:00,1438.0
83670.0,83769.7,BTC-USD_UM_XPERP-310328,BTC-USD_UM_XPERP-310328|15m|2026-09-28T13:30:00+00:00,MONITOR_BAR_CLOSED,83374.5,83533.3,15m,2026-09-28 13:30:00+00:00,6355.0
83612.3,87927.5,BTC-USD_UM_XPERP-310328,BTC-USD_UM_XPERP-310328|15m|2026-09-28T13:45:00+00:00,MONITOR_BAR_CLOSED,83454.3,83708.0,15m,2026-09-28 13:45:00+00:00,4113.0
83341.0,83589.7,BTC-USD_UM_XPERP-310328,BTC-USD_UM_XPERP-310328|15m|2026-09-28T14:00:00+00:00,MONITOR_BAR_CLOSED,82906.0,83589.7,15m,2026-09-28 14:00:00+00:00,2632.0
83120.5,83564.5,BTC-USD_UM_XPERP-310328,BTC-USD_UM_XPERP-310328|15m|2026-09-28T14:15:00+00:00,MONITOR_BAR_CLOSED,83083.6,83357.5,15m,2026-09-28 14:15:00+00:00,2466.0
82876.7,83428.5,BTC-USD_UM_XPERP-310328,BTC-USD_UM_XPERP-310328|15m|2026-09-28T14:30:00+00:00,MONITOR_BAR_CLOSED,82842.5,83130.0,15m,2026-09-28 14:30:00+00:00,5985.0
82970.3,83114.4,BTC-USD_UM_XPERP-310328,BTC-USD_UM_XPERP-310328|15m|2026-09-28T14:45:00+00:00,MONITOR_BAR_CLOSED,82604.0,82841.6,15m,2026-09-28 14:45:00+00:00,5064.0
82938.1,83244.0,BTC-USD_UM_XPERP-310328,BTC-USD_UM_XPERP-310328|15m|2026-09-28T15:00:00+00:00,MONITOR_BAR_CLOSED,82902.7,82979.5,15m,2026-09-28 15:00:00+00:00,4452.0
83062.0,83099.5,BTC-USD_UM_XPERP-310328,BTC-USD_UM_XPERP-310328|15m|2026-09-28T15:15:00+00:00,MONITOR_BAR_CLOSED,82781.2,82994.0,15m,2026-09-28 15:15:00+00:00,3974.0
83165.3,83330.0,BTC-USD_UM_XPERP-310328,BTC-USD_UM_XPERP-310328|15m|2026-09-28T15:30:00+00:00,MONITOR_BAR_CLOSED,82934.4,83042.5,15m,2026-09-28 15:30:00+00:00,3785.0
83365.7,83365.7,BTC-USD_UM_XPERP-310328,BTC-USD_UM_XPERP-310328|15m|2026-09-28T15:45:00+00:00,MONITOR_BAR_CLOSED,83195.3,83198.0,15m,2026-09-28 15:45:00+00:00,2726.0
83367.2,83440.0,BTC-USD_UM_XPERP-310328,BTC-USD_UM_XPERP-310328|15m|2026-09-28T16:00:00+00:00,MONITOR_BAR_CLOSED,83228.1,83336.5,15m,2026-09-28 16:00:00+00:00,2819.0
83977.8,84140.0,BTC-USD_UM_XPERP-310328,BTC-USD_UM_XPERP-310328|15m|2026-09-28T16:15:00+00:00,MONITOR_BAR_CLOSED,83357.0,83383.4,15m,2026-09-28 16:15:00+00:00,5542.0
83694.0,84079.5,BTC-USD_UM_XPERP-310328,BTC-USD_UM_XPERP-310328|15m|2026-09-28T16:30:00+00:00,MONITOR_BAR_CLOSED,83653.4,83981.5,15m,2026-09-28 16:30:00+00:00,3683.0
83669.4,83697.6,BTC-USD_UM_XPERP-310328,BTC-USD_UM_XPERP-310328|15m|2026-09-28T16:45:00+00:00,MONITOR_BAR_CLOSED,83554.5,83697.1,15m,2026-09-28 16:45:00+00:00,1982.0
84200.0,84201.3,BTC-USD_UM_XPERP-310328,BTC-USD_UM_XPERP-310328|15m|2026-09-28T17:00:00+00:00,MONITOR_BAR_CLOSED,83525.2,83671.9,15m,2026-09-28 17:00:00+00:00,3851.0
83869.8,84320.8,BTC-USD_UM_XPERP-310328,BTC-USD_UM_XPERP-310328|15m|2026-09-28T17:15:00+00:00,MONITOR_BAR_CLOSED,83842.1,84194.6,15m,2026-09-28 17:15:00+00:00,3974.0
83976.6,83982.9,BTC-USD_UM_XPERP-310328,BTC-USD_UM_XPERP-310328|15m|2026-09-28T17:30:00+00:00,MONITOR_BAR_CLOSED,83819.8,83876.5,15m,2026-09-28 17:30:00+00:00,1591.0
83840.0,84019.6,BTC-USD_UM_XPERP-310328,BTC-USD_UM_XPERP-310328|15m|2026-09-28T17:45:00+00:00,MONITOR_BAR_CLOSED,83805.3,83970.5,15m,2026-09-28 17:45:00+00:00,1517.0
83933.3,83969.5,BTC-USD_UM_XPERP-310328,BTC-USD_UM_XPERP-310328|15m|2026-09-28T18:00:00+00:00,MONITOR_BAR_CLOSED,83810.6,83828.6,15m,2026-09-28 18:00:00+00:00,865.0
83900.7,83962.2,BTC-USD_UM_XPERP-310328,BTC-USD_UM_XPERP-310328|15m|2026-09-28T18:15:00+00:00,MONITOR_BAR_CLOSED,83859.9,83931.4,15m,2026-09-28 18:15:00+00:00,864.0
83829.1,83904.9,BTC-USD_UM_XPERP-310328,BTC-USD_UM_XPERP-310328|15m|2026-09-28T18:30:00+00:00,MONITOR_BAR_CLOSED,83761.2,83904.9,15m,2026-09-28 18:30:00+00:00,770.0
83989.5,83989.5,BTC-USD_UM_XPERP-310328,BTC-USD_UM_XPERP-310328|15m|2026-09-28T18:45:00+00:00,MONITOR_BAR_CLOSED,83776.0,83800.0,15m,2026-09-28 18:45:00+00:00,1312.0
83708.0,84003.8,BTC-USD_UM_XPERP-310328,BTC-USD_UM_XPERP-310328|15m|2026-09-28T19:00:00+00:00,MONITOR_BAR_CLOSED,83620.0,83996.2,15m,2026-09-28 19:00:00+00:00,506.0
83599.5,83680.0,BTC-USD_UM_XPERP-310328,BTC-USD_UM_XPERP-310328|15m|2026-09-28T19:15:00+00:00,MONITOR_BAR_CLOSED,83599.5,83674.0,15m,2026-09-28 19:15:00+00:00,536.0
83287.3,83604.1,BTC-USD_UM_XPERP-310328,BTC-USD_UM_XPERP-310328|15m|2026-09-28T19:30:00+00:00,MONITOR_BAR_CLOSED,83087.0,83596.5,15m,2026-09-28 19:30:00+00:00,231.0
83377.4,83377.4,BTC-USD_UM_XPERP-310328,BTC-USD_UM_XPERP-310328|15m|2026-09-28T19:45:00+00:00,MONITOR_BAR_CLOSED,83240.0,83290.8,15m,2026-09-28 19:45:00+00:00,0.0
83545.8,83562.9,BTC-USD_UM_XPERP-310328,BTC-USD_UM_XPERP-310328|15m|2026-09-28T20:00:00+00:00,MONITOR_BAR_CLOSED,83255.2,83386.7,15m,2026-09-28 20:00:00+00:00,331.0
83468.6,84003.8,BTC-USD_UM_XPERP-310328,BTC-USD_UM_XPERP-310328|15m|2026-09-28T20:15:00+00:00,MONITOR_BAR_CLOSED,83434.4,83517.2,15m,2026-09-28 20:15:00+00:00,52.0
83466.7,83538.0,BTC-USD_UM_XPERP-310328,BTC-USD_UM_XPERP-310328|15m|2026-09-28T20:30:00+00:00,MONITOR_BAR_CLOSED,83433.3,83504.0,15m,2026-09-28 20:30:00+00:00,0.0
83508.8,83512.0,BTC-USD_UM_XPERP-310328,BTC-USD_UM_XPERP-310328|15m|2026-09-28T20:45:00+00:00,MONITOR_BAR_CLOSED,83405.0,83446.1,15m,2026-09-28 20:45:00+00:00,290.0
83584.0,84331.8,BTC-USD_UM_XPERP-310328,BTC-USD_UM_XPERP-310328|15m|2026-09-28T21:00:00+00:00,MONITOR_BAR_CLOSED,83518.7,83518.7,15m,2026-09-28 21:00:00+00:00,172.0
83418.0,83545.1,BTC-USD_UM_XPERP-310328,BTC-USD_UM_XPERP-310328|15m|2026-09-28T21:15:00+00:00,MONITOR_BAR_CLOSED,83418.0,83545.1,15m,2026-09-28 21:15:00+00:00,0.0
83400.0,83440.0,BTC-USD_UM_XPERP-310328,BTC-USD_UM_XPERP-310328|15m|2026-09-28T21:30:00+00:00,MONITOR_BAR_CLOSED,83380.0,83437.7,15m,2026-09-28 21:30:00+00:00,221.0
83184.9,83368.5,BTC-USD_UM_XPERP-310328,BTC-USD_UM_XPERP-310328|15m|2026-09-28T21:45:00+00:00,MONITOR_BAR_CLOSED,83182.9,83368.5,15m,2026-09-28 21:45:00+00:00,271.0
83169.2,83200.0,BTC-USD_UM_XPERP-310328,BTC-USD_UM_XPERP-310328|15m|2026-09-28T22:00:00+00:00,MONITOR_BAR_CLOSED,83066.8,83176.9,15m,2026-09-28 22:00:00+00:00,302.0
83211.4,83211.4,BTC-USD_UM_XPERP-310328,BTC-USD_UM_XPERP-310328|15m|2026-09-28T22:15:00+00:00,MONITOR_BAR_CLOSED,83160.0,83189.6,15m,2026-09-28 22:15:00+00:00,104.0
83460.6,83460.6,BTC-USD_UM_XPERP-310328,BTC-USD_UM_XPERP-310328|15m|2026-09-28T22:30:00+00:00,MONITOR_BAR_CLOSED,83206.5,83207.4,15m,2026-09-28 22:30:00+00:00,207.0
83511.0,83511.0,BTC-USD_UM_XPERP-310328,BTC-USD_UM_XPERP-310328|15m|2026-09-28T22:45:00+00:00,MONITOR_BAR_CLOSED,83457.9,83461.3,15m,2026-09-28 22:45:00+00:00,14.0
83418.7,83606.0,BTC-USD_UM_XPERP-310328,BTC-USD_UM_XPERP-310328|15m|2026-09-28T23:00:00+00:00,MONITOR_BAR_CLOSED,83418.7,83518.7,15m,2026-09-28 23:00:00+00:00,166.0
83556.7,83556.7,BTC-USD_UM_XPERP-310328,BTC-USD_UM_XPERP-310328|15m|2026-09-28T23:15:00+00:00,MONITOR_BAR_CLOSED,83414.0,83470.0,15m,2026-09-28 23:15:00+00:00,0.0
83587.3,83587.3,BTC-USD_UM_XPERP-310328,BTC-USD_UM_XPERP-310328|15m|2026-09-28T23:30:00+00:00,MONITOR_BAR_CLOSED,83536.5,83560.0,15m,2026-09-28 23:30:00+00:00,118.0
83466.7,83558.0,BTC-USD_UM_XPERP-310328,BTC-USD_UM_XPERP-310328|15m|2026-09-28T23:45:00+00:00,MONITOR_BAR_CLOSED,83466.7,83558.0,15m,2026-09-28 23:45:00+00:00,69.0
83480.0,83504.0,BTC-USD_UM_XPERP-310328,BTC-USD_UM_XPERP-310328|15m|2026-09-29T00:00:00+00:00,MONITOR_BAR_CLOSED,83436.0,83461.3,15m,2026-09-29 00:00:00+00:00,507.0
83500.2,83512.4,BTC-USD_UM_XPERP-310328,BTC-USD_UM_XPERP-310328|15m|2026-09-29T00:15:00+00:00,MONITOR_BAR_CLOSED,83307.2,83462.2,15m,2026-09-29 00:15:00+00:00,519.0
83489.7,83587.3,BTC-USD_UM_XPERP-310328,BTC-USD_UM_XPERP-310328|15m|2026-09-29T00:30:00+00:00,MONITOR_BAR_CLOSED,83425.9,83506.4,15m,2026-09-29 00:30:00+00:00,455.0
83191.4,83470.0,BTC-USD_UM_XPERP-310328,BTC-USD_UM_XPERP-310328|15m|2026-09-29T00:45:00+00:00,MONITOR_BAR_CLOSED,83137.0,83470.0,15m,2026-09-29 00:45:00+00:00,936.0
82985.8,83437.8,BTC-USD_UM_XPERP-310328,BTC-USD_UM_XPERP-310328|15m|2026-09-29T01:00:00+00:00,MONITOR_BAR_CLOSED,82953.2,83164.0,15m,2026-09-29 01:00:00+00:00,3012.0
82783.7,83015.1,BTC-USD_UM_XPERP-310328,BTC-USD_UM_XPERP-310328|15m|2026-09-29T01:15:00+00:00,MONITOR_BAR_CLOSED,82783.7,82960.0,15m,2026-09-29 01:15:00+00:00,2257.0
82920.0,82963.2,BTC-USD_UM_XPERP-310328,BTC-USD_UM_XPERP-310328|15m|2026-09-29T01:30:00+00:00,MONITOR_BAR_CLOSED,82744.0,82783.7,15m,2026-09-29 01:30:00+00:00,2993.0
83024.3,83058.0,BTC-USD_UM_XPERP-310328,BTC-USD_UM_XPERP-310328|15m|2026-09-29T01:45:00+00:00,MONITOR_BAR_CLOSED,82876.7,82915.2,15m,2026-09-29 01:45:00+00:00,1912.0
83024.0,83599.5,BTC-USD_UM_XPERP-310328,BTC-USD_UM_XPERP-310328|15m|2026-09-29T02:00:00+00:00,MONITOR_BAR_CLOSED,82876.7,83020.1,15m,2026-09-29 02:00:00+00:00,2205.0
82914.7,83122.8,BTC-USD_UM_XPERP-310328,BTC-USD_UM_XPERP-310328|15m|2026-09-29T02:15:00+00:00,MONITOR_BAR_CLOSED,82882.9,82994.5,15m,2026-09-29 02:15:00+00:00,1694.0
82994.0,82994.0,BTC-USD_UM_XPERP-310328,BTC-USD_UM_XPERP-310328|15m|2026-09-29T02:30:00+00:00,MONITOR_BAR_CLOSED,82856.9,82926.0,15m,2026-09-29 02:30:00+00:00,779.0
82928.1,83069.6,BTC-USD_UM_XPERP-310328,BTC-USD_UM_XPERP-310328|15m|2026-09-29T02:45:00+00:00,MONITOR_BAR_CLOSED,82871.0,82997.8,15m,2026-09-29 02:45:00+00:00,583.0
82879.7,83002.9,BTC-USD_UM_XPERP-310328,BTC-USD_UM_XPERP-310328|15m|2026-09-29T03:00:00+00:00,MONITOR_BAR_CLOSED,82869.3,82937.0,15m,2026-09-29 03:00:00+00:00,418.0
83176.4,83176.4,BTC-USD_UM_XPERP-310328,BTC-USD_UM_XPERP-310328|15m|2026-09-29T03:15:00+00:00,MONITOR_BAR_CLOSED,82851.4,82866.7,15m,2026-09-29 03:15:00+00:00,87.0
83131.9,83169.2,BTC-USD_UM_XPERP-310328,BTC-USD_UM_XPERP-310328|15m|2026-09-29T03:30:00+00:00,MONITOR_BAR_CLOSED,83086.0,83143.7,15m,2026-09-29 03:30:00+00:00,212.0
83025.1,83133.3,BTC-USD_UM_XPERP-310328,BTC-USD_UM_XPERP-310328|15m|2026-09-29T03:45:00+00:00,MONITOR_BAR_CLOSED,83025.1,83096.0,15m,2026-09-29 03:45:00+00:00,496.0
83104.3,83136.4,BTC-USD_UM_XPERP-310328,BTC-USD_UM_XPERP-310328|15m|2026-09-29T04:00:00+00:00,MONITOR_BAR_CLOSED,83000.0,83054.5,15m,2026-09-29 04:00:00+00:00,380.0
83191.4,83262.9,BTC-USD_UM_XPERP-310328,BTC-USD_UM_XPERP-310328|15m|2026-09-29T04:15:00+00:00,MONITOR_BAR_CLOSED,83110.9,83110.9,15m,2026-09-29 04:15:00+00:00,453.0
83133.4,83185.5,BTC-USD_UM_XPERP-310328,BTC-USD_UM_XPERP-310328|15m|2026-09-29T04:30:00+00:00,MONITOR_BAR_CLOSED,83069.6,83181.3,15m,2026-09-29 04:30:00+00:00,542.0
78399.9,80714.3,BTC-USD_UM_XPERP-310328,BTC-USD_UM_XPERP-310328|1h|2026-08-26T20:00:00+00:00,MONITOR_BAR_CLOSED,78160.2,78399.9,1h,2026-08-26 20:00:00+00:00,3398.0
78700.0,78789.5,BTC-USD_UM_XPERP-310328,BTC-USD_UM_XPERP-310328|1h|2026-08-26T21:00:00+00:00,MONITOR_BAR_CLOSED,78362.4,78380.0,1h,2026-08-26 21:00:00+00:00,4362.0
78684.4,78950.0,BTC-USD_UM_XPERP-310328,BTC-USD_UM_XPERP-310328|1h|2026-08-26T22:00:00+00:00,MONITOR_BAR_CLOSED,78505.0,78683.7,1h,2026-08-26 22:00:00+00:00,4925.0
78973.0,79121.0,BTC-USD_UM_XPERP-310328,BTC-USD_UM_XPERP-310328|1h|2026-08-26T23:00:00+00:00,MONITOR_BAR_CLOSED,78635.0,78691.8,1h,2026-08-26 23:00:00+00:00,4790.0
78679.6,79200.0,BTC-USD_UM_XPERP-310328,BTC-USD_UM_XPERP-310328|1h|2026-08-27T00:00:00+00:00,MONITOR_BAR_CLOSED,78666.4,79040.0,1h,2026-08-27 00:00:00+00:00,5958.0
78891.4,78980.0,BTC-USD_UM_XPERP-310328,BTC-USD_UM_XPERP-310328|1h|2026-08-27T01:00:00+00:00,MONITOR_BAR_CLOSED,78565.5,78660.0,1h,2026-08-27 01:00:00+00:00,5761.0
78693.3,78949.9,BTC-USD_UM_XPERP-310328,BTC-USD_UM_XPERP-310328|1h|2026-08-27T02:00:00+00:00,MONITOR_BAR_CLOSED,78677.5,78869.6,1h,2026-08-27 02:00:00+00:00,4306.0
78793.3,78946.2,BTC-USD_UM_XPERP-310328,BTC-USD_UM_XPERP-310328|1h|2026-08-27T03:00:00+00:00,MONITOR_BAR_CLOSED,78611.1,78694.2,1h,2026-08-27 03:00:00+00:00,2950.0
78740.0,78860.1,BTC-USD_UM_XPERP-310328,BTC-USD_UM_XPERP-310328|1h|2026-08-27T04:00:00+00:00,MONITOR_BAR_CLOSED,78656.6,78797.7,1h,2026-08-27 04:00:00+00:00,1674.0
78849.9,78875.0,BTC-USD_UM_XPERP-310328,BTC-USD_UM_XPERP-310328|1h|2026-08-27T05:00:00+00:00,MONITOR_BAR_CLOSED,78575.1,78737.1,1h,2026-08-27 05:00:00+00:00,3411.0
78800.0,81056.5,BTC-USD_UM_XPERP-310328,BTC-USD_UM_XPERP-310328|1h|2026-08-27T06:00:00+00:00,MONITOR_BAR_CLOSED,78588.6,78850.5,1h,2026-08-27 06:00:00+00:00,2846.0
79059.2,79060.9,BTC-USD_UM_XPERP-310328,BTC-USD_UM_XPERP-310328|1h|2026-08-27T07:00:00+00:00,MONITOR_BAR_CLOSED,78714.2,78750.0,1h,2026-08-27 07:00:00+00:00,1635.0
79713.4,79981.6,BTC-USD_UM_XPERP-310328,BTC-USD_UM_XPERP-310328|1h|2026-08-27T08:00:00+00:00,MONITOR_BAR_CLOSED,75499.6,79061.5,1h,2026-08-27 08:00:00+00:00,10992.0
79921.0,80458.1,BTC-USD_UM_XPERP-310328,BTC-USD_UM_XPERP-310328|1h|2026-08-27T09:00:00+00:00,MONITOR_BAR_CLOSED,79636.6,79760.0,1h,2026-08-27 09:00:00+00:00,9365.0
79589.8,80122.3,BTC-USD_UM_XPERP-310328,BTC-USD_UM_XPERP-310328|1h|2026-08-27T10:00:00+00:00,MONITOR_BAR_CLOSED,78362.4,79953.3,1h,2026-08-27 10:00:00+00:00,8222.0
79457.9,79722.6,BTC-USD_UM_XPERP-310328,BTC-USD_UM_XPERP-310328|1h|2026-08-27T11:00:00+00:00,MONITOR_BAR_CLOSED,79174.8,79589.9,1h,2026-08-27 11:00:00+00:00,5149.0
79251.8,79552.7,BTC-USD_UM_XPERP-310328,BTC-USD_UM_XPERP-310328|1h|2026-08-27T12:00:00+00:00,MONITOR_BAR_CLOSED,79138.9,79475.6,1h,2026-08-27 12:00:00+00:00,4004.0
79493.9,80888.0,BTC-USD_UM_XPERP-310328,BTC-USD_UM_XPERP-310328|1h|2026-08-27T13:00:00+00:00,MONITOR_BAR_CLOSED,78878.2,79283.3,1h,2026-08-27 13:00:00+00:00,9574.0
80164.3,80342.3,BTC-USD_UM_XPERP-310328,BTC-USD_UM_XPERP-310328|1h|2026-08-27T14:00:00+00:00,MONITOR_BAR_CLOSED,79285.7,79497.4,1h,2026-08-27 14:00:00+00:00,15773.0
80285.0,84895.1,BTC-USD_UM_XPERP-310328,BTC-USD_UM_XPERP-310328|1h|2026-08-27T15:00:00+00:00,MONITOR_BAR_CLOSED,76076.6,80176.3,1h,2026-08-27 15:00:00+00:00,10806.0
80354.1,80575.1,BTC-USD_UM_XPERP-310328,BTC-USD_UM_XPERP-310328|1h|2026-08-27T16:00:00+00:00,MONITOR_BAR_CLOSED,80147.2,80300.0,1h,2026-08-27 16:00:00+00:00,8572.0
80400.2,80775.8,BTC-USD_UM_XPERP-310328,BTC-USD_UM_XPERP-310328|1h|2026-08-27T17:00:00+00:00,MONITOR_BAR_CLOSED,80192.6,80329.8,1h,2026-08-27 17:00:00+00:00,7980.0
80113.6,80400.0,BTC-USD_UM_XPERP-310328,BTC-USD_UM_XPERP-310328|1h|2026-08-27T18:00:00+00:00,MONITOR_BAR_CLOSED,79475.8,80400.0,1h,2026-08-27 18:00:00+00:00,7771.0
79892.3,80253.2,BTC-USD_UM_XPERP-310328,BTC-USD_UM_XPERP-310328|1h|2026-08-27T19:00:00+00:00,MONITOR_BAR_CLOSED,79892.3,80092.0,1h,2026-08-27 19:00:00+00:00,2591.0
80050.3,80069.3,BTC-USD_UM_XPERP-310328,BTC-USD_UM_XPERP-310328|1h|2026-08-27T20:00:00+00:00,MONITOR_BAR_CLOSED,79841.7,79890.1,1h,2026-08-27 20:00:00+00:00,2002.0
80149.9,80151.4,BTC-USD_UM_XPERP-310328,BTC-USD_UM_XPERP-310328|1h|2026-08-27T21:00:00+00:00,MONITOR_BAR_CLOSED,79943.7,80069.8,1h,2026-08-27 21:00:00+00:00,2070.0
80217.0,80381.2,BTC-USD_UM_XPERP-310328,BTC-USD_UM_XPERP-310328|1h|2026-08-27T22:00:00+00:00,MONITOR_BAR_CLOSED,80114.4,80170.0,1h,2026-08-27 22:00:00+00:00,2565.0
80209.8,80354.8,BTC-USD_UM_XPERP-310328,BTC-USD_UM_XPERP-310328|1h|2026-08-27T23:00:00+00:00,MONITOR_BAR_CLOSED,80110.0,80239.2,1h,2026-08-27 23:00:00+00:00,1893.0
80521.3,80662.8,BTC-USD_UM_XPERP-310328,BTC-USD_UM_XPERP-310328|1h|2026-08-28T00:00:00+00:00,MONITOR_BAR_CLOSED,80111.4,80221.7,1h,2026-08-28 00:00:00+00:00,2698.0
80480.9,81313.1,BTC-USD_UM_XPERP-310328,BTC-USD_UM_XPERP-310328|1h|2026-08-28T01:00:00+00:00,MONITOR_BAR_CLOSED,80424.5,80666.7,1h,2026-08-28 01:00:00+00:00,11550.0
79935.0,80476.7,BTC-USD_UM_XPERP-310328,BTC-USD_UM_XPERP-310328|1h|2026-08-28T02:00:00+00:00,MONITOR_BAR_CLOSED,79760.0,80476.7,1h,2026-08-28 02:00:00+00:00,12843.0
79766.5,80077.8,BTC-USD_UM_XPERP-310328,BTC-USD_UM_XPERP-310328|1h|2026-08-28T03:00:00+00:00,MONITOR_BAR_CLOSED,79744.6,79888.1,1h,2026-08-28 03:00:00+00:00,6839.0
79620.0,82978.7,BTC-USD_UM_XPERP-310328,BTC-USD_UM_XPERP-310328|1h|2026-08-28T04:00:00+00:00,MONITOR_BAR_CLOSED,79574.5,79820.0,1h,2026-08-28 04:00:00+00:00,8000.0
79654.6,79844.5,BTC-USD_UM_XPERP-310328,BTC-USD_UM_XPERP-310328|1h|2026-08-28T05:00:00+00:00,MONITOR_BAR_CLOSED,79534.9,79605.2,1h,2026-08-28 05:00:00+00:00,6515.0
79870.0,79989.1,BTC-USD_UM_XPERP-310328,BTC-USD_UM_XPERP-310328|1h|2026-08-28T06:00:00+00:00,MONITOR_BAR_CLOSED,79682.3,79682.3,1h,2026-08-28 06:00:00+00:00,5855.0
79627.1,79863.4,BTC-USD_UM_XPERP-310328,BTC-USD_UM_XPERP-310328|1h|2026-08-28T07:00:00+00:00,MONITOR_BAR_CLOSED,79558.6,79863.4,1h,2026-08-28 07:00:00+00:00,5352.0
79487.0,80833.3,BTC-USD_UM_XPERP-310328,BTC-USD_UM_XPERP-310328|1h|2026-08-28T08:00:00+00:00,MONITOR_BAR_CLOSED,79467.9,79675.0,1h,2026-08-28 08:00:00+00:00,5383.0
79265.8,80888.0,BTC-USD_UM_XPERP-310328,BTC-USD_UM_XPERP-310328|1h|2026-08-28T09:00:00+00:00,MONITOR_BAR_CLOSED,79249.6,79489.8,1h,2026-08-28 09:00:00+00:00,6293.0
79516.1,80000.0,BTC-USD_UM_XPERP-310328,BTC-USD_UM_XPERP-310328|1h|2026-08-28T10:00:00+00:00,MONITOR_BAR_CLOSED,78999.8,79274.2,1h,2026-08-28 10:00:00+00:00,8067.0
79571.0,79880.0,BTC-USD_UM_XPERP-310328,BTC-USD_UM_XPERP-310328|1h|2026-08-28T11:00:00+00:00,MONITOR_BAR_CLOSED,79527.0,79540.7,1h,2026-08-28 11:00:00+00:00,5713.0
79360.8,79675.4,BTC-USD_UM_XPERP-310328,BTC-USD_UM_XPERP-310328|1h|2026-08-28T12:00:00+00:00,MONITOR_BAR_CLOSED,79280.0,79570.3,1h,2026-08-28 12:00:00+00:00,5462.0
79474.4,80000.0,BTC-USD_UM_XPERP-310328,BTC-USD_UM_XPERP-310328|1h|2026-08-28T13:00:00+00:00,MONITOR_BAR_CLOSED,79006.2,79400.0,1h,2026-08-28 13:00:00+00:00,4894.0
79460.5,79641.6,BTC-USD_UM_XPERP-310328,BTC-USD_UM_XPERP-310328|1h|2026-08-28T14:00:00+00:00,MONITOR_BAR_CLOSED,78472.0,79415.0,1h,2026-08-28 14:00:00+00:00,19836.0
78300.0,79752.5,BTC-USD_UM_XPERP-310328,BTC-USD_UM_XPERP-310328|1h|2026-08-28T15:00:00+00:00,MONITOR_BAR_CLOSED,77885.6,79520.0,1h,2026-08-28 15:00:00+00:00,6168.0
77761.7,78365.0,BTC-USD_UM_XPERP-310328,BTC-USD_UM_XPERP-310328|1h|2026-08-28T16:00:00+00:00,MONITOR_BAR_CLOSED,76785.7,78316.6,1h,2026-08-28 16:00:00+00:00,20380.0
77881.6,78571.4,BTC-USD_UM_XPERP-310328,BTC-USD_UM_XPERP-310328|1h|2026-08-28T17:00:00+00:00,MONITOR_BAR_CLOSED,76254.4,77755.0,1h,2026-08-28 17:00:00+00:00,8799.0
77512.3,77901.0,BTC-USD_UM_XPERP-310328,BTC-USD_UM_XPERP-310328|1h|2026-08-28T18:00:00+00:00,MONITOR_BAR_CLOSED,77200.0,77877.1,1h,2026-08-28 18:00:00+00:00,6981.0
77532.0,78950.8,BTC-USD_UM_XPERP-310328,BTC-USD_UM_XPERP-310328|1h|2026-08-28T19:00:00+00:00,MONITOR_BAR_CLOSED,77356.7,77520.0,1h,2026-08-28 19:00:00+00:00,3559.0
77364.1,77581.4,BTC-USD_UM_XPERP-310328,BTC-USD_UM_XPERP-310328|1h|2026-08-28T20:00:00+00:00,MONITOR_BAR_CLOSED,77286.1,77524.7,1h,2026-08-28 20:00:00+00:00,1908.0
77266.2,77500.0,BTC-USD_UM_XPERP-310328,BTC-USD_UM_XPERP-310328|1h|2026-08-28T21:00:00+00:00,MONITOR_BAR_CLOSED,77266.2,77392.2,1h,2026-08-28 21:00:00+00:00,1269.0
77732.2,77732.2,BTC-USD_UM_XPERP-310328,BTC-USD_UM_XPERP-310328|1h|2026-08-28T22:00:00+00:00,MONITOR_BAR_CLOSED,77323.9,77323.9,1h,2026-08-28 22:00:00+00:00,775.0
77812.9,77857.1,BTC-USD_UM_XPERP-310328,BTC-USD_UM_XPERP-310328|1h|2026-08-28T23:00:00+00:00,MONITOR_BAR_CLOSED,77615.3,77673.1,1h,2026-08-28 23:00:00+00:00,551.0
77684.1,77911.0,BTC-USD_UM_XPERP-310328,BTC-USD_UM_XPERP-310328|1h|2026-08-29T00:00:00+00:00,MONITOR_BAR_CLOSED,77684.1,77785.1,1h,2026-08-29 00:00:00+00:00,2811.0
77760.8,77790.0,BTC-USD_UM_XPERP-310328,BTC-USD_UM_XPERP-310328|1h|2026-08-29T01:00:00+00:00,MONITOR_BAR_CLOSED,77600.1,77691.9,1h,2026-08-29 01:00:00+00:00,672.0
77648.8,77818.2,BTC-USD_UM_XPERP-310328,BTC-USD_UM_XPERP-310328|1h|2026-08-29T02:00:00+00:00,MONITOR_BAR_CLOSED,77541.1,77760.2,1h,2026-08-29 02:00:00+00:00,577.0
77480.0,77690.0,BTC-USD_UM_XPERP-310328,BTC-USD_UM_XPERP-310328|1h|2026-08-29T03:00:00+00:00,MONITOR_BAR_CLOSED,77480.0,77635.2,1h,2026-08-29 03:00:00+00:00,881.0
77615.6,77640.0,BTC-USD_UM_XPERP-310328,BTC-USD_UM_XPERP-310328|1h|2026-08-29T04:00:00+00:00,MONITOR_BAR_CLOSED,77475.1,77475.1,1h,2026-08-29 04:00:00+00:00,705.0
77594.3,77683.1,BTC-USD_UM_XPERP-310328,BTC-USD_UM_XPERP-310328|1h|2026-08-29T05:00:00+00:00,MONITOR_BAR_CLOSED,77572.1,77616.9,1h,2026-08-29 05:00:00+00:00,1007.0
77421.0,77599.6,BTC-USD_UM_XPERP-310328,BTC-USD_UM_XPERP-310328|1h|2026-08-29T06:00:00+00:00,MONITOR_BAR_CLOSED,77350.1,77599.6,1h,2026-08-29 06:00:00+00:00,847.0
77584.0,77625.0,BTC-USD_UM_XPERP-310328,BTC-USD_UM_XPERP-310328|1h|2026-08-29T07:00:00+00:00,MONITOR_BAR_CLOSED,77404.3,77452.0,1h,2026-08-29 07:00:00+00:00,253.0
77595.0,77687.9,BTC-USD_UM_XPERP-310328,BTC-USD_UM_XPERP-310328|1h|2026-08-29T08:00:00+00:00,MONITOR_BAR_CLOSED,77453.2,77582.4,1h,2026-08-29 08:00:00+00:00,257.0
77631.1,77717.6,BTC-USD_UM_XPERP-310328,BTC-USD_UM_XPERP-310328|1h|2026-08-29T09:00:00+00:00,MONITOR_BAR_CLOSED,77546.6,77600.0,1h,2026-08-29 09:00:00+00:00,358.0
77600.6,77687.4,BTC-USD_UM_XPERP-310328,BTC-USD_UM_XPERP-310328|1h|2026-08-29T10:00:00+00:00,MONITOR_BAR_CLOSED,77496.3,77600.0,1h,2026-08-29 10:00:00+00:00,372.0
77550.8,77687.7,BTC-USD_UM_XPERP-310328,BTC-USD_UM_XPERP-310328|1h|2026-08-29T11:00:00+00:00,MONITOR_BAR_CLOSED,77533.3,77600.0,1h,2026-08-29 11:00:00+00:00,205.0
77541.1,77625.8,BTC-USD_UM_XPERP-310328,BTC-USD_UM_XPERP-310328|1h|2026-08-29T12:00:00+00:00,MONITOR_BAR_CLOSED,77500.0,77554.8,1h,2026-08-29 12:00:00+00:00,328.0
77671.0,77692.1,BTC-USD_UM_XPERP-310328,BTC-USD_UM_XPERP-310328|1h|2026-08-29T13:00:00+00:00,MONITOR_BAR_CLOSED,77559.3,77559.3,1h,2026-08-29 13:00:00+00:00,498.0
77976.0,79698.6,BTC-USD_UM_XPERP-310328,BTC-USD_UM_XPERP-310328|1h|2026-08-29T14:00:00+00:00,MONITOR_BAR_CLOSED,77621.1,77658.7,1h,2026-08-29 14:00:00+00:00,4124.0
77803.3,77955.5,BTC-USD_UM_XPERP-310328,BTC-USD_UM_XPERP-310328|1h|2026-08-29T15:00:00+00:00,MONITOR_BAR_CLOSED,77769.7,77955.4,1h,2026-08-29 15:00:00+00:00,1055.0
77960.0,78070.6,BTC-USD_UM_XPERP-310328,BTC-USD_UM_XPERP-310328|1h|2026-08-29T16:00:00+00:00,MONITOR_BAR_CLOSED,77821.6,77821.6,1h,2026-08-29 16:00:00+00:00,1876.0
78062.0,78062.0,BTC-USD_UM_XPERP-310328,BTC-USD_UM_XPERP-310328|1h|2026-08-29T17:00:00+00:00,MONITOR_BAR_CLOSED,76631.5,77995.1,1h,2026-08-29 17:00:00+00:00,733.0
78118.7,78215.0,BTC-USD_UM_XPERP-310328,BTC-USD_UM_XPERP-310328|1h|2026-08-29T18:00:00+00:00,MONITOR_BAR_CLOSED,77975.9,78062.9,1h,2026-08-29 18:00:00+00:00,700.0
78080.0,78300.0,BTC-USD_UM_XPERP-310328,BTC-USD_UM_XPERP-310328|1h|2026-08-29T19:00:00+00:00,MONITOR_BAR_CLOSED,78080.0,78133.2,1h,2026-08-29 19:00:00+00:00,837.0
78088.6,78227.3,BTC-USD_UM_XPERP-310328,BTC-USD_UM_XPERP-310328|1h|2026-08-29T20:00:00+00:00,MONITOR_BAR_CLOSED,78078.1,78152.4,1h,2026-08-29 20:00:00+00:00,214.0
78149.9,78149.9,BTC-USD_UM_XPERP-310328,BTC-USD_UM_XPERP-310328|1h|2026-08-29T21:00:00+00:00,MONITOR_BAR_CLOSED,78023.1,78066.7,1h,2026-08-29 21:00:00+00:00,161.0
78192.3,78200.0,BTC-USD_UM_XPERP-310328,BTC-USD_UM_XPERP-310328|1h|2026-08-29T22:00:00+00:00,MONITOR_BAR_CLOSED,78050.7,78129.4,1h,2026-08-29 22:00:00+00:00,173.0
78202.4,78233.7,BTC-USD_UM_XPERP-310328,BTC-USD_UM_XPERP-310328|1h|2026-08-29T23:00:00+00:00,MONITOR_BAR_CLOSED,78159.5,78200.3,1h,2026-08-29 23:00:00+00:00,297.0
78140.0,78287.9,BTC-USD_UM_XPERP-310328,BTC-USD_UM_XPERP-310328|1h|2026-08-30T00:00:00+00:00,MONITOR_BAR_CLOSED,78100.0,78194.6,1h,2026-08-30 00:00:00+00:00,915.0
78012.3,78139.9,BTC-USD_UM_XPERP-310328,BTC-USD_UM_XPERP-310328|1h|2026-08-30T01:00:00+00:00,MONITOR_BAR_CLOSED,77954.5,78133.3,1h,2026-08-30 01:00:00+00:00,636.0
78070.4,78140.0,BTC-USD_UM_XPERP-310328,BTC-USD_UM_XPERP-310328|1h|2026-08-30T02:00:00+00:00,MONITOR_BAR_CLOSED,77975.5,78030.4,1h,2026-08-30 02:00:00+00:00,294.0
78104.4,78197.9,BTC-USD_UM_XPERP-310328,BTC-USD_UM_XPERP-310328|1h|2026-08-30T03:00:00+00:00,MONITOR_BAR_CLOSED,78031.0,78066.7,1h,2026-08-30 03:00:00+00:00,228.0
78071.2,78186.8,BTC-USD_UM_XPERP-310328,BTC-USD_UM_XPERP-310328|1h|2026-08-30T04:00:00+00:00,MONITOR_BAR_CLOSED,77972.1,78104.4,1h,2026-08-30 04:00:00+00:00,2285.0
78098.0,78190.0,BTC-USD_UM_XPERP-310328,BTC-USD_UM_XPERP-310328|1h|2026-08-30T05:00:00+00:00,MONITOR_BAR_CLOSED,78080.0,78080.0,1h,2026-08-30 05:00:00+00:00,575.0
78248.3,78275.9,BTC-USD_UM_XPERP-310328,BTC-USD_UM_XPERP-310328|1h|2026-08-30T06:00:00+00:00,MONITOR_BAR_CLOSED,78080.0,78088.2,1h,2026-08-30 06:00:00+00:00,297.0
78079.6,78263.2,BTC-USD_UM_XPERP-310328,BTC-USD_UM_XPERP-310328|1h|2026-08-30T07:00:00+00:00,MONITOR_BAR_CLOSED,78077.5,78263.2,1h,2026-08-30 07:00:00+00:00,683.0
78040.5,78172.1,BTC-USD_UM_XPERP-310328,BTC-USD_UM_XPERP-310328|1h|2026-08-30T08:00:00+00:00,MONITOR_BAR_CLOSED,78005.4,78080.1,1h,2026-08-30 08:00:00+00:00,290.0
77993.3,78090.0,BTC-USD_UM_XPERP-310328,BTC-USD_UM_XPERP-310328|1h|2026-08-30T09:00:00+00:00,MONITOR_BAR_CLOSED,77971.1,78040.2,1h,2026-08-30 09:00:00+00:00,382.0
78110.4,78120.0,BTC-USD_UM_XPERP-310328,BTC-USD_UM_XPERP-310328|1h|2026-08-30T10:00:00+00:00,MONITOR_BAR_CLOSED,77938.0,77960.0,1h,2026-08-30 10:00:00+00:00,1645.0
78134.5,78197.6,BTC-USD_UM_XPERP-310328,BTC-USD_UM_XPERP-310328|1h|2026-08-30T11:00:00+00:00,MONITOR_BAR_CLOSED,78084.4,78125.0,1h,2026-08-30 11:00:00+00:00,183.0
78695.8,78816.5,BTC-USD_UM_XPERP-310328,BTC-USD_UM_XPERP-310328|1h|2026-08-30T12:00:00+00:00,MONITOR_BAR_CLOSED,78144.6,78144.6,1h,2026-08-30 12:00:00+00:00,4468.0
78818.7,78933.3,BTC-USD_UM_XPERP-310328,BTC-USD_UM_XPERP-310328|1h|2026-08-30T13:00:00+00:00,MONITOR_BAR_CLOSED,74438.2,78733.3,1h,2026-08-30 13:00:00+00:00,1859.0
78777.6,78905.7,BTC-USD_UM_XPERP-310328,BTC-USD_UM_XPERP-310328|1h|2026-08-30T14:00:00+00:00,MONITOR_BAR_CLOSED,76988.4,78800.0,1h,2026-08-30 14:00:00+00:00,2284.0
78764.4,78851.0,BTC-USD_UM_XPERP-310328,BTC-USD_UM_XPERP-310328|1h|2026-08-30T15:00:00+00:00,MONITOR_BAR_CLOSED,78585.1,78759.9,1h,2026-08-30 15:00:00+00:00,2036.0
79286.8,79350.0,BTC-USD_UM_XPERP-310328,BTC-USD_UM_XPERP-310328|1h|2026-08-30T16:00:00+00:00,MONITOR_BAR_CLOSED,78711.0,78786.7,1h,2026-08-30 16:00:00+00:00,7019.0
78969.4,79564.8,BTC-USD_UM_XPERP-310328,BTC-USD_UM_XPERP-310328|1h|2026-08-30T17:00:00+00:00,MONITOR_BAR_CLOSED,78745.5,79308.0,1h,2026-08-30 17:00:00+00:00,4860.0
79004.3,79140.7,BTC-USD_UM_XPERP-310328,BTC-USD_UM_XPERP-310328|1h|2026-08-30T18:00:00+00:00,MONITOR_BAR_CLOSED,78767.9,78993.2,1h,2026-08-30 18:00:00+00:00,2425.0
78811.9,79000.0,BTC-USD_UM_XPERP-310328,BTC-USD_UM_XPERP-310328|1h|2026-08-30T19:00:00+00:00,MONITOR_BAR_CLOSED,78692.4,78980.0,1h,2026-08-30 19:00:00+00:00,516.0
78570.0,78900.0,BTC-USD_UM_XPERP-310328,BTC-USD_UM_XPERP-310328|1h|2026-08-30T20:00:00+00:00,MONITOR_BAR_CLOSED,78413.5,78841.4,1h,2026-08-30 20:00:00+00:00,2666.0
78616.5,78695.5,BTC-USD_UM_XPERP-310328,BTC-USD_UM_XPERP-310328|1h|2026-08-30T21:00:00+00:00,MONITOR_BAR_CLOSED,78255.9,78560.0,1h,2026-08-30 21:00:00+00:00,5313.0
78399.9,78769.6,BTC-USD_UM_XPERP-310328,BTC-USD_UM_XPERP-310328|1h|2026-08-30T22:00:00+00:00,MONITOR_BAR_CLOSED,76085.9,78570.0,1h,2026-08-30 22:00:00+00:00,3878.0
77675.9,78415.5,BTC-USD_UM_XPERP-310328,BTC-USD_UM_XPERP-310328|1h|2026-08-30T23:00:00+00:00,MONITOR_BAR_CLOSED,77051.9,78381.7,1h,2026-08-30 23:00:00+00:00,15886.0
77890.2,78141.4,BTC-USD_UM_XPERP-310328,BTC-USD_UM_XPERP-310328|1h|2026-08-31T00:00:00+00:00,MONITOR_BAR_CLOSED,77410.3,77681.7,1h,2026-08-31 00:00:00+00:00,15112.0
77592.1,77965.6,BTC-USD_UM_XPERP-310328,BTC-USD_UM_XPERP-310328|1h|2026-08-31T01:00:00+00:00,MONITOR_BAR_CLOSED,77540.0,77895.8,1h,2026-08-31 01:00:00+00:00,6318.0
77441.7,77973.9,BTC-USD_UM_XPERP-310328,BTC-USD_UM_XPERP-310328|1h|2026-08-31T02:00:00+00:00,MONITOR_BAR_CLOSED,77358.5,77577.7,1h,2026-08-31 02:00:00+00:00,3571.0
77716.9,77807.4,BTC-USD_UM_XPERP-310328,BTC-USD_UM_XPERP-310328|1h|2026-08-31T03:00:00+00:00,MONITOR_BAR_CLOSED,77384.1,77465.0,1h,2026-08-31 03:00:00+00:00,2745.0
77595.4,77703.3,BTC-USD_UM_XPERP-310328,BTC-USD_UM_XPERP-310328|1h|2026-08-31T04:00:00+00:00,MONITOR_BAR_CLOSED,77440.2,77701.8,1h,2026-08-31 04:00:00+00:00,3535.0
77996.9,78115.0,BTC-USD_UM_XPERP-310328,BTC-USD_UM_XPERP-310328|1h|2026-08-31T05:00:00+00:00,MONITOR_BAR_CLOSED,77480.0,77580.3,1h,2026-08-31 05:00:00+00:00,1875.0
78066.7,78778.3,BTC-USD_UM_XPERP-310328,BTC-USD_UM_XPERP-310328|1h|2026-08-31T06:00:00+00:00,MONITOR_BAR_CLOSED,77834.1,77980.0,1h,2026-08-31 06:00:00+00:00,5606.0
78162.6,78283.6,BTC-USD_UM_XPERP-310328,BTC-USD_UM_XPERP-310328|1h|2026-08-31T07:00:00+00:00,MONITOR_BAR_CLOSED,78012.3,78050.0,1h,2026-08-31 07:00:00+00:00,3576.0
78438.3,80000.0,BTC-USD_UM_XPERP-310328,BTC-USD_UM_XPERP-310328|1h|2026-08-31T08:00:00+00:00,MONITOR_BAR_CLOSED,77954.5,78170.4,1h,2026-08-31 08:00:00+00:00,1836.0
78489.9,79104.9,BTC-USD_UM_XPERP-310328,BTC-USD_UM_XPERP-310328|1h|2026-08-31T09:00:00+00:00,MONITOR_BAR_CLOSED,78355.2,78428.1,1h,2026-08-31 09:00:00+00:00,4029.0
78671.3,78671.3,BTC-USD_UM_XPERP-310328,BTC-USD_UM_XPERP-310328|1h|2026-08-31T10:00:00+00:00,MONITOR_BAR_CLOSED,65727.3,78478.4,1h,2026-08-31 10:00:00+00:00,3186.0
78285.4,78700.0,BTC-USD_UM_XPERP-310328,BTC-USD_UM_XPERP-310328|1h|2026-08-31T11:00:00+00:00,MONITOR_BAR_CLOSED,78266.7,78675.0,1h,2026-08-31 11:00:00+00:00,1573.0
77875.9,78501.2,BTC-USD_UM_XPERP-310328,BTC-USD_UM_XPERP-310328|1h|2026-08-31T12:00:00+00:00,MONITOR_BAR_CLOSED,77720.5,78285.4,1h,2026-08-31 12:00:00+00:00,11259.0
77778.4,78216.0,BTC-USD_UM_XPERP-310328,BTC-USD_UM_XPERP-310328|1h|2026-08-31T13:00:00+00:00,MONITOR_BAR_CLOSED,77703.3,77800.0,1h,2026-08-31 13:00:00+00:00,8274.0
78538.2,79000.0,BTC-USD_UM_XPERP-310328,BTC-USD_UM_XPERP-310328|1h|2026-08-31T14:00:00+00:00,MONITOR_BAR_CLOSED,77475.0,77827.3,1h,2026-08-31 14:00:00+00:00,19757.0
78520.9,82449.4,BTC-USD_UM_XPERP-310328,BTC-USD_UM_XPERP-310328|1h|2026-08-31T15:00:00+00:00,MONITOR_BAR_CLOSED,74800.0,78549.8,1h,2026-08-31 15:00:00+00:00,10605.0
78602.0,78825.7,BTC-USD_UM_XPERP-310328,BTC-USD_UM_XPERP-310328|1h|2026-08-31T16:00:00+00:00,MONITOR_BAR_CLOSED,78488.1,78549.5,1h,2026-08-31 16:00:00+00:00,9297.0
78864.8,78918.0,BTC-USD_UM_XPERP-310328,BTC-USD_UM_XPERP-310328|1h|2026-08-31T17:00:00+00:00,MONITOR_BAR_CLOSED,78335.0,78600.0,1h,2026-08-31 17:00:00+00:00,7174.0
78980.0,79172.3,BTC-USD_UM_XPERP-310328,BTC-USD_UM_XPERP-310328|1h|2026-08-31T18:00:00+00:00,MONITOR_BAR_CLOSED,78750.0,78864.0,1h,2026-08-31 18:00:00+00:00,3194.0
78903.5,79217.8,BTC-USD_UM_XPERP-310328,BTC-USD_UM_XPERP-310328|1h|2026-08-31T19:00:00+00:00,MONITOR_BAR_CLOSED,78830.0,78977.7,1h,2026-08-31 19:00:00+00:00,3388.0
78889.1,79111.1,BTC-USD_UM_XPERP-310328,BTC-USD_UM_XPERP-310328|1h|2026-08-31T20:00:00+00:00,MONITOR_BAR_CLOSED,78765.0,78872.7,1h,2026-08-31 20:00:00+00:00,2536.0
78921.9,83035.1,BTC-USD_UM_XPERP-310328,BTC-USD_UM_XPERP-310328|1h|2026-08-31T21:00:00+00:00,MONITOR_BAR_CLOSED,78703.9,78800.0,1h,2026-08-31 21:00:00+00:00,1132.0
78552.5,81190.5,BTC-USD_UM_XPERP-310328,BTC-USD_UM_XPERP-310328|1h|2026-08-31T22:00:00+00:00,MONITOR_BAR_CLOSED,78534.3,78948.8,1h,2026-08-31 22:00:00+00:00,1501.0
78529.0,78550.7,BTC-USD_UM_XPERP-310328,BTC-USD_UM_XPERP-310328|1h|2026-08-31T23:00:00+00:00,MONITOR_BAR_CLOSED,78360.0,78533.3,1h,2026-08-31 23:00:00+00:00,1270.0
78571.0,78858.5,BTC-USD_UM_XPERP-310328,BTC-USD_UM_XPERP-310328|1h|2026-09-01T00:00:00+00:00,MONITOR_BAR_CLOSED,78530.8,78549.9,1h,2026-09-01 00:00:00+00:00,5663.0
78372.1,78759.7,BTC-USD_UM_XPERP-310328,BTC-USD_UM_XPERP-310328|1h|2026-09-01T01:00:00+00:00,MONITOR_BAR_CLOSED,78360.0,78620.0,1h,2026-09-01 01:00:00+00:00,3097.0
78412.2,78412.2,BTC-USD_UM_XPERP-310328,BTC-USD_UM_XPERP-310328|1h|2026-09-01T02:00:00+00:00,MONITOR_BAR_CLOSED,78165.9,78335.0,1h,2026-09-01 02:00:00+00:00,2783.0
78655.2,78841.4,BTC-USD_UM_XPERP-310328,BTC-USD_UM_XPERP-310328|1h|2026-09-01T03:00:00+00:00,MONITOR_BAR_CLOSED,78375.0,78429.9,1h,2026-09-01 03:00:00+00:00,2687.0
78695.4,78879.0,BTC-USD_UM_XPERP-310328,BTC-USD_UM_XPERP-310328|1h|2026-09-01T04:00:00+00:00,MONITOR_BAR_CLOSED,78629.4,78673.1,1h,2026-09-01 04:00:00+00:00,2010.0
79140.0,79181.8,BTC-USD_UM_XPERP-310328,BTC-USD_UM_XPERP-310328|1h|2026-09-01T05:00:00+00:00,MONITOR_BAR_CLOSED,78733.3,78733.3,1h,2026-09-01 05:00:00+00:00,2538.0
78704.9,79886.0,BTC-USD_UM_XPERP-310328,BTC-USD_UM_XPERP-310328|1h|2026-09-01T06:00:00+00:00,MONITOR_BAR_CLOSED,78704.9,79200.0,1h,2026-09-01 06:00:00+00:00,1736.0
78590.5,78766.9,BTC-USD_UM_XPERP-310328,BTC-USD_UM_XPERP-310328|1h|2026-09-01T07:00:00+00:00,MONITOR_BAR_CLOSED,78462.8,78700.0,1h,2026-09-01 07:00:00+00:00,1256.0
77852.1,78666.7,BTC-USD_UM_XPERP-310328,BTC-USD_UM_XPERP-310328|1h|2026-09-01T08:00:00+00:00,MONITOR_BAR_CLOSED,77794.5,78620.2,1h,2026-09-01 08:00:00+00:00,7227.0
77873.5,78020.0,BTC-USD_UM_XPERP-310328,BTC-USD_UM_XPERP-310328|1h|2026-09-01T09:00:00+00:00,MONITOR_BAR_CLOSED,73846.2,77840.0,1h,2026-09-01 09:00:00+00:00,2196.0
78001.9,78147.0,BTC-USD_UM_XPERP-310328,BTC-USD_UM_XPERP-310328|1h|2026-09-01T10:00:00+00:00,MONITOR_BAR_CLOSED,77730.1,77866.7,1h,2026-09-01 10:00:00+00:00,3576.0
78060.3,78147.0,BTC-USD_UM_XPERP-310328,BTC-USD_UM_XPERP-310328|1h|2026-09-01T11:00:00+00:00,MONITOR_BAR_CLOSED,77852.9,77937.1,1h,2026-09-01 11:00:00+00:00,2382.0
77983.6,78100.0,BTC-USD_UM_XPERP-310328,BTC-USD_UM_XPERP-310328|1h|2026-09-01T12:00:00+00:00,MONITOR_BAR_CLOSED,77721.4,78054.4,1h,2026-09-01 12:00:00+00:00,6128.0
77997.2,78149.8,BTC-USD_UM_XPERP-310328,BTC-USD_UM_XPERP-310328|1h|2026-09-01T13:00:00+00:00,MONITOR_BAR_CLOSED,77500.0,77959.2,1h,2026-09-01 13:00:00+00:00,15375.0
78127.8,78384.9,BTC-USD_UM_XPERP-310328,BTC-USD_UM_XPERP-310328|1h|2026-09-01T14:00:00+00:00,MONITOR_BAR_CLOSED,78042.1,78042.1,1h,2026-09-01 14:00:00+00:00,15081.0
77888.3,78129.3,BTC-USD_UM_XPERP-310328,BTC-USD_UM_XPERP-310328|1h|2026-09-01T15:00:00+00:00,MONITOR_BAR_CLOSED,77682.1,78129.3,1h,2026-09-01 15:00:00+00:00,6482.0
77568.9,79062.5,BTC-USD_UM_XPERP-310328,BTC-USD_UM_XPERP-310328|1h|2026-09-01T16:00:00+00:00,MONITOR_BAR_CLOSED,75952.4,77882.9,1h,2026-09-01 16:00:00+00:00,6777.0
77225.4,79285.7,BTC-USD_UM_XPERP-310328,BTC-USD_UM_XPERP-310328|1h|2026-09-01T17:00:00+00:00,MONITOR_BAR_CLOSED,77225.4,77592.8,1h,2026-09-01 17:00:00+00:00,9927.0
77111.1,77290.1,BTC-USD_UM_XPERP-310328,BTC-USD_UM_XPERP-310328|1h|2026-09-01T18:00:00+00:00,MONITOR_BAR_CLOSED,76397.5,77257.9,1h,2026-09-01 18:00:00+00:00,12510.0
77270.8,77410.0,BTC-USD_UM_XPERP-310328,BTC-USD_UM_XPERP-310328|1h|2026-09-01T19:00:00+00:00,MONITOR_BAR_CLOSED,77105.3,77118.8,1h,2026-09-01 19:00:00+00:00,5355.0
77422.8,77439.9,BTC-USD_UM_XPERP-310328,BTC-USD_UM_XPERP-310328|1h|2026-09-01T20:00:00+00:00,MONITOR_BAR_CLOSED,77236.1,77294.1,1h,2026-09-01 20:00:00+00:00,3279.0
77220.9,77474.6,BTC-USD_UM_XPERP-310328,BTC-USD_UM_XPERP-310328|1h|2026-09-01T21:00:00+00:00,MONITOR_BAR_CLOSED,76888.7,77404.7,1h,2026-09-01 21:00:00+00:00,2556.0
77243.1,77313.7,BTC-USD_UM_XPERP-310328,BTC-USD_UM_XPERP-310328|1h|2026-09-01T22:00:00+00:00,MONITOR_BAR_CLOSED,77002.1,77165.0,1h,2026-09-01 22:00:00+00:00,1158.0
77410.2,77566.9,BTC-USD_UM_XPERP-310328,BTC-USD_UM_XPERP-310328|1h|2026-09-01T23:00:00+00:00,MONITOR_BAR_CLOSED,77200.0,77236.1,1h,2026-09-01 23:00:00+00:00,4965.0
77219.9,77546.6,BTC-USD_UM_XPERP-310328,BTC-USD_UM_XPERP-310328|1h|2026-09-02T00:00:00+00:00,MONITOR_BAR_CLOSED,77115.3,77423.1,1h,2026-09-02 00:00:00+00:00,5843.0
76990.2,77333.3,BTC-USD_UM_XPERP-310328,BTC-USD_UM_XPERP-310328|1h|2026-09-02T01:00:00+00:00,MONITOR_BAR_CLOSED,76714.7,77199.0,1h,2026-09-02 01:00:00+00:00,8848.0
77295.0,77297.8,BTC-USD_UM_XPERP-310328,BTC-USD_UM_XPERP-310328|1h|2026-09-02T02:00:00+00:00,MONITOR_BAR_CLOSED,76920.0,76998.0,1h,2026-09-02 02:00:00+00:00,3966.0
77530.0,77798.2,BTC-USD_UM_XPERP-310328,BTC-USD_UM_XPERP-310328|1h|2026-09-02T03:00:00+00:00,MONITOR_BAR_CLOSED,77300.0,77300.0,1h,2026-09-02 03:00:00+00:00,3730.0
77518.0,77568.0,BTC-USD_UM_XPERP-310328,BTC-USD_UM_XPERP-310328|1h|2026-09-02T04:00:00+00:00,MONITOR_BAR_CLOSED,77266.7,77530.5,1h,2026-09-02 04:00:00+00:00,1170.0
77594.2,77727.4,BTC-USD_UM_XPERP-310328,BTC-USD_UM_XPERP-310328|1h|2026-09-02T05:00:00+00:00,MONITOR_BAR_CLOSED,77400.0,77529.3,1h,2026-09-02 05:00:00+00:00,2570.0
77547.8,77677.3,BTC-USD_UM_XPERP-310328,BTC-USD_UM_XPERP-310328|1h|2026-09-02T06:00:00+00:00,MONITOR_BAR_CLOSED,77441.7,77623.2,1h,2026-09-02 06:00:00+00:00,2040.0
77450.0,77717.9,BTC-USD_UM_XPERP-310328,BTC-USD_UM_XPERP-310328|1h|2026-09-02T07:00:00+00:00,MONITOR_BAR_CLOSED,77450.0,77595.0,1h,2026-09-02 07:00:00+00:00,743.0
76826.6,77500.0,BTC-USD_UM_XPERP-310328,BTC-USD_UM_XPERP-310328|1h|2026-09-02T08:00:00+00:00,MONITOR_BAR_CLOSED,76729.7,77465.2,1h,2026-09-02 08:00:00+00:00,5797.0
76691.3,77142.9,BTC-USD_UM_XPERP-310328,BTC-USD_UM_XPERP-310328|1h|2026-09-02T09:00:00+00:00,MONITOR_BAR_CLOSED,76451.8,76866.7,1h,2026-09-02 09:00:00+00:00,8588.0
76648.0,76723.1,BTC-USD_UM_XPERP-310328,BTC-USD_UM_XPERP-310328|1h|2026-09-02T10:00:00+00:00,MONITOR_BAR_CLOSED,76240.2,76723.1,1h,2026-09-02 10:00:00+00:00,4699.0
76800.0,76800.0,BTC-USD_UM_XPERP-310328,BTC-USD_UM_XPERP-310328|1h|2026-09-02T11:00:00+00:00,MONITOR_BAR_CLOSED,76336.1,76634.9,1h,2026-09-02 11:00:00+00:00,6418.0
76600.0,77011.4,BTC-USD_UM_XPERP-310328,BTC-USD_UM_XPERP-310328|1h|2026-09-02T12:00:00+00:00,MONITOR_BAR_CLOSED,76600.0,76743.7,1h,2026-09-02 12:00:00+00:00,3460.0
77080.8,77377.6,BTC-USD_UM_XPERP-310328,BTC-USD_UM_XPERP-310328|1h|2026-09-02T13:00:00+00:00,MONITOR_BAR_CLOSED,76580.8,76583.1,1h,2026-09-02 13:00:00+00:00,11699.0
77045.5,77443.0,BTC-USD_UM_XPERP-310328,BTC-USD_UM_XPERP-310328|1h|2026-09-02T14:00:00+00:00,MONITOR_BAR_CLOSED,76600.0,77080.1,1h,2026-09-02 14:00:00+00:00,8828.0
77236.1,77381.0,BTC-USD_UM_XPERP-310328,BTC-USD_UM_XPERP-310328|1h|2026-09-02T15:00:00+00:00,MONITOR_BAR_CLOSED,76720.0,77030.8,1h,2026-09-02 15:00:00+00:00,13681.0
77140.0,77533.3,BTC-USD_UM_XPERP-310328,BTC-USD_UM_XPERP-310328|1h|2026-09-02T16:00:00+00:00,MONITOR_BAR_CLOSED,77140.0,77254.1,1h,2026-09-02 16:00:00+00:00,5389.0
77349.8,77371.9,BTC-USD_UM_XPERP-310328,BTC-USD_UM_XPERP-310328|1h|2026-09-02T17:00:00+00:00,MONITOR_BAR_CLOSED,75762.6,77140.0,1h,2026-09-02 17:00:00+00:00,5584.0
77348.7,77465.0,BTC-USD_UM_XPERP-310328,BTC-USD_UM_XPERP-310328|1h|2026-09-02T18:00:00+00:00,MONITOR_BAR_CLOSED,77260.6,77349.9,1h,2026-09-02 18:00:00+00:00,4154.0
77303.1,77931.7,BTC-USD_UM_XPERP-310328,BTC-USD_UM_XPERP-310328|1h|2026-09-02T19:00:00+00:00,MONITOR_BAR_CLOSED,77089.1,77348.7,1h,2026-09-02 19:00:00+00:00,3673.0
77376.3,77479.9,BTC-USD_UM_XPERP-310328,BTC-USD_UM_XPERP-310328|1h|2026-09-02T20:00:00+00:00,MONITOR_BAR_CLOSED,77174.0,77307.2,1h,2026-09-02 20:00:00+00:00,2586.0
77255.7,77409.1,BTC-USD_UM_XPERP-310328,BTC-USD_UM_XPERP-310328|1h|2026-09-02T21:00:00+00:00,MONITOR_BAR_CLOSED,77215.7,77364.7,1h,2026-09-02 21:00:00+00:00,1585.0
76995.2,79830.0,BTC-USD_UM_XPERP-310328,BTC-USD_UM_XPERP-310328|1h|2026-09-02T22:00:00+00:00,MONITOR_BAR_CLOSED,76991.7,77249.9,1h,2026-09-02 22:00:00+00:00,2015.0
77335.1,77335.1,BTC-USD_UM_XPERP-310328,BTC-USD_UM_XPERP-310328|1h|2026-09-02T23:00:00+00:00,MONITOR_BAR_CLOSED,76994.1,76998.5,1h,2026-09-02 23:00:00+00:00,1736.0
77057.5,77359.1,BTC-USD_UM_XPERP-310328,BTC-USD_UM_XPERP-310328|1h|2026-09-03T00:00:00+00:00,MONITOR_BAR_CLOSED,76960.0,77303.9,1h,2026-09-03 00:00:00+00:00,7335.0
77333.3,77508.6,BTC-USD_UM_XPERP-310328,BTC-USD_UM_XPERP-310328|1h|2026-09-03T01:00:00+00:00,MONITOR_BAR_CLOSED,76428.6,77010.0,1h,2026-09-03 01:00:00+00:00,3319.0
77772.7,77934.7,BTC-USD_UM_XPERP-310328,BTC-USD_UM_XPERP-310328|1h|2026-09-03T02:00:00+00:00,MONITOR_BAR_CLOSED,77211.4,77313.7,1h,2026-09-03 02:00:00+00:00,6151.0
77704.5,77839.9,BTC-USD_UM_XPERP-310328,BTC-USD_UM_XPERP-310328|1h|2026-09-03T03:00:00+00:00,MONITOR_BAR_CLOSED,77605.8,77775.4,1h,2026-09-03 03:00:00+00:00,1744.0
77716.6,77790.0,BTC-USD_UM_XPERP-310328,BTC-USD_UM_XPERP-310328|1h|2026-09-03T04:00:00+00:00,MONITOR_BAR_CLOSED,77520.0,77668.5,1h,2026-09-03 04:00:00+00:00,1740.0
77781.0,77789.9,BTC-USD_UM_XPERP-310328,BTC-USD_UM_XPERP-310328|1h|2026-09-03T05:00:00+00:00,MONITOR_BAR_CLOSED,77075.0,77755.8,1h,2026-09-03 05:00:00+00:00,6777.0
77790.6,77800.0,BTC-USD_UM_XPERP-310328,BTC-USD_UM_XPERP-310328|1h|2026-09-03T06:00:00+00:00,MONITOR_BAR_CLOSED,77661.7,77772.0,1h,2026-09-03 06:00:00+00:00,1319.0
77630.0,78181.8,BTC-USD_UM_XPERP-310328,BTC-USD_UM_XPERP-310328|1h|2026-09-03T07:00:00+00:00,MONITOR_BAR_CLOSED,77574.1,77787.1,1h,2026-09-03 07:00:00+00:00,3475.0
77810.1,78033.3,BTC-USD_UM_XPERP-310328,BTC-USD_UM_XPERP-310328|1h|2026-09-03T08:00:00+00:00,MONITOR_BAR_CLOSED,77660.0,77660.0,1h,2026-09-03 08:00:00+00:00,3504.0
77591.3,77929.8,BTC-USD_UM_XPERP-310328,BTC-USD_UM_XPERP-310328|1h|2026-09-03T09:00:00+00:00,MONITOR_BAR_CLOSED,77585.3,77803.9,1h,2026-09-03 09:00:00+00:00,3491.0
77730.6,77733.3,BTC-USD_UM_XPERP-310328,BTC-USD_UM_XPERP-310328|1h|2026-09-03T10:00:00+00:00,MONITOR_BAR_CLOSED,77443.2,77580.1,1h,2026-09-03 10:00:00+00:00,2581.0
77928.4,77954.5,BTC-USD_UM_XPERP-310328,BTC-USD_UM_XPERP-310328|1h|2026-09-03T11:00:00+00:00,MONITOR_BAR_CLOSED,77719.8,77750.0,1h,2026-09-03 11:00:00+00:00,3890.0
78620.0,78743.7,BTC-USD_UM_XPERP-310328,BTC-USD_UM_XPERP-310328|1h|2026-09-03T12:00:00+00:00,MONITOR_BAR_CLOSED,77854.9,77894.7,1h,2026-09-03 12:00:00+00:00,4576.0
78795.8,78950.0,BTC-USD_UM_XPERP-310328,BTC-USD_UM_XPERP-310328|1h|2026-09-03T13:00:00+00:00,MONITOR_BAR_CLOSED,78416.8,78617.0,1h,2026-09-03 13:00:00+00:00,11718.0
80418.7,80478.0,BTC-USD_UM_XPERP-310328,BTC-USD_UM_XPERP-310328|1h|2026-09-03T14:00:00+00:00,MONITOR_BAR_CLOSED,78666.0,78740.0,1h,2026-09-03 14:00:00+00:00,20023.0
81310.1,81338.0,BTC-USD_UM_XPERP-310328,BTC-USD_UM_XPERP-310328|1h|2026-09-03T15:00:00+00:00,MONITOR_BAR_CLOSED,80343.9,80444.4,1h,2026-09-03 15:00:00+00:00,15613.0
80930.1,81481.5,BTC-USD_UM_XPERP-310328,BTC-USD_UM_XPERP-310328|1h|2026-09-03T16:00:00+00:00,MONITOR_BAR_CLOSED,80602.3,81319.5,1h,2026-09-03 16:00:00+00:00,11414.0
80975.0,81138.5,BTC-USD_UM_XPERP-310328,BTC-USD_UM_XPERP-310328|1h|2026-09-03T17:00:00+00:00,MONITOR_BAR_CLOSED,80858.1,80929.9,1h,2026-09-03 17:00:00+00:00,7960.0
81220.0,81279.6,BTC-USD_UM_XPERP-310328,BTC-USD_UM_XPERP-310328|1h|2026-09-03T18:00:00+00:00,MONITOR_BAR_CLOSED,80866.3,81016.3,1h,2026-09-03 18:00:00+00:00,5536.0
81705.7,81749.9,BTC-USD_UM_XPERP-310328,BTC-USD_UM_XPERP-310328|1h|2026-09-03T19:00:00+00:00,MONITOR_BAR_CLOSED,81143.8,81204.7,1h,2026-09-03 19:00:00+00:00,6681.0
81394.9,81735.8,BTC-USD_UM_XPERP-310328,BTC-USD_UM_XPERP-310328|1h|2026-09-03T20:00:00+00:00,MONITOR_BAR_CLOSED,81348.9,81735.8,1h,2026-09-03 20:00:00+00:00,7671.0
81557.6,82205.9,BTC-USD_UM_XPERP-310328,BTC-USD_UM_XPERP-310328|1h|2026-09-03T21:00:00+00:00,MONITOR_BAR_CLOSED,79947.3,81391.2,1h,2026-09-03 21:00:00+00:00,7054.0
81124.3,81556.0,BTC-USD_UM_XPERP-310328,BTC-USD_UM_XPERP-310328|1h|2026-09-03T22:00:00+00:00,MONITOR_BAR_CLOSED,79021.5,81553.0,1h,2026-09-03 22:00:00+00:00,4928.0
81246.4,81383.4,BTC-USD_UM_XPERP-310328,BTC-USD_UM_XPERP-310328|1h|2026-09-03T23:00:00+00:00,MONITOR_BAR_CLOSED,81046.5,81098.4,1h,2026-09-03 23:00:00+00:00,1925.0
80939.1,81428.6,BTC-USD_UM_XPERP-310328,BTC-USD_UM_XPERP-310328|1h|2026-09-04T00:00:00+00:00,MONITOR_BAR_CLOSED,80729.2,81214.5,1h,2026-09-04 00:00:00+00:00,6297.0
80933.9,81066.8,BTC-USD_UM_XPERP-310328,BTC-USD_UM_XPERP-310328|1h|2026-09-04T01:00:00+00:00,MONITOR_BAR_CLOSED,80714.3,80935.0,1h,2026-09-04 01:00:00+00:00,5425.0
80768.9,80930.5,BTC-USD_UM_XPERP-310328,BTC-USD_UM_XPERP-310328|1h|2026-09-04T02:00:00+00:00,MONITOR_BAR_CLOSED,80641.7,80930.5,1h,2026-09-04 02:00:00+00:00,1225.0
80866.7,80959.9,BTC-USD_UM_XPERP-310328,BTC-USD_UM_XPERP-310328|1h|2026-09-04T03:00:00+00:00,MONITOR_BAR_CLOSED,80800.0,80800.0,1h,2026-09-04 03:00:00+00:00,231.0
80850.6,80850.6,BTC-USD_UM_XPERP-310328,BTC-USD_UM_XPERP-310328|1h|2026-09-04T04:00:00+00:00,MONITOR_BAR_CLOSED,80849.7,80850.1,1h,2026-09-04 04:00:00+00:00,0.0
80850.6,80850.6,BTC-USD_UM_XPERP-310328,BTC-USD_UM_XPERP-310328|1h|2026-09-04T05:00:00+00:00,MONITOR_BAR_CLOSED,80849.7,80850.6,1h,2026-09-04 05:00:00+00:00,0.0
80850.6,80850.6,BTC-USD_UM_XPERP-310328,BTC-USD_UM_XPERP-310328|1h|2026-09-04T06:00:00+00:00,MONITOR_BAR_CLOSED,80849.7,80849.7,1h,2026-09-04 06:00:00+00:00,0.0
80850.6,80850.6,BTC-USD_UM_XPERP-310328,BTC-USD_UM_XPERP-310328|1h|2026-09-04T07:00:00+00:00,MONITOR_BAR_CLOSED,80849.7,80849.7,1h,2026-09-04 07:00:00+00:00,0.0
81110.6,81178.4,BTC-USD_UM_XPERP-310328,BTC-USD_UM_XPERP-310328|1h|2026-09-04T08:00:00+00:00,MONITOR_BAR_CLOSED,80849.7,80850.6,1h,2026-09-04 08:00:00+00:00,163.0
81000.0,81254.9,BTC-USD_UM_XPERP-310328,BTC-USD_UM_XPERP-310328|1h|2026-09-04T09:00:00+00:00,MONITOR_BAR_CLOSED,80729.2,81110.6,1h,2026-09-04 09:00:00+00:00,994.0
81138.5,81138.5,BTC-USD_UM_XPERP-310328,BTC-USD_UM_XPERP-310328|1h|2026-09-04T10:00:00+00:00,MONITOR_BAR_CLOSED,80800.0,80975.0,1h,2026-09-04 10:00:00+00:00,0.0
81174.0,81357.2,BTC-USD_UM_XPERP-310328,BTC-USD_UM_XPERP-310328|1h|2026-09-04T11:00:00+00:00,MONITOR_BAR_CLOSED,81066.7,81150.8,1h,2026-09-04 11:00:00+00:00,0.0
79415.0,84947.1,BTC-USD_UM_XPERP-310328,BTC-USD_UM_XPERP-310328|1h|2026-09-04T12:00:00+00:00,MONITOR_BAR_CLOSED,79138.9,81138.5,1h,2026-09-04 12:00:00+00:00,7.0
79320.9,79642.9,BTC-USD_UM_XPERP-310328,BTC-USD_UM_XPERP-310328|1h|2026-09-04T13:00:00+00:00,MONITOR_BAR_CLOSED,78950.0,79400.0,1h,2026-09-04 13:00:00+00:00,1.0
78950.0,79503.3,BTC-USD_UM_XPERP-310328,BTC-USD_UM_XPERP-310328|1h|2026-09-04T14:00:00+00:00,MONITOR_BAR_CLOSED,78629.3,79363.0,1h,2026-09-04 14:00:00+00:00,0.0
79458.1,79500.0,BTC-USD_UM_XPERP-310328,BTC-USD_UM_XPERP-310328|1h|2026-09-04T15:00:00+00:00,MONITOR_BAR_CLOSED,78772.7,78867.1,1h,2026-09-04 15:00:00+00:00,1.0
79742.5,79809.5,BTC-USD_UM_XPERP-310328,BTC-USD_UM_XPERP-310328|1h|2026-09-04T16:00:00+00:00,MONITOR_BAR_CLOSED,79000.0,79379.9,1h,2026-09-04 16:00:00+00:00,0.0
79476.8,79700.0,BTC-USD_UM_XPERP-310328,BTC-USD_UM_XPERP-310328|1h|2026-09-04T17:00:00+00:00,MONITOR_BAR_CLOSED,79350.0,79700.0,1h,2026-09-04 17:00:00+00:00,0.0
79610.0,79610.0,BTC-USD_UM_XPERP-310328,BTC-USD_UM_XPERP-310328|1h|2026-09-04T18:00:00+00:00,MONITOR_BAR_CLOSED,79480.0,79480.0,1h,2026-09-04 18:00:00+00:00,0.0
79760.0,79761.8,BTC-USD_UM_XPERP-310328,BTC-USD_UM_XPERP-310328|1h|2026-09-04T19:00:00+00:00,MONITOR_BAR_CLOSED,79599.8,79625.0,1h,2026-09-04 19:00:00+00:00,0.0
79651.2,79824.0,BTC-USD_UM_XPERP-310328,BTC-USD_UM_XPERP-310328|1h|2026-09-04T20:00:00+00:00,MONITOR_BAR_CLOSED,79651.2,79752.0,1h,2026-09-04 20:00:00+00:00,0.0
79610.0,79760.0,BTC-USD_UM_XPERP-310328,BTC-USD_UM_XPERP-310328|1h|2026-09-04T21:00:00+00:00,MONITOR_BAR_CLOSED,79409.6,79733.3,1h,2026-09-04 21:00:00+00:00,6.0
79611.2,79675.4,BTC-USD_UM_XPERP-310328,BTC-USD_UM_XPERP-310328|1h|2026-09-04T22:00:00+00:00,MONITOR_BAR_CLOSED,79600.0,79625.0,1h,2026-09-04 22:00:00+00:00,0.0
79590.9,79750.0,BTC-USD_UM_XPERP-310328,BTC-USD_UM_XPERP-310328|1h|2026-09-04T23:00:00+00:00,MONITOR_BAR_CLOSED,79564.8,79580.0,1h,2026-09-04 23:00:00+00:00,0.0
79513.9,79760.0,BTC-USD_UM_XPERP-310328,BTC-USD_UM_XPERP-310328|1h|2026-09-05T00:00:00+00:00,MONITOR_BAR_CLOSED,79513.9,79604.6,1h,2026-09-05 00:00:00+00:00,0.0
79520.0,79667.8,BTC-USD_UM_XPERP-310328,BTC-USD_UM_XPERP-310328|1h|2026-09-05T01:00:00+00:00,MONITOR_BAR_CLOSED,79511.9,79532.5,1h,2026-09-05 01:00:00+00:00,0.0
79529.9,79579.8,BTC-USD_UM_XPERP-310328,BTC-USD_UM_XPERP-310328|1h|2026-09-05T02:00:00+00:00,MONITOR_BAR_CLOSED,79450.0,79500.0,1h,2026-09-05 02:00:00+00:00,0.0
79543.3,79590.9,BTC-USD_UM_XPERP-310328,BTC-USD_UM_XPERP-310328|1h|2026-09-05T03:00:00+00:00,MONITOR_BAR_CLOSED,79470.8,79499.9,1h,2026-09-05 03:00:00+00:00,0.0
79505.1,79550.5,BTC-USD_UM_XPERP-310328,BTC-USD_UM_XPERP-310328|1h|2026-09-05T04:00:00+00:00,MONITOR_BAR_CLOSED,79454.5,79550.2,1h,2026-09-05 04:00:00+00:00,0.0
79540.3,79564.8,BTC-USD_UM_XPERP-310328,BTC-USD_UM_XPERP-310328|1h|2026-09-05T05:00:00+00:00,MONITOR_BAR_CLOSED,79415.0,79460.0,1h,2026-09-05 05:00:00+00:00,0.0
79610.0,79677.8,BTC-USD_UM_XPERP-310328,BTC-USD_UM_XPERP-310328|1h|2026-09-05T06:00:00+00:00,MONITOR_BAR_CLOSED,79540.3,79540.3,1h,2026-09-05 06:00:00+00:00,0.0
79671.9,79720.1,BTC-USD_UM_XPERP-310328,BTC-USD_UM_XPERP-310328|1h|2026-09-05T07:00:00+00:00,MONITOR_BAR_CLOSED,79632.3,79645.1,1h,2026-09-05 07:00:00+00:00,2.0
79610.0,79682.3,BTC-USD_UM_XPERP-310328,BTC-USD_UM_XPERP-310328|1h|2026-09-05T08:00:00+00:00,MONITOR_BAR_CLOSED,79480.0,79642.5,1h,2026-09-05 08:00:00+00:00,0.0
79580.0,79679.1,BTC-USD_UM_XPERP-310328,BTC-USD_UM_XPERP-310328|1h|2026-09-05T09:00:00+00:00,MONITOR_BAR_CLOSED,79580.0,79625.0,1h,2026-09-05 09:00:00+00:00,0.0
79555.0,79608.6,BTC-USD_UM_XPERP-310328,BTC-USD_UM_XPERP-310328|1h|2026-09-05T10:00:00+00:00,MONITOR_BAR_CLOSED,79555.0,79600.4,1h,2026-09-05 10:00:00+00:00,0.0
79587.2,79633.3,BTC-USD_UM_XPERP-310328,BTC-USD_UM_XPERP-310328|1h|2026-09-05T11:00:00+00:00,MONITOR_BAR_CLOSED,79587.0,79633.3,1h,2026-09-05 11:00:00+00:00,0.0
79678.4,79720.1,BTC-USD_UM_XPERP-310328,BTC-USD_UM_XPERP-310328|1h|2026-09-05T12:00:00+00:00,MONITOR_BAR_CLOSED,79569.0,79622.2,1h,2026-09-05 12:00:00+00:00,0.0
79562.2,79713.3,BTC-USD_UM_XPERP-310328,BTC-USD_UM_XPERP-310328|1h|2026-09-05T13:00:00+00:00,MONITOR_BAR_CLOSED,79340.0,79642.5,1h,2026-09-05 13:00:00+00:00,0.0
79711.5,79711.5,BTC-USD_UM_XPERP-310328,BTC-USD_UM_XPERP-310328|1h|2026-09-05T14:00:00+00:00,MONITOR_BAR_CLOSED,79520.0,79520.0,1h,2026-09-05 14:00:00+00:00,3.0
79761.8,79761.8,BTC-USD_UM_XPERP-310328,BTC-USD_UM_XPERP-310328|1h|2026-09-05T15:00:00+00:00,MONITOR_BAR_CLOSED,79674.0,79674.2,1h,2026-09-05 15:00:00+00:00,0.0
79989.1,80161.9,BTC-USD_UM_XPERP-310328,BTC-USD_UM_XPERP-310328|1h|2026-09-05T16:00:00+00:00,MONITOR_BAR_CLOSED,78633.3,79758.6,1h,2026-09-05 16:00:00+00:00,1.0
80023.5,80108.2,BTC-USD_UM_XPERP-310328,BTC-USD_UM_XPERP-310328|1h|2026-09-05T17:00:00+00:00,MONITOR_BAR_CLOSED,79946.2,79988.3,1h,2026-09-05 17:00:00+00:00,0.0
79933.7,80363.6,BTC-USD_UM_XPERP-310328,BTC-USD_UM_XPERP-310328|1h|2026-09-05T18:00:00+00:00,MONITOR_BAR_CLOSED,79889.0,80000.2,1h,2026-09-05 18:00:00+00:00,2.0
79694.9,79949.4,BTC-USD_UM_XPERP-310328,BTC-USD_UM_XPERP-310328|1h|2026-09-05T19:00:00+00:00,MONITOR_BAR_CLOSED,79264.0,79932.3,1h,2026-09-05 19:00:00+00:00,5.0
79695.5,79825.0,BTC-USD_UM_XPERP-310328,BTC-USD_UM_XPERP-310328|1h|2026-09-05T20:00:00+00:00,MONITOR_BAR_CLOSED,79660.4,79708.4,1h,2026-09-05 20:00:00+00:00,0.0
79880.0,79886.2,BTC-USD_UM_XPERP-310328,BTC-USD_UM_XPERP-310328|1h|2026-09-05T21:00:00+00:00,MONITOR_BAR_CLOSED,79760.0,79760.0,1h,2026-09-05 21:00:00+00:00,0.0
79737.9,79892.3,BTC-USD_UM_XPERP-310328,BTC-USD_UM_XPERP-310328|1h|2026-09-05T22:00:00+00:00,MONITOR_BAR_CLOSED,79718.7,79875.9,1h,2026-09-05 22:00:00+00:00,0.0
79794.3,79825.0,BTC-USD_UM_XPERP-310328,BTC-USD_UM_XPERP-310328|1h|2026-09-05T23:00:00+00:00,MONITOR_BAR_CLOSED,79684.6,79711.5,1h,2026-09-05 23:00:00+00:00,0.0
79834.9,79897.4,BTC-USD_UM_XPERP-310328,BTC-USD_UM_XPERP-310328|1h|2026-09-06T00:00:00+00:00,MONITOR_BAR_CLOSED,79820.0,79820.0,1h,2026-09-06 00:00:00+00:00,0.0
79911.9,80024.4,BTC-USD_UM_XPERP-310328,BTC-USD_UM_XPERP-310328|1h|2026-09-06T01:00:00+00:00,MONITOR_BAR_CLOSED,79829.5,79829.5,1h,2026-09-06 01:00:00+00:00,0.0
79875.4,80000.0,BTC-USD_UM_XPERP-310328,BTC-USD_UM_XPERP-310328|1h|2026-09-06T02:00:00+00:00,MONITOR_BAR_CLOSED,79843.7,79880.4,1h,2026-09-06 02:00:00+00:00,0.0
80005.2,80075.3,BTC-USD_UM_XPERP-310328,BTC-USD_UM_XPERP-310328|1h|2026-09-06T03:00:00+00:00,MONITOR_BAR_CLOSED,79866.7,79916.1,1h,2026-09-06 03:00:00+00:00,0.0
79834.1,80000.2,BTC-USD_UM_XPERP-310328,BTC-USD_UM_XPERP-310328|1h|2026-09-06T04:00:00+00:00,MONITOR_BAR_CLOSED,79834.1,80000.2,1h,2026-09-06 04:00:00+00:00,1.0
79940.0,80066.7,BTC-USD_UM_XPERP-310328,BTC-USD_UM_XPERP-310328|1h|2026-09-06T05:00:00+00:00,MONITOR_BAR_CLOSED,79764.6,79826.9,1h,2026-09-06 05:00:00+00:00,0.0
79744.2,79887.2,BTC-USD_UM_XPERP-310328,BTC-USD_UM_XPERP-310328|1h|2026-09-06T06:00:00+00:00,MONITOR_BAR_CLOSED,79663.2,79887.2,1h,2026-09-06 06:00:00+00:00,0.0
79756.5,79823.1,BTC-USD_UM_XPERP-310328,BTC-USD_UM_XPERP-310328|1h|2026-09-06T07:00:00+00:00,MONITOR_BAR_CLOSED,79580.0,79744.1,1h,2026-09-06 07:00:00+00:00,0.0
79820.0,79837.3,BTC-USD_UM_XPERP-310328,BTC-USD_UM_XPERP-310328|1h|2026-09-06T08:00:00+00:00,MONITOR_BAR_CLOSED,79733.3,79816.9,1h,2026-09-06 08:00:00+00:00,0.0
79816.8,80506.4,BTC-USD_UM_XPERP-310328,BTC-USD_UM_XPERP-310328|1h|2026-09-06T09:00:00+00:00,MONITOR_BAR_CLOSED,79804.2,79812.1,1h,2026-09-06 09:00:00+00:00,1.0
79961.3,80000.0,BTC-USD_UM_XPERP-310328,BTC-USD_UM_XPERP-310328|1h|2026-09-06T10:00:00+00:00,MONITOR_BAR_CLOSED,79863.8,79864.0,1h,2026-09-06 10:00:00+00:00,1.0
79872.8,79946.2,BTC-USD_UM_XPERP-310328,BTC-USD_UM_XPERP-310328|1h|2026-09-06T11:00:00+00:00,MONITOR_BAR_CLOSED,79866.4,79929.8,1h,2026-09-06 11:00:00+00:00,0.0
79899.2,79961.2,BTC-USD_UM_XPERP-310328,BTC-USD_UM_XPERP-310328|1h|2026-09-06T12:00:00+00:00,MONITOR_BAR_CLOSED,79819.7,79874.9,1h,2026-09-06 12:00:00+00:00,0.0
79744.3,79880.4,BTC-USD_UM_XPERP-310328,BTC-USD_UM_XPERP-310328|1h|2026-09-06T13:00:00+00:00,MONITOR_BAR_CLOSED,79636.4,79880.4,1h,2026-09-06 13:00:00+00:00,12.0
79500.0,80363.6,BTC-USD_UM_XPERP-310328,BTC-USD_UM_XPERP-310328|1h|2026-09-06T14:00:00+00:00,MONITOR_BAR_CLOSED,79380.0,79799.9,1h,2026-09-06 14:00:00+00:00,16.0
79678.3,79684.6,BTC-USD_UM_XPERP-310328,BTC-USD_UM_XPERP-310328|1h|2026-09-06T15:00:00+00:00,MONITOR_BAR_CLOSED,79365.0,79505.0,1h,2026-09-06 15:00:00+00:00,0.0
79630.2,79740.0,BTC-USD_UM_XPERP-310328,BTC-USD_UM_XPERP-310328|1h|2026-09-06T16:00:00+00:00,MONITOR_BAR_CLOSED,79565.5,79617.2,1h,2026-09-06 16:00:00+00:00,4.0
79708.4,79733.3,BTC-USD_UM_XPERP-310328,BTC-USD_UM_XPERP-310328|1h|2026-09-06T17:00:00+00:00,MONITOR_BAR_CLOSED,79555.0,79636.0,1h,2026-09-06 17:00:00+00:00,6.0
79885.7,79917.6,BTC-USD_UM_XPERP-310328,BTC-USD_UM_XPERP-310328|1h|2026-09-06T18:00:00+00:00,MONITOR_BAR_CLOSED,79733.3,79733.3,1h,2026-09-06 18:00:00+00:00,0.0
79760.0,79910.7,BTC-USD_UM_XPERP-310328,BTC-USD_UM_XPERP-310328|1h|2026-09-06T19:00:00+00:00,MONITOR_BAR_CLOSED,79760.0,79910.1,1h,2026-09-06 19:00:00+00:00,0.0
79862.4,79936.1,BTC-USD_UM_XPERP-310328,BTC-USD_UM_XPERP-310328|1h|2026-09-06T20:00:00+00:00,MONITOR_BAR_CLOSED,79743.9,79750.0,1h,2026-09-06 20:00:00+00:00,2.0
79875.3,79991.0,BTC-USD_UM_XPERP-310328,BTC-USD_UM_XPERP-310328|1h|2026-09-06T21:00:00+00:00,MONITOR_BAR_CLOSED,79866.7,79891.5,1h,2026-09-06 21:00:00+00:00,0.0
80037.7,80046.4,BTC-USD_UM_XPERP-310328,BTC-USD_UM_XPERP-310328|1h|2026-09-06T22:00:00+00:00,MONITOR_BAR_CLOSED,76313.5,79902.4,1h,2026-09-06 22:00:00+00:00,41.0
80312.4,80493.8,BTC-USD_UM_XPERP-310328,BTC-USD_UM_XPERP-310328|1h|2026-09-06T23:00:00+00:00,MONITOR_BAR_CLOSED,80014.4,80014.6,1h,2026-09-06 23:00:00+00:00,4.0
80054.4,80500.0,BTC-USD_UM_XPERP-310328,BTC-USD_UM_XPERP-310328|1h|2026-09-07T00:00:00+00:00,MONITOR_BAR_CLOSED,80030.6,80284.9,1h,2026-09-07 00:00:00+00:00,0.0
79900.9,80185.8,BTC-USD_UM_XPERP-310328,BTC-USD_UM_XPERP-310328|1h|2026-09-07T01:00:00+00:00,MONITOR_BAR_CLOSED,79761.9,80082.1,1h,2026-09-07 01:00:00+00:00,0.0
79816.8,80363.4,BTC-USD_UM_XPERP-310328,BTC-USD_UM_XPERP-310328|1h|2026-09-07T02:00:00+00:00,MONITOR_BAR_CLOSED,79760.0,79882.6,1h,2026-09-07 02:00:00+00:00,0.0
79580.0,79937.9,BTC-USD_UM_XPERP-310328,BTC-USD_UM_XPERP-310328|1h|2026-09-07T03:00:00+00:00,MONITOR_BAR_CLOSED,79206.4,79800.0,1h,2026-09-07 03:00:00+00:00,0.0
79693.9,79693.9,BTC-USD_UM_XPERP-310328,BTC-USD_UM_XPERP-310328|1h|2026-09-07T04:00:00+00:00,MONITOR_BAR_CLOSED,79206.3,79564.8,1h,2026-09-07 04:00:00+00:00,0.0
79729.6,79870.0,BTC-USD_UM_XPERP-310328,BTC-USD_UM_XPERP-310328|1h|2026-09-07T05:00:00+00:00,MONITOR_BAR_CLOSED,79610.0,79700.0,1h,2026-09-07 05:00:00+00:00,0.0
79627.6,79778.1,BTC-USD_UM_XPERP-310328,BTC-USD_UM_XPERP-310328|1h|2026-09-07T06:00:00+00:00,MONITOR_BAR_CLOSED,79620.8,79720.1,1h,2026-09-07 06:00:00+00:00,0.0
79352.1,79761.9,BTC-USD_UM_XPERP-310328,BTC-USD_UM_XPERP-310328|1h|2026-09-07T07:00:00+00:00,MONITOR_BAR_CLOSED,79001.7,79614.1,1h,2026-09-07 07:00:00+00:00,5.0
79451.8,79487.2,BTC-USD_UM_XPERP-310328,BTC-USD_UM_XPERP-310328|1h|2026-09-07T08:00:00+00:00,MONITOR_BAR_CLOSED,79365.0,79365.0,1h,2026-09-07 08:00:00+00:00,0.0
79264.4,79524.0,BTC-USD_UM_XPERP-310328,BTC-USD_UM_XPERP-310328|1h|2026-09-07T09:00:00+00:00,MONITOR_BAR_CLOSED,78775.5,79407.3,1h,2026-09-07 09:00:00+00:00,0.0
79314.4,79409.6,BTC-USD_UM_XPERP-310328,BTC-USD_UM_XPERP-310328|1h|2026-09-07T10:00:00+00:00,MONITOR_BAR_CLOSED,79314.4,79333.3,1h,2026-09-07 10:00:00+00:00,1.0
79331.9,79438.3,BTC-USD_UM_XPERP-310328,BTC-USD_UM_XPERP-310328|1h|2026-09-07T11:00:00+00:00,MONITOR_BAR_CLOSED,79250.0,79318.2,1h,2026-09-07 11:00:00+00:00,9.0
79590.9,79590.9,BTC-USD_UM_XPERP-310328,BTC-USD_UM_XPERP-310328|1h|2026-09-07T12:00:00+00:00,MONITOR_BAR_CLOSED,79350.0,79381.7,1h,2026-09-07 12:00:00+00:00,13.0
79351.7,79610.0,BTC-USD_UM_XPERP-310328,BTC-USD_UM_XPERP-310328|1h|2026-09-07T13:00:00+00:00,MONITOR_BAR_CLOSED,78098.3,79562.3,1h,2026-09-07 13:00:00+00:00,6.0
79163.9,81027.6,BTC-USD_UM_XPERP-310328,BTC-USD_UM_XPERP-310328|1h|2026-09-07T14:00:00+00:00,MONITOR_BAR_CLOSED,78966.7,79301.2,1h,2026-09-07 14:00:00+00:00,6.0
78776.2,83237.7,BTC-USD_UM_XPERP-310328,BTC-USD_UM_XPERP-310328|1h|2026-09-07T15:00:00+00:00,MONITOR_BAR_CLOSED,78667.6,79160.0,1h,2026-09-07 15:00:00+00:00,23.0
78938.0,79004.8,BTC-USD_UM_XPERP-310328,BTC-USD_UM_XPERP-310328|1h|2026-09-07T16:00:00+00:00,MONITOR_BAR_CLOSED,78273.0,78740.0,1h,2026-09-07 16:00:00+00:00,0.0
79181.8,79181.8,BTC-USD_UM_XPERP-310328,BTC-USD_UM_XPERP-310328|1h|2026-09-07T17:00:00+00:00,MONITOR_BAR_CLOSED,79007.5,79007.5,1h,2026-09-07 17:00:00+00:00,1.0
79172.8,79857.1,BTC-USD_UM_XPERP-310328,BTC-USD_UM_XPERP-310328|1h|2026-09-07T18:00:00+00:00,MONITOR_BAR_CLOSED,79061.5,79100.0,1h,2026-09-07 18:00:00+00:00,1.0
79341.0,81099.0,BTC-USD_UM_XPERP-310328,BTC-USD_UM_XPERP-310328|1h|2026-09-07T19:00:00+00:00,MONITOR_BAR_CLOSED,79121.8,79133.3,1h,2026-09-07 19:00:00+00:00,13.0
79192.4,79285.7,BTC-USD_UM_XPERP-310328,BTC-USD_UM_XPERP-310328|1h|2026-09-07T20:00:00+00:00,MONITOR_BAR_CLOSED,79135.5,79285.7,1h,2026-09-07 20:00:00+00:00,3.0
79125.0,79220.0,BTC-USD_UM_XPERP-310328,BTC-USD_UM_XPERP-310328|1h|2026-09-07T21:00:00+00:00,MONITOR_BAR_CLOSED,79125.0,79219.9,1h,2026-09-07 21:00:00+00:00,4.0
78920.0,79176.7,BTC-USD_UM_XPERP-310328,BTC-USD_UM_XPERP-310328|1h|2026-09-07T22:00:00+00:00,MONITOR_BAR_CLOSED,78745.8,79111.1,1h,2026-09-07 22:00:00+00:00,9.0
79085.7,80600.0,BTC-USD_UM_XPERP-310328,BTC-USD_UM_XPERP-310328|1h|2026-09-07T23:00:00+00:00,MONITOR_BAR_CLOSED,78788.6,78860.0,1h,2026-09-07 23:00:00+00:00,0.0
79273.0,79273.0,BTC-USD_UM_XPERP-310328,BTC-USD_UM_XPERP-310328|1h|2026-09-08T00:00:00+00:00,MONITOR_BAR_CLOSED,78933.3,79080.0,1h,2026-09-08 00:00:00+00:00,2.0
79415.0,79424.9,BTC-USD_UM_XPERP-310328,BTC-USD_UM_XPERP-310328|1h|2026-09-08T01:00:00+00:00,MONITOR_BAR_CLOSED,79242.4,79280.0,1h,2026-09-08 01:00:00+00:00,0.0
78903.3,79433.3,BTC-USD_UM_XPERP-310328,BTC-USD_UM_XPERP-310328|1h|2026-09-08T02:00:00+00:00,MONITOR_BAR_CLOSED,78903.3,79404.9,1h,2026-09-08 02:00:00+00:00,0.0
78885.3,79000.0,BTC-USD_UM_XPERP-310328,BTC-USD_UM_XPERP-310328|1h|2026-09-08T03:00:00+00:00,MONITOR_BAR_CLOSED,78250.0,78900.0,1h,2026-09-08 03:00:00+00:00,0.0
78666.7,78885.9,BTC-USD_UM_XPERP-310328,BTC-USD_UM_XPERP-310328|1h|2026-09-08T04:00:00+00:00,MONITOR_BAR_CLOSED,78333.3,78885.9,1h,2026-09-08 04:00:00+00:00,0.0
78533.3,78839.7,BTC-USD_UM_XPERP-310328,BTC-USD_UM_XPERP-310328|1h|2026-09-08T05:00:00+00:00,MONITOR_BAR_CLOSED,78533.3,78636.4,1h,2026-09-08 05:00:00+00:00,0.0
78299.0,78593.9,BTC-USD_UM_XPERP-310328,BTC-USD_UM_XPERP-310328|1h|2026-09-08T06:00:00+00:00,MONITOR_BAR_CLOSED,78240.0,78543.9,1h,2026-09-08 06:00:00+00:00,0.0
78440.0,78555.7,BTC-USD_UM_XPERP-310328,BTC-USD_UM_XPERP-310328|1h|2026-09-08T07:00:00+00:00,MONITOR_BAR_CLOSED,78167.7,78288.7,1h,2026-09-08 07:00:00+00:00,0.0
78389.9,82498.5,BTC-USD_UM_XPERP-310328,BTC-USD_UM_XPERP-310328|1h|2026-09-08T08:00:00+00:00,MONITOR_BAR_CLOSED,78260.0,78380.0,1h,2026-09-08 08:00:00+00:00,4.0
78721.5,78750.0,BTC-USD_UM_XPERP-310328,BTC-USD_UM_XPERP-310328|1h|2026-09-08T09:00:00+00:00,MONITOR_BAR_CLOSED,78309.8,78344.2,1h,2026-09-08 09:00:00+00:00,0.0
78542.5,78950.0,BTC-USD_UM_XPERP-310328,BTC-USD_UM_XPERP-310328|1h|2026-09-08T10:00:00+00:00,MONITOR_BAR_CLOSED,78542.5,78680.0,1h,2026-09-08 10:00:00+00:00,0.0
78408.2,78539.1,BTC-USD_UM_XPERP-310328,BTC-USD_UM_XPERP-310328|1h|2026-09-08T11:00:00+00:00,MONITOR_BAR_CLOSED,78263.4,78538.1,1h,2026-09-08 11:00:00+00:00,1937.0
78382.0,78438.9,BTC-USD_UM_XPERP-310328,BTC-USD_UM_XPERP-310328|1h|2026-09-08T12:00:00+00:00,MONITOR_BAR_CLOSED,78190.1,78398.7,1h,2026-09-08 12:00:00+00:00,4323.0
77903.3,78505.9,BTC-USD_UM_XPERP-310328,BTC-USD_UM_XPERP-310328|1h|2026-09-08T13:00:00+00:00,MONITOR_BAR_CLOSED,77500.0,78421.8,1h,2026-09-08 13:00:00+00:00,12428.0
78549.7,78571.4,BTC-USD_UM_XPERP-310328,BTC-USD_UM_XPERP-310328|1h|2026-09-08T14:00:00+00:00,MONITOR_BAR_CLOSED,77835.4,77960.0,1h,2026-09-08 14:00:00+00:00,12724.0
78854.3,78873.3,BTC-USD_UM_XPERP-310328,BTC-USD_UM_XPERP-310328|1h|2026-09-08T15:00:00+00:00,MONITOR_BAR_CLOSED,78400.5,78525.8,1h,2026-09-08 15:00:00+00:00,3220.0
78699.4,80263.5,BTC-USD_UM_XPERP-310328,BTC-USD_UM_XPERP-310328|1h|2026-09-08T16:00:00+00:00,MONITOR_BAR_CLOSED,74549.4,78874.3,1h,2026-09-08 16:00:00+00:00,2159.0
78466.7,78844.4,BTC-USD_UM_XPERP-310328,BTC-USD_UM_XPERP-310328|1h|2026-09-08T17:00:00+00:00,MONITOR_BAR_CLOSED,78466.7,78700.0,1h,2026-09-08 17:00:00+00:00,925.0
78420.2,78765.0,BTC-USD_UM_XPERP-310328,BTC-USD_UM_XPERP-310328|1h|2026-09-08T18:00:00+00:00,MONITOR_BAR_CLOSED,78255.1,78461.5,1h,2026-09-08 18:00:00+00:00,1753.0
78347.5,78487.5,BTC-USD_UM_XPERP-310328,BTC-USD_UM_XPERP-310328|1h|2026-09-08T19:00:00+00:00,MONITOR_BAR_CLOSED,78181.8,78425.1,1h,2026-09-08 19:00:00+00:00,1399.0
78440.0,78585.7,BTC-USD_UM_XPERP-310328,BTC-USD_UM_XPERP-310328|1h|2026-09-08T20:00:00+00:00,MONITOR_BAR_CLOSED,78240.0,78360.0,1h,2026-09-08 20:00:00+00:00,691.0
78456.5,78568.0,BTC-USD_UM_XPERP-310328,BTC-USD_UM_XPERP-310328|1h|2026-09-08T21:00:00+00:00,MONITOR_BAR_CLOSED,78370.1,78480.0,1h,2026-09-08 21:00:00+00:00,159.0
78526.4,78600.8,BTC-USD_UM_XPERP-310328,BTC-USD_UM_XPERP-310328|1h|2026-09-08T22:00:00+00:00,MONITOR_BAR_CLOSED,78431.5,78459.9,1h,2026-09-08 22:00:00+00:00,169.0
78415.9,78534.2,BTC-USD_UM_XPERP-310328,BTC-USD_UM_XPERP-310328|1h|2026-09-08T23:00:00+00:00,MONITOR_BAR_CLOSED,78369.9,78526.3,1h,2026-09-08 23:00:00+00:00,240.0
78726.2,78750.0,BTC-USD_UM_XPERP-310328,BTC-USD_UM_XPERP-310328|1h|2026-09-09T00:00:00+00:00,MONITOR_BAR_CLOSED,78420.8,78420.8,1h,2026-09-09 00:00:00+00:00,563.0
78841.4,78841.4,BTC-USD_UM_XPERP-310328,BTC-USD_UM_XPERP-310328|1h|2026-09-09T01:00:00+00:00,MONITOR_BAR_CLOSED,78600.0,78760.0,1h,2026-09-09 01:00:00+00:00,1291.0
78711.0,78886.2,BTC-USD_UM_XPERP-310328,BTC-USD_UM_XPERP-310328|1h|2026-09-09T02:00:00+00:00,MONITOR_BAR_CLOSED,78656.4,78848.1,1h,2026-09-09 02:00:00+00:00,2713.0
78635.0,78700.0,BTC-USD_UM_XPERP-310328,BTC-USD_UM_XPERP-310328|1h|2026-09-09T03:00:00+00:00,MONITOR_BAR_CLOSED,78516.5,78700.0,1h,2026-09-09 03:00:00+00:00,1837.0
79157.0,79176.7,BTC-USD_UM_XPERP-310328,BTC-USD_UM_XPERP-310328|1h|2026-09-09T04:00:00+00:00,MONITOR_BAR_CLOSED,78593.8,78593.8,1h,2026-09-09 04:00:00+00:00,4499.0
78889.3,79350.0,BTC-USD_UM_XPERP-310328,BTC-USD_UM_XPERP-310328|1h|2026-09-09T05:00:00+00:00,MONITOR_BAR_CLOSED,78808.4,79124.9,1h,2026-09-09 05:00:00+00:00,4874.0
79125.0,79256.3,BTC-USD_UM_XPERP-310328,BTC-USD_UM_XPERP-310328|1h|2026-09-09T06:00:00+00:00,MONITOR_BAR_CLOSED,78825.7,78930.7,1h,2026-09-09 06:00:00+00:00,1064.0
79248.0,79321.7,BTC-USD_UM_XPERP-310328,BTC-USD_UM_XPERP-310328|1h|2026-09-09T07:00:00+00:00,MONITOR_BAR_CLOSED,79129.2,79129.2,1h,2026-09-09 07:00:00+00:00,1476.0
79646.7,79708.3,BTC-USD_UM_XPERP-310328,BTC-USD_UM_XPERP-310328|1h|2026-09-09T08:00:00+00:00,MONITOR_BAR_CLOSED,79266.1,79266.7,1h,2026-09-09 08:00:00+00:00,3261.0
78948.6,79680.5,BTC-USD_UM_XPERP-310328,BTC-USD_UM_XPERP-310328|1h|2026-09-09T09:00:00+00:00,MONITOR_BAR_CLOSED,78880.0,79675.0,1h,2026-09-09 09:00:00+00:00,4276.0
78904.1,79156.5,BTC-USD_UM_XPERP-310328,BTC-USD_UM_XPERP-310328|1h|2026-09-09T10:00:00+00:00,MONITOR_BAR_CLOSED,78851.0,78925.0,1h,2026-09-09 10:00:00+00:00,3597.0
79311.7,79322.0,BTC-USD_UM_XPERP-310328,BTC-USD_UM_XPERP-310328|1h|2026-09-09T11:00:00+00:00,MONITOR_BAR_CLOSED,77215.4,78920.0,1h,2026-09-09 11:00:00+00:00,2602.0
79566.1,79611.4,BTC-USD_UM_XPERP-310328,BTC-USD_UM_XPERP-310328|1h|2026-09-09T12:00:00+00:00,MONITOR_BAR_CLOSED,79265.5,79320.0,1h,2026-09-09 12:00:00+00:00,541.0
79080.0,79627.8,BTC-USD_UM_XPERP-310328,BTC-USD_UM_XPERP-310328|1h|2026-09-09T13:00:00+00:00,MONITOR_BAR_CLOSED,79080.0,79552.1,1h,2026-09-09 13:00:00+00:00,2662.0
78800.0,79163.9,BTC-USD_UM_XPERP-310328,BTC-USD_UM_XPERP-310328|1h|2026-09-09T14:00:00+00:00,MONITOR_BAR_CLOSED,78800.0,79071.9,1h,2026-09-09 14:00:00+00:00,2630.0
78569.3,78824.8,BTC-USD_UM_XPERP-310328,BTC-USD_UM_XPERP-310328|1h|2026-09-09T15:00:00+00:00,MONITOR_BAR_CLOSED,78036.9,78822.0,1h,2026-09-09 15:00:00+00:00,25816.0
78768.4,79560.0,BTC-USD_UM_XPERP-310328,BTC-USD_UM_XPERP-310328|1h|2026-09-09T16:00:00+00:00,MONITOR_BAR_CLOSED,78429.1,78555.7,1h,2026-09-09 16:00:00+00:00,24579.0
78790.0,78898.0,BTC-USD_UM_XPERP-310328,BTC-USD_UM_XPERP-310328|1h|2026-09-09T17:00:00+00:00,MONITOR_BAR_CLOSED,78645.2,78771.4,1h,2026-09-09 17:00:00+00:00,13045.0
78400.0,78749.9,BTC-USD_UM_XPERP-310328,BTC-USD_UM_XPERP-310328|1h|2026-09-09T18:00:00+00:00,MONITOR_BAR_CLOSED,78386.7,78749.9,1h,2026-09-09 18:00:00+00:00,0.0
86046.5,86046.5,BTC-USD_UM_XPERP-310328,BTC-USD_UM_XPERP-310328|1h|2026-09-09T19:00:00+00:00,MONITOR_BAR_CLOSED,78266.7,78386.7,1h,2026-09-09 19:00:00+00:00,0.0
86138.8,86160.5,BTC-USD_UM_XPERP-310328,BTC-USD_UM_XPERP-310328|1h|2026-09-09T20:00:00+00:00,MONITOR_BAR_CLOSED,86047.8,86047.8,1h,2026-09-09 20:00:00+00:00,6.0
86138.8,86138.8,BTC-USD_UM_XPERP-310328,BTC-USD_UM_XPERP-310328|1h|2026-09-09T21:00:00+00:00,MONITOR_BAR_CLOSED,86138.8,86138.8,1h,2026-09-09 21:00:00+00:00,0.0
86044.0,86134.6,BTC-USD_UM_XPERP-310328,BTC-USD_UM_XPERP-310328|1h|2026-09-09T22:00:00+00:00,MONITOR_BAR_CLOSED,86044.0,86134.6,1h,2026-09-09 22:00:00+00:00,6.0
86044.0,86044.0,BTC-USD_UM_XPERP-310328,BTC-USD_UM_XPERP-310328|1h|2026-09-09T23:00:00+00:00,MONITOR_BAR_CLOSED,86044.0,86044.0,1h,2026-09-09 23:00:00+00:00,0.0
86190.0,86190.0,BTC-USD_UM_XPERP-310328,BTC-USD_UM_XPERP-310328|1h|2026-09-10T00:00:00+00:00,MONITOR_BAR_CLOSED,86142.9,86142.9,1h,2026-09-10 00:00:00+00:00,0.0
86330.8,86330.8,BTC-USD_UM_XPERP-310328,BTC-USD_UM_XPERP-310328|1h|2026-09-10T01:00:00+00:00,MONITOR_BAR_CLOSED,86194.3,86194.3,1h,2026-09-10 01:00:00+00:00,0.0
86330.8,86330.8,BTC-USD_UM_XPERP-310328,BTC-USD_UM_XPERP-310328|1h|2026-09-10T02:00:00+00:00,MONITOR_BAR_CLOSED,86330.8,86330.8,1h,2026-09-10 02:00:00+00:00,0.0
86360.6,86360.6,BTC-USD_UM_XPERP-310328,BTC-USD_UM_XPERP-310328|1h|2026-09-10T03:00:00+00:00,MONITOR_BAR_CLOSED,86333.1,86333.1,1h,2026-09-10 03:00:00+00:00,0.0
86202.9,86360.6,BTC-USD_UM_XPERP-310328,BTC-USD_UM_XPERP-310328|1h|2026-09-10T04:00:00+00:00,MONITOR_BAR_CLOSED,86202.9,86360.6,1h,2026-09-10 04:00:00+00:00,0.0
86363.6,86363.6,BTC-USD_UM_XPERP-310328,BTC-USD_UM_XPERP-310328|1h|2026-09-10T05:00:00+00:00,MONITOR_BAR_CLOSED,86297.1,86297.1,1h,2026-09-10 05:00:00+00:00,0.0
86348.6,86348.6,BTC-USD_UM_XPERP-310328,BTC-USD_UM_XPERP-310328|1h|2026-09-10T06:00:00+00:00,MONITOR_BAR_CLOSED,86044.0,86298.6,1h,2026-09-10 06:00:00+00:00,3.0
78079.1,86352.8,BTC-USD_UM_XPERP-310328,BTC-USD_UM_XPERP-310328|1h|2026-09-10T07:00:00+00:00,MONITOR_BAR_CLOSED,77857.1,86352.8,1h,2026-09-10 07:00:00+00:00,2144.0
78080.0,78142.9,BTC-USD_UM_XPERP-310328,BTC-USD_UM_XPERP-310328|1h|2026-09-10T08:00:00+00:00,MONITOR_BAR_CLOSED,78001.0,78071.0,1h,2026-09-10 08:00:00+00:00,861.0
77940.8,78182.5,BTC-USD_UM_XPERP-310328,BTC-USD_UM_XPERP-310328|1h|2026-09-10T09:00:00+00:00,MONITOR_BAR_CLOSED,77912.3,78087.9,1h,2026-09-10 09:00:00+00:00,245.0
77834.1,78020.8,BTC-USD_UM_XPERP-310328,BTC-USD_UM_XPERP-310328|1h|2026-09-10T10:00:00+00:00,MONITOR_BAR_CLOSED,77834.1,77942.0,1h,2026-09-10 10:00:00+00:00,257.0
77843.0,78040.0,BTC-USD_UM_XPERP-310328,BTC-USD_UM_XPERP-310328|1h|2026-09-10T11:00:00+00:00,MONITOR_BAR_CLOSED,77680.0,77825.0,1h,2026-09-10 11:00:00+00:00,1539.0
76866.7,77829.2,BTC-USD_UM_XPERP-310328,BTC-USD_UM_XPERP-310328|1h|2026-09-10T12:00:00+00:00,MONITOR_BAR_CLOSED,76661.5,77820.0,1h,2026-09-10 12:00:00+00:00,2695.0
77142.9,77205.0,BTC-USD_UM_XPERP-310328,BTC-USD_UM_XPERP-310328|1h|2026-09-10T13:00:00+00:00,MONITOR_BAR_CLOSED,76268.2,76865.5,1h,2026-09-10 13:00:00+00:00,6140.0
77370.6,77393.0,BTC-USD_UM_XPERP-310328,BTC-USD_UM_XPERP-310328|1h|2026-09-10T14:00:00+00:00,MONITOR_BAR_CLOSED,76926.4,77194.3,1h,2026-09-10 14:00:00+00:00,10238.0
77220.7,77379.9,BTC-USD_UM_XPERP-310328,BTC-USD_UM_XPERP-310328|1h|2026-09-10T15:00:00+00:00,MONITOR_BAR_CLOSED,77062.1,77349.8,1h,2026-09-10 15:00:00+00:00,5748.0
77169.8,77279.5,BTC-USD_UM_XPERP-310328,BTC-USD_UM_XPERP-310328|1h|2026-09-10T16:00:00+00:00,MONITOR_BAR_CLOSED,76774.8,77221.1,1h,2026-09-10 16:00:00+00:00,7734.0
77311.2,77518.0,BTC-USD_UM_XPERP-310328,BTC-USD_UM_XPERP-310328|1h|2026-09-10T17:00:00+00:00,MONITOR_BAR_CLOSED,77080.8,77166.1,1h,2026-09-10 17:00:00+00:00,5607.0
77225.0,77316.0,BTC-USD_UM_XPERP-310328,BTC-USD_UM_XPERP-310328|1h|2026-09-10T18:00:00+00:00,MONITOR_BAR_CLOSED,76958.0,77306.3,1h,2026-09-10 18:00:00+00:00,2956.0
77110.2,77272.7,BTC-USD_UM_XPERP-310328,BTC-USD_UM_XPERP-310328|1h|2026-09-10T19:00:00+00:00,MONITOR_BAR_CLOSED,77058.4,77216.7,1h,2026-09-10 19:00:00+00:00,1603.0
77265.0,77323.4,BTC-USD_UM_XPERP-310328,BTC-USD_UM_XPERP-310328|1h|2026-09-10T20:00:00+00:00,MONITOR_BAR_CLOSED,77105.8,77146.0,1h,2026-09-10 20:00:00+00:00,863.0
77112.0,77270.0,BTC-USD_UM_XPERP-310328,BTC-USD_UM_XPERP-310328|1h|2026-09-10T21:00:00+00:00,MONITOR_BAR_CLOSED,77091.4,77257.2,1h,2026-09-10 21:00:00+00:00,176.0
76800.0,80714.3,BTC-USD_UM_XPERP-310328,BTC-USD_UM_XPERP-310328|1h|2026-09-10T22:00:00+00:00,MONITOR_BAR_CLOSED,76800.0,77091.4,1h,2026-09-10 22:00:00+00:00,391.0
76533.3,76839.6,BTC-USD_UM_XPERP-310328,BTC-USD_UM_XPERP-310328|1h|2026-09-10T23:00:00+00:00,MONITOR_BAR_CLOSED,76500.2,76785.7,1h,2026-09-10 23:00:00+00:00,400.0
76881.8,76900.0,BTC-USD_UM_XPERP-310328,BTC-USD_UM_XPERP-310328|1h|2026-09-11T00:00:00+00:00,MONITOR_BAR_CLOSED,76533.2,76565.9,1h,2026-09-11 00:00:00+00:00,1238.0
76946.4,76976.0,BTC-USD_UM_XPERP-310328,BTC-USD_UM_XPERP-310328|1h|2026-09-11T01:00:00+00:00,MONITOR_BAR_CLOSED,76666.7,76884.6,1h,2026-09-11 01:00:00+00:00,2021.0
76808.1,76982.0,BTC-USD_UM_XPERP-310328,BTC-USD_UM_XPERP-310328|1h|2026-09-11T02:00:00+00:00,MONITOR_BAR_CLOSED,76738.0,76950.0,1h,2026-09-11 02:00:00+00:00,1021.0
76848.0,76864.1,BTC-USD_UM_XPERP-310328,BTC-USD_UM_XPERP-310328|1h|2026-09-11T03:00:00+00:00,MONITOR_BAR_CLOSED,76683.4,76806.0,1h,2026-09-11 03:00:00+00:00,3139.0
77086.5,77159.9,BTC-USD_UM_XPERP-310328,BTC-USD_UM_XPERP-310328|1h|2026-09-11T04:00:00+00:00,MONITOR_BAR_CLOSED,76855.1,76866.7,1h,2026-09-11 04:00:00+00:00,1851.0
77214.2,77214.2,BTC-USD_UM_XPERP-310328,BTC-USD_UM_XPERP-310328|1h|2026-09-11T05:00:00+00:00,MONITOR_BAR_CLOSED,77033.2,77087.4,1h,2026-09-11 05:00:00+00:00,1053.0
77266.7,77399.7,BTC-USD_UM_XPERP-310328,BTC-USD_UM_XPERP-310328|1h|2026-09-11T06:00:00+00:00,MONITOR_BAR_CLOSED,77142.0,77198.8,1h,2026-09-11 06:00:00+00:00,847.0
77209.7,77360.0,BTC-USD_UM_XPERP-310328,BTC-USD_UM_XPERP-310328|1h|2026-09-11T07:00:00+00:00,MONITOR_BAR_CLOSED,77158.5,77270.0,1h,2026-09-11 07:00:00+00:00,351.0
77322.8,77454.9,BTC-USD_UM_XPERP-310328,BTC-USD_UM_XPERP-310328|1h|2026-09-11T08:00:00+00:00,MONITOR_BAR_CLOSED,77107.7,77181.7,1h,2026-09-11 08:00:00+00:00,1455.0
77030.7,77300.0,BTC-USD_UM_XPERP-310328,BTC-USD_UM_XPERP-310328|1h|2026-09-11T09:00:00+00:00,MONITOR_BAR_CLOSED,76832.5,77300.0,1h,2026-09-11 09:00:00+00:00,2037.0
76975.9,77120.0,BTC-USD_UM_XPERP-310328,BTC-USD_UM_XPERP-310328|1h|2026-09-11T10:00:00+00:00,MONITOR_BAR_CLOSED,76940.0,77000.1,1h,2026-09-11 10:00:00+00:00,1344.0
77013.7,77013.7,BTC-USD_UM_XPERP-310328,BTC-USD_UM_XPERP-310328|1h|2026-09-11T11:00:00+00:00,MONITOR_BAR_CLOSED,76734.0,76963.1,1h,2026-09-11 11:00:00+00:00,3027.0
77985.0,78075.7,BTC-USD_UM_XPERP-310328,BTC-USD_UM_XPERP-310328|1h|2026-09-11T12:00:00+00:00,MONITOR_BAR_CLOSED,76157.4,76976.0,1h,2026-09-11 12:00:00+00:00,18374.0
79163.9,79275.6,BTC-USD_UM_XPERP-310328,BTC-USD_UM_XPERP-310328|1h|2026-09-11T13:00:00+00:00,MONITOR_BAR_CLOSED,77214.0,77929.7,1h,2026-09-11 13:00:00+00:00,26437.0
78744.7,79761.9,BTC-USD_UM_XPERP-310328,BTC-USD_UM_XPERP-310328|1h|2026-09-11T14:00:00+00:00,MONITOR_BAR_CLOSED,78514.8,79160.0,1h,2026-09-11 14:00:00+00:00,25619.0
77698.5,78840.0,BTC-USD_UM_XPERP-310328,BTC-USD_UM_XPERP-310328|1h|2026-09-11T15:00:00+00:00,MONITOR_BAR_CLOSED,77372.0,78771.4,1h,2026-09-11 15:00:00+00:00,17371.0
77917.8,78029.7,BTC-USD_UM_XPERP-310328,BTC-USD_UM_XPERP-310328|1h|2026-09-11T16:00:00+00:00,MONITOR_BAR_CLOSED,77373.6,77700.0,1h,2026-09-11 16:00:00+00:00,18762.0
77502.8,77933.3,BTC-USD_UM_XPERP-310328,BTC-USD_UM_XPERP-310328|1h|2026-09-11T17:00:00+00:00,MONITOR_BAR_CLOSED,77465.0,77879.0,1h,2026-09-11 17:00:00+00:00,5600.0
77010.0,77500.2,BTC-USD_UM_XPERP-310328,BTC-USD_UM_XPERP-310328|1h|2026-09-11T18:00:00+00:00,MONITOR_BAR_CLOSED,76889.0,77500.2,1h,2026-09-11 18:00:00+00:00,9171.0
77245.7,77333.8,BTC-USD_UM_XPERP-310328,BTC-USD_UM_XPERP-310328|1h|2026-09-11T19:00:00+00:00,MONITOR_BAR_CLOSED,76972.5,77022.4,1h,2026-09-11 19:00:00+00:00,5463.0
77325.6,77450.0,BTC-USD_UM_XPERP-310328,BTC-USD_UM_XPERP-310328|1h|2026-09-11T20:00:00+00:00,MONITOR_BAR_CLOSED,77171.9,77242.0,1h,2026-09-11 20:00:00+00:00,1286.0
77053.0,77392.1,BTC-USD_UM_XPERP-310328,BTC-USD_UM_XPERP-310328|1h|2026-09-11T21:00:00+00:00,MONITOR_BAR_CLOSED,77048.6,77305.8,1h,2026-09-11 21:00:00+00:00,867.0
77084.3,77194.1,BTC-USD_UM_XPERP-310328,BTC-USD_UM_XPERP-310328|1h|2026-09-11T22:00:00+00:00,MONITOR_BAR_CLOSED,76940.0,77078.2,1h,2026-09-11 22:00:00+00:00,2711.0
77180.0,77180.0,BTC-USD_UM_XPERP-310328,BTC-USD_UM_XPERP-310328|1h|2026-09-11T23:00:00+00:00,MONITOR_BAR_CLOSED,77086.9,77086.9,1h,2026-09-11 23:00:00+00:00,624.0
77261.1,77282.0,BTC-USD_UM_XPERP-310328,BTC-USD_UM_XPERP-310328|1h|2026-09-12T00:00:00+00:00,MONITOR_BAR_CLOSED,77192.3,77192.3,1h,2026-09-12 00:00:00+00:00,305.0
77251.7,77337.0,BTC-USD_UM_XPERP-310328,BTC-USD_UM_XPERP-310328|1h|2026-09-12T01:00:00+00:00,MONITOR_BAR_CLOSED,77221.4,77248.0,1h,2026-09-12 01:00:00+00:00,191.0
77248.0,77290.7,BTC-USD_UM_XPERP-310328,BTC-USD_UM_XPERP-310328|1h|2026-09-12T02:00:00+00:00,MONITOR_BAR_CLOSED,77179.3,77234.0,1h,2026-09-12 02:00:00+00:00,258.0
77215.6,77300.0,BTC-USD_UM_XPERP-310328,BTC-USD_UM_XPERP-310328|1h|2026-09-12T03:00:00+00:00,MONITOR_BAR_CLOSED,77201.3,77252.9,1h,2026-09-12 03:00:00+00:00,253.0
77200.0,77282.0,BTC-USD_UM_XPERP-310328,BTC-USD_UM_XPERP-310328|1h|2026-09-12T04:00:00+00:00,MONITOR_BAR_CLOSED,77194.3,77248.0,1h,2026-09-12 04:00:00+00:00,228.0
77184.0,77216.5,BTC-USD_UM_XPERP-310328,BTC-USD_UM_XPERP-310328|1h|2026-09-12T05:00:00+00:00,MONITOR_BAR_CLOSED,77141.5,77194.3,1h,2026-09-12 05:00:00+00:00,176.0
77273.3,77316.0,BTC-USD_UM_XPERP-310328,BTC-USD_UM_XPERP-310328|1h|2026-09-12T06:00:00+00:00,MONITOR_BAR_CLOSED,77180.0,77180.0,1h,2026-09-12 06:00:00+00:00,0.0
77227.8,77307.1,BTC-USD_UM_XPERP-310328,BTC-USD_UM_XPERP-310328|1h|2026-09-12T07:00:00+00:00,MONITOR_BAR_CLOSED,77227.8,77287.7,1h,2026-09-12 07:00:00+00:00,74.0
77326.6,77329.9,BTC-USD_UM_XPERP-310328,BTC-USD_UM_XPERP-310328|1h|2026-09-12T08:00:00+00:00,MONITOR_BAR_CLOSED,77236.9,77236.9,1h,2026-09-12 08:00:00+00:00,15.0
77288.3,77349.8,BTC-USD_UM_XPERP-310328,BTC-USD_UM_XPERP-310328|1h|2026-09-12T09:00:00+00:00,MONITOR_BAR_CLOSED,77288.1,77318.7,1h,2026-09-12 09:00:00+00:00,0.0
77300.0,77359.0,BTC-USD_UM_XPERP-310328,BTC-USD_UM_XPERP-310328|1h|2026-09-12T10:00:00+00:00,MONITOR_BAR_CLOSED,77275.3,77322.8,1h,2026-09-12 10:00:00+00:00,212.0
77321.1,77321.1,BTC-USD_UM_XPERP-310328,BTC-USD_UM_XPERP-310328|1h|2026-09-12T11:00:00+00:00,MONITOR_BAR_CLOSED,77247.2,77298.7,1h,2026-09-12 11:00:00+00:00,95.0
77301.0,77321.6,BTC-USD_UM_XPERP-310328,BTC-USD_UM_XPERP-310328|1h|2026-09-12T12:00:00+00:00,MONITOR_BAR_CLOSED,77252.3,77321.6,1h,2026-09-12 12:00:00+00:00,68.0
77316.0,77350.0,BTC-USD_UM_XPERP-310328,BTC-USD_UM_XPERP-310328|1h|2026-09-12T13:00:00+00:00,MONITOR_BAR_CLOSED,77227.8,77268.8,1h,2026-09-12 13:00:00+00:00,528.0
77433.9,77462.4,BTC-USD_UM_XPERP-310328,BTC-USD_UM_XPERP-310328|1h|2026-09-12T14:00:00+00:00,MONITOR_BAR_CLOSED,77333.3,77333.3,1h,2026-09-12 14:00:00+00:00,81.0
77362.5,77429.9,BTC-USD_UM_XPERP-310328,BTC-USD_UM_XPERP-310328|1h|2026-09-12T15:00:00+00:00,MONITOR_BAR_CLOSED,77339.5,77423.0,1h,2026-09-12 15:00:00+00:00,0.0
77312.0,77363.2,BTC-USD_UM_XPERP-310328,BTC-USD_UM_XPERP-310328|1h|2026-09-12T16:00:00+00:00,MONITOR_BAR_CLOSED,77312.0,77354.3,1h,2026-09-12 16:00:00+00:00,32.0
77155.1,77366.9,BTC-USD_UM_XPERP-310328,BTC-USD_UM_XPERP-310328|1h|2026-09-12T17:00:00+00:00,MONITOR_BAR_CLOSED,77147.5,77337.1,1h,2026-09-12 17:00:00+00:00,70.0
77126.8,77189.1,BTC-USD_UM_XPERP-310328,BTC-USD_UM_XPERP-310328|1h|2026-09-12T18:00:00+00:00,MONITOR_BAR_CLOSED,77091.4,77188.9,1h,2026-09-12 18:00:00+00:00,95.0
77131.5,77146.0,BTC-USD_UM_XPERP-310328,BTC-USD_UM_XPERP-310328|1h|2026-09-12T19:00:00+00:00,MONITOR_BAR_CLOSED,77035.7,77120.3,1h,2026-09-12 19:00:00+00:00,0.0
77137.5,77180.0,BTC-USD_UM_XPERP-310328,BTC-USD_UM_XPERP-310328|1h|2026-09-12T20:00:00+00:00,MONITOR_BAR_CLOSED,77133.3,77133.3,1h,2026-09-12 20:00:00+00:00,78.0
77227.3,77313.7,BTC-USD_UM_XPERP-310328,BTC-USD_UM_XPERP-310328|1h|2026-09-12T21:00:00+00:00,MONITOR_BAR_CLOSED,77025.0,77174.9,1h,2026-09-12 21:00:00+00:00,62.0
77190.2,77250.0,BTC-USD_UM_XPERP-310328,BTC-USD_UM_XPERP-310328|1h|2026-09-12T22:00:00+00:00,MONITOR_BAR_CLOSED,77156.1,77180.0,1h,2026-09-12 22:00:00+00:00,160.0
77247.2,77258.7,BTC-USD_UM_XPERP-310328,BTC-USD_UM_XPERP-310328|1h|2026-09-12T23:00:00+00:00,MONITOR_BAR_CLOSED,77210.4,77212.5,1h,2026-09-12 23:00:00+00:00,58.0
77244.0,77266.7,BTC-USD_UM_XPERP-310328,BTC-USD_UM_XPERP-310328|1h|2026-09-13T00:00:00+00:00,MONITOR_BAR_CLOSED,77136.4,77237.2,1h,2026-09-13 00:00:00+00:00,2.0
77267.5,77307.5,BTC-USD_UM_XPERP-310328,BTC-USD_UM_XPERP-310328|1h|2026-09-13T01:00:00+00:00,MONITOR_BAR_CLOSED,77211.5,77245.7,1h,2026-09-13 01:00:00+00:00,328.0
77269.2,77283.2,BTC-USD_UM_XPERP-310328,BTC-USD_UM_XPERP-310328|1h|2026-09-13T02:00:00+00:00,MONITOR_BAR_CLOSED,77212.5,77283.2,1h,2026-09-13 02:00:00+00:00,49.0
77169.9,77282.0,BTC-USD_UM_XPERP-310328,BTC-USD_UM_XPERP-310328|1h|2026-09-13T03:00:00+00:00,MONITOR_BAR_CLOSED,77169.9,77249.0,1h,2026-09-13 03:00:00+00:00,175.0
77175.0,77237.0,BTC-USD_UM_XPERP-310328,BTC-USD_UM_XPERP-310328|1h|2026-09-13T04:00:00+00:00,MONITOR_BAR_CLOSED,77172.1,77172.1,1h,2026-09-13 04:00:00+00:00,84.0
77281.3,77289.3,BTC-USD_UM_XPERP-310328,BTC-USD_UM_XPERP-310328|1h|2026-09-13T05:00:00+00:00,MONITOR_BAR_CLOSED,77186.5,77186.5,1h,2026-09-13 05:00:00+00:00,68.0
77078.0,77278.7,BTC-USD_UM_XPERP-310328,BTC-USD_UM_XPERP-310328|1h|2026-09-13T06:00:00+00:00,MONITOR_BAR_CLOSED,77025.0,77278.7,1h,2026-09-13 06:00:00+00:00,235.0
77081.4,77140.0,BTC-USD_UM_XPERP-310328,BTC-USD_UM_XPERP-310328|1h|2026-09-13T07:00:00+00:00,MONITOR_BAR_CLOSED,77057.8,77057.8,1h,2026-09-13 07:00:00+00:00,104.0
76781.6,77142.9,BTC-USD_UM_XPERP-310328,BTC-USD_UM_XPERP-310328|1h|2026-09-13T08:00:00+00:00,MONITOR_BAR_CLOSED,76720.0,77089.3,1h,2026-09-13 08:00:00+00:00,100.0
76762.5,76849.6,BTC-USD_UM_XPERP-310328,BTC-USD_UM_XPERP-310328|1h|2026-09-13T09:00:00+00:00,MONITOR_BAR_CLOSED,76533.3,76782.9,1h,2026-09-13 09:00:00+00:00,274.0
76615.8,76776.9,BTC-USD_UM_XPERP-310328,BTC-USD_UM_XPERP-310328|1h|2026-09-13T10:00:00+00:00,MONITOR_BAR_CLOSED,76605.0,76763.8,1h,2026-09-13 10:00:00+00:00,111.0
76733.3,76772.5,BTC-USD_UM_XPERP-310328,BTC-USD_UM_XPERP-310328|1h|2026-09-13T11:00:00+00:00,MONITOR_BAR_CLOSED,76490.0,76631.4,1h,2026-09-13 11:00:00+00:00,591.0
76731.4,76820.0,BTC-USD_UM_XPERP-310328,BTC-USD_UM_XPERP-310328|1h|2026-09-13T12:00:00+00:00,MONITOR_BAR_CLOSED,76670.0,76744.0,1h,2026-09-13 12:00:00+00:00,417.0
76815.0,76883.0,BTC-USD_UM_XPERP-310328,BTC-USD_UM_XPERP-310328|1h|2026-09-13T13:00:00+00:00,MONITOR_BAR_CLOSED,76532.0,76723.6,1h,2026-09-13 13:00:00+00:00,1020.0
77180.0,81391.3,BTC-USD_UM_XPERP-310328,BTC-USD_UM_XPERP-310328|1h|2026-09-13T14:00:00+00:00,MONITOR_BAR_CLOSED,76821.3,76821.3,1h,2026-09-13 14:00:00+00:00,1578.0
77099.5,77181.6,BTC-USD_UM_XPERP-310328,BTC-USD_UM_XPERP-310328|1h|2026-09-13T15:00:00+00:00,MONITOR_BAR_CLOSED,73669.3,77151.9,1h,2026-09-13 15:00:00+00:00,1830.0
77248.0,77318.6,BTC-USD_UM_XPERP-310328,BTC-USD_UM_XPERP-310328|1h|2026-09-13T16:00:00+00:00,MONITOR_BAR_CLOSED,77102.0,77102.2,1h,2026-09-13 16:00:00+00:00,1579.0
77307.3,77389.1,BTC-USD_UM_XPERP-310328,BTC-USD_UM_XPERP-310328|1h|2026-09-13T17:00:00+00:00,MONITOR_BAR_CLOSED,77212.3,77282.0,1h,2026-09-13 17:00:00+00:00,951.0
77335.7,77350.0,BTC-USD_UM_XPERP-310328,BTC-USD_UM_XPERP-310328|1h|2026-09-13T18:00:00+00:00,MONITOR_BAR_CLOSED,77282.0,77287.5,1h,2026-09-13 18:00:00+00:00,152.0
77247.7,77368.1,BTC-USD_UM_XPERP-310328,BTC-USD_UM_XPERP-310328|1h|2026-09-13T19:00:00+00:00,MONITOR_BAR_CLOSED,77194.3,77348.6,1h,2026-09-13 19:00:00+00:00,137.0
77306.9,77333.3,BTC-USD_UM_XPERP-310328,BTC-USD_UM_XPERP-310328|1h|2026-09-13T20:00:00+00:00,MONITOR_BAR_CLOSED,77235.8,77250.0,1h,2026-09-13 20:00:00+00:00,95.0
77272.4,77410.0,BTC-USD_UM_XPERP-310328,BTC-USD_UM_XPERP-310328|1h|2026-09-13T21:00:00+00:00,MONITOR_BAR_CLOSED,77271.6,77321.0,1h,2026-09-13 21:00:00+00:00,462.0
76663.8,77270.0,BTC-USD_UM_XPERP-310328,BTC-USD_UM_XPERP-310328|1h|2026-09-13T22:00:00+00:00,MONITOR_BAR_CLOSED,76059.4,77270.0,1h,2026-09-13 22:00:00+00:00,7535.0
76805.0,76836.3,BTC-USD_UM_XPERP-310328,BTC-USD_UM_XPERP-310328|1h|2026-09-13T23:00:00+00:00,MONITOR_BAR_CLOSED,76590.9,76672.6,1h,2026-09-13 23:00:00+00:00,1585.0
76772.0,77036.1,BTC-USD_UM_XPERP-310328,BTC-USD_UM_XPERP-310328|1h|2026-09-14T00:00:00+00:00,MONITOR_BAR_CLOSED,76350.0,76803.6,1h,2026-09-14 00:00:00+00:00,2802.0
77131.5,77131.5,BTC-USD_UM_XPERP-310328,BTC-USD_UM_XPERP-310328|1h|2026-09-14T01:00:00+00:00,MONITOR_BAR_CLOSED,76618.3,76762.5,1h,2026-09-14 01:00:00+00:00,3812.0
77563.9,77668.8,BTC-USD_UM_XPERP-310328,BTC-USD_UM_XPERP-310328|1h|2026-09-14T02:00:00+00:00,MONITOR_BAR_CLOSED,77000.0,77078.8,1h,2026-09-14 02:00:00+00:00,4451.0
77546.6,77832.9,BTC-USD_UM_XPERP-310328,BTC-USD_UM_XPERP-310328|1h|2026-09-14T03:00:00+00:00,MONITOR_BAR_CLOSED,77463.2,77582.4,1h,2026-09-14 03:00:00+00:00,2696.0
77647.1,77668.6,BTC-USD_UM_XPERP-310328,BTC-USD_UM_XPERP-310328|1h|2026-09-14T04:00:00+00:00,MONITOR_BAR_CLOSED,77509.6,77550.0,1h,2026-09-14 04:00:00+00:00,1985.0
77568.0,77644.6,BTC-USD_UM_XPERP-310328,BTC-USD_UM_XPERP-310328|1h|2026-09-14T05:00:00+00:00,MONITOR_BAR_CLOSED,77445.5,77644.6,1h,2026-09-14 05:00:00+00:00,829.0
77554.7,77847.3,BTC-USD_UM_XPERP-310328,BTC-USD_UM_XPERP-310328|1h|2026-09-14T06:00:00+00:00,MONITOR_BAR_CLOSED,77352.8,77583.0,1h,2026-09-14 06:00:00+00:00,1905.0
77854.2,77854.2,BTC-USD_UM_XPERP-310328,BTC-USD_UM_XPERP-310328|1h|2026-09-14T07:00:00+00:00,MONITOR_BAR_CLOSED,77500.1,77554.8,1h,2026-09-14 07:00:00+00:00,428.0
77701.8,77907.6,BTC-USD_UM_XPERP-310328,BTC-USD_UM_XPERP-310328|1h|2026-09-14T08:00:00+00:00,MONITOR_BAR_CLOSED,77622.0,77855.0,1h,2026-09-14 08:00:00+00:00,2024.0
78090.0,78332.7,BTC-USD_UM_XPERP-310328,BTC-USD_UM_XPERP-310328|1h|2026-09-14T09:00:00+00:00,MONITOR_BAR_CLOSED,77566.7,77707.4,1h,2026-09-14 09:00:00+00:00,5198.0
77872.8,78132.2,BTC-USD_UM_XPERP-310328,BTC-USD_UM_XPERP-310328|1h|2026-09-14T10:00:00+00:00,MONITOR_BAR_CLOSED,77866.5,78100.0,1h,2026-09-14 10:00:00+00:00,4013.0
77740.5,77887.4,BTC-USD_UM_XPERP-310328,BTC-USD_UM_XPERP-310328|1h|2026-09-14T11:00:00+00:00,MONITOR_BAR_CLOSED,77656.0,77862.9,1h,2026-09-14 11:00:00+00:00,2528.0
77662.5,78033.3,BTC-USD_UM_XPERP-310328,BTC-USD_UM_XPERP-310328|1h|2026-09-14T12:00:00+00:00,MONITOR_BAR_CLOSED,77594.2,77749.7,1h,2026-09-14 12:00:00+00:00,7398.0
78186.8,78444.5,BTC-USD_UM_XPERP-310328,BTC-USD_UM_XPERP-310328|1h|2026-09-14T13:00:00+00:00,MONITOR_BAR_CLOSED,77448.5,77644.7,1h,2026-09-14 13:00:00+00:00,16843.0
78487.4,78659.5,BTC-USD_UM_XPERP-310328,BTC-USD_UM_XPERP-310328|1h|2026-09-14T14:00:00+00:00,MONITOR_BAR_CLOSED,78142.7,78166.0,1h,2026-09-14 14:00:00+00:00,17894.0
78537.4,78647.6,BTC-USD_UM_XPERP-310328,BTC-USD_UM_XPERP-310328|1h|2026-09-14T15:00:00+00:00,MONITOR_BAR_CLOSED,78267.5,78480.0,1h,2026-09-14 15:00:00+00:00,10717.0
78742.4,78853.8,BTC-USD_UM_XPERP-310328,BTC-USD_UM_XPERP-310328|1h|2026-09-14T16:00:00+00:00,MONITOR_BAR_CLOSED,78400.0,78538.4,1h,2026-09-14 16:00:00+00:00,7540.0
78874.8,78986.8,BTC-USD_UM_XPERP-310328,BTC-USD_UM_XPERP-310328|1h|2026-09-14T17:00:00+00:00,MONITOR_BAR_CLOSED,78703.4,78720.0,1h,2026-09-14 17:00:00+00:00,3030.0
79189.3,79283.5,BTC-USD_UM_XPERP-310328,BTC-USD_UM_XPERP-310328|1h|2026-09-14T18:00:00+00:00,MONITOR_BAR_CLOSED,78812.0,78914.0,1h,2026-09-14 18:00:00+00:00,4018.0
78959.6,79198.6,BTC-USD_UM_XPERP-310328,BTC-USD_UM_XPERP-310328|1h|2026-09-14T19:00:00+00:00,MONITOR_BAR_CLOSED,78930.7,79160.0,1h,2026-09-14 19:00:00+00:00,2911.0
79066.7,79544.0,BTC-USD_UM_XPERP-310328,BTC-USD_UM_XPERP-310328|1h|2026-09-14T20:00:00+00:00,MONITOR_BAR_CLOSED,78948.0,78956.8,1h,2026-09-14 20:00:00+00:00,5970.0
78710.1,79075.0,BTC-USD_UM_XPERP-310328,BTC-USD_UM_XPERP-310328|1h|2026-09-14T21:00:00+00:00,MONITOR_BAR_CLOSED,78710.1,79074.8,1h,2026-09-14 21:00:00+00:00,2314.0
78518.2,78812.0,BTC-USD_UM_XPERP-310328,BTC-USD_UM_XPERP-310328|1h|2026-09-14T22:00:00+00:00,MONITOR_BAR_CLOSED,78488.4,78749.5,1h,2026-09-14 22:00:00+00:00,1015.0
78168.1,78530.0,BTC-USD_UM_XPERP-310328,BTC-USD_UM_XPERP-310328|1h|2026-09-14T23:00:00+00:00,MONITOR_BAR_CLOSED,78095.2,78521.5,1h,2026-09-14 23:00:00+00:00,961.0
77940.1,78215.2,BTC-USD_UM_XPERP-310328,BTC-USD_UM_XPERP-310328|1h|2026-09-15T00:00:00+00:00,MONITOR_BAR_CLOSED,77909.7,78146.5,1h,2026-09-15 00:00:00+00:00,2254.0
77897.1,78031.2,BTC-USD_UM_XPERP-310328,BTC-USD_UM_XPERP-310328|1h|2026-09-15T01:00:00+00:00,MONITOR_BAR_CLOSED,77714.3,77919.9,1h,2026-09-15 01:00:00+00:00,5223.0
77874.0,77985.0,BTC-USD_UM_XPERP-310328,BTC-USD_UM_XPERP-310328|1h|2026-09-15T02:00:00+00:00,MONITOR_BAR_CLOSED,77762.0,77883.3,1h,2026-09-15 02:00:00+00:00,2589.0
77626.5,77826.6,BTC-USD_UM_XPERP-310328,BTC-USD_UM_XPERP-310328|1h|2026-09-15T03:00:00+00:00,MONITOR_BAR_CLOSED,77615.8,77826.0,1h,2026-09-15 03:00:00+00:00,2548.0
77547.0,77713.1,BTC-USD_UM_XPERP-310328,BTC-USD_UM_XPERP-310328|1h|2026-09-15T04:00:00+00:00,MONITOR_BAR_CLOSED,77506.0,77637.3,1h,2026-09-15 04:00:00+00:00,2591.0
77600.0,77620.8,BTC-USD_UM_XPERP-310328,BTC-USD_UM_XPERP-310328|1h|2026-09-15T05:00:00+00:00,MONITOR_BAR_CLOSED,77281.2,77539.9,1h,2026-09-15 05:00:00+00:00,2953.0
77224.1,77692.8,BTC-USD_UM_XPERP-310328,BTC-USD_UM_XPERP-310328|1h|2026-09-15T06:00:00+00:00,MONITOR_BAR_CLOSED,77158.5,77622.0,1h,2026-09-15 06:00:00+00:00,2143.0
76886.4,77270.0,BTC-USD_UM_XPERP-310328,BTC-USD_UM_XPERP-310328|1h|2026-09-15T07:00:00+00:00,MONITOR_BAR_CLOSED,76840.3,77234.9,1h,2026-09-15 07:00:00+00:00,3541.0
76969.8,76969.8,BTC-USD_UM_XPERP-310328,BTC-USD_UM_XPERP-310328|1h|2026-09-15T08:00:00+00:00,MONITOR_BAR_CLOSED,76677.2,76894.6,1h,2026-09-15 08:00:00+00:00,6134.0
76985.5,77400.0,BTC-USD_UM_XPERP-310328,BTC-USD_UM_XPERP-310328|1h|2026-09-15T09:00:00+00:00,MONITOR_BAR_CLOSED,76866.7,76972.7,1h,2026-09-15 09:00:00+00:00,9.0
84843.9,84843.9,BTC-USD_UM_XPERP-310328,BTC-USD_UM_XPERP-310328|1h|2026-09-15T10:00:00+00:00,MONITOR_BAR_CLOSED,76896.8,76976.0,1h,2026-09-15 10:00:00+00:00,4.0
84650.6,84899.1,BTC-USD_UM_XPERP-310328,BTC-USD_UM_XPERP-310328|1h|2026-09-15T11:00:00+00:00,MONITOR_BAR_CLOSED,84650.6,84854.8,1h,2026-09-15 11:00:00+00:00,0.0
84626.0,84812.3,BTC-USD_UM_XPERP-310328,BTC-USD_UM_XPERP-310328|1h|2026-09-15T12:00:00+00:00,MONITOR_BAR_CLOSED,84539.3,84650.6,1h,2026-09-15 12:00:00+00:00,9.0
84650.6,84808.1,BTC-USD_UM_XPERP-310328,BTC-USD_UM_XPERP-310328|1h|2026-09-15T13:00:00+00:00,MONITOR_BAR_CLOSED,84628.2,84634.7,1h,2026-09-15 13:00:00+00:00,1.0
83928.6,84650.6,BTC-USD_UM_XPERP-310328,BTC-USD_UM_XPERP-310328|1h|2026-09-15T14:00:00+00:00,MONITOR_BAR_CLOSED,83928.6,84650.6,1h,2026-09-15 14:00:00+00:00,1.0
84207.5,84207.5,BTC-USD_UM_XPERP-310328,BTC-USD_UM_XPERP-310328|1h|2026-09-15T15:00:00+00:00,MONITOR_BAR_CLOSED,83756.6,83928.6,1h,2026-09-15 15:00:00+00:00,0.0
84172.3,84172.3,BTC-USD_UM_XPERP-310328,BTC-USD_UM_XPERP-310328|1h|2026-09-15T16:00:00+00:00,MONITOR_BAR_CLOSED,84079.8,84150.0,1h,2026-09-15 16:00:00+00:00,0.0
85009.5,85009.5,BTC-USD_UM_XPERP-310328,BTC-USD_UM_XPERP-310328|1h|2026-09-15T17:00:00+00:00,MONITOR_BAR_CLOSED,84182.6,84182.6,1h,2026-09-15 17:00:00+00:00,0.0
84917.1,85009.5,BTC-USD_UM_XPERP-310328,BTC-USD_UM_XPERP-310328|1h|2026-09-15T18:00:00+00:00,MONITOR_BAR_CLOSED,84917.1,85009.5,1h,2026-09-15 18:00:00+00:00,0.0
84917.1,84917.1,BTC-USD_UM_XPERP-310328,BTC-USD_UM_XPERP-310328|1h|2026-09-15T19:00:00+00:00,MONITOR_BAR_CLOSED,84917.1,84917.1,1h,2026-09-15 19:00:00+00:00,0.0
84893.2,84908.6,BTC-USD_UM_XPERP-310328,BTC-USD_UM_XPERP-310328|1h|2026-09-15T20:00:00+00:00,MONITOR_BAR_CLOSED,84893.2,84908.6,1h,2026-09-15 20:00:00+00:00,0.0
75560.0,84893.2,BTC-USD_UM_XPERP-310328,BTC-USD_UM_XPERP-310328|1h|2026-09-15T21:00:00+00:00,MONITOR_BAR_CLOSED,75401.5,84893.2,1h,2026-09-15 21:00:00+00:00,8.0
75714.3,77454.9,BTC-USD_UM_XPERP-310328,BTC-USD_UM_XPERP-310328|1h|2026-09-15T22:00:00+00:00,MONITOR_BAR_CLOSED,75567.6,75567.6,1h,2026-09-15 22:00:00+00:00,0.0
77506.3,77600.0,BTC-USD_UM_XPERP-310328,BTC-USD_UM_XPERP-310328|1h|2026-09-15T23:00:00+00:00,MONITOR_BAR_CLOSED,75733.3,75733.3,1h,2026-09-15 23:00:00+00:00,0.0
77200.0,77461.0,BTC-USD_UM_XPERP-310328,BTC-USD_UM_XPERP-310328|1h|2026-09-16T00:00:00+00:00,MONITOR_BAR_CLOSED,76969.8,77452.0,1h,2026-09-16 00:00:00+00:00,0.0
75497.1,77146.0,BTC-USD_UM_XPERP-310328,BTC-USD_UM_XPERP-310328|1h|2026-09-16T01:00:00+00:00,MONITOR_BAR_CLOSED,75433.6,77133.3,1h,2026-09-16 01:00:00+00:00,2.0
76080.4,76080.4,BTC-USD_UM_XPERP-310328,BTC-USD_UM_XPERP-310328|1h|2026-09-16T02:00:00+00:00,MONITOR_BAR_CLOSED,75500.0,75500.0,1h,2026-09-16 02:00:00+00:00,0.0
76310.0,76400.0,BTC-USD_UM_XPERP-310328,BTC-USD_UM_XPERP-310328|1h|2026-09-16T03:00:00+00:00,MONITOR_BAR_CLOSED,76080.4,76080.4,1h,2026-09-16 03:00:00+00:00,0.0
77826.0,77878.7,BTC-USD_UM_XPERP-310328,BTC-USD_UM_XPERP-310328|1h|2026-09-16T04:00:00+00:00,MONITOR_BAR_CLOSED,75825.2,76310.0,1h,2026-09-16 04:00:00+00:00,0.0
78720.0,78786.0,BTC-USD_UM_XPERP-310328,BTC-USD_UM_XPERP-310328|1h|2026-09-16T05:00:00+00:00,MONITOR_BAR_CLOSED,77391.3,77792.0,1h,2026-09-16 05:00:00+00:00,0.0
75994.9,78786.0,BTC-USD_UM_XPERP-310328,BTC-USD_UM_XPERP-310328|1h|2026-09-16T06:00:00+00:00,MONITOR_BAR_CLOSED,75784.4,78778.0,1h,2026-09-16 06:00:00+00:00,3.0
75692.2,76048.2,BTC-USD_UM_XPERP-310328,BTC-USD_UM_XPERP-310328|1h|2026-09-16T07:00:00+00:00,MONITOR_BAR_CLOSED,75692.2,75999.5,1h,2026-09-16 07:00:00+00:00,414.0
75705.7,75705.7,BTC-USD_UM_XPERP-310328,BTC-USD_UM_XPERP-310328|1h|2026-09-16T08:00:00+00:00,MONITOR_BAR_CLOSED,75333.3,75691.8,1h,2026-09-16 08:00:00+00:00,2.0
75954.7,78333.3,BTC-USD_UM_XPERP-310328,BTC-USD_UM_XPERP-310328|1h|2026-09-16T09:00:00+00:00,MONITOR_BAR_CLOSED,75710.0,75710.0,1h,2026-09-16 09:00:00+00:00,24.0
75863.2,75999.5,BTC-USD_UM_XPERP-310328,BTC-USD_UM_XPERP-310328|1h|2026-09-16T10:00:00+00:00,MONITOR_BAR_CLOSED,75863.2,75952.0,1h,2026-09-16 10:00:00+00:00,8.0
76178.3,76257.1,BTC-USD_UM_XPERP-310328,BTC-USD_UM_XPERP-310328|1h|2026-09-16T11:00:00+00:00,MONITOR_BAR_CLOSED,75849.1,75933.3,1h,2026-09-16 11:00:00+00:00,14.0
75894.8,76244.1,BTC-USD_UM_XPERP-310328,BTC-USD_UM_XPERP-310328|1h|2026-09-16T12:00:00+00:00,MONITOR_BAR_CLOSED,75757.6,76165.7,1h,2026-09-16 12:00:00+00:00,10.0
75596.0,75894.8,BTC-USD_UM_XPERP-310328,BTC-USD_UM_XPERP-310328|1h|2026-09-16T13:00:00+00:00,MONITOR_BAR_CLOSED,75570.0,75866.7,1h,2026-09-16 13:00:00+00:00,38.0
75600.9,75784.4,BTC-USD_UM_XPERP-310328,BTC-USD_UM_XPERP-310328|1h|2026-09-16T14:00:00+00:00,MONITOR_BAR_CLOSED,75428.6,75595.3,1h,2026-09-16 14:00:00+00:00,8.0
75775.0,75866.7,BTC-USD_UM_XPERP-310328,BTC-USD_UM_XPERP-310328|1h|2026-09-16T15:00:00+00:00,MONITOR_BAR_CLOSED,75528.3,75620.0,1h,2026-09-16 15:00:00+00:00,22.0
75781.0,75849.9,BTC-USD_UM_XPERP-310328,BTC-USD_UM_XPERP-310328|1h|2026-09-16T16:00:00+00:00,MONITOR_BAR_CLOSED,74471.6,75710.0,1h,2026-09-16 16:00:00+00:00,20.0
75698.3,75849.6,BTC-USD_UM_XPERP-310328,BTC-USD_UM_XPERP-310328|1h|2026-09-16T17:00:00+00:00,MONITOR_BAR_CLOSED,75323.1,75710.0,1h,2026-09-16 17:00:00+00:00,4.0
75683.6,76467.9,BTC-USD_UM_XPERP-310328,BTC-USD_UM_XPERP-310328|1h|2026-09-16T18:00:00+00:00,MONITOR_BAR_CLOSED,73800.0,75754.3,1h,2026-09-16 18:00:00+00:00,10.0
75994.1,76145.0,BTC-USD_UM_XPERP-310328,BTC-USD_UM_XPERP-310328|1h|2026-09-16T19:00:00+00:00,MONITOR_BAR_CLOSED,75266.7,75606.0,1h,2026-09-16 19:00:00+00:00,8.0
76149.3,76361.5,BTC-USD_UM_XPERP-310328,BTC-USD_UM_XPERP-310328|1h|2026-09-16T20:00:00+00:00,MONITOR_BAR_CLOSED,75798.2,76062.9,1h,2026-09-16 20:00:00+00:00,3.0
75960.0,76181.8,BTC-USD_UM_XPERP-310328,BTC-USD_UM_XPERP-310328|1h|2026-09-16T21:00:00+00:00,MONITOR_BAR_CLOSED,75900.0,76161.2,1h,2026-09-16 21:00:00+00:00,0.0
75625.0,75908.6,BTC-USD_UM_XPERP-310328,BTC-USD_UM_XPERP-310328|1h|2026-09-16T22:00:00+00:00,MONITOR_BAR_CLOSED,75625.0,75908.6,1h,2026-09-16 22:00:00+00:00,8.0
76161.2,76242.1,BTC-USD_UM_XPERP-310328,BTC-USD_UM_XPERP-310328|1h|2026-09-16T23:00:00+00:00,MONITOR_BAR_CLOSED,75702.9,75702.9,1h,2026-09-16 23:00:00+00:00,10.0
76304.6,76463.5,BTC-USD_UM_XPERP-310328,BTC-USD_UM_XPERP-310328|1h|2026-09-17T00:00:00+00:00,MONITOR_BAR_CLOSED,76149.3,76149.3,1h,2026-09-17 00:00:00+00:00,23.0
76310.2,76738.9,BTC-USD_UM_XPERP-310328,BTC-USD_UM_XPERP-310328|1h|2026-09-17T01:00:00+00:00,MONITOR_BAR_CLOSED,76178.5,76300.0,1h,2026-09-17 01:00:00+00:00,13.0
76371.4,76454.5,BTC-USD_UM_XPERP-310328,BTC-USD_UM_XPERP-310328|1h|2026-09-17T02:00:00+00:00,MONITOR_BAR_CLOSED,76049.0,76333.0,1h,2026-09-17 02:00:00+00:00,5.0
76379.1,76495.6,BTC-USD_UM_XPERP-310328,BTC-USD_UM_XPERP-310328|1h|2026-09-17T03:00:00+00:00,MONITOR_BAR_CLOSED,76379.1,76400.0,1h,2026-09-17 03:00:00+00:00,6.0
76548.0,76548.0,BTC-USD_UM_XPERP-310328,BTC-USD_UM_XPERP-310328|1h|2026-09-17T04:00:00+00:00,MONITOR_BAR_CLOSED,76149.3,76375.0,1h,2026-09-17 04:00:00+00:00,2.0
76271.4,76572.2,BTC-USD_UM_XPERP-310328,BTC-USD_UM_XPERP-310328|1h|2026-09-17T05:00:00+00:00,MONITOR_BAR_CLOSED,76271.4,76559.5,1h,2026-09-17 05:00:00+00:00,4.0
76459.8,76560.0,BTC-USD_UM_XPERP-310328,BTC-USD_UM_XPERP-310328|1h|2026-09-17T06:00:00+00:00,MONITOR_BAR_CLOSED,76266.7,76268.7,1h,2026-09-17 06:00:00+00:00,2.0
76400.0,76700.0,BTC-USD_UM_XPERP-310328,BTC-USD_UM_XPERP-310328|1h|2026-09-17T07:00:00+00:00,MONITOR_BAR_CLOSED,76400.0,76504.9,1h,2026-09-17 07:00:00+00:00,6.0
76559.5,76559.5,BTC-USD_UM_XPERP-310328,BTC-USD_UM_XPERP-310328|1h|2026-09-17T08:00:00+00:00,MONITOR_BAR_CLOSED,76361.5,76435.1,1h,2026-09-17 08:00:00+00:00,568.0
76431.7,76731.4,BTC-USD_UM_XPERP-310328,BTC-USD_UM_XPERP-310328|1h|2026-09-17T09:00:00+00:00,MONITOR_BAR_CLOSED,76431.7,76565.5,1h,2026-09-17 09:00:00+00:00,146.0
76371.4,76428.6,BTC-USD_UM_XPERP-310328,BTC-USD_UM_XPERP-310328|1h|2026-09-17T10:00:00+00:00,MONITOR_BAR_CLOSED,76242.1,76428.6,1h,2026-09-17 10:00:00+00:00,125.0
76414.7,76414.7,BTC-USD_UM_XPERP-310328,BTC-USD_UM_XPERP-310328|1h|2026-09-17T11:00:00+00:00,MONITOR_BAR_CLOSED,76149.3,76375.0,1h,2026-09-17 11:00:00+00:00,1222.0
76704.0,79285.7,BTC-USD_UM_XPERP-310328,BTC-USD_UM_XPERP-310328|1h|2026-09-17T12:00:00+00:00,MONITOR_BAR_CLOSED,76380.1,76422.9,1h,2026-09-17 12:00:00+00:00,4836.0
76663.2,76840.0,BTC-USD_UM_XPERP-310328,BTC-USD_UM_XPERP-310328|1h|2026-09-17T13:00:00+00:00,MONITOR_BAR_CLOSED,75987.4,76700.4,1h,2026-09-17 13:00:00+00:00,13194.0
76474.3,76989.2,BTC-USD_UM_XPERP-310328,BTC-USD_UM_XPERP-310328|1h|2026-09-17T14:00:00+00:00,MONITOR_BAR_CLOSED,76371.4,76664.1,1h,2026-09-17 14:00:00+00:00,17651.0
76741.0,76836.3,BTC-USD_UM_XPERP-310328,BTC-USD_UM_XPERP-310328|1h|2026-09-17T15:00:00+00:00,MONITOR_BAR_CLOSED,76240.1,76476.1,1h,2026-09-17 15:00:00+00:00,13663.0
76700.0,79407.1,BTC-USD_UM_XPERP-310328,BTC-USD_UM_XPERP-310328|1h|2026-09-17T16:00:00+00:00,MONITOR_BAR_CLOSED,76520.9,76750.0,1h,2026-09-17 16:00:00+00:00,7340.0
76637.6,76928.3,BTC-USD_UM_XPERP-310328,BTC-USD_UM_XPERP-310328|1h|2026-09-17T17:00:00+00:00,MONITOR_BAR_CLOSED,76552.1,76704.0,1h,2026-09-17 17:00:00+00:00,4808.0
76551.7,76752.0,BTC-USD_UM_XPERP-310328,BTC-USD_UM_XPERP-310328|1h|2026-09-17T18:00:00+00:00,MONITOR_BAR_CLOSED,76435.1,76635.2,1h,2026-09-17 18:00:00+00:00,2760.0
76570.3,76642.5,BTC-USD_UM_XPERP-310328,BTC-USD_UM_XPERP-310328|1h|2026-09-17T19:00:00+00:00,MONITOR_BAR_CLOSED,76466.7,76537.5,1h,2026-09-17 19:00:00+00:00,2981.0
76517.4,76705.2,BTC-USD_UM_XPERP-310328,BTC-USD_UM_XPERP-310328|1h|2026-09-17T20:00:00+00:00,MONITOR_BAR_CLOSED,76459.8,76552.2,1h,2026-09-17 20:00:00+00:00,479.0
76402.9,76574.2,BTC-USD_UM_XPERP-310328,BTC-USD_UM_XPERP-310328|1h|2026-09-17T21:00:00+00:00,MONITOR_BAR_CLOSED,76382.2,76525.7,1h,2026-09-17 21:00:00+00:00,648.0
76382.2,77642.9,BTC-USD_UM_XPERP-310328,BTC-USD_UM_XPERP-310328|1h|2026-09-17T22:00:00+00:00,MONITOR_BAR_CLOSED,76220.0,76375.0,1h,2026-09-17 22:00:00+00:00,1693.0
76442.0,76474.9,BTC-USD_UM_XPERP-310328,BTC-USD_UM_XPERP-310328|1h|2026-09-17T23:00:00+00:00,MONITOR_BAR_CLOSED,76360.6,76360.6,1h,2026-09-17 23:00:00+00:00,870.0
76548.6,76558.0,BTC-USD_UM_XPERP-310328,BTC-USD_UM_XPERP-310328|1h|2026-09-18T00:00:00+00:00,MONITOR_BAR_CLOSED,76250.0,76397.9,1h,2026-09-18 00:00:00+00:00,728.0
76733.7,76733.7,BTC-USD_UM_XPERP-310328,BTC-USD_UM_XPERP-310328|1h|2026-09-18T01:00:00+00:00,MONITOR_BAR_CLOSED,76490.0,76560.0,1h,2026-09-18 01:00:00+00:00,2245.0
76955.7,76994.9,BTC-USD_UM_XPERP-310328,BTC-USD_UM_XPERP-310328|1h|2026-09-18T02:00:00+00:00,MONITOR_BAR_CLOSED,76616.7,76703.3,1h,2026-09-18 02:00:00+00:00,1781.0
77333.3,77576.1,BTC-USD_UM_XPERP-310328,BTC-USD_UM_XPERP-310328|1h|2026-09-18T03:00:00+00:00,MONITOR_BAR_CLOSED,76926.6,76942.0,1h,2026-09-18 03:00:00+00:00,2474.0
77520.0,77520.0,BTC-USD_UM_XPERP-310328,BTC-USD_UM_XPERP-310328|1h|2026-09-18T04:00:00+00:00,MONITOR_BAR_CLOSED,77190.2,77346.1,1h,2026-09-18 04:00:00+00:00,1783.0
77440.4,78736.5,BTC-USD_UM_XPERP-310328,BTC-USD_UM_XPERP-310328|1h|2026-09-18T05:00:00+00:00,MONITOR_BAR_CLOSED,77346.6,77525.0,1h,2026-09-18 05:00:00+00:00,2925.0
77571.6,77642.9,BTC-USD_UM_XPERP-310328,BTC-USD_UM_XPERP-310328|1h|2026-09-18T06:00:00+00:00,MONITOR_BAR_CLOSED,77377.8,77471.7,1h,2026-09-18 06:00:00+00:00,1647.0
77761.1,77814.3,BTC-USD_UM_XPERP-310328,BTC-USD_UM_XPERP-310328|1h|2026-09-18T07:00:00+00:00,MONITOR_BAR_CLOSED,74900.0,77556.7,1h,2026-09-18 07:00:00+00:00,1259.0
78200.0,78211.2,BTC-USD_UM_XPERP-310328,BTC-USD_UM_XPERP-310328|1h|2026-09-18T08:00:00+00:00,MONITOR_BAR_CLOSED,77600.0,77771.1,1h,2026-09-18 08:00:00+00:00,3238.0
78172.4,78442.7,BTC-USD_UM_XPERP-310328,BTC-USD_UM_XPERP-310328|1h|2026-09-18T09:00:00+00:00,MONITOR_BAR_CLOSED,77942.2,78214.3,1h,2026-09-18 09:00:00+00:00,2264.0
78226.6,78330.0,BTC-USD_UM_XPERP-310328,BTC-USD_UM_XPERP-310328|1h|2026-09-18T10:00:00+00:00,MONITOR_BAR_CLOSED,78084.4,78175.1,1h,2026-09-18 10:00:00+00:00,1068.0
78033.9,78377.1,BTC-USD_UM_XPERP-310328,BTC-USD_UM_XPERP-310328|1h|2026-09-18T11:00:00+00:00,MONITOR_BAR_CLOSED,77996.0,78254.2,1h,2026-09-18 11:00:00+00:00,2927.0
78002.9,78147.8,BTC-USD_UM_XPERP-310328,BTC-USD_UM_XPERP-310328|1h|2026-09-18T12:00:00+00:00,MONITOR_BAR_CLOSED,77960.0,78047.1,1h,2026-09-18 12:00:00+00:00,2342.0
79960.0,80428.6,BTC-USD_UM_XPERP-310328,BTC-USD_UM_XPERP-310328|1h|2026-09-18T13:00:00+00:00,MONITOR_BAR_CLOSED,73975.8,78009.8,1h,2026-09-18 13:00:00+00:00,2522.0
80900.0,81012.3,BTC-USD_UM_XPERP-310328,BTC-USD_UM_XPERP-310328|1h|2026-09-18T14:00:00+00:00,MONITOR_BAR_CLOSED,80000.0,80000.0,1h,2026-09-18 14:00:00+00:00,9738.0
80682.4,81097.8,BTC-USD_UM_XPERP-310328,BTC-USD_UM_XPERP-310328|1h|2026-09-18T15:00:00+00:00,MONITOR_BAR_CLOSED,80488.8,80905.0,1h,2026-09-18 15:00:00+00:00,12174.0
80827.6,81224.5,BTC-USD_UM_XPERP-310328,BTC-USD_UM_XPERP-310328|1h|2026-09-18T16:00:00+00:00,MONITOR_BAR_CLOSED,80666.7,80691.4,1h,2026-09-18 16:00:00+00:00,9896.0
80975.0,80975.0,BTC-USD_UM_XPERP-310328,BTC-USD_UM_XPERP-310328|1h|2026-09-18T17:00:00+00:00,MONITOR_BAR_CLOSED,80559.3,80827.6,1h,2026-09-18 17:00:00+00:00,7415.0
80918.6,81158.6,BTC-USD_UM_XPERP-310328,BTC-USD_UM_XPERP-310328|1h|2026-09-18T18:00:00+00:00,MONITOR_BAR_CLOSED,80781.9,80975.5,1h,2026-09-18 18:00:00+00:00,7693.0
81173.5,81311.1,BTC-USD_UM_XPERP-310328,BTC-USD_UM_XPERP-310328|1h|2026-09-18T19:00:00+00:00,MONITOR_BAR_CLOSED,80879.9,80912.0,1h,2026-09-18 19:00:00+00:00,11304.0
81078.7,81205.7,BTC-USD_UM_XPERP-310328,BTC-USD_UM_XPERP-310328|1h|2026-09-18T20:00:00+00:00,MONITOR_BAR_CLOSED,80928.2,81175.0,1h,2026-09-18 20:00:00+00:00,4327.0
81207.6,81257.4,BTC-USD_UM_XPERP-310328,BTC-USD_UM_XPERP-310328|1h|2026-09-18T21:00:00+00:00,MONITOR_BAR_CLOSED,81066.5,81090.0,1h,2026-09-18 21:00:00+00:00,1595.0
81116.9,81611.0,BTC-USD_UM_XPERP-310328,BTC-USD_UM_XPERP-310328|1h|2026-09-18T22:00:00+00:00,MONITOR_BAR_CLOSED,81051.4,81226.0,1h,2026-09-18 22:00:00+00:00,968.0
80883.0,81182.6,BTC-USD_UM_XPERP-310328,BTC-USD_UM_XPERP-310328|1h|2026-09-18T23:00:00+00:00,MONITOR_BAR_CLOSED,80841.3,81118.0,1h,2026-09-18 23:00:00+00:00,1400.0
81658.4,81658.4,BTC-USD_UM_XPERP-310328,BTC-USD_UM_XPERP-310328|1h|2026-09-19T00:00:00+00:00,MONITOR_BAR_CLOSED,80821.8,80889.6,1h,2026-09-19 00:00:00+00:00,1340.0
81252.7,81714.3,BTC-USD_UM_XPERP-310328,BTC-USD_UM_XPERP-310328|1h|2026-09-19T01:00:00+00:00,MONITOR_BAR_CLOSED,76817.4,81659.1,1h,2026-09-19 01:00:00+00:00,540.0
81254.9,81420.0,BTC-USD_UM_XPERP-310328,BTC-USD_UM_XPERP-310328|1h|2026-09-19T02:00:00+00:00,MONITOR_BAR_CLOSED,81234.3,81253.7,1h,2026-09-19 02:00:00+00:00,717.0
81120.0,81372.5,BTC-USD_UM_XPERP-310328,BTC-USD_UM_XPERP-310328|1h|2026-09-19T03:00:00+00:00,MONITOR_BAR_CLOSED,81102.9,81265.8,1h,2026-09-19 03:00:00+00:00,474.0
81005.0,81205.7,BTC-USD_UM_XPERP-310328,BTC-USD_UM_XPERP-310328|1h|2026-09-19T04:00:00+00:00,MONITOR_BAR_CLOSED,80900.9,81115.4,1h,2026-09-19 04:00:00+00:00,946.0
81022.0,81122.1,BTC-USD_UM_XPERP-310328,BTC-USD_UM_XPERP-310328|1h|2026-09-19T05:00:00+00:00,MONITOR_BAR_CLOSED,80983.9,81007.7,1h,2026-09-19 05:00:00+00:00,984.0
81005.0,81081.8,BTC-USD_UM_XPERP-310328,BTC-USD_UM_XPERP-310328|1h|2026-09-19T06:00:00+00:00,MONITOR_BAR_CLOSED,80910.0,81039.9,1h,2026-09-19 06:00:00+00:00,501.0
81102.9,81254.9,BTC-USD_UM_XPERP-310328,BTC-USD_UM_XPERP-310328|1h|2026-09-19T07:00:00+00:00,MONITOR_BAR_CLOSED,81016.7,81049.5,1h,2026-09-19 07:00:00+00:00,634.0
81284.4,81377.7,BTC-USD_UM_XPERP-310328,BTC-USD_UM_XPERP-310328|1h|2026-09-19T08:00:00+00:00,MONITOR_BAR_CLOSED,81050.0,81090.0,1h,2026-09-19 08:00:00+00:00,838.0
81315.0,81497.2,BTC-USD_UM_XPERP-310328,BTC-USD_UM_XPERP-310328|1h|2026-09-19T09:00:00+00:00,MONITOR_BAR_CLOSED,81234.1,81292.4,1h,2026-09-19 09:00:00+00:00,455.0
81205.7,81308.6,BTC-USD_UM_XPERP-310328,BTC-USD_UM_XPERP-310328|1h|2026-09-19T10:00:00+00:00,MONITOR_BAR_CLOSED,81197.9,81260.0,1h,2026-09-19 10:00:00+00:00,26.0
81298.9,81335.7,BTC-USD_UM_XPERP-310328,BTC-USD_UM_XPERP-310328|1h|2026-09-19T11:00:00+00:00,MONITOR_BAR_CLOSED,81220.1,81257.1,1h,2026-09-19 11:00:00+00:00,91.0
81311.0,81350.2,BTC-USD_UM_XPERP-310328,BTC-USD_UM_XPERP-310328|1h|2026-09-19T12:00:00+00:00,MONITOR_BAR_CLOSED,81212.2,81297.7,1h,2026-09-19 12:00:00+00:00,384.0
81335.7,81335.7,BTC-USD_UM_XPERP-310328,BTC-USD_UM_XPERP-310328|1h|2026-09-19T13:00:00+00:00,MONITOR_BAR_CLOSED,81154.3,81281.8,1h,2026-09-19 13:00:00+00:00,702.0
81547.2,81782.4,BTC-USD_UM_XPERP-310328,BTC-USD_UM_XPERP-310328|1h|2026-09-19T14:00:00+00:00,MONITOR_BAR_CLOSED,81313.3,81313.4,1h,2026-09-19 14:00:00+00:00,1631.0
81578.3,81919.7,BTC-USD_UM_XPERP-310328,BTC-USD_UM_XPERP-310328|1h|2026-09-19T15:00:00+00:00,MONITOR_BAR_CLOSED,81498.0,81539.9,1h,2026-09-19 15:00:00+00:00,3994.0
81810.0,81871.3,BTC-USD_UM_XPERP-310328,BTC-USD_UM_XPERP-310328|1h|2026-09-19T16:00:00+00:00,MONITOR_BAR_CLOSED,81456.1,81619.9,1h,2026-09-19 16:00:00+00:00,2880.0
81448.9,81822.9,BTC-USD_UM_XPERP-310328,BTC-USD_UM_XPERP-310328|1h|2026-09-19T17:00:00+00:00,MONITOR_BAR_CLOSED,81425.8,81775.4,1h,2026-09-19 17:00:00+00:00,2804.0
81403.3,81513.3,BTC-USD_UM_XPERP-310328,BTC-USD_UM_XPERP-310328|1h|2026-09-19T18:00:00+00:00,MONITOR_BAR_CLOSED,81308.6,81431.2,1h,2026-09-19 18:00:00+00:00,2466.0
81328.0,81430.0,BTC-USD_UM_XPERP-310328,BTC-USD_UM_XPERP-310328|1h|2026-09-19T19:00:00+00:00,MONITOR_BAR_CLOSED,81294.0,81426.3,1h,2026-09-19 19:00:00+00:00,645.0
81130.0,81400.0,BTC-USD_UM_XPERP-310328,BTC-USD_UM_XPERP-310328|1h|2026-09-19T20:00:00+00:00,MONITOR_BAR_CLOSED,81069.8,81294.0,1h,2026-09-19 20:00:00+00:00,1028.0
81099.9,81205.7,BTC-USD_UM_XPERP-310328,BTC-USD_UM_XPERP-310328|1h|2026-09-19T21:00:00+00:00,MONITOR_BAR_CLOSED,80886.7,81154.3,1h,2026-09-19 21:00:00+00:00,1481.0
81214.5,81243.6,BTC-USD_UM_XPERP-310328,BTC-USD_UM_XPERP-310328|1h|2026-09-19T22:00:00+00:00,MONITOR_BAR_CLOSED,80962.1,81069.7,1h,2026-09-19 22:00:00+00:00,734.0
81233.9,81337.3,BTC-USD_UM_XPERP-310328,BTC-USD_UM_XPERP-310328|1h|2026-09-19T23:00:00+00:00,MONITOR_BAR_CLOSED,81192.0,81230.2,1h,2026-09-19 23:00:00+00:00,426.0
81245.6,81298.9,BTC-USD_UM_XPERP-310328,BTC-USD_UM_XPERP-310328|1h|2026-09-20T00:00:00+00:00,MONITOR_BAR_CLOSED,81188.8,81231.2,1h,2026-09-20 00:00:00+00:00,117.0
81069.0,81254.9,BTC-USD_UM_XPERP-310328,BTC-USD_UM_XPERP-310328|1h|2026-09-20T01:00:00+00:00,MONITOR_BAR_CLOSED,81005.0,81252.2,1h,2026-09-20 01:00:00+00:00,608.0
80302.4,81148.4,BTC-USD_UM_XPERP-310328,BTC-USD_UM_XPERP-310328|1h|2026-09-20T02:00:00+00:00,MONITOR_BAR_CLOSED,80250.5,81072.6,1h,2026-09-20 02:00:00+00:00,2366.0
80485.7,80500.2,BTC-USD_UM_XPERP-310328,BTC-USD_UM_XPERP-310328|1h|2026-09-20T03:00:00+00:00,MONITOR_BAR_CLOSED,80110.2,80299.1,1h,2026-09-20 03:00:00+00:00,3099.0
80410.0,80518.1,BTC-USD_UM_XPERP-310328,BTC-USD_UM_XPERP-310328|1h|2026-09-20T04:00:00+00:00,MONITOR_BAR_CLOSED,80299.1,80467.8,1h,2026-09-20 04:00:00+00:00,880.0
80497.6,80599.8,BTC-USD_UM_XPERP-310328,BTC-USD_UM_XPERP-310328|1h|2026-09-20T05:00:00+00:00,MONITOR_BAR_CLOSED,80382.9,80439.2,1h,2026-09-20 05:00:00+00:00,852.0
80308.0,80580.4,BTC-USD_UM_XPERP-310328,BTC-USD_UM_XPERP-310328|1h|2026-09-20T06:00:00+00:00,MONITOR_BAR_CLOSED,80185.4,80463.4,1h,2026-09-20 06:00:00+00:00,1398.0
80314.0,80314.0,BTC-USD_UM_XPERP-310328,BTC-USD_UM_XPERP-310328|1h|2026-09-20T07:00:00+00:00,MONITOR_BAR_CLOSED,80289.0,80289.0,1h,2026-09-20 07:00:00+00:00,0.0
80314.0,80314.0,BTC-USD_UM_XPERP-310328,BTC-USD_UM_XPERP-310328|1h|2026-09-20T08:00:00+00:00,MONITOR_BAR_CLOSED,80314.0,80314.0,1h,2026-09-20 08:00:00+00:00,0.0
80314.0,80314.0,BTC-USD_UM_XPERP-310328,BTC-USD_UM_XPERP-310328|1h|2026-09-20T09:00:00+00:00,MONITOR_BAR_CLOSED,80314.0,80314.0,1h,2026-09-20 09:00:00+00:00,0.0
80313.7,80390.1,BTC-USD_UM_XPERP-310328,BTC-USD_UM_XPERP-310328|1h|2026-09-20T10:00:00+00:00,MONITOR_BAR_CLOSED,80203.8,80274.0,1h,2026-09-20 10:00:00+00:00,735.0
80450.5,80496.3,BTC-USD_UM_XPERP-310328,BTC-USD_UM_XPERP-310328|1h|2026-09-20T11:00:00+00:00,MONITOR_BAR_CLOSED,80254.6,80284.6,1h,2026-09-20 11:00:00+00:00,2663.0
80465.2,80485.7,BTC-USD_UM_XPERP-310328,BTC-USD_UM_XPERP-310328|1h|2026-09-20T12:00:00+00:00,MONITOR_BAR_CLOSED,80299.1,80419.7,1h,2026-09-20 12:00:00+00:00,2232.0
80525.0,80611.3,BTC-USD_UM_XPERP-310328,BTC-USD_UM_XPERP-310328|1h|2026-09-20T13:00:00+00:00,MONITOR_BAR_CLOSED,80392.0,80466.0,1h,2026-09-20 13:00:00+00:00,1449.0
80629.7,80747.8,BTC-USD_UM_XPERP-310328,BTC-USD_UM_XPERP-310328|1h|2026-09-20T14:00:00+00:00,MONITOR_BAR_CLOSED,80385.7,80530.0,1h,2026-09-20 14:00:00+00:00,3241.0
80875.6,80928.2,BTC-USD_UM_XPERP-310328,BTC-USD_UM_XPERP-310328|1h|2026-09-20T15:00:00+00:00,MONITOR_BAR_CLOSED,80636.5,80640.6,1h,2026-09-20 15:00:00+00:00,4239.0
81259.6,81439.0,BTC-USD_UM_XPERP-310328,BTC-USD_UM_XPERP-310328|1h|2026-09-20T16:00:00+00:00,MONITOR_BAR_CLOSED,80782.8,80852.0,1h,2026-09-20 16:00:00+00:00,8435.0
81104.5,81430.0,BTC-USD_UM_XPERP-310328,BTC-USD_UM_XPERP-310328|1h|2026-09-20T17:00:00+00:00,MONITOR_BAR_CLOSED,81087.3,81294.0,1h,2026-09-20 17:00:00+00:00,5461.0
81005.0,81285.9,BTC-USD_UM_XPERP-310328,BTC-USD_UM_XPERP-310328|1h|2026-09-20T18:00:00+00:00,MONITOR_BAR_CLOSED,80995.4,81119.1,1h,2026-09-20 18:00:00+00:00,1831.0
81150.9,81278.9,BTC-USD_UM_XPERP-310328,BTC-USD_UM_XPERP-310328|1h|2026-09-20T19:00:00+00:00,MONITOR_BAR_CLOSED,80876.8,81015.5,1h,2026-09-20 19:00:00+00:00,1452.0
81055.0,81200.0,BTC-USD_UM_XPERP-310328,BTC-USD_UM_XPERP-310328|1h|2026-09-20T20:00:00+00:00,MONITOR_BAR_CLOSED,81045.7,81159.2,1h,2026-09-20 20:00:00+00:00,478.0
80898.8,81040.2,BTC-USD_UM_XPERP-310328,BTC-USD_UM_XPERP-310328|1h|2026-09-20T21:00:00+00:00,MONITOR_BAR_CLOSED,80577.8,81040.2,1h,2026-09-20 21:00:00+00:00,2810.0
81192.9,81261.2,BTC-USD_UM_XPERP-310328,BTC-USD_UM_XPERP-310328|1h|2026-09-20T22:00:00+00:00,MONITOR_BAR_CLOSED,80784.5,80900.4,1h,2026-09-20 22:00:00+00:00,3715.0
81143.2,81300.0,BTC-USD_UM_XPERP-310328,BTC-USD_UM_XPERP-310328|1h|2026-09-20T23:00:00+00:00,MONITOR_BAR_CLOSED,81092.8,81158.0,1h,2026-09-20 23:00:00+00:00,941.0
81561.8,81804.7,BTC-USD_UM_XPERP-310328,BTC-USD_UM_XPERP-310328|1h|2026-09-21T00:00:00+00:00,MONITOR_BAR_CLOSED,81124.0,81158.0,1h,2026-09-21 00:00:00+00:00,8523.0
80971.3,82068.0,BTC-USD_UM_XPERP-310328,BTC-USD_UM_XPERP-310328|1h|2026-09-21T01:00:00+00:00,MONITOR_BAR_CLOSED,80882.5,81566.2,1h,2026-09-21 01:00:00+00:00,8768.0
81290.8,81484.2,BTC-USD_UM_XPERP-310328,BTC-USD_UM_XPERP-310328|1h|2026-09-21T02:00:00+00:00,MONITOR_BAR_CLOSED,80955.2,81017.5,1h,2026-09-21 02:00:00+00:00,5113.0
81413.6,81537.0,BTC-USD_UM_XPERP-310328,BTC-USD_UM_XPERP-310328|1h|2026-09-21T03:00:00+00:00,MONITOR_BAR_CLOSED,81224.5,81297.5,1h,2026-09-21 03:00:00+00:00,559.0
81415.8,81487.5,BTC-USD_UM_XPERP-310328,BTC-USD_UM_XPERP-310328|1h|2026-09-21T04:00:00+00:00,MONITOR_BAR_CLOSED,81220.1,81421.9,1h,2026-09-21 04:00:00+00:00,990.0
81486.2,81750.0,BTC-USD_UM_XPERP-310328,BTC-USD_UM_XPERP-310328|1h|2026-09-21T05:00:00+00:00,MONITOR_BAR_CLOSED,81276.0,81362.0,1h,2026-09-21 05:00:00+00:00,2903.0
81627.8,81838.2,BTC-USD_UM_XPERP-310328,BTC-USD_UM_XPERP-310328|1h|2026-09-21T06:00:00+00:00,MONITOR_BAR_CLOSED,81358.3,81532.0,1h,2026-09-21 06:00:00+00:00,3891.0
81690.4,81696.0,BTC-USD_UM_XPERP-310328,BTC-USD_UM_XPERP-310328|1h|2026-09-21T07:00:00+00:00,MONITOR_BAR_CLOSED,81440.4,81595.5,1h,2026-09-21 07:00:00+00:00,2693.0
83757.0,84233.2,BTC-USD_UM_XPERP-310328,BTC-USD_UM_XPERP-310328|1h|2026-09-21T08:00:00+00:00,MONITOR_BAR_CLOSED,81700.0,81700.0,1h,2026-09-21 08:00:00+00:00,15745.0
84614.5,85175.9,BTC-USD_UM_XPERP-310328,BTC-USD_UM_XPERP-310328|1h|2026-09-21T09:00:00+00:00,MONITOR_BAR_CLOSED,83678.1,83747.7,1h,2026-09-21 09:00:00+00:00,17564.0
84421.5,84769.4,BTC-USD_UM_XPERP-310328,BTC-USD_UM_XPERP-310328|1h|2026-09-21T10:00:00+00:00,MONITOR_BAR_CLOSED,83928.6,84626.0,1h,2026-09-21 10:00:00+00:00,7798.0
84830.0,85000.0,BTC-USD_UM_XPERP-310328,BTC-USD_UM_XPERP-310328|1h|2026-09-21T11:00:00+00:00,MONITOR_BAR_CLOSED,84384.0,84404.3,1h,2026-09-21 11:00:00+00:00,2419.0
85286.6,85376.5,BTC-USD_UM_XPERP-310328,BTC-USD_UM_XPERP-310328|1h|2026-09-21T12:00:00+00:00,MONITOR_BAR_CLOSED,84799.6,84843.3,1h,2026-09-21 12:00:00+00:00,8067.0
85388.3,85761.6,BTC-USD_UM_XPERP-310328,BTC-USD_UM_XPERP-310328|1h|2026-09-21T13:00:00+00:00,MONITOR_BAR_CLOSED,84760.1,85273.8,1h,2026-09-21 13:00:00+00:00,10250.0
85774.3,86105.9,BTC-USD_UM_XPERP-310328,BTC-USD_UM_XPERP-310328|1h|2026-09-21T14:00:00+00:00,MONITOR_BAR_CLOSED,85022.2,85410.7,1h,2026-09-21 14:00:00+00:00,5053.0
85893.9,86286.7,BTC-USD_UM_XPERP-310328,BTC-USD_UM_XPERP-310328|1h|2026-09-21T15:00:00+00:00,MONITOR_BAR_CLOSED,85456.2,85782.5,1h,2026-09-21 15:00:00+00:00,8789.0
85918.3,86046.9,BTC-USD_UM_XPERP-310328,BTC-USD_UM_XPERP-310328|1h|2026-09-21T16:00:00+00:00,MONITOR_BAR_CLOSED,85554.2,85887.6,1h,2026-09-21 16:00:00+00:00,9237.0
85836.1,86065.6,BTC-USD_UM_XPERP-310328,BTC-USD_UM_XPERP-310328|1h|2026-09-21T17:00:00+00:00,MONITOR_BAR_CLOSED,85660.7,85916.6,1h,2026-09-21 17:00:00+00:00,7352.0
86030.0,86038.0,BTC-USD_UM_XPERP-310328,BTC-USD_UM_XPERP-310328|1h|2026-09-21T18:00:00+00:00,MONITOR_BAR_CLOSED,85773.3,85858.8,1h,2026-09-21 18:00:00+00:00,4183.0
86517.2,86904.8,BTC-USD_UM_XPERP-310328,BTC-USD_UM_XPERP-310328|1h|2026-09-21T19:00:00+00:00,MONITOR_BAR_CLOSED,85944.2,86039.8,1h,2026-09-21 19:00:00+00:00,8421.0
86924.5,87339.5,BTC-USD_UM_XPERP-310328,BTC-USD_UM_XPERP-310328|1h|2026-09-21T20:00:00+00:00,MONITOR_BAR_CLOSED,86473.1,86510.2,1h,2026-09-21 20:00:00+00:00,9117.0
86554.3,86945.6,BTC-USD_UM_XPERP-310328,BTC-USD_UM_XPERP-310328|1h|2026-09-21T21:00:00+00:00,MONITOR_BAR_CLOSED,86527.6,86945.6,1h,2026-09-21 21:00:00+00:00,2733.0
86419.7,86752.7,BTC-USD_UM_XPERP-310328,BTC-USD_UM_XPERP-310328|1h|2026-09-21T22:00:00+00:00,MONITOR_BAR_CLOSED,86282.7,86551.2,1h,2026-09-21 22:00:00+00:00,4071.0
86605.7,86668.0,BTC-USD_UM_XPERP-310328,BTC-USD_UM_XPERP-310328|1h|2026-09-21T23:00:00+00:00,MONITOR_BAR_CLOSED,86339.8,86401.6,1h,2026-09-21 23:00:00+00:00,1452.0
85863.4,87561.2,BTC-USD_UM_XPERP-310328,BTC-USD_UM_XPERP-310328|1h|2026-09-22T00:00:00+00:00,MONITOR_BAR_CLOSED,85863.4,86510.2,1h,2026-09-22 00:00:00+00:00,7.0
85521.5,86904.8,BTC-USD_UM_XPERP-310328,BTC-USD_UM_XPERP-310328|1h|2026-09-22T01:00:00+00:00,MONITOR_BAR_CLOSED,85420.7,85926.9,1h,2026-09-22 01:00:00+00:00,5381.0
85731.4,85850.2,BTC-USD_UM_XPERP-310328,BTC-USD_UM_XPERP-310328|1h|2026-09-22T02:00:00+00:00,MONITOR_BAR_CLOSED,85373.2,85577.1,1h,2026-09-22 02:00:00+00:00,8102.0
85674.9,85721.9,BTC-USD_UM_XPERP-310328,BTC-USD_UM_XPERP-310328|1h|2026-09-22T03:00:00+00:00,MONITOR_BAR_CLOSED,85291.5,85690.3,1h,2026-09-22 03:00:00+00:00,5318.0
85400.0,85705.6,BTC-USD_UM_XPERP-310328,BTC-USD_UM_XPERP-310328|1h|2026-09-22T04:00:00+00:00,MONITOR_BAR_CLOSED,85400.0,85669.5,1h,2026-09-22 04:00:00+00:00,3476.0
85378.3,85577.3,BTC-USD_UM_XPERP-310328,BTC-USD_UM_XPERP-310328|1h|2026-09-22T05:00:00+00:00,MONITOR_BAR_CLOSED,85082.2,85436.0,1h,2026-09-22 05:00:00+00:00,5699.0
85348.7,85541.0,BTC-USD_UM_XPERP-310328,BTC-USD_UM_XPERP-310328|1h|2026-09-22T06:00:00+00:00,MONITOR_BAR_CLOSED,85224.7,85379.4,1h,2026-09-22 06:00:00+00:00,3548.0
85280.0,85467.5,BTC-USD_UM_XPERP-310328,BTC-USD_UM_XPERP-310328|1h|2026-09-22T07:00:00+00:00,MONITOR_BAR_CLOSED,85153.8,85358.7,1h,2026-09-22 07:00:00+00:00,1459.0
86154.6,86306.2,BTC-USD_UM_XPERP-310328,BTC-USD_UM_XPERP-310328|1h|2026-09-22T08:00:00+00:00,MONITOR_BAR_CLOSED,85296.9,85316.6,1h,2026-09-22 08:00:00+00:00,9262.0
86217.6,86241.9,BTC-USD_UM_XPERP-310328,BTC-USD_UM_XPERP-310328|1h|2026-09-22T09:00:00+00:00,MONITOR_BAR_CLOSED,85655.2,86141.7,1h,2026-09-22 09:00:00+00:00,9300.0
85885.7,86224.7,BTC-USD_UM_XPERP-310328,BTC-USD_UM_XPERP-310328|1h|2026-09-22T10:00:00+00:00,MONITOR_BAR_CLOSED,85742.8,86202.3,1h,2026-09-22 10:00:00+00:00,4256.0
85959.1,86147.6,BTC-USD_UM_XPERP-310328,BTC-USD_UM_XPERP-310328|1h|2026-09-22T11:00:00+00:00,MONITOR_BAR_CLOSED,85784.2,85935.5,1h,2026-09-22 11:00:00+00:00,268.0
85961.8,86142.9,BTC-USD_UM_XPERP-310328,BTC-USD_UM_XPERP-310328|1h|2026-09-22T12:00:00+00:00,MONITOR_BAR_CLOSED,85769.2,85964.0,1h,2026-09-22 12:00:00+00:00,1863.0
86330.8,86330.8,BTC-USD_UM_XPERP-310328,BTC-USD_UM_XPERP-310328|1h|2026-09-22T13:00:00+00:00,MONITOR_BAR_CLOSED,85614.3,86007.4,1h,2026-09-22 13:00:00+00:00,11908.0
86210.3,86368.9,BTC-USD_UM_XPERP-310328,BTC-USD_UM_XPERP-310328|1h|2026-09-22T14:00:00+00:00,MONITOR_BAR_CLOSED,85470.1,86320.7,1h,2026-09-22 14:00:00+00:00,19372.0
86369.7,86638.7,BTC-USD_UM_XPERP-310328,BTC-USD_UM_XPERP-310328|1h|2026-09-22T15:00:00+00:00,MONITOR_BAR_CLOSED,86077.6,86219.7,1h,2026-09-22 15:00:00+00:00,14101.0
86400.0,86527.6,BTC-USD_UM_XPERP-310328,BTC-USD_UM_XPERP-310328|1h|2026-09-22T16:00:00+00:00,MONITOR_BAR_CLOSED,86033.2,86369.9,1h,2026-09-22 16:00:00+00:00,12522.0
86531.9,86618.7,BTC-USD_UM_XPERP-310328,BTC-USD_UM_XPERP-310328|1h|2026-09-22T17:00:00+00:00,MONITOR_BAR_CLOSED,86208.4,86388.5,1h,2026-09-22 17:00:00+00:00,7760.0
86419.5,86605.7,BTC-USD_UM_XPERP-310328,BTC-USD_UM_XPERP-310328|1h|2026-09-22T18:00:00+00:00,MONITOR_BAR_CLOSED,86119.0,86515.1,1h,2026-09-22 18:00:00+00:00,4799.0
86174.5,86611.0,BTC-USD_UM_XPERP-310328,BTC-USD_UM_XPERP-310328|1h|2026-09-22T19:00:00+00:00,MONITOR_BAR_CLOSED,86118.3,86417.7,1h,2026-09-22 19:00:00+00:00,5211.0
86163.5,86348.5,BTC-USD_UM_XPERP-310328,BTC-USD_UM_XPERP-310328|1h|2026-09-22T20:00:00+00:00,MONITOR_BAR_CLOSED,86100.0,86175.2,1h,2026-09-22 20:00:00+00:00,1683.0
86156.3,86305.2,BTC-USD_UM_XPERP-310328,BTC-USD_UM_XPERP-310328|1h|2026-09-22T21:00:00+00:00,MONITOR_BAR_CLOSED,86156.3,86238.7,1h,2026-09-22 21:00:00+00:00,709.0
86084.7,86245.7,BTC-USD_UM_XPERP-310328,BTC-USD_UM_XPERP-310328|1h|2026-09-22T22:00:00+00:00,MONITOR_BAR_CLOSED,85975.4,86207.8,1h,2026-09-22 22:00:00+00:00,2391.0
86163.5,86466.0,BTC-USD_UM_XPERP-310328,BTC-USD_UM_XPERP-310328|1h|2026-09-22T23:00:00+00:00,MONITOR_BAR_CLOSED,85296.9,86091.4,1h,2026-09-22 23:00:00+00:00,5937.0
86418.5,86543.5,BTC-USD_UM_XPERP-310328,BTC-USD_UM_XPERP-310328|1h|2026-09-23T00:00:00+00:00,MONITOR_BAR_CLOSED,86104.7,86180.8,1h,2026-09-23 00:00:00+00:00,4375.0
86325.8,86766.6,BTC-USD_UM_XPERP-310328,BTC-USD_UM_XPERP-310328|1h|2026-09-23T01:00:00+00:00,MONITOR_BAR_CLOSED,86138.8,86397.9,1h,2026-09-23 01:00:00+00:00,6252.0
86510.2,86591.5,BTC-USD_UM_XPERP-310328,BTC-USD_UM_XPERP-310328|1h|2026-09-23T02:00:00+00:00,MONITOR_BAR_CLOSED,86244.6,86331.0,1h,2026-09-23 02:00:00+00:00,3866.0
86667.3,86900.3,BTC-USD_UM_XPERP-310328,BTC-USD_UM_XPERP-310328|1h|2026-09-23T03:00:00+00:00,MONITOR_BAR_CLOSED,86400.0,86516.5,1h,2026-09-23 03:00:00+00:00,2342.0
87141.0,87244.7,BTC-USD_UM_XPERP-310328,BTC-USD_UM_XPERP-310328|1h|2026-09-23T04:00:00+00:00,MONITOR_BAR_CLOSED,86600.0,86675.9,1h,2026-09-23 04:00:00+00:00,5577.0
86460.7,87120.0,BTC-USD_UM_XPERP-310328,BTC-USD_UM_XPERP-310328|1h|2026-09-23T05:00:00+00:00,MONITOR_BAR_CLOSED,86394.9,87120.0,1h,2026-09-23 05:00:00+00:00,2710.0
86455.5,86574.1,BTC-USD_UM_XPERP-310328,BTC-USD_UM_XPERP-310328|1h|2026-09-23T06:00:00+00:00,MONITOR_BAR_CLOSED,86334.1,86457.5,1h,2026-09-23 06:00:00+00:00,868.0
86100.1,86429.3,BTC-USD_UM_XPERP-310328,BTC-USD_UM_XPERP-310328|1h|2026-09-23T07:00:00+00:00,MONITOR_BAR_CLOSED,85945.9,86406.9,1h,2026-09-23 07:00:00+00:00,6396.0
85850.4,86232.4,BTC-USD_UM_XPERP-310328,BTC-USD_UM_XPERP-310328|1h|2026-09-23T08:00:00+00:00,MONITOR_BAR_CLOSED,85667.5,86124.5,1h,2026-09-23 08:00:00+00:00,4252.0
85830.3,85978.5,BTC-USD_UM_XPERP-310328,BTC-USD_UM_XPERP-310328|1h|2026-09-23T09:00:00+00:00,MONITOR_BAR_CLOSED,85704.3,85882.0,1h,2026-09-23 09:00:00+00:00,2546.0
85886.4,86008.4,BTC-USD_UM_XPERP-310328,BTC-USD_UM_XPERP-310328|1h|2026-09-23T10:00:00+00:00,MONITOR_BAR_CLOSED,82629.3,85820.7,1h,2026-09-23 10:00:00+00:00,2622.0
85630.1,85841.5,BTC-USD_UM_XPERP-310328,BTC-USD_UM_XPERP-310328|1h|2026-09-23T11:00:00+00:00,MONITOR_BAR_CLOSED,85422.5,85834.3,1h,2026-09-23 11:00:00+00:00,3626.0
85464.5,85638.9,BTC-USD_UM_XPERP-310328,BTC-USD_UM_XPERP-310328|1h|2026-09-23T12:00:00+00:00,MONITOR_BAR_CLOSED,85244.0,85638.9,1h,2026-09-23 12:00:00+00:00,3948.0
85738.4,85839.0,BTC-USD_UM_XPERP-310328,BTC-USD_UM_XPERP-310328|1h|2026-09-23T13:00:00+00:00,MONITOR_BAR_CLOSED,83033.6,85471.3,1h,2026-09-23 13:00:00+00:00,5212.0
84496.3,86833.6,BTC-USD_UM_XPERP-310328,BTC-USD_UM_XPERP-310328|1h|2026-09-23T14:00:00+00:00,MONITOR_BAR_CLOSED,83889.1,85763.2,1h,2026-09-23 14:00:00+00:00,21121.0
83946.0,84762.0,BTC-USD_UM_XPERP-310328,BTC-USD_UM_XPERP-310328|1h|2026-09-23T15:00:00+00:00,MONITOR_BAR_CLOSED,83904.1,84509.2,1h,2026-09-23 15:00:00+00:00,17457.0
83993.9,84310.8,BTC-USD_UM_XPERP-310328,BTC-USD_UM_XPERP-310328|1h|2026-09-23T16:00:00+00:00,MONITOR_BAR_CLOSED,83437.8,83956.0,1h,2026-09-23 16:00:00+00:00,13614.0
84267.2,84344.7,BTC-USD_UM_XPERP-310328,BTC-USD_UM_XPERP-310328|1h|2026-09-23T17:00:00+00:00,MONITOR_BAR_CLOSED,83697.6,83986.8,1h,2026-09-23 17:00:00+00:00,11979.0
84286.0,84360.5,BTC-USD_UM_XPERP-310328,BTC-USD_UM_XPERP-310328|1h|2026-09-23T18:00:00+00:00,MONITOR_BAR_CLOSED,84093.1,84278.4,1h,2026-09-23 18:00:00+00:00,4684.0
84456.0,84515.9,BTC-USD_UM_XPERP-310328,BTC-USD_UM_XPERP-310328|1h|2026-09-23T19:00:00+00:00,MONITOR_BAR_CLOSED,84170.7,84279.6,1h,2026-09-23 19:00:00+00:00,3975.0
84198.4,84478.4,BTC-USD_UM_XPERP-310328,BTC-USD_UM_XPERP-310328|1h|2026-09-23T20:00:00+00:00,MONITOR_BAR_CLOSED,84184.0,84464.1,1h,2026-09-23 20:00:00+00:00,1065.0
84383.1,84473.6,BTC-USD_UM_XPERP-310328,BTC-USD_UM_XPERP-310328|1h|2026-09-23T21:00:00+00:00,MONITOR_BAR_CLOSED,84177.5,84199.9,1h,2026-09-23 21:00:00+00:00,1195.0
84521.7,84629.5,BTC-USD_UM_XPERP-310328,BTC-USD_UM_XPERP-310328|1h|2026-09-23T22:00:00+00:00,MONITOR_BAR_CLOSED,84310.0,84380.1,1h,2026-09-23 22:00:00+00:00,1057.0
84368.5,84533.3,BTC-USD_UM_XPERP-310328,BTC-USD_UM_XPERP-310328|1h|2026-09-23T23:00:00+00:00,MONITOR_BAR_CLOSED,84309.6,84501.6,1h,2026-09-23 23:00:00+00:00,191.0
84286.0,85714.3,BTC-USD_UM_XPERP-310328,BTC-USD_UM_XPERP-310328|1h|2026-09-24T00:00:00+00:00,MONITOR_BAR_CLOSED,84198.6,84362.1,1h,2026-09-24 00:00:00+00:00,629.0
84077.5,84439.3,BTC-USD_UM_XPERP-310328,BTC-USD_UM_XPERP-310328|1h|2026-09-24T01:00:00+00:00,MONITOR_BAR_CLOSED,84026.1,84320.0,1h,2026-09-24 01:00:00+00:00,4217.0
84322.0,84329.6,BTC-USD_UM_XPERP-310328,BTC-USD_UM_XPERP-310328|1h|2026-09-24T02:00:00+00:00,MONITOR_BAR_CLOSED,83710.0,84067.1,1h,2026-09-24 02:00:00+00:00,4243.0
83880.0,84425.0,BTC-USD_UM_XPERP-310328,BTC-USD_UM_XPERP-310328|1h|2026-09-24T03:00:00+00:00,MONITOR_BAR_CLOSED,83828.6,84319.1,1h,2026-09-24 03:00:00+00:00,2714.0
84006.2,84019.4,BTC-USD_UM_XPERP-310328,BTC-USD_UM_XPERP-310328|1h|2026-09-24T04:00:00+00:00,MONITOR_BAR_CLOSED,83756.1,83898.9,1h,2026-09-24 04:00:00+00:00,3397.0
83960.8,84325.4,BTC-USD_UM_XPERP-310328,BTC-USD_UM_XPERP-310328|1h|2026-09-24T05:00:00+00:00,MONITOR_BAR_CLOSED,83922.9,84019.6,1h,2026-09-24 05:00:00+00:00,3516.0
84079.2,84187.5,BTC-USD_UM_XPERP-310328,BTC-USD_UM_XPERP-310328|1h|2026-09-24T06:00:00+00:00,MONITOR_BAR_CLOSED,83872.3,83912.0,1h,2026-09-24 06:00:00+00:00,3282.0
84490.0,84558.0,BTC-USD_UM_XPERP-310328,BTC-USD_UM_XPERP-310328|1h|2026-09-24T07:00:00+00:00,MONITOR_BAR_CLOSED,83904.4,84068.4,1h,2026-09-24 07:00:00+00:00,2870.0
83606.0,84548.6,BTC-USD_UM_XPERP-310328,BTC-USD_UM_XPERP-310328|1h|2026-09-24T08:00:00+00:00,MONITOR_BAR_CLOSED,83323.8,84484.2,1h,2026-09-24 08:00:00+00:00,5519.0
83220.4,83693.6,BTC-USD_UM_XPERP-310328,BTC-USD_UM_XPERP-310328|1h|2026-09-24T09:00:00+00:00,MONITOR_BAR_CLOSED,80357.1,83620.0,1h,2026-09-24 09:00:00+00:00,10856.0
83473.1,83530.1,BTC-USD_UM_XPERP-310328,BTC-USD_UM_XPERP-310328|1h|2026-09-24T10:00:00+00:00,MONITOR_BAR_CLOSED,83114.4,83220.0,1h,2026-09-24 10:00:00+00:00,6000.0
83497.7,83571.4,BTC-USD_UM_XPERP-310328,BTC-USD_UM_XPERP-310328|1h|2026-09-24T11:00:00+00:00,MONITOR_BAR_CLOSED,83365.7,83500.0,1h,2026-09-24 11:00:00+00:00,2903.0
83572.8,83622.9,BTC-USD_UM_XPERP-310328,BTC-USD_UM_XPERP-310328|1h|2026-09-24T12:00:00+00:00,MONITOR_BAR_CLOSED,83297.4,83440.0,1h,2026-09-24 12:00:00+00:00,2578.0
84193.1,84271.6,BTC-USD_UM_XPERP-310328,BTC-USD_UM_XPERP-310328|1h|2026-09-24T13:00:00+00:00,MONITOR_BAR_CLOSED,83562.1,83562.1,1h,2026-09-24 13:00:00+00:00,9372.0
83640.5,85153.8,BTC-USD_UM_XPERP-310328,BTC-USD_UM_XPERP-310328|1h|2026-09-24T14:00:00+00:00,MONITOR_BAR_CLOSED,83404.3,84200.0,1h,2026-09-24 14:00:00+00:00,16001.0
84366.1,84431.8,BTC-USD_UM_XPERP-310328,BTC-USD_UM_XPERP-310328|1h|2026-09-24T15:00:00+00:00,MONITOR_BAR_CLOSED,83474.1,83625.3,1h,2026-09-24 15:00:00+00:00,14582.0
84480.0,84892.0,BTC-USD_UM_XPERP-310328,BTC-USD_UM_XPERP-310328|1h|2026-09-24T16:00:00+00:00,MONITOR_BAR_CLOSED,84007.3,84371.7,1h,2026-09-24 16:00:00+00:00,13891.0
84052.4,84510.4,BTC-USD_UM_XPERP-310328,BTC-USD_UM_XPERP-310328|1h|2026-09-24T17:00:00+00:00,MONITOR_BAR_CLOSED,83922.9,84456.0,1h,2026-09-24 17:00:00+00:00,6014.0
84440.0,84524.0,BTC-USD_UM_XPERP-310328,BTC-USD_UM_XPERP-310328|1h|2026-09-24T18:00:00+00:00,MONITOR_BAR_CLOSED,83842.1,84074.1,1h,2026-09-24 18:00:00+00:00,4127.0
84362.0,84620.0,BTC-USD_UM_XPERP-310328,BTC-USD_UM_XPERP-310328|1h|2026-09-24T19:00:00+00:00,MONITOR_BAR_CLOSED,84266.7,84422.0,1h,2026-09-24 19:00:00+00:00,3408.0
84333.3,84569.7,BTC-USD_UM_XPERP-310328,BTC-USD_UM_XPERP-310328|1h|2026-09-24T20:00:00+00:00,MONITOR_BAR_CLOSED,84084.6,84331.0,1h,2026-09-24 20:00:00+00:00,1164.0
84292.5,84444.3,BTC-USD_UM_XPERP-310328,BTC-USD_UM_XPERP-310328|1h|2026-09-24T21:00:00+00:00,MONITOR_BAR_CLOSED,84246.3,84334.9,1h,2026-09-24 21:00:00+00:00,538.0
84222.3,84320.0,BTC-USD_UM_XPERP-310328,BTC-USD_UM_XPERP-310328|1h|2026-09-24T22:00:00+00:00,MONITOR_BAR_CLOSED,83932.7,84291.4,1h,2026-09-24 22:00:00+00:00,177.0
84356.2,84425.0,BTC-USD_UM_XPERP-310328,BTC-USD_UM_XPERP-310328|1h|2026-09-24T23:00:00+00:00,MONITOR_BAR_CLOSED,84227.8,84240.0,1h,2026-09-24 23:00:00+00:00,287.0
84534.5,84674.8,BTC-USD_UM_XPERP-310328,BTC-USD_UM_XPERP-310328|1h|2026-09-25T00:00:00+00:00,MONITOR_BAR_CLOSED,84369.5,84369.5,1h,2026-09-25 00:00:00+00:00,4081.0
84568.9,84754.3,BTC-USD_UM_XPERP-310328,BTC-USD_UM_XPERP-310328|1h|2026-09-25T01:00:00+00:00,MONITOR_BAR_CLOSED,84329.6,84554.6,1h,2026-09-25 01:00:00+00:00,4684.0
84184.0,84845.8,BTC-USD_UM_XPERP-310328,BTC-USD_UM_XPERP-310328|1h|2026-09-25T02:00:00+00:00,MONITOR_BAR_CLOSED,84150.0,84569.7,1h,2026-09-25 02:00:00+00:00,1835.0
84201.5,84354.0,BTC-USD_UM_XPERP-310328,BTC-USD_UM_XPERP-310328|1h|2026-09-25T03:00:00+00:00,MONITOR_BAR_CLOSED,84054.0,84178.3,1h,2026-09-25 03:00:00+00:00,885.0
84162.8,84271.6,BTC-USD_UM_XPERP-310328,BTC-USD_UM_XPERP-310328|1h|2026-09-25T04:00:00+00:00,MONITOR_BAR_CLOSED,84029.9,84205.9,1h,2026-09-25 04:00:00+00:00,184.0
84165.5,84310.0,BTC-USD_UM_XPERP-310328,BTC-USD_UM_XPERP-310328|1h|2026-09-25T05:00:00+00:00,MONITOR_BAR_CLOSED,84056.1,84173.9,1h,2026-09-25 05:00:00+00:00,284.0
84014.0,84246.3,BTC-USD_UM_XPERP-310328,BTC-USD_UM_XPERP-310328|1h|2026-09-25T06:00:00+00:00,MONITOR_BAR_CLOSED,83898.6,84160.0,1h,2026-09-25 06:00:00+00:00,2008.0
84014.0,84058.1,BTC-USD_UM_XPERP-310328,BTC-USD_UM_XPERP-310328|1h|2026-09-25T07:00:00+00:00,MONITOR_BAR_CLOSED,83718.1,84005.0,1h,2026-09-25 07:00:00+00:00,1461.0
84388.0,84441.4,BTC-USD_UM_XPERP-310328,BTC-USD_UM_XPERP-310328|1h|2026-09-25T08:00:00+00:00,MONITOR_BAR_CLOSED,83922.9,84000.0,1h,2026-09-25 08:00:00+00:00,2923.0
84540.0,84784.2,BTC-USD_UM_XPERP-310328,BTC-USD_UM_XPERP-310328|1h|2026-09-25T09:00:00+00:00,MONITOR_BAR_CLOSED,84384.7,84384.7,1h,2026-09-25 09:00:00+00:00,423.0
84682.0,84817.7,BTC-USD_UM_XPERP-310328,BTC-USD_UM_XPERP-310328|1h|2026-09-25T10:00:00+00:00,MONITOR_BAR_CLOSED,84360.0,84534.2,1h,2026-09-25 10:00:00+00:00,1330.0
84540.8,85225.7,BTC-USD_UM_XPERP-310328,BTC-USD_UM_XPERP-310328|1h|2026-09-25T11:00:00+00:00,MONITOR_BAR_CLOSED,83696.6,84682.2,1h,2026-09-25 11:00:00+00:00,3431.0
84422.8,84672.5,BTC-USD_UM_XPERP-310328,BTC-USD_UM_XPERP-310328|1h|2026-09-25T12:00:00+00:00,MONITOR_BAR_CLOSED,82800.0,84540.0,1h,2026-09-25 12:00:00+00:00,11760.0
83881.7,84528.8,BTC-USD_UM_XPERP-310328,BTC-USD_UM_XPERP-310328|1h|2026-09-25T13:00:00+00:00,MONITOR_BAR_CLOSED,83516.0,84422.0,1h,2026-09-25 13:00:00+00:00,13327.0
83977.3,83977.3,BTC-USD_UM_XPERP-310328,BTC-USD_UM_XPERP-310328|1h|2026-09-25T14:00:00+00:00,MONITOR_BAR_CLOSED,83175.9,83869.0,1h,2026-09-25 14:00:00+00:00,20815.0
83752.3,84046.2,BTC-USD_UM_XPERP-310328,BTC-USD_UM_XPERP-310328|1h|2026-09-25T15:00:00+00:00,MONITOR_BAR_CLOSED,83326.7,83960.3,1h,2026-09-25 15:00:00+00:00,15299.0
83704.9,84630.1,BTC-USD_UM_XPERP-310328,BTC-USD_UM_XPERP-310328|1h|2026-09-25T16:00:00+00:00,MONITOR_BAR_CLOSED,83684.9,83753.4,1h,2026-09-25 16:00:00+00:00,4546.0
83756.6,83940.1,BTC-USD_UM_XPERP-310328,BTC-USD_UM_XPERP-310328|1h|2026-09-25T17:00:00+00:00,MONITOR_BAR_CLOSED,83601.3,83742.0,1h,2026-09-25 17:00:00+00:00,472.0
83928.1,84040.0,BTC-USD_UM_XPERP-310328,BTC-USD_UM_XPERP-310328|1h|2026-09-25T18:00:00+00:00,MONITOR_BAR_CLOSED,83760.0,83760.0,1h,2026-09-25 18:00:00+00:00,1799.0
83970.1,84030.0,BTC-USD_UM_XPERP-310328,BTC-USD_UM_XPERP-310328|1h|2026-09-25T19:00:00+00:00,MONITOR_BAR_CLOSED,83892.5,83895.5,1h,2026-09-25 19:00:00+00:00,1510.0
83844.0,84145.3,BTC-USD_UM_XPERP-310328,BTC-USD_UM_XPERP-310328|1h|2026-09-25T20:00:00+00:00,MONITOR_BAR_CLOSED,83804.5,83964.1,1h,2026-09-25 20:00:00+00:00,1175.0
83747.7,83886.7,BTC-USD_UM_XPERP-310328,BTC-USD_UM_XPERP-310328|1h|2026-09-25T21:00:00+00:00,MONITOR_BAR_CLOSED,83595.4,83878.0,1h,2026-09-25 21:00:00+00:00,1209.0
84037.2,84085.7,BTC-USD_UM_XPERP-310328,BTC-USD_UM_XPERP-310328|1h|2026-09-25T22:00:00+00:00,MONITOR_BAR_CLOSED,83738.0,83755.9,1h,2026-09-25 22:00:00+00:00,383.0
84049.1,84056.1,BTC-USD_UM_XPERP-310328,BTC-USD_UM_XPERP-310328|1h|2026-09-25T23:00:00+00:00,MONITOR_BAR_CLOSED,83972.9,84031.6,1h,2026-09-25 23:00:00+00:00,265.0
83880.1,84100.0,BTC-USD_UM_XPERP-310328,BTC-USD_UM_XPERP-310328|1h|2026-09-26T00:00:00+00:00,MONITOR_BAR_CLOSED,83680.4,84033.6,1h,2026-09-26 00:00:00+00:00,483.0
84043.9,84044.4,BTC-USD_UM_XPERP-310328,BTC-USD_UM_XPERP-310328|1h|2026-09-26T01:00:00+00:00,MONITOR_BAR_CLOSED,83868.3,83871.9,1h,2026-09-26 01:00:00+00:00,509.0
83980.0,84090.2,BTC-USD_UM_XPERP-310328,BTC-USD_UM_XPERP-310328|1h|2026-09-26T02:00:00+00:00,MONITOR_BAR_CLOSED,83940.1,84000.0,1h,2026-09-26 02:00:00+00:00,282.0
83904.3,84014.0,BTC-USD_UM_XPERP-310328,BTC-USD_UM_XPERP-310328|1h|2026-09-26T03:00:00+00:00,MONITOR_BAR_CLOSED,83886.5,83970.0,1h,2026-09-26 03:00:00+00:00,105.0
83935.7,84003.8,BTC-USD_UM_XPERP-310328,BTC-USD_UM_XPERP-310328|1h|2026-09-26T04:00:00+00:00,MONITOR_BAR_CLOSED,83828.6,83946.0,1h,2026-09-26 04:00:00+00:00,26.0
83878.2,83972.9,BTC-USD_UM_XPERP-310328,BTC-USD_UM_XPERP-310328|1h|2026-09-26T05:00:00+00:00,MONITOR_BAR_CLOSED,83853.9,83952.2,1h,2026-09-26 05:00:00+00:00,37.0
83867.0,83937.9,BTC-USD_UM_XPERP-310328,BTC-USD_UM_XPERP-310328|1h|2026-09-26T06:00:00+00:00,MONITOR_BAR_CLOSED,83837.9,83871.7,1h,2026-09-26 06:00:00+00:00,179.0
84088.7,84088.8,BTC-USD_UM_XPERP-310328,BTC-USD_UM_XPERP-310328|1h|2026-09-26T07:00:00+00:00,MONITOR_BAR_CLOSED,83912.0,83912.0,1h,2026-09-26 07:00:00+00:00,22.0
84165.5,84289.8,BTC-USD_UM_XPERP-310328,BTC-USD_UM_XPERP-310328|1h|2026-09-26T08:00:00+00:00,MONITOR_BAR_CLOSED,83990.5,84050.4,1h,2026-09-26 08:00:00+00:00,51.0
83972.5,84160.0,BTC-USD_UM_XPERP-310328,BTC-USD_UM_XPERP-310328|1h|2026-09-26T09:00:00+00:00,MONITOR_BAR_CLOSED,83920.0,84160.0,1h,2026-09-26 09:00:00+00:00,436.0
84125.1,84165.5,BTC-USD_UM_XPERP-310328,BTC-USD_UM_XPERP-310328|1h|2026-09-26T10:00:00+00:00,MONITOR_BAR_CLOSED,83996.5,83996.6,1h,2026-09-26 10:00:00+00:00,106.0
84137.9,84166.7,BTC-USD_UM_XPERP-310328,BTC-USD_UM_XPERP-310328|1h|2026-09-26T11:00:00+00:00,MONITOR_BAR_CLOSED,84092.3,84137.1,1h,2026-09-26 11:00:00+00:00,154.0
84019.7,84150.0,BTC-USD_UM_XPERP-310328,BTC-USD_UM_XPERP-310328|1h|2026-09-26T12:00:00+00:00,MONITOR_BAR_CLOSED,84004.8,84116.0,1h,2026-09-26 12:00:00+00:00,56.0
83912.0,84085.7,BTC-USD_UM_XPERP-310328,BTC-USD_UM_XPERP-310328|1h|2026-09-26T13:00:00+00:00,MONITOR_BAR_CLOSED,83828.6,84048.0,1h,2026-09-26 13:00:00+00:00,391.0
84000.1,84005.3,BTC-USD_UM_XPERP-310328,BTC-USD_UM_XPERP-310328|1h|2026-09-26T14:00:00+00:00,MONITOR_BAR_CLOSED,83600.0,83901.4,1h,2026-09-26 14:00:00+00:00,18.0
84104.0,84144.7,BTC-USD_UM_XPERP-310328,BTC-USD_UM_XPERP-310328|1h|2026-09-26T15:00:00+00:00,MONITOR_BAR_CLOSED,82888.9,83974.9,1h,2026-09-26 15:00:00+00:00,121.0
84080.7,84116.0,BTC-USD_UM_XPERP-310328,BTC-USD_UM_XPERP-310328|1h|2026-09-26T16:00:00+00:00,MONITOR_BAR_CLOSED,84065.3,84106.0,1h,2026-09-26 16:00:00+00:00,46.0
84085.7,84166.7,BTC-USD_UM_XPERP-310328,BTC-USD_UM_XPERP-310328|1h|2026-09-26T17:00:00+00:00,MONITOR_BAR_CLOSED,83990.9,84064.2,1h,2026-09-26 17:00:00+00:00,129.0
83973.7,84117.8,BTC-USD_UM_XPERP-310328,BTC-USD_UM_XPERP-310328|1h|2026-09-26T18:00:00+00:00,MONITOR_BAR_CLOSED,83956.1,84088.3,1h,2026-09-26 18:00:00+00:00,16.0
83980.0,84017.2,BTC-USD_UM_XPERP-310328,BTC-USD_UM_XPERP-310328|1h|2026-09-26T19:00:00+00:00,MONITOR_BAR_CLOSED,83945.2,84000.0,1h,2026-09-26 19:00:00+00:00,100.0
83993.5,84054.9,BTC-USD_UM_XPERP-310328,BTC-USD_UM_XPERP-310328|1h|2026-09-26T20:00:00+00:00,MONITOR_BAR_CLOSED,83761.2,83980.4,1h,2026-09-26 20:00:00+00:00,29.0
84075.7,84209.2,BTC-USD_UM_XPERP-310328,BTC-USD_UM_XPERP-310328|1h|2026-09-26T21:00:00+00:00,MONITOR_BAR_CLOSED,83999.0,83999.2,1h,2026-09-26 21:00:00+00:00,51.0
84240.0,84666.7,BTC-USD_UM_XPERP-310328,BTC-USD_UM_XPERP-310328|1h|2026-09-26T22:00:00+00:00,MONITOR_BAR_CLOSED,84109.0,84109.2,1h,2026-09-26 22:00:00+00:00,79.0
84394.3,84408.0,BTC-USD_UM_XPERP-310328,BTC-USD_UM_XPERP-310328|1h|2026-09-26T23:00:00+00:00,MONITOR_BAR_CLOSED,84240.2,84240.2,1h,2026-09-26 23:00:00+00:00,515.0
84253.1,84397.0,BTC-USD_UM_XPERP-310328,BTC-USD_UM_XPERP-310328|1h|2026-09-27T00:00:00+00:00,MONITOR_BAR_CLOSED,84212.2,84384.1,1h,2026-09-27 00:00:00+00:00,435.0
84440.0,84533.3,BTC-USD_UM_XPERP-310328,BTC-USD_UM_XPERP-310328|1h|2026-09-27T01:00:00+00:00,MONITOR_BAR_CLOSED,84240.0,84260.4,1h,2026-09-27 01:00:00+00:00,828.0
84411.5,84499.9,BTC-USD_UM_XPERP-310328,BTC-USD_UM_XPERP-310328|1h|2026-09-27T02:00:00+00:00,MONITOR_BAR_CLOSED,84400.0,84442.1,1h,2026-09-27 02:00:00+00:00,182.0
84369.4,84466.7,BTC-USD_UM_XPERP-310328,BTC-USD_UM_XPERP-310328|1h|2026-09-27T03:00:00+00:00,MONITOR_BAR_CLOSED,84334.6,84412.8,1h,2026-09-27 03:00:00+00:00,254.0
84296.7,84474.3,BTC-USD_UM_XPERP-310328,BTC-USD_UM_XPERP-310328|1h|2026-09-27T04:00:00+00:00,MONITOR_BAR_CLOSED,84269.7,84355.4,1h,2026-09-27 04:00:00+00:00,234.0
84443.7,84595.7,BTC-USD_UM_XPERP-310328,BTC-USD_UM_XPERP-310328|1h|2026-09-27T05:00:00+00:00,MONITOR_BAR_CLOSED,84286.6,84286.6,1h,2026-09-27 05:00:00+00:00,958.0
84458.0,84593.5,BTC-USD_UM_XPERP-310328,BTC-USD_UM_XPERP-310328|1h|2026-09-27T06:00:00+00:00,MONITOR_BAR_CLOSED,84427.4,84441.5,1h,2026-09-27 06:00:00+00:00,189.0
84740.2,84740.2,BTC-USD_UM_XPERP-310328,BTC-USD_UM_XPERP-310328|1h|2026-09-27T07:00:00+00:00,MONITOR_BAR_CLOSED,84445.7,84480.0,1h,2026-09-27 07:00:00+00:00,391.0
84770.0,84839.2,BTC-USD_UM_XPERP-310328,BTC-USD_UM_XPERP-310328|1h|2026-09-27T08:00:00+00:00,MONITOR_BAR_CLOSED,84644.2,84703.7,1h,2026-09-27 08:00:00+00:00,463.0
84908.6,84912.3,BTC-USD_UM_XPERP-310328,BTC-USD_UM_XPERP-310328|1h|2026-09-27T09:00:00+00:00,MONITOR_BAR_CLOSED,84547.1,84728.0,1h,2026-09-27 09:00:00+00:00,891.0
84847.7,85086.7,BTC-USD_UM_XPERP-310328,BTC-USD_UM_XPERP-310328|1h|2026-09-27T10:00:00+00:00,MONITOR_BAR_CLOSED,84770.0,84910.8,1h,2026-09-27 10:00:00+00:00,1186.0
84865.9,84908.6,BTC-USD_UM_XPERP-310328,BTC-USD_UM_XPERP-310328|1h|2026-09-27T11:00:00+00:00,MONITOR_BAR_CLOSED,84796.0,84819.5,1h,2026-09-27 11:00:00+00:00,558.0
84750.0,85054.9,BTC-USD_UM_XPERP-310328,BTC-USD_UM_XPERP-310328|1h|2026-09-27T12:00:00+00:00,MONITOR_BAR_CLOSED,84750.0,84880.0,1h,2026-09-27 12:00:00+00:00,190.0
84988.2,85093.1,BTC-USD_UM_XPERP-310328,BTC-USD_UM_XPERP-310328|1h|2026-09-27T13:00:00+00:00,MONITOR_BAR_CLOSED,84597.0,84744.7,1h,2026-09-27 13:00:00+00:00,3615.0
84496.4,89485.7,BTC-USD_UM_XPERP-310328,BTC-USD_UM_XPERP-310328|1h|2026-09-27T14:00:00+00:00,MONITOR_BAR_CLOSED,84402.5,84981.4,1h,2026-09-27 14:00:00+00:00,1757.0
84436.3,84574.8,BTC-USD_UM_XPERP-310328,BTC-USD_UM_XPERP-310328|1h|2026-09-27T15:00:00+00:00,MONITOR_BAR_CLOSED,84347.8,84490.0,1h,2026-09-27 15:00:00+00:00,2136.0
84399.0,84620.9,BTC-USD_UM_XPERP-310328,BTC-USD_UM_XPERP-310328|1h|2026-09-27T16:00:00+00:00,MONITOR_BAR_CLOSED,84346.7,84424.9,1h,2026-09-27 16:00:00+00:00,1899.0
84536.6,84540.4,BTC-USD_UM_XPERP-310328,BTC-USD_UM_XPERP-310328|1h|2026-09-27T17:00:00+00:00,MONITOR_BAR_CLOSED,84300.2,84395.1,1h,2026-09-27 17:00:00+00:00,692.0
84776.4,84920.0,BTC-USD_UM_XPERP-310328,BTC-USD_UM_XPERP-310328|1h|2026-09-27T18:00:00+00:00,MONITOR_BAR_CLOSED,84523.5,84536.4,1h,2026-09-27 18:00:00+00:00,319.0
84706.1,84812.3,BTC-USD_UM_XPERP-310328,BTC-USD_UM_XPERP-310328|1h|2026-09-27T19:00:00+00:00,MONITOR_BAR_CLOSED,84630.8,84786.3,1h,2026-09-27 19:00:00+00:00,22.0
84508.9,84783.4,BTC-USD_UM_XPERP-310328,BTC-USD_UM_XPERP-310328|1h|2026-09-27T20:00:00+00:00,MONITOR_BAR_CLOSED,84508.9,84710.1,1h,2026-09-27 20:00:00+00:00,404.0
84664.2,84686.5,BTC-USD_UM_XPERP-310328,BTC-USD_UM_XPERP-310328|1h|2026-09-27T21:00:00+00:00,MONITOR_BAR_CLOSED,84430.7,84509.6,1h,2026-09-27 21:00:00+00:00,698.0
84150.0,88127.2,BTC-USD_UM_XPERP-310328,BTC-USD_UM_XPERP-310328|1h|2026-09-27T22:00:00+00:00,MONITOR_BAR_CLOSED,84095.9,84666.5,1h,2026-09-27 22:00:00+00:00,5526.0
84422.2,84495.7,BTC-USD_UM_XPERP-310328,BTC-USD_UM_XPERP-310328|1h|2026-09-27T23:00:00+00:00,MONITOR_BAR_CLOSED,84047.6,84149.8,1h,2026-09-27 23:00:00+00:00,962.0
84111.6,84974.0,BTC-USD_UM_XPERP-310328,BTC-USD_UM_XPERP-310328|1h|2026-09-28T00:00:00+00:00,MONITOR_BAR_CLOSED,83750.7,84440.9,1h,2026-09-28 00:00:00+00:00,1288.0
83674.9,84246.3,BTC-USD_UM_XPERP-310328,BTC-USD_UM_XPERP-310328|1h|2026-09-28T01:00:00+00:00,MONITOR_BAR_CLOSED,83602.4,84150.0,1h,2026-09-28 01:00:00+00:00,4094.0
83363.9,83748.9,BTC-USD_UM_XPERP-310328,BTC-USD_UM_XPERP-310328|1h|2026-09-28T02:00:00+00:00,MONITOR_BAR_CLOSED,83357.0,83668.4,1h,2026-09-28 02:00:00+00:00,2056.0
83284.0,83499.3,BTC-USD_UM_XPERP-310328,BTC-USD_UM_XPERP-310328|1h|2026-09-28T03:00:00+00:00,MONITOR_BAR_CLOSED,83181.7,83400.0,1h,2026-09-28 03:00:00+00:00,4171.0
83470.8,83486.1,BTC-USD_UM_XPERP-310328,BTC-USD_UM_XPERP-310328|1h|2026-09-28T04:00:00+00:00,MONITOR_BAR_CLOSED,83201.1,83309.0,1h,2026-09-28 04:00:00+00:00,3154.0
83149.8,83493.6,BTC-USD_UM_XPERP-310328,BTC-USD_UM_XPERP-310328|1h|2026-09-28T05:00:00+00:00,MONITOR_BAR_CLOSED,82694.1,83450.1,1h,2026-09-28 05:00:00+00:00,6602.0
83130.0,83255.4,BTC-USD_UM_XPERP-310328,BTC-USD_UM_XPERP-310328|1h|2026-09-28T06:00:00+00:00,MONITOR_BAR_CLOSED,82997.8,83140.0,1h,2026-09-28 06:00:00+00:00,2082.0
82955.5,83250.6,BTC-USD_UM_XPERP-310328,BTC-USD_UM_XPERP-310328|1h|2026-09-28T07:00:00+00:00,MONITOR_BAR_CLOSED,82888.5,83160.0,1h,2026-09-28 07:00:00+00:00,1368.0
82932.9,83120.0,BTC-USD_UM_XPERP-310328,BTC-USD_UM_XPERP-310328|1h|2026-09-28T08:00:00+00:00,MONITOR_BAR_CLOSED,82767.2,82909.2,1h,2026-09-28 08:00:00+00:00,2586.0
82610.8,83000.0,BTC-USD_UM_XPERP-310328,BTC-USD_UM_XPERP-310328|1h|2026-09-28T09:00:00+00:00,MONITOR_BAR_CLOSED,82573.9,82954.0,1h,2026-09-28 09:00:00+00:00,3114.0
82928.8,83011.5,BTC-USD_UM_XPERP-310328,BTC-USD_UM_XPERP-310328|1h|2026-09-28T10:00:00+00:00,MONITOR_BAR_CLOSED,82640.0,82640.0,1h,2026-09-28 10:00:00+00:00,2700.0
83047.8,83080.0,BTC-USD_UM_XPERP-310328,BTC-USD_UM_XPERP-310328|1h|2026-09-28T11:00:00+00:00,MONITOR_BAR_CLOSED,82918.1,82960.0,1h,2026-09-28 11:00:00+00:00,495.0
83527.3,83598.0,BTC-USD_UM_XPERP-310328,BTC-USD_UM_XPERP-310328|1h|2026-09-28T12:00:00+00:00,MONITOR_BAR_CLOSED,82985.9,83062.0,1h,2026-09-28 12:00:00+00:00,3056.0
83612.3,87927.5,BTC-USD_UM_XPERP-310328,BTC-USD_UM_XPERP-310328|1h|2026-09-28T13:00:00+00:00,MONITOR_BAR_CLOSED,83280.0,83533.0,1h,2026-09-28 13:00:00+00:00,13460.0
82970.3,83589.7,BTC-USD_UM_XPERP-310328,BTC-USD_UM_XPERP-310328|1h|2026-09-28T14:00:00+00:00,MONITOR_BAR_CLOSED,82604.0,83589.7,1h,2026-09-28 14:00:00+00:00,16147.0
83365.7,83365.7,BTC-USD_UM_XPERP-310328,BTC-USD_UM_XPERP-310328|1h|2026-09-28T15:00:00+00:00,MONITOR_BAR_CLOSED,82781.2,82979.5,1h,2026-09-28 15:00:00+00:00,14937.0
83669.4,84140.0,BTC-USD_UM_XPERP-310328,BTC-USD_UM_XPERP-310328|1h|2026-09-28T16:00:00+00:00,MONITOR_BAR_CLOSED,83228.1,83336.5,1h,2026-09-28 16:00:00+00:00,14026.0
83840.0,84320.8,BTC-USD_UM_XPERP-310328,BTC-USD_UM_XPERP-310328|1h|2026-09-28T17:00:00+00:00,MONITOR_BAR_CLOSED,83525.2,83671.9,1h,2026-09-28 17:00:00+00:00,10933.0
83989.5,83989.5,BTC-USD_UM_XPERP-310328,BTC-USD_UM_XPERP-310328|1h|2026-09-28T18:00:00+00:00,MONITOR_BAR_CLOSED,83761.2,83828.6,1h,2026-09-28 18:00:00+00:00,3811.0
83377.4,84003.8,BTC-USD_UM_XPERP-310328,BTC-USD_UM_XPERP-310328|1h|2026-09-28T19:00:00+00:00,MONITOR_BAR_CLOSED,83087.0,83996.2,1h,2026-09-28 19:00:00+00:00,1273.0
83508.8,84003.8,BTC-USD_UM_XPERP-310328,BTC-USD_UM_XPERP-310328|1h|2026-09-28T20:00:00+00:00,MONITOR_BAR_CLOSED,83255.2,83386.7,1h,2026-09-28 20:00:00+00:00,673.0
83184.9,84331.8,BTC-USD_UM_XPERP-310328,BTC-USD_UM_XPERP-310328|1h|2026-09-28T21:00:00+00:00,MONITOR_BAR_CLOSED,83182.9,83518.7,1h,2026-09-28 21:00:00+00:00,664.0
83511.0,83511.0,BTC-USD_UM_XPERP-310328,BTC-USD_UM_XPERP-310328|1h|2026-09-28T22:00:00+00:00,MONITOR_BAR_CLOSED,83066.8,83176.9,1h,2026-09-28 22:00:00+00:00,627.0
83466.7,83606.0,BTC-USD_UM_XPERP-310328,BTC-USD_UM_XPERP-310328|1h|2026-09-28T23:00:00+00:00,MONITOR_BAR_CLOSED,83414.0,83518.7,1h,2026-09-28 23:00:00+00:00,353.0
83191.4,83587.3,BTC-USD_UM_XPERP-310328,BTC-USD_UM_XPERP-310328|1h|2026-09-29T00:00:00+00:00,MONITOR_BAR_CLOSED,83137.0,83461.3,1h,2026-09-29 00:00:00+00:00,2417.0
83024.3,83437.8,BTC-USD_UM_XPERP-310328,BTC-USD_UM_XPERP-310328|1h|2026-09-29T01:00:00+00:00,MONITOR_BAR_CLOSED,82744.0,83164.0,1h,2026-09-29 01:00:00+00:00,10174.0
82928.1,83599.5,BTC-USD_UM_XPERP-310328,BTC-USD_UM_XPERP-310328|1h|2026-09-29T02:00:00+00:00,MONITOR_BAR_CLOSED,82856.9,83020.1,1h,2026-09-29 02:00:00+00:00,5261.0
83025.1,83176.4,BTC-USD_UM_XPERP-310328,BTC-USD_UM_XPERP-310328|1h|2026-09-29T03:00:00+00:00,MONITOR_BAR_CLOSED,82851.4,82937.0,1h,2026-09-29 03:00:00+00:00,1213.0
73504.5,73504.5,BTC-USD_UM_XPERP-310328,BTC-USD_UM_XPERP-310328|4h|2026-05-18T20:00:00+00:00,MONITOR_BAR_CLOSED,73504.5,73504.5,4h,2026-05-18 20:00:00+00:00,0.0
73504.5,73504.5,BTC-USD_UM_XPERP-310328,BTC-USD_UM_XPERP-310328|4h|2026-05-19T00:00:00+00:00,MONITOR_BAR_CLOSED,73504.5,73504.5,4h,2026-05-19 00:00:00+00:00,0.0
73506.8,73506.8,BTC-USD_UM_XPERP-310328,BTC-USD_UM_XPERP-310328|4h|2026-05-19T04:00:00+00:00,MONITOR_BAR_CLOSED,73506.8,73506.8,4h,2026-05-19 04:00:00+00:00,0.0
73506.2,73506.8,BTC-USD_UM_XPERP-310328,BTC-USD_UM_XPERP-310328|4h|2026-05-19T08:00:00+00:00,MONITOR_BAR_CLOSED,73506.2,73506.8,4h,2026-05-19 08:00:00+00:00,10.0
73506.2,73506.2,BTC-USD_UM_XPERP-310328,BTC-USD_UM_XPERP-310328|4h|2026-05-19T12:00:00+00:00,MONITOR_BAR_CLOSED,73506.2,73506.2,4h,2026-05-19 12:00:00+00:00,0.0
73506.2,73506.2,BTC-USD_UM_XPERP-310328,BTC-USD_UM_XPERP-310328|4h|2026-05-19T16:00:00+00:00,MONITOR_BAR_CLOSED,73506.2,73506.2,4h,2026-05-19 16:00:00+00:00,0.0
73506.2,73506.2,BTC-USD_UM_XPERP-310328,BTC-USD_UM_XPERP-310328|4h|2026-05-19T20:00:00+00:00,MONITOR_BAR_CLOSED,73506.2,73506.2,4h,2026-05-19 20:00:00+00:00,0.0
73506.2,73506.2,BTC-USD_UM_XPERP-310328,BTC-USD_UM_XPERP-310328|4h|2026-05-20T00:00:00+00:00,MONITOR_BAR_CLOSED,73506.2,73506.2,4h,2026-05-20 00:00:00+00:00,0.0
73506.5,73506.5,BTC-USD_UM_XPERP-310328,BTC-USD_UM_XPERP-310328|4h|2026-05-20T04:00:00+00:00,MONITOR_BAR_CLOSED,73506.5,73506.5,4h,2026-05-20 04:00:00+00:00,1.0
73506.8,73506.8,BTC-USD_UM_XPERP-310328,BTC-USD_UM_XPERP-310328|4h|2026-05-20T08:00:00+00:00,MONITOR_BAR_CLOSED,73506.5,73506.8,4h,2026-05-20 08:00:00+00:00,30.0
73506.8,73506.8,BTC-USD_UM_XPERP-310328,BTC-USD_UM_XPERP-310328|4h|2026-05-20T12:00:00+00:00,MONITOR_BAR_CLOSED,73506.8,73506.8,4h,2026-05-20 12:00:00+00:00,0.0
73506.8,73506.8,BTC-USD_UM_XPERP-310328,BTC-USD_UM_XPERP-310328|4h|2026-05-20T16:00:00+00:00,MONITOR_BAR_CLOSED,73506.8,73506.8,4h,2026-05-20 16:00:00+00:00,0.0
73506.8,73506.8,BTC-USD_UM_XPERP-310328,BTC-USD_UM_XPERP-310328|4h|2026-05-20T20:00:00+00:00,MONITOR_BAR_CLOSED,73506.8,73506.8,4h,2026-05-20 20:00:00+00:00,0.0
73506.2,73506.2,BTC-USD_UM_XPERP-310328,BTC-USD_UM_XPERP-310328|4h|2026-05-21T00:00:00+00:00,MONITOR_BAR_CLOSED,73506.2,73506.2,4h,2026-05-21 00:00:00+00:00,1.0
73506.2,73506.2,BTC-USD_UM_XPERP-310328,BTC-USD_UM_XPERP-310328|4h|2026-05-21T04:00:00+00:00,MONITOR_BAR_CLOSED,73506.2,73506.2,4h,2026-05-21 04:00:00+00:00,0.0
73506.2,73506.2,BTC-USD_UM_XPERP-310328,BTC-USD_UM_XPERP-310328|4h|2026-05-21T08:00:00+00:00,MONITOR_BAR_CLOSED,73506.2,73506.2,4h,2026-05-21 08:00:00+00:00,0.0
73506.2,73506.2,BTC-USD_UM_XPERP-310328,BTC-USD_UM_XPERP-310328|4h|2026-05-21T12:00:00+00:00,MONITOR_BAR_CLOSED,73506.2,73506.2,4h,2026-05-21 12:00:00+00:00,0.0
73506.2,73506.2,BTC-USD_UM_XPERP-310328,BTC-USD_UM_XPERP-310328|4h|2026-05-21T16:00:00+00:00,MONITOR_BAR_CLOSED,73506.2,73506.2,4h,2026-05-21 16:00:00+00:00,0.0
73506.2,73506.2,BTC-USD_UM_XPERP-310328,BTC-USD_UM_XPERP-310328|4h|2026-05-21T20:00:00+00:00,MONITOR_BAR_CLOSED,73506.2,73506.2,4h,2026-05-21 20:00:00+00:00,0.0
73506.2,73506.2,BTC-USD_UM_XPERP-310328,BTC-USD_UM_XPERP-310328|4h|2026-05-22T00:00:00+00:00,MONITOR_BAR_CLOSED,73506.2,73506.2,4h,2026-05-22 00:00:00+00:00,0.0
73506.8,73506.8,BTC-USD_UM_XPERP-310328,BTC-USD_UM_XPERP-310328|4h|2026-05-22T04:00:00+00:00,MONITOR_BAR_CLOSED,73506.8,73506.8,4h,2026-05-22 04:00:00+00:00,0.0
73506.5,73506.8,BTC-USD_UM_XPERP-310328,BTC-USD_UM_XPERP-310328|4h|2026-05-22T08:00:00+00:00,MONITOR_BAR_CLOSED,73506.5,73506.8,4h,2026-05-22 08:00:00+00:00,6.0
73506.5,73506.5,BTC-USD_UM_XPERP-310328,BTC-USD_UM_XPERP-310328|4h|2026-05-22T12:00:00+00:00,MONITOR_BAR_CLOSED,73506.5,73506.5,4h,2026-05-22 12:00:00+00:00,0.0
73506.5,73506.5,BTC-USD_UM_XPERP-310328,BTC-USD_UM_XPERP-310328|4h|2026-05-22T16:00:00+00:00,MONITOR_BAR_CLOSED,73506.5,73506.5,4h,2026-05-22 16:00:00+00:00,0.0
73506.5,73506.5,BTC-USD_UM_XPERP-310328,BTC-USD_UM_XPERP-310328|4h|2026-05-22T20:00:00+00:00,MONITOR_BAR_CLOSED,73506.5,73506.5,4h,2026-05-22 20:00:00+00:00,0.0
73506.5,73506.5,BTC-USD_UM_XPERP-310328,BTC-USD_UM_XPERP-310328|4h|2026-05-23T00:00:00+00:00,MONITOR_BAR_CLOSED,73506.5,73506.5,4h,2026-05-23 00:00:00+00:00,0.0
73506.5,73506.5,BTC-USD_UM_XPERP-310328,BTC-USD_UM_XPERP-310328|4h|2026-05-23T04:00:00+00:00,MONITOR_BAR_CLOSED,73506.5,73506.5,4h,2026-05-23 04:00:00+00:00,0.0
73506.5,73506.5,BTC-USD_UM_XPERP-310328,BTC-USD_UM_XPERP-310328|4h|2026-05-23T08:00:00+00:00,MONITOR_BAR_CLOSED,73506.5,73506.5,4h,2026-05-23 08:00:00+00:00,0.0
73506.5,73506.5,BTC-USD_UM_XPERP-310328,BTC-USD_UM_XPERP-310328|4h|2026-05-23T12:00:00+00:00,MONITOR_BAR_CLOSED,73506.5,73506.5,4h,2026-05-23 12:00:00+00:00,0.0
73506.5,73506.5,BTC-USD_UM_XPERP-310328,BTC-USD_UM_XPERP-310328|4h|2026-05-23T16:00:00+00:00,MONITOR_BAR_CLOSED,73506.5,73506.5,4h,2026-05-23 16:00:00+00:00,0.0
73506.5,73506.5,BTC-USD_UM_XPERP-310328,BTC-USD_UM_XPERP-310328|4h|2026-05-23T20:00:00+00:00,MONITOR_BAR_CLOSED,73506.5,73506.5,4h,2026-05-23 20:00:00+00:00,0.0
73506.5,73506.5,BTC-USD_UM_XPERP-310328,BTC-USD_UM_XPERP-310328|4h|2026-05-24T00:00:00+00:00,MONITOR_BAR_CLOSED,73506.5,73506.5,4h,2026-05-24 00:00:00+00:00,0.0
73506.5,73506.5,BTC-USD_UM_XPERP-310328,BTC-USD_UM_XPERP-310328|4h|2026-05-24T04:00:00+00:00,MONITOR_BAR_CLOSED,73506.5,73506.5,4h,2026-05-24 04:00:00+00:00,0.0
73506.5,73506.5,BTC-USD_UM_XPERP-310328,BTC-USD_UM_XPERP-310328|4h|2026-05-24T08:00:00+00:00,MONITOR_BAR_CLOSED,73506.5,73506.5,4h,2026-05-24 08:00:00+00:00,0.0
73506.5,73506.5,BTC-USD_UM_XPERP-310328,BTC-USD_UM_XPERP-310328|4h|2026-05-24T12:00:00+00:00,MONITOR_BAR_CLOSED,73506.5,73506.5,4h,2026-05-24 12:00:00+00:00,0.0
73506.5,73506.5,BTC-USD_UM_XPERP-310328,BTC-USD_UM_XPERP-310328|4h|2026-05-24T16:00:00+00:00,MONITOR_BAR_CLOSED,73506.5,73506.5,4h,2026-05-24 16:00:00+00:00,0.0
73506.7,76500.0,BTC-USD_UM_XPERP-310328,BTC-USD_UM_XPERP-310328|4h|2026-05-24T20:00:00+00:00,MONITOR_BAR_CLOSED,73506.7,73506.8,4h,2026-05-24 20:00:00+00:00,2.0
77414.9,77414.9,BTC-USD_UM_XPERP-310328,BTC-USD_UM_XPERP-310328|4h|2026-05-25T00:00:00+00:00,MONITOR_BAR_CLOSED,77414.9,77414.9,4h,2026-05-25 00:00:00+00:00,0.0
77414.9,77414.9,BTC-USD_UM_XPERP-310328,BTC-USD_UM_XPERP-310328|4h|2026-05-25T04:00:00+00:00,MONITOR_BAR_CLOSED,77414.9,77414.9,4h,2026-05-25 04:00:00+00:00,0.0
77412.4,81276.9,BTC-USD_UM_XPERP-310328,BTC-USD_UM_XPERP-310328|4h|2026-05-25T08:00:00+00:00,MONITOR_BAR_CLOSED,77412.4,81276.9,4h,2026-05-25 08:00:00+00:00,1.0
77412.4,81259.4,BTC-USD_UM_XPERP-310328,BTC-USD_UM_XPERP-310328|4h|2026-05-25T12:00:00+00:00,MONITOR_BAR_CLOSED,77412.4,81259.4,4h,2026-05-25 12:00:00+00:00,1.0
77412.4,77412.4,BTC-USD_UM_XPERP-310328,BTC-USD_UM_XPERP-310328|4h|2026-05-25T16:00:00+00:00,MONITOR_BAR_CLOSED,77412.4,77412.4,4h,2026-05-25 16:00:00+00:00,0.0
73535.8,81297.3,BTC-USD_UM_XPERP-310328,BTC-USD_UM_XPERP-310328|4h|2026-05-25T20:00:00+00:00,MONITOR_BAR_CLOSED,73535.8,81297.3,4h,2026-05-25 20:00:00+00:00,2.0
73535.8,73535.8,BTC-USD_UM_XPERP-310328,BTC-USD_UM_XPERP-310328|4h|2026-05-26T00:00:00+00:00,MONITOR_BAR_CLOSED,73535.8,73535.8,4h,2026-05-26 00:00:00+00:00,0.0
73535.8,73535.8,BTC-USD_UM_XPERP-310328,BTC-USD_UM_XPERP-310328|4h|2026-05-26T04:00:00+00:00,MONITOR_BAR_CLOSED,73535.8,73535.8,4h,2026-05-26 04:00:00+00:00,0.0
73535.8,73535.8,BTC-USD_UM_XPERP-310328,BTC-USD_UM_XPERP-310328|4h|2026-05-26T08:00:00+00:00,MONITOR_BAR_CLOSED,73535.8,73535.8,4h,2026-05-26 08:00:00+00:00,0.0
73535.8,73535.8,BTC-USD_UM_XPERP-310328,BTC-USD_UM_XPERP-310328|4h|2026-05-26T12:00:00+00:00,MONITOR_BAR_CLOSED,73535.8,73535.8,4h,2026-05-26 12:00:00+00:00,0.0
73535.8,73535.8,BTC-USD_UM_XPERP-310328,BTC-USD_UM_XPERP-310328|4h|2026-05-26T16:00:00+00:00,MONITOR_BAR_CLOSED,73535.8,73535.8,4h,2026-05-26 16:00:00+00:00,0.0
77413.8,77413.8,BTC-USD_UM_XPERP-310328,BTC-USD_UM_XPERP-310328|4h|2026-05-26T20:00:00+00:00,MONITOR_BAR_CLOSED,77413.8,77413.8,4h,2026-05-26 20:00:00+00:00,0.0
77413.8,77413.8,BTC-USD_UM_XPERP-310328,BTC-USD_UM_XPERP-310328|4h|2026-05-27T00:00:00+00:00,MONITOR_BAR_CLOSED,77413.8,77413.8,4h,2026-05-27 00:00:00+00:00,0.0
77413.8,77413.8,BTC-USD_UM_XPERP-310328,BTC-USD_UM_XPERP-310328|4h|2026-05-27T04:00:00+00:00,MONITOR_BAR_CLOSED,77413.8,77413.8,4h,2026-05-27 04:00:00+00:00,0.0
73624.2,73624.2,BTC-USD_UM_XPERP-310328,BTC-USD_UM_XPERP-310328|4h|2026-05-27T08:00:00+00:00,MONITOR_BAR_CLOSED,73624.2,73624.2,4h,2026-05-27 08:00:00+00:00,0.0
73624.2,73624.2,BTC-USD_UM_XPERP-310328,BTC-USD_UM_XPERP-310328|4h|2026-05-27T12:00:00+00:00,MONITOR_BAR_CLOSED,73624.2,73624.2,4h,2026-05-27 12:00:00+00:00,0.0
73624.2,73624.2,BTC-USD_UM_XPERP-310328,BTC-USD_UM_XPERP-310328|4h|2026-05-27T16:00:00+00:00,MONITOR_BAR_CLOSED,73624.2,73624.2,4h,2026-05-27 16:00:00+00:00,0.0
77464.5,77464.5,BTC-USD_UM_XPERP-310328,BTC-USD_UM_XPERP-310328|4h|2026-05-27T20:00:00+00:00,MONITOR_BAR_CLOSED,77464.5,77464.5,4h,2026-05-27 20:00:00+00:00,2.0
77464.5,77464.5,BTC-USD_UM_XPERP-310328,BTC-USD_UM_XPERP-310328|4h|2026-05-28T00:00:00+00:00,MONITOR_BAR_CLOSED,77464.5,77464.5,4h,2026-05-28 00:00:00+00:00,0.0
77464.5,77464.5,BTC-USD_UM_XPERP-310328,BTC-USD_UM_XPERP-310328|4h|2026-05-28T04:00:00+00:00,MONITOR_BAR_CLOSED,77464.5,77464.5,4h,2026-05-28 04:00:00+00:00,0.0
77464.5,77464.5,BTC-USD_UM_XPERP-310328,BTC-USD_UM_XPERP-310328|4h|2026-05-28T08:00:00+00:00,MONITOR_BAR_CLOSED,77464.5,77464.5,4h,2026-05-28 08:00:00+00:00,0.0
77464.5,77464.5,BTC-USD_UM_XPERP-310328,BTC-USD_UM_XPERP-310328|4h|2026-05-28T12:00:00+00:00,MONITOR_BAR_CLOSED,77464.5,77464.5,4h,2026-05-28 12:00:00+00:00,0.0
77464.5,77464.5,BTC-USD_UM_XPERP-310328,BTC-USD_UM_XPERP-310328|4h|2026-05-28T16:00:00+00:00,MONITOR_BAR_CLOSED,77464.5,77464.5,4h,2026-05-28 16:00:00+00:00,0.0
77464.5,77464.5,BTC-USD_UM_XPERP-310328,BTC-USD_UM_XPERP-310328|4h|2026-05-28T20:00:00+00:00,MONITOR_BAR_CLOSED,77464.5,77464.5,4h,2026-05-28 20:00:00+00:00,0.0
77464.5,77464.5,BTC-USD_UM_XPERP-310328,BTC-USD_UM_XPERP-310328|4h|2026-05-29T00:00:00+00:00,MONITOR_BAR_CLOSED,77464.5,77464.5,4h,2026-05-29 00:00:00+00:00,0.0
73612.1,80935.8,BTC-USD_UM_XPERP-310328,BTC-USD_UM_XPERP-310328|4h|2026-05-29T04:00:00+00:00,MONITOR_BAR_CLOSED,73612.1,80935.8,4h,2026-05-29 04:00:00+00:00,15.0
73612.1,73612.1,BTC-USD_UM_XPERP-310328,BTC-USD_UM_XPERP-310328|4h|2026-05-29T08:00:00+00:00,MONITOR_BAR_CLOSED,73612.1,73612.1,4h,2026-05-29 08:00:00+00:00,0.0
73612.1,73612.1,BTC-USD_UM_XPERP-310328,BTC-USD_UM_XPERP-310328|4h|2026-05-29T12:00:00+00:00,MONITOR_BAR_CLOSED,73612.1,73612.1,4h,2026-05-29 12:00:00+00:00,14.0
77427.2,77427.2,BTC-USD_UM_XPERP-310328,BTC-USD_UM_XPERP-310328|4h|2026-05-29T16:00:00+00:00,MONITOR_BAR_CLOSED,77427.2,77427.2,4h,2026-05-29 16:00:00+00:00,1.0
77427.2,77427.2,BTC-USD_UM_XPERP-310328,BTC-USD_UM_XPERP-310328|4h|2026-05-29T20:00:00+00:00,MONITOR_BAR_CLOSED,77427.2,77427.2,4h,2026-05-29 20:00:00+00:00,0.0
77427.2,77427.2,BTC-USD_UM_XPERP-310328,BTC-USD_UM_XPERP-310328|4h|2026-05-30T00:00:00+00:00,MONITOR_BAR_CLOSED,77427.2,77427.2,4h,2026-05-30 00:00:00+00:00,0.0
77427.2,77427.2,BTC-USD_UM_XPERP-310328,BTC-USD_UM_XPERP-310328|4h|2026-05-30T04:00:00+00:00,MONITOR_BAR_CLOSED,77427.2,77427.2,4h,2026-05-30 04:00:00+00:00,0.0
77427.2,77427.2,BTC-USD_UM_XPERP-310328,BTC-USD_UM_XPERP-310328|4h|2026-05-30T08:00:00+00:00,MONITOR_BAR_CLOSED,77427.2,77427.2,4h,2026-05-30 08:00:00+00:00,0.0
77427.2,77427.2,BTC-USD_UM_XPERP-310328,BTC-USD_UM_XPERP-310328|4h|2026-05-30T12:00:00+00:00,MONITOR_BAR_CLOSED,77427.2,77427.2,4h,2026-05-30 12:00:00+00:00,0.0
77427.2,77427.2,BTC-USD_UM_XPERP-310328,BTC-USD_UM_XPERP-310328|4h|2026-05-30T16:00:00+00:00,MONITOR_BAR_CLOSED,77427.2,77427.2,4h,2026-05-30 16:00:00+00:00,0.0
77427.2,77427.2,BTC-USD_UM_XPERP-310328,BTC-USD_UM_XPERP-310328|4h|2026-05-30T20:00:00+00:00,MONITOR_BAR_CLOSED,77427.2,77427.2,4h,2026-05-30 20:00:00+00:00,0.0
77427.2,77427.2,BTC-USD_UM_XPERP-310328,BTC-USD_UM_XPERP-310328|4h|2026-05-31T00:00:00+00:00,MONITOR_BAR_CLOSED,77427.2,77427.2,4h,2026-05-31 00:00:00+00:00,0.0
77427.2,77427.2,BTC-USD_UM_XPERP-310328,BTC-USD_UM_XPERP-310328|4h|2026-05-31T04:00:00+00:00,MONITOR_BAR_CLOSED,77427.2,77427.2,4h,2026-05-31 04:00:00+00:00,0.0
77427.2,77427.2,BTC-USD_UM_XPERP-310328,BTC-USD_UM_XPERP-310328|4h|2026-05-31T08:00:00+00:00,MONITOR_BAR_CLOSED,77427.2,77427.2,4h,2026-05-31 08:00:00+00:00,0.0
77427.2,77427.2,BTC-USD_UM_XPERP-310328,BTC-USD_UM_XPERP-310328|4h|2026-05-31T12:00:00+00:00,MONITOR_BAR_CLOSED,77427.2,77427.2,4h,2026-05-31 12:00:00+00:00,0.0
77427.2,77427.2,BTC-USD_UM_XPERP-310328,BTC-USD_UM_XPERP-310328|4h|2026-05-31T16:00:00+00:00,MONITOR_BAR_CLOSED,77427.2,77427.2,4h,2026-05-31 16:00:00+00:00,0.0
77340.4,80981.5,BTC-USD_UM_XPERP-310328,BTC-USD_UM_XPERP-310328|4h|2026-05-31T20:00:00+00:00,MONITOR_BAR_CLOSED,77340.4,80981.5,4h,2026-05-31 20:00:00+00:00,4.0
81212.4,81213.4,BTC-USD_UM_XPERP-310328,BTC-USD_UM_XPERP-310328|4h|2026-06-01T00:00:00+00:00,MONITOR_BAR_CLOSED,81018.0,81019.6,4h,2026-06-01 00:00:00+00:00,5.0
81212.4,81212.4,BTC-USD_UM_XPERP-310328,BTC-USD_UM_XPERP-310328|4h|2026-06-01T04:00:00+00:00,MONITOR_BAR_CLOSED,81212.4,81212.4,4h,2026-06-01 04:00:00+00:00,0.0
81212.4,81212.4,BTC-USD_UM_XPERP-310328,BTC-USD_UM_XPERP-310328|4h|2026-06-01T08:00:00+00:00,MONITOR_BAR_CLOSED,81212.4,81212.4,4h,2026-06-01 08:00:00+00:00,0.0
81212.4,81212.4,BTC-USD_UM_XPERP-310328,BTC-USD_UM_XPERP-310328|4h|2026-06-01T12:00:00+00:00,MONITOR_BAR_CLOSED,81212.4,81212.4,4h,2026-06-01 12:00:00+00:00,0.0
81212.4,81212.4,BTC-USD_UM_XPERP-310328,BTC-USD_UM_XPERP-310328|4h|2026-06-01T16:00:00+00:00,MONITOR_BAR_CLOSED,81212.4,81212.4,4h,2026-06-01 16:00:00+00:00,0.0
78593.2,81212.4,BTC-USD_UM_XPERP-310328,BTC-USD_UM_XPERP-310328|4h|2026-06-01T20:00:00+00:00,MONITOR_BAR_CLOSED,78593.2,81212.4,4h,2026-06-01 20:00:00+00:00,7.0
78593.2,78593.2,BTC-USD_UM_XPERP-310328,BTC-USD_UM_XPERP-310328|4h|2026-06-02T00:00:00+00:00,MONITOR_BAR_CLOSED,78593.2,78593.2,4h,2026-06-02 00:00:00+00:00,0.0
78593.2,78593.2,BTC-USD_UM_XPERP-310328,BTC-USD_UM_XPERP-310328|4h|2026-06-02T04:00:00+00:00,MONITOR_BAR_CLOSED,78593.2,78593.2,4h,2026-06-02 04:00:00+00:00,0.0
78192.9,78194.2,BTC-USD_UM_XPERP-310328,BTC-USD_UM_XPERP-310328|4h|2026-06-02T08:00:00+00:00,MONITOR_BAR_CLOSED,78192.9,78194.2,4h,2026-06-02 08:00:00+00:00,1.0
78192.9,78192.9,BTC-USD_UM_XPERP-310328,BTC-USD_UM_XPERP-310328|4h|2026-06-02T12:00:00+00:00,MONITOR_BAR_CLOSED,78192.9,78192.9,4h,2026-06-02 12:00:00+00:00,0.0
77995.7,78192.9,BTC-USD_UM_XPERP-310328,BTC-USD_UM_XPERP-310328|4h|2026-06-02T16:00:00+00:00,MONITOR_BAR_CLOSED,77995.7,78192.9,4h,2026-06-02 16:00:00+00:00,2.0
73923.5,77995.7,BTC-USD_UM_XPERP-310328,BTC-USD_UM_XPERP-310328|4h|2026-06-02T20:00:00+00:00,MONITOR_BAR_CLOSED,73923.5,77995.7,4h,2026-06-02 20:00:00+00:00,8.0
73923.5,73923.5,BTC-USD_UM_XPERP-310328,BTC-USD_UM_XPERP-310328|4h|2026-06-03T00:00:00+00:00,MONITOR_BAR_CLOSED,73923.5,73923.5,4h,2026-06-03 00:00:00+00:00,0.0
73923.5,73923.5,BTC-USD_UM_XPERP-310328,BTC-USD_UM_XPERP-310328|4h|2026-06-03T04:00:00+00:00,MONITOR_BAR_CLOSED,73923.5,73923.5,4h,2026-06-03 04:00:00+00:00,0.0
73922.0,73922.0,BTC-USD_UM_XPERP-310328,BTC-USD_UM_XPERP-310328|4h|2026-06-03T08:00:00+00:00,MONITOR_BAR_CLOSED,73922.0,73922.0,4h,2026-06-03 08:00:00+00:00,1.0
73921.9,73922.0,BTC-USD_UM_XPERP-310328,BTC-USD_UM_XPERP-310328|4h|2026-06-03T12:00:00+00:00,MONITOR_BAR_CLOSED,73921.9,73922.0,4h,2026-06-03 12:00:00+00:00,0.0
73921.9,73921.9,BTC-USD_UM_XPERP-310328,BTC-USD_UM_XPERP-310328|4h|2026-06-03T16:00:00+00:00,MONITOR_BAR_CLOSED,73921.9,73921.9,4h,2026-06-03 16:00:00+00:00,0.0
73505.6,73921.9,BTC-USD_UM_XPERP-310328,BTC-USD_UM_XPERP-310328|4h|2026-06-03T20:00:00+00:00,MONITOR_BAR_CLOSED,73505.6,73921.9,4h,2026-06-03 20:00:00+00:00,5.0
73505.6,73505.6,BTC-USD_UM_XPERP-310328,BTC-USD_UM_XPERP-310328|4h|2026-06-04T00:00:00+00:00,MONITOR_BAR_CLOSED,73505.6,73505.6,4h,2026-06-04 00:00:00+00:00,0.0
73505.6,73505.6,BTC-USD_UM_XPERP-310328,BTC-USD_UM_XPERP-310328|4h|2026-06-04T04:00:00+00:00,MONITOR_BAR_CLOSED,73505.6,73505.6,4h,2026-06-04 04:00:00+00:00,0.0
73505.6,73505.6,BTC-USD_UM_XPERP-310328,BTC-USD_UM_XPERP-310328|4h|2026-06-04T08:00:00+00:00,MONITOR_BAR_CLOSED,73505.6,73505.6,4h,2026-06-04 08:00:00+00:00,0.0
73505.6,73505.6,BTC-USD_UM_XPERP-310328,BTC-USD_UM_XPERP-310328|4h|2026-06-04T12:00:00+00:00,MONITOR_BAR_CLOSED,73505.6,73505.6,4h,2026-06-04 12:00:00+00:00,0.0
73505.6,73505.6,BTC-USD_UM_XPERP-310328,BTC-USD_UM_XPERP-310328|4h|2026-06-04T16:00:00+00:00,MONITOR_BAR_CLOSED,73505.6,73505.6,4h,2026-06-04 16:00:00+00:00,1.0
73505.6,73505.6,BTC-USD_UM_XPERP-310328,BTC-USD_UM_XPERP-310328|4h|2026-06-04T20:00:00+00:00,MONITOR_BAR_CLOSED,73505.6,73505.6,4h,2026-06-04 20:00:00+00:00,4.0
73505.6,73505.6,BTC-USD_UM_XPERP-310328,BTC-USD_UM_XPERP-310328|4h|2026-06-05T00:00:00+00:00,MONITOR_BAR_CLOSED,73505.6,73505.6,4h,2026-06-05 00:00:00+00:00,0.0
73505.6,73505.6,BTC-USD_UM_XPERP-310328,BTC-USD_UM_XPERP-310328|4h|2026-06-05T04:00:00+00:00,MONITOR_BAR_CLOSED,73505.6,73505.6,4h,2026-06-05 04:00:00+00:00,0.0
73505.6,73505.6,BTC-USD_UM_XPERP-310328,BTC-USD_UM_XPERP-310328|4h|2026-06-05T08:00:00+00:00,MONITOR_BAR_CLOSED,73505.6,73505.6,4h,2026-06-05 08:00:00+00:00,0.0
73505.6,73505.6,BTC-USD_UM_XPERP-310328,BTC-USD_UM_XPERP-310328|4h|2026-06-05T12:00:00+00:00,MONITOR_BAR_CLOSED,73505.6,73505.6,4h,2026-06-05 12:00:00+00:00,0.0
73505.6,73505.6,BTC-USD_UM_XPERP-310328,BTC-USD_UM_XPERP-310328|4h|2026-06-05T16:00:00+00:00,MONITOR_BAR_CLOSED,73505.6,73505.6,4h,2026-06-05 16:00:00+00:00,0.0
73505.6,73505.6,BTC-USD_UM_XPERP-310328,BTC-USD_UM_XPERP-310328|4h|2026-06-05T20:00:00+00:00,MONITOR_BAR_CLOSED,73505.6,73505.6,4h,2026-06-05 20:00:00+00:00,0.0
73505.6,73505.6,BTC-USD_UM_XPERP-310328,BTC-USD_UM_XPERP-310328|4h|2026-06-06T00:00:00+00:00,MONITOR_BAR_CLOSED,73505.6,73505.6,4h,2026-06-06 00:00:00+00:00,0.0
73505.6,73505.6,BTC-USD_UM_XPERP-310328,BTC-USD_UM_XPERP-310328|4h|2026-06-06T04:00:00+00:00,MONITOR_BAR_CLOSED,73505.6,73505.6,4h,2026-06-06 04:00:00+00:00,0.0
73505.6,73505.6,BTC-USD_UM_XPERP-310328,BTC-USD_UM_XPERP-310328|4h|2026-06-06T08:00:00+00:00,MONITOR_BAR_CLOSED,73505.6,73505.6,4h,2026-06-06 08:00:00+00:00,0.0
73505.6,73505.6,BTC-USD_UM_XPERP-310328,BTC-USD_UM_XPERP-310328|4h|2026-06-06T12:00:00+00:00,MONITOR_BAR_CLOSED,73505.6,73505.6,4h,2026-06-06 12:00:00+00:00,0.0
73505.6,73505.6,BTC-USD_UM_XPERP-310328,BTC-USD_UM_XPERP-310328|4h|2026-06-06T16:00:00+00:00,MONITOR_BAR_CLOSED,73505.6,73505.6,4h,2026-06-06 16:00:00+00:00,0.0
73505.6,73505.6,BTC-USD_UM_XPERP-310328,BTC-USD_UM_XPERP-310328|4h|2026-06-06T20:00:00+00:00,MONITOR_BAR_CLOSED,73505.6,73505.6,4h,2026-06-06 20:00:00+00:00,0.0
73505.6,73505.6,BTC-USD_UM_XPERP-310328,BTC-USD_UM_XPERP-310328|4h|2026-06-07T00:00:00+00:00,MONITOR_BAR_CLOSED,73505.6,73505.6,4h,2026-06-07 00:00:00+00:00,0.0
73505.6,73505.6,BTC-USD_UM_XPERP-310328,BTC-USD_UM_XPERP-310328|4h|2026-06-07T04:00:00+00:00,MONITOR_BAR_CLOSED,73505.6,73505.6,4h,2026-06-07 04:00:00+00:00,0.0
73505.6,73505.6,BTC-USD_UM_XPERP-310328,BTC-USD_UM_XPERP-310328|4h|2026-06-07T08:00:00+00:00,MONITOR_BAR_CLOSED,73505.6,73505.6,4h,2026-06-07 08:00:00+00:00,0.0
73505.6,73505.6,BTC-USD_UM_XPERP-310328,BTC-USD_UM_XPERP-310328|4h|2026-06-07T12:00:00+00:00,MONITOR_BAR_CLOSED,73505.6,73505.6,4h,2026-06-07 12:00:00+00:00,0.0
73505.6,73505.6,BTC-USD_UM_XPERP-310328,BTC-USD_UM_XPERP-310328|4h|2026-06-07T16:00:00+00:00,MONITOR_BAR_CLOSED,73505.6,73505.6,4h,2026-06-07 16:00:00+00:00,0.0
73505.6,73505.6,BTC-USD_UM_XPERP-310328,BTC-USD_UM_XPERP-310328|4h|2026-06-07T20:00:00+00:00,MONITOR_BAR_CLOSED,73505.6,73505.6,4h,2026-06-07 20:00:00+00:00,4.0
73505.6,73505.6,BTC-USD_UM_XPERP-310328,BTC-USD_UM_XPERP-310328|4h|2026-06-08T00:00:00+00:00,MONITOR_BAR_CLOSED,73505.6,73505.6,4h,2026-06-08 00:00:00+00:00,0.0
73505.6,73505.6,BTC-USD_UM_XPERP-310328,BTC-USD_UM_XPERP-310328|4h|2026-06-08T04:00:00+00:00,MONITOR_BAR_CLOSED,73505.6,73505.6,4h,2026-06-08 04:00:00+00:00,1.0
73505.6,73505.6,BTC-USD_UM_XPERP-310328,BTC-USD_UM_XPERP-310328|4h|2026-06-08T08:00:00+00:00,MONITOR_BAR_CLOSED,73505.6,73505.6,4h,2026-06-08 08:00:00+00:00,0.0
73505.6,73505.6,BTC-USD_UM_XPERP-310328,BTC-USD_UM_XPERP-310328|4h|2026-06-08T12:00:00+00:00,MONITOR_BAR_CLOSED,73505.6,73505.6,4h,2026-06-08 12:00:00+00:00,0.0
73505.6,73505.6,BTC-USD_UM_XPERP-310328,BTC-USD_UM_XPERP-310328|4h|2026-06-08T16:00:00+00:00,MONITOR_BAR_CLOSED,73505.6,73505.6,4h,2026-06-08 16:00:00+00:00,1.0
73505.6,73505.6,BTC-USD_UM_XPERP-310328,BTC-USD_UM_XPERP-310328|4h|2026-06-08T20:00:00+00:00,MONITOR_BAR_CLOSED,73505.6,73505.6,4h,2026-06-08 20:00:00+00:00,1.0
73505.6,73505.6,BTC-USD_UM_XPERP-310328,BTC-USD_UM_XPERP-310328|4h|2026-06-09T00:00:00+00:00,MONITOR_BAR_CLOSED,73505.6,73505.6,4h,2026-06-09 00:00:00+00:00,0.0
73505.6,73505.6,BTC-USD_UM_XPERP-310328,BTC-USD_UM_XPERP-310328|4h|2026-06-09T04:00:00+00:00,MONITOR_BAR_CLOSED,73505.6,73505.6,4h,2026-06-09 04:00:00+00:00,0.0
73505.6,73505.6,BTC-USD_UM_XPERP-310328,BTC-USD_UM_XPERP-310328|4h|2026-06-09T08:00:00+00:00,MONITOR_BAR_CLOSED,73505.6,73505.6,4h,2026-06-09 08:00:00+00:00,0.0
73505.6,73505.6,BTC-USD_UM_XPERP-310328,BTC-USD_UM_XPERP-310328|4h|2026-06-09T12:00:00+00:00,MONITOR_BAR_CLOSED,73505.6,73505.6,4h,2026-06-09 12:00:00+00:00,0.0
73505.6,73505.6,BTC-USD_UM_XPERP-310328,BTC-USD_UM_XPERP-310328|4h|2026-06-09T16:00:00+00:00,MONITOR_BAR_CLOSED,73505.6,73505.6,4h,2026-06-09 16:00:00+00:00,0.0
73505.6,73505.6,BTC-USD_UM_XPERP-310328,BTC-USD_UM_XPERP-310328|4h|2026-06-09T20:00:00+00:00,MONITOR_BAR_CLOSED,73505.6,73505.6,4h,2026-06-09 20:00:00+00:00,4.0
73505.6,73505.6,BTC-USD_UM_XPERP-310328,BTC-USD_UM_XPERP-310328|4h|2026-06-10T00:00:00+00:00,MONITOR_BAR_CLOSED,73505.6,73505.6,4h,2026-06-10 00:00:00+00:00,1.0
73505.6,73505.6,BTC-USD_UM_XPERP-310328,BTC-USD_UM_XPERP-310328|4h|2026-06-10T04:00:00+00:00,MONITOR_BAR_CLOSED,73505.6,73505.6,4h,2026-06-10 04:00:00+00:00,0.0
73505.6,73505.6,BTC-USD_UM_XPERP-310328,BTC-USD_UM_XPERP-310328|4h|2026-06-10T08:00:00+00:00,MONITOR_BAR_CLOSED,73505.6,73505.6,4h,2026-06-10 08:00:00+00:00,0.0
73505.6,73505.6,BTC-USD_UM_XPERP-310328,BTC-USD_UM_XPERP-310328|4h|2026-06-10T12:00:00+00:00,MONITOR_BAR_CLOSED,73505.6,73505.6,4h,2026-06-10 12:00:00+00:00,0.0
73505.6,73505.6,BTC-USD_UM_XPERP-310328,BTC-USD_UM_XPERP-310328|4h|2026-06-10T16:00:00+00:00,MONITOR_BAR_CLOSED,73505.6,73505.6,4h,2026-06-10 16:00:00+00:00,0.0
73505.6,73505.6,BTC-USD_UM_XPERP-310328,BTC-USD_UM_XPERP-310328|4h|2026-06-10T20:00:00+00:00,MONITOR_BAR_CLOSED,73505.6,73505.6,4h,2026-06-10 20:00:00+00:00,1.0
73505.6,73505.6,BTC-USD_UM_XPERP-310328,BTC-USD_UM_XPERP-310328|4h|2026-06-11T00:00:00+00:00,MONITOR_BAR_CLOSED,73505.6,73505.6,4h,2026-06-11 00:00:00+00:00,0.0
73505.6,73505.6,BTC-USD_UM_XPERP-310328,BTC-USD_UM_XPERP-310328|4h|2026-06-11T04:00:00+00:00,MONITOR_BAR_CLOSED,73505.6,73505.6,4h,2026-06-11 04:00:00+00:00,0.0
73505.6,73505.6,BTC-USD_UM_XPERP-310328,BTC-USD_UM_XPERP-310328|4h|2026-06-11T08:00:00+00:00,MONITOR_BAR_CLOSED,73505.6,73505.6,4h,2026-06-11 08:00:00+00:00,0.0
73505.6,73505.6,BTC-USD_UM_XPERP-310328,BTC-USD_UM_XPERP-310328|4h|2026-06-11T12:00:00+00:00,MONITOR_BAR_CLOSED,73505.6,73505.6,4h,2026-06-11 12:00:00+00:00,0.0
73505.6,73505.6,BTC-USD_UM_XPERP-310328,BTC-USD_UM_XPERP-310328|4h|2026-06-11T16:00:00+00:00,MONITOR_BAR_CLOSED,73505.6,73505.6,4h,2026-06-11 16:00:00+00:00,0.0
73505.6,73505.6,BTC-USD_UM_XPERP-310328,BTC-USD_UM_XPERP-310328|4h|2026-06-11T20:00:00+00:00,MONITOR_BAR_CLOSED,73505.6,73505.6,4h,2026-06-11 20:00:00+00:00,1.0
73505.6,73505.6,BTC-USD_UM_XPERP-310328,BTC-USD_UM_XPERP-310328|4h|2026-06-12T00:00:00+00:00,MONITOR_BAR_CLOSED,73505.6,73505.6,4h,2026-06-12 00:00:00+00:00,0.0
73505.6,73505.6,BTC-USD_UM_XPERP-310328,BTC-USD_UM_XPERP-310328|4h|2026-06-12T04:00:00+00:00,MONITOR_BAR_CLOSED,73505.6,73505.6,4h,2026-06-12 04:00:00+00:00,0.0
73505.6,73505.6,BTC-USD_UM_XPERP-310328,BTC-USD_UM_XPERP-310328|4h|2026-06-12T08:00:00+00:00,MONITOR_BAR_CLOSED,73505.6,73505.6,4h,2026-06-12 08:00:00+00:00,0.0
73505.6,73505.6,BTC-USD_UM_XPERP-310328,BTC-USD_UM_XPERP-310328|4h|2026-06-12T12:00:00+00:00,MONITOR_BAR_CLOSED,73505.6,73505.6,4h,2026-06-12 12:00:00+00:00,1.0
73505.6,73505.6,BTC-USD_UM_XPERP-310328,BTC-USD_UM_XPERP-310328|4h|2026-06-12T16:00:00+00:00,MONITOR_BAR_CLOSED,73505.6,73505.6,4h,2026-06-12 16:00:00+00:00,0.0
73505.6,73505.6,BTC-USD_UM_XPERP-310328,BTC-USD_UM_XPERP-310328|4h|2026-06-12T20:00:00+00:00,MONITOR_BAR_CLOSED,73505.6,73505.6,4h,2026-06-12 20:00:00+00:00,0.0
73505.6,73505.6,BTC-USD_UM_XPERP-310328,BTC-USD_UM_XPERP-310328|4h|2026-06-13T00:00:00+00:00,MONITOR_BAR_CLOSED,73505.6,73505.6,4h,2026-06-13 00:00:00+00:00,0.0
73505.6,73505.6,BTC-USD_UM_XPERP-310328,BTC-USD_UM_XPERP-310328|4h|2026-06-13T04:00:00+00:00,MONITOR_BAR_CLOSED,73505.6,73505.6,4h,2026-06-13 04:00:00+00:00,0.0
73505.6,73505.6,BTC-USD_UM_XPERP-310328,BTC-USD_UM_XPERP-310328|4h|2026-06-13T08:00:00+00:00,MONITOR_BAR_CLOSED,73505.6,73505.6,4h,2026-06-13 08:00:00+00:00,0.0
73505.6,73505.6,BTC-USD_UM_XPERP-310328,BTC-USD_UM_XPERP-310328|4h|2026-06-13T12:00:00+00:00,MONITOR_BAR_CLOSED,73505.6,73505.6,4h,2026-06-13 12:00:00+00:00,4.0
73505.6,73505.6,BTC-USD_UM_XPERP-310328,BTC-USD_UM_XPERP-310328|4h|2026-06-13T16:00:00+00:00,MONITOR_BAR_CLOSED,73505.6,73505.6,4h,2026-06-13 16:00:00+00:00,0.0
73505.6,73505.6,BTC-USD_UM_XPERP-310328,BTC-USD_UM_XPERP-310328|4h|2026-06-13T20:00:00+00:00,MONITOR_BAR_CLOSED,73505.6,73505.6,4h,2026-06-13 20:00:00+00:00,0.0
73505.6,73505.6,BTC-USD_UM_XPERP-310328,BTC-USD_UM_XPERP-310328|4h|2026-06-14T00:00:00+00:00,MONITOR_BAR_CLOSED,73505.6,73505.6,4h,2026-06-14 00:00:00+00:00,0.0
73505.6,73505.6,BTC-USD_UM_XPERP-310328,BTC-USD_UM_XPERP-310328|4h|2026-06-14T04:00:00+00:00,MONITOR_BAR_CLOSED,73505.6,73505.6,4h,2026-06-14 04:00:00+00:00,0.0
73505.6,73505.6,BTC-USD_UM_XPERP-310328,BTC-USD_UM_XPERP-310328|4h|2026-06-14T08:00:00+00:00,MONITOR_BAR_CLOSED,73505.6,73505.6,4h,2026-06-14 08:00:00+00:00,0.0
73505.6,73505.6,BTC-USD_UM_XPERP-310328,BTC-USD_UM_XPERP-310328|4h|2026-06-14T12:00:00+00:00,MONITOR_BAR_CLOSED,73505.6,73505.6,4h,2026-06-14 12:00:00+00:00,0.0
73505.6,73505.6,BTC-USD_UM_XPERP-310328,BTC-USD_UM_XPERP-310328|4h|2026-06-14T16:00:00+00:00,MONITOR_BAR_CLOSED,73505.6,73505.6,4h,2026-06-14 16:00:00+00:00,0.0
73505.6,73505.6,BTC-USD_UM_XPERP-310328,BTC-USD_UM_XPERP-310328|4h|2026-06-14T20:00:00+00:00,MONITOR_BAR_CLOSED,73505.6,73505.6,4h,2026-06-14 20:00:00+00:00,0.0
73505.6,73505.6,BTC-USD_UM_XPERP-310328,BTC-USD_UM_XPERP-310328|4h|2026-06-15T00:00:00+00:00,MONITOR_BAR_CLOSED,73505.6,73505.6,4h,2026-06-15 00:00:00+00:00,0.0
73505.6,73505.6,BTC-USD_UM_XPERP-310328,BTC-USD_UM_XPERP-310328|4h|2026-06-15T04:00:00+00:00,MONITOR_BAR_CLOSED,73505.6,73505.6,4h,2026-06-15 04:00:00+00:00,0.0
73505.6,73505.6,BTC-USD_UM_XPERP-310328,BTC-USD_UM_XPERP-310328|4h|2026-06-15T08:00:00+00:00,MONITOR_BAR_CLOSED,73505.6,73505.6,4h,2026-06-15 08:00:00+00:00,0.0
73505.6,73505.6,BTC-USD_UM_XPERP-310328,BTC-USD_UM_XPERP-310328|4h|2026-06-15T12:00:00+00:00,MONITOR_BAR_CLOSED,73505.6,73505.6,4h,2026-06-15 12:00:00+00:00,0.0
73505.6,73505.6,BTC-USD_UM_XPERP-310328,BTC-USD_UM_XPERP-310328|4h|2026-06-15T16:00:00+00:00,MONITOR_BAR_CLOSED,73505.6,73505.6,4h,2026-06-15 16:00:00+00:00,0.0
73505.6,73505.6,BTC-USD_UM_XPERP-310328,BTC-USD_UM_XPERP-310328|4h|2026-06-15T20:00:00+00:00,MONITOR_BAR_CLOSED,73505.6,73505.6,4h,2026-06-15 20:00:00+00:00,0.0
73505.6,73505.6,BTC-USD_UM_XPERP-310328,BTC-USD_UM_XPERP-310328|4h|2026-06-16T00:00:00+00:00,MONITOR_BAR_CLOSED,73505.6,73505.6,4h,2026-06-16 00:00:00+00:00,0.0
73505.6,73505.6,BTC-USD_UM_XPERP-310328,BTC-USD_UM_XPERP-310328|4h|2026-06-16T04:00:00+00:00,MONITOR_BAR_CLOSED,73505.6,73505.6,4h,2026-06-16 04:00:00+00:00,0.0
73505.6,73505.6,BTC-USD_UM_XPERP-310328,BTC-USD_UM_XPERP-310328|4h|2026-06-16T08:00:00+00:00,MONITOR_BAR_CLOSED,73505.6,73505.6,4h,2026-06-16 08:00:00+00:00,0.0
73505.6,73505.6,BTC-USD_UM_XPERP-310328,BTC-USD_UM_XPERP-310328|4h|2026-06-16T12:00:00+00:00,MONITOR_BAR_CLOSED,73505.6,73505.6,4h,2026-06-16 12:00:00+00:00,0.0
73505.6,73505.6,BTC-USD_UM_XPERP-310328,BTC-USD_UM_XPERP-310328|4h|2026-06-16T16:00:00+00:00,MONITOR_BAR_CLOSED,73505.6,73505.6,4h,2026-06-16 16:00:00+00:00,0.0
73505.6,73505.6,BTC-USD_UM_XPERP-310328,BTC-USD_UM_XPERP-310328|4h|2026-06-16T20:00:00+00:00,MONITOR_BAR_CLOSED,73505.6,73505.6,4h,2026-06-16 20:00:00+00:00,0.0
73505.6,73505.6,BTC-USD_UM_XPERP-310328,BTC-USD_UM_XPERP-310328|4h|2026-06-17T00:00:00+00:00,MONITOR_BAR_CLOSED,73505.6,73505.6,4h,2026-06-17 00:00:00+00:00,0.0
65500.1,73364.7,BTC-USD_UM_XPERP-310328,BTC-USD_UM_XPERP-310328|4h|2026-06-17T04:00:00+00:00,MONITOR_BAR_CLOSED,65219.0,73364.7,4h,2026-06-17 04:00:00+00:00,10389.0
64777.3,65531.1,BTC-USD_UM_XPERP-310328,BTC-USD_UM_XPERP-310328|4h|2026-06-17T08:00:00+00:00,MONITOR_BAR_CLOSED,64528.3,65500.1,4h,2026-06-17 08:00:00+00:00,27185.0
65723.1,68452.2,BTC-USD_UM_XPERP-310328,BTC-USD_UM_XPERP-310328|4h|2026-06-17T12:00:00+00:00,MONITOR_BAR_CLOSED,64576.3,64777.0,4h,2026-06-17 12:00:00+00:00,52189.0
64272.8,66409.6,BTC-USD_UM_XPERP-310328,BTC-USD_UM_XPERP-310328|4h|2026-06-17T16:00:00+00:00,MONITOR_BAR_CLOSED,64068.8,65742.0,4h,2026-06-17 16:00:00+00:00,78946.0
64433.3,68104.0,BTC-USD_UM_XPERP-310328,BTC-USD_UM_XPERP-310328|4h|2026-06-17T20:00:00+00:00,MONITOR_BAR_CLOSED,63447.9,64270.6,4h,2026-06-17 20:00:00+00:00,26951.0
64302.0,64748.4,BTC-USD_UM_XPERP-310328,BTC-USD_UM_XPERP-310328|4h|2026-06-18T00:00:00+00:00,MONITOR_BAR_CLOSED,64234.5,64471.4,4h,2026-06-18 00:00:00+00:00,17328.0
63991.4,64220.7,BTC-USD_UM_XPERP-310328,BTC-USD_UM_XPERP-310328|4h|2026-06-18T04:00:00+00:00,MONITOR_BAR_CLOSED,63690.7,64220.7,4h,2026-06-18 04:00:00+00:00,16175.0
63938.1,64444.4,BTC-USD_UM_XPERP-310328,BTC-USD_UM_XPERP-310328|4h|2026-06-18T08:00:00+00:00,MONITOR_BAR_CLOSED,63447.9,64415.0,4h,2026-06-18 08:00:00+00:00,12717.0
62337.1,64412.7,BTC-USD_UM_XPERP-310328,BTC-USD_UM_XPERP-310328|4h|2026-06-18T12:00:00+00:00,MONITOR_BAR_CLOSED,62282.8,63949.9,4h,2026-06-18 12:00:00+00:00,60063.0
62925.4,66821.4,BTC-USD_UM_XPERP-310328,BTC-USD_UM_XPERP-310328|4h|2026-06-18T16:00:00+00:00,MONITOR_BAR_CLOSED,56621.2,62363.1,4h,2026-06-18 16:00:00+00:00,41848.0
62923.7,63150.1,BTC-USD_UM_XPERP-310328,BTC-USD_UM_XPERP-310328|4h|2026-06-18T20:00:00+00:00,MONITOR_BAR_CLOSED,62709.7,63099.5,4h,2026-06-18 20:00:00+00:00,11116.0
62740.8,63072.7,BTC-USD_UM_XPERP-310328,BTC-USD_UM_XPERP-310328|4h|2026-06-19T00:00:00+00:00,MONITOR_BAR_CLOSED,62373.3,62920.9,4h,2026-06-19 00:00:00+00:00,13907.0
62581.4,62892.9,BTC-USD_UM_XPERP-310328,BTC-USD_UM_XPERP-310328|4h|2026-06-19T04:00:00+00:00,MONITOR_BAR_CLOSED,62382.7,62735.1,4h,2026-06-19 04:00:00+00:00,16240.0
62586.2,62737.9,BTC-USD_UM_XPERP-310328,BTC-USD_UM_XPERP-310328|4h|2026-06-19T08:00:00+00:00,MONITOR_BAR_CLOSED,62302.9,62586.7,4h,2026-06-19 08:00:00+00:00,18164.0
63170.9,66036.4,BTC-USD_UM_XPERP-310328,BTC-USD_UM_XPERP-310328|4h|2026-06-19T12:00:00+00:00,MONITOR_BAR_CLOSED,56902.9,62609.8,4h,2026-06-19 12:00:00+00:00,31216.0
62977.3,63339.7,BTC-USD_UM_XPERP-310328,BTC-USD_UM_XPERP-310328|4h|2026-06-19T16:00:00+00:00,MONITOR_BAR_CLOSED,62876.2,63226.4,4h,2026-06-19 16:00:00+00:00,11078.0
63517.0,63618.2,BTC-USD_UM_XPERP-310328,BTC-USD_UM_XPERP-310328|4h|2026-06-19T20:00:00+00:00,MONITOR_BAR_CLOSED,57932.0,62996.5,4h,2026-06-19 20:00:00+00:00,5210.0
63413.8,63736.1,BTC-USD_UM_XPERP-310328,BTC-USD_UM_XPERP-310328|4h|2026-06-20T00:00:00+00:00,MONITOR_BAR_CLOSED,63300.1,63510.4,4h,2026-06-20 00:00:00+00:00,10971.0
63624.5,63835.9,BTC-USD_UM_XPERP-310328,BTC-USD_UM_XPERP-310328|4h|2026-06-20T04:00:00+00:00,MONITOR_BAR_CLOSED,63369.9,63369.9,4h,2026-06-20 04:00:00+00:00,7976.0
63648.6,63750.3,BTC-USD_UM_XPERP-310328,BTC-USD_UM_XPERP-310328|4h|2026-06-20T08:00:00+00:00,MONITOR_BAR_CLOSED,63361.1,63623.7,4h,2026-06-20 08:00:00+00:00,9227.0
64046.8,68244.6,BTC-USD_UM_XPERP-310328,BTC-USD_UM_XPERP-310328|4h|2026-06-20T12:00:00+00:00,MONITOR_BAR_CLOSED,63203.4,63648.8,4h,2026-06-20 12:00:00+00:00,21726.0
63887.2,64021.6,BTC-USD_UM_XPERP-310328,BTC-USD_UM_XPERP-310328|4h|2026-06-20T16:00:00+00:00,MONITOR_BAR_CLOSED,63730.8,64010.9,4h,2026-06-20 16:00:00+00:00,10717.0
64246.7,64317.9,BTC-USD_UM_XPERP-310328,BTC-USD_UM_XPERP-310328|4h|2026-06-20T20:00:00+00:00,MONITOR_BAR_CLOSED,59534.3,63910.4,4h,2026-06-20 20:00:00+00:00,6671.0
64376.8,64394.5,BTC-USD_UM_XPERP-310328,BTC-USD_UM_XPERP-310328|4h|2026-06-21T00:00:00+00:00,MONITOR_BAR_CLOSED,64187.9,64270.4,4h,2026-06-21 00:00:00+00:00,8110.0
64161.8,64524.8,BTC-USD_UM_XPERP-310328,BTC-USD_UM_XPERP-310328|4h|2026-06-21T04:00:00+00:00,MONITOR_BAR_CLOSED,60947.1,64395.7,4h,2026-06-21 04:00:00+00:00,3909.0
64108.6,64917.9,BTC-USD_UM_XPERP-310328,BTC-USD_UM_XPERP-310328|4h|2026-06-21T08:00:00+00:00,MONITOR_BAR_CLOSED,60723.7,64175.2,4h,2026-06-21 08:00:00+00:00,9372.0
64190.4,64298.2,BTC-USD_UM_XPERP-310328,BTC-USD_UM_XPERP-310328|4h|2026-06-21T12:00:00+00:00,MONITOR_BAR_CLOSED,63923.5,64133.7,4h,2026-06-21 12:00:00+00:00,10311.0
64184.3,64258.7,BTC-USD_UM_XPERP-310328,BTC-USD_UM_XPERP-310328|4h|2026-06-21T16:00:00+00:00,MONITOR_BAR_CLOSED,63956.4,64173.8,4h,2026-06-21 16:00:00+00:00,6816.0
63274.7,64196.4,BTC-USD_UM_XPERP-310328,BTC-USD_UM_XPERP-310328|4h|2026-06-21T20:00:00+00:00,MONITOR_BAR_CLOSED,59592.3,64169.2,4h,2026-06-21 20:00:00+00:00,28876.0
63943.5,64731.7,BTC-USD_UM_XPERP-310328,BTC-USD_UM_XPERP-310328|4h|2026-06-22T00:00:00+00:00,MONITOR_BAR_CLOSED,58349.7,63267.1,4h,2026-06-22 00:00:00+00:00,32027.0
64162.1,67202.5,BTC-USD_UM_XPERP-310328,BTC-USD_UM_XPERP-310328|4h|2026-06-22T04:00:00+00:00,MONITOR_BAR_CLOSED,63846.8,63899.9,4h,2026-06-22 04:00:00+00:00,17539.0
64628.2,64718.4,BTC-USD_UM_XPERP-310328,BTC-USD_UM_XPERP-310328|4h|2026-06-22T08:00:00+00:00,MONITOR_BAR_CLOSED,58508.1,64183.4,4h,2026-06-22 08:00:00+00:00,13307.0
64799.4,69497.7,BTC-USD_UM_XPERP-310328,BTC-USD_UM_XPERP-310328|4h|2026-06-22T12:00:00+00:00,MONITOR_BAR_CLOSED,64642.2,64642.2,4h,2026-06-22 12:00:00+00:00,52564.0
64456.8,64756.5,BTC-USD_UM_XPERP-310328,BTC-USD_UM_XPERP-310328|4h|2026-06-22T16:00:00+00:00,MONITOR_BAR_CLOSED,58478.2,64746.4,4h,2026-06-22 16:00:00+00:00,22604.0
64014.9,64629.4,BTC-USD_UM_XPERP-310328,BTC-USD_UM_XPERP-310328|4h|2026-06-22T20:00:00+00:00,MONITOR_BAR_CLOSED,63784.8,64450.1,4h,2026-06-22 20:00:00+00:00,6271.0
64008.4,64224.9,BTC-USD_UM_XPERP-310328,BTC-USD_UM_XPERP-310328|4h|2026-06-23T00:00:00+00:00,MONITOR_BAR_CLOSED,63805.9,63993.9,4h,2026-06-23 00:00:00+00:00,17567.0
62873.8,66771.9,BTC-USD_UM_XPERP-310328,BTC-USD_UM_XPERP-310328|4h|2026-06-23T04:00:00+00:00,MONITOR_BAR_CLOSED,62250.0,64060.3,4h,2026-06-23 04:00:00+00:00,36374.0
62472.1,62861.4,BTC-USD_UM_XPERP-310328,BTC-USD_UM_XPERP-310328|4h|2026-06-23T08:00:00+00:00,MONITOR_BAR_CLOSED,57228.1,62844.9,4h,2026-06-23 08:00:00+00:00,24987.0
62418.7,62787.4,BTC-USD_UM_XPERP-310328,BTC-USD_UM_XPERP-310328|4h|2026-06-23T12:00:00+00:00,MONITOR_BAR_CLOSED,55771.2,62476.0,4h,2026-06-23 12:00:00+00:00,47941.0
62380.5,62762.0,BTC-USD_UM_XPERP-310328,BTC-USD_UM_XPERP-310328|4h|2026-06-23T16:00:00+00:00,MONITOR_BAR_CLOSED,57900.2,62457.6,4h,2026-06-23 16:00:00+00:00,36233.0
62717.5,62750.7,BTC-USD_UM_XPERP-310328,BTC-USD_UM_XPERP-310328|4h|2026-06-23T20:00:00+00:00,MONITOR_BAR_CLOSED,62364.8,62381.4,4h,2026-06-23 20:00:00+00:00,17336.0
62721.0,63089.9,BTC-USD_UM_XPERP-310328,BTC-USD_UM_XPERP-310328|4h|2026-06-24T00:00:00+00:00,MONITOR_BAR_CLOSED,62438.6,62700.7,4h,2026-06-24 00:00:00+00:00,34773.0
62625.8,63049.8,BTC-USD_UM_XPERP-310328,BTC-USD_UM_XPERP-310328|4h|2026-06-24T04:00:00+00:00,MONITOR_BAR_CLOSED,62530.4,62723.1,4h,2026-06-24 04:00:00+00:00,10947.0
62880.0,66917.1,BTC-USD_UM_XPERP-310328,BTC-USD_UM_XPERP-310328|4h|2026-06-24T08:00:00+00:00,MONITOR_BAR_CLOSED,62292.1,62623.2,4h,2026-06-24 08:00:00+00:00,13871.0
60233.7,67637.2,BTC-USD_UM_XPERP-310328,BTC-USD_UM_XPERP-310328|4h|2026-06-24T12:00:00+00:00,MONITOR_BAR_CLOSED,54811.5,62838.1,4h,2026-06-24 12:00:00+00:00,69683.0
59816.7,60619.3,BTC-USD_UM_XPERP-310328,BTC-USD_UM_XPERP-310328|4h|2026-06-24T16:00:00+00:00,MONITOR_BAR_CLOSED,56418.5,60291.4,4h,2026-06-24 16:00:00+00:00,70558.0
61052.9,64358.5,BTC-USD_UM_XPERP-310328,BTC-USD_UM_XPERP-310328|4h|2026-06-24T20:00:00+00:00,MONITOR_BAR_CLOSED,54913.5,59850.3,4h,2026-06-24 20:00:00+00:00,37247.0
60815.9,61062.8,BTC-USD_UM_XPERP-310328,BTC-USD_UM_XPERP-310328|4h|2026-06-25T00:00:00+00:00,MONITOR_BAR_CLOSED,60673.3,61052.7,4h,2026-06-25 00:00:00+00:00,27140.0
61864.4,61908.1,BTC-USD_UM_XPERP-310328,BTC-USD_UM_XPERP-310328|4h|2026-06-25T04:00:00+00:00,MONITOR_BAR_CLOSED,57878.8,60844.0,4h,2026-06-25 04:00:00+00:00,19544.0
61135.3,61879.9,BTC-USD_UM_XPERP-310328,BTC-USD_UM_XPERP-310328|4h|2026-06-25T08:00:00+00:00,MONITOR_BAR_CLOSED,61045.0,61874.2,4h,2026-06-25 08:00:00+00:00,13650.0
59558.6,65459.9,BTC-USD_UM_XPERP-310328,BTC-USD_UM_XPERP-310328|4h|2026-06-25T12:00:00+00:00,MONITOR_BAR_CLOSED,58102.6,61216.7,4h,2026-06-25 12:00:00+00:00,91185.0
59263.5,62080.5,BTC-USD_UM_XPERP-310328,BTC-USD_UM_XPERP-310328|4h|2026-06-25T16:00:00+00:00,MONITOR_BAR_CLOSED,59110.8,59550.4,4h,2026-06-25 16:00:00+00:00,83385.0
60056.7,63985.4,BTC-USD_UM_XPERP-310328,BTC-USD_UM_XPERP-310328|4h|2026-06-25T20:00:00+00:00,MONITOR_BAR_CLOSED,53802.0,59300.4,4h,2026-06-25 20:00:00+00:00,9855.0
59903.6,61253.1,BTC-USD_UM_XPERP-310328,BTC-USD_UM_XPERP-310328|4h|2026-06-26T00:00:00+00:00,MONITOR_BAR_CLOSED,58350.0,59207.0,4h,2026-06-26 00:00:00+00:00,934.0
60679.1,60679.1,BTC-USD_UM_XPERP-310328,BTC-USD_UM_XPERP-310328|4h|2026-06-26T04:00:00+00:00,MONITOR_BAR_CLOSED,59693.7,59693.7,4h,2026-06-26 04:00:00+00:00,154.0
59364.6,59833.9,BTC-USD_UM_XPERP-310328,BTC-USD_UM_XPERP-310328|4h|2026-06-26T08:00:00+00:00,MONITOR_BAR_CLOSED,53770.2,59815.3,4h,2026-06-26 08:00:00+00:00,547.0
60020.2,65640.2,BTC-USD_UM_XPERP-310328,BTC-USD_UM_XPERP-310328|4h|2026-06-26T12:00:00+00:00,MONITOR_BAR_CLOSED,59438.1,65640.2,4h,2026-06-26 12:00:00+00:00,258.0
60361.3,60423.0,BTC-USD_UM_XPERP-310328,BTC-USD_UM_XPERP-310328|4h|2026-06-26T16:00:00+00:00,MONITOR_BAR_CLOSED,60361.3,60423.0,4h,2026-06-26 16:00:00+00:00,54.0
59997.3,60794.6,BTC-USD_UM_XPERP-310328,BTC-USD_UM_XPERP-310328|4h|2026-06-26T20:00:00+00:00,MONITOR_BAR_CLOSED,56468.4,59791.9,4h,2026-06-26 20:00:00+00:00,22.0
60270.1,61923.1,BTC-USD_UM_XPERP-310328,BTC-USD_UM_XPERP-310328|4h|2026-06-27T00:00:00+00:00,MONITOR_BAR_CLOSED,59852.7,60095.1,4h,2026-06-27 00:00:00+00:00,0.0
60516.6,60543.0,BTC-USD_UM_XPERP-310328,BTC-USD_UM_XPERP-310328|4h|2026-06-27T04:00:00+00:00,MONITOR_BAR_CLOSED,54166.7,54166.7,4h,2026-06-27 04:00:00+00:00,0.0
60324.8,65112.5,BTC-USD_UM_XPERP-310328,BTC-USD_UM_XPERP-310328|4h|2026-06-27T08:00:00+00:00,MONITOR_BAR_CLOSED,54297.9,60452.6,4h,2026-06-27 08:00:00+00:00,4.0
60761.6,63259.8,BTC-USD_UM_XPERP-310328,BTC-USD_UM_XPERP-310328|4h|2026-06-27T12:00:00+00:00,MONITOR_BAR_CLOSED,58452.6,60306.6,4h,2026-06-27 12:00:00+00:00,15.0
60186.2,63846.5,BTC-USD_UM_XPERP-310328,BTC-USD_UM_XPERP-310328|4h|2026-06-27T16:00:00+00:00,MONITOR_BAR_CLOSED,54360.8,61863.6,4h,2026-06-27 16:00:00+00:00,10.0
59959.3,63853.8,BTC-USD_UM_XPERP-310328,BTC-USD_UM_XPERP-310328|4h|2026-06-27T20:00:00+00:00,MONITOR_BAR_CLOSED,55548.4,55548.4,4h,2026-06-27 20:00:00+00:00,3.0
60123.1,60123.1,BTC-USD_UM_XPERP-310328,BTC-USD_UM_XPERP-310328|4h|2026-06-28T00:00:00+00:00,MONITOR_BAR_CLOSED,60002.9,60002.9,4h,2026-06-28 00:00:00+00:00,0.0
60181.3,61007.2,BTC-USD_UM_XPERP-310328,BTC-USD_UM_XPERP-310328|4h|2026-06-28T04:00:00+00:00,MONITOR_BAR_CLOSED,54112.6,54112.6,4h,2026-06-28 04:00:00+00:00,32.0
60135.9,60454.6,BTC-USD_UM_XPERP-310328,BTC-USD_UM_XPERP-310328|4h|2026-06-28T08:00:00+00:00,MONITOR_BAR_CLOSED,54289.8,60178.1,4h,2026-06-28 08:00:00+00:00,35.0
59858.1,60372.5,BTC-USD_UM_XPERP-310328,BTC-USD_UM_XPERP-310328|4h|2026-06-28T12:00:00+00:00,MONITOR_BAR_CLOSED,59825.0,60158.9,4h,2026-06-28 12:00:00+00:00,84.0
59332.8,65489.0,BTC-USD_UM_XPERP-310328,BTC-USD_UM_XPERP-310328|4h|2026-06-28T16:00:00+00:00,MONITOR_BAR_CLOSED,53451.2,59798.1,4h,2026-06-28 16:00:00+00:00,6.0
59724.5,61975.3,BTC-USD_UM_XPERP-310328,BTC-USD_UM_XPERP-310328|4h|2026-06-28T20:00:00+00:00,MONITOR_BAR_CLOSED,53323.5,59453.0,4h,2026-06-28 20:00:00+00:00,6.0
60109.4,64846.9,BTC-USD_UM_XPERP-310328,BTC-USD_UM_XPERP-310328|4h|2026-06-29T00:00:00+00:00,MONITOR_BAR_CLOSED,53036.7,59551.1,4h,2026-06-29 00:00:00+00:00,167.0
65726.7,65726.7,BTC-USD_UM_XPERP-310328,BTC-USD_UM_XPERP-310328|4h|2026-06-29T04:00:00+00:00,MONITOR_BAR_CLOSED,54137.5,60015.5,4h,2026-06-29 04:00:00+00:00,0.0
59752.6,60199.0,BTC-USD_UM_XPERP-310328,BTC-USD_UM_XPERP-310328|4h|2026-06-29T08:00:00+00:00,MONITOR_BAR_CLOSED,57314.3,57314.3,4h,2026-06-29 08:00:00+00:00,189.0
59782.0,63203.8,BTC-USD_UM_XPERP-310328,BTC-USD_UM_XPERP-310328|4h|2026-06-29T12:00:00+00:00,MONITOR_BAR_CLOSED,54303.0,60014.1,4h,2026-06-29 12:00:00+00:00,129.0
61715.7,63779.2,BTC-USD_UM_XPERP-310328,BTC-USD_UM_XPERP-310328|4h|2026-06-29T16:00:00+00:00,MONITOR_BAR_CLOSED,54115.5,59675.0,4h,2026-06-29 16:00:00+00:00,1310.0
60147.5,61177.2,BTC-USD_UM_XPERP-310328,BTC-USD_UM_XPERP-310328|4h|2026-06-29T20:00:00+00:00,MONITOR_BAR_CLOSED,54860.8,60351.2,4h,2026-06-29 20:00:00+00:00,6.0
59824.7,59824.7,BTC-USD_UM_XPERP-310328,BTC-USD_UM_XPERP-310328|4h|2026-06-30T00:00:00+00:00,MONITOR_BAR_CLOSED,59757.0,59757.1,4h,2026-06-30 00:00:00+00:00,6.0
59464.6,60229.4,BTC-USD_UM_XPERP-310328,BTC-USD_UM_XPERP-310328|4h|2026-06-30T04:00:00+00:00,MONITOR_BAR_CLOSED,59396.0,59396.0,4h,2026-06-30 04:00:00+00:00,2273.0
53338.3,59884.0,BTC-USD_UM_XPERP-310328,BTC-USD_UM_XPERP-310328|4h|2026-06-30T08:00:00+00:00,MONITOR_BAR_CLOSED,53338.3,59186.0,4h,2026-06-30 08:00:00+00:00,1439.0
58518.7,60229.4,BTC-USD_UM_XPERP-310328,BTC-USD_UM_XPERP-310328|4h|2026-06-30T12:00:00+00:00,MONITOR_BAR_CLOSED,55032.5,59563.9,4h,2026-06-30 12:00:00+00:00,390.0
58636.3,60229.4,BTC-USD_UM_XPERP-310328,BTC-USD_UM_XPERP-310328|4h|2026-06-30T16:00:00+00:00,MONITOR_BAR_CLOSED,52468.2,60229.4,4h,2026-06-30 16:00:00+00:00,0.0
55264.3,60229.4,BTC-USD_UM_XPERP-310328,BTC-USD_UM_XPERP-310328|4h|2026-06-30T20:00:00+00:00,MONITOR_BAR_CLOSED,54927.3,58689.8,4h,2026-06-30 20:00:00+00:00,10.0
58969.4,58969.4,BTC-USD_UM_XPERP-310328,BTC-USD_UM_XPERP-310328|4h|2026-07-01T00:00:00+00:00,MONITOR_BAR_CLOSED,52133.0,58406.7,4h,2026-07-01 00:00:00+00:00,18.0
58652.7,58778.3,BTC-USD_UM_XPERP-310328,BTC-USD_UM_XPERP-310328|4h|2026-07-01T04:00:00+00:00,MONITOR_BAR_CLOSED,58609.9,58702.4,4h,2026-07-01 04:00:00+00:00,456.0
52726.6,60229.4,BTC-USD_UM_XPERP-310328,BTC-USD_UM_XPERP-310328|4h|2026-07-01T08:00:00+00:00,MONITOR_BAR_CLOSED,52726.6,60229.4,4h,2026-07-01 08:00:00+00:00,1750.0
58504.0,58504.0,BTC-USD_UM_XPERP-310328,BTC-USD_UM_XPERP-310328|4h|2026-07-01T12:00:00+00:00,MONITOR_BAR_CLOSED,58410.0,58410.0,4h,2026-07-01 12:00:00+00:00,60.0
60251.0,60251.0,BTC-USD_UM_XPERP-310328,BTC-USD_UM_XPERP-310328|4h|2026-07-01T16:00:00+00:00,MONITOR_BAR_CLOSED,56958.4,60113.7,4h,2026-07-01 16:00:00+00:00,0.0
60790.8,60793.4,BTC-USD_UM_XPERP-310328,BTC-USD_UM_XPERP-310328|4h|2026-07-01T20:00:00+00:00,MONITOR_BAR_CLOSED,57270.6,60224.3,4h,2026-07-01 20:00:00+00:00,10.0
60976.0,65612.9,BTC-USD_UM_XPERP-310328,BTC-USD_UM_XPERP-310328|4h|2026-07-02T00:00:00+00:00,MONITOR_BAR_CLOSED,59093.9,65612.9,4h,2026-07-02 00:00:00+00:00,26.0
60136.9,64888.2,BTC-USD_UM_XPERP-310328,BTC-USD_UM_XPERP-310328|4h|2026-07-02T04:00:00+00:00,MONITOR_BAR_CLOSED,60136.9,60525.0,4h,2026-07-02 04:00:00+00:00,1.0
61288.9,61288.9,BTC-USD_UM_XPERP-310328,BTC-USD_UM_XPERP-310328|4h|2026-07-02T08:00:00+00:00,MONITOR_BAR_CLOSED,59093.9,60878.9,4h,2026-07-02 08:00:00+00:00,8.0
61590.0,68000.4,BTC-USD_UM_XPERP-310328,BTC-USD_UM_XPERP-310328|4h|2026-07-02T12:00:00+00:00,MONITOR_BAR_CLOSED,59093.9,61288.9,4h,2026-07-02 12:00:00+00:00,8.0
61650.9,65826.1,BTC-USD_UM_XPERP-310328,BTC-USD_UM_XPERP-310328|4h|2026-07-02T16:00:00+00:00,MONITOR_BAR_CLOSED,59093.9,61590.0,4h,2026-07-02 16:00:00+00:00,5.0
61507.1,61507.2,BTC-USD_UM_XPERP-310328,BTC-USD_UM_XPERP-310328|4h|2026-07-02T20:00:00+00:00,MONITOR_BAR_CLOSED,61506.0,61506.2,4h,2026-07-02 20:00:00+00:00,10.0
61612.3,61650.9,BTC-USD_UM_XPERP-310328,BTC-USD_UM_XPERP-310328|4h|2026-07-03T00:00:00+00:00,MONITOR_BAR_CLOSED,61537.1,61537.1,4h,2026-07-03 00:00:00+00:00,268.0
61636.5,65579.3,BTC-USD_UM_XPERP-310328,BTC-USD_UM_XPERP-310328|4h|2026-07-03T04:00:00+00:00,MONITOR_BAR_CLOSED,61406.3,61406.3,4h,2026-07-03 04:00:00+00:00,98.0
61931.7,66196.6,BTC-USD_UM_XPERP-310328,BTC-USD_UM_XPERP-310328|4h|2026-07-03T08:00:00+00:00,MONITOR_BAR_CLOSED,59093.9,64961.0,4h,2026-07-03 08:00:00+00:00,46.0
61840.4,62060.0,BTC-USD_UM_XPERP-310328,BTC-USD_UM_XPERP-310328|4h|2026-07-03T12:00:00+00:00,MONITOR_BAR_CLOSED,59093.9,62027.8,4h,2026-07-03 12:00:00+00:00,0.0
62214.8,62214.8,BTC-USD_UM_XPERP-310328,BTC-USD_UM_XPERP-310328|4h|2026-07-03T16:00:00+00:00,MONITOR_BAR_CLOSED,61907.0,61923.7,4h,2026-07-03 16:00:00+00:00,0.0
65633.0,65659.0,BTC-USD_UM_XPERP-310328,BTC-USD_UM_XPERP-310328|4h|2026-07-03T20:00:00+00:00,MONITOR_BAR_CLOSED,61840.4,62566.0,4h,2026-07-03 20:00:00+00:00,2.0
62475.0,62482.6,BTC-USD_UM_XPERP-310328,BTC-USD_UM_XPERP-310328|4h|2026-07-04T00:00:00+00:00,MONITOR_BAR_CLOSED,62475.0,62482.6,4h,2026-07-04 00:00:00+00:00,0.0
62553.4,62675.6,BTC-USD_UM_XPERP-310328,BTC-USD_UM_XPERP-310328|4h|2026-07-04T04:00:00+00:00,MONITOR_BAR_CLOSED,59382.9,62674.9,4h,2026-07-04 04:00:00+00:00,13.0
62458.8,62498.0,BTC-USD_UM_XPERP-310328,BTC-USD_UM_XPERP-310328|4h|2026-07-04T08:00:00+00:00,MONITOR_BAR_CLOSED,59322.9,62443.9,4h,2026-07-04 08:00:00+00:00,10.0
65768.9,65768.9,BTC-USD_UM_XPERP-310328,BTC-USD_UM_XPERP-310328|4h|2026-07-04T12:00:00+00:00,MONITOR_BAR_CLOSED,59506.6,62662.8,4h,2026-07-04 12:00:00+00:00,71.0
63283.5,65636.1,BTC-USD_UM_XPERP-310328,BTC-USD_UM_XPERP-310328|4h|2026-07-04T16:00:00+00:00,MONITOR_BAR_CLOSED,60219.0,62932.5,4h,2026-07-04 16:00:00+00:00,9.0
63172.4,68632.7,BTC-USD_UM_XPERP-310328,BTC-USD_UM_XPERP-310328|4h|2026-07-04T20:00:00+00:00,MONITOR_BAR_CLOSED,63172.4,63213.9,4h,2026-07-04 20:00:00+00:00,3.0
62730.6,63085.5,BTC-USD_UM_XPERP-310328,BTC-USD_UM_XPERP-310328|4h|2026-07-05T00:00:00+00:00,MONITOR_BAR_CLOSED,59279.5,63008.8,4h,2026-07-05 00:00:00+00:00,0.0
63005.4,66131.1,BTC-USD_UM_XPERP-310328,BTC-USD_UM_XPERP-310328|4h|2026-07-05T04:00:00+00:00,MONITOR_BAR_CLOSED,59576.0,62687.6,4h,2026-07-05 04:00:00+00:00,2.0
62636.4,65915.5,BTC-USD_UM_XPERP-310328,BTC-USD_UM_XPERP-310328|4h|2026-07-05T08:00:00+00:00,MONITOR_BAR_CLOSED,59093.9,62998.1,4h,2026-07-05 08:00:00+00:00,16.0
62683.0,66411.3,BTC-USD_UM_XPERP-310328,BTC-USD_UM_XPERP-310328|4h|2026-07-05T12:00:00+00:00,MONITOR_BAR_CLOSED,59284.5,62580.3,4h,2026-07-05 12:00:00+00:00,53.0
62740.6,66055.8,BTC-USD_UM_XPERP-310328,BTC-USD_UM_XPERP-310328|4h|2026-07-05T16:00:00+00:00,MONITOR_BAR_CLOSED,59514.6,62685.8,4h,2026-07-05 16:00:00+00:00,13.0
63584.3,66258.1,BTC-USD_UM_XPERP-310328,BTC-USD_UM_XPERP-310328|4h|2026-07-05T20:00:00+00:00,MONITOR_BAR_CLOSED,59577.4,62747.4,4h,2026-07-05 20:00:00+00:00,23.0
63239.6,63699.9,BTC-USD_UM_XPERP-310328,BTC-USD_UM_XPERP-310328|4h|2026-07-06T00:00:00+00:00,MONITOR_BAR_CLOSED,60265.0,63629.5,4h,2026-07-06 00:00:00+00:00,4.0
63070.2,67120.1,BTC-USD_UM_XPERP-310328,BTC-USD_UM_XPERP-310328|4h|2026-07-06T04:00:00+00:00,MONITOR_BAR_CLOSED,62891.6,63288.9,4h,2026-07-06 04:00:00+00:00,77.0
62485.0,63400.0,BTC-USD_UM_XPERP-310328,BTC-USD_UM_XPERP-310328|4h|2026-07-06T08:00:00+00:00,MONITOR_BAR_CLOSED,59588.9,62851.5,4h,2026-07-06 08:00:00+00:00,2802.0
63477.1,65519.3,BTC-USD_UM_XPERP-310328,BTC-USD_UM_XPERP-310328|4h|2026-07-06T12:00:00+00:00,MONITOR_BAR_CLOSED,59093.9,62477.0,4h,2026-07-06 12:00:00+00:00,76953.0
63691.3,67319.0,BTC-USD_UM_XPERP-310328,BTC-USD_UM_XPERP-310328|4h|2026-07-06T16:00:00+00:00,MONITOR_BAR_CLOSED,60604.8,63520.0,4h,2026-07-06 16:00:00+00:00,33530.0
64013.9,67677.3,BTC-USD_UM_XPERP-310328,BTC-USD_UM_XPERP-310328|4h|2026-07-06T20:00:00+00:00,MONITOR_BAR_CLOSED,63576.8,63681.3,4h,2026-07-06 20:00:00+00:00,14659.0
63163.3,64276.3,BTC-USD_UM_XPERP-310328,BTC-USD_UM_XPERP-310328|4h|2026-07-07T00:00:00+00:00,MONITOR_BAR_CLOSED,63125.2,64034.7,4h,2026-07-07 00:00:00+00:00,26744.0
63054.0,66361.4,BTC-USD_UM_XPERP-310328,BTC-USD_UM_XPERP-310328|4h|2026-07-07T04:00:00+00:00,MONITOR_BAR_CLOSED,59602.0,63157.6,4h,2026-07-07 04:00:00+00:00,14179.0
63363.2,63430.0,BTC-USD_UM_XPERP-310328,BTC-USD_UM_XPERP-310328|4h|2026-07-07T08:00:00+00:00,MONITOR_BAR_CLOSED,62980.7,63074.0,4h,2026-07-07 08:00:00+00:00,11172.0
63900.0,64067.7,BTC-USD_UM_XPERP-310328,BTC-USD_UM_XPERP-310328|4h|2026-07-07T12:00:00+00:00,MONITOR_BAR_CLOSED,59397.4,63376.2,4h,2026-07-07 12:00:00+00:00,67978.0
63780.6,64224.2,BTC-USD_UM_XPERP-310328,BTC-USD_UM_XPERP-310328|4h|2026-07-07T16:00:00+00:00,MONITOR_BAR_CLOSED,63376.2,63913.6,4h,2026-07-07 16:00:00+00:00,45644.0
63300.0,63867.1,BTC-USD_UM_XPERP-310328,BTC-USD_UM_XPERP-310328|4h|2026-07-07T20:00:00+00:00,MONITOR_BAR_CLOSED,60014.5,63807.3,4h,2026-07-07 20:00:00+00:00,13926.0
62738.6,63700.0,BTC-USD_UM_XPERP-310328,BTC-USD_UM_XPERP-310328|4h|2026-07-08T00:00:00+00:00,MONITOR_BAR_CLOSED,62524.0,63374.0,4h,2026-07-08 00:00:00+00:00,34304.0
62852.0,62871.1,BTC-USD_UM_XPERP-310328,BTC-USD_UM_XPERP-310328|4h|2026-07-08T04:00:00+00:00,MONITOR_BAR_CLOSED,62450.0,62716.2,4h,2026-07-08 04:00:00+00:00,24176.0
62253.9,62902.6,BTC-USD_UM_XPERP-310328,BTC-USD_UM_XPERP-310328|4h|2026-07-08T08:00:00+00:00,MONITOR_BAR_CLOSED,61721.0,62827.6,4h,2026-07-08 08:00:00+00:00,39662.0
61682.6,65464.0,BTC-USD_UM_XPERP-310328,BTC-USD_UM_XPERP-310328|4h|2026-07-08T12:00:00+00:00,MONITOR_BAR_CLOSED,58783.7,62235.9,4h,2026-07-08 12:00:00+00:00,53107.0
62215.0,62358.8,BTC-USD_UM_XPERP-310328,BTC-USD_UM_XPERP-310328|4h|2026-07-08T16:00:00+00:00,MONITOR_BAR_CLOSED,61662.6,61684.9,4h,2026-07-08 16:00:00+00:00,31941.0
62266.5,65500.0,BTC-USD_UM_XPERP-310328,BTC-USD_UM_XPERP-310328|4h|2026-07-08T20:00:00+00:00,MONITOR_BAR_CLOSED,58941.6,62182.0,4h,2026-07-08 20:00:00+00:00,12080.0
61960.5,62600.0,BTC-USD_UM_XPERP-310328,BTC-USD_UM_XPERP-310328|4h|2026-07-09T00:00:00+00:00,MONITOR_BAR_CLOSED,61666.9,62256.4,4h,2026-07-09 00:00:00+00:00,35888.0
62960.7,65700.0,BTC-USD_UM_XPERP-310328,BTC-USD_UM_XPERP-310328|4h|2026-07-09T04:00:00+00:00,MONITOR_BAR_CLOSED,58665.4,61900.0,4h,2026-07-09 04:00:00+00:00,29664.0
62754.0,63205.0,BTC-USD_UM_XPERP-310328,BTC-USD_UM_XPERP-310328|4h|2026-07-09T08:00:00+00:00,MONITOR_BAR_CLOSED,62600.0,62978.2,4h,2026-07-09 08:00:00+00:00,17775.0
62845.8,63211.7,BTC-USD_UM_XPERP-310328,BTC-USD_UM_XPERP-310328|4h|2026-07-09T12:00:00+00:00,MONITOR_BAR_CLOSED,62439.1,62736.1,4h,2026-07-09 12:00:00+00:00,57001.0
63232.6,63454.7,BTC-USD_UM_XPERP-310328,BTC-USD_UM_XPERP-310328|4h|2026-07-09T16:00:00+00:00,MONITOR_BAR_CLOSED,62538.5,62839.4,4h,2026-07-09 16:00:00+00:00,30354.0
63205.0,63380.1,BTC-USD_UM_XPERP-310328,BTC-USD_UM_XPERP-310328|4h|2026-07-09T20:00:00+00:00,MONITOR_BAR_CLOSED,59882.1,63230.4,4h,2026-07-09 20:00:00+00:00,9984.0
63884.8,64017.0,BTC-USD_UM_XPERP-310328,BTC-USD_UM_XPERP-310328|4h|2026-07-10T00:00:00+00:00,MONITOR_BAR_CLOSED,62925.1,63196.9,4h,2026-07-10 00:00:00+00:00,24147.0
63979.9,64195.0,BTC-USD_UM_XPERP-310328,BTC-USD_UM_XPERP-310328|4h|2026-07-10T04:00:00+00:00,MONITOR_BAR_CLOSED,63000.5,63937.5,4h,2026-07-10 04:00:00+00:00,10130.0
64370.5,65140.0,BTC-USD_UM_XPERP-310328,BTC-USD_UM_XPERP-310328|4h|2026-07-10T08:00:00+00:00,MONITOR_BAR_CLOSED,63959.9,63959.9,4h,2026-07-10 08:00:00+00:00,13467.0
63982.2,64674.5,BTC-USD_UM_XPERP-310328,BTC-USD_UM_XPERP-310328|4h|2026-07-10T12:00:00+00:00,MONITOR_BAR_CLOSED,60214.5,64395.7,4h,2026-07-10 12:00:00+00:00,49790.0
63921.4,67494.3,BTC-USD_UM_XPERP-310328,BTC-USD_UM_XPERP-310328|4h|2026-07-10T16:00:00+00:00,MONITOR_BAR_CLOSED,63726.0,63982.4,4h,2026-07-10 16:00:00+00:00,15410.0
64137.4,67178.5,BTC-USD_UM_XPERP-310328,BTC-USD_UM_XPERP-310328|4h|2026-07-10T20:00:00+00:00,MONITOR_BAR_CLOSED,63650.3,63912.4,4h,2026-07-10 20:00:00+00:00,4788.0
64130.1,64250.6,BTC-USD_UM_XPERP-310328,BTC-USD_UM_XPERP-310328|4h|2026-07-11T00:00:00+00:00,MONITOR_BAR_CLOSED,60821.4,64137.9,4h,2026-07-11 00:00:00+00:00,5600.0
64121.0,64240.0,BTC-USD_UM_XPERP-310328,BTC-USD_UM_XPERP-310328|4h|2026-07-11T04:00:00+00:00,MONITOR_BAR_CLOSED,64054.1,64117.0,4h,2026-07-11 04:00:00+00:00,2011.0
64161.2,67606.6,BTC-USD_UM_XPERP-310328,BTC-USD_UM_XPERP-310328|4h|2026-07-11T08:00:00+00:00,MONITOR_BAR_CLOSED,60839.2,64132.3,4h,2026-07-11 08:00:00+00:00,1323.0
64137.4,64465.0,BTC-USD_UM_XPERP-310328,BTC-USD_UM_XPERP-310328|4h|2026-07-11T12:00:00+00:00,MONITOR_BAR_CLOSED,63950.0,64158.4,4h,2026-07-11 12:00:00+00:00,7203.0
64267.0,64377.2,BTC-USD_UM_XPERP-310328,BTC-USD_UM_XPERP-310328|4h|2026-07-11T16:00:00+00:00,MONITOR_BAR_CLOSED,64064.5,64150.5,4h,2026-07-11 16:00:00+00:00,8396.0
63788.7,64412.2,BTC-USD_UM_XPERP-310328,BTC-USD_UM_XPERP-310328|4h|2026-07-11T20:00:00+00:00,MONITOR_BAR_CLOSED,63788.3,64285.0,4h,2026-07-11 20:00:00+00:00,9912.0
64150.2,64190.7,BTC-USD_UM_XPERP-310328,BTC-USD_UM_XPERP-310328|4h|2026-07-12T00:00:00+00:00,MONITOR_BAR_CLOSED,63686.3,63833.4,4h,2026-07-12 00:00:00+00:00,10696.0
63835.0,64200.0,BTC-USD_UM_XPERP-310328,BTC-USD_UM_XPERP-310328|4h|2026-07-12T04:00:00+00:00,MONITOR_BAR_CLOSED,63638.6,64195.0,4h,2026-07-12 04:00:00+00:00,4020.0
63988.0,64063.1,BTC-USD_UM_XPERP-310328,BTC-USD_UM_XPERP-310328|4h|2026-07-12T08:00:00+00:00,MONITOR_BAR_CLOSED,63746.0,63877.9,4h,2026-07-12 08:00:00+00:00,4591.0
64150.0,67480.0,BTC-USD_UM_XPERP-310328,BTC-USD_UM_XPERP-310328|4h|2026-07-12T12:00:00+00:00,MONITOR_BAR_CLOSED,63914.8,63960.1,4h,2026-07-12 12:00:00+00:00,6334.0
64229.2,64234.6,BTC-USD_UM_XPERP-310328,BTC-USD_UM_XPERP-310328|4h|2026-07-12T16:00:00+00:00,MONITOR_BAR_CLOSED,63995.9,64155.6,4h,2026-07-12 16:00:00+00:00,2345.0
63773.8,67547.1,BTC-USD_UM_XPERP-310328,BTC-USD_UM_XPERP-310328|4h|2026-07-12T20:00:00+00:00,MONITOR_BAR_CLOSED,63650.0,64212.0,4h,2026-07-12 20:00:00+00:00,11249.0
62779.3,67615.0,BTC-USD_UM_XPERP-310328,BTC-USD_UM_XPERP-310328|4h|2026-07-13T00:00:00+00:00,MONITOR_BAR_CLOSED,62717.4,63745.2,4h,2026-07-13 00:00:00+00:00,57044.0
63019.5,63019.5,BTC-USD_UM_XPERP-310328,BTC-USD_UM_XPERP-310328|4h|2026-07-13T04:00:00+00:00,MONITOR_BAR_CLOSED,62506.2,62756.9,4h,2026-07-13 04:00:00+00:00,20144.0
62874.8,66422.5,BTC-USD_UM_XPERP-310328,BTC-USD_UM_XPERP-310328|4h|2026-07-13T08:00:00+00:00,MONITOR_BAR_CLOSED,62833.9,62969.2,4h,2026-07-13 08:00:00+00:00,8728.0
62561.9,65836.2,BTC-USD_UM_XPERP-310328,BTC-USD_UM_XPERP-310328|4h|2026-07-13T12:00:00+00:00,MONITOR_BAR_CLOSED,58415.4,62877.0,4h,2026-07-13 12:00:00+00:00,42014.0
62262.2,63029.6,BTC-USD_UM_XPERP-310328,BTC-USD_UM_XPERP-310328|4h|2026-07-13T16:00:00+00:00,MONITOR_BAR_CLOSED,59065.5,62586.8,4h,2026-07-13 16:00:00+00:00,23954.0
62308.0,62308.0,BTC-USD_UM_XPERP-310328,BTC-USD_UM_XPERP-310328|4h|2026-07-13T20:00:00+00:00,MONITOR_BAR_CLOSED,61861.2,62262.6,4h,2026-07-13 20:00:00+00:00,11627.0
62548.7,62696.2,BTC-USD_UM_XPERP-310328,BTC-USD_UM_XPERP-310328|4h|2026-07-14T00:00:00+00:00,MONITOR_BAR_CLOSED,62259.2,62336.4,4h,2026-07-14 00:00:00+00:00,23852.0
62527.1,62840.2,BTC-USD_UM_XPERP-310328,BTC-USD_UM_XPERP-310328|4h|2026-07-14T04:00:00+00:00,MONITOR_BAR_CLOSED,62481.5,62546.7,4h,2026-07-14 04:00:00+00:00,13665.0
62818.7,63029.6,BTC-USD_UM_XPERP-310328,BTC-USD_UM_XPERP-310328|4h|2026-07-14T08:00:00+00:00,MONITOR_BAR_CLOSED,62486.1,62521.4,4h,2026-07-14 08:00:00+00:00,9942.0
64711.0,66901.2,BTC-USD_UM_XPERP-310328,BTC-USD_UM_XPERP-310328|4h|2026-07-14T12:00:00+00:00,MONITOR_BAR_CLOSED,60571.2,62809.0,4h,2026-07-14 12:00:00+00:00,61214.0
64536.0,64870.0,BTC-USD_UM_XPERP-310328,BTC-USD_UM_XPERP-310328|4h|2026-07-14T16:00:00+00:00,MONITOR_BAR_CLOSED,64379.2,64737.2,4h,2026-07-14 16:00:00+00:00,19431.0
64971.9,65061.0,BTC-USD_UM_XPERP-310328,BTC-USD_UM_XPERP-310328|4h|2026-07-14T20:00:00+00:00,MONITOR_BAR_CLOSED,64400.0,64559.7,4h,2026-07-14 20:00:00+00:00,12259.0
64780.2,65050.0,BTC-USD_UM_XPERP-310328,BTC-USD_UM_XPERP-310328|4h|2026-07-15T00:00:00+00:00,MONITOR_BAR_CLOSED,64460.0,65003.5,4h,2026-07-15 00:00:00+00:00,9953.0
64520.9,65227.9,BTC-USD_UM_XPERP-310328,BTC-USD_UM_XPERP-310328|4h|2026-07-15T04:00:00+00:00,MONITOR_BAR_CLOSED,64375.0,64766.8,4h,2026-07-15 04:00:00+00:00,14174.0
64700.0,65140.0,BTC-USD_UM_XPERP-310328,BTC-USD_UM_XPERP-310328|4h|2026-07-15T08:00:00+00:00,MONITOR_BAR_CLOSED,61205.5,64554.9,4h,2026-07-15 08:00:00+00:00,7958.0
65391.8,65543.8,BTC-USD_UM_XPERP-310328,BTC-USD_UM_XPERP-310328|4h|2026-07-15T12:00:00+00:00,MONITOR_BAR_CLOSED,64586.6,64700.1,4h,2026-07-15 12:00:00+00:00,52699.0
64933.4,68506.2,BTC-USD_UM_XPERP-310328,BTC-USD_UM_XPERP-310328|4h|2026-07-15T16:00:00+00:00,MONITOR_BAR_CLOSED,61697.2,65391.8,4h,2026-07-15 16:00:00+00:00,20526.0
64730.1,65025.3,BTC-USD_UM_XPERP-310328,BTC-USD_UM_XPERP-310328|4h|2026-07-15T20:00:00+00:00,MONITOR_BAR_CLOSED,64684.9,64915.0,4h,2026-07-15 20:00:00+00:00,6140.0
64589.8,64809.9,BTC-USD_UM_XPERP-310328,BTC-USD_UM_XPERP-310328|4h|2026-07-16T00:00:00+00:00,MONITOR_BAR_CLOSED,64471.4,64766.3,4h,2026-07-16 00:00:00+00:00,9724.0
64218.1,64956.9,BTC-USD_UM_XPERP-310328,BTC-USD_UM_XPERP-310328|4h|2026-07-16T04:00:00+00:00,MONITOR_BAR_CLOSED,64070.1,64600.0,4h,2026-07-16 04:00:00+00:00,12252.0
64227.6,67371.9,BTC-USD_UM_XPERP-310328,BTC-USD_UM_XPERP-310328|4h|2026-07-16T08:00:00+00:00,MONITOR_BAR_CLOSED,63872.8,64202.8,4h,2026-07-16 08:00:00+00:00,13284.0
64698.0,67544.9,BTC-USD_UM_XPERP-310328,BTC-USD_UM_XPERP-310328|4h|2026-07-16T12:00:00+00:00,MONITOR_BAR_CLOSED,63620.5,64208.9,4h,2026-07-16 12:00:00+00:00,40789.0
64251.5,64670.5,BTC-USD_UM_XPERP-310328,BTC-USD_UM_XPERP-310328|4h|2026-07-16T16:00:00+00:00,MONITOR_BAR_CLOSED,63971.2,64670.5,4h,2026-07-16 16:00:00+00:00,20134.0
63801.3,64249.0,BTC-USD_UM_XPERP-310328,BTC-USD_UM_XPERP-310328|4h|2026-07-16T20:00:00+00:00,MONITOR_BAR_CLOSED,60902.5,64244.0,4h,2026-07-16 20:00:00+00:00,8306.0
63550.1,64022.1,BTC-USD_UM_XPERP-310328,BTC-USD_UM_XPERP-310328|4h|2026-07-17T00:00:00+00:00,MONITOR_BAR_CLOSED,63362.8,63806.0,4h,2026-07-17 00:00:00+00:00,29790.0
62792.3,63540.0,BTC-USD_UM_XPERP-310328,BTC-USD_UM_XPERP-310328|4h|2026-07-17T04:00:00+00:00,MONITOR_BAR_CLOSED,60156.9,63500.0,4h,2026-07-17 04:00:00+00:00,19858.0
63261.1,63321.2,BTC-USD_UM_XPERP-310328,BTC-USD_UM_XPERP-310328|4h|2026-07-17T08:00:00+00:00,MONITOR_BAR_CLOSED,59999.3,62792.9,4h,2026-07-17 08:00:00+00:00,10360.0
63407.0,66307.6,BTC-USD_UM_XPERP-310328,BTC-USD_UM_XPERP-310328|4h|2026-07-17T12:00:00+00:00,MONITOR_BAR_CLOSED,62524.8,63264.5,4h,2026-07-17 12:00:00+00:00,46443.0
64135.9,67362.1,BTC-USD_UM_XPERP-310328,BTC-USD_UM_XPERP-310328|4h|2026-07-17T16:00:00+00:00,MONITOR_BAR_CLOSED,63295.0,63403.6,4h,2026-07-17 16:00:00+00:00,33526.0
63912.6,64196.2,BTC-USD_UM_XPERP-310328,BTC-USD_UM_XPERP-310328|4h|2026-07-17T20:00:00+00:00,MONITOR_BAR_CLOSED,60653.8,64105.0,4h,2026-07-17 20:00:00+00:00,4758.0
63970.0,63983.4,BTC-USD_UM_XPERP-310328,BTC-USD_UM_XPERP-310328|4h|2026-07-18T00:00:00+00:00,MONITOR_BAR_CLOSED,63866.8,63906.1,4h,2026-07-18 00:00:00+00:00,2141.0
63987.6,63990.8,BTC-USD_UM_XPERP-310328,BTC-USD_UM_XPERP-310328|4h|2026-07-18T04:00:00+00:00,MONITOR_BAR_CLOSED,63900.7,63974.2,4h,2026-07-18 04:00:00+00:00,1008.0
64034.1,64065.0,BTC-USD_UM_XPERP-310328,BTC-USD_UM_XPERP-310328|4h|2026-07-18T08:00:00+00:00,MONITOR_BAR_CLOSED,63916.0,63990.8,4h,2026-07-18 08:00:00+00:00,592.0
64086.4,67255.0,BTC-USD_UM_XPERP-310328,BTC-USD_UM_XPERP-310328|4h|2026-07-18T12:00:00+00:00,MONITOR_BAR_CLOSED,63250.0,64047.9,4h,2026-07-18 12:00:00+00:00,4307.0
64535.8,66850.0,BTC-USD_UM_XPERP-310328,BTC-USD_UM_XPERP-310328|4h|2026-07-18T16:00:00+00:00,MONITOR_BAR_CLOSED,64058.6,64078.2,4h,2026-07-18 16:00:00+00:00,5678.0
64795.1,64832.8,BTC-USD_UM_XPERP-310328,BTC-USD_UM_XPERP-310328|4h|2026-07-18T20:00:00+00:00,MONITOR_BAR_CLOSED,64486.4,64539.5,4h,2026-07-18 20:00:00+00:00,6385.0
64683.4,68110.0,BTC-USD_UM_XPERP-310328,BTC-USD_UM_XPERP-310328|4h|2026-07-19T00:00:00+00:00,MONITOR_BAR_CLOSED,61060.1,64802.6,4h,2026-07-19 00:00:00+00:00,3185.0
64693.0,64780.0,BTC-USD_UM_XPERP-310328,BTC-USD_UM_XPERP-310328|4h|2026-07-19T04:00:00+00:00,MONITOR_BAR_CLOSED,64595.2,64678.8,4h,2026-07-19 04:00:00+00:00,1723.0
64428.1,64707.1,BTC-USD_UM_XPERP-310328,BTC-USD_UM_XPERP-310328|4h|2026-07-19T08:00:00+00:00,MONITOR_BAR_CLOSED,61151.9,64666.0,4h,2026-07-19 08:00:00+00:00,4426.0
64525.7,64607.5,BTC-USD_UM_XPERP-310328,BTC-USD_UM_XPERP-310328|4h|2026-07-19T12:00:00+00:00,MONITOR_BAR_CLOSED,64270.5,64443.3,4h,2026-07-19 12:00:00+00:00,5710.0
64429.8,67650.1,BTC-USD_UM_XPERP-310328,BTC-USD_UM_XPERP-310328|4h|2026-07-19T16:00:00+00:00,MONITOR_BAR_CLOSED,61139.7,64540.7,4h,2026-07-19 16:00:00+00:00,7850.0
64700.0,67943.8,BTC-USD_UM_XPERP-310328,BTC-USD_UM_XPERP-310328|4h|2026-07-19T20:00:00+00:00,MONITOR_BAR_CLOSED,61069.7,64436.6,4h,2026-07-19 20:00:00+00:00,16062.0
64784.5,68553.6,BTC-USD_UM_XPERP-310328,BTC-USD_UM_XPERP-310328|4h|2026-07-20T00:00:00+00:00,MONITOR_BAR_CLOSED,61535.4,64700.2,4h,2026-07-20 00:00:00+00:00,40515.0
64217.9,68720.7,BTC-USD_UM_XPERP-310328,BTC-USD_UM_XPERP-310328|4h|2026-07-20T04:00:00+00:00,MONITOR_BAR_CLOSED,60720.2,64825.0,4h,2026-07-20 04:00:00+00:00,29469.0
64978.4,67255.0,BTC-USD_UM_XPERP-310328,BTC-USD_UM_XPERP-310328|4h|2026-07-20T08:00:00+00:00,MONITOR_BAR_CLOSED,60774.3,64285.0,4h,2026-07-20 08:00:00+00:00,16109.0
65576.4,67991.1,BTC-USD_UM_XPERP-310328,BTC-USD_UM_XPERP-310328|4h|2026-07-20T12:00:00+00:00,MONITOR_BAR_CLOSED,63511.0,64973.5,4h,2026-07-20 12:00:00+00:00,48481.0
65096.5,68802.0,BTC-USD_UM_XPERP-310328,BTC-USD_UM_XPERP-310328|4h|2026-07-20T16:00:00+00:00,MONITOR_BAR_CLOSED,62117.4,65590.0,4h,2026-07-20 16:00:00+00:00,24169.0
65215.0,68400.0,BTC-USD_UM_XPERP-310328,BTC-USD_UM_XPERP-310328|4h|2026-07-20T20:00:00+00:00,MONITOR_BAR_CLOSED,61797.5,65138.8,4h,2026-07-20 20:00:00+00:00,6084.0
65548.6,66000.0,BTC-USD_UM_XPERP-310328,BTC-USD_UM_XPERP-310328|4h|2026-07-21T00:00:00+00:00,MONITOR_BAR_CLOSED,64533.3,65272.1,4h,2026-07-21 00:00:00+00:00,18190.0
66165.8,66873.0,BTC-USD_UM_XPERP-310328,BTC-USD_UM_XPERP-310328|4h|2026-07-21T04:00:00+00:00,MONITOR_BAR_CLOSED,61860.7,65534.8,4h,2026-07-21 04:00:00+00:00,17261.0
66287.9,69513.6,BTC-USD_UM_XPERP-310328,BTC-USD_UM_XPERP-310328|4h|2026-07-21T08:00:00+00:00,MONITOR_BAR_CLOSED,64850.0,66163.3,4h,2026-07-21 08:00:00+00:00,9331.0
66664.2,67600.0,BTC-USD_UM_XPERP-310328,BTC-USD_UM_XPERP-310328|4h|2026-07-21T12:00:00+00:00,MONITOR_BAR_CLOSED,62977.0,66287.9,4h,2026-07-21 12:00:00+00:00,25308.0
66417.5,67000.0,BTC-USD_UM_XPERP-310328,BTC-USD_UM_XPERP-310328|4h|2026-07-21T16:00:00+00:00,MONITOR_BAR_CLOSED,65116.7,66633.3,4h,2026-07-21 16:00:00+00:00,13804.0
66515.0,67000.0,BTC-USD_UM_XPERP-310328,BTC-USD_UM_XPERP-310328|4h|2026-07-21T20:00:00+00:00,MONITOR_BAR_CLOSED,62977.8,66413.3,4h,2026-07-21 20:00:00+00:00,6294.0
66187.7,69977.2,BTC-USD_UM_XPERP-310328,BTC-USD_UM_XPERP-310328|4h|2026-07-22T00:00:00+00:00,MONITOR_BAR_CLOSED,62789.4,66514.7,4h,2026-07-22 00:00:00+00:00,10997.0
65806.6,66372.1,BTC-USD_UM_XPERP-310328,BTC-USD_UM_XPERP-310328|4h|2026-07-22T04:00:00+00:00,MONITOR_BAR_CLOSED,65505.6,66180.1,4h,2026-07-22 04:00:00+00:00,3854.0
65996.9,69515.8,BTC-USD_UM_XPERP-310328,BTC-USD_UM_XPERP-310328|4h|2026-07-22T08:00:00+00:00,MONITOR_BAR_CLOSED,62312.4,65820.3,4h,2026-07-22 08:00:00+00:00,4682.0
66011.8,70000.0,BTC-USD_UM_XPERP-310328,BTC-USD_UM_XPERP-310328|4h|2026-07-22T12:00:00+00:00,MONITOR_BAR_CLOSED,63450.0,65990.6,4h,2026-07-22 12:00:00+00:00,216.0
65950.0,66891.2,BTC-USD_UM_XPERP-310328,BTC-USD_UM_XPERP-310328|4h|2026-07-22T16:00:00+00:00,MONITOR_BAR_CLOSED,62401.2,65998.2,4h,2026-07-22 16:00:00+00:00,0.0
66100.0,66891.2,BTC-USD_UM_XPERP-310328,BTC-USD_UM_XPERP-310328|4h|2026-07-22T20:00:00+00:00,MONITOR_BAR_CLOSED,63800.0,65905.0,4h,2026-07-22 20:00:00+00:00,7.0
65625.7,68885.7,BTC-USD_UM_XPERP-310328,BTC-USD_UM_XPERP-310328|4h|2026-07-23T00:00:00+00:00,MONITOR_BAR_CLOSED,64000.0,66049.6,4h,2026-07-23 00:00:00+00:00,372.0
65416.3,69141.6,BTC-USD_UM_XPERP-310328,BTC-USD_UM_XPERP-310328|4h|2026-07-23T04:00:00+00:00,MONITOR_BAR_CLOSED,64000.0,65625.3,4h,2026-07-23 04:00:00+00:00,8039.0
65514.0,69124.4,BTC-USD_UM_XPERP-310328,BTC-USD_UM_XPERP-310328|4h|2026-07-23T08:00:00+00:00,MONITOR_BAR_CLOSED,63750.0,65408.4,4h,2026-07-23 08:00:00+00:00,6921.0
64926.2,68706.7,BTC-USD_UM_XPERP-310328,BTC-USD_UM_XPERP-310328|4h|2026-07-23T12:00:00+00:00,MONITOR_BAR_CLOSED,61786.8,65500.0,4h,2026-07-23 12:00:00+00:00,35607.0
64833.5,66600.0,BTC-USD_UM_XPERP-310328,BTC-USD_UM_XPERP-310328|4h|2026-07-23T16:00:00+00:00,MONITOR_BAR_CLOSED,62500.0,64926.3,4h,2026-07-23 16:00:00+00:00,13213.0
65026.7,67075.0,BTC-USD_UM_XPERP-310328,BTC-USD_UM_XPERP-310328|4h|2026-07-23T20:00:00+00:00,MONITOR_BAR_CLOSED,63683.0,64818.9,4h,2026-07-23 20:00:00+00:00,5209.0
65418.5,67300.0,BTC-USD_UM_XPERP-310328,BTC-USD_UM_XPERP-310328|4h|2026-07-24T00:00:00+00:00,MONITOR_BAR_CLOSED,64221.2,65071.0,4h,2026-07-24 00:00:00+00:00,16027.0
65470.5,66873.0,BTC-USD_UM_XPERP-310328,BTC-USD_UM_XPERP-310328|4h|2026-07-24T04:00:00+00:00,MONITOR_BAR_CLOSED,64221.2,65418.5,4h,2026-07-24 04:00:00+00:00,9582.0
65051.6,66535.0,BTC-USD_UM_XPERP-310328,BTC-USD_UM_XPERP-310328|4h|2026-07-24T08:00:00+00:00,MONITOR_BAR_CLOSED,64484.3,65471.1,4h,2026-07-24 08:00:00+00:00,11460.0
64059.6,68250.0,BTC-USD_UM_XPERP-310328,BTC-USD_UM_XPERP-310328|4h|2026-07-24T12:00:00+00:00,MONITOR_BAR_CLOSED,61054.3,65025.6,4h,2026-07-24 12:00:00+00:00,42676.0
64195.0,67345.0,BTC-USD_UM_XPERP-310328,BTC-USD_UM_XPERP-310328|4h|2026-07-24T16:00:00+00:00,MONITOR_BAR_CLOSED,60949.3,64062.2,4h,2026-07-24 16:00:00+00:00,11781.0
64123.0,66250.0,BTC-USD_UM_XPERP-310328,BTC-USD_UM_XPERP-310328|4h|2026-07-24T20:00:00+00:00,MONITOR_BAR_CLOSED,63100.0,64196.3,4h,2026-07-24 20:00:00+00:00,2366.0
64052.4,66000.0,BTC-USD_UM_XPERP-310328,BTC-USD_UM_XPERP-310328|4h|2026-07-25T00:00:00+00:00,MONITOR_BAR_CLOSED,62084.3,64119.6,4h,2026-07-25 00:00:00+00:00,1497.0
63998.6,67473.6,BTC-USD_UM_XPERP-310328,BTC-USD_UM_XPERP-310328|4h|2026-07-25T04:00:00+00:00,MONITOR_BAR_CLOSED,62080.0,64044.9,4h,2026-07-25 04:00:00+00:00,817.0
64025.1,67165.0,BTC-USD_UM_XPERP-310328,BTC-USD_UM_XPERP-310328|4h|2026-07-25T08:00:00+00:00,MONITOR_BAR_CLOSED,60599.6,63982.5,4h,2026-07-25 08:00:00+00:00,2010.0
64152.5,67393.3,BTC-USD_UM_XPERP-310328,BTC-USD_UM_XPERP-310328|4h|2026-07-25T12:00:00+00:00,MONITOR_BAR_CLOSED,60846.9,64034.8,4h,2026-07-25 12:00:00+00:00,1361.0
64363.0,67436.2,BTC-USD_UM_XPERP-310328,BTC-USD_UM_XPERP-310328|4h|2026-07-25T16:00:00+00:00,MONITOR_BAR_CLOSED,60988.4,64163.3,4h,2026-07-25 16:00:00+00:00,2105.0
64349.6,66655.4,BTC-USD_UM_XPERP-310328,BTC-USD_UM_XPERP-310328|4h|2026-07-25T20:00:00+00:00,MONITOR_BAR_CLOSED,62485.0,64368.1,4h,2026-07-25 20:00:00+00:00,685.0
64494.0,67838.4,BTC-USD_UM_XPERP-310328,BTC-USD_UM_XPERP-310328|4h|2026-07-26T00:00:00+00:00,MONITOR_BAR_CLOSED,62000.0,64344.7,4h,2026-07-26 00:00:00+00:00,2877.0
64335.4,67500.0,BTC-USD_UM_XPERP-310328,BTC-USD_UM_XPERP-310328|4h|2026-07-26T04:00:00+00:00,MONITOR_BAR_CLOSED,61225.0,64514.2,4h,2026-07-26 04:00:00+00:00,1270.0
64474.0,64600.0,BTC-USD_UM_XPERP-310328,BTC-USD_UM_XPERP-310328|4h|2026-07-26T08:00:00+00:00,MONITOR_BAR_CLOSED,64324.1,64346.3,4h,2026-07-26 08:00:00+00:00,1020.0
64744.0,65900.0,BTC-USD_UM_XPERP-310328,BTC-USD_UM_XPERP-310328|4h|2026-07-26T12:00:00+00:00,MONITOR_BAR_CLOSED,63000.0,64465.0,4h,2026-07-26 12:00:00+00:00,5521.0
64670.1,67891.1,BTC-USD_UM_XPERP-310328,BTC-USD_UM_XPERP-310328|4h|2026-07-26T16:00:00+00:00,MONITOR_BAR_CLOSED,63800.0,64706.7,4h,2026-07-26 16:00:00+00:00,2968.0
65366.4,68680.4,BTC-USD_UM_XPERP-310328,BTC-USD_UM_XPERP-310328|4h|2026-07-26T20:00:00+00:00,MONITOR_BAR_CLOSED,63500.0,64672.6,4h,2026-07-26 20:00:00+00:00,10973.0
65258.3,66572.1,BTC-USD_UM_XPERP-310328,BTC-USD_UM_XPERP-310328|4h|2026-07-27T00:00:00+00:00,MONITOR_BAR_CLOSED,60676.9,65402.9,4h,2026-07-27 00:00:00+00:00,13720.0
65195.5,66572.1,BTC-USD_UM_XPERP-310328,BTC-USD_UM_XPERP-310328|4h|2026-07-27T04:00:00+00:00,MONITOR_BAR_CLOSED,63500.0,65256.1,4h,2026-07-27 04:00:00+00:00,9452.0
65081.8,66572.1,BTC-USD_UM_XPERP-310328,BTC-USD_UM_XPERP-310328|4h|2026-07-27T08:00:00+00:00,MONITOR_BAR_CLOSED,64150.0,65216.1,4h,2026-07-27 08:00:00+00:00,4837.0
64520.9,67000.0,BTC-USD_UM_XPERP-310328,BTC-USD_UM_XPERP-310328|4h|2026-07-27T12:00:00+00:00,MONITOR_BAR_CLOSED,63500.0,65081.7,4h,2026-07-27 12:00:00+00:00,52351.0
64933.0,66067.7,BTC-USD_UM_XPERP-310328,BTC-USD_UM_XPERP-310328|4h|2026-07-27T16:00:00+00:00,MONITOR_BAR_CLOSED,61357.4,64520.1,4h,2026-07-27 16:00:00+00:00,16476.0
63727.6,67966.1,BTC-USD_UM_XPERP-310328,BTC-USD_UM_XPERP-310328|4h|2026-07-27T20:00:00+00:00,MONITOR_BAR_CLOSED,61525.8,64940.3,4h,2026-07-27 20:00:00+00:00,18463.0
63292.7,65378.1,BTC-USD_UM_XPERP-310328,BTC-USD_UM_XPERP-310328|4h|2026-07-28T00:00:00+00:00,MONITOR_BAR_CLOSED,62000.0,63727.3,4h,2026-07-28 00:00:00+00:00,26729.0
63472.1,65378.1,BTC-USD_UM_XPERP-310328,BTC-USD_UM_XPERP-310328|4h|2026-07-28T04:00:00+00:00,MONITOR_BAR_CLOSED,62500.0,63250.0,4h,2026-07-28 04:00:00+00:00,5818.0
63480.0,64850.0,BTC-USD_UM_XPERP-310328,BTC-USD_UM_XPERP-310328|4h|2026-07-28T08:00:00+00:00,MONITOR_BAR_CLOSED,60059.3,63439.3,4h,2026-07-28 08:00:00+00:00,7330.0
63894.3,66729.4,BTC-USD_UM_XPERP-310328,BTC-USD_UM_XPERP-310328|4h|2026-07-28T12:00:00+00:00,MONITOR_BAR_CLOSED,60657.4,63484.5,4h,2026-07-28 12:00:00+00:00,45740.0
63839.8,67567.1,BTC-USD_UM_XPERP-310328,BTC-USD_UM_XPERP-310328|4h|2026-07-28T16:00:00+00:00,MONITOR_BAR_CLOSED,59755.1,63894.6,4h,2026-07-28 16:00:00+00:00,18657.0
63912.7,67338.4,BTC-USD_UM_XPERP-310328,BTC-USD_UM_XPERP-310328|4h|2026-07-28T20:00:00+00:00,MONITOR_BAR_CLOSED,63000.0,63880.0,4h,2026-07-28 20:00:00+00:00,11817.0
63703.8,65000.0,BTC-USD_UM_XPERP-310328,BTC-USD_UM_XPERP-310328|4h|2026-07-29T00:00:00+00:00,MONITOR_BAR_CLOSED,62890.0,63925.0,4h,2026-07-29 00:00:00+00:00,35794.0
64530.0,67703.9,BTC-USD_UM_XPERP-310328,BTC-USD_UM_XPERP-310328|4h|2026-07-29T04:00:00+00:00,MONITOR_BAR_CLOSED,63145.9,63721.9,4h,2026-07-29 04:00:00+00:00,13537.0
64468.0,65266.4,BTC-USD_UM_XPERP-310328,BTC-USD_UM_XPERP-310328|4h|2026-07-29T08:00:00+00:00,MONITOR_BAR_CLOSED,61172.2,64534.8,4h,2026-07-29 08:00:00+00:00,6627.0
63945.1,65051.4,BTC-USD_UM_XPERP-310328,BTC-USD_UM_XPERP-310328|4h|2026-07-29T12:00:00+00:00,MONITOR_BAR_CLOSED,63433.0,64487.9,4h,2026-07-29 12:00:00+00:00,40386.0
63552.1,67828.3,BTC-USD_UM_XPERP-310328,BTC-USD_UM_XPERP-310328|4h|2026-07-29T16:00:00+00:00,MONITOR_BAR_CLOSED,60727.9,63944.7,4h,2026-07-29 16:00:00+00:00,56595.0
63950.0,64243.3,BTC-USD_UM_XPERP-310328,BTC-USD_UM_XPERP-310328|4h|2026-07-29T20:00:00+00:00,MONITOR_BAR_CLOSED,60549.0,63568.9,4h,2026-07-29 20:00:00+00:00,23808.0
64135.3,64803.3,BTC-USD_UM_XPERP-310328,BTC-USD_UM_XPERP-310328|4h|2026-07-30T00:00:00+00:00,MONITOR_BAR_CLOSED,62818.2,63956.1,4h,2026-07-30 00:00:00+00:00,19709.0
63991.8,64510.8,BTC-USD_UM_XPERP-310328,BTC-USD_UM_XPERP-310328|4h|2026-07-30T04:00:00+00:00,MONITOR_BAR_CLOSED,60620.0,64154.3,4h,2026-07-30 04:00:00+00:00,14227.0
64750.1,65000.0,BTC-USD_UM_XPERP-310328,BTC-USD_UM_XPERP-310328|4h|2026-07-30T08:00:00+00:00,MONITOR_BAR_CLOSED,60966.4,63980.6,4h,2026-07-30 08:00:00+00:00,10138.0
64708.4,65500.0,BTC-USD_UM_XPERP-310328,BTC-USD_UM_XPERP-310328|4h|2026-07-30T12:00:00+00:00,MONITOR_BAR_CLOSED,61551.7,64750.1,4h,2026-07-30 12:00:00+00:00,27153.0
64782.7,65500.0,BTC-USD_UM_XPERP-310328,BTC-USD_UM_XPERP-310328|4h|2026-07-30T16:00:00+00:00,MONITOR_BAR_CLOSED,61800.0,64704.1,4h,2026-07-30 16:00:00+00:00,6356.0
64753.5,68417.2,BTC-USD_UM_XPERP-310328,BTC-USD_UM_XPERP-310328|4h|2026-07-30T20:00:00+00:00,MONITOR_BAR_CLOSED,61501.0,64771.3,4h,2026-07-30 20:00:00+00:00,6916.0
64353.4,65730.1,BTC-USD_UM_XPERP-310328,BTC-USD_UM_XPERP-310328|4h|2026-07-31T00:00:00+00:00,MONITOR_BAR_CLOSED,61140.0,64766.1,4h,2026-07-31 00:00:00+00:00,26671.0
63920.2,67219.7,BTC-USD_UM_XPERP-310328,BTC-USD_UM_XPERP-310328|4h|2026-07-31T04:00:00+00:00,MONITOR_BAR_CLOSED,63094.2,64340.1,4h,2026-07-31 04:00:00+00:00,9527.0
63770.3,65000.0,BTC-USD_UM_XPERP-310328,BTC-USD_UM_XPERP-310328|4h|2026-07-31T08:00:00+00:00,MONITOR_BAR_CLOSED,63581.9,63911.2,4h,2026-07-31 08:00:00+00:00,6244.0
62700.0,63875.0,BTC-USD_UM_XPERP-310328,BTC-USD_UM_XPERP-310328|4h|2026-07-31T12:00:00+00:00,MONITOR_BAR_CLOSED,62425.0,63769.2,4h,2026-07-31 12:00:00+00:00,50478.0
62935.0,63265.0,BTC-USD_UM_XPERP-310328,BTC-USD_UM_XPERP-310328|4h|2026-07-31T16:00:00+00:00,MONITOR_BAR_CLOSED,62680.7,62680.7,4h,2026-07-31 16:00:00+00:00,11578.0
62850.0,63019.0,BTC-USD_UM_XPERP-310328,BTC-USD_UM_XPERP-310328|4h|2026-07-31T20:00:00+00:00,MONITOR_BAR_CLOSED,62750.0,62937.9,4h,2026-07-31 20:00:00+00:00,4033.0
62976.4,63073.8,BTC-USD_UM_XPERP-310328,BTC-USD_UM_XPERP-310328|4h|2026-08-01T00:00:00+00:00,MONITOR_BAR_CLOSED,62850.0,62875.0,4h,2026-08-01 00:00:00+00:00,1189.0
63025.2,63108.3,BTC-USD_UM_XPERP-310328,BTC-USD_UM_XPERP-310328|4h|2026-08-01T04:00:00+00:00,MONITOR_BAR_CLOSED,62965.4,62977.1,4h,2026-08-01 04:00:00+00:00,754.0
63048.3,63125.4,BTC-USD_UM_XPERP-310328,BTC-USD_UM_XPERP-310328|4h|2026-08-01T08:00:00+00:00,MONITOR_BAR_CLOSED,62957.0,63050.0,4h,2026-08-01 08:00:00+00:00,1289.0
62975.0,63098.7,BTC-USD_UM_XPERP-310328,BTC-USD_UM_XPERP-310328|4h|2026-08-01T12:00:00+00:00,MONITOR_BAR_CLOSED,62975.0,63070.0,4h,2026-08-01 12:00:00+00:00,494.0
62497.1,63000.0,BTC-USD_UM_XPERP-310328,BTC-USD_UM_XPERP-310328|4h|2026-08-01T16:00:00+00:00,MONITOR_BAR_CLOSED,62256.4,62978.8,4h,2026-08-01 16:00:00+00:00,13409.0
62780.1,62829.7,BTC-USD_UM_XPERP-310328,BTC-USD_UM_XPERP-310328|4h|2026-08-01T20:00:00+00:00,MONITOR_BAR_CLOSED,62464.5,62496.5,4h,2026-08-01 20:00:00+00:00,3139.0
63423.8,63522.6,BTC-USD_UM_XPERP-310328,BTC-USD_UM_XPERP-310328|4h|2026-08-02T00:00:00+00:00,MONITOR_BAR_CLOSED,62785.0,62825.0,4h,2026-08-02 00:00:00+00:00,12158.0
63458.2,63588.8,BTC-USD_UM_XPERP-310328,BTC-USD_UM_XPERP-310328|4h|2026-08-02T04:00:00+00:00,MONITOR_BAR_CLOSED,63391.3,63450.0,4h,2026-08-02 04:00:00+00:00,1378.0
62985.5,63480.8,BTC-USD_UM_XPERP-310328,BTC-USD_UM_XPERP-310328|4h|2026-08-02T08:00:00+00:00,MONITOR_BAR_CLOSED,62957.6,63474.0,4h,2026-08-02 08:00:00+00:00,3083.0
63077.9,63800.0,BTC-USD_UM_XPERP-310328,BTC-USD_UM_XPERP-310328|4h|2026-08-02T12:00:00+00:00,MONITOR_BAR_CLOSED,62950.0,62998.3,4h,2026-08-02 12:00:00+00:00,2407.0
63429.2,63570.9,BTC-USD_UM_XPERP-310328,BTC-USD_UM_XPERP-310328|4h|2026-08-02T16:00:00+00:00,MONITOR_BAR_CLOSED,62600.1,63075.0,4h,2026-08-02 16:00:00+00:00,3705.0
63544.9,63747.9,BTC-USD_UM_XPERP-310328,BTC-USD_UM_XPERP-310328|4h|2026-08-02T20:00:00+00:00,MONITOR_BAR_CLOSED,63275.0,63428.5,4h,2026-08-02 20:00:00+00:00,6233.0
62846.3,63549.9,BTC-USD_UM_XPERP-310328,BTC-USD_UM_XPERP-310328|4h|2026-08-03T00:00:00+00:00,MONITOR_BAR_CLOSED,59726.9,63545.1,4h,2026-08-03 00:00:00+00:00,8915.0
62575.0,65900.0,BTC-USD_UM_XPERP-310328,BTC-USD_UM_XPERP-310328|4h|2026-08-03T04:00:00+00:00,MONITOR_BAR_CLOSED,62545.5,62846.3,4h,2026-08-03 04:00:00+00:00,6637.0
62524.4,62850.0,BTC-USD_UM_XPERP-310328,BTC-USD_UM_XPERP-310328|4h|2026-08-03T08:00:00+00:00,MONITOR_BAR_CLOSED,62272.7,62593.3,4h,2026-08-03 08:00:00+00:00,6270.0
63650.0,63966.7,BTC-USD_UM_XPERP-310328,BTC-USD_UM_XPERP-310328|4h|2026-08-03T12:00:00+00:00,MONITOR_BAR_CLOSED,61875.0,62517.1,4h,2026-08-03 12:00:00+00:00,55010.0
63833.4,64025.0,BTC-USD_UM_XPERP-310328,BTC-USD_UM_XPERP-310328|4h|2026-08-03T16:00:00+00:00,MONITOR_BAR_CLOSED,63630.1,63641.8,4h,2026-08-03 16:00:00+00:00,12007.0
63500.0,66300.0,BTC-USD_UM_XPERP-310328,BTC-USD_UM_XPERP-310328|4h|2026-08-03T20:00:00+00:00,MONITOR_BAR_CLOSED,63350.0,63830.1,4h,2026-08-03 20:00:00+00:00,5957.0
63768.4,63913.5,BTC-USD_UM_XPERP-310328,BTC-USD_UM_XPERP-310328|4h|2026-08-04T00:00:00+00:00,MONITOR_BAR_CLOSED,63301.1,63482.9,4h,2026-08-04 00:00:00+00:00,16764.0
63675.0,64201.2,BTC-USD_UM_XPERP-310328,BTC-USD_UM_XPERP-310328|4h|2026-08-04T04:00:00+00:00,MONITOR_BAR_CLOSED,63488.2,63764.3,4h,2026-08-04 04:00:00+00:00,9862.0
63898.4,63928.4,BTC-USD_UM_XPERP-310328,BTC-USD_UM_XPERP-310328|4h|2026-08-04T08:00:00+00:00,MONITOR_BAR_CLOSED,63442.6,63679.0,4h,2026-08-04 08:00:00+00:00,6942.0
64092.0,64275.0,BTC-USD_UM_XPERP-310328,BTC-USD_UM_XPERP-310328|4h|2026-08-04T12:00:00+00:00,MONITOR_BAR_CLOSED,61125.0,63880.0,4h,2026-08-04 12:00:00+00:00,17868.0
64251.7,64550.0,BTC-USD_UM_XPERP-310328,BTC-USD_UM_XPERP-310328|4h|2026-08-04T16:00:00+00:00,MONITOR_BAR_CLOSED,63700.0,64094.7,4h,2026-08-04 16:00:00+00:00,13408.0
64085.8,64516.1,BTC-USD_UM_XPERP-310328,BTC-USD_UM_XPERP-310328|4h|2026-08-04T20:00:00+00:00,MONITOR_BAR_CLOSED,63986.3,64250.0,4h,2026-08-04 20:00:00+00:00,9932.0
64159.6,64475.0,BTC-USD_UM_XPERP-310328,BTC-USD_UM_XPERP-310328|4h|2026-08-05T00:00:00+00:00,MONITOR_BAR_CLOSED,63925.0,64078.3,4h,2026-08-05 00:00:00+00:00,15924.0
64125.0,64500.0,BTC-USD_UM_XPERP-310328,BTC-USD_UM_XPERP-310328|4h|2026-08-05T04:00:00+00:00,MONITOR_BAR_CLOSED,63985.7,64162.4,4h,2026-08-05 04:00:00+00:00,4530.0
64041.5,64256.2,BTC-USD_UM_XPERP-310328,BTC-USD_UM_XPERP-310328|4h|2026-08-05T08:00:00+00:00,MONITOR_BAR_CLOSED,63996.7,64141.8,4h,2026-08-05 08:00:00+00:00,3004.0
64379.3,64696.3,BTC-USD_UM_XPERP-310328,BTC-USD_UM_XPERP-310328|4h|2026-08-05T12:00:00+00:00,MONITOR_BAR_CLOSED,63865.7,64048.0,4h,2026-08-05 12:00:00+00:00,39429.0
64825.0,64904.8,BTC-USD_UM_XPERP-310328,BTC-USD_UM_XPERP-310328|4h|2026-08-05T16:00:00+00:00,MONITOR_BAR_CLOSED,64333.3,64383.0,4h,2026-08-05 16:00:00+00:00,17644.0
64628.4,65100.0,BTC-USD_UM_XPERP-310328,BTC-USD_UM_XPERP-310328|4h|2026-08-05T20:00:00+00:00,MONITOR_BAR_CLOSED,64566.7,64832.5,4h,2026-08-05 20:00:00+00:00,5481.0
64508.9,64676.7,BTC-USD_UM_XPERP-310328,BTC-USD_UM_XPERP-310328|4h|2026-08-06T00:00:00+00:00,MONITOR_BAR_CLOSED,64437.7,64626.9,4h,2026-08-06 00:00:00+00:00,4199.0
64790.0,64963.0,BTC-USD_UM_XPERP-310328,BTC-USD_UM_XPERP-310328|4h|2026-08-06T04:00:00+00:00,MONITOR_BAR_CLOSED,64471.2,64480.6,4h,2026-08-06 04:00:00+00:00,5543.0
64599.3,68516.3,BTC-USD_UM_XPERP-310328,BTC-USD_UM_XPERP-310328|4h|2026-08-06T08:00:00+00:00,MONITOR_BAR_CLOSED,64478.4,64799.9,4h,2026-08-06 08:00:00+00:00,6029.0
64600.0,64950.0,BTC-USD_UM_XPERP-310328,BTC-USD_UM_XPERP-310328|4h|2026-08-06T12:00:00+00:00,MONITOR_BAR_CLOSED,64145.5,64598.1,4h,2026-08-06 12:00:00+00:00,27911.0
64414.5,64798.6,BTC-USD_UM_XPERP-310328,BTC-USD_UM_XPERP-310328|4h|2026-08-06T16:00:00+00:00,MONITOR_BAR_CLOSED,64332.9,64620.0,4h,2026-08-06 16:00:00+00:00,6387.0
64282.2,64501.2,BTC-USD_UM_XPERP-310328,BTC-USD_UM_XPERP-310328|4h|2026-08-06T20:00:00+00:00,MONITOR_BAR_CLOSED,63629.1,64450.0,4h,2026-08-06 20:00:00+00:00,2339.0
64268.6,64534.7,BTC-USD_UM_XPERP-310328,BTC-USD_UM_XPERP-310328|4h|2026-08-07T00:00:00+00:00,MONITOR_BAR_CLOSED,64210.4,64296.9,4h,2026-08-07 00:00:00+00:00,12154.0
64310.6,64437.7,BTC-USD_UM_XPERP-310328,BTC-USD_UM_XPERP-310328|4h|2026-08-07T04:00:00+00:00,MONITOR_BAR_CLOSED,62403.0,64264.4,4h,2026-08-07 04:00:00+00:00,2671.0
64993.8,65186.4,BTC-USD_UM_XPERP-310328,BTC-USD_UM_XPERP-310328|4h|2026-08-07T08:00:00+00:00,MONITOR_BAR_CLOSED,64276.7,64286.7,4h,2026-08-07 08:00:00+00:00,6593.0
64877.3,65348.7,BTC-USD_UM_XPERP-310328,BTC-USD_UM_XPERP-310328|4h|2026-08-07T12:00:00+00:00,MONITOR_BAR_CLOSED,64760.0,64997.9,4h,2026-08-07 12:00:00+00:00,28374.0
64948.8,65320.0,BTC-USD_UM_XPERP-310328,BTC-USD_UM_XPERP-310328|4h|2026-08-07T16:00:00+00:00,MONITOR_BAR_CLOSED,61657.7,64884.8,4h,2026-08-07 16:00:00+00:00,9678.0
64884.6,65038.5,BTC-USD_UM_XPERP-310328,BTC-USD_UM_XPERP-310328|4h|2026-08-07T20:00:00+00:00,MONITOR_BAR_CLOSED,64753.3,64936.6,4h,2026-08-07 20:00:00+00:00,962.0
64992.7,65040.0,BTC-USD_UM_XPERP-310328,BTC-USD_UM_XPERP-310328|4h|2026-08-08T00:00:00+00:00,MONITOR_BAR_CLOSED,64798.3,64875.7,4h,2026-08-08 00:00:00+00:00,2402.0
64924.2,65038.5,BTC-USD_UM_XPERP-310328,BTC-USD_UM_XPERP-310328|4h|2026-08-08T04:00:00+00:00,MONITOR_BAR_CLOSED,64915.2,64999.9,4h,2026-08-08 04:00:00+00:00,352.0
64928.0,65038.5,BTC-USD_UM_XPERP-310328,BTC-USD_UM_XPERP-310328|4h|2026-08-08T08:00:00+00:00,MONITOR_BAR_CLOSED,64928.0,64929.5,4h,2026-08-08 08:00:00+00:00,350.0
65065.8,65151.2,BTC-USD_UM_XPERP-310328,BTC-USD_UM_XPERP-310328|4h|2026-08-08T12:00:00+00:00,MONITOR_BAR_CLOSED,64884.6,64926.0,4h,2026-08-08 12:00:00+00:00,657.0
65053.5,65125.0,BTC-USD_UM_XPERP-310328,BTC-USD_UM_XPERP-310328|4h|2026-08-08T16:00:00+00:00,MONITOR_BAR_CLOSED,64989.0,65046.3,4h,2026-08-08 16:00:00+00:00,657.0
64939.0,65056.0,BTC-USD_UM_XPERP-310328,BTC-USD_UM_XPERP-310328|4h|2026-08-08T20:00:00+00:00,MONITOR_BAR_CLOSED,64904.1,65041.4,4h,2026-08-08 20:00:00+00:00,1259.0
64761.0,64970.0,BTC-USD_UM_XPERP-310328,BTC-USD_UM_XPERP-310328|4h|2026-08-09T00:00:00+00:00,MONITOR_BAR_CLOSED,64692.0,64928.8,4h,2026-08-09 00:00:00+00:00,1337.0
64789.8,64834.9,BTC-USD_UM_XPERP-310328,BTC-USD_UM_XPERP-310328|4h|2026-08-09T04:00:00+00:00,MONITOR_BAR_CLOSED,64743.3,64769.7,4h,2026-08-09 04:00:00+00:00,454.0
64913.1,64966.7,BTC-USD_UM_XPERP-310328,BTC-USD_UM_XPERP-310328|4h|2026-08-09T08:00:00+00:00,MONITOR_BAR_CLOSED,64753.3,64791.4,4h,2026-08-09 08:00:00+00:00,1133.0
65209.0,65275.2,BTC-USD_UM_XPERP-310328,BTC-USD_UM_XPERP-310328|4h|2026-08-09T12:00:00+00:00,MONITOR_BAR_CLOSED,64890.4,64917.0,4h,2026-08-09 12:00:00+00:00,2061.0
65176.6,65232.7,BTC-USD_UM_XPERP-310328,BTC-USD_UM_XPERP-310328|4h|2026-08-09T16:00:00+00:00,MONITOR_BAR_CLOSED,65151.0,65200.0,4h,2026-08-09 16:00:00+00:00,296.0
64874.8,65442.1,BTC-USD_UM_XPERP-310328,BTC-USD_UM_XPERP-310328|4h|2026-08-09T20:00:00+00:00,MONITOR_BAR_CLOSED,64819.0,65140.0,4h,2026-08-09 20:00:00+00:00,4087.0
64940.8,65346.1,BTC-USD_UM_XPERP-310328,BTC-USD_UM_XPERP-310328|4h|2026-08-10T00:00:00+00:00,MONITOR_BAR_CLOSED,64777.8,64882.4,4h,2026-08-10 00:00:00+00:00,21094.0
65177.0,65335.0,BTC-USD_UM_XPERP-310328,BTC-USD_UM_XPERP-310328|4h|2026-08-10T04:00:00+00:00,MONITOR_BAR_CLOSED,64912.0,64962.9,4h,2026-08-10 04:00:00+00:00,11549.0
65095.6,65298.0,BTC-USD_UM_XPERP-310328,BTC-USD_UM_XPERP-310328|4h|2026-08-10T08:00:00+00:00,MONITOR_BAR_CLOSED,64930.4,65230.0,4h,2026-08-10 08:00:00+00:00,6772.0
64240.0,65186.1,BTC-USD_UM_XPERP-310328,BTC-USD_UM_XPERP-310328|4h|2026-08-10T12:00:00+00:00,MONITOR_BAR_CLOSED,64191.8,65087.1,4h,2026-08-10 12:00:00+00:00,11707.0
64001.1,67539.8,BTC-USD_UM_XPERP-310328,BTC-USD_UM_XPERP-310328|4h|2026-08-10T16:00:00+00:00,MONITOR_BAR_CLOSED,61043.3,64277.0,4h,2026-08-10 16:00:00+00:00,10090.0
63955.5,64163.3,BTC-USD_UM_XPERP-310328,BTC-USD_UM_XPERP-310328|4h|2026-08-10T20:00:00+00:00,MONITOR_BAR_CLOSED,60720.0,64016.5,4h,2026-08-10 20:00:00+00:00,7049.0
64106.4,64154.4,BTC-USD_UM_XPERP-310328,BTC-USD_UM_XPERP-310328|4h|2026-08-11T00:00:00+00:00,MONITOR_BAR_CLOSED,63875.0,63947.6,4h,2026-08-11 00:00:00+00:00,7636.0
64034.8,64134.0,BTC-USD_UM_XPERP-310328,BTC-USD_UM_XPERP-310328|4h|2026-08-11T04:00:00+00:00,MONITOR_BAR_CLOSED,63865.7,64119.9,4h,2026-08-11 04:00:00+00:00,3233.0
64369.7,64375.0,BTC-USD_UM_XPERP-310328,BTC-USD_UM_XPERP-310328|4h|2026-08-11T08:00:00+00:00,MONITOR_BAR_CLOSED,63934.3,64060.0,4h,2026-08-11 08:00:00+00:00,2668.0
63591.8,68000.0,BTC-USD_UM_XPERP-310328,BTC-USD_UM_XPERP-310328|4h|2026-08-11T12:00:00+00:00,MONITOR_BAR_CLOSED,63194.2,64375.0,4h,2026-08-11 12:00:00+00:00,23399.0
63510.9,63909.1,BTC-USD_UM_XPERP-310328,BTC-USD_UM_XPERP-310328|4h|2026-08-11T16:00:00+00:00,MONITOR_BAR_CLOSED,60078.0,63530.7,4h,2026-08-11 16:00:00+00:00,8200.0
63573.3,63879.8,BTC-USD_UM_XPERP-310328,BTC-USD_UM_XPERP-310328|4h|2026-08-11T20:00:00+00:00,MONITOR_BAR_CLOSED,63511.1,63519.2,4h,2026-08-11 20:00:00+00:00,3275.0
63799.0,63875.0,BTC-USD_UM_XPERP-310328,BTC-USD_UM_XPERP-310328|4h|2026-08-12T00:00:00+00:00,MONITOR_BAR_CLOSED,63512.3,63565.0,4h,2026-08-12 00:00:00+00:00,3494.0
63802.2,63888.9,BTC-USD_UM_XPERP-310328,BTC-USD_UM_XPERP-310328|4h|2026-08-12T04:00:00+00:00,MONITOR_BAR_CLOSED,63580.5,63800.1,4h,2026-08-12 04:00:00+00:00,2267.0
64200.1,66943.4,BTC-USD_UM_XPERP-310328,BTC-USD_UM_XPERP-310328|4h|2026-08-12T08:00:00+00:00,MONITOR_BAR_CLOSED,61729.2,63762.7,4h,2026-08-12 08:00:00+00:00,5148.0
63408.6,67326.6,BTC-USD_UM_XPERP-310328,BTC-USD_UM_XPERP-310328|4h|2026-08-12T12:00:00+00:00,MONITOR_BAR_CLOSED,63280.4,64209.0,4h,2026-08-12 12:00:00+00:00,31135.0
63397.7,63550.0,BTC-USD_UM_XPERP-310328,BTC-USD_UM_XPERP-310328|4h|2026-08-12T16:00:00+00:00,MONITOR_BAR_CLOSED,63293.8,63412.7,4h,2026-08-12 16:00:00+00:00,8552.0
63430.0,63611.5,BTC-USD_UM_XPERP-310328,BTC-USD_UM_XPERP-310328|4h|2026-08-12T20:00:00+00:00,MONITOR_BAR_CLOSED,63348.3,63419.6,4h,2026-08-12 20:00:00+00:00,5760.0
63622.7,63673.3,BTC-USD_UM_XPERP-310328,BTC-USD_UM_XPERP-310328|4h|2026-08-13T00:00:00+00:00,MONITOR_BAR_CLOSED,63357.4,63461.6,4h,2026-08-13 00:00:00+00:00,4209.0
63833.9,67098.8,BTC-USD_UM_XPERP-310328,BTC-USD_UM_XPERP-310328|4h|2026-08-13T04:00:00+00:00,MONITOR_BAR_CLOSED,63567.3,63627.0,4h,2026-08-13 04:00:00+00:00,5674.0
63436.7,64136.4,BTC-USD_UM_XPERP-310328,BTC-USD_UM_XPERP-310328|4h|2026-08-13T08:00:00+00:00,MONITOR_BAR_CLOSED,63320.0,63835.2,4h,2026-08-13 08:00:00+00:00,4306.0
63416.9,64400.0,BTC-USD_UM_XPERP-310328,BTC-USD_UM_XPERP-310328|4h|2026-08-13T12:00:00+00:00,MONITOR_BAR_CLOSED,63416.9,63448.8,4h,2026-08-13 12:00:00+00:00,15635.0
63383.3,66555.6,BTC-USD_UM_XPERP-310328,BTC-USD_UM_XPERP-310328|4h|2026-08-13T16:00:00+00:00,MONITOR_BAR_CLOSED,60284.1,63400.0,4h,2026-08-13 16:00:00+00:00,13587.0
63430.0,66736.8,BTC-USD_UM_XPERP-310328,BTC-USD_UM_XPERP-310328|4h|2026-08-13T20:00:00+00:00,MONITOR_BAR_CLOSED,63347.5,63380.9,4h,2026-08-13 20:00:00+00:00,3104.0
63284.8,63591.7,BTC-USD_UM_XPERP-310328,BTC-USD_UM_XPERP-310328|4h|2026-08-14T00:00:00+00:00,MONITOR_BAR_CLOSED,63283.4,63475.0,4h,2026-08-14 00:00:00+00:00,9450.0
62888.3,63430.0,BTC-USD_UM_XPERP-310328,BTC-USD_UM_XPERP-310328|4h|2026-08-14T04:00:00+00:00,MONITOR_BAR_CLOSED,62888.3,63279.0,4h,2026-08-14 04:00:00+00:00,4492.0
62845.0,62935.0,BTC-USD_UM_XPERP-310328,BTC-USD_UM_XPERP-310328|4h|2026-08-14T08:00:00+00:00,MONITOR_BAR_CLOSED,62666.7,62890.4,4h,2026-08-14 08:00:00+00:00,5453.0
62995.1,63050.0,BTC-USD_UM_XPERP-310328,BTC-USD_UM_XPERP-310328|4h|2026-08-14T12:00:00+00:00,MONITOR_BAR_CLOSED,62296.0,62817.1,4h,2026-08-14 12:00:00+00:00,21513.0
62922.8,63215.0,BTC-USD_UM_XPERP-310328,BTC-USD_UM_XPERP-310328|4h|2026-08-14T16:00:00+00:00,MONITOR_BAR_CLOSED,62803.6,62980.0,4h,2026-08-14 16:00:00+00:00,7854.0
63010.0,63050.0,BTC-USD_UM_XPERP-310328,BTC-USD_UM_XPERP-310328|4h|2026-08-14T20:00:00+00:00,MONITOR_BAR_CLOSED,62769.2,62947.5,4h,2026-08-14 20:00:00+00:00,3143.0
63051.7,63160.0,BTC-USD_UM_XPERP-310328,BTC-USD_UM_XPERP-310328|4h|2026-08-15T00:00:00+00:00,MONITOR_BAR_CLOSED,62974.4,63010.4,4h,2026-08-15 00:00:00+00:00,4349.0
63046.7,63128.9,BTC-USD_UM_XPERP-310328,BTC-USD_UM_XPERP-310328|4h|2026-08-15T04:00:00+00:00,MONITOR_BAR_CLOSED,63009.4,63032.6,4h,2026-08-15 04:00:00+00:00,378.0
62989.3,63039.8,BTC-USD_UM_XPERP-310328,BTC-USD_UM_XPERP-310328|4h|2026-08-15T08:00:00+00:00,MONITOR_BAR_CLOSED,59612.9,63039.8,4h,2026-08-15 08:00:00+00:00,1006.0
63085.6,63133.3,BTC-USD_UM_XPERP-310328,BTC-USD_UM_XPERP-310328|4h|2026-08-15T12:00:00+00:00,MONITOR_BAR_CLOSED,62710.0,62990.8,4h,2026-08-15 12:00:00+00:00,516.0
63086.0,63092.7,BTC-USD_UM_XPERP-310328,BTC-USD_UM_XPERP-310328|4h|2026-08-15T16:00:00+00:00,MONITOR_BAR_CLOSED,63017.5,63065.0,4h,2026-08-15 16:00:00+00:00,329.0
63055.8,63142.0,BTC-USD_UM_XPERP-310328,BTC-USD_UM_XPERP-310328|4h|2026-08-15T20:00:00+00:00,MONITOR_BAR_CLOSED,62968.5,63088.1,4h,2026-08-15 20:00:00+00:00,375.0
63094.4,63120.0,BTC-USD_UM_XPERP-310328,BTC-USD_UM_XPERP-310328|4h|2026-08-16T00:00:00+00:00,MONITOR_BAR_CLOSED,62980.0,63057.6,4h,2026-08-16 00:00:00+00:00,614.0
63031.0,63118.0,BTC-USD_UM_XPERP-310328,BTC-USD_UM_XPERP-310328|4h|2026-08-16T04:00:00+00:00,MONITOR_BAR_CLOSED,63009.6,63099.0,4h,2026-08-16 04:00:00+00:00,373.0
62965.0,63030.6,BTC-USD_UM_XPERP-310328,BTC-USD_UM_XPERP-310328|4h|2026-08-16T08:00:00+00:00,MONITOR_BAR_CLOSED,62938.0,63030.5,4h,2026-08-16 08:00:00+00:00,149.0
63091.6,63105.8,BTC-USD_UM_XPERP-310328,BTC-USD_UM_XPERP-310328|4h|2026-08-16T12:00:00+00:00,MONITOR_BAR_CLOSED,62964.1,62999.9,4h,2026-08-16 12:00:00+00:00,320.0
63071.6,63347.5,BTC-USD_UM_XPERP-310328,BTC-USD_UM_XPERP-310328|4h|2026-08-16T16:00:00+00:00,MONITOR_BAR_CLOSED,63070.8,63111.0,4h,2026-08-16 16:00:00+00:00,2084.0
62864.3,63115.2,BTC-USD_UM_XPERP-310328,BTC-USD_UM_XPERP-310328|4h|2026-08-16T20:00:00+00:00,MONITOR_BAR_CLOSED,62658.2,63081.0,4h,2026-08-16 20:00:00+00:00,4519.0
63420.9,67096.3,BTC-USD_UM_XPERP-310328,BTC-USD_UM_XPERP-310328|4h|2026-08-17T00:00:00+00:00,MONITOR_BAR_CLOSED,62741.0,62879.7,4h,2026-08-17 00:00:00+00:00,9479.0
63500.0,63679.5,BTC-USD_UM_XPERP-310328,BTC-USD_UM_XPERP-310328|4h|2026-08-17T04:00:00+00:00,MONITOR_BAR_CLOSED,63407.5,63418.5,4h,2026-08-17 04:00:00+00:00,3214.0
63567.1,63747.0,BTC-USD_UM_XPERP-310328,BTC-USD_UM_XPERP-310328|4h|2026-08-17T08:00:00+00:00,MONITOR_BAR_CLOSED,63265.0,63522.3,4h,2026-08-17 08:00:00+00:00,3662.0
64167.3,66800.0,BTC-USD_UM_XPERP-310328,BTC-USD_UM_XPERP-310328|4h|2026-08-17T12:00:00+00:00,MONITOR_BAR_CLOSED,62961.1,63581.4,4h,2026-08-17 12:00:00+00:00,14488.0
64287.8,64850.0,BTC-USD_UM_XPERP-310328,BTC-USD_UM_XPERP-310328|4h|2026-08-17T16:00:00+00:00,MONITOR_BAR_CLOSED,62142.9,64178.8,4h,2026-08-17 16:00:00+00:00,12320.0
64515.6,67610.1,BTC-USD_UM_XPERP-310328,BTC-USD_UM_XPERP-310328|4h|2026-08-17T20:00:00+00:00,MONITOR_BAR_CLOSED,61133.3,64250.0,4h,2026-08-17 20:00:00+00:00,2231.0
64140.3,64566.7,BTC-USD_UM_XPERP-310328,BTC-USD_UM_XPERP-310328|4h|2026-08-18T00:00:00+00:00,MONITOR_BAR_CLOSED,64010.2,64520.2,4h,2026-08-18 00:00:00+00:00,5060.0
64172.4,64423.1,BTC-USD_UM_XPERP-310328,BTC-USD_UM_XPERP-310328|4h|2026-08-18T04:00:00+00:00,MONITOR_BAR_CLOSED,63980.0,64147.5,4h,2026-08-18 04:00:00+00:00,3777.0
64325.9,64375.0,BTC-USD_UM_XPERP-310328,BTC-USD_UM_XPERP-310328|4h|2026-08-18T08:00:00+00:00,MONITOR_BAR_CLOSED,64066.7,64156.9,4h,2026-08-18 08:00:00+00:00,2079.0
64814.6,67361.1,BTC-USD_UM_XPERP-310328,BTC-USD_UM_XPERP-310328|4h|2026-08-18T12:00:00+00:00,MONITOR_BAR_CLOSED,63980.0,64310.1,4h,2026-08-18 12:00:00+00:00,20661.0
64620.0,64861.8,BTC-USD_UM_XPERP-310328,BTC-USD_UM_XPERP-310328|4h|2026-08-18T16:00:00+00:00,MONITOR_BAR_CLOSED,64614.4,64853.3,4h,2026-08-18 16:00:00+00:00,4205.0
64706.7,64757.2,BTC-USD_UM_XPERP-310328,BTC-USD_UM_XPERP-310328|4h|2026-08-18T20:00:00+00:00,MONITOR_BAR_CLOSED,64543.1,64630.3,4h,2026-08-18 20:00:00+00:00,1580.0
64340.9,64712.9,BTC-USD_UM_XPERP-310328,BTC-USD_UM_XPERP-310328|4h|2026-08-19T00:00:00+00:00,MONITOR_BAR_CLOSED,64260.0,64712.8,4h,2026-08-19 00:00:00+00:00,2985.0
64285.0,64383.1,BTC-USD_UM_XPERP-310328,BTC-USD_UM_XPERP-310328|4h|2026-08-19T04:00:00+00:00,MONITOR_BAR_CLOSED,64142.9,64301.0,4h,2026-08-19 04:00:00+00:00,1612.0
64477.7,65800.0,BTC-USD_UM_XPERP-310328,BTC-USD_UM_XPERP-310328|4h|2026-08-19T08:00:00+00:00,MONITOR_BAR_CLOSED,64229.9,64265.7,4h,2026-08-19 08:00:00+00:00,2751.0
68521.9,69571.5,BTC-USD_UM_XPERP-310328,BTC-USD_UM_XPERP-310328|4h|2026-08-19T12:00:00+00:00,MONITOR_BAR_CLOSED,64180.4,64477.7,4h,2026-08-19 12:00:00+00:00,71186.0
68380.7,71825.1,BTC-USD_UM_XPERP-310328,BTC-USD_UM_XPERP-310328|4h|2026-08-19T16:00:00+00:00,MONITOR_BAR_CLOSED,64381.1,68545.0,4h,2026-08-19 16:00:00+00:00,59536.0
69311.4,73219.4,BTC-USD_UM_XPERP-310328,BTC-USD_UM_XPERP-310328|4h|2026-08-19T20:00:00+00:00,MONITOR_BAR_CLOSED,68366.1,68410.0,4h,2026-08-19 20:00:00+00:00,63457.0
69185.9,69857.1,BTC-USD_UM_XPERP-310328,BTC-USD_UM_XPERP-310328|4h|2026-08-20T00:00:00+00:00,MONITOR_BAR_CLOSED,68890.2,69308.5,4h,2026-08-20 00:00:00+00:00,50137.0
69778.8,71428.6,BTC-USD_UM_XPERP-310328,BTC-USD_UM_XPERP-310328|4h|2026-08-20T04:00:00+00:00,MONITOR_BAR_CLOSED,69150.5,69176.2,4h,2026-08-20 04:00:00+00:00,23157.0
71893.0,76043.1,BTC-USD_UM_XPERP-310328,BTC-USD_UM_XPERP-310328|4h|2026-08-20T08:00:00+00:00,MONITOR_BAR_CLOSED,67625.0,69785.7,4h,2026-08-20 08:00:00+00:00,63878.0
72443.8,72522.9,BTC-USD_UM_XPERP-310328,BTC-USD_UM_XPERP-310328|4h|2026-08-20T12:00:00+00:00,MONITOR_BAR_CLOSED,71186.7,71900.0,4h,2026-08-20 12:00:00+00:00,39894.0
72596.9,72925.2,BTC-USD_UM_XPERP-310328,BTC-USD_UM_XPERP-310328|4h|2026-08-20T16:00:00+00:00,MONITOR_BAR_CLOSED,70240.0,72443.7,4h,2026-08-20 16:00:00+00:00,46753.0
72998.1,73354.5,BTC-USD_UM_XPERP-310328,BTC-USD_UM_XPERP-310328|4h|2026-08-20T20:00:00+00:00,MONITOR_BAR_CLOSED,72142.9,72629.5,4h,2026-08-20 20:00:00+00:00,25309.0
74483.8,76318.2,BTC-USD_UM_XPERP-310328,BTC-USD_UM_XPERP-310328|4h|2026-08-21T00:00:00+00:00,MONITOR_BAR_CLOSED,73000.7,73033.9,4h,2026-08-21 00:00:00+00:00,79997.0
76224.3,76997.8,BTC-USD_UM_XPERP-310328,BTC-USD_UM_XPERP-310328|4h|2026-08-21T04:00:00+00:00,MONITOR_BAR_CLOSED,74488.1,74488.1,4h,2026-08-21 04:00:00+00:00,54919.0
76727.9,80508.4,BTC-USD_UM_XPERP-310328,BTC-USD_UM_XPERP-310328|4h|2026-08-21T08:00:00+00:00,MONITOR_BAR_CLOSED,76024.9,76280.0,4h,2026-08-21 08:00:00+00:00,91737.0
77170.8,79200.0,BTC-USD_UM_XPERP-310328,BTC-USD_UM_XPERP-310328|4h|2026-08-21T12:00:00+00:00,MONITOR_BAR_CLOSED,76120.0,76772.8,4h,2026-08-21 12:00:00+00:00,74432.0
76993.4,81255.5,BTC-USD_UM_XPERP-310328,BTC-USD_UM_XPERP-310328|4h|2026-08-21T16:00:00+00:00,MONITOR_BAR_CLOSED,74428.6,77220.8,4h,2026-08-21 16:00:00+00:00,39487.0
78325.1,79625.0,BTC-USD_UM_XPERP-310328,BTC-USD_UM_XPERP-310328|4h|2026-08-21T20:00:00+00:00,MONITOR_BAR_CLOSED,76861.5,76984.6,4h,2026-08-21 20:00:00+00:00,49575.0
78405.6,78817.8,BTC-USD_UM_XPERP-310328,BTC-USD_UM_XPERP-310328|4h|2026-08-22T00:00:00+00:00,MONITOR_BAR_CLOSED,77611.3,78324.9,4h,2026-08-22 00:00:00+00:00,41633.0
77271.2,78788.6,BTC-USD_UM_XPERP-310328,BTC-USD_UM_XPERP-310328|4h|2026-08-22T04:00:00+00:00,MONITOR_BAR_CLOSED,76538.7,78427.3,4h,2026-08-22 04:00:00+00:00,50966.0
77143.2,80685.7,BTC-USD_UM_XPERP-310328,BTC-USD_UM_XPERP-310328|4h|2026-08-22T08:00:00+00:00,MONITOR_BAR_CLOSED,76524.8,77282.4,4h,2026-08-22 08:00:00+00:00,36692.0
76991.2,77700.0,BTC-USD_UM_XPERP-310328,BTC-USD_UM_XPERP-310328|4h|2026-08-22T12:00:00+00:00,MONITOR_BAR_CLOSED,76886.1,77133.5,4h,2026-08-22 12:00:00+00:00,22176.0
77438.5,77560.8,BTC-USD_UM_XPERP-310328,BTC-USD_UM_XPERP-310328|4h|2026-08-22T16:00:00+00:00,MONITOR_BAR_CLOSED,73571.4,76990.9,4h,2026-08-22 16:00:00+00:00,10964.0
77119.0,80969.1,BTC-USD_UM_XPERP-310328,BTC-USD_UM_XPERP-310328|4h|2026-08-22T20:00:00+00:00,MONITOR_BAR_CLOSED,73267.6,77410.0,4h,2026-08-22 20:00:00+00:00,14745.0
76953.9,77700.0,BTC-USD_UM_XPERP-310328,BTC-USD_UM_XPERP-310328|4h|2026-08-23T00:00:00+00:00,MONITOR_BAR_CLOSED,76860.2,77136.2,4h,2026-08-23 00:00:00+00:00,13217.0
75988.9,77442.2,BTC-USD_UM_XPERP-310328,BTC-USD_UM_XPERP-310328|4h|2026-08-23T04:00:00+00:00,MONITOR_BAR_CLOSED,74720.0,76950.1,4h,2026-08-23 04:00:00+00:00,34076.0
77302.8,77375.0,BTC-USD_UM_XPERP-310328,BTC-USD_UM_XPERP-310328|4h|2026-08-23T08:00:00+00:00,MONITOR_BAR_CLOSED,73857.1,76020.7,4h,2026-08-23 08:00:00+00:00,18818.0
77123.6,78058.0,BTC-USD_UM_XPERP-310328,BTC-USD_UM_XPERP-310328|4h|2026-08-23T12:00:00+00:00,MONITOR_BAR_CLOSED,76793.1,77270.0,4h,2026-08-23 12:00:00+00:00,23093.0
77320.9,77660.0,BTC-USD_UM_XPERP-310328,BTC-USD_UM_XPERP-310328|4h|2026-08-23T16:00:00+00:00,MONITOR_BAR_CLOSED,76950.0,77137.7,4h,2026-08-23 16:00:00+00:00,13478.0
77708.1,78027.3,BTC-USD_UM_XPERP-310328,BTC-USD_UM_XPERP-310328|4h|2026-08-23T20:00:00+00:00,MONITOR_BAR_CLOSED,77180.0,77300.0,4h,2026-08-23 20:00:00+00:00,27939.0
76931.9,77776.2,BTC-USD_UM_XPERP-310328,BTC-USD_UM_XPERP-310328|4h|2026-08-24T00:00:00+00:00,MONITOR_BAR_CLOSED,76747.9,77720.3,4h,2026-08-24 00:00:00+00:00,38895.0
77288.3,77774.9,BTC-USD_UM_XPERP-310328,BTC-USD_UM_XPERP-310328|4h|2026-08-24T04:00:00+00:00,MONITOR_BAR_CLOSED,76698.5,76913.3,4h,2026-08-24 04:00:00+00:00,25139.0
78406.2,81464.7,BTC-USD_UM_XPERP-310328,BTC-USD_UM_XPERP-310328|4h|2026-08-24T08:00:00+00:00,MONITOR_BAR_CLOSED,76515.8,77322.7,4h,2026-08-24 08:00:00+00:00,24841.0
78989.6,82950.4,BTC-USD_UM_XPERP-310328,BTC-USD_UM_XPERP-310328|4h|2026-08-24T12:00:00+00:00,MONITOR_BAR_CLOSED,73573.0,78417.9,4h,2026-08-24 12:00:00+00:00,78980.0
78707.5,80800.0,BTC-USD_UM_XPERP-310328,BTC-USD_UM_XPERP-310328|4h|2026-08-24T16:00:00+00:00,MONITOR_BAR_CLOSED,78181.8,79000.0,4h,2026-08-24 16:00:00+00:00,49320.0
78954.7,82840.8,BTC-USD_UM_XPERP-310328,BTC-USD_UM_XPERP-310328|4h|2026-08-24T20:00:00+00:00,MONITOR_BAR_CLOSED,74909.7,78748.9,4h,2026-08-24 20:00:00+00:00,16016.0
80454.1,81224.5,BTC-USD_UM_XPERP-310328,BTC-USD_UM_XPERP-310328|4h|2026-08-25T00:00:00+00:00,MONITOR_BAR_CLOSED,78683.6,78948.6,4h,2026-08-25 00:00:00+00:00,48505.0
79724.9,80880.0,BTC-USD_UM_XPERP-310328,BTC-USD_UM_XPERP-310328|4h|2026-08-25T04:00:00+00:00,MONITOR_BAR_CLOSED,78760.2,80455.9,4h,2026-08-25 04:00:00+00:00,29991.0
79088.0,82127.7,BTC-USD_UM_XPERP-310328,BTC-USD_UM_XPERP-310328|4h|2026-08-25T08:00:00+00:00,MONITOR_BAR_CLOSED,75272.4,79703.4,4h,2026-08-25 08:00:00+00:00,28598.0
79462.0,79485.8,BTC-USD_UM_XPERP-310328,BTC-USD_UM_XPERP-310328|4h|2026-08-25T12:00:00+00:00,MONITOR_BAR_CLOSED,78087.8,79118.5,4h,2026-08-25 12:00:00+00:00,67758.0
78888.6,80888.9,BTC-USD_UM_XPERP-310328,BTC-USD_UM_XPERP-310328|4h|2026-08-25T16:00:00+00:00,MONITOR_BAR_CLOSED,78560.0,79443.4,4h,2026-08-25 16:00:00+00:00,25095.0
78476.9,82628.4,BTC-USD_UM_XPERP-310328,BTC-USD_UM_XPERP-310328|4h|2026-08-25T20:00:00+00:00,MONITOR_BAR_CLOSED,77850.5,78891.1,4h,2026-08-25 20:00:00+00:00,29806.0
79078.6,79285.7,BTC-USD_UM_XPERP-310328,BTC-USD_UM_XPERP-310328|4h|2026-08-26T00:00:00+00:00,MONITOR_BAR_CLOSED,78284.5,78521.7,4h,2026-08-26 00:00:00+00:00,29778.0
78886.0,79231.3,BTC-USD_UM_XPERP-310328,BTC-USD_UM_XPERP-310328|4h|2026-08-26T04:00:00+00:00,MONITOR_BAR_CLOSED,78602.4,79048.0,4h,2026-08-26 04:00:00+00:00,19235.0
78474.7,79072.1,BTC-USD_UM_XPERP-310328,BTC-USD_UM_XPERP-310328|4h|2026-08-26T08:00:00+00:00,MONITOR_BAR_CLOSED,78181.8,78876.0,4h,2026-08-26 08:00:00+00:00,24263.0
77939.3,81103.0,BTC-USD_UM_XPERP-310328,BTC-USD_UM_XPERP-310328|4h|2026-08-26T12:00:00+00:00,MONITOR_BAR_CLOSED,77607.7,78447.5,4h,2026-08-26 12:00:00+00:00,48343.0
78419.8,78605.3,BTC-USD_UM_XPERP-310328,BTC-USD_UM_XPERP-310328|4h|2026-08-26T16:00:00+00:00,MONITOR_BAR_CLOSED,77830.9,78003.1,4h,2026-08-26 16:00:00+00:00,20829.0
78973.0,80714.3,BTC-USD_UM_XPERP-310328,BTC-USD_UM_XPERP-310328|4h|2026-08-26T20:00:00+00:00,MONITOR_BAR_CLOSED,78160.2,78399.9,4h,2026-08-26 20:00:00+00:00,17475.0
78793.3,79200.0,BTC-USD_UM_XPERP-310328,BTC-USD_UM_XPERP-310328|4h|2026-08-27T00:00:00+00:00,MONITOR_BAR_CLOSED,78565.5,79040.0,4h,2026-08-27 00:00:00+00:00,18975.0
79059.2,81056.5,BTC-USD_UM_XPERP-310328,BTC-USD_UM_XPERP-310328|4h|2026-08-27T04:00:00+00:00,MONITOR_BAR_CLOSED,78575.1,78797.7,4h,2026-08-27 04:00:00+00:00,9566.0
79457.9,80458.1,BTC-USD_UM_XPERP-310328,BTC-USD_UM_XPERP-310328|4h|2026-08-27T08:00:00+00:00,MONITOR_BAR_CLOSED,75499.6,79061.5,4h,2026-08-27 08:00:00+00:00,33728.0
80285.0,84895.1,BTC-USD_UM_XPERP-310328,BTC-USD_UM_XPERP-310328|4h|2026-08-27T12:00:00+00:00,MONITOR_BAR_CLOSED,76076.6,79475.6,4h,2026-08-27 12:00:00+00:00,40157.0
79892.3,80775.8,BTC-USD_UM_XPERP-310328,BTC-USD_UM_XPERP-310328|4h|2026-08-27T16:00:00+00:00,MONITOR_BAR_CLOSED,79475.8,80300.0,4h,2026-08-27 16:00:00+00:00,26914.0
80209.8,80381.2,BTC-USD_UM_XPERP-310328,BTC-USD_UM_XPERP-310328|4h|2026-08-27T20:00:00+00:00,MONITOR_BAR_CLOSED,79841.7,79890.1,4h,2026-08-27 20:00:00+00:00,8530.0
79766.5,81313.1,BTC-USD_UM_XPERP-310328,BTC-USD_UM_XPERP-310328|4h|2026-08-28T00:00:00+00:00,MONITOR_BAR_CLOSED,79744.6,80221.7,4h,2026-08-28 00:00:00+00:00,33930.0
79627.1,82978.7,BTC-USD_UM_XPERP-310328,BTC-USD_UM_XPERP-310328|4h|2026-08-28T04:00:00+00:00,MONITOR_BAR_CLOSED,79534.9,79820.0,4h,2026-08-28 04:00:00+00:00,25722.0
79571.0,80888.0,BTC-USD_UM_XPERP-310328,BTC-USD_UM_XPERP-310328|4h|2026-08-28T08:00:00+00:00,MONITOR_BAR_CLOSED,78999.8,79675.0,4h,2026-08-28 08:00:00+00:00,25456.0
78300.0,80000.0,BTC-USD_UM_XPERP-310328,BTC-USD_UM_XPERP-310328|4h|2026-08-28T12:00:00+00:00,MONITOR_BAR_CLOSED,77885.6,79570.3,4h,2026-08-28 12:00:00+00:00,36360.0
77532.0,78950.8,BTC-USD_UM_XPERP-310328,BTC-USD_UM_XPERP-310328|4h|2026-08-28T16:00:00+00:00,MONITOR_BAR_CLOSED,76254.4,78316.6,4h,2026-08-28 16:00:00+00:00,39719.0
77812.9,77857.1,BTC-USD_UM_XPERP-310328,BTC-USD_UM_XPERP-310328|4h|2026-08-28T20:00:00+00:00,MONITOR_BAR_CLOSED,77266.2,77524.7,4h,2026-08-28 20:00:00+00:00,4503.0
77480.0,77911.0,BTC-USD_UM_XPERP-310328,BTC-USD_UM_XPERP-310328|4h|2026-08-29T00:00:00+00:00,MONITOR_BAR_CLOSED,77480.0,77785.1,4h,2026-08-29 00:00:00+00:00,4941.0
77584.0,77683.1,BTC-USD_UM_XPERP-310328,BTC-USD_UM_XPERP-310328|4h|2026-08-29T04:00:00+00:00,MONITOR_BAR_CLOSED,77350.1,77475.1,4h,2026-08-29 04:00:00+00:00,2812.0
77550.8,77717.6,BTC-USD_UM_XPERP-310328,BTC-USD_UM_XPERP-310328|4h|2026-08-29T08:00:00+00:00,MONITOR_BAR_CLOSED,77453.2,77582.4,4h,2026-08-29 08:00:00+00:00,1192.0
77803.3,79698.6,BTC-USD_UM_XPERP-310328,BTC-USD_UM_XPERP-310328|4h|2026-08-29T12:00:00+00:00,MONITOR_BAR_CLOSED,77500.0,77554.8,4h,2026-08-29 12:00:00+00:00,6005.0
78080.0,78300.0,BTC-USD_UM_XPERP-310328,BTC-USD_UM_XPERP-310328|4h|2026-08-29T16:00:00+00:00,MONITOR_BAR_CLOSED,76631.5,77821.6,4h,2026-08-29 16:00:00+00:00,4146.0
78202.4,78233.7,BTC-USD_UM_XPERP-310328,BTC-USD_UM_XPERP-310328|4h|2026-08-29T20:00:00+00:00,MONITOR_BAR_CLOSED,78023.1,78152.4,4h,2026-08-29 20:00:00+00:00,845.0
78104.4,78287.9,BTC-USD_UM_XPERP-310328,BTC-USD_UM_XPERP-310328|4h|2026-08-30T00:00:00+00:00,MONITOR_BAR_CLOSED,77954.5,78194.6,4h,2026-08-30 00:00:00+00:00,2073.0
78079.6,78275.9,BTC-USD_UM_XPERP-310328,BTC-USD_UM_XPERP-310328|4h|2026-08-30T04:00:00+00:00,MONITOR_BAR_CLOSED,77972.1,78104.4,4h,2026-08-30 04:00:00+00:00,3840.0
78134.5,78197.6,BTC-USD_UM_XPERP-310328,BTC-USD_UM_XPERP-310328|4h|2026-08-30T08:00:00+00:00,MONITOR_BAR_CLOSED,77938.0,78080.1,4h,2026-08-30 08:00:00+00:00,2500.0
78764.4,78933.3,BTC-USD_UM_XPERP-310328,BTC-USD_UM_XPERP-310328|4h|2026-08-30T12:00:00+00:00,MONITOR_BAR_CLOSED,74438.2,78144.6,4h,2026-08-30 12:00:00+00:00,10647.0
78811.9,79564.8,BTC-USD_UM_XPERP-310328,BTC-USD_UM_XPERP-310328|4h|2026-08-30T16:00:00+00:00,MONITOR_BAR_CLOSED,78692.4,78786.7,4h,2026-08-30 16:00:00+00:00,14820.0
77675.9,78900.0,BTC-USD_UM_XPERP-310328,BTC-USD_UM_XPERP-310328|4h|2026-08-30T20:00:00+00:00,MONITOR_BAR_CLOSED,76085.9,78841.4,4h,2026-08-30 20:00:00+00:00,27743.0
77716.9,78141.4,BTC-USD_UM_XPERP-310328,BTC-USD_UM_XPERP-310328|4h|2026-08-31T00:00:00+00:00,MONITOR_BAR_CLOSED,77358.5,77681.7,4h,2026-08-31 00:00:00+00:00,27746.0
78162.6,78778.3,BTC-USD_UM_XPERP-310328,BTC-USD_UM_XPERP-310328|4h|2026-08-31T04:00:00+00:00,MONITOR_BAR_CLOSED,77440.2,77701.8,4h,2026-08-31 04:00:00+00:00,14592.0
78285.4,80000.0,BTC-USD_UM_XPERP-310328,BTC-USD_UM_XPERP-310328|4h|2026-08-31T08:00:00+00:00,MONITOR_BAR_CLOSED,65727.3,78170.4,4h,2026-08-31 08:00:00+00:00,10624.0
78520.9,82449.4,BTC-USD_UM_XPERP-310328,BTC-USD_UM_XPERP-310328|4h|2026-08-31T12:00:00+00:00,MONITOR_BAR_CLOSED,74800.0,78285.4,4h,2026-08-31 12:00:00+00:00,49895.0
78903.5,79217.8,BTC-USD_UM_XPERP-310328,BTC-USD_UM_XPERP-310328|4h|2026-08-31T16:00:00+00:00,MONITOR_BAR_CLOSED,78335.0,78549.5,4h,2026-08-31 16:00:00+00:00,23053.0
78529.0,83035.1,BTC-USD_UM_XPERP-310328,BTC-USD_UM_XPERP-310328|4h|2026-08-31T20:00:00+00:00,MONITOR_BAR_CLOSED,78360.0,78872.7,4h,2026-08-31 20:00:00+00:00,6439.0
78655.2,78858.5,BTC-USD_UM_XPERP-310328,BTC-USD_UM_XPERP-310328|4h|2026-09-01T00:00:00+00:00,MONITOR_BAR_CLOSED,78165.9,78549.9,4h,2026-09-01 00:00:00+00:00,14230.0
78590.5,79886.0,BTC-USD_UM_XPERP-310328,BTC-USD_UM_XPERP-310328|4h|2026-09-01T04:00:00+00:00,MONITOR_BAR_CLOSED,78462.8,78673.1,4h,2026-09-01 04:00:00+00:00,7540.0
78060.3,78666.7,BTC-USD_UM_XPERP-310328,BTC-USD_UM_XPERP-310328|4h|2026-09-01T08:00:00+00:00,MONITOR_BAR_CLOSED,73846.2,78620.2,4h,2026-09-01 08:00:00+00:00,15381.0
77888.3,78384.9,BTC-USD_UM_XPERP-310328,BTC-USD_UM_XPERP-310328|4h|2026-09-01T12:00:00+00:00,MONITOR_BAR_CLOSED,77500.0,78054.4,4h,2026-09-01 12:00:00+00:00,43066.0
77270.8,79285.7,BTC-USD_UM_XPERP-310328,BTC-USD_UM_XPERP-310328|4h|2026-09-01T16:00:00+00:00,MONITOR_BAR_CLOSED,75952.4,77882.9,4h,2026-09-01 16:00:00+00:00,34569.0
77410.2,77566.9,BTC-USD_UM_XPERP-310328,BTC-USD_UM_XPERP-310328|4h|2026-09-01T20:00:00+00:00,MONITOR_BAR_CLOSED,76888.7,77294.1,4h,2026-09-01 20:00:00+00:00,11958.0
77530.0,77798.2,BTC-USD_UM_XPERP-310328,BTC-USD_UM_XPERP-310328|4h|2026-09-02T00:00:00+00:00,MONITOR_BAR_CLOSED,76714.7,77423.1,4h,2026-09-02 00:00:00+00:00,22387.0
77450.0,77727.4,BTC-USD_UM_XPERP-310328,BTC-USD_UM_XPERP-310328|4h|2026-09-02T04:00:00+00:00,MONITOR_BAR_CLOSED,77266.7,77530.5,4h,2026-09-02 04:00:00+00:00,6523.0
76800.0,77500.0,BTC-USD_UM_XPERP-310328,BTC-USD_UM_XPERP-310328|4h|2026-09-02T08:00:00+00:00,MONITOR_BAR_CLOSED,76240.2,77465.2,4h,2026-09-02 08:00:00+00:00,25502.0
77236.1,77443.0,BTC-USD_UM_XPERP-310328,BTC-USD_UM_XPERP-310328|4h|2026-09-02T12:00:00+00:00,MONITOR_BAR_CLOSED,76580.8,76743.7,4h,2026-09-02 12:00:00+00:00,37668.0
77303.1,77931.7,BTC-USD_UM_XPERP-310328,BTC-USD_UM_XPERP-310328|4h|2026-09-02T16:00:00+00:00,MONITOR_BAR_CLOSED,75762.6,77254.1,4h,2026-09-02 16:00:00+00:00,18800.0
77335.1,79830.0,BTC-USD_UM_XPERP-310328,BTC-USD_UM_XPERP-310328|4h|2026-09-02T20:00:00+00:00,MONITOR_BAR_CLOSED,76991.7,77307.2,4h,2026-09-02 20:00:00+00:00,7922.0
77704.5,77934.7,BTC-USD_UM_XPERP-310328,BTC-USD_UM_XPERP-310328|4h|2026-09-03T00:00:00+00:00,MONITOR_BAR_CLOSED,76428.6,77303.9,4h,2026-09-03 00:00:00+00:00,18549.0
77630.0,78181.8,BTC-USD_UM_XPERP-310328,BTC-USD_UM_XPERP-310328|4h|2026-09-03T04:00:00+00:00,MONITOR_BAR_CLOSED,77075.0,77668.5,4h,2026-09-03 04:00:00+00:00,13311.0
77928.4,78033.3,BTC-USD_UM_XPERP-310328,BTC-USD_UM_XPERP-310328|4h|2026-09-03T08:00:00+00:00,MONITOR_BAR_CLOSED,77443.2,77660.0,4h,2026-09-03 08:00:00+00:00,13466.0
81310.1,81338.0,BTC-USD_UM_XPERP-310328,BTC-USD_UM_XPERP-310328|4h|2026-09-03T12:00:00+00:00,MONITOR_BAR_CLOSED,77854.9,77894.7,4h,2026-09-03 12:00:00+00:00,51930.0
81705.7,81749.9,BTC-USD_UM_XPERP-310328,BTC-USD_UM_XPERP-310328|4h|2026-09-03T16:00:00+00:00,MONITOR_BAR_CLOSED,80602.3,81319.5,4h,2026-09-03 16:00:00+00:00,31591.0
81246.4,82205.9,BTC-USD_UM_XPERP-310328,BTC-USD_UM_XPERP-310328|4h|2026-09-03T20:00:00+00:00,MONITOR_BAR_CLOSED,79021.5,81735.8,4h,2026-09-03 20:00:00+00:00,21578.0
80866.7,81428.6,BTC-USD_UM_XPERP-310328,BTC-USD_UM_XPERP-310328|4h|2026-09-04T00:00:00+00:00,MONITOR_BAR_CLOSED,80641.7,81214.5,4h,2026-09-04 00:00:00+00:00,13178.0
80850.6,80850.6,BTC-USD_UM_XPERP-310328,BTC-USD_UM_XPERP-310328|4h|2026-09-04T04:00:00+00:00,MONITOR_BAR_CLOSED,80849.7,80850.1,4h,2026-09-04 04:00:00+00:00,0.0
81174.0,81357.2,BTC-USD_UM_XPERP-310328,BTC-USD_UM_XPERP-310328|4h|2026-09-04T08:00:00+00:00,MONITOR_BAR_CLOSED,80729.2,80850.6,4h,2026-09-04 08:00:00+00:00,1157.0
79458.1,84947.1,BTC-USD_UM_XPERP-310328,BTC-USD_UM_XPERP-310328|4h|2026-09-04T12:00:00+00:00,MONITOR_BAR_CLOSED,78629.3,81138.5,4h,2026-09-04 12:00:00+00:00,9.0
79760.0,79809.5,BTC-USD_UM_XPERP-310328,BTC-USD_UM_XPERP-310328|4h|2026-09-04T16:00:00+00:00,MONITOR_BAR_CLOSED,79000.0,79379.9,4h,2026-09-04 16:00:00+00:00,0.0
79590.9,79824.0,BTC-USD_UM_XPERP-310328,BTC-USD_UM_XPERP-310328|4h|2026-09-04T20:00:00+00:00,MONITOR_BAR_CLOSED,79409.6,79752.0,4h,2026-09-04 20:00:00+00:00,6.0
79543.3,79760.0,BTC-USD_UM_XPERP-310328,BTC-USD_UM_XPERP-310328|4h|2026-09-05T00:00:00+00:00,MONITOR_BAR_CLOSED,79450.0,79604.6,4h,2026-09-05 00:00:00+00:00,0.0
79671.9,79720.1,BTC-USD_UM_XPERP-310328,BTC-USD_UM_XPERP-310328|4h|2026-09-05T04:00:00+00:00,MONITOR_BAR_CLOSED,79415.0,79550.2,4h,2026-09-05 04:00:00+00:00,2.0
79587.2,79682.3,BTC-USD_UM_XPERP-310328,BTC-USD_UM_XPERP-310328|4h|2026-09-05T08:00:00+00:00,MONITOR_BAR_CLOSED,79480.0,79642.5,4h,2026-09-05 08:00:00+00:00,0.0
79761.8,79761.8,BTC-USD_UM_XPERP-310328,BTC-USD_UM_XPERP-310328|4h|2026-09-05T12:00:00+00:00,MONITOR_BAR_CLOSED,79340.0,79622.2,4h,2026-09-05 12:00:00+00:00,3.0
79694.9,80363.6,BTC-USD_UM_XPERP-310328,BTC-USD_UM_XPERP-310328|4h|2026-09-05T16:00:00+00:00,MONITOR_BAR_CLOSED,78633.3,79758.6,4h,2026-09-05 16:00:00+00:00,8.0
79794.3,79892.3,BTC-USD_UM_XPERP-310328,BTC-USD_UM_XPERP-310328|4h|2026-09-05T20:00:00+00:00,MONITOR_BAR_CLOSED,79660.4,79708.4,4h,2026-09-05 20:00:00+00:00,0.0
80005.2,80075.3,BTC-USD_UM_XPERP-310328,BTC-USD_UM_XPERP-310328|4h|2026-09-06T00:00:00+00:00,MONITOR_BAR_CLOSED,79820.0,79820.0,4h,2026-09-06 00:00:00+00:00,0.0
79756.5,80066.7,BTC-USD_UM_XPERP-310328,BTC-USD_UM_XPERP-310328|4h|2026-09-06T04:00:00+00:00,MONITOR_BAR_CLOSED,79580.0,80000.2,4h,2026-09-06 04:00:00+00:00,1.0
79872.8,80506.4,BTC-USD_UM_XPERP-310328,BTC-USD_UM_XPERP-310328|4h|2026-09-06T08:00:00+00:00,MONITOR_BAR_CLOSED,79733.3,79816.9,4h,2026-09-06 08:00:00+00:00,2.0
79678.3,80363.6,BTC-USD_UM_XPERP-310328,BTC-USD_UM_XPERP-310328|4h|2026-09-06T12:00:00+00:00,MONITOR_BAR_CLOSED,79365.0,79874.9,4h,2026-09-06 12:00:00+00:00,28.0
79760.0,79917.6,BTC-USD_UM_XPERP-310328,BTC-USD_UM_XPERP-310328|4h|2026-09-06T16:00:00+00:00,MONITOR_BAR_CLOSED,79555.0,79617.2,4h,2026-09-06 16:00:00+00:00,10.0
80312.4,80493.8,BTC-USD_UM_XPERP-310328,BTC-USD_UM_XPERP-310328|4h|2026-09-06T20:00:00+00:00,MONITOR_BAR_CLOSED,76313.5,79750.0,4h,2026-09-06 20:00:00+00:00,47.0
79580.0,80500.0,BTC-USD_UM_XPERP-310328,BTC-USD_UM_XPERP-310328|4h|2026-09-07T00:00:00+00:00,MONITOR_BAR_CLOSED,79206.4,80284.9,4h,2026-09-07 00:00:00+00:00,0.0
79352.1,79870.0,BTC-USD_UM_XPERP-310328,BTC-USD_UM_XPERP-310328|4h|2026-09-07T04:00:00+00:00,MONITOR_BAR_CLOSED,79001.7,79564.8,4h,2026-09-07 04:00:00+00:00,5.0
79331.9,79524.0,BTC-USD_UM_XPERP-310328,BTC-USD_UM_XPERP-310328|4h|2026-09-07T08:00:00+00:00,MONITOR_BAR_CLOSED,78775.5,79365.0,4h,2026-09-07 08:00:00+00:00,10.0
78776.2,83237.7,BTC-USD_UM_XPERP-310328,BTC-USD_UM_XPERP-310328|4h|2026-09-07T12:00:00+00:00,MONITOR_BAR_CLOSED,78098.3,79381.7,4h,2026-09-07 12:00:00+00:00,48.0
79341.0,81099.0,BTC-USD_UM_XPERP-310328,BTC-USD_UM_XPERP-310328|4h|2026-09-07T16:00:00+00:00,MONITOR_BAR_CLOSED,78273.0,78740.0,4h,2026-09-07 16:00:00+00:00,15.0
79085.7,80600.0,BTC-USD_UM_XPERP-310328,BTC-USD_UM_XPERP-310328|4h|2026-09-07T20:00:00+00:00,MONITOR_BAR_CLOSED,78745.8,79285.7,4h,2026-09-07 20:00:00+00:00,16.0
78885.3,79433.3,BTC-USD_UM_XPERP-310328,BTC-USD_UM_XPERP-310328|4h|2026-09-08T00:00:00+00:00,MONITOR_BAR_CLOSED,78250.0,79080.0,4h,2026-09-08 00:00:00+00:00,2.0
78440.0,78885.9,BTC-USD_UM_XPERP-310328,BTC-USD_UM_XPERP-310328|4h|2026-09-08T04:00:00+00:00,MONITOR_BAR_CLOSED,78167.7,78885.9,4h,2026-09-08 04:00:00+00:00,0.0
78408.2,82498.5,BTC-USD_UM_XPERP-310328,BTC-USD_UM_XPERP-310328|4h|2026-09-08T08:00:00+00:00,MONITOR_BAR_CLOSED,78260.0,78380.0,4h,2026-09-08 08:00:00+00:00,1941.0
78854.3,78873.3,BTC-USD_UM_XPERP-310328,BTC-USD_UM_XPERP-310328|4h|2026-09-08T12:00:00+00:00,MONITOR_BAR_CLOSED,77500.0,78398.7,4h,2026-09-08 12:00:00+00:00,32695.0
78347.5,80263.5,BTC-USD_UM_XPERP-310328,BTC-USD_UM_XPERP-310328|4h|2026-09-08T16:00:00+00:00,MONITOR_BAR_CLOSED,74549.4,78874.3,4h,2026-09-08 16:00:00+00:00,6236.0
78415.9,78600.8,BTC-USD_UM_XPERP-310328,BTC-USD_UM_XPERP-310328|4h|2026-09-08T20:00:00+00:00,MONITOR_BAR_CLOSED,78240.0,78360.0,4h,2026-09-08 20:00:00+00:00,1259.0
78635.0,78886.2,BTC-USD_UM_XPERP-310328,BTC-USD_UM_XPERP-310328|4h|2026-09-09T00:00:00+00:00,MONITOR_BAR_CLOSED,78420.8,78420.8,4h,2026-09-09 00:00:00+00:00,6404.0
79248.0,79350.0,BTC-USD_UM_XPERP-310328,BTC-USD_UM_XPERP-310328|4h|2026-09-09T04:00:00+00:00,MONITOR_BAR_CLOSED,78593.8,78593.8,4h,2026-09-09 04:00:00+00:00,11913.0
79311.7,79708.3,BTC-USD_UM_XPERP-310328,BTC-USD_UM_XPERP-310328|4h|2026-09-09T08:00:00+00:00,MONITOR_BAR_CLOSED,77215.4,79266.7,4h,2026-09-09 08:00:00+00:00,13736.0
78569.3,79627.8,BTC-USD_UM_XPERP-310328,BTC-USD_UM_XPERP-310328|4h|2026-09-09T12:00:00+00:00,MONITOR_BAR_CLOSED,78036.9,79320.0,4h,2026-09-09 12:00:00+00:00,31649.0
86046.5,86046.5,BTC-USD_UM_XPERP-310328,BTC-USD_UM_XPERP-310328|4h|2026-09-09T16:00:00+00:00,MONITOR_BAR_CLOSED,78266.7,78555.7,4h,2026-09-09 16:00:00+00:00,37624.0
86044.0,86160.5,BTC-USD_UM_XPERP-310328,BTC-USD_UM_XPERP-310328|4h|2026-09-09T20:00:00+00:00,MONITOR_BAR_CLOSED,86044.0,86047.8,4h,2026-09-09 20:00:00+00:00,12.0
86360.6,86360.6,BTC-USD_UM_XPERP-310328,BTC-USD_UM_XPERP-310328|4h|2026-09-10T00:00:00+00:00,MONITOR_BAR_CLOSED,86142.9,86142.9,4h,2026-09-10 00:00:00+00:00,0.0
78079.1,86363.6,BTC-USD_UM_XPERP-310328,BTC-USD_UM_XPERP-310328|4h|2026-09-10T04:00:00+00:00,MONITOR_BAR_CLOSED,77857.1,86360.6,4h,2026-09-10 04:00:00+00:00,2147.0
77843.0,78182.5,BTC-USD_UM_XPERP-310328,BTC-USD_UM_XPERP-310328|4h|2026-09-10T08:00:00+00:00,MONITOR_BAR_CLOSED,77680.0,78071.0,4h,2026-09-10 08:00:00+00:00,2902.0
77220.7,77829.2,BTC-USD_UM_XPERP-310328,BTC-USD_UM_XPERP-310328|4h|2026-09-10T12:00:00+00:00,MONITOR_BAR_CLOSED,76268.2,77820.0,4h,2026-09-10 12:00:00+00:00,24821.0
77110.2,77518.0,BTC-USD_UM_XPERP-310328,BTC-USD_UM_XPERP-310328|4h|2026-09-10T16:00:00+00:00,MONITOR_BAR_CLOSED,76774.8,77221.1,4h,2026-09-10 16:00:00+00:00,17900.0
76533.3,80714.3,BTC-USD_UM_XPERP-310328,BTC-USD_UM_XPERP-310328|4h|2026-09-10T20:00:00+00:00,MONITOR_BAR_CLOSED,76500.2,77146.0,4h,2026-09-10 20:00:00+00:00,1830.0
76848.0,76982.0,BTC-USD_UM_XPERP-310328,BTC-USD_UM_XPERP-310328|4h|2026-09-11T00:00:00+00:00,MONITOR_BAR_CLOSED,76533.2,76565.9,4h,2026-09-11 00:00:00+00:00,7419.0
77209.7,77399.7,BTC-USD_UM_XPERP-310328,BTC-USD_UM_XPERP-310328|4h|2026-09-11T04:00:00+00:00,MONITOR_BAR_CLOSED,76855.1,76866.7,4h,2026-09-11 04:00:00+00:00,4102.0
77013.7,77454.9,BTC-USD_UM_XPERP-310328,BTC-USD_UM_XPERP-310328|4h|2026-09-11T08:00:00+00:00,MONITOR_BAR_CLOSED,76734.0,77181.7,4h,2026-09-11 08:00:00+00:00,7863.0
77698.5,79761.9,BTC-USD_UM_XPERP-310328,BTC-USD_UM_XPERP-310328|4h|2026-09-11T12:00:00+00:00,MONITOR_BAR_CLOSED,76157.4,76976.0,4h,2026-09-11 12:00:00+00:00,87801.0
77245.7,78029.7,BTC-USD_UM_XPERP-310328,BTC-USD_UM_XPERP-310328|4h|2026-09-11T16:00:00+00:00,MONITOR_BAR_CLOSED,76889.0,77700.0,4h,2026-09-11 16:00:00+00:00,38996.0
77180.0,77450.0,BTC-USD_UM_XPERP-310328,BTC-USD_UM_XPERP-310328|4h|2026-09-11T20:00:00+00:00,MONITOR_BAR_CLOSED,76940.0,77242.0,4h,2026-09-11 20:00:00+00:00,5488.0
77215.6,77337.0,BTC-USD_UM_XPERP-310328,BTC-USD_UM_XPERP-310328|4h|2026-09-12T00:00:00+00:00,MONITOR_BAR_CLOSED,77179.3,77192.3,4h,2026-09-12 00:00:00+00:00,1007.0
77227.8,77316.0,BTC-USD_UM_XPERP-310328,BTC-USD_UM_XPERP-310328|4h|2026-09-12T04:00:00+00:00,MONITOR_BAR_CLOSED,77141.5,77248.0,4h,2026-09-12 04:00:00+00:00,478.0
77321.1,77359.0,BTC-USD_UM_XPERP-310328,BTC-USD_UM_XPERP-310328|4h|2026-09-12T08:00:00+00:00,MONITOR_BAR_CLOSED,77236.9,77236.9,4h,2026-09-12 08:00:00+00:00,322.0
77362.5,77462.4,BTC-USD_UM_XPERP-310328,BTC-USD_UM_XPERP-310328|4h|2026-09-12T12:00:00+00:00,MONITOR_BAR_CLOSED,77227.8,77321.6,4h,2026-09-12 12:00:00+00:00,677.0
77131.5,77366.9,BTC-USD_UM_XPERP-310328,BTC-USD_UM_XPERP-310328|4h|2026-09-12T16:00:00+00:00,MONITOR_BAR_CLOSED,77035.7,77354.3,4h,2026-09-12 16:00:00+00:00,197.0
77247.2,77313.7,BTC-USD_UM_XPERP-310328,BTC-USD_UM_XPERP-310328|4h|2026-09-12T20:00:00+00:00,MONITOR_BAR_CLOSED,77025.0,77133.3,4h,2026-09-12 20:00:00+00:00,358.0
77169.9,77307.5,BTC-USD_UM_XPERP-310328,BTC-USD_UM_XPERP-310328|4h|2026-09-13T00:00:00+00:00,MONITOR_BAR_CLOSED,77136.4,77237.2,4h,2026-09-13 00:00:00+00:00,554.0
77081.4,77289.3,BTC-USD_UM_XPERP-310328,BTC-USD_UM_XPERP-310328|4h|2026-09-13T04:00:00+00:00,MONITOR_BAR_CLOSED,77025.0,77172.1,4h,2026-09-13 04:00:00+00:00,491.0
76733.3,77142.9,BTC-USD_UM_XPERP-310328,BTC-USD_UM_XPERP-310328|4h|2026-09-13T08:00:00+00:00,MONITOR_BAR_CLOSED,76490.0,77089.3,4h,2026-09-13 08:00:00+00:00,1076.0
77099.5,81391.3,BTC-USD_UM_XPERP-310328,BTC-USD_UM_XPERP-310328|4h|2026-09-13T12:00:00+00:00,MONITOR_BAR_CLOSED,73669.3,76744.0,4h,2026-09-13 12:00:00+00:00,4845.0
77247.7,77389.1,BTC-USD_UM_XPERP-310328,BTC-USD_UM_XPERP-310328|4h|2026-09-13T16:00:00+00:00,MONITOR_BAR_CLOSED,77102.0,77102.2,4h,2026-09-13 16:00:00+00:00,2819.0
76805.0,77410.0,BTC-USD_UM_XPERP-310328,BTC-USD_UM_XPERP-310328|4h|2026-09-13T20:00:00+00:00,MONITOR_BAR_CLOSED,76059.4,77250.0,4h,2026-09-13 20:00:00+00:00,9677.0
77546.6,77832.9,BTC-USD_UM_XPERP-310328,BTC-USD_UM_XPERP-310328|4h|2026-09-14T00:00:00+00:00,MONITOR_BAR_CLOSED,76350.0,76803.6,4h,2026-09-14 00:00:00+00:00,13761.0
77854.2,77854.2,BTC-USD_UM_XPERP-310328,BTC-USD_UM_XPERP-310328|4h|2026-09-14T04:00:00+00:00,MONITOR_BAR_CLOSED,77352.8,77550.0,4h,2026-09-14 04:00:00+00:00,5147.0
77740.5,78332.7,BTC-USD_UM_XPERP-310328,BTC-USD_UM_XPERP-310328|4h|2026-09-14T08:00:00+00:00,MONITOR_BAR_CLOSED,77566.7,77855.0,4h,2026-09-14 08:00:00+00:00,13763.0
78537.4,78659.5,BTC-USD_UM_XPERP-310328,BTC-USD_UM_XPERP-310328|4h|2026-09-14T12:00:00+00:00,MONITOR_BAR_CLOSED,77448.5,77749.7,4h,2026-09-14 12:00:00+00:00,52852.0
78959.6,79283.5,BTC-USD_UM_XPERP-310328,BTC-USD_UM_XPERP-310328|4h|2026-09-14T16:00:00+00:00,MONITOR_BAR_CLOSED,78400.0,78538.4,4h,2026-09-14 16:00:00+00:00,17499.0
78168.1,79544.0,BTC-USD_UM_XPERP-310328,BTC-USD_UM_XPERP-310328|4h|2026-09-14T20:00:00+00:00,MONITOR_BAR_CLOSED,78095.2,78956.8,4h,2026-09-14 20:00:00+00:00,10260.0
77626.5,78215.2,BTC-USD_UM_XPERP-310328,BTC-USD_UM_XPERP-310328|4h|2026-09-15T00:00:00+00:00,MONITOR_BAR_CLOSED,77615.8,78146.5,4h,2026-09-15 00:00:00+00:00,12614.0
76886.4,77713.1,BTC-USD_UM_XPERP-310328,BTC-USD_UM_XPERP-310328|4h|2026-09-15T04:00:00+00:00,MONITOR_BAR_CLOSED,76840.3,77637.3,4h,2026-09-15 04:00:00+00:00,11228.0
84650.6,84899.1,BTC-USD_UM_XPERP-310328,BTC-USD_UM_XPERP-310328|4h|2026-09-15T08:00:00+00:00,MONITOR_BAR_CLOSED,76677.2,76894.6,4h,2026-09-15 08:00:00+00:00,6147.0
84207.5,84812.3,BTC-USD_UM_XPERP-310328,BTC-USD_UM_XPERP-310328|4h|2026-09-15T12:00:00+00:00,MONITOR_BAR_CLOSED,83756.6,84650.6,4h,2026-09-15 12:00:00+00:00,11.0
84917.1,85009.5,BTC-USD_UM_XPERP-310328,BTC-USD_UM_XPERP-310328|4h|2026-09-15T16:00:00+00:00,MONITOR_BAR_CLOSED,84079.8,84150.0,4h,2026-09-15 16:00:00+00:00,0.0
77506.3,84908.6,BTC-USD_UM_XPERP-310328,BTC-USD_UM_XPERP-310328|4h|2026-09-15T20:00:00+00:00,MONITOR_BAR_CLOSED,75401.5,84908.6,4h,2026-09-15 20:00:00+00:00,8.0
76310.0,77461.0,BTC-USD_UM_XPERP-310328,BTC-USD_UM_XPERP-310328|4h|2026-09-16T00:00:00+00:00,MONITOR_BAR_CLOSED,75433.6,77452.0,4h,2026-09-16 00:00:00+00:00,2.0
75692.2,78786.0,BTC-USD_UM_XPERP-310328,BTC-USD_UM_XPERP-310328|4h|2026-09-16T04:00:00+00:00,MONITOR_BAR_CLOSED,75692.2,76310.0,4h,2026-09-16 04:00:00+00:00,417.0
76178.3,78333.3,BTC-USD_UM_XPERP-310328,BTC-USD_UM_XPERP-310328|4h|2026-09-16T08:00:00+00:00,MONITOR_BAR_CLOSED,75333.3,75691.8,4h,2026-09-16 08:00:00+00:00,48.0
75775.0,76244.1,BTC-USD_UM_XPERP-310328,BTC-USD_UM_XPERP-310328|4h|2026-09-16T12:00:00+00:00,MONITOR_BAR_CLOSED,75428.6,76165.7,4h,2026-09-16 12:00:00+00:00,78.0
75994.1,76467.9,BTC-USD_UM_XPERP-310328,BTC-USD_UM_XPERP-310328|4h|2026-09-16T16:00:00+00:00,MONITOR_BAR_CLOSED,73800.0,75710.0,4h,2026-09-16 16:00:00+00:00,42.0
76161.2,76361.5,BTC-USD_UM_XPERP-310328,BTC-USD_UM_XPERP-310328|4h|2026-09-16T20:00:00+00:00,MONITOR_BAR_CLOSED,75625.0,76062.9,4h,2026-09-16 20:00:00+00:00,21.0
76379.1,76738.9,BTC-USD_UM_XPERP-310328,BTC-USD_UM_XPERP-310328|4h|2026-09-17T00:00:00+00:00,MONITOR_BAR_CLOSED,76049.0,76149.3,4h,2026-09-17 00:00:00+00:00,47.0
76400.0,76700.0,BTC-USD_UM_XPERP-310328,BTC-USD_UM_XPERP-310328|4h|2026-09-17T04:00:00+00:00,MONITOR_BAR_CLOSED,76149.3,76375.0,4h,2026-09-17 04:00:00+00:00,14.0
76414.7,76731.4,BTC-USD_UM_XPERP-310328,BTC-USD_UM_XPERP-310328|4h|2026-09-17T08:00:00+00:00,MONITOR_BAR_CLOSED,76149.3,76435.1,4h,2026-09-17 08:00:00+00:00,2061.0
76741.0,79285.7,BTC-USD_UM_XPERP-310328,BTC-USD_UM_XPERP-310328|4h|2026-09-17T12:00:00+00:00,MONITOR_BAR_CLOSED,75987.4,76422.9,4h,2026-09-17 12:00:00+00:00,49344.0
76570.3,79407.1,BTC-USD_UM_XPERP-310328,BTC-USD_UM_XPERP-310328|4h|2026-09-17T16:00:00+00:00,MONITOR_BAR_CLOSED,76435.1,76750.0,4h,2026-09-17 16:00:00+00:00,17889.0
76442.0,77642.9,BTC-USD_UM_XPERP-310328,BTC-USD_UM_XPERP-310328|4h|2026-09-17T20:00:00+00:00,MONITOR_BAR_CLOSED,76220.0,76552.2,4h,2026-09-17 20:00:00+00:00,3690.0
77333.3,77576.1,BTC-USD_UM_XPERP-310328,BTC-USD_UM_XPERP-310328|4h|2026-09-18T00:00:00+00:00,MONITOR_BAR_CLOSED,76250.0,76397.9,4h,2026-09-18 00:00:00+00:00,7228.0
77761.1,78736.5,BTC-USD_UM_XPERP-310328,BTC-USD_UM_XPERP-310328|4h|2026-09-18T04:00:00+00:00,MONITOR_BAR_CLOSED,74900.0,77346.1,4h,2026-09-18 04:00:00+00:00,7614.0
78033.9,78442.7,BTC-USD_UM_XPERP-310328,BTC-USD_UM_XPERP-310328|4h|2026-09-18T08:00:00+00:00,MONITOR_BAR_CLOSED,77600.0,77771.1,4h,2026-09-18 08:00:00+00:00,9497.0
80682.4,81097.8,BTC-USD_UM_XPERP-310328,BTC-USD_UM_XPERP-310328|4h|2026-09-18T12:00:00+00:00,MONITOR_BAR_CLOSED,73975.8,78047.1,4h,2026-09-18 12:00:00+00:00,26776.0
81173.5,81311.1,BTC-USD_UM_XPERP-310328,BTC-USD_UM_XPERP-310328|4h|2026-09-18T16:00:00+00:00,MONITOR_BAR_CLOSED,80559.3,80691.4,4h,2026-09-18 16:00:00+00:00,36308.0
80883.0,81611.0,BTC-USD_UM_XPERP-310328,BTC-USD_UM_XPERP-310328|4h|2026-09-18T20:00:00+00:00,MONITOR_BAR_CLOSED,80841.3,81175.0,4h,2026-09-18 20:00:00+00:00,8290.0
81120.0,81714.3,BTC-USD_UM_XPERP-310328,BTC-USD_UM_XPERP-310328|4h|2026-09-19T00:00:00+00:00,MONITOR_BAR_CLOSED,76817.4,80889.6,4h,2026-09-19 00:00:00+00:00,3071.0
81102.9,81254.9,BTC-USD_UM_XPERP-310328,BTC-USD_UM_XPERP-310328|4h|2026-09-19T04:00:00+00:00,MONITOR_BAR_CLOSED,80900.9,81115.4,4h,2026-09-19 04:00:00+00:00,3065.0
81298.9,81497.2,BTC-USD_UM_XPERP-310328,BTC-USD_UM_XPERP-310328|4h|2026-09-19T08:00:00+00:00,MONITOR_BAR_CLOSED,81050.0,81090.0,4h,2026-09-19 08:00:00+00:00,1410.0
81578.3,81919.7,BTC-USD_UM_XPERP-310328,BTC-USD_UM_XPERP-310328|4h|2026-09-19T12:00:00+00:00,MONITOR_BAR_CLOSED,81154.3,81297.7,4h,2026-09-19 12:00:00+00:00,6711.0
81328.0,81871.3,BTC-USD_UM_XPERP-310328,BTC-USD_UM_XPERP-310328|4h|2026-09-19T16:00:00+00:00,MONITOR_BAR_CLOSED,81294.0,81619.9,4h,2026-09-19 16:00:00+00:00,8795.0
81233.9,81400.0,BTC-USD_UM_XPERP-310328,BTC-USD_UM_XPERP-310328|4h|2026-09-19T20:00:00+00:00,MONITOR_BAR_CLOSED,80886.7,81294.0,4h,2026-09-19 20:00:00+00:00,3669.0
80485.7,81298.9,BTC-USD_UM_XPERP-310328,BTC-USD_UM_XPERP-310328|4h|2026-09-20T00:00:00+00:00,MONITOR_BAR_CLOSED,80110.2,81231.2,4h,2026-09-20 00:00:00+00:00,6190.0
80314.0,80599.8,BTC-USD_UM_XPERP-310328,BTC-USD_UM_XPERP-310328|4h|2026-09-20T04:00:00+00:00,MONITOR_BAR_CLOSED,80185.4,80467.8,4h,2026-09-20 04:00:00+00:00,3130.0
80450.5,80496.3,BTC-USD_UM_XPERP-310328,BTC-USD_UM_XPERP-310328|4h|2026-09-20T08:00:00+00:00,MONITOR_BAR_CLOSED,80203.8,80274.0,4h,2026-09-20 08:00:00+00:00,3398.0
80875.6,80928.2,BTC-USD_UM_XPERP-310328,BTC-USD_UM_XPERP-310328|4h|2026-09-20T12:00:00+00:00,MONITOR_BAR_CLOSED,80299.1,80419.7,4h,2026-09-20 12:00:00+00:00,11161.0
81150.9,81439.0,BTC-USD_UM_XPERP-310328,BTC-USD_UM_XPERP-310328|4h|2026-09-20T16:00:00+00:00,MONITOR_BAR_CLOSED,80782.8,80852.0,4h,2026-09-20 16:00:00+00:00,17179.0
81143.2,81300.0,BTC-USD_UM_XPERP-310328,BTC-USD_UM_XPERP-310328|4h|2026-09-20T20:00:00+00:00,MONITOR_BAR_CLOSED,80577.8,81159.2,4h,2026-09-20 20:00:00+00:00,7944.0
81413.6,82068.0,BTC-USD_UM_XPERP-310328,BTC-USD_UM_XPERP-310328|4h|2026-09-21T00:00:00+00:00,MONITOR_BAR_CLOSED,80882.5,81158.0,4h,2026-09-21 00:00:00+00:00,22963.0
81690.4,81838.2,BTC-USD_UM_XPERP-310328,BTC-USD_UM_XPERP-310328|4h|2026-09-21T04:00:00+00:00,MONITOR_BAR_CLOSED,81220.1,81421.9,4h,2026-09-21 04:00:00+00:00,10477.0
84830.0,85175.9,BTC-USD_UM_XPERP-310328,BTC-USD_UM_XPERP-310328|4h|2026-09-21T08:00:00+00:00,MONITOR_BAR_CLOSED,81700.0,81700.0,4h,2026-09-21 08:00:00+00:00,43526.0
85893.9,86286.7,BTC-USD_UM_XPERP-310328,BTC-USD_UM_XPERP-310328|4h|2026-09-21T12:00:00+00:00,MONITOR_BAR_CLOSED,84760.1,84843.3,4h,2026-09-21 12:00:00+00:00,32159.0
86517.2,86904.8,BTC-USD_UM_XPERP-310328,BTC-USD_UM_XPERP-310328|4h|2026-09-21T16:00:00+00:00,MONITOR_BAR_CLOSED,85554.2,85887.6,4h,2026-09-21 16:00:00+00:00,29193.0
86605.7,87339.5,BTC-USD_UM_XPERP-310328,BTC-USD_UM_XPERP-310328|4h|2026-09-21T20:00:00+00:00,MONITOR_BAR_CLOSED,86282.7,86510.2,4h,2026-09-21 20:00:00+00:00,17373.0
85674.9,87561.2,BTC-USD_UM_XPERP-310328,BTC-USD_UM_XPERP-310328|4h|2026-09-22T00:00:00+00:00,MONITOR_BAR_CLOSED,85291.5,86510.2,4h,2026-09-22 00:00:00+00:00,18808.0
85280.0,85705.6,BTC-USD_UM_XPERP-310328,BTC-USD_UM_XPERP-310328|4h|2026-09-22T04:00:00+00:00,MONITOR_BAR_CLOSED,85082.2,85669.5,4h,2026-09-22 04:00:00+00:00,14182.0
85959.1,86306.2,BTC-USD_UM_XPERP-310328,BTC-USD_UM_XPERP-310328|4h|2026-09-22T08:00:00+00:00,MONITOR_BAR_CLOSED,85296.9,85316.6,4h,2026-09-22 08:00:00+00:00,23086.0
86369.7,86638.7,BTC-USD_UM_XPERP-310328,BTC-USD_UM_XPERP-310328|4h|2026-09-22T12:00:00+00:00,MONITOR_BAR_CLOSED,85470.1,85964.0,4h,2026-09-22 12:00:00+00:00,47244.0
86174.5,86618.7,BTC-USD_UM_XPERP-310328,BTC-USD_UM_XPERP-310328|4h|2026-09-22T16:00:00+00:00,MONITOR_BAR_CLOSED,86033.2,86369.9,4h,2026-09-22 16:00:00+00:00,30292.0
86163.5,86466.0,BTC-USD_UM_XPERP-310328,BTC-USD_UM_XPERP-310328|4h|2026-09-22T20:00:00+00:00,MONITOR_BAR_CLOSED,85296.9,86175.2,4h,2026-09-22 20:00:00+00:00,10720.0
86667.3,86900.3,BTC-USD_UM_XPERP-310328,BTC-USD_UM_XPERP-310328|4h|2026-09-23T00:00:00+00:00,MONITOR_BAR_CLOSED,86104.7,86180.8,4h,2026-09-23 00:00:00+00:00,16835.0
86100.1,87244.7,BTC-USD_UM_XPERP-310328,BTC-USD_UM_XPERP-310328|4h|2026-09-23T04:00:00+00:00,MONITOR_BAR_CLOSED,85945.9,86675.9,4h,2026-09-23 04:00:00+00:00,15551.0
85630.1,86232.4,BTC-USD_UM_XPERP-310328,BTC-USD_UM_XPERP-310328|4h|2026-09-23T08:00:00+00:00,MONITOR_BAR_CLOSED,82629.3,86124.5,4h,2026-09-23 08:00:00+00:00,13046.0
83946.0,86833.6,BTC-USD_UM_XPERP-310328,BTC-USD_UM_XPERP-310328|4h|2026-09-23T12:00:00+00:00,MONITOR_BAR_CLOSED,83033.6,85638.9,4h,2026-09-23 12:00:00+00:00,47738.0
84456.0,84515.9,BTC-USD_UM_XPERP-310328,BTC-USD_UM_XPERP-310328|4h|2026-09-23T16:00:00+00:00,MONITOR_BAR_CLOSED,83437.8,83956.0,4h,2026-09-23 16:00:00+00:00,34252.0
84368.5,84629.5,BTC-USD_UM_XPERP-310328,BTC-USD_UM_XPERP-310328|4h|2026-09-23T20:00:00+00:00,MONITOR_BAR_CLOSED,84177.5,84464.1,4h,2026-09-23 20:00:00+00:00,3508.0
83880.0,85714.3,BTC-USD_UM_XPERP-310328,BTC-USD_UM_XPERP-310328|4h|2026-09-24T00:00:00+00:00,MONITOR_BAR_CLOSED,83710.0,84362.1,4h,2026-09-24 00:00:00+00:00,11803.0
84490.0,84558.0,BTC-USD_UM_XPERP-310328,BTC-USD_UM_XPERP-310328|4h|2026-09-24T04:00:00+00:00,MONITOR_BAR_CLOSED,83756.1,83898.9,4h,2026-09-24 04:00:00+00:00,13065.0
83497.7,84548.6,BTC-USD_UM_XPERP-310328,BTC-USD_UM_XPERP-310328|4h|2026-09-24T08:00:00+00:00,MONITOR_BAR_CLOSED,80357.1,84484.2,4h,2026-09-24 08:00:00+00:00,25278.0
84366.1,85153.8,BTC-USD_UM_XPERP-310328,BTC-USD_UM_XPERP-310328|4h|2026-09-24T12:00:00+00:00,MONITOR_BAR_CLOSED,83297.4,83440.0,4h,2026-09-24 12:00:00+00:00,42533.0
84362.0,84892.0,BTC-USD_UM_XPERP-310328,BTC-USD_UM_XPERP-310328|4h|2026-09-24T16:00:00+00:00,MONITOR_BAR_CLOSED,83842.1,84371.7,4h,2026-09-24 16:00:00+00:00,27440.0
84356.2,84569.7,BTC-USD_UM_XPERP-310328,BTC-USD_UM_XPERP-310328|4h|2026-09-24T20:00:00+00:00,MONITOR_BAR_CLOSED,83932.7,84331.0,4h,2026-09-24 20:00:00+00:00,2166.0
84201.5,84845.8,BTC-USD_UM_XPERP-310328,BTC-USD_UM_XPERP-310328|4h|2026-09-25T00:00:00+00:00,MONITOR_BAR_CLOSED,84054.0,84369.5,4h,2026-09-25 00:00:00+00:00,11485.0
84014.0,84310.0,BTC-USD_UM_XPERP-310328,BTC-USD_UM_XPERP-310328|4h|2026-09-25T04:00:00+00:00,MONITOR_BAR_CLOSED,83718.1,84205.9,4h,2026-09-25 04:00:00+00:00,3937.0
84540.8,85225.7,BTC-USD_UM_XPERP-310328,BTC-USD_UM_XPERP-310328|4h|2026-09-25T08:00:00+00:00,MONITOR_BAR_CLOSED,83696.6,84000.0,4h,2026-09-25 08:00:00+00:00,8107.0
83752.3,84672.5,BTC-USD_UM_XPERP-310328,BTC-USD_UM_XPERP-310328|4h|2026-09-25T12:00:00+00:00,MONITOR_BAR_CLOSED,82800.0,84540.0,4h,2026-09-25 12:00:00+00:00,61201.0
83970.1,84630.1,BTC-USD_UM_XPERP-310328,BTC-USD_UM_XPERP-310328|4h|2026-09-25T16:00:00+00:00,MONITOR_BAR_CLOSED,83601.3,83753.4,4h,2026-09-25 16:00:00+00:00,8327.0
84049.1,84145.3,BTC-USD_UM_XPERP-310328,BTC-USD_UM_XPERP-310328|4h|2026-09-25T20:00:00+00:00,MONITOR_BAR_CLOSED,83595.4,83964.1,4h,2026-09-25 20:00:00+00:00,3032.0
83904.3,84100.0,BTC-USD_UM_XPERP-310328,BTC-USD_UM_XPERP-310328|4h|2026-09-26T00:00:00+00:00,MONITOR_BAR_CLOSED,83680.4,84033.6,4h,2026-09-26 00:00:00+00:00,1379.0
84088.7,84088.8,BTC-USD_UM_XPERP-310328,BTC-USD_UM_XPERP-310328|4h|2026-09-26T04:00:00+00:00,MONITOR_BAR_CLOSED,83828.6,83946.0,4h,2026-09-26 04:00:00+00:00,264.0
84137.9,84289.8,BTC-USD_UM_XPERP-310328,BTC-USD_UM_XPERP-310328|4h|2026-09-26T08:00:00+00:00,MONITOR_BAR_CLOSED,83920.0,84050.4,4h,2026-09-26 08:00:00+00:00,747.0
84104.0,84150.0,BTC-USD_UM_XPERP-310328,BTC-USD_UM_XPERP-310328|4h|2026-09-26T12:00:00+00:00,MONITOR_BAR_CLOSED,82888.9,84116.0,4h,2026-09-26 12:00:00+00:00,586.0
83980.0,84166.7,BTC-USD_UM_XPERP-310328,BTC-USD_UM_XPERP-310328|4h|2026-09-26T16:00:00+00:00,MONITOR_BAR_CLOSED,83945.2,84106.0,4h,2026-09-26 16:00:00+00:00,291.0
84394.3,84666.7,BTC-USD_UM_XPERP-310328,BTC-USD_UM_XPERP-310328|4h|2026-09-26T20:00:00+00:00,MONITOR_BAR_CLOSED,83761.2,83980.4,4h,2026-09-26 20:00:00+00:00,674.0
84369.4,84533.3,BTC-USD_UM_XPERP-310328,BTC-USD_UM_XPERP-310328|4h|2026-09-27T00:00:00+00:00,MONITOR_BAR_CLOSED,84212.2,84384.1,4h,2026-09-27 00:00:00+00:00,1699.0
84740.2,84740.2,BTC-USD_UM_XPERP-310328,BTC-USD_UM_XPERP-310328|4h|2026-09-27T04:00:00+00:00,MONITOR_BAR_CLOSED,84269.7,84355.4,4h,2026-09-27 04:00:00+00:00,1772.0
84865.9,85086.7,BTC-USD_UM_XPERP-310328,BTC-USD_UM_XPERP-310328|4h|2026-09-27T08:00:00+00:00,MONITOR_BAR_CLOSED,84547.1,84703.7,4h,2026-09-27 08:00:00+00:00,3098.0
84436.3,89485.7,BTC-USD_UM_XPERP-310328,BTC-USD_UM_XPERP-310328|4h|2026-09-27T12:00:00+00:00,MONITOR_BAR_CLOSED,84347.8,84880.0,4h,2026-09-27 12:00:00+00:00,7698.0
84706.1,84920.0,BTC-USD_UM_XPERP-310328,BTC-USD_UM_XPERP-310328|4h|2026-09-27T16:00:00+00:00,MONITOR_BAR_CLOSED,84300.2,84424.9,4h,2026-09-27 16:00:00+00:00,2932.0
84422.2,88127.2,BTC-USD_UM_XPERP-310328,BTC-USD_UM_XPERP-310328|4h|2026-09-27T20:00:00+00:00,MONITOR_BAR_CLOSED,84047.6,84710.1,4h,2026-09-27 20:00:00+00:00,7590.0
83284.0,84974.0,BTC-USD_UM_XPERP-310328,BTC-USD_UM_XPERP-310328|4h|2026-09-28T00:00:00+00:00,MONITOR_BAR_CLOSED,83181.7,84440.9,4h,2026-09-28 00:00:00+00:00,11609.0
82955.5,83493.6,BTC-USD_UM_XPERP-310328,BTC-USD_UM_XPERP-310328|4h|2026-09-28T04:00:00+00:00,MONITOR_BAR_CLOSED,82694.1,83309.0,4h,2026-09-28 04:00:00+00:00,13206.0
83047.8,83120.0,BTC-USD_UM_XPERP-310328,BTC-USD_UM_XPERP-310328|4h|2026-09-28T08:00:00+00:00,MONITOR_BAR_CLOSED,82573.9,82909.2,4h,2026-09-28 08:00:00+00:00,8895.0
83365.7,87927.5,BTC-USD_UM_XPERP-310328,BTC-USD_UM_XPERP-310328|4h|2026-09-28T12:00:00+00:00,MONITOR_BAR_CLOSED,82604.0,83062.0,4h,2026-09-28 12:00:00+00:00,47600.0
83377.4,84320.8,BTC-USD_UM_XPERP-310328,BTC-USD_UM_XPERP-310328|4h|2026-09-28T16:00:00+00:00,MONITOR_BAR_CLOSED,83087.0,83336.5,4h,2026-09-28 16:00:00+00:00,30043.0
83466.7,84331.8,BTC-USD_UM_XPERP-310328,BTC-USD_UM_XPERP-310328|4h|2026-09-28T20:00:00+00:00,MONITOR_BAR_CLOSED,83066.8,83386.7,4h,2026-09-28 20:00:00+00:00,2317.0
83025.1,83599.5,BTC-USD_UM_XPERP-310328,BTC-USD_UM_XPERP-310328|4h|2026-09-29T00:00:00+00:00,MONITOR_BAR_CLOSED,82744.0,83461.3,4h,2026-09-29 00:00:00+00:00,19065.0
2687.68,2693.15,ETH-USD_UM_XPERP-310328,ETH-USD_UM_XPERP-310328|4h|2026-09-28T20:00:00+00:00,MONITOR_BAR_CLOSED,2667.0,2673.13,4h,2026-09-28 20:00:00+00:00,384266.689
2663.92,2694.21,ETH-USD_UM_XPERP-310328,ETH-USD_UM_XPERP-310328|4h|2026-09-29T00:00:00+00:00,MONITOR_BAR_CLOSED,2651.45,2687.59,4h,2026-09-29 00:00:00+00:00,1112076.961
83162.4,83262.9,BTC-USD_UM_XPERP-310328,BTC-USD_UM_XPERP-310328|1h|2026-09-29T04:00:00+00:00,MONITOR_BAR_CLOSED,83000.0,83054.5,1h,2026-09-29 04:00:00+00:00,1689.0
83162.4,83169.2,BTC-USD_UM_XPERP-310328,BTC-USD_UM_XPERP-310328|15m|2026-09-29T04:45:00+00:00,MONITOR_BAR_CLOSED,83040.0,83122.5,15m,2026-09-29 04:45:00+00:00,314.0
83222.2,83222.2,BTC-USD_UM_XPERP-310328,BTC-USD_UM_XPERP-310328|15m|2026-09-29T05:00:00+00:00,MONITOR_BAR_CLOSED,83150.0,83189.6,15m,2026-09-29 05:00:00+00:00,619.0
83280.0,83314.3,BTC-USD_UM_XPERP-310328,BTC-USD_UM_XPERP-310328|15m|2026-09-29T05:15:00+00:00,MONITOR_BAR_CLOSED,83183.7,83228.1,15m,2026-09-29 05:15:00+00:00,795.0
83270.0,83290.8,BTC-USD_UM_XPERP-310328,BTC-USD_UM_XPERP-310328|15m|2026-09-29T05:30:00+00:00,MONITOR_BAR_CLOSED,82933.3,83240.0,15m,2026-09-29 05:30:00+00:00,842.0
83384.6,83394.6,BTC-USD_UM_XPERP-310328,BTC-USD_UM_XPERP-310328|1h|2026-09-29T05:00:00+00:00,MONITOR_BAR_CLOSED,82933.3,83189.6,1h,2026-09-29 05:00:00+00:00,3588.0
83384.6,83394.6,BTC-USD_UM_XPERP-310328,BTC-USD_UM_XPERP-310328|15m|2026-09-29T05:45:00+00:00,MONITOR_BAR_CLOSED,83189.6,83268.6,15m,2026-09-29 05:45:00+00:00,1332.0
83846.2,83846.2,BTC-USD_UM_XPERP-310328,BTC-USD_UM_XPERP-310328|15m|2026-09-29T06:00:00+00:00,MONITOR_BAR_CLOSED,83368.5,83399.5,15m,2026-09-29 06:00:00+00:00,1684.0
83828.6,83857.1,BTC-USD_UM_XPERP-310328,BTC-USD_UM_XPERP-310328|15m|2026-09-29T06:15:00+00:00,MONITOR_BAR_CLOSED,79517.4,83850.0,15m,2026-09-29 06:15:00+00:00,1233.0
83846.3,83912.0,BTC-USD_UM_XPERP-310328,BTC-USD_UM_XPERP-310328|15m|2026-09-29T06:30:00+00:00,MONITOR_BAR_CLOSED,83800.0,83834.8,15m,2026-09-29 06:30:00+00:00,360.0
83963.9,83965.5,BTC-USD_UM_XPERP-310328,BTC-USD_UM_XPERP-310328|1h|2026-09-29T06:00:00+00:00,MONITOR_BAR_CLOSED,79517.4,83399.5,1h,2026-09-29 06:00:00+00:00,3621.0
83963.9,83965.5,BTC-USD_UM_XPERP-310328,BTC-USD_UM_XPERP-310328|15m|2026-09-29T06:45:00+00:00,MONITOR_BAR_CLOSED,83862.8,83863.4,15m,2026-09-29 06:45:00+00:00,344.0
83937.5,84000.0,BTC-USD_UM_XPERP-310328,BTC-USD_UM_XPERP-310328|15m|2026-09-29T07:00:00+00:00,MONITOR_BAR_CLOSED,83828.6,83943.4,15m,2026-09-29 07:00:00+00:00,276.0
83946.0,84039.4,BTC-USD_UM_XPERP-310328,BTC-USD_UM_XPERP-310328|15m|2026-09-29T07:15:00+00:00,MONITOR_BAR_CLOSED,83888.3,83950.0,15m,2026-09-29 07:15:00+00:00,301.0
83980.0,84150.8,BTC-USD_UM_XPERP-310328,BTC-USD_UM_XPERP-310328|15m|2026-09-29T07:30:00+00:00,MONITOR_BAR_CLOSED,83931.4,83954.8,15m,2026-09-29 07:30:00+00:00,689.0
83935.2,84150.8,BTC-USD_UM_XPERP-310328,BTC-USD_UM_XPERP-310328|1h|2026-09-29T07:00:00+00:00,MONITOR_BAR_CLOSED,83828.6,83943.4,1h,2026-09-29 07:00:00+00:00,1308.0
83935.2,84024.7,BTC-USD_UM_XPERP-310328,BTC-USD_UM_XPERP-310328|15m|2026-09-29T07:45:00+00:00,MONITOR_BAR_CLOSED,83931.4,84014.0,15m,2026-09-29 07:45:00+00:00,42.0
83935.2,84150.8,BTC-USD_UM_XPERP-310328,BTC-USD_UM_XPERP-310328|4h|2026-09-29T04:00:00+00:00,MONITOR_BAR_CLOSED,79517.4,83054.5,4h,2026-09-29 04:00:00+00:00,10206.0
2710.0,2754.79,ETH-USD_UM_XPERP-310328,ETH-USD_UM_XPERP-310328|4h|2026-09-29T04:00:00+00:00,MONITOR_BAR_CLOSED,2655.05,2664.3,4h,2026-09-29 04:00:00+00:00,682009.743
84005.1,84300.7,BTC-USD_UM_XPERP-310328,BTC-USD_UM_XPERP-310328|15m|2026-09-29T08:00:00+00:00,MONITOR_BAR_CLOSED,83940.1,83969.1,15m,2026-09-29 08:00:00+00:00,281.0
84133.3,84310.0,BTC-USD_UM_XPERP-310328,BTC-USD_UM_XPERP-310328|15m|2026-09-29T08:15:00+00:00,MONITOR_BAR_CLOSED,84010.0,84010.0,15m,2026-09-29 08:15:00+00:00,77.0
83823.5,84123.3,BTC-USD_UM_XPERP-310328,BTC-USD_UM_XPERP-310328|15m|2026-09-29T08:30:00+00:00,MONITOR_BAR_CLOSED,83794.0,84123.3,15m,2026-09-29 08:30:00+00:00,62.0
83834.2,83834.2,BTC-USD_UM_XPERP-310328,BTC-USD_UM_XPERP-310328|15m|2026-09-29T08:45:00+00:00,MONITOR_BAR_CLOSED,83756.6,83819.8,15m,2026-09-29 08:45:00+00:00,14.0
83834.2,84310.0,BTC-USD_UM_XPERP-310328,BTC-USD_UM_XPERP-310328|1h|2026-09-29T08:00:00+00:00,MONITOR_BAR_CLOSED,83756.6,83969.1,1h,2026-09-29 08:00:00+00:00,434.0
83751.9,83824.6,BTC-USD_UM_XPERP-310328,BTC-USD_UM_XPERP-310328|15m|2026-09-29T09:00:00+00:00,MONITOR_BAR_CLOSED,83731.5,83823.3,15m,2026-09-29 09:00:00+00:00,203.0
83810.0,83854.3,BTC-USD_UM_XPERP-310328,BTC-USD_UM_XPERP-310328|15m|2026-09-29T09:15:00+00:00,MONITOR_BAR_CLOSED,83748.2,83748.8,15m,2026-09-29 09:15:00+00:00,359.0
83962.2,83962.2,BTC-USD_UM_XPERP-310328,BTC-USD_UM_XPERP-310328|15m|2026-09-29T09:30:00+00:00,MONITOR_BAR_CLOSED,83806.8,83806.8,15m,2026-09-29 09:30:00+00:00,274.0
84198.2,84282.6,BTC-USD_UM_XPERP-310328,BTC-USD_UM_XPERP-310328|1h|2026-09-29T09:00:00+00:00,MONITOR_BAR_CLOSED,83731.5,83823.3,1h,2026-09-29 09:00:00+00:00,2758.0
84198.2,84282.6,BTC-USD_UM_XPERP-310328,BTC-USD_UM_XPERP-310328|15m|2026-09-29T09:45:00+00:00,MONITOR_BAR_CLOSED,83962.2,83962.2,15m,2026-09-29 09:45:00+00:00,1922.0
84165.5,84272.6,BTC-USD_UM_XPERP-310328,BTC-USD_UM_XPERP-310328|15m|2026-09-29T10:00:00+00:00,MONITOR_BAR_CLOSED,84112.5,84206.3,15m,2026-09-29 10:00:00+00:00,292.0
84103.8,84160.0,BTC-USD_UM_XPERP-310328,BTC-USD_UM_XPERP-310328|15m|2026-09-29T10:15:00+00:00,MONITOR_BAR_CLOSED,84019.6,84160.0,15m,2026-09-29 10:15:00+00:00,70.0
83956.1,84082.0,BTC-USD_UM_XPERP-310328,BTC-USD_UM_XPERP-310328|15m|2026-09-29T10:30:00+00:00,MONITOR_BAR_CLOSED,83956.1,84082.0,15m,2026-09-29 10:30:00+00:00,306.0
83985.6,84036.9,BTC-USD_UM_XPERP-310328,BTC-USD_UM_XPERP-310328|15m|2026-09-29T10:45:00+00:00,MONITOR_BAR_CLOSED,83946.0,83953.3,15m,2026-09-29 10:45:00+00:00,159.0
83985.6,84272.6,BTC-USD_UM_XPERP-310328,BTC-USD_UM_XPERP-310328|1h|2026-09-29T10:00:00+00:00,MONITOR_BAR_CLOSED,83946.0,84206.3,1h,2026-09-29 10:00:00+00:00,827.0
83956.1,84056.1,BTC-USD_UM_XPERP-310328,BTC-USD_UM_XPERP-310328|15m|2026-09-29T11:00:00+00:00,MONITOR_BAR_CLOSED,83891.8,83982.9,15m,2026-09-29 11:00:00+00:00,814.0
84021.9,84042.2,BTC-USD_UM_XPERP-310328,BTC-USD_UM_XPERP-310328|15m|2026-09-29T11:15:00+00:00,MONITOR_BAR_CLOSED,83940.1,83979.8,15m,2026-09-29 11:15:00+00:00,175.0
84218.0,84236.7,BTC-USD_UM_XPERP-310328,BTC-USD_UM_XPERP-310328|15m|2026-09-29T11:30:00+00:00,MONITOR_BAR_CLOSED,84021.9,84021.9,15m,2026-09-29 11:30:00+00:00,1571.0
84320.0,84447.4,BTC-USD_UM_XPERP-310328,BTC-USD_UM_XPERP-310328|4h|2026-09-29T08:00:00+00:00,MONITOR_BAR_CLOSED,83731.5,83969.1,4h,2026-09-29 08:00:00+00:00,8639.0
84320.0,84447.4,BTC-USD_UM_XPERP-310328,BTC-USD_UM_XPERP-310328|15m|2026-09-29T11:45:00+00:00,MONITOR_BAR_CLOSED,84210.9,84236.7,15m,2026-09-29 11:45:00+00:00,2060.0
84320.0,84447.4,BTC-USD_UM_XPERP-310328,BTC-USD_UM_XPERP-310328|1h|2026-09-29T11:00:00+00:00,MONITOR_BAR_CLOSED,83891.8,83982.9,1h,2026-09-29 11:00:00+00:00,4620.0
2732.97,2736.11,ETH-USD_UM_XPERP-310328,ETH-USD_UM_XPERP-310328|4h|2026-09-29T08:00:00+00:00,MONITOR_BAR_CLOSED,2701.98,2712.58,4h,2026-09-29 08:00:00+00:00,624000.711
84286.0,84498.0,BTC-USD_UM_XPERP-310328,BTC-USD_UM_XPERP-310328|15m|2026-09-29T12:00:00+00:00,MONITOR_BAR_CLOSED,84258.6,84300.2,15m,2026-09-29 12:00:00+00:00,1322.0
84136.1,84428.5,BTC-USD_UM_XPERP-310328,BTC-USD_UM_XPERP-310328|15m|2026-09-29T12:15:00+00:00,MONITOR_BAR_CLOSED,84089.1,84298.3,15m,2026-09-29 12:15:00+00:00,1919.0
84309.2,84436.7,BTC-USD_UM_XPERP-310328,BTC-USD_UM_XPERP-310328|15m|2026-09-29T12:30:00+00:00,MONITOR_BAR_CLOSED,84180.0,84180.0,15m,2026-09-29 12:30:00+00:00,1564.0
84280.0,84342.9,BTC-USD_UM_XPERP-310328,BTC-USD_UM_XPERP-310328|15m|2026-09-29T12:45:00+00:00,MONITOR_BAR_CLOSED,84217.9,84310.8,15m,2026-09-29 12:45:00+00:00,632.0
84280.0,84498.0,BTC-USD_UM_XPERP-310328,BTC-USD_UM_XPERP-310328|1h|2026-09-29T12:00:00+00:00,MONITOR_BAR_CLOSED,84089.1,84300.2,1h,2026-09-29 12:00:00+00:00,5437.0
84374.9,84394.3,BTC-USD_UM_XPERP-310328,BTC-USD_UM_XPERP-310328|15m|2026-09-29T13:00:00+00:00,MONITOR_BAR_CLOSED,84222.3,84266.7,15m,2026-09-29 13:00:00+00:00,220.0
84310.0,84498.0,BTC-USD_UM_XPERP-310328,BTC-USD_UM_XPERP-310328|15m|2026-09-29T13:15:00+00:00,MONITOR_BAR_CLOSED,84300.0,84320.0,15m,2026-09-29 13:15:00+00:00,90.0
84154.3,84318.9,BTC-USD_UM_XPERP-310328,BTC-USD_UM_XPERP-310328|15m|2026-09-29T13:30:00+00:00,MONITOR_BAR_CLOSED,84000.0,84318.9,15m,2026-09-29 13:30:00+00:00,503.0
84170.7,84498.0,BTC-USD_UM_XPERP-310328,BTC-USD_UM_XPERP-310328|1h|2026-09-29T13:00:00+00:00,MONITOR_BAR_CLOSED,83928.6,84266.7,1h,2026-09-29 13:00:00+00:00,1144.0
84170.7,84408.0,BTC-USD_UM_XPERP-310328,BTC-USD_UM_XPERP-310328|15m|2026-09-29T13:45:00+00:00,MONITOR_BAR_CLOSED,83928.6,84184.0,15m,2026-09-29 13:45:00+00:00,331.0
83909.5,84218.0,BTC-USD_UM_XPERP-310328,BTC-USD_UM_XPERP-310328|15m|2026-09-29T14:00:00+00:00,MONITOR_BAR_CLOSED,83838.5,84168.2,15m,2026-09-29 14:00:00+00:00,2252.0
83922.9,84040.0,BTC-USD_UM_XPERP-310328,BTC-USD_UM_XPERP-310328|15m|2026-09-29T14:15:00+00:00,MONITOR_BAR_CLOSED,83840.4,83895.5,15m,2026-09-29 14:15:00+00:00,956.0
83828.6,83979.8,BTC-USD_UM_XPERP-310328,BTC-USD_UM_XPERP-310328|15m|2026-09-29T14:30:00+00:00,MONITOR_BAR_CLOSED,83747.4,83920.0,15m,2026-09-29 14:30:00+00:00,1505.0
83720.0,84218.0,BTC-USD_UM_XPERP-310328,BTC-USD_UM_XPERP-310328|1h|2026-09-29T14:00:00+00:00,MONITOR_BAR_CLOSED,83695.8,84168.2,1h,2026-09-29 14:00:00+00:00,6825.0
83720.0,83977.3,BTC-USD_UM_XPERP-310328,BTC-USD_UM_XPERP-310328|15m|2026-09-29T14:45:00+00:00,MONITOR_BAR_CLOSED,83695.8,83824.1,15m,2026-09-29 14:45:00+00:00,2112.0
83372.9,83720.0,BTC-USD_UM_XPERP-310328,BTC-USD_UM_XPERP-310328|15m|2026-09-29T15:00:00+00:00,MONITOR_BAR_CLOSED,83336.5,83717.9,15m,2026-09-29 15:00:00+00:00,3544.0
82960.3,83462.4,BTC-USD_UM_XPERP-310328,BTC-USD_UM_XPERP-310328|15m|2026-09-29T15:15:00+00:00,MONITOR_BAR_CLOSED,82878.9,83393.2,15m,2026-09-29 15:15:00+00:00,4901.0
83104.9,83211.4,BTC-USD_UM_XPERP-310328,BTC-USD_UM_XPERP-310328|15m|2026-09-29T15:30:00+00:00,MONITOR_BAR_CLOSED,82960.2,82960.4,15m,2026-09-29 15:30:00+00:00,3104.0
83012.7,84498.0,BTC-USD_UM_XPERP-310328,BTC-USD_UM_XPERP-310328|4h|2026-09-29T12:00:00+00:00,MONITOR_BAR_CLOSED,82878.9,84300.2,4h,2026-09-29 12:00:00+00:00,27497.0
83012.7,83275.0,BTC-USD_UM_XPERP-310328,BTC-USD_UM_XPERP-310328|15m|2026-09-29T15:45:00+00:00,MONITOR_BAR_CLOSED,82901.2,83160.0,15m,2026-09-29 15:45:00+00:00,2542.0
2671.65,2743.58,ETH-USD_UM_XPERP-310328,ETH-USD_UM_XPERP-310328|4h|2026-09-29T12:00:00+00:00,MONITOR_BAR_CLOSED,2668.49,2731.04,4h,2026-09-29 12:00:00+00:00,1526928.131
83012.7,83720.0,BTC-USD_UM_XPERP-310328,BTC-USD_UM_XPERP-310328|1h|2026-09-29T15:00:00+00:00,MONITOR_BAR_CLOSED,82878.9,83717.9,1h,2026-09-29 15:00:00+00:00,14091.0
83005.7,83276.1,BTC-USD_UM_XPERP-310328,BTC-USD_UM_XPERP-310328|15m|2026-09-29T16:00:00+00:00,MONITOR_BAR_CLOSED,81732.4,82960.0,15m,2026-09-29 16:00:00+00:00,2995.0
83229.2,83272.0,BTC-USD_UM_XPERP-310328,BTC-USD_UM_XPERP-310328|15m|2026-09-29T16:15:00+00:00,MONITOR_BAR_CLOSED,82973.1,83000.6,15m,2026-09-29 16:15:00+00:00,921.0
83024.7,83238.7,BTC-USD_UM_XPERP-310328,BTC-USD_UM_XPERP-310328|15m|2026-09-29T16:30:00+00:00,MONITOR_BAR_CLOSED,83024.7,83215.0,15m,2026-09-29 16:30:00+00:00,616.0
83040.0,83057.1,BTC-USD_UM_XPERP-310328,BTC-USD_UM_XPERP-310328|15m|2026-09-29T16:45:00+00:00,MONITOR_BAR_CLOSED,82892.0,83018.7,15m,2026-09-29 16:45:00+00:00,1420.0
83040.0,83276.1,BTC-USD_UM_XPERP-310328,BTC-USD_UM_XPERP-310328|1h|2026-09-29T16:00:00+00:00,MONITOR_BAR_CLOSED,81732.4,82960.0,1h,2026-09-29 16:00:00+00:00,5952.0
83112.4,83162.6,BTC-USD_UM_XPERP-310328,BTC-USD_UM_XPERP-310328|15m|2026-09-29T17:00:00+00:00,MONITOR_BAR_CLOSED,82993.2,83036.5,15m,2026-09-29 17:00:00+00:00,738.0
83150.0,83500.0,BTC-USD_UM_XPERP-310328,BTC-USD_UM_XPERP-310328|15m|2026-09-29T17:15:00+00:00,MONITOR_BAR_CLOSED,83025.1,83120.0,15m,2026-09-29 17:15:00+00:00,440.0
83111.2,83189.6,BTC-USD_UM_XPERP-310328,BTC-USD_UM_XPERP-310328|15m|2026-09-29T17:30:00+00:00,MONITOR_BAR_CLOSED,83078.3,83154.8,15m,2026-09-29 17:30:00+00:00,169.0
83046.7,83500.0,BTC-USD_UM_XPERP-310328,BTC-USD_UM_XPERP-310328|1h|2026-09-29T17:00:00+00:00,MONITOR_BAR_CLOSED,82950.0,83036.5,1h,2026-09-29 17:00:00+00:00,1476.0
83046.7,83096.0,BTC-USD_UM_XPERP-310328,BTC-USD_UM_XPERP-310328|15m|2026-09-29T17:45:00+00:00,MONITOR_BAR_CLOSED,82950.0,83096.0,15m,2026-09-29 17:45:00+00:00,129.0
83390.0,83390.0,BTC-USD_UM_XPERP-310328,BTC-USD_UM_XPERP-310328|15m|2026-09-29T18:00:00+00:00,MONITOR_BAR_CLOSED,82837.3,83057.1,15m,2026-09-29 18:00:00+00:00,107.0
83402.0,83486.1,BTC-USD_UM_XPERP-310328,BTC-USD_UM_XPERP-310328|15m|2026-09-29T18:15:00+00:00,MONITOR_BAR_CLOSED,83280.0,83394.9,15m,2026-09-29 18:15:00+00:00,252.0
83606.0,83668.4,BTC-USD_UM_XPERP-310328,BTC-USD_UM_XPERP-310328|15m|2026-09-29T18:30:00+00:00,MONITOR_BAR_CLOSED,83387.2,83400.0,15m,2026-09-29 18:30:00+00:00,6.0
83614.8,83648.4,BTC-USD_UM_XPERP-310328,BTC-USD_UM_XPERP-310328|15m|2026-09-29T18:45:00+00:00,MONITOR_BAR_CLOSED,83567.2,83600.2,15m,2026-09-29 18:45:00+00:00,567.0
83614.8,83668.4,BTC-USD_UM_XPERP-310328,BTC-USD_UM_XPERP-310328|1h|2026-09-29T18:00:00+00:00,MONITOR_BAR_CLOSED,82837.3,83057.1,1h,2026-09-29 18:00:00+00:00,932.0
83567.2,83662.2,BTC-USD_UM_XPERP-310328,BTC-USD_UM_XPERP-310328|15m|2026-09-29T19:00:00+00:00,MONITOR_BAR_CLOSED,83567.2,83600.1,15m,2026-09-29 19:00:00+00:00,368.0
83510.0,83624.9,BTC-USD_UM_XPERP-310328,BTC-USD_UM_XPERP-310328|15m|2026-09-29T19:15:00+00:00,MONITOR_BAR_CLOSED,83509.8,83567.1,15m,2026-09-29 19:15:00+00:00,296.0
83423.2,83599.5,BTC-USD_UM_XPERP-310328,BTC-USD_UM_XPERP-310328|15m|2026-09-29T19:30:00+00:00,MONITOR_BAR_CLOSED,83423.2,83510.0,15m,2026-09-29 19:30:00+00:00,511.0
2689.3,2698.7,ETH-USD_UM_XPERP-310328,ETH-USD_UM_XPERP-310328|4h|2026-09-29T16:00:00+00:00,MONITOR_BAR_CLOSED,2539.69,2668.16,4h,2026-09-29 16:00:00+00:00,1044777.777
83563.3,83662.2,BTC-USD_UM_XPERP-310328,BTC-USD_UM_XPERP-310328|1h|2026-09-29T19:00:00+00:00,MONITOR_BAR_CLOSED,83357.0,83600.1,1h,2026-09-29 19:00:00+00:00,2901.0
83563.3,83616.5,BTC-USD_UM_XPERP-310328,BTC-USD_UM_XPERP-310328|15m|2026-09-29T19:45:00+00:00,MONITOR_BAR_CLOSED,83357.0,83423.1,15m,2026-09-29 19:45:00+00:00,1726.0
83563.3,83668.4,BTC-USD_UM_XPERP-310328,BTC-USD_UM_XPERP-310328|4h|2026-09-29T16:00:00+00:00,MONITOR_BAR_CLOSED,81732.4,82960.0,4h,2026-09-29 16:00:00+00:00,11261.0
83546.9,83575.8,BTC-USD_UM_XPERP-310328,BTC-USD_UM_XPERP-310328|15m|2026-09-29T20:00:00+00:00,MONITOR_BAR_CLOSED,83482.0,83562.7,15m,2026-09-29 20:00:00+00:00,545.0
83603.6,83625.2,BTC-USD_UM_XPERP-310328,BTC-USD_UM_XPERP-310328|15m|2026-09-29T20:15:00+00:00,MONITOR_BAR_CLOSED,83512.9,83512.9,15m,2026-09-29 20:15:00+00:00,252.0
83622.9,83622.9,BTC-USD_UM_XPERP-310328,BTC-USD_UM_XPERP-310328|15m|2026-09-29T20:30:00+00:00,MONITOR_BAR_CLOSED,83558.6,83584.0,15m,2026-09-29 20:30:00+00:00,7.0
83584.7,83633.3,BTC-USD_UM_XPERP-310328,BTC-USD_UM_XPERP-310328|1h|2026-09-29T20:00:00+00:00,MONITOR_BAR_CLOSED,83482.0,83562.7,1h,2026-09-29 20:00:00+00:00,953.0
83584.7,83633.3,BTC-USD_UM_XPERP-310328,BTC-USD_UM_XPERP-310328|15m|2026-09-29T20:45:00+00:00,MONITOR_BAR_CLOSED,83584.7,83611.1,15m,2026-09-29 20:45:00+00:00,149.0
83510.0,83572.0,BTC-USD_UM_XPERP-310328,BTC-USD_UM_XPERP-310328|15m|2026-09-29T21:00:00+00:00,MONITOR_BAR_CLOSED,83486.1,83572.0,15m,2026-09-29 21:00:00+00:00,245.0
83374.8,83480.0,BTC-USD_UM_XPERP-310328,BTC-USD_UM_XPERP-310328|15m|2026-09-29T21:15:00+00:00,MONITOR_BAR_CLOSED,83350.9,83480.0,15m,2026-09-29 21:15:00+00:00,349.0
83487.8,83509.2,BTC-USD_UM_XPERP-310328,BTC-USD_UM_XPERP-310328|15m|2026-09-29T21:30:00+00:00,MONITOR_BAR_CLOSED,83383.7,83391.6,15m,2026-09-29 21:30:00+00:00,218.0
83458.7,83572.0,BTC-USD_UM_XPERP-310328,BTC-USD_UM_XPERP-310328|1h|2026-09-29T21:00:00+00:00,MONITOR_BAR_CLOSED,83350.9,83572.0,1h,2026-09-29 21:00:00+00:00,915.0
83458.7,83470.0,BTC-USD_UM_XPERP-310328,BTC-USD_UM_XPERP-310328|15m|2026-09-29T21:45:00+00:00,MONITOR_BAR_CLOSED,83394.0,83470.0,15m,2026-09-29 21:45:00+00:00,103.0
83640.0,83687.5,BTC-USD_UM_XPERP-310328,BTC-USD_UM_XPERP-310328|15m|2026-09-29T22:00:00+00:00,MONITOR_BAR_CLOSED,83437.8,83480.0,15m,2026-09-29 22:00:00+00:00,425.0
83563.5,83653.4,BTC-USD_UM_XPERP-310328,BTC-USD_UM_XPERP-310328|15m|2026-09-29T22:15:00+00:00,MONITOR_BAR_CLOSED,83518.3,83622.9,15m,2026-09-29 22:15:00+00:00,413.0
83569.9,83595.4,BTC-USD_UM_XPERP-310328,BTC-USD_UM_XPERP-310328|15m|2026-09-29T22:30:00+00:00,MONITOR_BAR_CLOSED,83509.2,83560.0,15m,2026-09-29 22:30:00+00:00,213.0
83572.0,83687.5,BTC-USD_UM_XPERP-310328,BTC-USD_UM_XPERP-310328|1h|2026-09-29T22:00:00+00:00,MONITOR_BAR_CLOSED,83437.8,83480.0,1h,2026-09-29 22:00:00+00:00,1228.0
83572.0,83613.3,BTC-USD_UM_XPERP-310328,BTC-USD_UM_XPERP-310328|15m|2026-09-29T22:45:00+00:00,MONITOR_BAR_CLOSED,83554.4,83570.0,15m,2026-09-29 22:45:00+00:00,177.0
83810.6,83810.6,BTC-USD_UM_XPERP-310328,BTC-USD_UM_XPERP-310328|15m|2026-09-29T23:00:00+00:00,MONITOR_BAR_CLOSED,83606.0,83606.0,15m,2026-09-29 23:00:00+00:00,574.0
83705.2,83810.2,BTC-USD_UM_XPERP-310328,BTC-USD_UM_XPERP-310328|15m|2026-09-29T23:15:00+00:00,MONITOR_BAR_CLOSED,83699.9,83796.2,15m,2026-09-29 23:15:00+00:00,81.0
83596.0,83681.6,BTC-USD_UM_XPERP-310328,BTC-USD_UM_XPERP-310328|15m|2026-09-29T23:30:00+00:00,MONITOR_BAR_CLOSED,83596.0,83681.6,15m,2026-09-29 23:30:00+00:00,134.0
83630.9,83810.6,BTC-USD_UM_XPERP-310328,BTC-USD_UM_XPERP-310328|4h|2026-09-29T20:00:00+00:00,MONITOR_BAR_CLOSED,83350.9,83562.7,4h,2026-09-29 20:00:00+00:00,3885.0
83630.9,83699.9,BTC-USD_UM_XPERP-310328,BTC-USD_UM_XPERP-310328|15m|2026-09-29T23:45:00+00:00,MONITOR_BAR_CLOSED,83595.4,83640.0,15m,2026-09-29 23:45:00+00:00,0.0
83630.9,83810.6,BTC-USD_UM_XPERP-310328,BTC-USD_UM_XPERP-310328|1h|2026-09-29T23:00:00+00:00,MONITOR_BAR_CLOSED,83595.4,83606.0,1h,2026-09-29 23:00:00+00:00,789.0
2676.74,2754.79,ETH-USD_UM_XPERP-310328,ETH-USD_UM_XPERP-310328|4h|2026-09-29T20:00:00+00:00,MONITOR_BAR_CLOSED,2592.31,2688.82,4h,2026-09-29 20:00:00+00:00,303291.933
83501.3,83688.2,BTC-USD_UM_XPERP-310328,BTC-USD_UM_XPERP-310328|15m|2026-09-30T00:00:00+00:00,MONITOR_BAR_CLOSED,83479.0,83640.0,15m,2026-09-30 00:00:00+00:00,616.0
83534.1,83549.6,BTC-USD_UM_XPERP-310328,BTC-USD_UM_XPERP-310328|15m|2026-09-30T00:15:00+00:00,MONITOR_BAR_CLOSED,83374.8,83487.9,15m,2026-09-30 00:15:00+00:00,686.0
83441.4,83587.3,BTC-USD_UM_XPERP-310328,BTC-USD_UM_XPERP-310328|15m|2026-09-30T00:30:00+00:00,MONITOR_BAR_CLOSED,83423.0,83544.5,15m,2026-09-30 00:30:00+00:00,602.0
83414.9,83442.8,BTC-USD_UM_XPERP-310328,BTC-USD_UM_XPERP-310328|15m|2026-09-30T00:45:00+00:00,MONITOR_BAR_CLOSED,83302.3,83442.8,15m,2026-09-30 00:45:00+00:00,592.0
83414.9,83688.2,BTC-USD_UM_XPERP-310328,BTC-USD_UM_XPERP-310328|1h|2026-09-30T00:00:00+00:00,MONITOR_BAR_CLOSED,83302.3,83640.0,1h,2026-09-30 00:00:00+00:00,2496.0
83391.8,83436.0,BTC-USD_UM_XPERP-310328,BTC-USD_UM_XPERP-310328|15m|2026-09-30T01:00:00+00:00,MONITOR_BAR_CLOSED,83347.1,83368.0,15m,2026-09-30 01:00:00+00:00,1165.0
83389.9,83519.9,BTC-USD_UM_XPERP-310328,BTC-USD_UM_XPERP-310328|15m|2026-09-30T01:15:00+00:00,MONITOR_BAR_CLOSED,83358.3,83394.4,15m,2026-09-30 01:15:00+00:00,781.0
83405.0,83405.0,BTC-USD_UM_XPERP-310328,BTC-USD_UM_XPERP-310328|15m|2026-09-30T01:30:00+00:00,MONITOR_BAR_CLOSED,83300.1,83386.7,15m,2026-09-30 01:30:00+00:00,1830.0
83404.8,83457.7,BTC-USD_UM_XPERP-310328,BTC-USD_UM_XPERP-310328|15m|2026-09-30T01:45:00+00:00,MONITOR_BAR_CLOSED,83364.1,83414.3,15m,2026-09-30 01:45:00+00:00,368.0
83404.8,83519.9,BTC-USD_UM_XPERP-310328,BTC-USD_UM_XPERP-310328|1h|2026-09-30T01:00:00+00:00,MONITOR_BAR_CLOSED,83300.1,83368.0,1h,2026-09-30 01:00:00+00:00,4144.0
