family,experiment_id,run_id,backtest_id,configuration_id,symbol,timeframe,mode,period,year,scenario,closed_trades,winners,losers,breakeven_trades,net_pnl,expectancy,profit_factor,win_rate_pct,median_net_pnl,sample_status,diagnostic,removed_trades,removed_net_pnl,interpretation,evidence_source
donchian_atr,eth_short_historical_falsification_v1_donchian_atr,20261008T183843Z-788bbf8b61dc,f128848419354982a4745b26307c5749,ff43266d9f6c730a,ETHUSDT,1h,SHORT_ONLY,HISTORICAL_CHALLENGE/year_2020,2020.0,base,42,14,28,0,70.89366214250417,1.68794433672629,1.0324053823628268,33.333333333333336,-64.59395325159532,DESCRIPTIVE_SAMPLE,complete,0,0.0,"descriptive deletion of net PnL; no resimulation, return or drawdown",historical
donchian_atr,eth_short_historical_falsification_v1_donchian_atr,20261008T183843Z-788bbf8b61dc,f128848419354982a4745b26307c5749,ff43266d9f6c730a,ETHUSDT,1h,SHORT_ONLY,HISTORICAL_CHALLENGE/year_2020,2020.0,base,41,13,28,0,-139.71200030330402,-3.4076097634952203,0.9361378626286324,31.70731707317073,-66.28769107585055,DESCRIPTIVE_SAMPLE,without_best,1,210.6056624458082,"descriptive deletion of net PnL; no resimulation, return or drawdown",historical
donchian_atr,eth_short_historical_falsification_v1_donchian_atr,20261008T183843Z-788bbf8b61dc,f128848419354982a4745b26307c5749,ff43266d9f6c730a,ETHUSDT,1h,SHORT_ONLY,HISTORICAL_CHALLENGE/year_2020,2020.0,base,39,11,28,0,-556.6266219276317,-14.27247748532389,0.7455668395203553,28.205128205128204,-66.38924920260571,DESCRIPTIVE_SAMPLE,without_top_5pct,3,627.5202840701359,"descriptive deletion of net PnL; no resimulation, return or drawdown",historical
donchian_atr,eth_short_historical_falsification_v1_donchian_atr,20261008T183843Z-788bbf8b61dc,f128848419354982a4745b26307c5749,ff43266d9f6c730a,ETHUSDT,1h,SHORT_ONLY,HISTORICAL_CHALLENGE/year_2020,2020.0,base,37,9,28,0,-956.1492660852052,-25.84187205635689,0.5629456621785864,24.324324324324323,-67.7425496372282,DESCRIPTIVE_SAMPLE,without_top_10pct,5,1027.0429282277094,"descriptive deletion of net PnL; no resimulation, return or drawdown",historical
donchian_atr,eth_short_historical_falsification_v1_donchian_atr,20261008T183843Z-788bbf8b61dc,1a07e55ac59042e492bff5effedefc4a,ff43266d9f6c730a,ETHUSDT,1h,SHORT_ONLY,HISTORICAL_CHALLENGE/year_2020,2020.0,adverse,42,14,28,0,-70.05662185166015,-1.6680148059919084,0.968845794443586,33.333333333333336,-67.22942657942525,DESCRIPTIVE_SAMPLE,complete,0,0.0,"descriptive deletion of net PnL; no resimulation, return or drawdown",historical
donchian_atr,eth_short_historical_falsification_v1_donchian_atr,20261008T183843Z-788bbf8b61dc,1a07e55ac59042e492bff5effedefc4a,ff43266d9f6c730a,ETHUSDT,1h,SHORT_ONLY,HISTORICAL_CHALLENGE/year_2020,2020.0,adverse,41,13,28,0,-273.9938455908886,-6.682776721728991,0.8781548358868144,31.70731707317073,-68.85964761567102,DESCRIPTIVE_SAMPLE,without_best,1,203.9372237392284,"descriptive deletion of net PnL; no resimulation, return or drawdown",historical
donchian_atr,eth_short_historical_falsification_v1_donchian_atr,20261008T183843Z-788bbf8b61dc,1a07e55ac59042e492bff5effedefc4a,ff43266d9f6c730a,ETHUSDT,1h,SHORT_ONLY,HISTORICAL_CHALLENGE/year_2020,2020.0,adverse,39,11,28,0,-677.4240733334054,-17.369848034189882,0.6987492649277366,28.205128205128204,-69.60200375414233,DESCRIPTIVE_SAMPLE,without_top_5pct,3,607.3674514817453,"descriptive deletion of net PnL; no resimulation, return or drawdown",historical
donchian_atr,eth_short_historical_falsification_v1_donchian_atr,20261008T183843Z-788bbf8b61dc,1a07e55ac59042e492bff5effedefc4a,ff43266d9f6c730a,ETHUSDT,1h,SHORT_ONLY,HISTORICAL_CHALLENGE/year_2020,2020.0,adverse,37,9,28,0,-1059.4005886850127,-28.63244834283818,0.5288841677755433,24.324324324324323,-71.08747560852657,DESCRIPTIVE_SAMPLE,without_top_10pct,5,989.3439668333524,"descriptive deletion of net PnL; no resimulation, return or drawdown",historical
donchian_atr,eth_short_historical_falsification_v1_donchian_atr,20261008T183843Z-788bbf8b61dc,a76c5e6cb7a840efa3e4c5a9d3bff4f4,ff43266d9f6c730a,ETHUSDT,1h,SHORT_ONLY,HISTORICAL_CHALLENGE/year_2021,2021.0,base,43,18,25,0,544.2953229518829,12.658030766322858,1.234704699281921,41.86046511627907,-74.38048214607832,DESCRIPTIVE_SAMPLE,complete,0,0.0,"descriptive deletion of net PnL; no resimulation, return or drawdown",historical
donchian_atr,eth_short_historical_falsification_v1_donchian_atr,20261008T183843Z-788bbf8b61dc,a76c5e6cb7a840efa3e4c5a9d3bff4f4,ff43266d9f6c730a,ETHUSDT,1h,SHORT_ONLY,HISTORICAL_CHALLENGE/year_2021,2021.0,base,42,17,25,0,344.4392276621857,8.200933991956802,1.148525078097166,40.47619047619048,-74.82641624682643,DESCRIPTIVE_SAMPLE,without_best,1,199.85609528969732,"descriptive deletion of net PnL; no resimulation, return or drawdown",historical
donchian_atr,eth_short_historical_falsification_v1_donchian_atr,20261008T183843Z-788bbf8b61dc,a76c5e6cb7a840efa3e4c5a9d3bff4f4,ff43266d9f6c730a,ETHUSDT,1h,SHORT_ONLY,HISTORICAL_CHALLENGE/year_2021,2021.0,base,40,15,25,0,-46.08602746881266,-1.1521506867203164,0.9801273191922644,37.5,-75.90512497037612,DESCRIPTIVE_SAMPLE,without_top_5pct,3,590.3813504206958,"descriptive deletion of net PnL; no resimulation, return or drawdown",historical
donchian_atr,eth_short_historical_falsification_v1_donchian_atr,20261008T183843Z-788bbf8b61dc,a76c5e6cb7a840efa3e4c5a9d3bff4f4,ff43266d9f6c730a,ETHUSDT,1h,SHORT_ONLY,HISTORICAL_CHALLENGE/year_2021,2021.0,base,38,13,25,0,-433.0686577185816,-11.3965436241732,0.813257169789698,34.21052631578947,-77.47336583161606,DESCRIPTIVE_SAMPLE,without_top_10pct,5,977.3639806704646,"descriptive deletion of net PnL; no resimulation, return or drawdown",historical
donchian_atr,eth_short_historical_falsification_v1_donchian_atr,20261008T183843Z-788bbf8b61dc,3c5eac206f334eea806cfab503f61625,ff43266d9f6c730a,ETHUSDT,1h,SHORT_ONLY,HISTORICAL_CHALLENGE/year_2021,2021.0,adverse,44,16,28,0,-128.35720742912733,-2.917209259752894,0.9498782844263036,36.36363636363637,-76.87659241148094,DESCRIPTIVE_SAMPLE,complete,0,0.0,"descriptive deletion of net PnL; no resimulation, return or drawdown",historical
donchian_atr,eth_short_historical_falsification_v1_donchian_atr,20261008T183843Z-788bbf8b61dc,3c5eac206f334eea806cfab503f61625,ff43266d9f6c730a,ETHUSDT,1h,SHORT_ONLY,HISTORICAL_CHALLENGE/year_2021,2021.0,adverse,43,15,28,0,-325.4006459663284,-7.567456882937869,0.872935544865084,34.88372093023256,-76.92898903840673,DESCRIPTIVE_SAMPLE,without_best,1,197.04343853720107,"descriptive deletion of net PnL; no resimulation, return or drawdown",historical
donchian_atr,eth_short_historical_falsification_v1_donchian_atr,20261008T183843Z-788bbf8b61dc,3c5eac206f334eea806cfab503f61625,ff43266d9f6c730a,ETHUSDT,1h,SHORT_ONLY,HISTORICAL_CHALLENGE/year_2021,2021.0,adverse,41,13,28,0,-704.1279506869229,-17.173852455778608,0.7250477664738345,31.70731707317073,-77.18126783663004,DESCRIPTIVE_SAMPLE,without_top_5pct,3,575.7707432577956,"descriptive deletion of net PnL; no resimulation, return or drawdown",historical
donchian_atr,eth_short_historical_falsification_v1_donchian_atr,20261008T183843Z-788bbf8b61dc,3c5eac206f334eea806cfab503f61625,ff43266d9f6c730a,ETHUSDT,1h,SHORT_ONLY,HISTORICAL_CHALLENGE/year_2021,2021.0,adverse,39,11,28,0,-1069.7909958116418,-27.430538354144662,0.5822614009035751,28.205128205128204,-83.73636677138798,DESCRIPTIVE_SAMPLE,without_top_10pct,5,941.4337883825144,"descriptive deletion of net PnL; no resimulation, return or drawdown",historical
donchian_atr,eth_short_historical_falsification_v1_donchian_atr,20261008T183843Z-788bbf8b61dc,ed6494fe09234f098686612fe164a478,ff43266d9f6c730a,ETHUSDT,1h,SHORT_ONLY,HISTORICAL_CHALLENGE/year_2022,2022.0,base,71,30,41,0,1101.4929688165605,15.513985476289584,1.3280010852008908,42.25352112676056,-51.184710645280944,DESCRIPTIVE_SAMPLE,complete,0,0.0,"descriptive deletion of net PnL; no resimulation, return or drawdown",historical
donchian_atr,eth_short_historical_falsification_v1_donchian_atr,20261008T183843Z-788bbf8b61dc,ed6494fe09234f098686612fe164a478,ff43266d9f6c730a,ETHUSDT,1h,SHORT_ONLY,HISTORICAL_CHALLENGE/year_2022,2022.0,base,70,29,41,0,882.4583893688592,12.606548419555132,1.2627772646325623,41.42857142857143,-51.18854971799662,DESCRIPTIVE_SAMPLE,without_best,1,219.03457944770147,"descriptive deletion of net PnL; no resimulation, return or drawdown",historical
donchian_atr,eth_short_historical_falsification_v1_donchian_atr,20261008T183843Z-788bbf8b61dc,ed6494fe09234f098686612fe164a478,ff43266d9f6c730a,ETHUSDT,1h,SHORT_ONLY,HISTORICAL_CHALLENGE/year_2022,2022.0,base,67,26,41,0,237.66354329711996,3.5472170641361185,1.0707711282060182,38.80597014925373,-51.90647769952362,DESCRIPTIVE_SAMPLE,without_top_5pct,4,863.8294255194406,"descriptive deletion of net PnL; no resimulation, return or drawdown",historical
donchian_atr,eth_short_historical_falsification_v1_donchian_atr,20261008T183843Z-788bbf8b61dc,ed6494fe09234f098686612fe164a478,ff43266d9f6c730a,ETHUSDT,1h,SHORT_ONLY,HISTORICAL_CHALLENGE/year_2022,2022.0,base,63,22,41,0,-572.0382550676494,-9.0799723026611,0.8296592227545485,34.92063492063492,-52.92537674629934,DESCRIPTIVE_SAMPLE,without_top_10pct,8,1673.53122388421,"descriptive deletion of net PnL; no resimulation, return or drawdown",historical
donchian_atr,eth_short_historical_falsification_v1_donchian_atr,20261008T183843Z-788bbf8b61dc,b4addf082b38453291a8b591dc00103b,ff43266d9f6c730a,ETHUSDT,1h,SHORT_ONLY,HISTORICAL_CHALLENGE/year_2022,2022.0,adverse,71,30,41,0,824.0248834185717,11.60598427350101,1.2381983284162357,42.25352112676056,-53.92665986718571,DESCRIPTIVE_SAMPLE,complete,0,0.0,"descriptive deletion of net PnL; no resimulation, return or drawdown",historical
donchian_atr,eth_short_historical_falsification_v1_donchian_atr,20261008T183843Z-788bbf8b61dc,b4addf082b38453291a8b591dc00103b,ff43266d9f6c730a,ETHUSDT,1h,SHORT_ONLY,HISTORICAL_CHALLENGE/year_2022,2022.0,adverse,70,29,41,0,612.632038949348,8.751886270704972,1.1770916516580958,41.42857142857143,-53.948117879804094,DESCRIPTIVE_SAMPLE,without_best,1,211.3928444692238,"descriptive deletion of net PnL; no resimulation, return or drawdown",historical
donchian_atr,eth_short_historical_falsification_v1_donchian_atr,20261008T183843Z-788bbf8b61dc,b4addf082b38453291a8b591dc00103b,ff43266d9f6c730a,ETHUSDT,1h,SHORT_ONLY,HISTORICAL_CHALLENGE/year_2022,2022.0,adverse,67,26,41,0,-1.313082387655598,-0.0195982445918745,0.9996204313290702,38.80597014925373,-54.88904909787237,DESCRIPTIVE_SAMPLE,without_top_5pct,4,825.3379658062272,"descriptive deletion of net PnL; no resimulation, return or drawdown",historical
donchian_atr,eth_short_historical_falsification_v1_donchian_atr,20261008T183843Z-788bbf8b61dc,b4addf082b38453291a8b591dc00103b,ff43266d9f6c730a,ETHUSDT,1h,SHORT_ONLY,HISTORICAL_CHALLENGE/year_2022,2022.0,adverse,63,22,41,0,-775.9884887799417,-12.317277599681614,0.7756874038429592,34.92063492063492,-56.08465892606158,DESCRIPTIVE_SAMPLE,without_top_10pct,8,1600.0133721985133,"descriptive deletion of net PnL; no resimulation, return or drawdown",historical
donchian_atr,eth_short_historical_falsification_v1_donchian_atr,20261008T183843Z-788bbf8b61dc,7592a9fe74ad486997ef272268f65494,e0dd4c731d1d27f0,ETHUSDT,1h,SHORT_ONLY,HISTORICAL_CHALLENGE/year_2020,2020.0,base,40,13,27,0,26.634831315772203,0.6658707828943051,1.0125428886036232,32.5,-64.31007654221098,DESCRIPTIVE_SAMPLE,complete,0,0.0,"descriptive deletion of net PnL; no resimulation, return or drawdown",historical
donchian_atr,eth_short_historical_falsification_v1_donchian_atr,20261008T183843Z-788bbf8b61dc,7592a9fe74ad486997ef272268f65494,e0dd4c731d1d27f0,ETHUSDT,1h,SHORT_ONLY,HISTORICAL_CHALLENGE/year_2020,2020.0,base,39,12,27,0,-183.97083113003583,-4.717200798206047,0.9133643606064976,30.76923076923077,-65.99636771269635,DESCRIPTIVE_SAMPLE,without_best,1,210.6056624458082,"descriptive deletion of net PnL; no resimulation, return or drawdown",historical
donchian_atr,eth_short_historical_falsification_v1_donchian_atr,20261008T183843Z-788bbf8b61dc,7592a9fe74ad486997ef272268f65494,e0dd4c731d1d27f0,ETHUSDT,1h,SHORT_ONLY,HISTORICAL_CHALLENGE/year_2020,2020.0,base,38,11,27,0,-394.3225149774891,-10.376908288881292,0.8143054363428857,28.94736842105263,-66.19280845765104,DESCRIPTIVE_SAMPLE,without_top_5pct,2,420.95734629326137,"descriptive deletion of net PnL; no resimulation, return or drawdown",historical
donchian_atr,eth_short_historical_falsification_v1_donchian_atr,20261008T183843Z-788bbf8b61dc,7592a9fe74ad486997ef272268f65494,e0dd4c731d1d27f0,ETHUSDT,1h,SHORT_ONLY,HISTORICAL_CHALLENGE/year_2020,2020.0,base,36,9,27,0,-804.1305702917342,-22.336960285881503,0.621318413983552,25.0,-67.06589941991695,DESCRIPTIVE_SAMPLE,without_top_10pct,4,830.7654016075064,"descriptive deletion of net PnL; no resimulation, return or drawdown",historical
donchian_atr,eth_short_historical_falsification_v1_donchian_atr,20261008T183843Z-788bbf8b61dc,edd4eaf5bf994e1ab5206931bdfc8f2e,e0dd4c731d1d27f0,ETHUSDT,1h,SHORT_ONLY,HISTORICAL_CHALLENGE/year_2020,2020.0,adverse,40,13,27,0,-107.07588413964731,-2.676897103491183,0.9509286117690476,32.5,-66.99432265342028,DESCRIPTIVE_SAMPLE,complete,0,0.0,"descriptive deletion of net PnL; no resimulation, return or drawdown",historical
donchian_atr,eth_short_historical_falsification_v1_donchian_atr,20261008T183843Z-788bbf8b61dc,edd4eaf5bf994e1ab5206931bdfc8f2e,e0dd4c731d1d27f0,ETHUSDT,1h,SHORT_ONLY,HISTORICAL_CHALLENGE/year_2020,2020.0,adverse,39,12,27,0,-311.0131078788758,-7.974695073817329,0.8574670189812762,30.76923076923077,-68.60292710673549,DESCRIPTIVE_SAMPLE,without_best,1,203.9372237392284,"descriptive deletion of net PnL; no resimulation, return or drawdown",historical
donchian_atr,eth_short_historical_falsification_v1_donchian_atr,20261008T183843Z-788bbf8b61dc,edd4eaf5bf994e1ab5206931bdfc8f2e,e0dd4c731d1d27f0,ETHUSDT,1h,SHORT_ONLY,HISTORICAL_CHALLENGE/year_2020,2020.0,adverse,38,11,27,0,-514.4019097090769,-13.53689236076518,0.7642567603256345,28.94736842105263,-69.10246543043891,DESCRIPTIVE_SAMPLE,without_top_5pct,2,407.32602556942953,"descriptive deletion of net PnL; no resimulation, return or drawdown",historical
donchian_atr,eth_short_historical_falsification_v1_donchian_atr,20261008T183843Z-788bbf8b61dc,edd4eaf5bf994e1ab5206931bdfc8f2e,e0dd4c731d1d27f0,ETHUSDT,1h,SHORT_ONLY,HISTORICAL_CHALLENGE/year_2020,2020.0,adverse,36,9,27,0,-907.6218498333444,-25.211718050926237,0.5840495316202018,25.0,-70.34473968133446,DESCRIPTIVE_SAMPLE,without_top_10pct,4,800.5459656936971,"descriptive deletion of net PnL; no resimulation, return or drawdown",historical
donchian_atr,eth_short_historical_falsification_v1_donchian_atr,20261008T183843Z-788bbf8b61dc,5bd2e23d5e364a738a51ea73f4d67f7f,e0dd4c731d1d27f0,ETHUSDT,1h,SHORT_ONLY,HISTORICAL_CHALLENGE/year_2021,2021.0,base,41,17,24,0,525.6865305114734,12.821622695401793,1.2351097540285965,41.46341463414634,-74.59013467064474,DESCRIPTIVE_SAMPLE,complete,0,0.0,"descriptive deletion of net PnL; no resimulation, return or drawdown",historical
donchian_atr,eth_short_historical_falsification_v1_donchian_atr,20261008T183843Z-788bbf8b61dc,5bd2e23d5e364a738a51ea73f4d67f7f,e0dd4c731d1d27f0,ETHUSDT,1h,SHORT_ONLY,HISTORICAL_CHALLENGE/year_2021,2021.0,base,40,16,24,0,325.7926956177704,8.14481739044426,1.1457085850316182,40.0,-74.86484097528414,DESCRIPTIVE_SAMPLE,without_best,1,199.89383489370312,"descriptive deletion of net PnL; no resimulation, return or drawdown",historical
donchian_atr,eth_short_historical_falsification_v1_donchian_atr,20261008T183843Z-788bbf8b61dc,5bd2e23d5e364a738a51ea73f4d67f7f,e0dd4c731d1d27f0,ETHUSDT,1h,SHORT_ONLY,HISTORICAL_CHALLENGE/year_2021,2021.0,base,38,14,24,0,-68.75055772632065,-1.8092252033242275,0.9692517769084986,36.8421052631579,-76.70499665903566,DESCRIPTIVE_SAMPLE,without_top_5pct,3,594.4370882377942,"descriptive deletion of net PnL; no resimulation, return or drawdown",historical
donchian_atr,eth_short_historical_falsification_v1_donchian_atr,20261008T183843Z-788bbf8b61dc,5bd2e23d5e364a738a51ea73f4d67f7f,e0dd4c731d1d27f0,ETHUSDT,1h,SHORT_ONLY,HISTORICAL_CHALLENGE/year_2021,2021.0,base,36,12,24,0,-457.7479174576639,-12.715219929379552,0.7952753322862156,33.333333333333336,-81.85233955591553,DESCRIPTIVE_SAMPLE,without_top_10pct,5,983.4344479691372,"descriptive deletion of net PnL; no resimulation, return or drawdown",historical
donchian_atr,eth_short_historical_falsification_v1_donchian_atr,20261008T183843Z-788bbf8b61dc,255e0563367140de9e051fde3160ab09,e0dd4c731d1d27f0,ETHUSDT,1h,SHORT_ONLY,HISTORICAL_CHALLENGE/year_2021,2021.0,adverse,41,16,25,0,119.97160478151793,2.926136701988242,1.0512571912523128,39.02439024390244,-77.62748103783152,DESCRIPTIVE_SAMPLE,complete,0,0.0,"descriptive deletion of net PnL; no resimulation, return or drawdown",historical
donchian_atr,eth_short_historical_falsification_v1_donchian_atr,20261008T183843Z-788bbf8b61dc,255e0563367140de9e051fde3160ab09,e0dd4c731d1d27f0,ETHUSDT,1h,SHORT_ONLY,HISTORICAL_CHALLENGE/year_2021,2021.0,adverse,40,15,25,0,-77.14147795004078,-1.92853694875102,0.9670417387850054,37.5,-78.24581647574314,DESCRIPTIVE_SAMPLE,without_best,1,197.11308273155868,"descriptive deletion of net PnL; no resimulation, return or drawdown",historical
donchian_atr,eth_short_historical_falsification_v1_donchian_atr,20261008T183843Z-788bbf8b61dc,255e0563367140de9e051fde3160ab09,e0dd4c731d1d27f0,ETHUSDT,1h,SHORT_ONLY,HISTORICAL_CHALLENGE/year_2021,2021.0,adverse,38,13,25,0,-457.9022330237562,-12.050058763783058,0.8043638544662062,34.21052631578947,-82.35350110176157,DESCRIPTIVE_SAMPLE,without_top_5pct,3,577.8738378052741,"descriptive deletion of net PnL; no resimulation, return or drawdown",historical
donchian_atr,eth_short_historical_falsification_v1_donchian_atr,20261008T183843Z-788bbf8b61dc,255e0563367140de9e051fde3160ab09,e0dd4c731d1d27f0,ETHUSDT,1h,SHORT_ONLY,HISTORICAL_CHALLENGE/year_2021,2021.0,adverse,36,11,25,0,-827.3890944263668,-22.98303040073241,0.6465026776100637,30.55555555555556,-88.14893655372407,DESCRIPTIVE_SAMPLE,without_top_10pct,5,947.3606992078844,"descriptive deletion of net PnL; no resimulation, return or drawdown",historical
donchian_atr,eth_short_historical_falsification_v1_donchian_atr,20261008T183843Z-788bbf8b61dc,9e036cc5423f4ced87926ad3081f56bb,e0dd4c731d1d27f0,ETHUSDT,1h,SHORT_ONLY,HISTORICAL_CHALLENGE/year_2022,2022.0,base,69,30,39,0,1300.1627267111353,18.842938068277324,1.4008773374967525,43.47826086956522,-51.69709444471425,DESCRIPTIVE_SAMPLE,complete,0,0.0,"descriptive deletion of net PnL; no resimulation, return or drawdown",historical
donchian_atr,eth_short_historical_falsification_v1_donchian_atr,20261008T183843Z-788bbf8b61dc,9e036cc5423f4ced87926ad3081f56bb,e0dd4c731d1d27f0,ETHUSDT,1h,SHORT_ONLY,HISTORICAL_CHALLENGE/year_2022,2022.0,base,68,29,39,0,1078.2815313113342,15.85708134281374,1.3324650218495655,42.64705882352941,-51.89889312540516,DESCRIPTIVE_SAMPLE,without_best,1,221.88119539980133,"descriptive deletion of net PnL; no resimulation, return or drawdown",historical
donchian_atr,eth_short_historical_falsification_v1_donchian_atr,20261008T183843Z-788bbf8b61dc,9e036cc5423f4ced87926ad3081f56bb,e0dd4c731d1d27f0,ETHUSDT,1h,SHORT_ONLY,HISTORICAL_CHALLENGE/year_2022,2022.0,base,65,26,39,0,424.05755077376455,6.523962319596378,1.130749065795477,40.0,-52.108525693930304,DESCRIPTIVE_SAMPLE,without_top_5pct,4,876.1051759373707,"descriptive deletion of net PnL; no resimulation, return or drawdown",historical
donchian_atr,eth_short_historical_falsification_v1_donchian_atr,20261008T183843Z-788bbf8b61dc,9e036cc5423f4ced87926ad3081f56bb,e0dd4c731d1d27f0,ETHUSDT,1h,SHORT_ONLY,HISTORICAL_CHALLENGE/year_2022,2022.0,base,62,23,39,0,-195.24742807759048,-3.1491520657675887,0.9397996362202878,37.096774193548384,-53.49929908781908,DESCRIPTIVE_SAMPLE,without_top_10pct,7,1495.4101547887258,"descriptive deletion of net PnL; no resimulation, return or drawdown",historical
donchian_atr,eth_short_historical_falsification_v1_donchian_atr,20261008T183843Z-788bbf8b61dc,2b162eaa9592480e885052fad853ba89,e0dd4c731d1d27f0,ETHUSDT,1h,SHORT_ONLY,HISTORICAL_CHALLENGE/year_2022,2022.0,adverse,69,30,39,0,1022.7709139702074,14.82276686913344,1.3058427982670742,43.47826086956522,-54.427324222402376,DESCRIPTIVE_SAMPLE,complete,0,0.0,"descriptive deletion of net PnL; no resimulation, return or drawdown",historical
donchian_atr,eth_short_historical_falsification_v1_donchian_atr,20261008T183843Z-788bbf8b61dc,2b162eaa9592480e885052fad853ba89,e0dd4c731d1d27f0,ETHUSDT,1h,SHORT_ONLY,HISTORICAL_CHALLENGE/year_2022,2022.0,adverse,68,29,39,0,808.606014467065,11.89126491863331,1.241800312056388,42.64705882352941,-54.67208613216145,DESCRIPTIVE_SAMPLE,without_best,1,214.16489950314264,"descriptive deletion of net PnL; no resimulation, return or drawdown",historical
donchian_atr,eth_short_historical_falsification_v1_donchian_atr,20261008T183843Z-788bbf8b61dc,2b162eaa9592480e885052fad853ba89,e0dd4c731d1d27f0,ETHUSDT,1h,SHORT_ONLY,HISTORICAL_CHALLENGE/year_2022,2022.0,adverse,65,26,39,0,185.5376622865697,2.8544255736395345,1.0554819823702075,40.0,-54.9605240916512,DESCRIPTIVE_SAMPLE,without_top_5pct,4,837.233251683638,"descriptive deletion of net PnL; no resimulation, return or drawdown",historical
donchian_atr,eth_short_historical_falsification_v1_donchian_atr,20261008T183843Z-788bbf8b61dc,2b162eaa9592480e885052fad853ba89,e0dd4c731d1d27f0,ETHUSDT,1h,SHORT_ONLY,HISTORICAL_CHALLENGE/year_2022,2022.0,adverse,62,23,39,0,-408.3524189551742,-6.5863293379866805,0.8778889340843955,37.096774193548384,-56.61121555700354,DESCRIPTIVE_SAMPLE,without_top_10pct,7,1431.123332925382,"descriptive deletion of net PnL; no resimulation, return or drawdown",historical
donchian_atr,eth_short_historical_falsification_v1_donchian_atr,20261008T183843Z-788bbf8b61dc,fab433c8757b48d2bd471dcd7a04f1ba,827790540ac7604f,ETHUSDT,1h,SHORT_ONLY,HISTORICAL_CHALLENGE/year_2020,2020.0,base,38,13,25,0,144.79247319921842,3.810328242084695,1.0724192425366448,34.21052631578947,-64.6412279336913,DESCRIPTIVE_SAMPLE,complete,0,0.0,"descriptive deletion of net PnL; no resimulation, return or drawdown",historical
donchian_atr,eth_short_historical_falsification_v1_donchian_atr,20261008T183843Z-788bbf8b61dc,fab433c8757b48d2bd471dcd7a04f1ba,827790540ac7604f,ETHUSDT,1h,SHORT_ONLY,HISTORICAL_CHALLENGE/year_2020,2020.0,base,37,12,25,0,-65.6345772492818,-1.7739074932238326,0.9671722827604028,32.432432432432435,-66.33294525543207,DESCRIPTIVE_SAMPLE,without_best,1,210.42705044850032,"descriptive deletion of net PnL; no resimulation, return or drawdown",historical
donchian_atr,eth_short_historical_falsification_v1_donchian_atr,20261008T183843Z-788bbf8b61dc,fab433c8757b48d2bd471dcd7a04f1ba,827790540ac7604f,ETHUSDT,1h,SHORT_ONLY,HISTORICAL_CHALLENGE/year_2020,2020.0,base,36,11,25,0,-275.8078709823528,-7.661329749509799,0.862052241661036,30.55555555555556,-67.0090216916874,DESCRIPTIVE_SAMPLE,without_top_5pct,2,420.6003441815713,"descriptive deletion of net PnL; no resimulation, return or drawdown",historical
donchian_atr,eth_short_historical_falsification_v1_donchian_atr,20261008T183843Z-788bbf8b61dc,fab433c8757b48d2bd471dcd7a04f1ba,827790540ac7604f,ETHUSDT,1h,SHORT_ONLY,HISTORICAL_CHALLENGE/year_2020,2020.0,base,34,9,25,0,-685.2683699384406,-20.15495205701296,0.6572569333974799,26.47058823529412,-69.13986433930484,DESCRIPTIVE_SAMPLE,without_top_10pct,4,830.060843137659,"descriptive deletion of net PnL; no resimulation, return or drawdown",historical
donchian_atr,eth_short_historical_falsification_v1_donchian_atr,20261008T183843Z-788bbf8b61dc,db6ba185c03c4ba794ad8b491b248f36,827790540ac7604f,ETHUSDT,1h,SHORT_ONLY,HISTORICAL_CHALLENGE/year_2020,2020.0,adverse,38,13,25,0,16.37594942065752,0.4309460373857242,1.007977611324882,34.21052631578947,-67.62999661617965,DESCRIPTIVE_SAMPLE,complete,0,0.0,"descriptive deletion of net PnL; no resimulation, return or drawdown",historical
donchian_atr,eth_short_historical_falsification_v1_donchian_atr,20261008T183843Z-788bbf8b61dc,db6ba185c03c4ba794ad8b491b248f36,827790540ac7604f,ETHUSDT,1h,SHORT_ONLY,HISTORICAL_CHALLENGE/year_2020,2020.0,adverse,37,12,25,0,-187.38815186127465,-5.064544644899315,0.908713088686541,32.432432432432435,-69.54291729725772,DESCRIPTIVE_SAMPLE,without_best,1,203.7641012819322,"descriptive deletion of net PnL; no resimulation, return or drawdown",historical
donchian_atr,eth_short_historical_falsification_v1_donchian_atr,20261008T183843Z-788bbf8b61dc,db6ba185c03c4ba794ad8b491b248f36,827790540ac7604f,ETHUSDT,1h,SHORT_ONLY,HISTORICAL_CHALLENGE/year_2020,2020.0,adverse,36,11,25,0,-390.60429333397406,-10.850119259277058,0.8097155069300641,30.55555555555556,-70.28502407147081,DESCRIPTIVE_SAMPLE,without_top_5pct,2,406.98024275463166,"descriptive deletion of net PnL; no resimulation, return or drawdown",historical
donchian_atr,eth_short_historical_falsification_v1_donchian_atr,20261008T183843Z-788bbf8b61dc,db6ba185c03c4ba794ad8b491b248f36,827790540ac7604f,ETHUSDT,1h,SHORT_ONLY,HISTORICAL_CHALLENGE/year_2020,2020.0,adverse,34,9,25,0,-783.4904087448681,-23.04383555131965,0.6183194148209153,26.47058823529412,-72.10869356891095,DESCRIPTIVE_SAMPLE,without_top_10pct,4,799.8663581655258,"descriptive deletion of net PnL; no resimulation, return or drawdown",historical
donchian_atr,eth_short_historical_falsification_v1_donchian_atr,20261008T183843Z-788bbf8b61dc,ebad6daa3d29470faad12e967fc573b8,827790540ac7604f,ETHUSDT,1h,SHORT_ONLY,HISTORICAL_CHALLENGE/year_2021,2021.0,base,40,16,24,0,329.0909922448121,8.227274806120302,1.149146601486828,40.0,-73.46650459935421,DESCRIPTIVE_SAMPLE,complete,0,0.0,"descriptive deletion of net PnL; no resimulation, return or drawdown",historical
donchian_atr,eth_short_historical_falsification_v1_donchian_atr,20261008T183843Z-788bbf8b61dc,ebad6daa3d29470faad12e967fc573b8,827790540ac7604f,ETHUSDT,1h,SHORT_ONLY,HISTORICAL_CHALLENGE/year_2021,2021.0,base,39,15,24,0,129.197157351109,3.3127476243874105,1.0585531582290844,38.46153846153846,-73.73611873274753,DESCRIPTIVE_SAMPLE,without_best,1,199.89383489370312,"descriptive deletion of net PnL; no resimulation, return or drawdown",historical
donchian_atr,eth_short_historical_falsification_v1_donchian_atr,20261008T183843Z-788bbf8b61dc,ebad6daa3d29470faad12e967fc573b8,827790540ac7604f,ETHUSDT,1h,SHORT_ONLY,HISTORICAL_CHALLENGE/year_2021,2021.0,base,38,14,24,0,-65.48962589878096,-1.723411207862657,0.9703195913421392,36.8421052631579,-75.27230879411545,DESCRIPTIVE_SAMPLE,without_top_5pct,2,394.580618143593,"descriptive deletion of net PnL; no resimulation, return or drawdown",historical
donchian_atr,eth_short_historical_falsification_v1_donchian_atr,20261008T183843Z-788bbf8b61dc,ebad6daa3d29470faad12e967fc573b8,827790540ac7604f,ETHUSDT,1h,SHORT_ONLY,HISTORICAL_CHALLENGE/year_2021,2021.0,base,36,12,24,0,-452.6638151320969,-12.573994864780468,0.7948492324797798,33.333333333333336,-80.32351696490142,DESCRIPTIVE_SAMPLE,without_top_10pct,4,781.7548073769091,"descriptive deletion of net PnL; no resimulation, return or drawdown",historical
donchian_atr,eth_short_historical_falsification_v1_donchian_atr,20261008T183843Z-788bbf8b61dc,ef1fd455fff24c578e4389ea9f9edf84,827790540ac7604f,ETHUSDT,1h,SHORT_ONLY,HISTORICAL_CHALLENGE/year_2021,2021.0,adverse,40,15,25,0,-60.22338362761508,-1.5055845906903769,0.9739373121225368,37.5,-76.85262223798924,DESCRIPTIVE_SAMPLE,complete,0,0.0,"descriptive deletion of net PnL; no resimulation, return or drawdown",historical
donchian_atr,eth_short_historical_falsification_v1_donchian_atr,20261008T183843Z-788bbf8b61dc,ef1fd455fff24c578e4389ea9f9edf84,827790540ac7604f,ETHUSDT,1h,SHORT_ONLY,HISTORICAL_CHALLENGE/year_2021,2021.0,adverse,39,14,25,0,-257.33646635917387,-6.598370932286509,0.8886332916184229,35.8974358974359,-77.45991173454458,DESCRIPTIVE_SAMPLE,without_best,1,197.11308273155868,"descriptive deletion of net PnL; no resimulation, return or drawdown",historical
donchian_atr,eth_short_historical_falsification_v1_donchian_atr,20261008T183843Z-788bbf8b61dc,ef1fd455fff24c578e4389ea9f9edf84,827790540ac7604f,ETHUSDT,1h,SHORT_ONLY,HISTORICAL_CHALLENGE/year_2021,2021.0,adverse,38,13,25,0,-448.0685361221366,-11.791277266372015,0.8060907624043183,34.21052631578947,-80.88716553341274,DESCRIPTIVE_SAMPLE,without_top_5pct,2,387.8451524945215,"descriptive deletion of net PnL; no resimulation, return or drawdown",historical
donchian_atr,eth_short_historical_falsification_v1_donchian_atr,20261008T183843Z-788bbf8b61dc,ef1fd455fff24c578e4389ea9f9edf84,827790540ac7604f,ETHUSDT,1h,SHORT_ONLY,HISTORICAL_CHALLENGE/year_2021,2021.0,adverse,36,11,25,0,-817.9157464555784,-22.71988184598829,0.6460331265717981,30.55555555555556,-86.57941648880004,DESCRIPTIVE_SAMPLE,without_top_10pct,4,757.6923628279633,"descriptive deletion of net PnL; no resimulation, return or drawdown",historical
donchian_atr,eth_short_historical_falsification_v1_donchian_atr,20261008T183843Z-788bbf8b61dc,5563a5789bbc460a8bc4f7a9e0fae65d,827790540ac7604f,ETHUSDT,1h,SHORT_ONLY,HISTORICAL_CHALLENGE/year_2022,2022.0,base,67,29,38,0,1311.2355947316823,19.57068051838332,1.4102438659611465,43.28358208955224,-52.33116144723435,DESCRIPTIVE_SAMPLE,complete,0,0.0,"descriptive deletion of net PnL; no resimulation, return or drawdown",historical
donchian_atr,eth_short_historical_falsification_v1_donchian_atr,20261008T183843Z-788bbf8b61dc,5563a5789bbc460a8bc4f7a9e0fae65d,827790540ac7604f,ETHUSDT,1h,SHORT_ONLY,HISTORICAL_CHALLENGE/year_2022,2022.0,base,66,28,38,0,1089.3543993318808,16.505369686846677,1.3408243049374675,42.42424242424242,-52.33509026082845,DESCRIPTIVE_SAMPLE,without_best,1,221.88119539980133,"descriptive deletion of net PnL; no resimulation, return or drawdown",historical
donchian_atr,eth_short_historical_falsification_v1_donchian_atr,20261008T183843Z-788bbf8b61dc,5563a5789bbc460a8bc4f7a9e0fae65d,827790540ac7604f,ETHUSDT,1h,SHORT_ONLY,HISTORICAL_CHALLENGE/year_2022,2022.0,base,63,25,38,0,434.1665245159588,6.89153213517395,1.1358368810334112,39.68253968253968,-53.38540091597809,DESCRIPTIVE_SAMPLE,without_top_5pct,4,877.0690702157235,"descriptive deletion of net PnL; no resimulation, return or drawdown",historical
donchian_atr,eth_short_historical_falsification_v1_donchian_atr,20261008T183843Z-788bbf8b61dc,5563a5789bbc460a8bc4f7a9e0fae65d,827790540ac7604f,ETHUSDT,1h,SHORT_ONLY,HISTORICAL_CHALLENGE/year_2022,2022.0,base,60,22,38,0,-185.13845433539632,-3.0856409055899388,0.9420760727135644,36.66666666666666,-54.03045492312685,DESCRIPTIVE_SAMPLE,without_top_10pct,7,1496.3740490670784,"descriptive deletion of net PnL; no resimulation, return or drawdown",historical
donchian_atr,eth_short_historical_falsification_v1_donchian_atr,20261008T183843Z-788bbf8b61dc,cc2a40eda1b843f7979ebac7290e90cc,827790540ac7604f,ETHUSDT,1h,SHORT_ONLY,HISTORICAL_CHALLENGE/year_2022,2022.0,adverse,67,29,38,0,1041.0216355432608,15.537636351391953,1.315994040338892,43.28358208955224,-55.178609465728165,DESCRIPTIVE_SAMPLE,complete,0,0.0,"descriptive deletion of net PnL; no resimulation, return or drawdown",historical
donchian_atr,eth_short_historical_falsification_v1_donchian_atr,20261008T183843Z-788bbf8b61dc,cc2a40eda1b843f7979ebac7290e90cc,827790540ac7604f,ETHUSDT,1h,SHORT_ONLY,HISTORICAL_CHALLENGE/year_2022,2022.0,adverse,66,28,38,0,826.856736040118,12.528132364244213,1.2509859467679505,42.42424242424242,-55.20055497089719,DESCRIPTIVE_SAMPLE,without_best,1,214.16489950314264,"descriptive deletion of net PnL; no resimulation, return or drawdown",historical
donchian_atr,eth_short_historical_falsification_v1_donchian_atr,20261008T183843Z-788bbf8b61dc,cc2a40eda1b843f7979ebac7290e90cc,827790540ac7604f,ETHUSDT,1h,SHORT_ONLY,HISTORICAL_CHALLENGE/year_2022,2022.0,adverse,63,25,38,0,202.79644871788048,3.2189912494901662,1.0615572885411746,39.68253968253968,-56.40229932213988,DESCRIPTIVE_SAMPLE,without_top_5pct,4,838.2251868253805,"descriptive deletion of net PnL; no resimulation, return or drawdown",historical
donchian_atr,eth_short_historical_falsification_v1_donchian_atr,20261008T183843Z-788bbf8b61dc,cc2a40eda1b843f7979ebac7290e90cc,827790540ac7604f,ETHUSDT,1h,SHORT_ONLY,HISTORICAL_CHALLENGE/year_2022,2022.0,adverse,60,22,38,0,-391.0936325238637,-6.518227208731061,0.8812865622840421,36.66666666666666,-57.220615262971,DESCRIPTIVE_SAMPLE,without_top_10pct,7,1432.1152680671244,"descriptive deletion of net PnL; no resimulation, return or drawdown",historical
donchian_atr,eth_short_historical_falsification_v1_donchian_atr,20261008T183843Z-788bbf8b61dc,7066f8176f9f4b638706be6913b9c541,6719be4e317770b6,ETHUSDT,1h,SHORT_ONLY,HISTORICAL_CHALLENGE/year_2020,2020.0,base,34,10,24,0,-283.72326666093863,-8.344801960615841,0.8466065549902415,29.41176470588235,-65.72609043670901,DESCRIPTIVE_SAMPLE,complete,0,0.0,"descriptive deletion of net PnL; no resimulation, return or drawdown",historical
donchian_atr,eth_short_historical_falsification_v1_donchian_atr,20261008T183843Z-788bbf8b61dc,7066f8176f9f4b638706be6913b9c541,6719be4e317770b6,ETHUSDT,1h,SHORT_ONLY,HISTORICAL_CHALLENGE/year_2020,2020.0,base,33,9,24,0,-485.8044648430189,-14.721347419485422,0.7373524514207487,27.272727272727277,-67.61270877236724,DESCRIPTIVE_SAMPLE,without_best,1,202.08119818208036,"descriptive deletion of net PnL; no resimulation, return or drawdown",historical
donchian_atr,eth_short_historical_falsification_v1_donchian_atr,20261008T183843Z-788bbf8b61dc,7066f8176f9f4b638706be6913b9c541,6719be4e317770b6,ETHUSDT,1h,SHORT_ONLY,HISTORICAL_CHALLENGE/year_2020,2020.0,base,32,8,24,0,-684.2458662697218,-21.382683320928805,0.6300661842222852,25.0,-68.3984825646169,DESCRIPTIVE_SAMPLE,without_top_5pct,2,400.52259960878325,"descriptive deletion of net PnL; no resimulation, return or drawdown",historical
donchian_atr,eth_short_historical_falsification_v1_donchian_atr,20261008T183843Z-788bbf8b61dc,7066f8176f9f4b638706be6913b9c541,6719be4e317770b6,ETHUSDT,1h,SHORT_ONLY,HISTORICAL_CHALLENGE/year_2020,2020.0,base,30,6,24,0,-1062.8415226830157,-35.428050756100525,0.425380496346123,20.0,-69.41233733589102,DESCRIPTIVE_SAMPLE,without_top_10pct,4,779.118256022077,"descriptive deletion of net PnL; no resimulation, return or drawdown",historical
donchian_atr,eth_short_historical_falsification_v1_donchian_atr,20261008T183843Z-788bbf8b61dc,06cecb1fff224f57aafe73198a6670ac,6719be4e317770b6,ETHUSDT,1h,SHORT_ONLY,HISTORICAL_CHALLENGE/year_2020,2020.0,adverse,34,10,24,0,-383.5271492588898,-11.280210272320288,0.7979495839131644,29.41176470588235,-68.68768642855935,DESCRIPTIVE_SAMPLE,complete,0,0.0,"descriptive deletion of net PnL; no resimulation, return or drawdown",historical
donchian_atr,eth_short_historical_falsification_v1_donchian_atr,20261008T183843Z-788bbf8b61dc,06cecb1fff224f57aafe73198a6670ac,6719be4e317770b6,ETHUSDT,1h,SHORT_ONLY,HISTORICAL_CHALLENGE/year_2020,2020.0,adverse,33,9,24,0,-579.1489690979141,-17.549968760542853,0.6948917686567578,27.272727272727277,-70.26813569271458,DESCRIPTIVE_SAMPLE,without_best,1,195.62181983902445,"descriptive deletion of net PnL; no resimulation, return or drawdown",historical
donchian_atr,eth_short_historical_falsification_v1_donchian_atr,20261008T183843Z-788bbf8b61dc,06cecb1fff224f57aafe73198a6670ac,6719be4e317770b6,ETHUSDT,1h,SHORT_ONLY,HISTORICAL_CHALLENGE/year_2020,2020.0,adverse,32,8,24,0,-771.5512423681354,-24.11097632400423,0.5935300803240768,25.0,-71.32988960193754,DESCRIPTIVE_SAMPLE,without_top_5pct,2,388.0240931092456,"descriptive deletion of net PnL; no resimulation, return or drawdown",historical
donchian_atr,eth_short_historical_falsification_v1_donchian_atr,20261008T183843Z-788bbf8b61dc,06cecb1fff224f57aafe73198a6670ac,6719be4e317770b6,ETHUSDT,1h,SHORT_ONLY,HISTORICAL_CHALLENGE/year_2020,2020.0,adverse,30,6,24,0,-1134.4016259440716,-37.813387531469054,0.4023726326167772,20.0,-72.59490854637508,DESCRIPTIVE_SAMPLE,without_top_10pct,4,750.874476685182,"descriptive deletion of net PnL; no resimulation, return or drawdown",historical
donchian_atr,eth_short_historical_falsification_v1_donchian_atr,20261008T183843Z-788bbf8b61dc,d687beda999142ecade9c5552874d30a,6719be4e317770b6,ETHUSDT,1h,SHORT_ONLY,HISTORICAL_CHALLENGE/year_2021,2021.0,base,25,11,14,0,552.3313985126792,22.09325594050717,1.412356136824218,44.0,-74.43722015719715,DESCRIPTIVE_SAMPLE,complete,0,0.0,"descriptive deletion of net PnL; no resimulation, return or drawdown",historical
donchian_atr,eth_short_historical_falsification_v1_donchian_atr,20261008T183843Z-788bbf8b61dc,d687beda999142ecade9c5552874d30a,6719be4e317770b6,ETHUSDT,1h,SHORT_ONLY,HISTORICAL_CHALLENGE/year_2021,2021.0,base,24,10,14,0,351.9670972494521,14.66529571872717,1.2627694042052298,41.66666666666666,-78.00777500254907,DESCRIPTIVE_SAMPLE,without_best,1,200.36430126322716,"descriptive deletion of net PnL; no resimulation, return or drawdown",historical
donchian_atr,eth_short_historical_falsification_v1_donchian_atr,20261008T183843Z-788bbf8b61dc,d687beda999142ecade9c5552874d30a,6719be4e317770b6,ETHUSDT,1h,SHORT_ONLY,HISTORICAL_CHALLENGE/year_2021,2021.0,base,23,9,14,0,154.05579602149777,6.698078087891207,1.1150140170808094,39.130434782608695,-81.578329847901,DESCRIPTIVE_SAMPLE,without_top_5pct,2,398.2756024911813,"descriptive deletion of net PnL; no resimulation, return or drawdown",historical
donchian_atr,eth_short_historical_falsification_v1_donchian_atr,20261008T183843Z-788bbf8b61dc,d687beda999142ecade9c5552874d30a,6719be4e317770b6,ETHUSDT,1h,SHORT_ONLY,HISTORICAL_CHALLENGE/year_2021,2021.0,base,22,8,14,0,-42.58402676404562,-1.935637580183892,0.9682078824160169,36.36363636363637,-84.73440019549304,DESCRIPTIVE_SAMPLE,without_top_10pct,3,594.9154252767248,"descriptive deletion of net PnL; no resimulation, return or drawdown",historical
donchian_atr,eth_short_historical_falsification_v1_donchian_atr,20261008T183843Z-788bbf8b61dc,c059caf3840f4efd960a96c7b3669bbc,6719be4e317770b6,ETHUSDT,1h,SHORT_ONLY,HISTORICAL_CHALLENGE/year_2021,2021.0,adverse,25,10,15,0,180.56382212675825,7.222552885070329,1.1249841536899148,40.0,-84.8656698749943,DESCRIPTIVE_SAMPLE,complete,0,0.0,"descriptive deletion of net PnL; no resimulation, return or drawdown",historical
donchian_atr,eth_short_historical_falsification_v1_donchian_atr,20261008T183843Z-788bbf8b61dc,c059caf3840f4efd960a96c7b3669bbc,6719be4e317770b6,ETHUSDT,1h,SHORT_ONLY,HISTORICAL_CHALLENGE/year_2021,2021.0,adverse,24,9,15,0,-14.78414050642661,-0.6160058544344421,0.9897665918484416,37.5,-86.69018863058932,DESCRIPTIVE_SAMPLE,without_best,1,195.3479626331848,"descriptive deletion of net PnL; no resimulation, return or drawdown",historical
donchian_atr,eth_short_historical_falsification_v1_donchian_atr,20261008T183843Z-788bbf8b61dc,c059caf3840f4efd960a96c7b3669bbc,6719be4e317770b6,ETHUSDT,1h,SHORT_ONLY,HISTORICAL_CHALLENGE/year_2021,2021.0,adverse,23,8,15,0,-203.9970677426641,-8.869437727941918,0.8587956293418387,34.78260869565217,-88.51470738618433,DESCRIPTIVE_SAMPLE,without_top_5pct,2,384.5608898694224,"descriptive deletion of net PnL; no resimulation, return or drawdown",historical
donchian_atr,eth_short_historical_falsification_v1_donchian_atr,20261008T183843Z-788bbf8b61dc,c059caf3840f4efd960a96c7b3669bbc,6719be4e317770b6,ETHUSDT,1h,SHORT_ONLY,HISTORICAL_CHALLENGE/year_2021,2021.0,adverse,22,7,15,0,-393.02161292425774,-17.864618769284444,0.7279550626775076,31.818181818181817,-91.43894902964752,DESCRIPTIVE_SAMPLE,without_top_10pct,3,573.585435051016,"descriptive deletion of net PnL; no resimulation, return or drawdown",historical
donchian_atr,eth_short_historical_falsification_v1_donchian_atr,20261008T183843Z-788bbf8b61dc,3b393bde9e7444238d714bee0e77b54f,6719be4e317770b6,ETHUSDT,1h,SHORT_ONLY,HISTORICAL_CHALLENGE/year_2022,2022.0,base,51,24,27,0,1590.6559032181435,31.18933143564988,1.674405218557464,47.05882352941177,-42.449103965580726,DESCRIPTIVE_SAMPLE,complete,0,0.0,"descriptive deletion of net PnL; no resimulation, return or drawdown",historical
donchian_atr,eth_short_historical_falsification_v1_donchian_atr,20261008T183843Z-788bbf8b61dc,3b393bde9e7444238d714bee0e77b54f,6719be4e317770b6,ETHUSDT,1h,SHORT_ONLY,HISTORICAL_CHALLENGE/year_2022,2022.0,base,50,23,27,0,1365.5998744623148,27.31199748924629,1.578986115058286,46.0,-47.82879910323466,DESCRIPTIVE_SAMPLE,without_best,1,225.0560287558289,"descriptive deletion of net PnL; no resimulation, return or drawdown",historical
donchian_atr,eth_short_historical_falsification_v1_donchian_atr,20261008T183843Z-788bbf8b61dc,3b393bde9e7444238d714bee0e77b54f,6719be4e317770b6,ETHUSDT,1h,SHORT_ONLY,HISTORICAL_CHALLENGE/year_2022,2022.0,base,48,21,27,0,920.9528097234288,19.1865168692381,1.3904649520151198,43.75,-53.3024927116266,DESCRIPTIVE_SAMPLE,without_top_5pct,3,669.7030934947148,"descriptive deletion of net PnL; no resimulation, return or drawdown",historical
donchian_atr,eth_short_historical_falsification_v1_donchian_atr,20261008T183843Z-788bbf8b61dc,3b393bde9e7444238d714bee0e77b54f,6719be4e317770b6,ETHUSDT,1h,SHORT_ONLY,HISTORICAL_CHALLENGE/year_2022,2022.0,base,45,18,27,0,287.8910820869779,6.397579601932843,1.122059867091812,40.0,-54.95564465468388,DESCRIPTIVE_SAMPLE,without_top_10pct,6,1302.7648211311655,"descriptive deletion of net PnL; no resimulation, return or drawdown",historical
donchian_atr,eth_short_historical_falsification_v1_donchian_atr,20261008T183843Z-788bbf8b61dc,0e043474e48648aa9c1164c32059f035,6719be4e317770b6,ETHUSDT,1h,SHORT_ONLY,HISTORICAL_CHALLENGE/year_2022,2022.0,adverse,51,24,27,0,1367.9394802963664,26.822342750909144,1.560199239241961,47.05882352941177,-46.45476864005213,DESCRIPTIVE_SAMPLE,complete,0,0.0,"descriptive deletion of net PnL; no resimulation, return or drawdown",historical
donchian_atr,eth_short_historical_falsification_v1_donchian_atr,20261008T183843Z-788bbf8b61dc,0e043474e48648aa9c1164c32059f035,6719be4e317770b6,ETHUSDT,1h,SHORT_ONLY,HISTORICAL_CHALLENGE/year_2022,2022.0,adverse,50,23,27,0,1152.6132580251422,23.05226516050284,1.472018740292511,46.0,-51.38037727141659,DESCRIPTIVE_SAMPLE,without_best,1,215.32622227122403,"descriptive deletion of net PnL; no resimulation, return or drawdown",historical
donchian_atr,eth_short_historical_falsification_v1_donchian_atr,20261008T183843Z-788bbf8b61dc,0e043474e48648aa9c1164c32059f035,6719be4e317770b6,ETHUSDT,1h,SHORT_ONLY,HISTORICAL_CHALLENGE/year_2022,2022.0,adverse,48,21,27,0,724.8790812902743,15.101647526880711,1.2968528328411473,43.75,-56.50442421357978,DESCRIPTIVE_SAMPLE,without_top_5pct,3,643.0603990060922,"descriptive deletion of net PnL; no resimulation, return or drawdown",historical
donchian_atr,eth_short_historical_falsification_v1_donchian_atr,20261008T183843Z-788bbf8b61dc,0e043474e48648aa9c1164c32059f035,6719be4e317770b6,ETHUSDT,1h,SHORT_ONLY,HISTORICAL_CHALLENGE/year_2022,2022.0,adverse,45,18,27,0,116.90940417612188,2.597986759469374,1.0478767958839124,40.0,-58.351443790694375,DESCRIPTIVE_SAMPLE,without_top_10pct,6,1251.0300761202443,"descriptive deletion of net PnL; no resimulation, return or drawdown",historical
donchian_atr,eth_short_historical_falsification_v1_donchian_atr,20261008T183843Z-788bbf8b61dc,73d6708bc6f84f538b65a3789a121669,4c4aa07c4c65af74,ETHUSDT,1h,SHORT_ONLY,HISTORICAL_CHALLENGE/year_2020,2020.0,base,33,10,23,0,-241.2619992386525,-7.31096967389856,0.8666790324950236,30.303030303030305,-67.9081858353885,DESCRIPTIVE_SAMPLE,complete,0,0.0,"descriptive deletion of net PnL; no resimulation, return or drawdown",historical
donchian_atr,eth_short_historical_falsification_v1_donchian_atr,20261008T183843Z-788bbf8b61dc,73d6708bc6f84f538b65a3789a121669,4c4aa07c4c65af74,ETHUSDT,1h,SHORT_ONLY,HISTORICAL_CHALLENGE/year_2020,2020.0,base,32,9,23,0,-443.3431974207328,-13.854474919397898,0.7550093085384152,28.125,-68.54622109612751,DESCRIPTIVE_SAMPLE,without_best,1,202.08119818208036,"descriptive deletion of net PnL; no resimulation, return or drawdown",historical
donchian_atr,eth_short_historical_falsification_v1_donchian_atr,20261008T183843Z-788bbf8b61dc,73d6708bc6f84f538b65a3789a121669,4c4aa07c4c65af74,ETHUSDT,1h,SHORT_ONLY,HISTORICAL_CHALLENGE/year_2020,2020.0,base,31,8,23,0,-641.7845988474357,-20.702728995078573,0.6453509300339696,25.806451612903224,-69.18425635686654,DESCRIPTIVE_SAMPLE,without_top_5pct,2,400.52259960878325,"descriptive deletion of net PnL; no resimulation, return or drawdown",historical
donchian_atr,eth_short_historical_falsification_v1_donchian_atr,20261008T183843Z-788bbf8b61dc,73d6708bc6f84f538b65a3789a121669,4c4aa07c4c65af74,ETHUSDT,1h,SHORT_ONLY,HISTORICAL_CHALLENGE/year_2020,2020.0,base,29,6,23,0,-1021.1977378477663,-35.21371509819885,0.4356878793452965,20.689655172413797,-69.64041831491551,DESCRIPTIVE_SAMPLE,without_top_10pct,4,779.9357386091141,"descriptive deletion of net PnL; no resimulation, return or drawdown",historical
donchian_atr,eth_short_historical_falsification_v1_donchian_atr,20261008T183843Z-788bbf8b61dc,9b6840ae5fb6434e9864ce82e48ef93c,4c4aa07c4c65af74,ETHUSDT,1h,SHORT_ONLY,HISTORICAL_CHALLENGE/year_2020,2020.0,adverse,33,10,23,0,-338.2032849534855,-10.248584392529864,0.817719749261636,30.303030303030305,-70.59932153822747,DESCRIPTIVE_SAMPLE,complete,0,0.0,"descriptive deletion of net PnL; no resimulation, return or drawdown",historical
donchian_atr,eth_short_historical_falsification_v1_donchian_atr,20261008T183843Z-788bbf8b61dc,9b6840ae5fb6434e9864ce82e48ef93c,4c4aa07c4c65af74,ETHUSDT,1h,SHORT_ONLY,HISTORICAL_CHALLENGE/year_2020,2020.0,adverse,32,9,23,0,-533.8251047925099,-16.682034524765935,0.7122861359392326,28.125,-71.49548252469398,DESCRIPTIVE_SAMPLE,without_best,1,195.62181983902445,"descriptive deletion of net PnL; no resimulation, return or drawdown",historical
donchian_atr,eth_short_historical_falsification_v1_donchian_atr,20261008T183843Z-788bbf8b61dc,9b6840ae5fb6434e9864ce82e48ef93c,4c4aa07c4c65af74,ETHUSDT,1h,SHORT_ONLY,HISTORICAL_CHALLENGE/year_2020,2020.0,adverse,31,8,23,0,-726.227378062731,-23.426689614926804,0.6085877504574044,25.806451612903224,-72.39164351116051,DESCRIPTIVE_SAMPLE,without_top_5pct,2,388.0240931092456,"descriptive deletion of net PnL; no resimulation, return or drawdown",historical
donchian_atr,eth_short_historical_falsification_v1_donchian_atr,20261008T183843Z-788bbf8b61dc,9b6840ae5fb6434e9864ce82e48ef93c,4c4aa07c4c65af74,ETHUSDT,1h,SHORT_ONLY,HISTORICAL_CHALLENGE/year_2020,2020.0,adverse,29,6,23,0,-1089.928443750961,-37.58373943968831,0.4125650493278792,20.689655172413797,-72.79817358158967,DESCRIPTIVE_SAMPLE,without_top_10pct,4,751.7251587974756,"descriptive deletion of net PnL; no resimulation, return or drawdown",historical
donchian_atr,eth_short_historical_falsification_v1_donchian_atr,20261008T183843Z-788bbf8b61dc,e4d8aca87a294bfbb031fe97dc9f83ac,4c4aa07c4c65af74,ETHUSDT,1h,SHORT_ONLY,HISTORICAL_CHALLENGE/year_2021,2021.0,base,25,11,14,0,552.3313985126792,22.09325594050717,1.412356136824218,44.0,-74.43722015719715,DESCRIPTIVE_SAMPLE,complete,0,0.0,"descriptive deletion of net PnL; no resimulation, return or drawdown",historical
donchian_atr,eth_short_historical_falsification_v1_donchian_atr,20261008T183843Z-788bbf8b61dc,e4d8aca87a294bfbb031fe97dc9f83ac,4c4aa07c4c65af74,ETHUSDT,1h,SHORT_ONLY,HISTORICAL_CHALLENGE/year_2021,2021.0,base,24,10,14,0,351.9670972494521,14.66529571872717,1.2627694042052298,41.66666666666666,-78.00777500254907,DESCRIPTIVE_SAMPLE,without_best,1,200.36430126322716,"descriptive deletion of net PnL; no resimulation, return or drawdown",historical
donchian_atr,eth_short_historical_falsification_v1_donchian_atr,20261008T183843Z-788bbf8b61dc,e4d8aca87a294bfbb031fe97dc9f83ac,4c4aa07c4c65af74,ETHUSDT,1h,SHORT_ONLY,HISTORICAL_CHALLENGE/year_2021,2021.0,base,23,9,14,0,154.05579602149777,6.698078087891207,1.1150140170808094,39.130434782608695,-81.578329847901,DESCRIPTIVE_SAMPLE,without_top_5pct,2,398.2756024911813,"descriptive deletion of net PnL; no resimulation, return or drawdown",historical
donchian_atr,eth_short_historical_falsification_v1_donchian_atr,20261008T183843Z-788bbf8b61dc,e4d8aca87a294bfbb031fe97dc9f83ac,4c4aa07c4c65af74,ETHUSDT,1h,SHORT_ONLY,HISTORICAL_CHALLENGE/year_2021,2021.0,base,22,8,14,0,-42.58402676404562,-1.935637580183892,0.9682078824160169,36.36363636363637,-84.73440019549304,DESCRIPTIVE_SAMPLE,without_top_10pct,3,594.9154252767248,"descriptive deletion of net PnL; no resimulation, return or drawdown",historical
donchian_atr,eth_short_historical_falsification_v1_donchian_atr,20261008T183843Z-788bbf8b61dc,03ae0370e1c44d5cb95addf3e33b1c51,4c4aa07c4c65af74,ETHUSDT,1h,SHORT_ONLY,HISTORICAL_CHALLENGE/year_2021,2021.0,adverse,25,10,15,0,180.56382212675825,7.222552885070329,1.1249841536899148,40.0,-84.8656698749943,DESCRIPTIVE_SAMPLE,complete,0,0.0,"descriptive deletion of net PnL; no resimulation, return or drawdown",historical
donchian_atr,eth_short_historical_falsification_v1_donchian_atr,20261008T183843Z-788bbf8b61dc,03ae0370e1c44d5cb95addf3e33b1c51,4c4aa07c4c65af74,ETHUSDT,1h,SHORT_ONLY,HISTORICAL_CHALLENGE/year_2021,2021.0,adverse,24,9,15,0,-14.78414050642661,-0.6160058544344421,0.9897665918484416,37.5,-86.69018863058932,DESCRIPTIVE_SAMPLE,without_best,1,195.3479626331848,"descriptive deletion of net PnL; no resimulation, return or drawdown",historical
donchian_atr,eth_short_historical_falsification_v1_donchian_atr,20261008T183843Z-788bbf8b61dc,03ae0370e1c44d5cb95addf3e33b1c51,4c4aa07c4c65af74,ETHUSDT,1h,SHORT_ONLY,HISTORICAL_CHALLENGE/year_2021,2021.0,adverse,23,8,15,0,-203.9970677426641,-8.869437727941918,0.8587956293418387,34.78260869565217,-88.51470738618433,DESCRIPTIVE_SAMPLE,without_top_5pct,2,384.5608898694224,"descriptive deletion of net PnL; no resimulation, return or drawdown",historical
donchian_atr,eth_short_historical_falsification_v1_donchian_atr,20261008T183843Z-788bbf8b61dc,03ae0370e1c44d5cb95addf3e33b1c51,4c4aa07c4c65af74,ETHUSDT,1h,SHORT_ONLY,HISTORICAL_CHALLENGE/year_2021,2021.0,adverse,22,7,15,0,-393.02161292425774,-17.864618769284444,0.7279550626775076,31.818181818181817,-91.43894902964752,DESCRIPTIVE_SAMPLE,without_top_10pct,3,573.585435051016,"descriptive deletion of net PnL; no resimulation, return or drawdown",historical
donchian_atr,eth_short_historical_falsification_v1_donchian_atr,20261008T183843Z-788bbf8b61dc,eaca7db6a6ab45188064bf0567542641,4c4aa07c4c65af74,ETHUSDT,1h,SHORT_ONLY,HISTORICAL_CHALLENGE/year_2022,2022.0,base,49,24,25,0,1779.4405072676636,36.315112393217625,1.7997619410976236,48.97959183673469,-2.765829910004444,DESCRIPTIVE_SAMPLE,complete,0,0.0,"descriptive deletion of net PnL; no resimulation, return or drawdown",historical
donchian_atr,eth_short_historical_falsification_v1_donchian_atr,20261008T183843Z-788bbf8b61dc,eaca7db6a6ab45188064bf0567542641,4c4aa07c4c65af74,ETHUSDT,1h,SHORT_ONLY,HISTORICAL_CHALLENGE/year_2022,2022.0,base,48,23,25,0,1551.8196721740503,32.32957650362605,1.6974587282814462,47.91666666666666,-22.95316789338982,DESCRIPTIVE_SAMPLE,without_best,1,227.62083509361327,"descriptive deletion of net PnL; no resimulation, return or drawdown",historical
donchian_atr,eth_short_historical_falsification_v1_donchian_atr,20261008T183843Z-788bbf8b61dc,eaca7db6a6ab45188064bf0567542641,4c4aa07c4c65af74,ETHUSDT,1h,SHORT_ONLY,HISTORICAL_CHALLENGE/year_2022,2022.0,base,46,21,25,0,1101.0180920610185,23.935175914369967,1.4948478821820306,45.65217391304348,-48.607816851154126,DESCRIPTIVE_SAMPLE,without_top_5pct,3,678.4224152066454,"descriptive deletion of net PnL; no resimulation, return or drawdown",historical
donchian_atr,eth_short_historical_falsification_v1_donchian_atr,20261008T183843Z-788bbf8b61dc,eaca7db6a6ab45188064bf0567542641,4c4aa07c4c65af74,ETHUSDT,1h,SHORT_ONLY,HISTORICAL_CHALLENGE/year_2022,2022.0,base,44,19,25,0,671.3452192292261,15.25784589157332,1.3017332433899755,43.18181818181818,-54.82851847153035,DESCRIPTIVE_SAMPLE,without_top_10pct,5,1108.0952880384373,"descriptive deletion of net PnL; no resimulation, return or drawdown",historical
donchian_atr,eth_short_historical_falsification_v1_donchian_atr,20261008T183843Z-788bbf8b61dc,ba2f313f37c6439980de7694627ca91a,4c4aa07c4c65af74,ETHUSDT,1h,SHORT_ONLY,HISTORICAL_CHALLENGE/year_2022,2022.0,adverse,49,24,25,0,1557.063832166934,31.776812901366,1.6750311517115686,48.97959183673469,-46.51144318581432,DESCRIPTIVE_SAMPLE,complete,0,0.0,"descriptive deletion of net PnL; no resimulation, return or drawdown",historical
donchian_atr,eth_short_historical_falsification_v1_donchian_atr,20261008T183843Z-788bbf8b61dc,ba2f313f37c6439980de7694627ca91a,4c4aa07c4c65af74,ETHUSDT,1h,SHORT_ONLY,HISTORICAL_CHALLENGE/year_2022,2022.0,adverse,48,23,25,0,1339.2833325835777,27.9017360954912,1.5806171537642362,47.91666666666666,-46.86953294391213,DESCRIPTIVE_SAMPLE,without_best,1,217.78049958335683,"descriptive deletion of net PnL; no resimulation, return or drawdown",historical
donchian_atr,eth_short_historical_falsification_v1_donchian_atr,20261008T183843Z-788bbf8b61dc,ba2f313f37c6439980de7694627ca91a,4c4aa07c4c65af74,ETHUSDT,1h,SHORT_ONLY,HISTORICAL_CHALLENGE/year_2022,2022.0,adverse,46,21,25,0,905.557396045751,19.68603034882068,1.392584709351952,45.65217391304348,-52.2351744636504,DESCRIPTIVE_SAMPLE,without_top_5pct,3,651.5064361211831,"descriptive deletion of net PnL; no resimulation, return or drawdown",historical
donchian_atr,eth_short_historical_falsification_v1_donchian_atr,20261008T183843Z-788bbf8b61dc,ba2f313f37c6439980de7694627ca91a,4c4aa07c4c65af74,ETHUSDT,1h,SHORT_ONLY,HISTORICAL_CHALLENGE/year_2022,2022.0,adverse,44,19,25,0,490.83441222961903,11.15532755067316,1.2127905816975575,43.18181818181818,-58.12962160097315,DESCRIPTIVE_SAMPLE,without_top_10pct,5,1066.2294199373152,"descriptive deletion of net PnL; no resimulation, return or drawdown",historical
donchian_atr,eth_short_historical_falsification_v1_donchian_atr,20261008T183843Z-788bbf8b61dc,b6dd09936bc743d0b57065372c4614d4,db2f1a56c8656a10,ETHUSDT,1h,SHORT_ONLY,HISTORICAL_CHALLENGE/year_2020,2020.0,base,33,10,23,0,-241.2619992386525,-7.31096967389856,0.8666790324950236,30.303030303030305,-67.9081858353885,DESCRIPTIVE_SAMPLE,complete,0,0.0,"descriptive deletion of net PnL; no resimulation, return or drawdown",historical
donchian_atr,eth_short_historical_falsification_v1_donchian_atr,20261008T183843Z-788bbf8b61dc,b6dd09936bc743d0b57065372c4614d4,db2f1a56c8656a10,ETHUSDT,1h,SHORT_ONLY,HISTORICAL_CHALLENGE/year_2020,2020.0,base,32,9,23,0,-443.3431974207328,-13.854474919397898,0.7550093085384152,28.125,-68.54622109612751,DESCRIPTIVE_SAMPLE,without_best,1,202.08119818208036,"descriptive deletion of net PnL; no resimulation, return or drawdown",historical
donchian_atr,eth_short_historical_falsification_v1_donchian_atr,20261008T183843Z-788bbf8b61dc,b6dd09936bc743d0b57065372c4614d4,db2f1a56c8656a10,ETHUSDT,1h,SHORT_ONLY,HISTORICAL_CHALLENGE/year_2020,2020.0,base,31,8,23,0,-641.7845988474357,-20.702728995078573,0.6453509300339696,25.806451612903224,-69.18425635686654,DESCRIPTIVE_SAMPLE,without_top_5pct,2,400.52259960878325,"descriptive deletion of net PnL; no resimulation, return or drawdown",historical
donchian_atr,eth_short_historical_falsification_v1_donchian_atr,20261008T183843Z-788bbf8b61dc,b6dd09936bc743d0b57065372c4614d4,db2f1a56c8656a10,ETHUSDT,1h,SHORT_ONLY,HISTORICAL_CHALLENGE/year_2020,2020.0,base,29,6,23,0,-1021.1977378477663,-35.21371509819885,0.4356878793452965,20.689655172413797,-69.64041831491551,DESCRIPTIVE_SAMPLE,without_top_10pct,4,779.9357386091141,"descriptive deletion of net PnL; no resimulation, return or drawdown",historical
donchian_atr,eth_short_historical_falsification_v1_donchian_atr,20261008T183843Z-788bbf8b61dc,f9984a271dd641b2b84e50494dcb45d7,db2f1a56c8656a10,ETHUSDT,1h,SHORT_ONLY,HISTORICAL_CHALLENGE/year_2020,2020.0,adverse,33,10,23,0,-338.2032849534855,-10.248584392529864,0.817719749261636,30.303030303030305,-70.59932153822747,DESCRIPTIVE_SAMPLE,complete,0,0.0,"descriptive deletion of net PnL; no resimulation, return or drawdown",historical
donchian_atr,eth_short_historical_falsification_v1_donchian_atr,20261008T183843Z-788bbf8b61dc,f9984a271dd641b2b84e50494dcb45d7,db2f1a56c8656a10,ETHUSDT,1h,SHORT_ONLY,HISTORICAL_CHALLENGE/year_2020,2020.0,adverse,32,9,23,0,-533.8251047925099,-16.682034524765935,0.7122861359392326,28.125,-71.49548252469398,DESCRIPTIVE_SAMPLE,without_best,1,195.62181983902445,"descriptive deletion of net PnL; no resimulation, return or drawdown",historical
donchian_atr,eth_short_historical_falsification_v1_donchian_atr,20261008T183843Z-788bbf8b61dc,f9984a271dd641b2b84e50494dcb45d7,db2f1a56c8656a10,ETHUSDT,1h,SHORT_ONLY,HISTORICAL_CHALLENGE/year_2020,2020.0,adverse,31,8,23,0,-726.227378062731,-23.426689614926804,0.6085877504574044,25.806451612903224,-72.39164351116051,DESCRIPTIVE_SAMPLE,without_top_5pct,2,388.0240931092456,"descriptive deletion of net PnL; no resimulation, return or drawdown",historical
donchian_atr,eth_short_historical_falsification_v1_donchian_atr,20261008T183843Z-788bbf8b61dc,f9984a271dd641b2b84e50494dcb45d7,db2f1a56c8656a10,ETHUSDT,1h,SHORT_ONLY,HISTORICAL_CHALLENGE/year_2020,2020.0,adverse,29,6,23,0,-1089.928443750961,-37.58373943968831,0.4125650493278792,20.689655172413797,-72.79817358158967,DESCRIPTIVE_SAMPLE,without_top_10pct,4,751.7251587974756,"descriptive deletion of net PnL; no resimulation, return or drawdown",historical
donchian_atr,eth_short_historical_falsification_v1_donchian_atr,20261008T183843Z-788bbf8b61dc,7002c16fe536428faa6f80031796ed39,db2f1a56c8656a10,ETHUSDT,1h,SHORT_ONLY,HISTORICAL_CHALLENGE/year_2021,2021.0,base,24,10,14,0,355.238584107797,14.801607671158209,1.2688345141716706,41.66666666666666,-76.55074220478535,DESCRIPTIVE_SAMPLE,complete,0,0.0,"descriptive deletion of net PnL; no resimulation, return or drawdown",historical
donchian_atr,eth_short_historical_falsification_v1_donchian_atr,20261008T183843Z-788bbf8b61dc,7002c16fe536428faa6f80031796ed39,db2f1a56c8656a10,ETHUSDT,1h,SHORT_ONLY,HISTORICAL_CHALLENGE/year_2021,2021.0,base,23,9,14,0,157.32728287984293,6.8403166469496925,1.1190608384085812,39.130434782608695,-80.05465056785538,DESCRIPTIVE_SAMPLE,without_best,1,197.9113012279541,"descriptive deletion of net PnL; no resimulation, return or drawdown",historical
donchian_atr,eth_short_historical_falsification_v1_donchian_atr,20261008T183843Z-788bbf8b61dc,7002c16fe536428faa6f80031796ed39,db2f1a56c8656a10,ETHUSDT,1h,SHORT_ONLY,HISTORICAL_CHALLENGE/year_2021,2021.0,base,22,8,14,0,-39.29470989397973,-1.7861231769990786,0.9702628748214488,36.36363636363637,-83.151766451414,DESCRIPTIVE_SAMPLE,without_top_5pct,2,394.5332940017768,"descriptive deletion of net PnL; no resimulation, return or drawdown",historical
donchian_atr,eth_short_historical_falsification_v1_donchian_atr,20261008T183843Z-788bbf8b61dc,7002c16fe536428faa6f80031796ed39,db2f1a56c8656a10,ETHUSDT,1h,SHORT_ONLY,HISTORICAL_CHALLENGE/year_2021,2021.0,base,21,7,14,0,-232.2617781294908,-11.060084672832897,0.824230854762267,33.333333333333336,-86.24888233497262,DESCRIPTIVE_SAMPLE,without_top_10pct,3,587.5003622372878,"descriptive deletion of net PnL; no resimulation, return or drawdown",historical
donchian_atr,eth_short_historical_falsification_v1_donchian_atr,20261008T183843Z-788bbf8b61dc,63de382bc4e047ca991fbd0b51e4e476,db2f1a56c8656a10,ETHUSDT,1h,SHORT_ONLY,HISTORICAL_CHALLENGE/year_2021,2021.0,adverse,24,9,15,0,-0.709618987397846,-0.0295674578082435,0.9995022551496764,37.5,-85.14664633972444,DESCRIPTIVE_SAMPLE,complete,0,0.0,"descriptive deletion of net PnL; no resimulation, return or drawdown",historical
donchian_atr,eth_short_historical_falsification_v1_donchian_atr,20261008T183843Z-788bbf8b61dc,63de382bc4e047ca991fbd0b51e4e476,db2f1a56c8656a10,ETHUSDT,1h,SHORT_ONLY,HISTORICAL_CHALLENGE/year_2021,2021.0,adverse,23,8,15,0,-196.05758162058265,-8.524242679155767,0.8624802135349134,34.78260869565217,-86.93869615884415,DESCRIPTIVE_SAMPLE,without_best,1,195.3479626331848,"descriptive deletion of net PnL; no resimulation, return or drawdown",historical
donchian_atr,eth_short_historical_falsification_v1_donchian_atr,20261008T183843Z-788bbf8b61dc,63de382bc4e047ca991fbd0b51e4e476,db2f1a56c8656a10,ETHUSDT,1h,SHORT_ONLY,HISTORICAL_CHALLENGE/year_2021,2021.0,adverse,22,7,15,0,-385.08212680217633,-17.50373303646256,0.7298935781435895,31.818181818181817,-89.81084130793636,DESCRIPTIVE_SAMPLE,without_top_5pct,2,384.3725078147784,"descriptive deletion of net PnL; no resimulation, return or drawdown",historical
donchian_atr,eth_short_historical_falsification_v1_donchian_atr,20261008T183843Z-788bbf8b61dc,63de382bc4e047ca991fbd0b51e4e476,db2f1a56c8656a10,ETHUSDT,1h,SHORT_ONLY,HISTORICAL_CHALLENGE/year_2021,2021.0,adverse,21,6,15,0,-570.9259580077194,-27.18695038131997,0.5995379766310751,28.571428571428573,-92.68298645702856,DESCRIPTIVE_SAMPLE,without_top_10pct,3,570.2163390203215,"descriptive deletion of net PnL; no resimulation, return or drawdown",historical
donchian_atr,eth_short_historical_falsification_v1_donchian_atr,20261008T183843Z-788bbf8b61dc,882c2a05fee748ce94a0bd31db0d53d5,db2f1a56c8656a10,ETHUSDT,1h,SHORT_ONLY,HISTORICAL_CHALLENGE/year_2022,2022.0,base,49,24,25,0,1779.4405072676636,36.315112393217625,1.7997619410976236,48.97959183673469,-2.765829910004444,DESCRIPTIVE_SAMPLE,complete,0,0.0,"descriptive deletion of net PnL; no resimulation, return or drawdown",historical
donchian_atr,eth_short_historical_falsification_v1_donchian_atr,20261008T183843Z-788bbf8b61dc,882c2a05fee748ce94a0bd31db0d53d5,db2f1a56c8656a10,ETHUSDT,1h,SHORT_ONLY,HISTORICAL_CHALLENGE/year_2022,2022.0,base,48,23,25,0,1551.8196721740503,32.32957650362605,1.6974587282814462,47.91666666666666,-22.95316789338982,DESCRIPTIVE_SAMPLE,without_best,1,227.62083509361327,"descriptive deletion of net PnL; no resimulation, return or drawdown",historical
donchian_atr,eth_short_historical_falsification_v1_donchian_atr,20261008T183843Z-788bbf8b61dc,882c2a05fee748ce94a0bd31db0d53d5,db2f1a56c8656a10,ETHUSDT,1h,SHORT_ONLY,HISTORICAL_CHALLENGE/year_2022,2022.0,base,46,21,25,0,1101.0180920610185,23.935175914369967,1.4948478821820306,45.65217391304348,-48.607816851154126,DESCRIPTIVE_SAMPLE,without_top_5pct,3,678.4224152066454,"descriptive deletion of net PnL; no resimulation, return or drawdown",historical
donchian_atr,eth_short_historical_falsification_v1_donchian_atr,20261008T183843Z-788bbf8b61dc,882c2a05fee748ce94a0bd31db0d53d5,db2f1a56c8656a10,ETHUSDT,1h,SHORT_ONLY,HISTORICAL_CHALLENGE/year_2022,2022.0,base,44,19,25,0,671.3452192292261,15.25784589157332,1.3017332433899755,43.18181818181818,-54.82851847153035,DESCRIPTIVE_SAMPLE,without_top_10pct,5,1108.0952880384373,"descriptive deletion of net PnL; no resimulation, return or drawdown",historical
donchian_atr,eth_short_historical_falsification_v1_donchian_atr,20261008T183843Z-788bbf8b61dc,cb971eab73f64d958b17655ba5999276,db2f1a56c8656a10,ETHUSDT,1h,SHORT_ONLY,HISTORICAL_CHALLENGE/year_2022,2022.0,adverse,49,24,25,0,1557.063832166934,31.776812901366,1.6750311517115686,48.97959183673469,-46.51144318581432,DESCRIPTIVE_SAMPLE,complete,0,0.0,"descriptive deletion of net PnL; no resimulation, return or drawdown",historical
donchian_atr,eth_short_historical_falsification_v1_donchian_atr,20261008T183843Z-788bbf8b61dc,cb971eab73f64d958b17655ba5999276,db2f1a56c8656a10,ETHUSDT,1h,SHORT_ONLY,HISTORICAL_CHALLENGE/year_2022,2022.0,adverse,48,23,25,0,1339.2833325835777,27.9017360954912,1.5806171537642362,47.91666666666666,-46.86953294391213,DESCRIPTIVE_SAMPLE,without_best,1,217.78049958335683,"descriptive deletion of net PnL; no resimulation, return or drawdown",historical
donchian_atr,eth_short_historical_falsification_v1_donchian_atr,20261008T183843Z-788bbf8b61dc,cb971eab73f64d958b17655ba5999276,db2f1a56c8656a10,ETHUSDT,1h,SHORT_ONLY,HISTORICAL_CHALLENGE/year_2022,2022.0,adverse,46,21,25,0,905.557396045751,19.68603034882068,1.392584709351952,45.65217391304348,-52.2351744636504,DESCRIPTIVE_SAMPLE,without_top_5pct,3,651.5064361211831,"descriptive deletion of net PnL; no resimulation, return or drawdown",historical
donchian_atr,eth_short_historical_falsification_v1_donchian_atr,20261008T183843Z-788bbf8b61dc,cb971eab73f64d958b17655ba5999276,db2f1a56c8656a10,ETHUSDT,1h,SHORT_ONLY,HISTORICAL_CHALLENGE/year_2022,2022.0,adverse,44,19,25,0,490.83441222961903,11.15532755067316,1.2127905816975575,43.18181818181818,-58.12962160097315,DESCRIPTIVE_SAMPLE,without_top_10pct,5,1066.2294199373152,"descriptive deletion of net PnL; no resimulation, return or drawdown",historical
donchian_atr,eth_short_regime_challenge_v1_donchian_atr,20261007T203647Z-194d4424b93c,b8723678ab154b20b0a084d4473e110a,ff43266d9f6c730a,ETHUSDT,1h,SHORT_ONLY,train,,base,61,17,44,0,-818.1380913309061,-13.412099857883709,0.6168569569616715,27.868852459016395,-34.67459753417308,DESCRIPTIVE_SAMPLE,complete,0,0.0,"descriptive deletion of net PnL; no resimulation, return or drawdown",recent
donchian_atr,eth_short_regime_challenge_v1_donchian_atr,20261007T203647Z-194d4424b93c,b8723678ab154b20b0a084d4473e110a,ff43266d9f6c730a,ETHUSDT,1h,SHORT_ONLY,train,,base,60,16,44,0,-979.8763196414212,-16.331271994023684,0.5411131703966056,26.666666666666668,-35.229517424685724,DESCRIPTIVE_SAMPLE,without_best,1,161.73822831051496,"descriptive deletion of net PnL; no resimulation, return or drawdown",recent
donchian_atr,eth_short_regime_challenge_v1_donchian_atr,20261007T203647Z-194d4424b93c,b8723678ab154b20b0a084d4473e110a,ff43266d9f6c730a,ETHUSDT,1h,SHORT_ONLY,train,,base,57,13,44,0,-1336.9598247930455,-23.455435522685008,0.3738870477746605,22.80701754385965,-36.40437512234682,DESCRIPTIVE_SAMPLE,without_top_5pct,4,518.8217334621395,"descriptive deletion of net PnL; no resimulation, return or drawdown",recent
donchian_atr,eth_short_regime_challenge_v1_donchian_atr,20261007T203647Z-194d4424b93c,b8723678ab154b20b0a084d4473e110a,ff43266d9f6c730a,ETHUSDT,1h,SHORT_ONLY,train,,base,54,10,44,0,-1594.326812112835,-29.524570594682128,0.253359264330548,18.51851851851852,-37.60434613930887,DESCRIPTIVE_SAMPLE,without_top_10pct,7,776.1887207819287,"descriptive deletion of net PnL; no resimulation, return or drawdown",recent
donchian_atr,eth_short_regime_challenge_v1_donchian_atr,20261007T203647Z-194d4424b93c,6ebeceed1be44ea48dcc281a80fddd38,ff43266d9f6c730a,ETHUSDT,1h,SHORT_ONLY,train,,adverse,59,16,43,0,-970.2188534255532,-16.444387346195814,0.5516620587058368,27.11864406779661,-38.06777811205114,DESCRIPTIVE_SAMPLE,complete,0,0.0,"descriptive deletion of net PnL; no resimulation, return or drawdown",recent
donchian_atr,eth_short_regime_challenge_v1_donchian_atr,20261007T203647Z-194d4424b93c,6ebeceed1be44ea48dcc281a80fddd38,ff43266d9f6c730a,ETHUSDT,1h,SHORT_ONLY,train,,adverse,58,15,43,0,-1125.5971500795008,-19.406847415163806,0.4798617783900412,25.86206896551724,-38.29354251528679,DESCRIPTIVE_SAMPLE,without_best,1,155.37829665394773,"descriptive deletion of net PnL; no resimulation, return or drawdown",recent
donchian_atr,eth_short_regime_challenge_v1_donchian_atr,20261007T203647Z-194d4424b93c,6ebeceed1be44ea48dcc281a80fddd38,ff43266d9f6c730a,ETHUSDT,1h,SHORT_ONLY,train,,adverse,56,13,43,0,-1373.2498579785158,-24.522318892473496,0.3654215107912949,23.214285714285715,-39.09047155724205,DESCRIPTIVE_SAMPLE,without_top_5pct,3,403.0310045529627,"descriptive deletion of net PnL; no resimulation, return or drawdown",recent
donchian_atr,eth_short_regime_challenge_v1_donchian_atr,20261007T203647Z-194d4424b93c,6ebeceed1be44ea48dcc281a80fddd38,ff43266d9f6c730a,ETHUSDT,1h,SHORT_ONLY,train,,adverse,53,10,43,0,-1659.0418779130289,-31.302676941755266,0.2333570746041951,18.867924528301888,-39.77790201614445,DESCRIPTIVE_SAMPLE,without_top_10pct,6,688.8230244874757,"descriptive deletion of net PnL; no resimulation, return or drawdown",recent
donchian_atr,eth_short_regime_challenge_v1_donchian_atr,20261007T203647Z-194d4424b93c,a3bf8e8b459c457294c431e6b4c51375,e0dd4c731d1d27f0,ETHUSDT,1h,SHORT_ONLY,train,,base,58,17,41,0,-722.4264234718648,-12.455627990894222,0.6478411689414839,29.310344827586206,-35.69272562377231,DESCRIPTIVE_SAMPLE,complete,0,0.0,"descriptive deletion of net PnL; no resimulation, return or drawdown",recent
donchian_atr,eth_short_regime_challenge_v1_donchian_atr,20261007T203647Z-194d4424b93c,a3bf8e8b459c457294c431e6b4c51375,e0dd4c731d1d27f0,ETHUSDT,1h,SHORT_ONLY,train,,base,57,16,41,0,-885.8506744139596,-15.541239901999292,0.5681772871833949,28.07017543859649,-36.56886284133954,DESCRIPTIVE_SAMPLE,without_best,1,163.42425094209486,"descriptive deletion of net PnL; no resimulation, return or drawdown",recent
donchian_atr,eth_short_regime_challenge_v1_donchian_atr,20261007T203647Z-194d4424b93c,a3bf8e8b459c457294c431e6b4c51375,e0dd4c731d1d27f0,ETHUSDT,1h,SHORT_ONLY,train,,base,55,14,41,0,-1141.229728037614,-20.749631418865707,0.4436885003963225,25.454545454545453,-37.16495655053021,DESCRIPTIVE_SAMPLE,without_top_5pct,3,418.803304565749,"descriptive deletion of net PnL; no resimulation, return or drawdown",recent
donchian_atr,eth_short_regime_challenge_v1_donchian_atr,20261007T203647Z-194d4424b93c,a3bf8e8b459c457294c431e6b4c51375,e0dd4c731d1d27f0,ETHUSDT,1h,SHORT_ONLY,train,,base,52,11,41,0,-1428.5277809313734,-27.471688094834104,0.3036402640842763,21.153846153846157,-39.65687031749239,DESCRIPTIVE_SAMPLE,without_top_10pct,6,706.1013574595087,"descriptive deletion of net PnL; no resimulation, return or drawdown",recent
donchian_atr,eth_short_regime_challenge_v1_donchian_atr,20261007T203647Z-194d4424b93c,ff049b6d0b4a42d191e26cc3afc9e1fc,e0dd4c731d1d27f0,ETHUSDT,1h,SHORT_ONLY,train,,adverse,56,16,40,0,-866.7656290178876,-15.477957661033708,0.5817659918026999,28.571428571428573,-38.96111270444278,DESCRIPTIVE_SAMPLE,complete,0,0.0,"descriptive deletion of net PnL; no resimulation, return or drawdown",recent
donchian_atr,eth_short_regime_challenge_v1_donchian_atr,20261007T203647Z-194d4424b93c,ff049b6d0b4a42d191e26cc3afc9e1fc,e0dd4c731d1d27f0,ETHUSDT,1h,SHORT_ONLY,train,,adverse,55,15,40,0,-1023.9240622283252,-18.616801131424094,0.5059334954010083,27.272727272727277,-39.85444729683443,DESCRIPTIVE_SAMPLE,without_best,1,157.15843321043744,"descriptive deletion of net PnL; no resimulation, return or drawdown",recent
donchian_atr,eth_short_regime_challenge_v1_donchian_atr,20261007T203647Z-194d4424b93c,ff049b6d0b4a42d191e26cc3afc9e1fc,e0dd4c731d1d27f0,ETHUSDT,1h,SHORT_ONLY,train,,adverse,53,13,40,0,-1273.9993673071012,-24.03772391145474,0.385266508048536,24.52830188679245,-40.11191349909946,DESCRIPTIVE_SAMPLE,without_top_5pct,3,407.2337382892134,"descriptive deletion of net PnL; no resimulation, return or drawdown",recent
donchian_atr,eth_short_regime_challenge_v1_donchian_atr,20261007T203647Z-194d4424b93c,ff049b6d0b4a42d191e26cc3afc9e1fc,e0dd4c731d1d27f0,ETHUSDT,1h,SHORT_ONLY,train,,adverse,50,10,40,0,-1563.0658056896102,-31.261316113792205,0.2457854175292676,20.0,-42.44304971023147,DESCRIPTIVE_SAMPLE,without_top_10pct,6,696.3001766717224,"descriptive deletion of net PnL; no resimulation, return or drawdown",recent
donchian_atr,eth_short_regime_challenge_v1_donchian_atr,20261007T203647Z-194d4424b93c,6def503865814554987af189861dcdd2,827790540ac7604f,ETHUSDT,1h,SHORT_ONLY,train,,base,56,16,40,0,-722.3233074312307,-12.898630489843404,0.6351177296885508,28.571428571428573,-35.818699219624804,DESCRIPTIVE_SAMPLE,complete,0,0.0,"descriptive deletion of net PnL; no resimulation, return or drawdown",recent
donchian_atr,eth_short_regime_challenge_v1_donchian_atr,20261007T203647Z-194d4424b93c,6def503865814554987af189861dcdd2,827790540ac7604f,ETHUSDT,1h,SHORT_ONLY,train,,base,55,15,40,0,-885.7493722761031,-16.104534041383694,0.5525629056157582,27.272727272727277,-36.56886284133954,DESCRIPTIVE_SAMPLE,without_best,1,163.42606484487226,"descriptive deletion of net PnL; no resimulation, return or drawdown",recent
donchian_atr,eth_short_regime_challenge_v1_donchian_atr,20261007T203647Z-194d4424b93c,6def503865814554987af189861dcdd2,827790540ac7604f,ETHUSDT,1h,SHORT_ONLY,train,,base,53,13,40,0,-1141.1312126259163,-21.530777596715403,0.4235565385991053,24.52830188679245,-37.16495655053021,DESCRIPTIVE_SAMPLE,without_top_5pct,3,418.80790519468553,"descriptive deletion of net PnL; no resimulation, return or drawdown",recent
donchian_atr,eth_short_regime_challenge_v1_donchian_atr,20261007T203647Z-194d4424b93c,6def503865814554987af189861dcdd2,827790540ac7604f,ETHUSDT,1h,SHORT_ONLY,train,,base,50,10,40,0,-1428.4324700034445,-28.56864940006889,0.2784260492783976,20.0,-39.65711413666192,DESCRIPTIVE_SAMPLE,without_top_10pct,6,706.1091625722139,"descriptive deletion of net PnL; no resimulation, return or drawdown",recent
donchian_atr,eth_short_regime_challenge_v1_donchian_atr,20261007T203647Z-194d4424b93c,d12d689d659b4cf2843638024096038e,827790540ac7604f,ETHUSDT,1h,SHORT_ONLY,train,,adverse,54,15,39,0,-860.5071935096709,-15.935318398327238,0.5694866340289972,27.77777777777778,-38.96111270444278,DESCRIPTIVE_SAMPLE,complete,0,0.0,"descriptive deletion of net PnL; no resimulation, return or drawdown",recent
donchian_atr,eth_short_regime_challenge_v1_donchian_atr,20261007T203647Z-194d4424b93c,d12d689d659b4cf2843638024096038e,827790540ac7604f,ETHUSDT,1h,SHORT_ONLY,train,,adverse,53,14,39,0,-1017.7733653837748,-19.203271044976884,0.4908060727070728,26.41509433962264,-39.85444729683443,DESCRIPTIVE_SAMPLE,without_best,1,157.26617187410395,"descriptive deletion of net PnL; no resimulation, return or drawdown",recent
donchian_atr,eth_short_regime_challenge_v1_donchian_atr,20261007T203647Z-194d4424b93c,d12d689d659b4cf2843638024096038e,827790540ac7604f,ETHUSDT,1h,SHORT_ONLY,train,,adverse,51,12,39,0,-1268.0198612982508,-24.86313453525982,0.3656072805398823,23.529411764705884,-40.11191349909946,DESCRIPTIVE_SAMPLE,without_top_5pct,3,407.5126677885797,"descriptive deletion of net PnL; no resimulation, return or drawdown",recent
donchian_atr,eth_short_regime_challenge_v1_donchian_atr,20261007T203647Z-194d4424b93c,d12d689d659b4cf2843638024096038e,827790540ac7604f,ETHUSDT,1h,SHORT_ONLY,train,,adverse,48,9,39,0,-1557.2843022946477,-32.44342296447183,0.2208877371260016,18.75,-42.45787384183405,DESCRIPTIVE_SAMPLE,without_top_10pct,6,696.7771087849767,"descriptive deletion of net PnL; no resimulation, return or drawdown",recent
donchian_atr,eth_short_regime_challenge_v1_donchian_atr,20261007T203647Z-194d4424b93c,88919b3ba6d9468ca662e541ef7e19dd,6719be4e317770b6,ETHUSDT,1h,SHORT_ONLY,train,,base,46,13,33,0,-709.8193110290215,-15.430854587587424,0.5760228904332437,28.26086956521739,-37.64775124196507,DESCRIPTIVE_SAMPLE,complete,0,0.0,"descriptive deletion of net PnL; no resimulation, return or drawdown",recent
donchian_atr,eth_short_regime_challenge_v1_donchian_atr,20261007T203647Z-194d4424b93c,88919b3ba6d9468ca662e541ef7e19dd,6719be4e317770b6,ETHUSDT,1h,SHORT_ONLY,train,,base,45,12,33,0,-871.80831139851,-19.373518031078,0.4792663960816045,26.666666666666668,-38.7266396425906,DESCRIPTIVE_SAMPLE,without_best,1,161.9890003694885,"descriptive deletion of net PnL; no resimulation, return or drawdown",recent
donchian_atr,eth_short_regime_challenge_v1_donchian_atr,20261007T203647Z-194d4424b93c,88919b3ba6d9468ca662e541ef7e19dd,6719be4e317770b6,ETHUSDT,1h,SHORT_ONLY,train,,base,43,10,33,0,-1077.9962561801824,-25.069680376283312,0.3561097455118807,23.25581395348837,-40.74541383120752,DESCRIPTIVE_SAMPLE,without_top_5pct,3,368.1769451511608,"descriptive deletion of net PnL; no resimulation, return or drawdown",recent
donchian_atr,eth_short_regime_challenge_v1_donchian_atr,20261007T203647Z-194d4424b93c,88919b3ba6d9468ca662e541ef7e19dd,6719be4e317770b6,ETHUSDT,1h,SHORT_ONLY,train,,base,41,8,33,0,-1246.2799589257984,-30.397072168921916,0.2555934073837392,19.51219512195122,-40.87449879316075,DESCRIPTIVE_SAMPLE,without_top_10pct,5,536.4606478967769,"descriptive deletion of net PnL; no resimulation, return or drawdown",recent
donchian_atr,eth_short_regime_challenge_v1_donchian_atr,20261007T203647Z-194d4424b93c,f12833c236a64fc8987cecca6468164d,6719be4e317770b6,ETHUSDT,1h,SHORT_ONLY,train,,adverse,45,12,33,0,-895.4140423196583,-19.89808982932574,0.4896492954203184,26.666666666666668,-41.75799978714812,DESCRIPTIVE_SAMPLE,complete,0,0.0,"descriptive deletion of net PnL; no resimulation, return or drawdown",recent
donchian_atr,eth_short_regime_challenge_v1_donchian_atr,20261007T203647Z-194d4424b93c,f12833c236a64fc8987cecca6468164d,6719be4e317770b6,ETHUSDT,1h,SHORT_ONLY,train,,adverse,44,11,33,0,-1051.6640427069076,-23.901455516066083,0.4005929549796123,25.0,-42.43782323077867,DESCRIPTIVE_SAMPLE,without_best,1,156.25000038724946,"descriptive deletion of net PnL; no resimulation, return or drawdown",recent
donchian_atr,eth_short_regime_challenge_v1_donchian_atr,20261007T203647Z-194d4424b93c,f12833c236a64fc8987cecca6468164d,6719be4e317770b6,ETHUSDT,1h,SHORT_ONLY,train,,adverse,42,9,33,0,-1269.940564093784,-30.236680097471044,0.2761839428153538,21.428571428571427,-43.49296015205614,DESCRIPTIVE_SAMPLE,without_top_5pct,3,374.5265217741258,"descriptive deletion of net PnL; no resimulation, return or drawdown",recent
donchian_atr,eth_short_regime_challenge_v1_donchian_atr,20261007T203647Z-194d4424b93c,f12833c236a64fc8987cecca6468164d,6719be4e317770b6,ETHUSDT,1h,SHORT_ONLY,train,,adverse,40,7,33,0,-1426.8555572445875,-35.67138893111469,0.1867485827151602,17.5,-45.07504259896509,DESCRIPTIVE_SAMPLE,without_top_10pct,5,531.4415149249295,"descriptive deletion of net PnL; no resimulation, return or drawdown",recent
donchian_atr,eth_short_regime_challenge_v1_donchian_atr,20261007T203647Z-194d4424b93c,a829314d04e64ce8bf44aa4b3a74b597,4c4aa07c4c65af74,ETHUSDT,1h,SHORT_ONLY,train,,base,45,13,32,0,-680.2999514086014,-15.11777669796892,0.5870815020361595,28.88888888888889,-38.84969043189473,DESCRIPTIVE_SAMPLE,complete,0,0.0,"descriptive deletion of net PnL; no resimulation, return or drawdown",recent
donchian_atr,eth_short_regime_challenge_v1_donchian_atr,20261007T203647Z-194d4424b93c,a829314d04e64ce8bf44aa4b3a74b597,4c4aa07c4c65af74,ETHUSDT,1h,SHORT_ONLY,train,,base,44,12,32,0,-842.8036466911728,-19.15462833389029,0.4884473897880005,27.272727272727277,-39.86228612105936,DESCRIPTIVE_SAMPLE,without_best,1,162.50369528257164,"descriptive deletion of net PnL; no resimulation, return or drawdown",recent
donchian_atr,eth_short_regime_challenge_v1_donchian_atr,20261007T203647Z-194d4424b93c,a829314d04e64ce8bf44aa4b3a74b597,4c4aa07c4c65af74,ETHUSDT,1h,SHORT_ONLY,train,,base,42,10,32,0,-1049.646811664009,-24.991590753904976,0.3629007558101129,23.80952380952381,-40.93963355079549,DESCRIPTIVE_SAMPLE,without_top_5pct,3,369.3468602554078,"descriptive deletion of net PnL; no resimulation, return or drawdown",recent
donchian_atr,eth_short_regime_challenge_v1_donchian_atr,20261007T203647Z-194d4424b93c,a829314d04e64ce8bf44aa4b3a74b597,4c4aa07c4c65af74,ETHUSDT,1h,SHORT_ONLY,train,,base,40,8,32,0,-1218.465157010506,-30.461628925262648,0.2604338697771485,20.0,-42.31868574262429,DESCRIPTIVE_SAMPLE,without_top_10pct,5,538.1652056019046,"descriptive deletion of net PnL; no resimulation, return or drawdown",recent
donchian_atr,eth_short_regime_challenge_v1_donchian_atr,20261007T203647Z-194d4424b93c,2a6d5ea759914484b47565b472844415,4c4aa07c4c65af74,ETHUSDT,1h,SHORT_ONLY,train,,adverse,44,12,32,0,-863.3762814136328,-19.6221882139462,0.4995749822168935,27.272727272727277,-42.587161700768746,DESCRIPTIVE_SAMPLE,complete,0,0.0,"descriptive deletion of net PnL; no resimulation, return or drawdown",recent
donchian_atr,eth_short_regime_challenge_v1_donchian_atr,20261007T203647Z-194d4424b93c,2a6d5ea759914484b47565b472844415,4c4aa07c4c65af74,ETHUSDT,1h,SHORT_ONLY,train,,adverse,43,11,32,0,-1020.1761051464528,-23.7250257010803,0.4086916023174494,25.58139534883721,-43.26937215440369,DESCRIPTIVE_SAMPLE,without_best,1,156.79982373282022,"descriptive deletion of net PnL; no resimulation, return or drawdown",recent
donchian_atr,eth_short_regime_challenge_v1_donchian_atr,20261007T203647Z-194d4424b93c,2a6d5ea759914484b47565b472844415,4c4aa07c4c65af74,ETHUSDT,1h,SHORT_ONLY,train,,adverse,41,9,32,0,-1239.220591325418,-30.224892471351662,0.2817303419132101,21.951219512195124,-44.02264849959116,DESCRIPTIVE_SAMPLE,without_top_5pct,3,375.8443099117854,"descriptive deletion of net PnL; no resimulation, return or drawdown",recent
donchian_atr,eth_short_regime_challenge_v1_donchian_atr,20261007T203647Z-194d4424b93c,2a6d5ea759914484b47565b472844415,4c4aa07c4c65af74,ETHUSDT,1h,SHORT_ONLY,train,,adverse,39,7,32,0,-1396.6876169508616,-35.812502998740044,0.1904602424267578,17.94871794871795,-46.44469845295315,DESCRIPTIVE_SAMPLE,without_top_10pct,5,533.3113355372288,"descriptive deletion of net PnL; no resimulation, return or drawdown",recent
donchian_atr,eth_short_regime_challenge_v1_donchian_atr,20261007T203647Z-194d4424b93c,e000f7d1c3e341fa96ca8272a60bcf2f,db2f1a56c8656a10,ETHUSDT,1h,SHORT_ONLY,train,,base,43,12,31,0,-680.1966375259432,-15.8185264540917,0.5681875662208975,27.906976744186046,-38.84969043189473,DESCRIPTIVE_SAMPLE,complete,0,0.0,"descriptive deletion of net PnL; no resimulation, return or drawdown",recent
donchian_atr,eth_short_regime_challenge_v1_donchian_atr,20261007T203647Z-194d4424b93c,e000f7d1c3e341fa96ca8272a60bcf2f,db2f1a56c8656a10,ETHUSDT,1h,SHORT_ONLY,train,,base,42,11,31,0,-842.7021467112921,-20.064336826459336,0.4650234287457818,26.19047619047619,-39.86252994022888,DESCRIPTIVE_SAMPLE,without_best,1,162.50550918534907,"descriptive deletion of net PnL; no resimulation, return or drawdown",recent
donchian_atr,eth_short_regime_challenge_v1_donchian_atr,20261007T203647Z-194d4424b93c,e000f7d1c3e341fa96ca8272a60bcf2f,db2f1a56c8656a10,ETHUSDT,1h,SHORT_ONLY,train,,base,40,9,31,0,-1049.5475843401196,-26.238689608502987,0.3337107657436791,22.5,-40.93987736996502,DESCRIPTIVE_SAMPLE,without_top_5pct,3,369.3509468141765,"descriptive deletion of net PnL; no resimulation, return or drawdown",recent
donchian_atr,eth_short_regime_challenge_v1_donchian_atr,20261007T203647Z-194d4424b93c,e000f7d1c3e341fa96ca8272a60bcf2f,db2f1a56c8656a10,ETHUSDT,1h,SHORT_ONLY,train,,base,38,7,31,0,-1218.367792928139,-32.06231034021418,0.2265378379170432,18.42105263157895,-42.31892945648552,DESCRIPTIVE_SAMPLE,without_top_10pct,5,538.1711554021957,"descriptive deletion of net PnL; no resimulation, return or drawdown",recent
donchian_atr,eth_short_regime_challenge_v1_donchian_atr,20261007T203647Z-194d4424b93c,3d9f21bb838441a0a26d75dc77778fc9,db2f1a56c8656a10,ETHUSDT,1h,SHORT_ONLY,train,,adverse,42,11,31,0,-857.1149346587474,-20.40749844425589,0.4808004057380955,26.19047619047619,-42.60198583237133,DESCRIPTIVE_SAMPLE,complete,0,0.0,"descriptive deletion of net PnL; no resimulation, return or drawdown",recent
donchian_atr,eth_short_regime_challenge_v1_donchian_atr,20261007T203647Z-194d4424b93c,3d9f21bb838441a0a26d75dc77778fc9,db2f1a56c8656a10,ETHUSDT,1h,SHORT_ONLY,train,,adverse,41,10,31,0,-1014.0222744546894,-24.73225059645584,0.3857533777788838,24.390243902439025,-43.29902041760885,DESCRIPTIVE_SAMPLE,without_best,1,156.90733979594194,"descriptive deletion of net PnL; no resimulation, return or drawdown",recent
donchian_atr,eth_short_regime_challenge_v1_donchian_atr,20261007T203647Z-194d4424b93c,3d9f21bb838441a0a26d75dc77778fc9,db2f1a56c8656a10,ETHUSDT,1h,SHORT_ONLY,train,,adverse,39,8,31,0,-1233.216957582044,-31.62094763030882,0.2529756300788042,20.512820512820515,-44.02264849959116,DESCRIPTIVE_SAMPLE,without_top_5pct,3,376.1020229232968,"descriptive deletion of net PnL; no resimulation, return or drawdown",recent
donchian_atr,eth_short_regime_challenge_v1_donchian_atr,20261007T203647Z-194d4424b93c,3d9f21bb838441a0a26d75dc77778fc9,db2f1a56c8656a10,ETHUSDT,1h,SHORT_ONLY,train,,adverse,37,6,31,0,-1390.7919864037372,-37.58897260550641,0.1575241477608534,16.216216216216218,-46.47649083286353,DESCRIPTIVE_SAMPLE,without_top_10pct,5,533.6770517449899,"descriptive deletion of net PnL; no resimulation, return or drawdown",recent
donchian_atr,eth_short_regime_challenge_v1_donchian_atr,20261007T203647Z-194d4424b93c,95e401341ff947939d9fa3ac4554378a,ff43266d9f6c730a,ETHUSDT,1h,SHORT_ONLY,validation,,base,34,14,20,0,211.59040341452504,6.223247159250737,1.1548642622001584,41.1764705882353,-49.13150640808647,DESCRIPTIVE_SAMPLE,complete,0,0.0,"descriptive deletion of net PnL; no resimulation, return or drawdown",recent
donchian_atr,eth_short_regime_challenge_v1_donchian_atr,20261007T203647Z-194d4424b93c,95e401341ff947939d9fa3ac4554378a,ff43266d9f6c730a,ETHUSDT,1h,SHORT_ONLY,validation,,base,33,13,20,0,12.11056018363918,0.3669866722314903,1.0088637903109223,39.39393939393939,-49.18995096054212,DESCRIPTIVE_SAMPLE,without_best,1,199.47984323088596,"descriptive deletion of net PnL; no resimulation, return or drawdown",recent
donchian_atr,eth_short_regime_challenge_v1_donchian_atr,20261007T203647Z-194d4424b93c,95e401341ff947939d9fa3ac4554378a,ff43266d9f6c730a,ETHUSDT,1h,SHORT_ONLY,validation,,base,32,12,20,0,-131.2646432288753,-4.102020100902353,0.903926634674532,37.5,-50.418315491822526,DESCRIPTIVE_SAMPLE,without_top_5pct,2,342.8550466434004,"descriptive deletion of net PnL; no resimulation, return or drawdown",recent
donchian_atr,eth_short_regime_challenge_v1_donchian_atr,20261007T203647Z-194d4424b93c,95e401341ff947939d9fa3ac4554378a,ff43266d9f6c730a,ETHUSDT,1h,SHORT_ONLY,validation,,base,30,10,20,0,-398.41292403940366,-13.280430801313456,0.7083992348580469,33.333333333333336,-52.6788940885067,DESCRIPTIVE_SAMPLE,without_top_10pct,4,610.0033274539287,"descriptive deletion of net PnL; no resimulation, return or drawdown",recent
donchian_atr,eth_short_regime_challenge_v1_donchian_atr,20261007T203647Z-194d4424b93c,81765cc7b3cd40c9b383fd691ff66219,ff43266d9f6c730a,ETHUSDT,1h,SHORT_ONLY,validation,,adverse,34,14,20,0,100.7312289793404,2.9626832052747174,1.0710226528270614,41.1764705882353,-52.33660159533393,DESCRIPTIVE_SAMPLE,complete,0,0.0,"descriptive deletion of net PnL; no resimulation, return or drawdown",recent
donchian_atr,eth_short_regime_challenge_v1_donchian_atr,20261007T203647Z-194d4424b93c,81765cc7b3cd40c9b383fd691ff66219,ff43266d9f6c730a,ETHUSDT,1h,SHORT_ONLY,validation,,adverse,33,13,20,0,-90.32384695065872,-2.7370862712320823,0.9363152888237172,39.39393939393939,-52.40048264531353,DESCRIPTIVE_SAMPLE,without_best,1,191.05507592999905,"descriptive deletion of net PnL; no resimulation, return or drawdown",recent
donchian_atr,eth_short_regime_challenge_v1_donchian_atr,20261007T203647Z-194d4424b93c,81765cc7b3cd40c9b383fd691ff66219,ff43266d9f6c730a,ETHUSDT,1h,SHORT_ONLY,validation,,adverse,32,12,20,0,-229.9743946409745,-7.186699832530454,0.8378517590304638,37.5,-53.48049654476279,DESCRIPTIVE_SAMPLE,without_top_5pct,2,330.7056236203149,"descriptive deletion of net PnL; no resimulation, return or drawdown",recent
donchian_atr,eth_short_regime_challenge_v1_donchian_atr,20261007T203647Z-194d4424b93c,81765cc7b3cd40c9b383fd691ff66219,ff43266d9f6c730a,ETHUSDT,1h,SHORT_ONLY,validation,,adverse,30,10,20,0,-488.4844429920963,-16.28281476640321,0.6555838605606239,33.333333333333336,-55.60046261653224,DESCRIPTIVE_SAMPLE,without_top_10pct,4,589.2156719714367,"descriptive deletion of net PnL; no resimulation, return or drawdown",recent
donchian_atr,eth_short_regime_challenge_v1_donchian_atr,20261007T203647Z-194d4424b93c,c122df20c69a4f22ac5a2010df9ee60a,e0dd4c731d1d27f0,ETHUSDT,1h,SHORT_ONLY,validation,,base,34,14,20,0,211.59040341452504,6.223247159250737,1.1548642622001584,41.1764705882353,-49.13150640808647,DESCRIPTIVE_SAMPLE,complete,0,0.0,"descriptive deletion of net PnL; no resimulation, return or drawdown",recent
donchian_atr,eth_short_regime_challenge_v1_donchian_atr,20261007T203647Z-194d4424b93c,c122df20c69a4f22ac5a2010df9ee60a,e0dd4c731d1d27f0,ETHUSDT,1h,SHORT_ONLY,validation,,base,33,13,20,0,12.11056018363918,0.3669866722314903,1.0088637903109223,39.39393939393939,-49.18995096054212,DESCRIPTIVE_SAMPLE,without_best,1,199.47984323088596,"descriptive deletion of net PnL; no resimulation, return or drawdown",recent
donchian_atr,eth_short_regime_challenge_v1_donchian_atr,20261007T203647Z-194d4424b93c,c122df20c69a4f22ac5a2010df9ee60a,e0dd4c731d1d27f0,ETHUSDT,1h,SHORT_ONLY,validation,,base,32,12,20,0,-131.2646432288753,-4.102020100902353,0.903926634674532,37.5,-50.418315491822526,DESCRIPTIVE_SAMPLE,without_top_5pct,2,342.8550466434004,"descriptive deletion of net PnL; no resimulation, return or drawdown",recent
donchian_atr,eth_short_regime_challenge_v1_donchian_atr,20261007T203647Z-194d4424b93c,c122df20c69a4f22ac5a2010df9ee60a,e0dd4c731d1d27f0,ETHUSDT,1h,SHORT_ONLY,validation,,base,30,10,20,0,-398.41292403940366,-13.280430801313456,0.7083992348580469,33.333333333333336,-52.6788940885067,DESCRIPTIVE_SAMPLE,without_top_10pct,4,610.0033274539287,"descriptive deletion of net PnL; no resimulation, return or drawdown",recent
donchian_atr,eth_short_regime_challenge_v1_donchian_atr,20261007T203647Z-194d4424b93c,4d746512f47a43a7b714d58cdb0ebdb3,e0dd4c731d1d27f0,ETHUSDT,1h,SHORT_ONLY,validation,,adverse,34,14,20,0,100.7312289793404,2.9626832052747174,1.0710226528270614,41.1764705882353,-52.33660159533393,DESCRIPTIVE_SAMPLE,complete,0,0.0,"descriptive deletion of net PnL; no resimulation, return or drawdown",recent
donchian_atr,eth_short_regime_challenge_v1_donchian_atr,20261007T203647Z-194d4424b93c,4d746512f47a43a7b714d58cdb0ebdb3,e0dd4c731d1d27f0,ETHUSDT,1h,SHORT_ONLY,validation,,adverse,33,13,20,0,-90.32384695065872,-2.7370862712320823,0.9363152888237172,39.39393939393939,-52.40048264531353,DESCRIPTIVE_SAMPLE,without_best,1,191.05507592999905,"descriptive deletion of net PnL; no resimulation, return or drawdown",recent
donchian_atr,eth_short_regime_challenge_v1_donchian_atr,20261007T203647Z-194d4424b93c,4d746512f47a43a7b714d58cdb0ebdb3,e0dd4c731d1d27f0,ETHUSDT,1h,SHORT_ONLY,validation,,adverse,32,12,20,0,-229.9743946409745,-7.186699832530454,0.8378517590304638,37.5,-53.48049654476279,DESCRIPTIVE_SAMPLE,without_top_5pct,2,330.7056236203149,"descriptive deletion of net PnL; no resimulation, return or drawdown",recent
donchian_atr,eth_short_regime_challenge_v1_donchian_atr,20261007T203647Z-194d4424b93c,4d746512f47a43a7b714d58cdb0ebdb3,e0dd4c731d1d27f0,ETHUSDT,1h,SHORT_ONLY,validation,,adverse,30,10,20,0,-488.4844429920963,-16.28281476640321,0.6555838605606239,33.333333333333336,-55.60046261653224,DESCRIPTIVE_SAMPLE,without_top_10pct,4,589.2156719714367,"descriptive deletion of net PnL; no resimulation, return or drawdown",recent
donchian_atr,eth_short_regime_challenge_v1_donchian_atr,20261007T203647Z-194d4424b93c,88add49ff8394e3e8ba1ca1eafc80c6f,827790540ac7604f,ETHUSDT,1h,SHORT_ONLY,validation,,base,33,14,19,0,269.6098180722594,8.169994487038164,1.2055921382785613,42.42424242424242,-49.0730618556308,DESCRIPTIVE_SAMPLE,complete,0,0.0,"descriptive deletion of net PnL; no resimulation, return or drawdown",recent
donchian_atr,eth_short_regime_challenge_v1_donchian_atr,20261007T203647Z-194d4424b93c,88add49ff8394e3e8ba1ca1eafc80c6f,827790540ac7604f,ETHUSDT,1h,SHORT_ONLY,validation,,base,32,13,19,0,70.1299748413735,2.1915617137929218,1.0534779170437902,40.625,-49.27124545584096,DESCRIPTIVE_SAMPLE,without_best,1,199.47984323088596,"descriptive deletion of net PnL; no resimulation, return or drawdown",recent
donchian_atr,eth_short_regime_challenge_v1_donchian_atr,20261007T203647Z-194d4424b93c,88add49ff8394e3e8ba1ca1eafc80c6f,827790540ac7604f,ETHUSDT,1h,SHORT_ONLY,validation,,base,31,12,19,0,-73.24522857114098,-2.3627493087464835,0.9441465326881868,38.70967741935484,-49.46942905605112,DESCRIPTIVE_SAMPLE,without_top_5pct,2,342.8550466434004,"descriptive deletion of net PnL; no resimulation, return or drawdown",recent
donchian_atr,eth_short_regime_challenge_v1_donchian_atr,20261007T203647Z-194d4424b93c,88add49ff8394e3e8ba1ca1eafc80c6f,827790540ac7604f,ETHUSDT,1h,SHORT_ONLY,validation,,base,29,10,19,0,-341.1467938413525,-11.763682546253536,0.7398570300065209,34.48275862068966,-51.94016308827821,DESCRIPTIVE_SAMPLE,without_top_10pct,4,610.7566119136119,"descriptive deletion of net PnL; no resimulation, return or drawdown",recent
donchian_atr,eth_short_regime_challenge_v1_donchian_atr,20261007T203647Z-194d4424b93c,3fc7dd5681b44cc1b70af38fb8fa57f6,827790540ac7604f,ETHUSDT,1h,SHORT_ONLY,validation,,adverse,33,14,19,0,161.60381205508585,4.897085213790479,1.1187749802816582,42.42424242424242,-52.40048264531353,DESCRIPTIVE_SAMPLE,complete,0,0.0,"descriptive deletion of net PnL; no resimulation, return or drawdown",recent
donchian_atr,eth_short_regime_challenge_v1_donchian_atr,20261007T203647Z-194d4424b93c,3fc7dd5681b44cc1b70af38fb8fa57f6,827790540ac7604f,ETHUSDT,1h,SHORT_ONLY,validation,,adverse,32,13,19,0,-29.45126387491325,-0.9203519960910392,0.9783540175103024,40.625,-52.49409986428887,DESCRIPTIVE_SAMPLE,without_best,1,191.05507592999905,"descriptive deletion of net PnL; no resimulation, return or drawdown",recent
donchian_atr,eth_short_regime_challenge_v1_donchian_atr,20261007T203647Z-194d4424b93c,3fc7dd5681b44cc1b70af38fb8fa57f6,827790540ac7604f,ETHUSDT,1h,SHORT_ONLY,validation,,adverse,31,12,19,0,-169.10181156522907,-5.454897147265454,0.875714167389774,38.70967741935484,-52.58771708326421,DESCRIPTIVE_SAMPLE,without_top_5pct,2,330.7056236203149,"descriptive deletion of net PnL; no resimulation, return or drawdown",recent
donchian_atr,eth_short_regime_challenge_v1_donchian_atr,20261007T203647Z-194d4424b93c,3fc7dd5681b44cc1b70af38fb8fa57f6,827790540ac7604f,ETHUSDT,1h,SHORT_ONLY,validation,,adverse,29,10,19,0,-428.3835263347287,-14.7718457356803,0.6851482384830703,34.48275862068966,-54.88928479965666,DESCRIPTIVE_SAMPLE,without_top_10pct,4,589.9873383898145,"descriptive deletion of net PnL; no resimulation, return or drawdown",recent
donchian_atr,eth_short_regime_challenge_v1_donchian_atr,20261007T203647Z-194d4424b93c,bb884692d73849d99ead7a0bd625d129,6719be4e317770b6,ETHUSDT,1h,SHORT_ONLY,validation,,base,26,10,16,0,84.45079687169482,3.248107571988262,1.074193613020432,38.46153846153846,-49.61981466837587,DESCRIPTIVE_SAMPLE,complete,0,0.0,"descriptive deletion of net PnL; no resimulation, return or drawdown",recent
donchian_atr,eth_short_regime_challenge_v1_donchian_atr,20261007T203647Z-194d4424b93c,bb884692d73849d99ead7a0bd625d129,6719be4e317770b6,ETHUSDT,1h,SHORT_ONLY,validation,,base,25,9,16,0,-111.62618441829228,-4.4650473767316905,0.9019316544489115,36.0,-51.0036598284624,DESCRIPTIVE_SAMPLE,without_best,1,196.07698128998717,"descriptive deletion of net PnL; no resimulation, return or drawdown",recent
donchian_atr,eth_short_regime_challenge_v1_donchian_atr,20261007T203647Z-194d4424b93c,bb884692d73849d99ead7a0bd625d129,6719be4e317770b6,ETHUSDT,1h,SHORT_ONLY,validation,,base,24,8,16,0,-269.88944993718786,-11.245393747382828,0.7628906517322828,33.333333333333336,-52.31407340601527,DESCRIPTIVE_SAMPLE,without_top_5pct,2,354.3402468088827,"descriptive deletion of net PnL; no resimulation, return or drawdown",recent
donchian_atr,eth_short_regime_challenge_v1_donchian_atr,20261007T203647Z-194d4424b93c,bb884692d73849d99ead7a0bd625d129,6719be4e317770b6,ETHUSDT,1h,SHORT_ONLY,validation,,base,23,7,16,0,-415.27961423045633,-18.05563540132419,0.6351592153677407,30.43478260869565,-53.62448698356813,DESCRIPTIVE_SAMPLE,without_top_10pct,3,499.7304111021512,"descriptive deletion of net PnL; no resimulation, return or drawdown",recent
donchian_atr,eth_short_regime_challenge_v1_donchian_atr,20261007T203647Z-194d4424b93c,08b5fbc540c645219a9bcd0e226fb43c,6719be4e317770b6,ETHUSDT,1h,SHORT_ONLY,validation,,adverse,26,10,16,0,1.768167075083312,0.0680064259647427,1.001499778094394,38.46153846153846,-52.7831678494542,DESCRIPTIVE_SAMPLE,complete,0,0.0,"descriptive deletion of net PnL; no resimulation, return or drawdown",recent
donchian_atr,eth_short_regime_challenge_v1_donchian_atr,20261007T203647Z-194d4424b93c,08b5fbc540c645219a9bcd0e226fb43c,6719be4e317770b6,ETHUSDT,1h,SHORT_ONLY,validation,,adverse,25,9,16,0,-186.1510435327143,-7.446041741308573,0.8421047075962673,36.0,-54.02594927937771,DESCRIPTIVE_SAMPLE,without_best,1,187.9192106077976,"descriptive deletion of net PnL; no resimulation, return or drawdown",recent
donchian_atr,eth_short_regime_challenge_v1_donchian_atr,20261007T203647Z-194d4424b93c,08b5fbc540c645219a9bcd0e226fb43c,6719be4e317770b6,ETHUSDT,1h,SHORT_ONLY,validation,,adverse,24,8,16,0,-340.82604532366577,-14.201085221819406,0.7109077281335219,33.333333333333336,-55.354211950695245,DESCRIPTIVE_SAMPLE,without_top_5pct,2,342.5942123987491,"descriptive deletion of net PnL; no resimulation, return or drawdown",recent
donchian_atr,eth_short_regime_challenge_v1_donchian_atr,20261007T203647Z-194d4424b93c,08b5fbc540c645219a9bcd0e226fb43c,6719be4e317770b6,ETHUSDT,1h,SHORT_ONLY,validation,,adverse,23,7,16,0,-481.8465891330095,-20.949851701435197,0.5912926049671744,30.43478260869565,-56.68247462201278,DESCRIPTIVE_SAMPLE,without_top_10pct,3,483.6147562080928,"descriptive deletion of net PnL; no resimulation, return or drawdown",recent
donchian_atr,eth_short_regime_challenge_v1_donchian_atr,20261007T203647Z-194d4424b93c,f96dc49ebcac4155a00123c436ee4eff,4c4aa07c4c65af74,ETHUSDT,1h,SHORT_ONLY,validation,,base,26,10,16,0,84.45079687169482,3.248107571988262,1.074193613020432,38.46153846153846,-49.61981466837587,DESCRIPTIVE_SAMPLE,complete,0,0.0,"descriptive deletion of net PnL; no resimulation, return or drawdown",recent
donchian_atr,eth_short_regime_challenge_v1_donchian_atr,20261007T203647Z-194d4424b93c,f96dc49ebcac4155a00123c436ee4eff,4c4aa07c4c65af74,ETHUSDT,1h,SHORT_ONLY,validation,,base,25,9,16,0,-111.62618441829228,-4.4650473767316905,0.9019316544489115,36.0,-51.0036598284624,DESCRIPTIVE_SAMPLE,without_best,1,196.07698128998717,"descriptive deletion of net PnL; no resimulation, return or drawdown",recent
donchian_atr,eth_short_regime_challenge_v1_donchian_atr,20261007T203647Z-194d4424b93c,f96dc49ebcac4155a00123c436ee4eff,4c4aa07c4c65af74,ETHUSDT,1h,SHORT_ONLY,validation,,base,24,8,16,0,-269.88944993718786,-11.245393747382828,0.7628906517322828,33.333333333333336,-52.31407340601527,DESCRIPTIVE_SAMPLE,without_top_5pct,2,354.3402468088827,"descriptive deletion of net PnL; no resimulation, return or drawdown",recent
donchian_atr,eth_short_regime_challenge_v1_donchian_atr,20261007T203647Z-194d4424b93c,f96dc49ebcac4155a00123c436ee4eff,4c4aa07c4c65af74,ETHUSDT,1h,SHORT_ONLY,validation,,base,23,7,16,0,-415.27961423045633,-18.05563540132419,0.6351592153677407,30.43478260869565,-53.62448698356813,DESCRIPTIVE_SAMPLE,without_top_10pct,3,499.7304111021512,"descriptive deletion of net PnL; no resimulation, return or drawdown",recent
donchian_atr,eth_short_regime_challenge_v1_donchian_atr,20261007T203647Z-194d4424b93c,c90476a092114b7185d5fa04f2801b68,4c4aa07c4c65af74,ETHUSDT,1h,SHORT_ONLY,validation,,adverse,26,10,16,0,1.768167075083312,0.0680064259647427,1.001499778094394,38.46153846153846,-52.7831678494542,DESCRIPTIVE_SAMPLE,complete,0,0.0,"descriptive deletion of net PnL; no resimulation, return or drawdown",recent
donchian_atr,eth_short_regime_challenge_v1_donchian_atr,20261007T203647Z-194d4424b93c,c90476a092114b7185d5fa04f2801b68,4c4aa07c4c65af74,ETHUSDT,1h,SHORT_ONLY,validation,,adverse,25,9,16,0,-186.1510435327143,-7.446041741308573,0.8421047075962673,36.0,-54.02594927937771,DESCRIPTIVE_SAMPLE,without_best,1,187.9192106077976,"descriptive deletion of net PnL; no resimulation, return or drawdown",recent
donchian_atr,eth_short_regime_challenge_v1_donchian_atr,20261007T203647Z-194d4424b93c,c90476a092114b7185d5fa04f2801b68,4c4aa07c4c65af74,ETHUSDT,1h,SHORT_ONLY,validation,,adverse,24,8,16,0,-340.82604532366577,-14.201085221819406,0.7109077281335219,33.333333333333336,-55.354211950695245,DESCRIPTIVE_SAMPLE,without_top_5pct,2,342.5942123987491,"descriptive deletion of net PnL; no resimulation, return or drawdown",recent
donchian_atr,eth_short_regime_challenge_v1_donchian_atr,20261007T203647Z-194d4424b93c,c90476a092114b7185d5fa04f2801b68,4c4aa07c4c65af74,ETHUSDT,1h,SHORT_ONLY,validation,,adverse,23,7,16,0,-481.8465891330095,-20.949851701435197,0.5912926049671744,30.43478260869565,-56.68247462201278,DESCRIPTIVE_SAMPLE,without_top_10pct,3,483.6147562080928,"descriptive deletion of net PnL; no resimulation, return or drawdown",recent
donchian_atr,eth_short_regime_challenge_v1_donchian_atr,20261007T203647Z-194d4424b93c,18c6eed06b064a25a6ca315c76e6f172,db2f1a56c8656a10,ETHUSDT,1h,SHORT_ONLY,validation,,base,26,10,16,0,84.45079687169482,3.248107571988262,1.074193613020432,38.46153846153846,-49.61981466837587,DESCRIPTIVE_SAMPLE,complete,0,0.0,"descriptive deletion of net PnL; no resimulation, return or drawdown",recent
donchian_atr,eth_short_regime_challenge_v1_donchian_atr,20261007T203647Z-194d4424b93c,18c6eed06b064a25a6ca315c76e6f172,db2f1a56c8656a10,ETHUSDT,1h,SHORT_ONLY,validation,,base,25,9,16,0,-111.62618441829228,-4.4650473767316905,0.9019316544489115,36.0,-51.0036598284624,DESCRIPTIVE_SAMPLE,without_best,1,196.07698128998717,"descriptive deletion of net PnL; no resimulation, return or drawdown",recent
donchian_atr,eth_short_regime_challenge_v1_donchian_atr,20261007T203647Z-194d4424b93c,18c6eed06b064a25a6ca315c76e6f172,db2f1a56c8656a10,ETHUSDT,1h,SHORT_ONLY,validation,,base,24,8,16,0,-269.88944993718786,-11.245393747382828,0.7628906517322828,33.333333333333336,-52.31407340601527,DESCRIPTIVE_SAMPLE,without_top_5pct,2,354.3402468088827,"descriptive deletion of net PnL; no resimulation, return or drawdown",recent
donchian_atr,eth_short_regime_challenge_v1_donchian_atr,20261007T203647Z-194d4424b93c,18c6eed06b064a25a6ca315c76e6f172,db2f1a56c8656a10,ETHUSDT,1h,SHORT_ONLY,validation,,base,23,7,16,0,-415.27961423045633,-18.05563540132419,0.6351592153677407,30.43478260869565,-53.62448698356813,DESCRIPTIVE_SAMPLE,without_top_10pct,3,499.7304111021512,"descriptive deletion of net PnL; no resimulation, return or drawdown",recent
donchian_atr,eth_short_regime_challenge_v1_donchian_atr,20261007T203647Z-194d4424b93c,034a34fd5f8d4dd494a004e85e033662,db2f1a56c8656a10,ETHUSDT,1h,SHORT_ONLY,validation,,adverse,26,10,16,0,1.768167075083312,0.0680064259647427,1.001499778094394,38.46153846153846,-52.7831678494542,DESCRIPTIVE_SAMPLE,complete,0,0.0,"descriptive deletion of net PnL; no resimulation, return or drawdown",recent
donchian_atr,eth_short_regime_challenge_v1_donchian_atr,20261007T203647Z-194d4424b93c,034a34fd5f8d4dd494a004e85e033662,db2f1a56c8656a10,ETHUSDT,1h,SHORT_ONLY,validation,,adverse,25,9,16,0,-186.1510435327143,-7.446041741308573,0.8421047075962673,36.0,-54.02594927937771,DESCRIPTIVE_SAMPLE,without_best,1,187.9192106077976,"descriptive deletion of net PnL; no resimulation, return or drawdown",recent
donchian_atr,eth_short_regime_challenge_v1_donchian_atr,20261007T203647Z-194d4424b93c,034a34fd5f8d4dd494a004e85e033662,db2f1a56c8656a10,ETHUSDT,1h,SHORT_ONLY,validation,,adverse,24,8,16,0,-340.82604532366577,-14.201085221819406,0.7109077281335219,33.333333333333336,-55.354211950695245,DESCRIPTIVE_SAMPLE,without_top_5pct,2,342.5942123987491,"descriptive deletion of net PnL; no resimulation, return or drawdown",recent
donchian_atr,eth_short_regime_challenge_v1_donchian_atr,20261007T203647Z-194d4424b93c,034a34fd5f8d4dd494a004e85e033662,db2f1a56c8656a10,ETHUSDT,1h,SHORT_ONLY,validation,,adverse,23,7,16,0,-481.8465891330095,-20.949851701435197,0.5912926049671744,30.43478260869565,-56.68247462201278,DESCRIPTIVE_SAMPLE,without_top_10pct,3,483.6147562080928,"descriptive deletion of net PnL; no resimulation, return or drawdown",recent
donchian_atr,eth_short_regime_challenge_v1_donchian_atr,20261007T203647Z-194d4424b93c,9834fe4e38f64f3fbfa74408923bc63a,ff43266d9f6c730a,ETHUSDT,1h,SHORT_ONLY,test,,base,68,27,41,0,266.8304053395336,3.923976549110789,1.0953903197802874,39.70588235294117,-46.402502636815946,DESCRIPTIVE_SAMPLE,complete,0,0.0,"descriptive deletion of net PnL; no resimulation, return or drawdown",recent
donchian_atr,eth_short_regime_challenge_v1_donchian_atr,20261007T203647Z-194d4424b93c,9834fe4e38f64f3fbfa74408923bc63a,ff43266d9f6c730a,ETHUSDT,1h,SHORT_ONLY,test,,base,67,26,41,0,75.8147203352769,1.1315629900787598,1.0271033220806776,38.80597014925373,-47.10478535892669,DESCRIPTIVE_SAMPLE,without_best,1,191.0156850042568,"descriptive deletion of net PnL; no resimulation, return or drawdown",recent
donchian_atr,eth_short_regime_challenge_v1_donchian_atr,20261007T203647Z-194d4424b93c,9834fe4e38f64f3fbfa74408923bc63a,ff43266d9f6c730a,ETHUSDT,1h,SHORT_ONLY,test,,base,64,23,41,0,-452.6368577675926,-7.072450902618634,0.8381849529034987,35.9375,-48.21587971214092,DESCRIPTIVE_SAMPLE,without_top_5pct,4,719.4672631071263,"descriptive deletion of net PnL; no resimulation, return or drawdown",recent
donchian_atr,eth_short_regime_challenge_v1_donchian_atr,20261007T203647Z-194d4424b93c,9834fe4e38f64f3fbfa74408923bc63a,ff43266d9f6c730a,ETHUSDT,1h,SHORT_ONLY,test,,base,61,20,41,0,-913.9807730476398,-14.983291361436718,0.6732571833292069,32.78688524590164,-49.91429997938327,DESCRIPTIVE_SAMPLE,without_top_10pct,7,1180.8111783871736,"descriptive deletion of net PnL; no resimulation, return or drawdown",recent
donchian_atr,eth_short_regime_challenge_v1_donchian_atr,20261007T203647Z-194d4424b93c,42c07221b11145e09ab067a2e33c0acd,ff43266d9f6c730a,ETHUSDT,1h,SHORT_ONLY,test,,adverse,67,27,40,0,113.83787881737165,1.699072818169726,1.0401252475794696,40.298507462686565,-48.82651140373518,DESCRIPTIVE_SAMPLE,complete,0,0.0,"descriptive deletion of net PnL; no resimulation, return or drawdown",recent
donchian_atr,eth_short_regime_challenge_v1_donchian_atr,20261007T203647Z-194d4424b93c,42c07221b11145e09ab067a2e33c0acd,ff43266d9f6c730a,ETHUSDT,1h,SHORT_ONLY,test,,adverse,66,26,40,0,-70.46695349851842,-1.0676811136139157,0.9751620112332278,39.39393939393939,-49.36743986108776,DESCRIPTIVE_SAMPLE,without_best,1,184.30483231589,"descriptive deletion of net PnL; no resimulation, return or drawdown",recent
donchian_atr,eth_short_regime_challenge_v1_donchian_atr,20261007T203647Z-194d4424b93c,42c07221b11145e09ab067a2e33c0acd,ff43266d9f6c730a,ETHUSDT,1h,SHORT_ONLY,test,,adverse,63,23,40,0,-584.9121645058086,-9.284320071520773,0.7938318452798008,36.507936507936506,-51.16067852500125,DESCRIPTIVE_SAMPLE,without_top_5pct,4,698.7500433231802,"descriptive deletion of net PnL; no resimulation, return or drawdown",recent
donchian_atr,eth_short_regime_challenge_v1_donchian_atr,20261007T203647Z-194d4424b93c,42c07221b11145e09ab067a2e33c0acd,ff43266d9f6c730a,ETHUSDT,1h,SHORT_ONLY,test,,adverse,60,20,40,0,-1032.8848429132297,-17.214747381887157,0.635931726121985,33.333333333333336,-52.05985897638519,DESCRIPTIVE_SAMPLE,without_top_10pct,7,1146.722721730601,"descriptive deletion of net PnL; no resimulation, return or drawdown",recent
donchian_atr,eth_short_regime_challenge_v1_donchian_atr,20261007T203647Z-194d4424b93c,8ed2a467f3f5407a92cc7a47bcbcce92,e0dd4c731d1d27f0,ETHUSDT,1h,SHORT_ONLY,test,,base,65,27,38,0,401.6734424838229,6.179591422828044,1.1504456720477512,41.53846153846154,-45.92389155731907,DESCRIPTIVE_SAMPLE,complete,0,0.0,"descriptive deletion of net PnL; no resimulation, return or drawdown",recent
donchian_atr,eth_short_regime_challenge_v1_donchian_atr,20261007T203647Z-194d4424b93c,8ed2a467f3f5407a92cc7a47bcbcce92,e0dd4c731d1d27f0,ETHUSDT,1h,SHORT_ONLY,test,,base,64,26,38,0,209.7227590550349,3.276918110234921,1.0785510768016835,40.625,-47.07167483087315,DESCRIPTIVE_SAMPLE,without_best,1,191.95068342878787,"descriptive deletion of net PnL; no resimulation, return or drawdown",recent
donchian_atr,eth_short_regime_challenge_v1_donchian_atr,20261007T203647Z-194d4424b93c,8ed2a467f3f5407a92cc7a47bcbcce92,e0dd4c731d1d27f0,ETHUSDT,1h,SHORT_ONLY,test,,base,61,23,38,0,-319.6120403333866,-5.239541644809616,0.8802901981640325,37.704918032786885,-49.08347534474717,DESCRIPTIVE_SAMPLE,without_top_5pct,4,721.2854828172095,"descriptive deletion of net PnL; no resimulation, return or drawdown",recent
donchian_atr,eth_short_regime_challenge_v1_donchian_atr,20261007T203647Z-194d4424b93c,8ed2a467f3f5407a92cc7a47bcbcce92,e0dd4c731d1d27f0,ETHUSDT,1h,SHORT_ONLY,test,,base,58,20,38,0,-782.4166161986736,-13.489941658597822,0.7069480299283725,34.48275862068966,-53.094944889921365,DESCRIPTIVE_SAMPLE,without_top_10pct,7,1184.0900586824964,"descriptive deletion of net PnL; no resimulation, return or drawdown",recent
donchian_atr,eth_short_regime_challenge_v1_donchian_atr,20261007T203647Z-194d4424b93c,cef759945c584deea3664286ef19e0ce,e0dd4c731d1d27f0,ETHUSDT,1h,SHORT_ONLY,test,,adverse,64,27,37,0,257.17358973046333,4.01833733953849,1.095199828358758,42.1875,-48.8822953292004,DESCRIPTIVE_SAMPLE,complete,0,0.0,"descriptive deletion of net PnL; no resimulation, return or drawdown",recent
donchian_atr,eth_short_regime_challenge_v1_donchian_atr,20261007T203647Z-194d4424b93c,cef759945c584deea3664286ef19e0ce,e0dd4c731d1d27f0,ETHUSDT,1h,SHORT_ONLY,test,,adverse,63,26,37,0,71.90333271095886,1.1413227414437914,1.0266169824812892,41.26984126984127,-49.08227371525968,DESCRIPTIVE_SAMPLE,without_best,1,185.27025701950464,"descriptive deletion of net PnL; no resimulation, return or drawdown",recent
donchian_atr,eth_short_regime_challenge_v1_donchian_atr,20261007T203647Z-194d4424b93c,cef759945c584deea3664286ef19e0ce,e0dd4c731d1d27f0,ETHUSDT,1h,SHORT_ONLY,test,,adverse,60,23,37,0,-443.4588568491107,-7.390980947485178,0.83584159205285,38.333333333333336,-51.67686599416932,DESCRIPTIVE_SAMPLE,without_top_5pct,4,700.6324465795742,"descriptive deletion of net PnL; no resimulation, return or drawdown",recent
donchian_atr,eth_short_regime_challenge_v1_donchian_atr,20261007T203647Z-194d4424b93c,cef759945c584deea3664286ef19e0ce,e0dd4c731d1d27f0,ETHUSDT,1h,SHORT_ONLY,test,,adverse,57,20,37,0,-892.94785039316,-15.66575176128351,0.669450964308404,35.08771929824562,-55.74148801744791,DESCRIPTIVE_SAMPLE,without_top_10pct,7,1150.1214401236234,"descriptive deletion of net PnL; no resimulation, return or drawdown",recent
donchian_atr,eth_short_regime_challenge_v1_donchian_atr,20261007T203647Z-194d4424b93c,b8636398bdbf45098f420601b59391d6,827790540ac7604f,ETHUSDT,1h,SHORT_ONLY,test,,base,63,25,38,0,190.73274989862568,3.027503966644852,1.07138166701281,39.68253968253968,-47.04783494226106,DESCRIPTIVE_SAMPLE,complete,0,0.0,"descriptive deletion of net PnL; no resimulation, return or drawdown",recent
donchian_atr,eth_short_regime_challenge_v1_donchian_atr,20261007T203647Z-194d4424b93c,b8636398bdbf45098f420601b59391d6,827790540ac7604f,ETHUSDT,1h,SHORT_ONLY,test,,base,62,24,38,0,-1.363425275856045,-0.0219907302557426,0.9994897385525572,38.70967741935484,-47.567950840661325,DESCRIPTIVE_SAMPLE,without_best,1,192.09617517448152,"descriptive deletion of net PnL; no resimulation, return or drawdown",recent
donchian_atr,eth_short_regime_challenge_v1_donchian_atr,20261007T203647Z-194d4424b93c,b8636398bdbf45098f420601b59391d6,827790540ac7604f,ETHUSDT,1h,SHORT_ONLY,test,,base,59,21,38,0,-526.0864022084822,-8.916718681499699,0.8031123422570452,35.59322033898305,-52.34900264135812,DESCRIPTIVE_SAMPLE,without_top_5pct,4,716.8191521071078,"descriptive deletion of net PnL; no resimulation, return or drawdown",recent
donchian_atr,eth_short_regime_challenge_v1_donchian_atr,20261007T203647Z-194d4424b93c,b8636398bdbf45098f420601b59391d6,827790540ac7604f,ETHUSDT,1h,SHORT_ONLY,test,,base,56,18,38,0,-985.4650658933812,-17.59759046238181,0.6311900330501906,32.142857142857146,-53.74171351509613,DESCRIPTIVE_SAMPLE,without_top_10pct,7,1176.1978157920066,"descriptive deletion of net PnL; no resimulation, return or drawdown",recent
donchian_atr,eth_short_regime_challenge_v1_donchian_atr,20261007T203647Z-194d4424b93c,63d214cdd8f14054af6a580504d9090d,827790540ac7604f,ETHUSDT,1h,SHORT_ONLY,test,,adverse,62,25,37,0,55.72479320443111,0.8987869871682437,1.0206144697383173,40.32258064516129,-49.01658312675803,DESCRIPTIVE_SAMPLE,complete,0,0.0,"descriptive deletion of net PnL; no resimulation, return or drawdown",recent
donchian_atr,eth_short_regime_challenge_v1_donchian_atr,20261007T203647Z-194d4424b93c,63d214cdd8f14054af6a580504d9090d,827790540ac7604f,ETHUSDT,1h,SHORT_ONLY,test,,adverse,61,24,37,0,-129.68616001053692,-2.126002623123556,0.9520247403842634,39.34426229508197,-50.16085667710663,DESCRIPTIVE_SAMPLE,without_best,1,185.41095321496795,"descriptive deletion of net PnL; no resimulation, return or drawdown",recent
donchian_atr,eth_short_regime_challenge_v1_donchian_atr,20261007T203647Z-194d4424b93c,63d214cdd8f14054af6a580504d9090d,827790540ac7604f,ETHUSDT,1h,SHORT_ONLY,test,,adverse,58,21,37,0,-640.6269035430354,-11.04529144039716,0.7630106249440555,36.206896551724135,-53.11525880885664,DESCRIPTIVE_SAMPLE,without_top_5pct,4,696.3516967474663,"descriptive deletion of net PnL; no resimulation, return or drawdown",recent
donchian_atr,eth_short_regime_challenge_v1_donchian_atr,20261007T203647Z-194d4424b93c,63d214cdd8f14054af6a580504d9090d,827790540ac7604f,ETHUSDT,1h,SHORT_ONLY,test,,adverse,55,18,37,0,-1086.8518893932908,-19.76094344351438,0.5979370385146715,32.72727272727273,-55.74148801744791,DESCRIPTIVE_SAMPLE,without_top_10pct,7,1142.576682597722,"descriptive deletion of net PnL; no resimulation, return or drawdown",recent
donchian_atr,eth_short_regime_challenge_v1_donchian_atr,20261007T203647Z-194d4424b93c,02f807b3e6734ceb8632cec814aface1,6719be4e317770b6,ETHUSDT,1h,SHORT_ONLY,test,,base,52,22,30,0,508.3593588693285,9.776141516717855,1.2436629687311889,42.30769230769231,-46.46145503619801,DESCRIPTIVE_SAMPLE,complete,0,0.0,"descriptive deletion of net PnL; no resimulation, return or drawdown",recent
donchian_atr,eth_short_regime_challenge_v1_donchian_atr,20261007T203647Z-194d4424b93c,02f807b3e6734ceb8632cec814aface1,6719be4e317770b6,ETHUSDT,1h,SHORT_ONLY,test,,base,51,21,30,0,312.26519176630774,6.122846897378583,1.1496725934709318,41.1764705882353,-47.55509336357929,DESCRIPTIVE_SAMPLE,without_best,1,196.0941671030208,"descriptive deletion of net PnL; no resimulation, return or drawdown",recent
donchian_atr,eth_short_regime_challenge_v1_donchian_atr,20261007T203647Z-194d4424b93c,02f807b3e6734ceb8632cec814aface1,6719be4e317770b6,ETHUSDT,1h,SHORT_ONLY,test,,base,49,19,30,0,-49.40933795130023,-1.008353835740821,0.9763174892756308,38.775510204081634,-47.98648324647552,DESCRIPTIVE_SAMPLE,without_top_5pct,3,557.7686968206287,"descriptive deletion of net PnL; no resimulation, return or drawdown",recent
donchian_atr,eth_short_regime_challenge_v1_donchian_atr,20261007T203647Z-194d4424b93c,02f807b3e6734ceb8632cec814aface1,6719be4e317770b6,ETHUSDT,1h,SHORT_ONLY,test,,base,46,16,30,0,-551.7127786018946,-11.993756056562926,0.7355571975303676,34.78260869565217,-49.59467090994359,DESCRIPTIVE_SAMPLE,without_top_10pct,6,1060.072137471223,"descriptive deletion of net PnL; no resimulation, return or drawdown",recent
donchian_atr,eth_short_regime_challenge_v1_donchian_atr,20261007T203647Z-194d4424b93c,e824997c9f554815b58efb97889618e3,6719be4e317770b6,ETHUSDT,1h,SHORT_ONLY,test,,adverse,51,22,29,0,404.36830761628784,7.928790345417409,1.1923622414734616,43.13725490196079,-48.785454909299965,DESCRIPTIVE_SAMPLE,complete,0,0.0,"descriptive deletion of net PnL; no resimulation, return or drawdown",recent
donchian_atr,eth_short_regime_challenge_v1_donchian_atr,20261007T203647Z-194d4424b93c,e824997c9f554815b58efb97889618e3,6719be4e317770b6,ETHUSDT,1h,SHORT_ONLY,test,,adverse,50,21,29,0,214.583682631514,4.291673652630281,1.1020797065377268,42.0,-49.92618137574429,DESCRIPTIVE_SAMPLE,without_best,1,189.78462498477373,"descriptive deletion of net PnL; no resimulation, return or drawdown",recent
donchian_atr,eth_short_regime_challenge_v1_donchian_atr,20261007T203647Z-194d4424b93c,e824997c9f554815b58efb97889618e3,6719be4e317770b6,ETHUSDT,1h,SHORT_ONLY,test,,adverse,48,19,29,0,-137.9690510745944,-2.8743552307207167,0.9343666765698664,39.583333333333336,-51.075177536722,DESCRIPTIVE_SAMPLE,without_top_5pct,3,542.3373586908822,"descriptive deletion of net PnL; no resimulation, return or drawdown",recent
donchian_atr,eth_short_regime_challenge_v1_donchian_atr,20261007T203647Z-194d4424b93c,e824997c9f554815b58efb97889618e3,6719be4e317770b6,ETHUSDT,1h,SHORT_ONLY,test,,adverse,45,16,29,0,-628.5912696841942,-13.968694881870984,0.7009725457469791,35.55555555555556,-51.48647410560064,DESCRIPTIVE_SAMPLE,without_top_10pct,6,1032.959577300482,"descriptive deletion of net PnL; no resimulation, return or drawdown",recent
donchian_atr,eth_short_regime_challenge_v1_donchian_atr,20261007T203647Z-194d4424b93c,580f19ae128a465b87ff6e842de746eb,4c4aa07c4c65af74,ETHUSDT,1h,SHORT_ONLY,test,,base,50,22,28,0,594.5175966289556,11.890351932579112,1.2972344929791908,44.0,-46.46145503619801,DESCRIPTIVE_SAMPLE,complete,0,0.0,"descriptive deletion of net PnL; no resimulation, return or drawdown",recent
donchian_atr,eth_short_regime_challenge_v1_donchian_atr,20261007T203647Z-194d4424b93c,580f19ae128a465b87ff6e842de746eb,4c4aa07c4c65af74,ETHUSDT,1h,SHORT_ONLY,test,,base,49,21,28,0,398.4234295259349,8.131090398488467,1.199195426237454,42.85714285714285,-47.55509336357929,DESCRIPTIVE_SAMPLE,without_best,1,196.0941671030208,"descriptive deletion of net PnL; no resimulation, return or drawdown",recent
donchian_atr,eth_short_regime_challenge_v1_donchian_atr,20261007T203647Z-194d4424b93c,580f19ae128a465b87ff6e842de746eb,4c4aa07c4c65af74,ETHUSDT,1h,SHORT_ONLY,test,,base,47,19,28,0,36.74889980832684,0.7818914852835498,1.0183729475191436,40.42553191489362,-48.00958939598053,DESCRIPTIVE_SAMPLE,without_top_5pct,3,557.7686968206287,"descriptive deletion of net PnL; no resimulation, return or drawdown",recent
donchian_atr,eth_short_regime_challenge_v1_donchian_atr,20261007T203647Z-194d4424b93c,580f19ae128a465b87ff6e842de746eb,4c4aa07c4c65af74,ETHUSDT,1h,SHORT_ONLY,test,,base,45,17,28,0,-302.54449878769134,-6.723211084170918,0.8487401193661777,37.77777777777778,-51.17975242390664,DESCRIPTIVE_SAMPLE,without_top_10pct,5,897.0620954166468,"descriptive deletion of net PnL; no resimulation, return or drawdown",recent
donchian_atr,eth_short_regime_challenge_v1_donchian_atr,20261007T203647Z-194d4424b93c,9f4ba9c7bc62470fa03a7645c8ad745d,4c4aa07c4c65af74,ETHUSDT,1h,SHORT_ONLY,test,,adverse,49,22,27,0,496.8343187007162,10.139475891851353,1.2472239440371118,44.89795918367347,-48.785454909299965,DESCRIPTIVE_SAMPLE,complete,0,0.0,"descriptive deletion of net PnL; no resimulation, return or drawdown",recent
donchian_atr,eth_short_regime_challenge_v1_donchian_atr,20261007T203647Z-194d4424b93c,9f4ba9c7bc62470fa03a7645c8ad745d,4c4aa07c4c65af74,ETHUSDT,1h,SHORT_ONLY,test,,adverse,48,21,27,0,307.0496937159425,6.396868619082135,1.1527874251810073,43.75,-49.92618137574429,DESCRIPTIVE_SAMPLE,without_best,1,189.78462498477373,"descriptive deletion of net PnL; no resimulation, return or drawdown",recent
donchian_atr,eth_short_regime_challenge_v1_donchian_atr,20261007T203647Z-194d4424b93c,9f4ba9c7bc62470fa03a7645c8ad745d,4c4aa07c4c65af74,ETHUSDT,1h,SHORT_ONLY,test,,adverse,46,19,27,0,-45.503039990165874,-0.9891965215253452,0.9773577617555366,41.30434782608695,-51.276690973894624,DESCRIPTIVE_SAMPLE,without_top_5pct,3,542.3373586908822,"descriptive deletion of net PnL; no resimulation, return or drawdown",recent
donchian_atr,eth_short_regime_challenge_v1_donchian_atr,20261007T203647Z-194d4424b93c,9f4ba9c7bc62470fa03a7645c8ad745d,4c4aa07c4c65af74,ETHUSDT,1h,SHORT_ONLY,test,,adverse,44,17,27,0,-376.81394254431945,-8.563953239643624,0.812497998754195,38.63636363636363,-53.01635611638797,DESCRIPTIVE_SAMPLE,without_top_10pct,5,873.6482612450357,"descriptive deletion of net PnL; no resimulation, return or drawdown",recent
donchian_atr,eth_short_regime_challenge_v1_donchian_atr,20261007T203647Z-194d4424b93c,68838f625a7845f0a14cf745f2537bef,db2f1a56c8656a10,ETHUSDT,1h,SHORT_ONLY,test,,base,47,20,27,0,447.09114080478304,9.512577463931557,1.230276391032126,42.5531914893617,-46.70099743242199,DESCRIPTIVE_SAMPLE,complete,0,0.0,"descriptive deletion of net PnL; no resimulation, return or drawdown",recent
donchian_atr,eth_short_regime_challenge_v1_donchian_atr,20261007T203647Z-194d4424b93c,68838f625a7845f0a14cf745f2537bef,db2f1a56c8656a10,ETHUSDT,1h,SHORT_ONLY,test,,base,46,19,27,0,250.8482725793255,5.453223316941859,1.1292005804504013,41.30434782608695,-46.92416230019179,DESCRIPTIVE_SAMPLE,without_best,1,196.2428682254577,"descriptive deletion of net PnL; no resimulation, return or drawdown",recent
donchian_atr,eth_short_regime_challenge_v1_donchian_atr,20261007T203647Z-194d4424b93c,68838f625a7845f0a14cf745f2537bef,db2f1a56c8656a10,ETHUSDT,1h,SHORT_ONLY,test,,base,44,17,27,0,-107.2807323941544,-2.438198463503509,0.9447445551290942,38.63636363636363,-48.7039326322369,DESCRIPTIVE_SAMPLE,without_top_5pct,3,554.3718731989377,"descriptive deletion of net PnL; no resimulation, return or drawdown",recent
donchian_atr,eth_short_regime_challenge_v1_donchian_atr,20261007T203647Z-194d4424b93c,68838f625a7845f0a14cf745f2537bef,db2f1a56c8656a10,ETHUSDT,1h,SHORT_ONLY,test,,base,42,15,27,0,-446.698663854363,-10.635682472722928,0.7699257560637517,35.714285714285715,-51.470299434326,DESCRIPTIVE_SAMPLE,without_top_10pct,5,893.7898046591462,"descriptive deletion of net PnL; no resimulation, return or drawdown",recent
donchian_atr,eth_short_regime_challenge_v1_donchian_atr,20261007T203647Z-194d4424b93c,92ccb6abe203436aa45e8b53d3f9fde6,db2f1a56c8656a10,ETHUSDT,1h,SHORT_ONLY,test,,adverse,46,20,26,0,361.08566318926376,7.849688330201386,1.185380539123854,43.47826086956522,-49.02859994173095,DESCRIPTIVE_SAMPLE,complete,0,0.0,"descriptive deletion of net PnL; no resimulation, return or drawdown",recent
donchian_atr,eth_short_regime_challenge_v1_donchian_atr,20261007T203647Z-194d4424b93c,92ccb6abe203436aa45e8b53d3f9fde6,db2f1a56c8656a10,ETHUSDT,1h,SHORT_ONLY,test,,adverse,45,19,26,0,171.15683774512976,3.803485283225106,1.0878715221636903,42.22222222222222,-50.14882104604183,DESCRIPTIVE_SAMPLE,without_best,1,189.928825444134,"descriptive deletion of net PnL; no resimulation, return or drawdown",recent
donchian_atr,eth_short_regime_challenge_v1_donchian_atr,20261007T203647Z-194d4424b93c,92ccb6abe203436aa45e8b53d3f9fde6,db2f1a56c8656a10,ETHUSDT,1h,SHORT_ONLY,test,,adverse,43,17,26,0,-178.05993552366863,-4.140928733108573,0.9085844435024422,39.53488372093023,-50.56082510959702,DESCRIPTIVE_SAMPLE,without_top_5pct,3,539.1455987129323,"descriptive deletion of net PnL; no resimulation, return or drawdown",recent
donchian_atr,eth_short_regime_challenge_v1_donchian_atr,20261007T203647Z-194d4424b93c,92ccb6abe203436aa45e8b53d3f9fde6,db2f1a56c8656a10,ETHUSDT,1h,SHORT_ONLY,test,,adverse,41,15,26,0,-509.4923671160127,-12.426643100390551,0.7384278044682471,36.58536585365854,-53.56559709105539,DESCRIPTIVE_SAMPLE,without_top_10pct,5,870.5780303052763,"descriptive deletion of net PnL; no resimulation, return or drawdown",recent
donchian_atr,eth_short_regime_challenge_v1_donchian_atr,20261007T203647Z-194d4424b93c,946d16c82eef44b7a02127159454c4c4,ff43266d9f6c730a,ETHUSDT,1h,SHORT_ONLY,diagnostic_year_2023,,base,33,7,26,0,-709.272690863353,-21.49311184434403,0.3355693772261435,21.21212121212121,-33.78507332609613,DESCRIPTIVE_SAMPLE,complete,0,0.0,"descriptive deletion of net PnL; no resimulation, return or drawdown",recent
donchian_atr,eth_short_regime_challenge_v1_donchian_atr,20261007T203647Z-194d4424b93c,946d16c82eef44b7a02127159454c4c4,ff43266d9f6c730a,ETHUSDT,1h,SHORT_ONLY,diagnostic_year_2023,,base,32,6,26,0,-780.4471567965063,-24.388973649890826,0.2688947465308633,18.75,-34.167630993956465,DESCRIPTIVE_SAMPLE,without_best,1,71.17446593315327,"descriptive deletion of net PnL; no resimulation, return or drawdown",recent
donchian_atr,eth_short_regime_challenge_v1_donchian_atr,20261007T203647Z-194d4424b93c,946d16c82eef44b7a02127159454c4c4,ff43266d9f6c730a,ETHUSDT,1h,SHORT_ONLY,diagnostic_year_2023,,base,31,5,26,0,-842.1578196818372,-27.166381280059262,0.2110855925892697,16.129032258064516,-34.55018866181679,DESCRIPTIVE_SAMPLE,without_top_5pct,2,132.8851288184842,"descriptive deletion of net PnL; no resimulation, return or drawdown",recent
donchian_atr,eth_short_regime_challenge_v1_donchian_atr,20261007T203647Z-194d4424b93c,946d16c82eef44b7a02127159454c4c4,ff43266d9f6c730a,ETHUSDT,1h,SHORT_ONLY,diagnostic_year_2023,,base,29,3,26,0,-957.3053889637396,-33.01053065392205,0.1032179527457811,10.344827586206897,-34.67459753417308,DESCRIPTIVE_SAMPLE,without_top_10pct,4,248.0326981003865,"descriptive deletion of net PnL; no resimulation, return or drawdown",recent
donchian_atr,eth_short_regime_challenge_v1_donchian_atr,20261007T203647Z-194d4424b93c,9c7fa1ce81fa4270bea9724bfe791569,ff43266d9f6c730a,ETHUSDT,1h,SHORT_ONLY,diagnostic_year_2023,,adverse,33,7,26,0,-809.5186529880885,-24.53086827236632,0.2919757384453407,21.21212121212121,-36.79441447720882,DESCRIPTIVE_SAMPLE,complete,0,0.0,"descriptive deletion of net PnL; no resimulation, return or drawdown",recent
donchian_atr,eth_short_regime_challenge_v1_donchian_atr,20261007T203647Z-194d4424b93c,9c7fa1ce81fa4270bea9724bfe791569,ff43266d9f6c730a,ETHUSDT,1h,SHORT_ONLY,diagnostic_year_2023,,adverse,32,6,26,0,-876.9380195001816,-27.404313109380677,0.2330091574863841,18.75,-37.081295047596285,DESCRIPTIVE_SAMPLE,without_best,1,67.41936651209309,"descriptive deletion of net PnL; no resimulation, return or drawdown",recent
donchian_atr,eth_short_regime_challenge_v1_donchian_atr,20261007T203647Z-194d4424b93c,9c7fa1ce81fa4270bea9724bfe791569,ff43266d9f6c730a,ETHUSDT,1h,SHORT_ONLY,diagnostic_year_2023,,adverse,31,5,26,0,-935.3099665499908,-30.17128924354809,0.1819556647065742,16.129032258064516,-37.36817561798376,DESCRIPTIVE_SAMPLE,without_top_5pct,2,125.79131356190226,"descriptive deletion of net PnL; no resimulation, return or drawdown",recent
donchian_atr,eth_short_regime_challenge_v1_donchian_atr,20261007T203647Z-194d4424b93c,9c7fa1ce81fa4270bea9724bfe791569,ff43266d9f6c730a,ETHUSDT,1h,SHORT_ONLY,diagnostic_year_2023,,adverse,29,3,26,0,-1043.404241056685,-35.97945658816154,0.0874138421020064,10.344827586206897,-38.06777811205114,DESCRIPTIVE_SAMPLE,without_top_10pct,4,233.88558806859604,"descriptive deletion of net PnL; no resimulation, return or drawdown",recent
donchian_atr,eth_short_regime_challenge_v1_donchian_atr,20261007T203647Z-194d4424b93c,d0c4a346080848e19cff62348d7477e1,e0dd4c731d1d27f0,ETHUSDT,1h,SHORT_ONLY,diagnostic_year_2023,,base,31,7,24,0,-637.6422506601425,-20.5691048600046,0.3613511624768943,22.580645161290324,-34.04555411949144,DESCRIPTIVE_SAMPLE,complete,0,0.0,"descriptive deletion of net PnL; no resimulation, return or drawdown",recent
donchian_atr,eth_short_regime_challenge_v1_donchian_atr,20261007T203647Z-194d4424b93c,d0c4a346080848e19cff62348d7477e1,e0dd4c731d1d27f0,ETHUSDT,1h,SHORT_ONLY,diagnostic_year_2023,,base,30,6,24,0,-709.3654764252656,-23.645515880842183,0.2895147138869823,20.0,-34.36007582683226,DESCRIPTIVE_SAMPLE,without_best,1,71.72322576512303,"descriptive deletion of net PnL; no resimulation, return or drawdown",recent
donchian_atr,eth_short_regime_challenge_v1_donchian_atr,20261007T203647Z-194d4424b93c,d0c4a346080848e19cff62348d7477e1,e0dd4c731d1d27f0,ETHUSDT,1h,SHORT_ONLY,diagnostic_year_2023,,base,29,5,24,0,-771.3549775994044,-26.59844750342774,0.2274273556190593,17.24137931034483,-34.67459753417308,DESCRIPTIVE_SAMPLE,without_top_5pct,2,133.71272693926187,"descriptive deletion of net PnL; no resimulation, return or drawdown",recent
donchian_atr,eth_short_regime_challenge_v1_donchian_atr,20261007T203647Z-194d4424b93c,d0c4a346080848e19cff62348d7477e1,e0dd4c731d1d27f0,ETHUSDT,1h,SHORT_ONLY,diagnostic_year_2023,,base,27,3,24,0,-887.3902887008835,-32.866306988921615,0.1112088703008879,11.11111111111111,-34.816588406205085,DESCRIPTIVE_SAMPLE,without_top_10pct,4,249.74803804074105,"descriptive deletion of net PnL; no resimulation, return or drawdown",recent
donchian_atr,eth_short_regime_challenge_v1_donchian_atr,20261007T203647Z-194d4424b93c,f161b4cd17da437c9dac74dca88d555a,e0dd4c731d1d27f0,ETHUSDT,1h,SHORT_ONLY,diagnostic_year_2023,,adverse,31,7,24,0,-732.3435594401418,-23.62398578839167,0.3147793781649537,22.580645161290324,-37.10339331616902,DESCRIPTIVE_SAMPLE,complete,0,0.0,"descriptive deletion of net PnL; no resimulation, return or drawdown",recent
donchian_atr,eth_short_regime_challenge_v1_donchian_atr,20261007T203647Z-194d4424b93c,f161b4cd17da437c9dac74dca88d555a,e0dd4c731d1d27f0,ETHUSDT,1h,SHORT_ONLY,diagnostic_year_2023,,adverse,30,6,24,0,-800.3290826080198,-26.677636086933997,0.2511684105250015,20.0,-37.39268116238107,DESCRIPTIVE_SAMPLE,without_best,1,67.98552316787796,"descriptive deletion of net PnL; no resimulation, return or drawdown",recent
donchian_atr,eth_short_regime_challenge_v1_donchian_atr,20261007T203647Z-194d4424b93c,f161b4cd17da437c9dac74dca88d555a,e0dd4c731d1d27f0,ETHUSDT,1h,SHORT_ONLY,diagnostic_year_2023,,adverse,29,5,24,0,-858.9847919155628,-29.620165238467685,0.1962869261618204,17.24137931034483,-37.68196900859313,DESCRIPTIVE_SAMPLE,without_top_5pct,2,126.6412324754212,"descriptive deletion of net PnL; no resimulation, return or drawdown",recent
donchian_atr,eth_short_regime_challenge_v1_donchian_atr,20261007T203647Z-194d4424b93c,f161b4cd17da437c9dac74dca88d555a,e0dd4c731d1d27f0,ETHUSDT,1h,SHORT_ONLY,diagnostic_year_2023,,adverse,27,3,24,0,-967.986720078396,-35.851360002903554,0.0942987704196516,11.11111111111111,-38.06777811205114,DESCRIPTIVE_SAMPLE,without_top_10pct,4,235.6431606382542,"descriptive deletion of net PnL; no resimulation, return or drawdown",recent
donchian_atr,eth_short_regime_challenge_v1_donchian_atr,20261007T203647Z-194d4424b93c,8dd2d5f360144ceea988ae35e5efde9b,827790540ac7604f,ETHUSDT,1h,SHORT_ONLY,diagnostic_year_2023,,base,29,6,23,0,-637.538405934654,-21.98408296326393,0.311957046449505,20.689655172413797,-34.04555411949144,DESCRIPTIVE_SAMPLE,complete,0,0.0,"descriptive deletion of net PnL; no resimulation, return or drawdown",recent
donchian_atr,eth_short_regime_challenge_v1_donchian_atr,20261007T203647Z-194d4424b93c,8dd2d5f360144ceea988ae35e5efde9b,827790540ac7604f,ETHUSDT,1h,SHORT_ONLY,diagnostic_year_2023,,base,28,5,23,0,-699.5279071087928,-24.98313953959974,0.2450568580374079,17.857142857142858,-34.36007582683226,DESCRIPTIVE_SAMPLE,without_best,1,61.98950117413882,"descriptive deletion of net PnL; no resimulation, return or drawdown",recent
donchian_atr,eth_short_regime_challenge_v1_donchian_atr,20261007T203647Z-194d4424b93c,8dd2d5f360144ceea988ae35e5efde9b,827790540ac7604f,ETHUSDT,1h,SHORT_ONLY,diagnostic_year_2023,,base,27,4,23,0,-758.389206126589,-28.088489115799597,0.1815326818481315,14.814814814814817,-34.67459753417308,DESCRIPTIVE_SAMPLE,without_top_5pct,2,120.8508001919351,"descriptive deletion of net PnL; no resimulation, return or drawdown",recent
donchian_atr,eth_short_regime_challenge_v1_donchian_atr,20261007T203647Z-194d4424b93c,8dd2d5f360144ceea988ae35e5efde9b,827790540ac7604f,ETHUSDT,1h,SHORT_ONLY,diagnostic_year_2023,,base,26,3,23,0,-815.5632182102719,-31.367816085010457,0.1198294561691739,11.538461538461538,-34.87156656604158,DESCRIPTIVE_SAMPLE,without_top_10pct,3,178.024812275618,"descriptive deletion of net PnL; no resimulation, return or drawdown",recent
donchian_atr,eth_short_regime_challenge_v1_donchian_atr,20261007T203647Z-194d4424b93c,a217dacd32e54b0eb6d555c7cc612073,827790540ac7604f,ETHUSDT,1h,SHORT_ONLY,diagnostic_year_2023,,adverse,29,6,23,0,-725.9927116193289,-25.034231435149277,0.2699438611508071,20.689655172413797,-37.10339331616902,DESCRIPTIVE_SAMPLE,complete,0,0.0,"descriptive deletion of net PnL; no resimulation, return or drawdown",recent
donchian_atr,eth_short_regime_challenge_v1_donchian_atr,20261007T203647Z-194d4424b93c,a217dacd32e54b0eb6d555c7cc612073,827790540ac7604f,ETHUSDT,1h,SHORT_ONLY,diagnostic_year_2023,,adverse,28,5,23,0,-784.648420926872,-28.023157890245425,0.2109598521199021,17.857142857142858,-37.53557593454964,DESCRIPTIVE_SAMPLE,without_best,1,58.655709307543226,"descriptive deletion of net PnL; no resimulation, return or drawdown",recent
donchian_atr,eth_short_regime_challenge_v1_donchian_atr,20261007T203647Z-194d4424b93c,a217dacd32e54b0eb6d555c7cc612073,827790540ac7604f,ETHUSDT,1h,SHORT_ONLY,diagnostic_year_2023,,adverse,27,4,23,0,-839.9699796925912,-31.10999924787375,0.155328655082766,14.814814814814817,-37.96775855293026,DESCRIPTIVE_SAMPLE,without_top_5pct,2,113.9772680732624,"descriptive deletion of net PnL; no resimulation, return or drawdown",recent
donchian_atr,eth_short_regime_challenge_v1_donchian_atr,20261007T203647Z-194d4424b93c,a217dacd32e54b0eb6d555c7cc612073,827790540ac7604f,ETHUSDT,1h,SHORT_ONLY,diagnostic_year_2023,,adverse,26,3,23,0,-893.6503490897051,-34.371167272680964,0.1013478332551713,11.538461538461538,-38.017768332490704,DESCRIPTIVE_SAMPLE,without_top_10pct,3,167.65763747037622,"descriptive deletion of net PnL; no resimulation, return or drawdown",recent
donchian_atr,eth_short_regime_challenge_v1_donchian_atr,20261007T203647Z-194d4424b93c,b731f0f30d754845b8abe858d82dd2d3,6719be4e317770b6,ETHUSDT,1h,SHORT_ONLY,diagnostic_year_2023,,base,27,6,21,0,-601.1683524737593,-22.26549453606516,0.334447913820641,22.22222222222222,-34.67459753417308,DESCRIPTIVE_SAMPLE,complete,0,0.0,"descriptive deletion of net PnL; no resimulation, return or drawdown",recent
donchian_atr,eth_short_regime_challenge_v1_donchian_atr,20261007T203647Z-194d4424b93c,b731f0f30d754845b8abe858d82dd2d3,6719be4e317770b6,ETHUSDT,1h,SHORT_ONLY,diagnostic_year_2023,,base,26,5,21,0,-673.1709627585495,-25.891190875328828,0.2547339912759686,19.23076923076923,-34.8134122469111,DESCRIPTIVE_SAMPLE,without_best,1,72.00261028479035,"descriptive deletion of net PnL; no resimulation, return or drawdown",recent
donchian_atr,eth_short_regime_challenge_v1_donchian_atr,20261007T203647Z-194d4424b93c,b731f0f30d754845b8abe858d82dd2d3,6719be4e317770b6,ETHUSDT,1h,SHORT_ONLY,diagnostic_year_2023,,base,25,4,21,0,-735.1604639326885,-29.40641855730754,0.1861055585617451,16.0,-34.95222695964912,DESCRIPTIVE_SAMPLE,without_top_5pct,2,133.99211145892917,"descriptive deletion of net PnL; no resimulation, return or drawdown",recent
donchian_atr,eth_short_regime_challenge_v1_donchian_atr,20261007T203647Z-194d4424b93c,b731f0f30d754845b8abe858d82dd2d3,6719be4e317770b6,ETHUSDT,1h,SHORT_ONLY,diagnostic_year_2023,,base,24,3,21,0,-792.2845413877845,-33.01185589115769,0.1228636251418218,12.5,-35.760544900494324,DESCRIPTIVE_SAMPLE,without_top_10pct,3,191.1161889140253,"descriptive deletion of net PnL; no resimulation, return or drawdown",recent
donchian_atr,eth_short_regime_challenge_v1_donchian_atr,20261007T203647Z-194d4424b93c,464a0801913a4d58a4bd3807be367099,6719be4e317770b6,ETHUSDT,1h,SHORT_ONLY,diagnostic_year_2023,,adverse,27,6,21,0,-683.6529060400069,-25.32047800148173,0.2915974548532967,22.22222222222222,-37.87995652850381,DESCRIPTIVE_SAMPLE,complete,0,0.0,"descriptive deletion of net PnL; no resimulation, return or drawdown",recent
donchian_atr,eth_short_regime_challenge_v1_donchian_atr,20261007T203647Z-194d4424b93c,464a0801913a4d58a4bd3807be367099,6719be4e317770b6,ETHUSDT,1h,SHORT_ONLY,diagnostic_year_2023,,adverse,26,5,21,0,-751.9955790019814,-28.922906884691592,0.2207806367857401,19.23076923076923,-37.97386732027748,DESCRIPTIVE_SAMPLE,without_best,1,68.34267296197451,"descriptive deletion of net PnL; no resimulation, return or drawdown",recent
donchian_atr,eth_short_regime_challenge_v1_donchian_atr,20261007T203647Z-194d4424b93c,464a0801913a4d58a4bd3807be367099,6719be4e317770b6,ETHUSDT,1h,SHORT_ONLY,diagnostic_year_2023,,adverse,25,4,21,0,-810.6512883095245,-32.42605153238098,0.1600014703494648,16.0,-38.06777811205114,DESCRIPTIVE_SAMPLE,without_top_5pct,2,126.99838226951776,"descriptive deletion of net PnL; no resimulation, return or drawdown",recent
donchian_atr,eth_short_regime_challenge_v1_donchian_atr,20261007T203647Z-194d4424b93c,464a0801913a4d58a4bd3807be367099,6719be4e317770b6,ETHUSDT,1h,SHORT_ONLY,diagnostic_year_2023,,adverse,24,3,21,0,-864.2847520272215,-36.0118646678009,0.1044263651067667,12.5,-38.96111270444278,DESCRIPTIVE_SAMPLE,without_top_10pct,3,180.63184598721463,"descriptive deletion of net PnL; no resimulation, return or drawdown",recent
donchian_atr,eth_short_regime_challenge_v1_donchian_atr,20261007T203647Z-194d4424b93c,92e00c2580ab45798e9beb94eac6eeaa,4c4aa07c4c65af74,ETHUSDT,1h,SHORT_ONLY,diagnostic_year_2023,,base,26,6,20,0,-571.3035276487649,-21.973212601875574,0.3464548851378017,23.07692307692308,-34.8689333887411,DESCRIPTIVE_SAMPLE,complete,0,0.0,"descriptive deletion of net PnL; no resimulation, return or drawdown",recent
donchian_atr,eth_short_regime_challenge_v1_donchian_atr,20261007T203647Z-194d4424b93c,92e00c2580ab45798e9beb94eac6eeaa,4c4aa07c4c65af74,ETHUSDT,1h,SHORT_ONLY,diagnostic_year_2023,,base,25,5,20,0,-643.5349390092914,-25.741397560371656,0.2638254530589289,20.0,-35.06326924330911,DESCRIPTIVE_SAMPLE,without_best,1,72.23141136052655,"descriptive deletion of net PnL; no resimulation, return or drawdown",recent
donchian_atr,eth_short_regime_challenge_v1_donchian_atr,20261007T203647Z-194d4424b93c,92e00c2580ab45798e9beb94eac6eeaa,4c4aa07c4c65af74,ETHUSDT,1h,SHORT_ONLY,diagnostic_year_2023,,base,24,4,20,0,-705.5244401834302,-29.39685167430959,0.1929122979593334,16.666666666666668,-35.81606604232432,DESCRIPTIVE_SAMPLE,without_top_5pct,2,134.2209125346654,"descriptive deletion of net PnL; no resimulation, return or drawdown",recent
donchian_atr,eth_short_regime_challenge_v1_donchian_atr,20261007T203647Z-194d4424b93c,92e00c2580ab45798e9beb94eac6eeaa,4c4aa07c4c65af74,ETHUSDT,1h,SHORT_ONLY,diagnostic_year_2023,,base,23,3,20,0,-762.83005378216,-33.16652407748522,0.1273572960923472,13.043478260869565,-36.56886284133954,DESCRIPTIVE_SAMPLE,without_top_10pct,3,191.5265261333951,"descriptive deletion of net PnL; no resimulation, return or drawdown",recent
donchian_atr,eth_short_regime_challenge_v1_donchian_atr,20261007T203647Z-194d4424b93c,546c20d21f384d9a8fcbd5646e528f44,4c4aa07c4c65af74,ETHUSDT,1h,SHORT_ONLY,diagnostic_year_2023,,adverse,26,6,20,0,-650.8698107307524,-25.033454258875093,0.3024378543775045,23.07692307692308,-38.04051124614936,DESCRIPTIVE_SAMPLE,complete,0,0.0,"descriptive deletion of net PnL; no resimulation, return or drawdown",recent
donchian_atr,eth_short_regime_challenge_v1_donchian_atr,20261007T203647Z-194d4424b93c,546c20d21f384d9a8fcbd5646e528f44,4c4aa07c4c65af74,ETHUSDT,1h,SHORT_ONLY,diagnostic_year_2023,,adverse,25,5,20,0,-719.4529829782244,-28.778119319128976,0.2289346376084995,20.0,-38.06777811205114,DESCRIPTIVE_SAMPLE,without_best,1,68.58317224747198,"descriptive deletion of net PnL; no resimulation, return or drawdown",recent
donchian_atr,eth_short_regime_challenge_v1_donchian_atr,20261007T203647Z-194d4424b93c,546c20d21f384d9a8fcbd5646e528f44,4c4aa07c4c65af74,ETHUSDT,1h,SHORT_ONLY,diagnostic_year_2023,,adverse,24,4,20,0,-778.1086922857676,-32.42119551190698,0.1660710637216702,16.666666666666668,-38.96111270444278,DESCRIPTIVE_SAMPLE,without_top_5pct,2,127.2388815550152,"descriptive deletion of net PnL; no resimulation, return or drawdown",recent
donchian_atr,eth_short_regime_challenge_v1_donchian_atr,20261007T203647Z-194d4424b93c,546c20d21f384d9a8fcbd5646e528f44,4c4aa07c4c65af74,ETHUSDT,1h,SHORT_ONLY,diagnostic_year_2023,,adverse,23,3,20,0,-831.930890048504,-36.17090826297844,0.1083877495864816,13.043478260869565,-39.85444729683443,DESCRIPTIVE_SAMPLE,without_top_10pct,3,181.06107931775168,"descriptive deletion of net PnL; no resimulation, return or drawdown",recent
donchian_atr,eth_short_regime_challenge_v1_donchian_atr,20261007T203647Z-194d4424b93c,322502fb5ae44d189dcfb40ea1f360c3,db2f1a56c8656a10,ETHUSDT,1h,SHORT_ONLY,diagnostic_year_2023,,base,24,5,19,0,-571.1990280175228,-23.799959500730115,0.2876262286260941,20.83333333333333,-34.995819619907955,DESCRIPTIVE_SAMPLE,complete,0,0.0,"descriptive deletion of net PnL; no resimulation, return or drawdown",recent
donchian_atr,eth_short_regime_challenge_v1_donchian_atr,20261007T203647Z-194d4424b93c,322502fb5ae44d189dcfb40ea1f360c3,db2f1a56c8656a10,ETHUSDT,1h,SHORT_ONLY,diagnostic_year_2023,,base,23,4,19,0,-633.1885291916617,-27.52993605181138,0.2103157071249024,17.391304347826086,-35.31704170564283,DESCRIPTIVE_SAMPLE,without_best,1,61.98950117413882,"descriptive deletion of net PnL; no resimulation, return or drawdown",recent
donchian_atr,eth_short_regime_challenge_v1_donchian_atr,20261007T203647Z-194d4424b93c,322502fb5ae44d189dcfb40ea1f360c3,db2f1a56c8656a10,ETHUSDT,1h,SHORT_ONLY,diagnostic_year_2023,,base,22,3,19,0,-690.4941427903915,-31.38609739956325,0.1388467198230359,13.636363636363637,-35.94295227349119,DESCRIPTIVE_SAMPLE,without_top_5pct,2,119.29511477286854,"descriptive deletion of net PnL; no resimulation, return or drawdown",recent
donchian_atr,eth_short_regime_challenge_v1_donchian_atr,20261007T203647Z-194d4424b93c,322502fb5ae44d189dcfb40ea1f360c3,db2f1a56c8656a10,ETHUSDT,1h,SHORT_ONLY,diagnostic_year_2023,,base,21,2,19,0,-737.6058387325317,-35.12408755869198,0.0800911287454306,9.523809523809524,-36.56886284133954,DESCRIPTIVE_SAMPLE,without_top_10pct,3,166.40681071500882,"descriptive deletion of net PnL; no resimulation, return or drawdown",recent
donchian_atr,eth_short_regime_challenge_v1_donchian_atr,20261007T203647Z-194d4424b93c,5236dfd1d33e4bddb77298a78fb760ad,db2f1a56c8656a10,ETHUSDT,1h,SHORT_ONLY,diagnostic_year_2023,,adverse,24,5,19,0,-644.4629999957558,-26.85262499982316,0.2489420184123598,20.83333333333333,-38.18464772912114,DESCRIPTIVE_SAMPLE,complete,0,0.0,"descriptive deletion of net PnL; no resimulation, return or drawdown",recent
donchian_atr,eth_short_regime_challenge_v1_donchian_atr,20261007T203647Z-194d4424b93c,5236dfd1d33e4bddb77298a78fb760ad,db2f1a56c8656a10,ETHUSDT,1h,SHORT_ONLY,diagnostic_year_2023,,adverse,23,4,19,0,-703.118709303299,-30.570378665360828,0.1805845818467154,17.391304347826086,-38.30151734619113,DESCRIPTIVE_SAMPLE,without_best,1,58.655709307543226,"descriptive deletion of net PnL; no resimulation, return or drawdown",recent
donchian_atr,eth_short_regime_challenge_v1_donchian_atr,20261007T203647Z-194d4424b93c,5236dfd1d33e4bddb77298a78fb760ad,db2f1a56c8656a10,ETHUSDT,1h,SHORT_ONLY,diagnostic_year_2023,,adverse,22,3,19,0,-756.9409070660354,-34.40640486663797,0.1178601256458817,13.636363636363637,-39.07798232151278,DESCRIPTIVE_SAMPLE,without_top_5pct,2,112.47790707027973,"descriptive deletion of net PnL; no resimulation, return or drawdown",recent
donchian_atr,eth_short_regime_challenge_v1_donchian_atr,20261007T203647Z-194d4424b93c,5236dfd1d33e4bddb77298a78fb760ad,db2f1a56c8656a10,ETHUSDT,1h,SHORT_ONLY,diagnostic_year_2023,,adverse,21,2,19,0,-800.5909934078609,-38.12338063846956,0.0669902607440432,9.523809523809524,-39.85444729683443,DESCRIPTIVE_SAMPLE,without_top_10pct,3,156.12799341210518,"descriptive deletion of net PnL; no resimulation, return or drawdown",recent
donchian_atr,eth_short_regime_challenge_v1_donchian_atr,20261007T203647Z-194d4424b93c,92e7db64f9724ac2ba6c18841f7d7a71,ff43266d9f6c730a,ETHUSDT,1h,SHORT_ONLY,diagnostic_year_2024,,base,62,24,38,0,91.9349987815658,1.4828225609929968,1.0367791282209595,38.70967741935484,-48.087742521984936,DESCRIPTIVE_SAMPLE,complete,0,0.0,"descriptive deletion of net PnL; no resimulation, return or drawdown",recent
donchian_atr,eth_short_regime_challenge_v1_donchian_atr,20261007T203647Z-194d4424b93c,92e7db64f9724ac2ba6c18841f7d7a71,ff43266d9f6c730a,ETHUSDT,1h,SHORT_ONLY,diagnostic_year_2024,,base,61,23,38,0,-105.20751271952278,-1.7247133232708654,0.957911125780148,37.704918032786885,-48.49806231991701,DESCRIPTIVE_SAMPLE,without_best,1,197.14251150108865,"descriptive deletion of net PnL; no resimulation, return or drawdown",recent
donchian_atr,eth_short_regime_challenge_v1_donchian_atr,20261007T203647Z-194d4424b93c,92e7db64f9724ac2ba6c18841f7d7a71,ff43266d9f6c730a,ETHUSDT,1h,SHORT_ONLY,diagnostic_year_2024,,base,58,20,38,0,-577.6547965578673,-9.959565457894264,0.7689058561850531,34.48275862068966,-49.82752373777855,DESCRIPTIVE_SAMPLE,without_top_5pct,4,669.5897953394331,"descriptive deletion of net PnL; no resimulation, return or drawdown",recent
donchian_atr,eth_short_regime_challenge_v1_donchian_atr,20261007T203647Z-194d4424b93c,92e7db64f9724ac2ba6c18841f7d7a71,ff43266d9f6c730a,ETHUSDT,1h,SHORT_ONLY,diagnostic_year_2024,,base,55,17,38,0,-971.2144882333577,-17.658445240606504,0.6114600242976155,30.90909090909091,-53.08173471716303,DESCRIPTIVE_SAMPLE,without_top_10pct,7,1063.1494870149236,"descriptive deletion of net PnL; no resimulation, return or drawdown",recent
donchian_atr,eth_short_regime_challenge_v1_donchian_atr,20261007T203647Z-194d4424b93c,35ccc5357e144a60b80a236bf4f9d84b,ff43266d9f6c730a,ETHUSDT,1h,SHORT_ONLY,diagnostic_year_2024,,adverse,60,23,37,0,-75.88448143480419,-1.2647413572467363,0.969695759893618,38.333333333333336,-51.204016320876185,DESCRIPTIVE_SAMPLE,complete,0,0.0,"descriptive deletion of net PnL; no resimulation, return or drawdown",recent
donchian_atr,eth_short_regime_challenge_v1_donchian_atr,20261007T203647Z-194d4424b93c,35ccc5357e144a60b80a236bf4f9d84b,ff43266d9f6c730a,ETHUSDT,1h,SHORT_ONLY,diagnostic_year_2024,,adverse,59,22,37,0,-263.59888895261207,-4.467777778857832,0.8947325741501113,37.28813559322034,-51.35869582977331,DESCRIPTIVE_SAMPLE,without_best,1,187.71440751780784,"descriptive deletion of net PnL; no resimulation, return or drawdown",recent
donchian_atr,eth_short_regime_challenge_v1_donchian_atr,20261007T203647Z-194d4424b93c,35ccc5357e144a60b80a236bf4f9d84b,ff43266d9f6c730a,ETHUSDT,1h,SHORT_ONLY,diagnostic_year_2024,,adverse,57,20,37,0,-584.7280675675926,-10.25838715030864,0.7664905996394931,35.08771929824562,-51.48422857562839,DESCRIPTIVE_SAMPLE,without_top_5pct,3,508.8435861327884,"descriptive deletion of net PnL; no resimulation, return or drawdown",recent
donchian_atr,eth_short_regime_challenge_v1_donchian_atr,20261007T203647Z-194d4424b93c,35ccc5357e144a60b80a236bf4f9d84b,ff43266d9f6c730a,ETHUSDT,1h,SHORT_ONLY,diagnostic_year_2024,,adverse,54,17,37,0,-975.9267845645986,-18.07271823267775,0.6102665650933647,31.48148148148148,-54.6282475291528,DESCRIPTIVE_SAMPLE,without_top_10pct,6,900.0423031297944,"descriptive deletion of net PnL; no resimulation, return or drawdown",recent
donchian_atr,eth_short_regime_challenge_v1_donchian_atr,20261007T203647Z-194d4424b93c,ce3016cf15b0499092b46d051dfdbfdf,e0dd4c731d1d27f0,ETHUSDT,1h,SHORT_ONLY,diagnostic_year_2024,,base,61,24,37,0,119.11527662878288,1.9527094529308668,1.0480567480150096,39.34426229508197,-48.6286710939489,DESCRIPTIVE_SAMPLE,complete,0,0.0,"descriptive deletion of net PnL; no resimulation, return or drawdown",recent
donchian_atr,eth_short_regime_challenge_v1_donchian_atr,20261007T203647Z-194d4424b93c,ce3016cf15b0499092b46d051dfdbfdf,e0dd4c731d1d27f0,ETHUSDT,1h,SHORT_ONLY,diagnostic_year_2024,,base,60,23,37,0,-78.55803314774815,-1.3093005524624692,0.9683059662002768,38.333333333333336,-48.68658409602864,DESCRIPTIVE_SAMPLE,without_best,1,197.6733097765312,"descriptive deletion of net PnL; no resimulation, return or drawdown",recent
donchian_atr,eth_short_regime_challenge_v1_donchian_atr,20261007T203647Z-194d4424b93c,ce3016cf15b0499092b46d051dfdbfdf,e0dd4c731d1d27f0,ETHUSDT,1h,SHORT_ONLY,diagnostic_year_2024,,base,57,20,37,0,-552.2776961772809,-9.689082389075104,0.7771850023719965,35.08771929824562,-51.17902897245528,DESCRIPTIVE_SAMPLE,without_top_5pct,4,671.3929728060638,"descriptive deletion of net PnL; no resimulation, return or drawdown",recent
donchian_atr,eth_short_regime_challenge_v1_donchian_atr,20261007T203647Z-194d4424b93c,ce3016cf15b0499092b46d051dfdbfdf,e0dd4c731d1d27f0,ETHUSDT,1h,SHORT_ONLY,diagnostic_year_2024,,base,54,17,37,0,-946.8974382252096,-17.535137744911285,0.6179766955781835,31.48148148148148,-54.42968366415411,DESCRIPTIVE_SAMPLE,without_top_10pct,7,1066.0127148539923,"descriptive deletion of net PnL; no resimulation, return or drawdown",recent
donchian_atr,eth_short_regime_challenge_v1_donchian_atr,20261007T203647Z-194d4424b93c,49b0cc7496e142fea0a8054bda77bf13,e0dd4c731d1d27f0,ETHUSDT,1h,SHORT_ONLY,diagnostic_year_2024,,adverse,59,23,36,0,-45.77419843514062,-0.7758338717820444,0.981547932392109,38.983050847457626,-51.51453890269235,DESCRIPTIVE_SAMPLE,complete,0,0.0,"descriptive deletion of net PnL; no resimulation, return or drawdown",recent
donchian_atr,eth_short_regime_challenge_v1_donchian_atr,20261007T203647Z-194d4424b93c,49b0cc7496e142fea0a8054bda77bf13,e0dd4c731d1d27f0,ETHUSDT,1h,SHORT_ONLY,diagnostic_year_2024,,adverse,58,22,36,0,-234.05812355034897,-4.03548488879912,0.9056486739784914,37.93103448275862,-51.577467649321626,DESCRIPTIVE_SAMPLE,without_best,1,188.28392511520832,"descriptive deletion of net PnL; no resimulation, return or drawdown",recent
donchian_atr,eth_short_regime_challenge_v1_donchian_atr,20261007T203647Z-194d4424b93c,49b0cc7496e142fea0a8054bda77bf13,e0dd4c731d1d27f0,ETHUSDT,1h,SHORT_ONLY,diagnostic_year_2024,,adverse,56,20,36,0,-556.161546132654,-9.93145618094025,0.7758053488431879,35.714285714285715,-52.70476984925702,DESCRIPTIVE_SAMPLE,without_top_5pct,3,510.3873476975134,"descriptive deletion of net PnL; no resimulation, return or drawdown",recent
donchian_atr,eth_short_regime_challenge_v1_donchian_atr,20261007T203647Z-194d4424b93c,49b0cc7496e142fea0a8054bda77bf13,e0dd4c731d1d27f0,ETHUSDT,1h,SHORT_ONLY,diagnostic_year_2024,,adverse,53,17,36,0,-948.5471472610858,-17.89711598605822,0.6176305279199119,32.075471698113205,-55.818910261273246,DESCRIPTIVE_SAMPLE,without_top_10pct,6,902.7729488259452,"descriptive deletion of net PnL; no resimulation, return or drawdown",recent
donchian_atr,eth_short_regime_challenge_v1_donchian_atr,20261007T203647Z-194d4424b93c,27d628d6a97846acb587a4cb71c55fe0,827790540ac7604f,ETHUSDT,1h,SHORT_ONLY,diagnostic_year_2024,,base,60,24,36,0,176.60928452460286,2.9434880754100474,1.0728519725412502,40.0,-48.13448053427464,DESCRIPTIVE_SAMPLE,complete,0,0.0,"descriptive deletion of net PnL; no resimulation, return or drawdown",recent
donchian_atr,eth_short_regime_challenge_v1_donchian_atr,20261007T203647Z-194d4424b93c,27d628d6a97846acb587a4cb71c55fe0,827790540ac7604f,ETHUSDT,1h,SHORT_ONLY,diagnostic_year_2024,,base,59,23,36,0,-21.064025251928317,-0.3570173771513273,0.9913110129323476,38.983050847457626,-48.6286710939489,DESCRIPTIVE_SAMPLE,without_best,1,197.6733097765312,"descriptive deletion of net PnL; no resimulation, return or drawdown",recent
donchian_atr,eth_short_regime_challenge_v1_donchian_atr,20261007T203647Z-194d4424b93c,27d628d6a97846acb587a4cb71c55fe0,827790540ac7604f,ETHUSDT,1h,SHORT_ONLY,diagnostic_year_2024,,base,57,21,36,0,-352.7068875294877,-6.187840132096275,0.854507125406375,36.8421052631579,-49.02140855804638,DESCRIPTIVE_SAMPLE,without_top_5pct,3,529.3161720540905,"descriptive deletion of net PnL; no resimulation, return or drawdown",recent
donchian_atr,eth_short_regime_challenge_v1_donchian_atr,20261007T203647Z-194d4424b93c,27d628d6a97846acb587a4cb71c55fe0,827790540ac7604f,ETHUSDT,1h,SHORT_ONLY,diagnostic_year_2024,,base,54,18,36,0,-760.259168179761,-14.078873484810387,0.6863903265700072,33.333333333333336,-52.49844167919224,DESCRIPTIVE_SAMPLE,without_top_10pct,6,936.868452704364,"descriptive deletion of net PnL; no resimulation, return or drawdown",recent
donchian_atr,eth_short_regime_challenge_v1_donchian_atr,20261007T203647Z-194d4424b93c,75c40ca6cbee4de29fff9a70ff29ffc8,827790540ac7604f,ETHUSDT,1h,SHORT_ONLY,diagnostic_year_2024,,adverse,58,23,35,0,14.21559883332769,0.245096531609098,1.0058649170508622,39.6551724137931,-51.32495239005912,DESCRIPTIVE_SAMPLE,complete,0,0.0,"descriptive deletion of net PnL; no resimulation, return or drawdown",recent
donchian_atr,eth_short_regime_challenge_v1_donchian_atr,20261007T203647Z-194d4424b93c,75c40ca6cbee4de29fff9a70ff29ffc8,827790540ac7604f,ETHUSDT,1h,SHORT_ONLY,diagnostic_year_2024,,adverse,57,22,35,0,-174.06832628188073,-3.0538302856470305,0.9281847844192004,38.59649122807018,-51.6403963959509,DESCRIPTIVE_SAMPLE,without_best,1,188.28392511520832,"descriptive deletion of net PnL; no resimulation, return or drawdown",recent
donchian_atr,eth_short_regime_challenge_v1_donchian_atr,20261007T203647Z-194d4424b93c,75c40ca6cbee4de29fff9a70ff29ffc8,827790540ac7604f,ETHUSDT,1h,SHORT_ONLY,diagnostic_year_2024,,adverse,55,20,35,0,-496.1717488641859,-9.02130452480338,0.7952948599501005,36.36363636363637,-51.82500274991928,DESCRIPTIVE_SAMPLE,without_top_5pct,3,510.3873476975134,"descriptive deletion of net PnL; no resimulation, return or drawdown",recent
donchian_atr,eth_short_regime_challenge_v1_donchian_atr,20261007T203647Z-194d4424b93c,75c40ca6cbee4de29fff9a70ff29ffc8,827790540ac7604f,ETHUSDT,1h,SHORT_ONLY,diagnostic_year_2024,,adverse,52,17,35,0,-889.3179062857496,-17.10226742857211,0.6330948971362359,32.69230769230769,-55.12421271105941,DESCRIPTIVE_SAMPLE,without_top_10pct,6,903.5335051190772,"descriptive deletion of net PnL; no resimulation, return or drawdown",recent
donchian_atr,eth_short_regime_challenge_v1_donchian_atr,20261007T203647Z-194d4424b93c,b7ef6bf2425449e3b903f4d6a83c6dd7,6719be4e317770b6,ETHUSDT,1h,SHORT_ONLY,diagnostic_year_2024,,base,45,17,28,0,-32.12640530898413,-0.7139201179774252,0.9834853780277156,37.77777777777778,-50.41409118798408,DESCRIPTIVE_SAMPLE,complete,0,0.0,"descriptive deletion of net PnL; no resimulation, return or drawdown",recent
donchian_atr,eth_short_regime_challenge_v1_donchian_atr,20261007T203647Z-194d4424b93c,b7ef6bf2425449e3b903f4d6a83c6dd7,6719be4e317770b6,ETHUSDT,1h,SHORT_ONLY,diagnostic_year_2024,,base,44,16,28,0,-225.9366148993045,-5.134923065893284,0.8838569784302582,36.36363636363637,-51.70932807257486,DESCRIPTIVE_SAMPLE,without_best,1,193.81020959032043,"descriptive deletion of net PnL; no resimulation, return or drawdown",recent
donchian_atr,eth_short_regime_challenge_v1_donchian_atr,20261007T203647Z-194d4424b93c,b7ef6bf2425449e3b903f4d6a83c6dd7,6719be4e317770b6,ETHUSDT,1h,SHORT_ONLY,diagnostic_year_2024,,base,42,14,28,0,-554.7205140113026,-13.207631285983396,0.7148451717190382,33.333333333333336,-54.28450316455912,DESCRIPTIVE_SAMPLE,without_top_5pct,3,522.5941087023186,"descriptive deletion of net PnL; no resimulation, return or drawdown",recent
donchian_atr,eth_short_regime_challenge_v1_donchian_atr,20261007T203647Z-194d4424b93c,b7ef6bf2425449e3b903f4d6a83c6dd7,6719be4e317770b6,ETHUSDT,1h,SHORT_ONLY,diagnostic_year_2024,,base,40,12,28,0,-829.2660233086131,-20.731650582715325,0.5737146824337824,30.0,-56.8565701998471,DESCRIPTIVE_SAMPLE,without_top_10pct,5,797.1396179996291,"descriptive deletion of net PnL; no resimulation, return or drawdown",recent
donchian_atr,eth_short_regime_challenge_v1_donchian_atr,20261007T203647Z-194d4424b93c,66f73e9bd81c4aaba24d0bf497df3dc0,6719be4e317770b6,ETHUSDT,1h,SHORT_ONLY,diagnostic_year_2024,,adverse,44,16,28,0,-225.5727629803376,-5.126653704098581,0.8871871279272862,36.36363636363637,-54.096005506009135,DESCRIPTIVE_SAMPLE,complete,0,0.0,"descriptive deletion of net PnL; no resimulation, return or drawdown",recent
donchian_atr,eth_short_regime_challenge_v1_donchian_atr,20261007T203647Z-194d4424b93c,66f73e9bd81c4aaba24d0bf497df3dc0,6719be4e317770b6,ETHUSDT,1h,SHORT_ONLY,diagnostic_year_2024,,adverse,43,15,28,0,-409.2204702787866,-9.51675512276248,0.7953417072471617,34.88372093023256,-55.39408454185874,DESCRIPTIVE_SAMPLE,without_best,1,183.647707298449,"descriptive deletion of net PnL; no resimulation, return or drawdown",recent
donchian_atr,eth_short_regime_challenge_v1_donchian_atr,20261007T203647Z-194d4424b93c,66f73e9bd81c4aaba24d0bf497df3dc0,6719be4e317770b6,ETHUSDT,1h,SHORT_ONLY,diagnostic_year_2024,,adverse,41,13,28,0,-728.0955316156491,-17.758427600381683,0.6358667288566636,31.70731707317073,-58.46714987814543,DESCRIPTIVE_SAMPLE,without_top_5pct,3,502.52276863531154,"descriptive deletion of net PnL; no resimulation, return or drawdown",recent
donchian_atr,eth_short_regime_challenge_v1_donchian_atr,20261007T203647Z-194d4424b93c,66f73e9bd81c4aaba24d0bf497df3dc0,6719be4e317770b6,ETHUSDT,1h,SHORT_ONLY,diagnostic_year_2024,,adverse,39,11,28,0,-991.1481027857208,-25.41405391758258,0.5043095511738488,28.205128205128204,-61.152353288286136,DESCRIPTIVE_SAMPLE,without_top_10pct,5,765.575339805383,"descriptive deletion of net PnL; no resimulation, return or drawdown",recent
donchian_atr,eth_short_regime_challenge_v1_donchian_atr,20261007T203647Z-194d4424b93c,92c1e8865c6f4804a4dcb7f79ede23ec,4c4aa07c4c65af74,ETHUSDT,1h,SHORT_ONLY,diagnostic_year_2024,,base,45,17,28,0,-32.12640530898413,-0.7139201179774252,0.9834853780277156,37.77777777777778,-50.41409118798408,DESCRIPTIVE_SAMPLE,complete,0,0.0,"descriptive deletion of net PnL; no resimulation, return or drawdown",recent
donchian_atr,eth_short_regime_challenge_v1_donchian_atr,20261007T203647Z-194d4424b93c,92c1e8865c6f4804a4dcb7f79ede23ec,4c4aa07c4c65af74,ETHUSDT,1h,SHORT_ONLY,diagnostic_year_2024,,base,44,16,28,0,-225.9366148993045,-5.134923065893284,0.8838569784302582,36.36363636363637,-51.70932807257486,DESCRIPTIVE_SAMPLE,without_best,1,193.81020959032043,"descriptive deletion of net PnL; no resimulation, return or drawdown",recent
donchian_atr,eth_short_regime_challenge_v1_donchian_atr,20261007T203647Z-194d4424b93c,92c1e8865c6f4804a4dcb7f79ede23ec,4c4aa07c4c65af74,ETHUSDT,1h,SHORT_ONLY,diagnostic_year_2024,,base,42,14,28,0,-554.7205140113026,-13.207631285983396,0.7148451717190382,33.333333333333336,-54.28450316455912,DESCRIPTIVE_SAMPLE,without_top_5pct,3,522.5941087023186,"descriptive deletion of net PnL; no resimulation, return or drawdown",recent
donchian_atr,eth_short_regime_challenge_v1_donchian_atr,20261007T203647Z-194d4424b93c,92c1e8865c6f4804a4dcb7f79ede23ec,4c4aa07c4c65af74,ETHUSDT,1h,SHORT_ONLY,diagnostic_year_2024,,base,40,12,28,0,-829.2660233086131,-20.731650582715325,0.5737146824337824,30.0,-56.8565701998471,DESCRIPTIVE_SAMPLE,without_top_10pct,5,797.1396179996291,"descriptive deletion of net PnL; no resimulation, return or drawdown",recent
donchian_atr,eth_short_regime_challenge_v1_donchian_atr,20261007T203647Z-194d4424b93c,0d58de13c1ce458680c63d3353d11796,4c4aa07c4c65af74,ETHUSDT,1h,SHORT_ONLY,diagnostic_year_2024,,adverse,44,16,28,0,-225.5727629803376,-5.126653704098581,0.8871871279272862,36.36363636363637,-54.096005506009135,DESCRIPTIVE_SAMPLE,complete,0,0.0,"descriptive deletion of net PnL; no resimulation, return or drawdown",recent
donchian_atr,eth_short_regime_challenge_v1_donchian_atr,20261007T203647Z-194d4424b93c,0d58de13c1ce458680c63d3353d11796,4c4aa07c4c65af74,ETHUSDT,1h,SHORT_ONLY,diagnostic_year_2024,,adverse,43,15,28,0,-409.2204702787866,-9.51675512276248,0.7953417072471617,34.88372093023256,-55.39408454185874,DESCRIPTIVE_SAMPLE,without_best,1,183.647707298449,"descriptive deletion of net PnL; no resimulation, return or drawdown",recent
donchian_atr,eth_short_regime_challenge_v1_donchian_atr,20261007T203647Z-194d4424b93c,0d58de13c1ce458680c63d3353d11796,4c4aa07c4c65af74,ETHUSDT,1h,SHORT_ONLY,diagnostic_year_2024,,adverse,41,13,28,0,-728.0955316156491,-17.758427600381683,0.6358667288566636,31.70731707317073,-58.46714987814543,DESCRIPTIVE_SAMPLE,without_top_5pct,3,502.52276863531154,"descriptive deletion of net PnL; no resimulation, return or drawdown",recent
donchian_atr,eth_short_regime_challenge_v1_donchian_atr,20261007T203647Z-194d4424b93c,0d58de13c1ce458680c63d3353d11796,4c4aa07c4c65af74,ETHUSDT,1h,SHORT_ONLY,diagnostic_year_2024,,adverse,39,11,28,0,-991.1481027857208,-25.41405391758258,0.5043095511738488,28.205128205128204,-61.152353288286136,DESCRIPTIVE_SAMPLE,without_top_10pct,5,765.575339805383,"descriptive deletion of net PnL; no resimulation, return or drawdown",recent
donchian_atr,eth_short_regime_challenge_v1_donchian_atr,20261007T203647Z-194d4424b93c,b444796d7d0a47958c54c2efce3b90a4,db2f1a56c8656a10,ETHUSDT,1h,SHORT_ONLY,diagnostic_year_2024,,base,45,17,28,0,-32.12640530898413,-0.7139201179774252,0.9834853780277156,37.77777777777778,-50.41409118798408,DESCRIPTIVE_SAMPLE,complete,0,0.0,"descriptive deletion of net PnL; no resimulation, return or drawdown",recent
donchian_atr,eth_short_regime_challenge_v1_donchian_atr,20261007T203647Z-194d4424b93c,b444796d7d0a47958c54c2efce3b90a4,db2f1a56c8656a10,ETHUSDT,1h,SHORT_ONLY,diagnostic_year_2024,,base,44,16,28,0,-225.9366148993045,-5.134923065893284,0.8838569784302582,36.36363636363637,-51.70932807257486,DESCRIPTIVE_SAMPLE,without_best,1,193.81020959032043,"descriptive deletion of net PnL; no resimulation, return or drawdown",recent
donchian_atr,eth_short_regime_challenge_v1_donchian_atr,20261007T203647Z-194d4424b93c,b444796d7d0a47958c54c2efce3b90a4,db2f1a56c8656a10,ETHUSDT,1h,SHORT_ONLY,diagnostic_year_2024,,base,42,14,28,0,-554.7205140113026,-13.207631285983396,0.7148451717190382,33.333333333333336,-54.28450316455912,DESCRIPTIVE_SAMPLE,without_top_5pct,3,522.5941087023186,"descriptive deletion of net PnL; no resimulation, return or drawdown",recent
donchian_atr,eth_short_regime_challenge_v1_donchian_atr,20261007T203647Z-194d4424b93c,b444796d7d0a47958c54c2efce3b90a4,db2f1a56c8656a10,ETHUSDT,1h,SHORT_ONLY,diagnostic_year_2024,,base,40,12,28,0,-829.2660233086131,-20.731650582715325,0.5737146824337824,30.0,-56.8565701998471,DESCRIPTIVE_SAMPLE,without_top_10pct,5,797.1396179996291,"descriptive deletion of net PnL; no resimulation, return or drawdown",recent
donchian_atr,eth_short_regime_challenge_v1_donchian_atr,20261007T203647Z-194d4424b93c,a654e1cf1f6843849bab1ecfdaa08ba0,db2f1a56c8656a10,ETHUSDT,1h,SHORT_ONLY,diagnostic_year_2024,,adverse,44,16,28,0,-225.5727629803376,-5.126653704098581,0.8871871279272862,36.36363636363637,-54.096005506009135,DESCRIPTIVE_SAMPLE,complete,0,0.0,"descriptive deletion of net PnL; no resimulation, return or drawdown",recent
donchian_atr,eth_short_regime_challenge_v1_donchian_atr,20261007T203647Z-194d4424b93c,a654e1cf1f6843849bab1ecfdaa08ba0,db2f1a56c8656a10,ETHUSDT,1h,SHORT_ONLY,diagnostic_year_2024,,adverse,43,15,28,0,-409.2204702787866,-9.51675512276248,0.7953417072471617,34.88372093023256,-55.39408454185874,DESCRIPTIVE_SAMPLE,without_best,1,183.647707298449,"descriptive deletion of net PnL; no resimulation, return or drawdown",recent
donchian_atr,eth_short_regime_challenge_v1_donchian_atr,20261007T203647Z-194d4424b93c,a654e1cf1f6843849bab1ecfdaa08ba0,db2f1a56c8656a10,ETHUSDT,1h,SHORT_ONLY,diagnostic_year_2024,,adverse,41,13,28,0,-728.0955316156491,-17.758427600381683,0.6358667288566636,31.70731707317073,-58.46714987814543,DESCRIPTIVE_SAMPLE,without_top_5pct,3,502.52276863531154,"descriptive deletion of net PnL; no resimulation, return or drawdown",recent
donchian_atr,eth_short_regime_challenge_v1_donchian_atr,20261007T203647Z-194d4424b93c,a654e1cf1f6843849bab1ecfdaa08ba0,db2f1a56c8656a10,ETHUSDT,1h,SHORT_ONLY,diagnostic_year_2024,,adverse,39,11,28,0,-991.1481027857208,-25.41405391758258,0.5043095511738488,28.205128205128204,-61.152353288286136,DESCRIPTIVE_SAMPLE,without_top_10pct,5,765.575339805383,"descriptive deletion of net PnL; no resimulation, return or drawdown",recent
donchian_atr,eth_short_regime_challenge_v1_donchian_atr,20261007T203647Z-194d4424b93c,6b2d45e5e0834affbc15aab0a678e9c6,ff43266d9f6c730a,ETHUSDT,1h,SHORT_ONLY,diagnostic_year_2025,,base,63,28,35,0,785.0136695580657,12.460534437429612,1.2661827866551003,44.44444444444444,-55.56349162637281,DESCRIPTIVE_SAMPLE,complete,0,0.0,"descriptive deletion of net PnL; no resimulation, return or drawdown",recent
donchian_atr,eth_short_regime_challenge_v1_donchian_atr,20261007T203647Z-194d4424b93c,6b2d45e5e0834affbc15aab0a678e9c6,ff43266d9f6c730a,ETHUSDT,1h,SHORT_ONLY,diagnostic_year_2025,,base,62,27,35,0,579.2149807179471,9.342177108353988,1.1964004750728472,43.54838709677419,-59.11227140905476,DESCRIPTIVE_SAMPLE,without_best,1,205.7986888401186,"descriptive deletion of net PnL; no resimulation, return or drawdown",recent
donchian_atr,eth_short_regime_challenge_v1_donchian_atr,20261007T203647Z-194d4424b93c,6b2d45e5e0834affbc15aab0a678e9c6,ff43266d9f6c730a,ETHUSDT,1h,SHORT_ONLY,diagnostic_year_2025,,base,59,24,35,0,8.642051122983489,0.146475442762432,1.0029303505652667,40.67796610169491,-63.16495132315249,DESCRIPTIVE_SAMPLE,without_top_5pct,4,776.3716184350822,"descriptive deletion of net PnL; no resimulation, return or drawdown",recent
donchian_atr,eth_short_regime_challenge_v1_donchian_atr,20261007T203647Z-194d4424b93c,6b2d45e5e0834affbc15aab0a678e9c6,ff43266d9f6c730a,ETHUSDT,1h,SHORT_ONLY,diagnostic_year_2025,,base,56,21,35,0,-517.1524843700043,-9.234865792321504,0.8246437039845282,37.5,-67.85137051493516,DESCRIPTIVE_SAMPLE,without_top_10pct,7,1302.16615392807,"descriptive deletion of net PnL; no resimulation, return or drawdown",recent
donchian_atr,eth_short_regime_challenge_v1_donchian_atr,20261007T203647Z-194d4424b93c,79b6f0cd14774339825ecf4cfd95fce9,ff43266d9f6c730a,ETHUSDT,1h,SHORT_ONLY,diagnostic_year_2025,,adverse,63,28,35,0,583.7461312388756,9.26581160696628,1.1935598958282216,44.44444444444444,-58.39812445381824,DESCRIPTIVE_SAMPLE,complete,0,0.0,"descriptive deletion of net PnL; no resimulation, return or drawdown",recent
donchian_atr,eth_short_regime_challenge_v1_donchian_atr,20261007T203647Z-194d4424b93c,79b6f0cd14774339825ecf4cfd95fce9,ff43266d9f6c730a,ETHUSDT,1h,SHORT_ONLY,diagnostic_year_2025,,adverse,62,27,35,0,383.65320814877816,6.187954970141584,1.12721262040031,43.54838709677419,-62.20685221649405,DESCRIPTIVE_SAMPLE,without_best,1,200.0929230900973,"descriptive deletion of net PnL; no resimulation, return or drawdown",recent
donchian_atr,eth_short_regime_challenge_v1_donchian_atr,20261007T203647Z-194d4424b93c,79b6f0cd14774339825ecf4cfd95fce9,ff43266d9f6c730a,ETHUSDT,1h,SHORT_ONLY,diagnostic_year_2025,,adverse,59,24,35,0,-167.0772610091391,-2.8318179832057475,0.9446001343639572,40.67796610169491,-66.31940948217066,DESCRIPTIVE_SAMPLE,without_top_5pct,4,750.8233922480146,"descriptive deletion of net PnL; no resimulation, return or drawdown",recent
donchian_atr,eth_short_regime_challenge_v1_donchian_atr,20261007T203647Z-194d4424b93c,79b6f0cd14774339825ecf4cfd95fce9,ff43266d9f6c730a,ETHUSDT,1h,SHORT_ONLY,diagnostic_year_2025,,adverse,56,21,35,0,-675.7076285980964,-12.066207653537436,0.775947297630549,37.5,-70.82181664118653,DESCRIPTIVE_SAMPLE,without_top_10pct,7,1259.4537598369718,"descriptive deletion of net PnL; no resimulation, return or drawdown",recent
donchian_atr,eth_short_regime_challenge_v1_donchian_atr,20261007T203647Z-194d4424b93c,0f97421b8732488da629986155893a51,e0dd4c731d1d27f0,ETHUSDT,1h,SHORT_ONLY,diagnostic_year_2025,,base,61,28,33,0,902.9878052693416,14.803078774907238,1.3175914281267438,45.90163934426229,-55.89769031417552,DESCRIPTIVE_SAMPLE,complete,0,0.0,"descriptive deletion of net PnL; no resimulation, return or drawdown",recent
donchian_atr,eth_short_regime_challenge_v1_donchian_atr,20261007T203647Z-194d4424b93c,0f97421b8732488da629986155893a51,e0dd4c731d1d27f0,ETHUSDT,1h,SHORT_ONLY,diagnostic_year_2025,,base,60,27,33,0,697.1891164292226,11.61981860715371,1.24520960955296,45.0,-59.27937075295611,DESCRIPTIVE_SAMPLE,without_best,1,205.7986888401186,"descriptive deletion of net PnL; no resimulation, return or drawdown",recent
donchian_atr,eth_short_regime_challenge_v1_donchian_atr,20261007T203647Z-194d4424b93c,0f97421b8732488da629986155893a51,e0dd4c731d1d27f0,ETHUSDT,1h,SHORT_ONLY,diagnostic_year_2025,,base,57,24,33,0,125.5059259307548,2.201858349662365,1.0441419098044504,42.10526315789474,-66.02095632893966,DESCRIPTIVE_SAMPLE,without_top_5pct,4,777.4818793385864,"descriptive deletion of net PnL; no resimulation, return or drawdown",recent
donchian_atr,eth_short_regime_challenge_v1_donchian_atr,20261007T203647Z-194d4424b93c,0f97421b8732488da629986155893a51,e0dd4c731d1d27f0,ETHUSDT,1h,SHORT_ONLY,diagnostic_year_2025,,base,54,21,33,0,-402.4285038920367,-7.452379701704383,0.8584611635681406,38.888888888888886,-70.79961118542371,DESCRIPTIVE_SAMPLE,without_top_10pct,7,1305.416309161378,"descriptive deletion of net PnL; no resimulation, return or drawdown",recent
donchian_atr,eth_short_regime_challenge_v1_donchian_atr,20261007T203647Z-194d4424b93c,a8dd3ff9b4d94cbdace99518580ca85d,e0dd4c731d1d27f0,ETHUSDT,1h,SHORT_ONLY,diagnostic_year_2025,,adverse,61,28,33,0,706.8524119842274,11.587744458757824,1.243325090986474,45.90163934426229,-58.76954405484357,DESCRIPTIVE_SAMPLE,complete,0,0.0,"descriptive deletion of net PnL; no resimulation, return or drawdown",recent
donchian_atr,eth_short_regime_challenge_v1_donchian_atr,20261007T203647Z-194d4424b93c,a8dd3ff9b4d94cbdace99518580ca85d,e0dd4c731d1d27f0,ETHUSDT,1h,SHORT_ONLY,diagnostic_year_2025,,adverse,60,27,33,0,506.75948889413,8.445991481568832,1.174445607955533,45.0,-62.39256201700671,DESCRIPTIVE_SAMPLE,without_best,1,200.0929230900973,"descriptive deletion of net PnL; no resimulation, return or drawdown",recent
donchian_atr,eth_short_regime_challenge_v1_donchian_atr,20261007T203647Z-194d4424b93c,a8dd3ff9b4d94cbdace99518580ca85d,e0dd4c731d1d27f0,ETHUSDT,1h,SHORT_ONLY,diagnostic_year_2025,,adverse,57,24,33,0,-45.10719900273208,-0.7913543684689838,0.984472411616062,42.10526315789474,-68.6214878478546,DESCRIPTIVE_SAMPLE,without_top_5pct,4,751.9596109869594,"descriptive deletion of net PnL; no resimulation, return or drawdown",recent
donchian_atr,eth_short_regime_challenge_v1_donchian_atr,20261007T203647Z-194d4424b93c,a8dd3ff9b4d94cbdace99518580ca85d,e0dd4c731d1d27f0,ETHUSDT,1h,SHORT_ONLY,diagnostic_year_2025,,adverse,54,21,33,0,-555.9188717592394,-10.294793921467395,0.8086318901109817,38.888888888888886,-73.86872281268046,DESCRIPTIVE_SAMPLE,without_top_10pct,7,1262.771283743467,"descriptive deletion of net PnL; no resimulation, return or drawdown",recent
donchian_atr,eth_short_regime_challenge_v1_donchian_atr,20261007T203647Z-194d4424b93c,5ef729a9f8b3430182df8d5e0678ad00,827790540ac7604f,ETHUSDT,1h,SHORT_ONLY,diagnostic_year_2025,,base,60,28,32,0,955.5912364397436,15.92652060732906,1.3398837279548923,46.66666666666666,-59.39291440755687,DESCRIPTIVE_SAMPLE,complete,0,0.0,"descriptive deletion of net PnL; no resimulation, return or drawdown",recent
donchian_atr,eth_short_regime_challenge_v1_donchian_atr,20261007T203647Z-194d4424b93c,5ef729a9f8b3430182df8d5e0678ad00,827790540ac7604f,ETHUSDT,1h,SHORT_ONLY,diagnostic_year_2025,,base,59,27,32,0,749.7925475996246,12.708348264400415,1.2666854577072362,45.76271186440678,-62.66105119173671,DESCRIPTIVE_SAMPLE,without_best,1,205.7986888401186,"descriptive deletion of net PnL; no resimulation, return or drawdown",recent
donchian_atr,eth_short_regime_challenge_v1_donchian_atr,20261007T203647Z-194d4424b93c,5ef729a9f8b3430182df8d5e0678ad00,827790540ac7604f,ETHUSDT,1h,SHORT_ONLY,diagnostic_year_2025,,base,57,25,32,0,363.728985764223,6.381210276565316,1.1293707590992454,43.85964912280702,-66.33948631592621,DESCRIPTIVE_SAMPLE,without_top_5pct,3,591.8622506755204,"descriptive deletion of net PnL; no resimulation, return or drawdown",recent
donchian_atr,eth_short_regime_challenge_v1_donchian_atr,20261007T203647Z-194d4424b93c,5ef729a9f8b3430182df8d5e0678ad00,827790540ac7604f,ETHUSDT,1h,SHORT_ONLY,diagnostic_year_2025,,base,54,22,32,0,-182.33941214864225,-3.376655780530412,0.93514570164427,40.74074074074074,-70.9449091635789,DESCRIPTIVE_SAMPLE,without_top_10pct,6,1137.9306485883856,"descriptive deletion of net PnL; no resimulation, return or drawdown",recent
donchian_atr,eth_short_regime_challenge_v1_donchian_atr,20261007T203647Z-194d4424b93c,242e3c150a8b4aa880c61e452f832629,827790540ac7604f,ETHUSDT,1h,SHORT_ONLY,diagnostic_year_2025,,adverse,60,28,32,0,762.189773648487,12.70316289414145,1.265508332844243,46.66666666666666,-62.52201864869582,DESCRIPTIVE_SAMPLE,complete,0,0.0,"descriptive deletion of net PnL; no resimulation, return or drawdown",recent
donchian_atr,eth_short_regime_challenge_v1_donchian_atr,20261007T203647Z-194d4424b93c,242e3c150a8b4aa880c61e452f832629,827790540ac7604f,ETHUSDT,1h,SHORT_ONLY,diagnostic_year_2025,,adverse,59,27,32,0,562.0968505583897,9.52706526370152,1.1958060877337169,45.76271186440678,-66.01557997916986,DESCRIPTIVE_SAMPLE,without_best,1,200.0929230900973,"descriptive deletion of net PnL; no resimulation, return or drawdown",recent
donchian_atr,eth_short_regime_challenge_v1_donchian_atr,20261007T203647Z-194d4424b93c,242e3c150a8b4aa880c61e452f832629,827790540ac7604f,ETHUSDT,1h,SHORT_ONLY,diagnostic_year_2025,,adverse,57,25,32,0,189.92275843851752,3.3319782182196054,1.0661594745896532,43.85964912280702,-68.97615960995398,DESCRIPTIVE_SAMPLE,without_top_5pct,3,572.2670152099695,"descriptive deletion of net PnL; no resimulation, return or drawdown",recent
donchian_atr,eth_short_regime_challenge_v1_donchian_atr,20261007T203647Z-194d4424b93c,242e3c150a8b4aa880c61e452f832629,827790540ac7604f,ETHUSDT,1h,SHORT_ONLY,diagnostic_year_2025,,adverse,54,22,32,0,-337.6053626623039,-6.251951160413035,0.8823953822278857,40.74074074074074,-74.03237863785964,DESCRIPTIVE_SAMPLE,without_top_10pct,6,1099.795136310791,"descriptive deletion of net PnL; no resimulation, return or drawdown",recent
donchian_atr,eth_short_regime_challenge_v1_donchian_atr,20261007T203647Z-194d4424b93c,40abb5fb23ef44fd8350a70b76469f5a,6719be4e317770b6,ETHUSDT,1h,SHORT_ONLY,diagnostic_year_2025,,base,46,24,22,0,1258.0988761045965,27.349975567491228,1.6171248270433989,52.17391304347826,69.51723154687176,DESCRIPTIVE_SAMPLE,complete,0,0.0,"descriptive deletion of net PnL; no resimulation, return or drawdown",recent
donchian_atr,eth_short_regime_challenge_v1_donchian_atr,20261007T203647Z-194d4424b93c,40abb5fb23ef44fd8350a70b76469f5a,6719be4e317770b6,ETHUSDT,1h,SHORT_ONLY,diagnostic_year_2025,,base,45,23,22,0,1055.6192294522727,23.458205098939395,1.5178041621152034,51.11111111111112,63.04974543173986,DESCRIPTIVE_SAMPLE,without_best,1,202.4796466523233,"descriptive deletion of net PnL; no resimulation, return or drawdown",recent
donchian_atr,eth_short_regime_challenge_v1_donchian_atr,20261007T203647Z-194d4424b93c,40abb5fb23ef44fd8350a70b76469f5a,6719be4e317770b6,ETHUSDT,1h,SHORT_ONLY,diagnostic_year_2025,,base,43,21,22,0,670.6454992836661,15.59640696008526,1.3289661851017007,48.83720930232558,-57.03592350192195,DESCRIPTIVE_SAMPLE,without_top_5pct,3,587.4533768209296,"descriptive deletion of net PnL; no resimulation, return or drawdown",recent
donchian_atr,eth_short_regime_challenge_v1_donchian_atr,20261007T203647Z-194d4424b93c,40abb5fb23ef44fd8350a70b76469f5a,6719be4e317770b6,ETHUSDT,1h,SHORT_ONLY,diagnostic_year_2025,,base,41,19,22,0,292.57793920041587,7.136047297571118,1.1435158345302896,46.34146341463415,-63.93543247018671,DESCRIPTIVE_SAMPLE,without_top_10pct,5,965.52093690418,"descriptive deletion of net PnL; no resimulation, return or drawdown",recent
donchian_atr,eth_short_regime_challenge_v1_donchian_atr,20261007T203647Z-194d4424b93c,ce56873bce1f4832b757b0bc255700be,6719be4e317770b6,ETHUSDT,1h,SHORT_ONLY,diagnostic_year_2025,,adverse,46,24,22,0,1109.5319092418613,24.1202588965622,1.534370544657876,52.17391304347826,65.30860315333483,DESCRIPTIVE_SAMPLE,complete,0,0.0,"descriptive deletion of net PnL; no resimulation, return or drawdown",recent
donchian_atr,eth_short_regime_challenge_v1_donchian_atr,20261007T203647Z-194d4424b93c,ce56873bce1f4832b757b0bc255700be,6719be4e317770b6,ETHUSDT,1h,SHORT_ONLY,diagnostic_year_2025,,adverse,45,23,22,0,912.4699663347916,20.277110362995373,1.439461964845562,51.11111111111112,59.07679319658952,DESCRIPTIVE_SAMPLE,without_best,1,197.0619429070697,"descriptive deletion of net PnL; no resimulation, return or drawdown",recent
donchian_atr,eth_short_regime_challenge_v1_donchian_atr,20261007T203647Z-194d4424b93c,ce56873bce1f4832b757b0bc255700be,6719be4e317770b6,ETHUSDT,1h,SHORT_ONLY,diagnostic_year_2025,,adverse,43,21,22,0,542.470353515796,12.615589616646416,1.2612634894539088,48.83720930232558,-60.17701320748796,DESCRIPTIVE_SAMPLE,without_top_5pct,3,567.0615557260653,"descriptive deletion of net PnL; no resimulation, return or drawdown",recent
donchian_atr,eth_short_regime_challenge_v1_donchian_atr,20261007T203647Z-194d4424b93c,ce56873bce1f4832b757b0bc255700be,6719be4e317770b6,ETHUSDT,1h,SHORT_ONLY,diagnostic_year_2025,,adverse,41,19,22,0,173.92502663462272,4.242073820356652,1.0837654243543875,46.34146341463415,-67.27298974511008,DESCRIPTIVE_SAMPLE,without_top_10pct,5,935.6068826072386,"descriptive deletion of net PnL; no resimulation, return or drawdown",recent
donchian_atr,eth_short_regime_challenge_v1_donchian_atr,20261007T203647Z-194d4424b93c,9f26cd76d87b4489aaa5d1c535a4c22a,4c4aa07c4c65af74,ETHUSDT,1h,SHORT_ONLY,diagnostic_year_2025,,base,45,24,21,0,1325.8108446133035,29.46246321362897,1.6689670319711738,53.333333333333336,76.44173229243894,DESCRIPTIVE_SAMPLE,complete,0,0.0,"descriptive deletion of net PnL; no resimulation, return or drawdown",recent
donchian_atr,eth_short_regime_challenge_v1_donchian_atr,20261007T203647Z-194d4424b93c,9f26cd76d87b4489aaa5d1c535a4c22a,4c4aa07c4c65af74,ETHUSDT,1h,SHORT_ONLY,diagnostic_year_2025,,base,44,23,21,0,1123.3311979609805,25.530254499113187,1.5668014713213183,52.27272727272727,69.93533848191564,DESCRIPTIVE_SAMPLE,without_best,1,202.4796466523233,"descriptive deletion of net PnL; no resimulation, return or drawdown",recent
donchian_atr,eth_short_regime_challenge_v1_donchian_atr,20261007T203647Z-194d4424b93c,9f26cd76d87b4489aaa5d1c535a4c22a,4c4aa07c4c65af74,ETHUSDT,1h,SHORT_ONLY,diagnostic_year_2025,,base,42,21,21,0,737.2102937619018,17.55262604195004,1.3719756737246622,50.0,3.024983224747185,DESCRIPTIVE_SAMPLE,without_top_5pct,3,588.6005508514019,"descriptive deletion of net PnL; no resimulation, return or drawdown",recent
donchian_atr,eth_short_regime_challenge_v1_donchian_atr,20261007T203647Z-194d4424b93c,9f26cd76d87b4489aaa5d1c535a4c22a,4c4aa07c4c65af74,ETHUSDT,1h,SHORT_ONLY,diagnostic_year_2025,,base,40,19,21,0,358.003353805349,8.950083845133724,1.1806384689067335,47.5,-62.853676693342976,DESCRIPTIVE_SAMPLE,without_top_10pct,5,967.8074908079548,"descriptive deletion of net PnL; no resimulation, return or drawdown",recent
donchian_atr,eth_short_regime_challenge_v1_donchian_atr,20261007T203647Z-194d4424b93c,780bc062273345a0b7b16820eabe149c,4c4aa07c4c65af74,ETHUSDT,1h,SHORT_ONLY,diagnostic_year_2025,,adverse,45,24,21,0,1180.1865705567543,26.226368234594545,1.5851691813540838,53.333333333333336,71.9953929723109,DESCRIPTIVE_SAMPLE,complete,0,0.0,"descriptive deletion of net PnL; no resimulation, return or drawdown",recent
donchian_atr,eth_short_regime_challenge_v1_donchian_atr,20261007T203647Z-194d4424b93c,780bc062273345a0b7b16820eabe149c,4c4aa07c4c65af74,ETHUSDT,1h,SHORT_ONLY,diagnostic_year_2025,,adverse,44,23,21,0,983.124627649685,22.34374153749284,1.4874604133644806,52.27272727272727,65.72398219537493,DESCRIPTIVE_SAMPLE,without_best,1,197.0619429070697,"descriptive deletion of net PnL; no resimulation, return or drawdown",recent
donchian_atr,eth_short_regime_challenge_v1_donchian_atr,20261007T203647Z-194d4424b93c,780bc062273345a0b7b16820eabe149c,4c4aa07c4c65af74,ETHUSDT,1h,SHORT_ONLY,diagnostic_year_2025,,adverse,42,21,21,0,611.7971570287453,14.56659897687489,1.3033459712767086,50.0,-0.5535807930511609,DESCRIPTIVE_SAMPLE,without_top_5pct,3,568.3894135280094,"descriptive deletion of net PnL; no resimulation, return or drawdown",recent
donchian_atr,eth_short_regime_challenge_v1_donchian_atr,20261007T203647Z-194d4424b93c,780bc062273345a0b7b16820eabe149c,4c4aa07c4c65af74,ETHUSDT,1h,SHORT_ONLY,diagnostic_year_2025,,adverse,40,19,21,0,242.2331853700167,6.055829634250418,1.1201059208061444,47.5,-66.13464879330633,DESCRIPTIVE_SAMPLE,without_top_10pct,5,937.953385186738,"descriptive deletion of net PnL; no resimulation, return or drawdown",recent
donchian_atr,eth_short_regime_challenge_v1_donchian_atr,20261007T203647Z-194d4424b93c,d5ecbc42e22c47a786d55b6121080973,db2f1a56c8656a10,ETHUSDT,1h,SHORT_ONLY,diagnostic_year_2025,,base,45,24,21,0,1338.756125756837,29.75013612792971,1.675116171287836,53.333333333333336,85.04605680647566,DESCRIPTIVE_SAMPLE,complete,0,0.0,"descriptive deletion of net PnL; no resimulation, return or drawdown",recent
donchian_atr,eth_short_regime_challenge_v1_donchian_atr,20261007T203647Z-194d4424b93c,d5ecbc42e22c47a786d55b6121080973,db2f1a56c8656a10,ETHUSDT,1h,SHORT_ONLY,diagnostic_year_2025,,base,44,23,21,0,1136.2764791045138,25.824465434193492,1.5730084899994672,52.27272727272727,74.24965922373512,DESCRIPTIVE_SAMPLE,without_best,1,202.4796466523233,"descriptive deletion of net PnL; no resimulation, return or drawdown",recent
donchian_atr,eth_short_regime_challenge_v1_donchian_atr,20261007T203647Z-194d4424b93c,d5ecbc42e22c47a786d55b6121080973,db2f1a56c8656a10,ETHUSDT,1h,SHORT_ONLY,diagnostic_year_2025,,base,42,21,21,0,749.9363993792884,17.855628556649727,1.3781825389386049,50.0,3.026141585375175,DESCRIPTIVE_SAMPLE,without_top_5pct,3,588.819726377549,"descriptive deletion of net PnL; no resimulation, return or drawdown",recent
donchian_atr,eth_short_regime_challenge_v1_donchian_atr,20261007T203647Z-194d4424b93c,d5ecbc42e22c47a786d55b6121080973,db2f1a56c8656a10,ETHUSDT,1h,SHORT_ONLY,diagnostic_year_2025,,base,40,19,21,0,370.5838225724352,9.26459556431088,1.1868802888165126,47.5,-62.86467681751613,DESCRIPTIVE_SAMPLE,without_top_10pct,5,968.1723031844022,"descriptive deletion of net PnL; no resimulation, return or drawdown",recent
donchian_atr,eth_short_regime_challenge_v1_donchian_atr,20261007T203647Z-194d4424b93c,918158e1cd784c0e9dbe9b27a973801a,db2f1a56c8656a10,ETHUSDT,1h,SHORT_ONLY,diagnostic_year_2025,,adverse,45,24,21,0,1192.9790234979464,26.51064496662103,1.5911772054175877,53.333333333333336,80.51924619957367,DESCRIPTIVE_SAMPLE,complete,0,0.0,"descriptive deletion of net PnL; no resimulation, return or drawdown",recent
donchian_atr,eth_short_regime_challenge_v1_donchian_atr,20261007T203647Z-194d4424b93c,918158e1cd784c0e9dbe9b27a973801a,db2f1a56c8656a10,ETHUSDT,1h,SHORT_ONLY,diagnostic_year_2025,,adverse,44,23,21,0,995.9170805908768,22.63447910433811,1.4935237459624706,52.27272727272727,69.99734511069008,DESCRIPTIVE_SAMPLE,without_best,1,197.0619429070697,"descriptive deletion of net PnL; no resimulation, return or drawdown",recent
donchian_atr,eth_short_regime_challenge_v1_donchian_atr,20261007T203647Z-194d4424b93c,918158e1cd784c0e9dbe9b27a973801a,db2f1a56c8656a10,ETHUSDT,1h,SHORT_ONLY,diagnostic_year_2025,,adverse,42,21,21,0,624.3053254994836,14.864412511892468,1.3093726464476576,50.0,-0.5537916232383502,DESCRIPTIVE_SAMPLE,without_top_5pct,3,568.6736979984627,"descriptive deletion of net PnL; no resimulation, return or drawdown",recent
donchian_atr,eth_short_regime_challenge_v1_donchian_atr,20261007T203647Z-194d4424b93c,918158e1cd784c0e9dbe9b27a973801a,db2f1a56c8656a10,ETHUSDT,1h,SHORT_ONLY,diagnostic_year_2025,,adverse,40,19,21,0,254.67046015631223,6.366761503907807,1.1262011887653942,47.5,-66.15920073613043,DESCRIPTIVE_SAMPLE,without_top_10pct,5,938.308563341634,"descriptive deletion of net PnL; no resimulation, return or drawdown",recent
donchian_atr,eth_short_regime_challenge_v1_donchian_atr,20261007T203647Z-194d4424b93c,e53a3a266b234afcbf6e9606e894344b,ff43266d9f6c730a,ETHUSDT,1h,SHORT_ONLY,diagnostic_year_2026,,base,38,14,24,0,67.87679859565063,1.786231541990806,1.0474087596508077,36.8421052631579,-43.36949758898052,DESCRIPTIVE_SAMPLE,complete,0,0.0,"descriptive deletion of net PnL; no resimulation, return or drawdown",recent
donchian_atr,eth_short_regime_challenge_v1_donchian_atr,20261007T203647Z-194d4424b93c,e53a3a266b234afcbf6e9606e894344b,ff43266d9f6c730a,ETHUSDT,1h,SHORT_ONLY,diagnostic_year_2026,,base,37,13,24,0,-119.43740523140087,-3.2280379792270506,0.9165785753735524,35.13513513513514,-44.39033554732319,DESCRIPTIVE_SAMPLE,without_best,1,187.31420382705147,"descriptive deletion of net PnL; no resimulation, return or drawdown",recent
donchian_atr,eth_short_regime_challenge_v1_donchian_atr,20261007T203647Z-194d4424b93c,e53a3a266b234afcbf6e9606e894344b,ff43266d9f6c730a,ETHUSDT,1h,SHORT_ONLY,diagnostic_year_2026,,base,36,12,24,0,-296.3922337502788,-8.23311760417441,0.792983928780439,33.333333333333336,-44.60248029032164,DESCRIPTIVE_SAMPLE,without_top_5pct,2,364.2690323459293,"descriptive deletion of net PnL; no resimulation, return or drawdown",recent
donchian_atr,eth_short_regime_challenge_v1_donchian_atr,20261007T203647Z-194d4424b93c,e53a3a266b234afcbf6e9606e894344b,ff43266d9f6c730a,ETHUSDT,1h,SHORT_ONLY,diagnostic_year_2026,,base,34,10,24,0,-589.0448934764671,-17.324849808131386,0.5885797745895616,29.41176470588235,-45.5032898039908,DESCRIPTIVE_SAMPLE,without_top_10pct,4,656.9216920721177,"descriptive deletion of net PnL; no resimulation, return or drawdown",recent
donchian_atr,eth_short_regime_challenge_v1_donchian_atr,20261007T203647Z-194d4424b93c,617ee622ed084083bfd99ec8a79b0ce3,ff43266d9f6c730a,ETHUSDT,1h,SHORT_ONLY,diagnostic_year_2026,,adverse,37,14,23,0,11.464121926572489,0.3098411331506078,1.0079620161312923,37.83783783783784,-45.79674835048303,DESCRIPTIVE_SAMPLE,complete,0,0.0,"descriptive deletion of net PnL; no resimulation, return or drawdown",recent
donchian_atr,eth_short_regime_challenge_v1_donchian_atr,20261007T203647Z-194d4424b93c,617ee622ed084083bfd99ec8a79b0ce3,ff43266d9f6c730a,ETHUSDT,1h,SHORT_ONLY,diagnostic_year_2026,,adverse,36,13,23,0,-170.97504029057177,-4.749306674738104,0.8812550985098562,36.11111111111112,-46.86758055966844,DESCRIPTIVE_SAMPLE,without_best,1,182.4391622171442,"descriptive deletion of net PnL; no resimulation, return or drawdown",recent
donchian_atr,eth_short_regime_challenge_v1_donchian_atr,20261007T203647Z-194d4424b93c,617ee622ed084083bfd99ec8a79b0ce3,ff43266d9f6c730a,ETHUSDT,1h,SHORT_ONLY,diagnostic_year_2026,,adverse,35,12,23,0,-344.2479782093401,-9.83565652026686,0.7609142703450882,34.285714285714285,-47.93841276885385,DESCRIPTIVE_SAMPLE,without_top_5pct,2,355.7121001359126,"descriptive deletion of net PnL; no resimulation, return or drawdown",recent
donchian_atr,eth_short_regime_challenge_v1_donchian_atr,20261007T203647Z-194d4424b93c,617ee622ed084083bfd99ec8a79b0ce3,ff43266d9f6c730a,ETHUSDT,1h,SHORT_ONLY,diagnostic_year_2026,,adverse,33,10,23,0,-630.787722962021,-19.114779483697607,0.561907832295169,30.303030303030305,-48.33227445852768,DESCRIPTIVE_SAMPLE,without_top_10pct,4,642.2518448885935,"descriptive deletion of net PnL; no resimulation, return or drawdown",recent
donchian_atr,eth_short_regime_challenge_v1_donchian_atr,20261007T203647Z-194d4424b93c,1ffc60689d9147b58b3530fb5a433c43,e0dd4c731d1d27f0,ETHUSDT,1h,SHORT_ONLY,diagnostic_year_2026,,base,36,14,22,0,150.42347815140934,4.178429948650259,1.1114918008947223,38.888888888888886,-43.36949758898052,DESCRIPTIVE_SAMPLE,complete,0,0.0,"descriptive deletion of net PnL; no resimulation, return or drawdown",recent
donchian_atr,eth_short_regime_challenge_v1_donchian_atr,20261007T203647Z-194d4424b93c,1ffc60689d9147b58b3530fb5a433c43,e0dd4c731d1d27f0,ETHUSDT,1h,SHORT_ONLY,diagnostic_year_2026,,base,35,13,22,0,-36.89072567564229,-1.0540207335897795,0.9726571045129634,37.142857142857146,-44.39033554732319,DESCRIPTIVE_SAMPLE,without_best,1,187.31420382705147,"descriptive deletion of net PnL; no resimulation, return or drawdown",recent
donchian_atr,eth_short_regime_challenge_v1_donchian_atr,20261007T203647Z-194d4424b93c,1ffc60689d9147b58b3530fb5a433c43,e0dd4c731d1d27f0,ETHUSDT,1h,SHORT_ONLY,diagnostic_year_2026,,base,34,12,22,0,-213.8455541945201,-6.289575123368238,0.8415006337875081,35.294117647058826,-44.60248029032164,DESCRIPTIVE_SAMPLE,without_top_5pct,2,364.2690323459293,"descriptive deletion of net PnL; no resimulation, return or drawdown",recent
donchian_atr,eth_short_regime_challenge_v1_donchian_atr,20261007T203647Z-194d4424b93c,1ffc60689d9147b58b3530fb5a433c43,e0dd4c731d1d27f0,ETHUSDT,1h,SHORT_ONLY,diagnostic_year_2026,,base,32,10,22,0,-506.4982139207085,-15.82806918502214,0.6245905312524441,31.25,-45.93467505236214,DESCRIPTIVE_SAMPLE,without_top_10pct,4,656.9216920721177,"descriptive deletion of net PnL; no resimulation, return or drawdown",recent
donchian_atr,eth_short_regime_challenge_v1_donchian_atr,20261007T203647Z-194d4424b93c,fb1516870a7842d39284bb754b8e5ce7,e0dd4c731d1d27f0,ETHUSDT,1h,SHORT_ONLY,diagnostic_year_2026,,adverse,35,14,21,0,100.43830695576132,2.8696659130217523,1.0743504209990995,40.0,-45.79674835048303,DESCRIPTIVE_SAMPLE,complete,0,0.0,"descriptive deletion of net PnL; no resimulation, return or drawdown",recent
donchian_atr,eth_short_regime_challenge_v1_donchian_atr,20261007T203647Z-194d4424b93c,fb1516870a7842d39284bb754b8e5ce7,e0dd4c731d1d27f0,ETHUSDT,1h,SHORT_ONLY,diagnostic_year_2026,,adverse,34,13,21,0,-82.00085526138281,-2.411789860628906,0.9392980796295644,38.23529411764706,-46.86758055966844,DESCRIPTIVE_SAMPLE,without_best,1,182.4391622171442,"descriptive deletion of net PnL; no resimulation, return or drawdown",recent
donchian_atr,eth_short_regime_challenge_v1_donchian_atr,20261007T203647Z-194d4424b93c,fb1516870a7842d39284bb754b8e5ce7,e0dd4c731d1d27f0,ETHUSDT,1h,SHORT_ONLY,diagnostic_year_2026,,adverse,33,12,21,0,-255.2737931801512,-7.735569490307612,0.8110311237988018,36.36363636363637,-47.93841276885385,DESCRIPTIVE_SAMPLE,without_top_5pct,2,355.7121001359126,"descriptive deletion of net PnL; no resimulation, return or drawdown",recent
donchian_atr,eth_short_regime_challenge_v1_donchian_atr,20261007T203647Z-194d4424b93c,fb1516870a7842d39284bb754b8e5ce7,e0dd4c731d1d27f0,ETHUSDT,1h,SHORT_ONLY,diagnostic_year_2026,,adverse,31,10,21,0,-541.8135379328321,-17.477856062349424,0.5989173267719375,32.25806451612903,-48.33227445852768,DESCRIPTIVE_SAMPLE,without_top_10pct,4,642.2518448885935,"descriptive deletion of net PnL; no resimulation, return or drawdown",recent
donchian_atr,eth_short_regime_challenge_v1_donchian_atr,20261007T203647Z-194d4424b93c,2732b175ba82422e9f3d5d4fb1d40df5,827790540ac7604f,ETHUSDT,1h,SHORT_ONLY,diagnostic_year_2026,,base,34,12,22,0,-62.96043459579718,-1.8517774881116815,0.9533551546292022,35.294117647058826,-43.48574952741589,DESCRIPTIVE_SAMPLE,complete,0,0.0,"descriptive deletion of net PnL; no resimulation, return or drawdown",recent
donchian_atr,eth_short_regime_challenge_v1_donchian_atr,20261007T203647Z-194d4424b93c,2732b175ba82422e9f3d5d4fb1d40df5,827790540ac7604f,ETHUSDT,1h,SHORT_ONLY,diagnostic_year_2026,,base,33,11,22,0,-250.27463842284868,-7.584079952207536,0.8145816196407686,33.333333333333336,-43.6925657786824,DESCRIPTIVE_SAMPLE,without_best,1,187.31420382705147,"descriptive deletion of net PnL; no resimulation, return or drawdown",recent
donchian_atr,eth_short_regime_challenge_v1_donchian_atr,20261007T203647Z-194d4424b93c,2732b175ba82422e9f3d5d4fb1d40df5,827790540ac7604f,ETHUSDT,1h,SHORT_ONLY,diagnostic_year_2026,,base,32,10,22,0,-422.47005937940446,-13.20218935560639,0.6870089807979278,31.25,-44.78457703428326,DESCRIPTIVE_SAMPLE,without_top_5pct,2,359.50962478360725,"descriptive deletion of net PnL; no resimulation, return or drawdown",recent
donchian_atr,eth_short_regime_challenge_v1_donchian_atr,20261007T203647Z-194d4424b93c,2732b175ba82422e9f3d5d4fb1d40df5,827790540ac7604f,ETHUSDT,1h,SHORT_ONLY,diagnostic_year_2026,,base,30,8,22,0,-711.4395525115924,-23.71465175038641,0.4729231440249968,26.666666666666668,-46.38375737049879,DESCRIPTIVE_SAMPLE,without_top_10pct,4,648.4791179157951,"descriptive deletion of net PnL; no resimulation, return or drawdown",recent
donchian_atr,eth_short_regime_challenge_v1_donchian_atr,20261007T203647Z-194d4424b93c,03e1701098664a1da6a74d5c59daae27,827790540ac7604f,ETHUSDT,1h,SHORT_ONLY,diagnostic_year_2026,,adverse,33,12,21,0,-105.4463890139276,-3.19534512163417,0.9219573014135906,36.36363636363637,-46.72117576341927,DESCRIPTIVE_SAMPLE,complete,0,0.0,"descriptive deletion of net PnL; no resimulation, return or drawdown",recent
donchian_atr,eth_short_regime_challenge_v1_donchian_atr,20261007T203647Z-194d4424b93c,03e1701098664a1da6a74d5c59daae27,827790540ac7604f,ETHUSDT,1h,SHORT_ONLY,diagnostic_year_2026,,adverse,32,11,21,0,-287.8855512310718,-8.996423475970994,0.7869309180502956,34.375,-46.913099202627606,DESCRIPTIVE_SAMPLE,without_best,1,182.4391622171442,"descriptive deletion of net PnL; no resimulation, return or drawdown",recent
donchian_atr,eth_short_regime_challenge_v1_donchian_atr,20261007T203647Z-194d4424b93c,03e1701098664a1da6a74d5c59daae27,827790540ac7604f,ETHUSDT,1h,SHORT_ONLY,diagnostic_year_2026,,adverse,31,10,21,0,-456.5502203394066,-14.727426462561503,0.6620992755778379,32.25806451612903,-47.10502264183594,DESCRIPTIVE_SAMPLE,without_top_5pct,2,351.103831325479,"descriptive deletion of net PnL; no resimulation, return or drawdown",recent
donchian_atr,eth_short_regime_challenge_v1_donchian_atr,20261007T203647Z-194d4424b93c,03e1701098664a1da6a74d5c59daae27,827790540ac7604f,ETHUSDT,1h,SHORT_ONLY,diagnostic_year_2026,,adverse,29,8,21,0,-739.5421679782977,-25.50145406821716,0.452652034392121,27.58620689655172,-49.35688247560232,DESCRIPTIVE_SAMPLE,without_top_10pct,4,634.09577896437,"descriptive deletion of net PnL; no resimulation, return or drawdown",recent
donchian_atr,eth_short_regime_challenge_v1_donchian_atr,20261007T203647Z-194d4424b93c,d7573b10635c4c848355c283228e175b,6719be4e317770b6,ETHUSDT,1h,SHORT_ONLY,diagnostic_year_2026,,base,30,11,19,0,105.83366865037408,3.5277889550124693,1.0945058579219435,36.66666666666666,-44.681727448653,DESCRIPTIVE_SAMPLE,complete,0,0.0,"descriptive deletion of net PnL; no resimulation, return or drawdown",recent
donchian_atr,eth_short_regime_challenge_v1_donchian_atr,20261007T203647Z-194d4424b93c,d7573b10635c4c848355c283228e175b,6719be4e317770b6,ETHUSDT,1h,SHORT_ONLY,diagnostic_year_2026,,base,29,10,19,0,-82.74895218508965,-2.8534121443134364,0.9261080068552818,34.48275862068966,-45.73346500268904,DESCRIPTIVE_SAMPLE,without_best,1,188.5826208354637,"descriptive deletion of net PnL; no resimulation, return or drawdown",recent
donchian_atr,eth_short_regime_challenge_v1_donchian_atr,20261007T203647Z-194d4424b93c,d7573b10635c4c848355c283228e175b,6719be4e317770b6,ETHUSDT,1h,SHORT_ONLY,diagnostic_year_2026,,base,28,9,19,0,-261.1598925263744,-9.327139018799086,0.7667931196872443,32.142857142857146,-45.940907853135,DESCRIPTIVE_SAMPLE,without_top_5pct,2,366.99356117674847,"descriptive deletion of net PnL; no resimulation, return or drawdown",recent
donchian_atr,eth_short_regime_challenge_v1_donchian_atr,20261007T203647Z-194d4424b93c,d7573b10635c4c848355c283228e175b,6719be4e317770b6,ETHUSDT,1h,SHORT_ONLY,diagnostic_year_2026,,base,27,8,19,0,-417.92584397689023,-15.478734962107046,0.6268064696569621,29.62962962962963,-46.148350703580974,DESCRIPTIVE_SAMPLE,without_top_10pct,3,523.7595126272643,"descriptive deletion of net PnL; no resimulation, return or drawdown",recent
donchian_atr,eth_short_regime_challenge_v1_donchian_atr,20261007T203647Z-194d4424b93c,0e7367db0f874a1cae292711a3cad2d0,6719be4e317770b6,ETHUSDT,1h,SHORT_ONLY,diagnostic_year_2026,,adverse,29,11,18,0,72.87497499110319,2.5129301721070063,1.0653280891258476,37.93103448275862,-47.23110726105935,DESCRIPTIVE_SAMPLE,complete,0,0.0,"descriptive deletion of net PnL; no resimulation, return or drawdown",recent
donchian_atr,eth_short_regime_challenge_v1_donchian_atr,20261007T203647Z-194d4424b93c,0e7367db0f874a1cae292711a3cad2d0,6719be4e317770b6,ETHUSDT,1h,SHORT_ONLY,diagnostic_year_2026,,adverse,28,10,18,0,-110.86304263945227,-3.9593943799804383,0.9006178632487083,35.714285714285715,-48.33549342479089,DESCRIPTIVE_SAMPLE,without_best,1,183.7380176305554,"descriptive deletion of net PnL; no resimulation, return or drawdown",recent
donchian_atr,eth_short_regime_challenge_v1_donchian_atr,20261007T203647Z-194d4424b93c,0e7367db0f874a1cae292711a3cad2d0,6719be4e317770b6,ETHUSDT,1h,SHORT_ONLY,diagnostic_year_2026,,adverse,27,9,18,0,-285.7381842327112,-10.582895712322635,0.7438526796271107,33.333333333333336,-49.43987958852243,DESCRIPTIVE_SAMPLE,without_top_5pct,2,358.6131592238144,"descriptive deletion of net PnL; no resimulation, return or drawdown",recent
donchian_atr,eth_short_regime_challenge_v1_donchian_atr,20261007T203647Z-194d4424b93c,0e7367db0f874a1cae292711a3cad2d0,6719be4e317770b6,ETHUSDT,1h,SHORT_ONLY,diagnostic_year_2026,,adverse,26,8,18,0,-439.9737291652437,-16.922066506355524,0.6055896692184449,30.76923076923077,-49.44787470104657,DESCRIPTIVE_SAMPLE,without_top_10pct,3,512.8487041563468,"descriptive deletion of net PnL; no resimulation, return or drawdown",recent
donchian_atr,eth_short_regime_challenge_v1_donchian_atr,20261007T203647Z-194d4424b93c,d7e2cfa4fe5e4a61944f2e04d7c086d9,4c4aa07c4c65af74,ETHUSDT,1h,SHORT_ONLY,diagnostic_year_2026,,base,28,11,17,0,188.69157904603173,6.7389849659297045,1.1819580973015107,39.285714285714285,-44.681727448653,DESCRIPTIVE_SAMPLE,complete,0,0.0,"descriptive deletion of net PnL; no resimulation, return or drawdown",recent
donchian_atr,eth_short_regime_challenge_v1_donchian_atr,20261007T203647Z-194d4424b93c,d7e2cfa4fe5e4a61944f2e04d7c086d9,4c4aa07c4c65af74,ETHUSDT,1h,SHORT_ONLY,diagnostic_year_2026,,base,27,10,17,0,0.1089582105680477,0.004035489280298,1.000105070023689,37.03703703703704,-45.73346500268904,DESCRIPTIVE_SAMPLE,without_best,1,188.5826208354637,"descriptive deletion of net PnL; no resimulation, return or drawdown",recent
donchian_atr,eth_short_regime_challenge_v1_donchian_atr,20261007T203647Z-194d4424b93c,d7e2cfa4fe5e4a61944f2e04d7c086d9,4c4aa07c4c65af74,ETHUSDT,1h,SHORT_ONLY,diagnostic_year_2026,,base,26,9,17,0,-178.30198213071674,-6.857768543489105,0.8280607455954432,34.61538461538461,-45.95201951314327,DESCRIPTIVE_SAMPLE,without_top_5pct,2,366.99356117674847,"descriptive deletion of net PnL; no resimulation, return or drawdown",recent
donchian_atr,eth_short_regime_challenge_v1_donchian_atr,20261007T203647Z-194d4424b93c,d7e2cfa4fe5e4a61944f2e04d7c086d9,4c4aa07c4c65af74,ETHUSDT,1h,SHORT_ONLY,diagnostic_year_2026,,base,25,8,17,0,-335.0679335812326,-13.402717343249304,0.6768890060201537,32.0,-46.17057402359751,DESCRIPTIVE_SAMPLE,without_top_10pct,3,523.7595126272643,"descriptive deletion of net PnL; no resimulation, return or drawdown",recent
donchian_atr,eth_short_regime_challenge_v1_donchian_atr,20261007T203647Z-194d4424b93c,6ae586981b9c415fb93132c9cadfa698,4c4aa07c4c65af74,ETHUSDT,1h,SHORT_ONLY,diagnostic_year_2026,,adverse,27,11,16,0,162.39491965306584,6.0146266538172535,1.158279203359455,40.74074074074074,-47.23110726105935,DESCRIPTIVE_SAMPLE,complete,0,0.0,"descriptive deletion of net PnL; no resimulation, return or drawdown",recent
donchian_atr,eth_short_regime_challenge_v1_donchian_atr,20261007T203647Z-194d4424b93c,6ae586981b9c415fb93132c9cadfa698,4c4aa07c4c65af74,ETHUSDT,1h,SHORT_ONLY,diagnostic_year_2026,,adverse,26,10,16,0,-21.34309797748959,-0.8208883837495997,0.9791978187968144,38.46153846153846,-48.33549342479089,DESCRIPTIVE_SAMPLE,without_best,1,183.7380176305554,"descriptive deletion of net PnL; no resimulation, return or drawdown",recent
donchian_atr,eth_short_regime_challenge_v1_donchian_atr,20261007T203647Z-194d4424b93c,6ae586981b9c415fb93132c9cadfa698,4c4aa07c4c65af74,ETHUSDT,1h,SHORT_ONLY,diagnostic_year_2026,,adverse,25,9,16,0,-196.21823957074855,-7.848729582829943,0.8087546906627237,36.0,-49.43987958852243,DESCRIPTIVE_SAMPLE,without_top_5pct,2,358.6131592238144,"descriptive deletion of net PnL; no resimulation, return or drawdown",recent
donchian_atr,eth_short_regime_challenge_v1_donchian_atr,20261007T203647Z-194d4424b93c,6ae586981b9c415fb93132c9cadfa698,4c4aa07c4c65af74,ETHUSDT,1h,SHORT_ONLY,diagnostic_year_2026,,adverse,24,8,16,0,-350.453784503281,-14.60224102097004,0.6584280718634037,33.333333333333336,-49.64296535488562,DESCRIPTIVE_SAMPLE,without_top_10pct,3,512.8487041563468,"descriptive deletion of net PnL; no resimulation, return or drawdown",recent
donchian_atr,eth_short_regime_challenge_v1_donchian_atr,20261007T203647Z-194d4424b93c,ab8c24c5e66f403cb8759cf4374a1359,db2f1a56c8656a10,ETHUSDT,1h,SHORT_ONLY,diagnostic_year_2026,,base,25,9,16,0,39.29615174890573,1.571846069956229,1.040119365206605,36.0,-44.87806085091083,DESCRIPTIVE_SAMPLE,complete,0,0.0,"descriptive deletion of net PnL; no resimulation, return or drawdown",recent
donchian_atr,eth_short_regime_challenge_v1_donchian_atr,20261007T203647Z-194d4424b93c,ab8c24c5e66f403cb8759cf4374a1359,db2f1a56c8656a10,ETHUSDT,1h,SHORT_ONLY,diagnostic_year_2026,,base,24,8,16,0,-149.28646908655793,-6.220269545273247,0.8475861348470347,33.333333333333336,-45.092522549485146,DESCRIPTIVE_SAMPLE,without_best,1,188.5826208354637,"descriptive deletion of net PnL; no resimulation, return or drawdown",recent
donchian_atr,eth_short_regime_challenge_v1_donchian_atr,20261007T203647Z-194d4424b93c,ab8c24c5e66f403cb8759cf4374a1359,db2f1a56c8656a10,ETHUSDT,1h,SHORT_ONLY,diagnostic_year_2026,,base,23,7,16,0,-324.02650591853217,-14.08810895297966,0.6691854762107134,30.43478260869565,-45.30698424805946,DESCRIPTIVE_SAMPLE,without_top_5pct,2,363.3226576674379,"descriptive deletion of net PnL; no resimulation, return or drawdown",recent
donchian_atr,eth_short_regime_challenge_v1_donchian_atr,20261007T203647Z-194d4424b93c,ab8c24c5e66f403cb8759cf4374a1359,db2f1a56c8656a10,ETHUSDT,1h,SHORT_ONLY,diagnostic_year_2026,,base,22,6,16,0,-480.792457369048,-21.854202607684,0.5091354413270991,27.272727272727277,-46.80282811360344,DESCRIPTIVE_SAMPLE,without_top_10pct,3,520.0886091179538,"descriptive deletion of net PnL; no resimulation, return or drawdown",recent
donchian_atr,eth_short_regime_challenge_v1_donchian_atr,20261007T203647Z-194d4424b93c,7823bf9ad3b94d4cb66ea35aead64557,db2f1a56c8656a10,ETHUSDT,1h,SHORT_ONLY,diagnostic_year_2026,,adverse,24,9,15,0,23.359524035411027,0.9733135014754596,1.024207290665854,37.5,-47.430477818347214,DESCRIPTIVE_SAMPLE,complete,0,0.0,"descriptive deletion of net PnL; no resimulation, return or drawdown",recent
donchian_atr,eth_short_regime_challenge_v1_donchian_atr,20261007T203647Z-194d4424b93c,7823bf9ad3b94d4cb66ea35aead64557,db2f1a56c8656a10,ETHUSDT,1h,SHORT_ONLY,diagnostic_year_2026,,adverse,23,8,15,0,-160.37849359514436,-6.972977982397581,0.8338010310002788,34.78260869565217,-48.51418413320642,DESCRIPTIVE_SAMPLE,without_best,1,183.7380176305554,"descriptive deletion of net PnL; no resimulation, return or drawdown",recent
donchian_atr,eth_short_regime_challenge_v1_donchian_atr,20261007T203647Z-194d4424b93c,7823bf9ad3b94d4cb66ea35aead64557,db2f1a56c8656a10,ETHUSDT,1h,SHORT_ONLY,diagnostic_year_2026,,adverse,22,7,15,0,-331.76729855088894,-15.080331752313134,0.6561921631077736,31.818181818181817,-48.713480308047735,DESCRIPTIVE_SAMPLE,without_top_5pct,2,355.1268225863,"descriptive deletion of net PnL; no resimulation, return or drawdown",recent
donchian_atr,eth_short_regime_challenge_v1_donchian_atr,20261007T203647Z-194d4424b93c,7823bf9ad3b94d4cb66ea35aead64557,db2f1a56c8656a10,ETHUSDT,1h,SHORT_ONLY,diagnostic_year_2026,,adverse,21,6,15,0,-486.0028434834213,-23.142992546829586,0.4963590833956874,28.571428571428573,-48.91277648288905,DESCRIPTIVE_SAMPLE,without_top_10pct,3,509.36236751883234,"descriptive deletion of net PnL; no resimulation, return or drawdown",recent
