configuration_id,candidate_id,symbol,timeframe,mode,parameters,period,scenario,start,end,closed_trades,strategy,strategy_version,win_rate_pct,return_pct,cagr_pct,sortino,long_contribution,short_contribution,long_trades,short_trades,average_entry_momentum,average_entry_volatility,average_entry_scaling_pct,average_entry_rsi,average_entry_adx,average_breakout_strength_atr,entry_buckets,conditional_results,funding_events,liquidation_fees,bankruptcy_adjustment,matched_hours,excluded_hours,margin_model,mfe_mean_pct,mae_mean_pct,profit_factor,sharpe,expectancy,max_drawdown_pct,fees_paid,average_win,average_loss,average_trade,average_close_exposure_pct,average_holding_hours,slippage_cost_closed_trades,spread_cost_closed_trades,gross_price_pnl,gross_return_pct,total_modeled_costs,cost_gross_profit_ratio,top_5_profit_share_pct,long_setup_count,short_setup_count,setups_traded_pct,midpoint_exit_pct,regime_exit_losses,funding_pnl,funding_note,filter_status,research_classification,payoff_ratio,average_cost_per_trade,median_winner,median_loser,pnl_p01,pnl_p05,pnl_p50,pnl_p95,pnl_p99,top_1pct_net_pnl,top_5pct_net_pnl,top_10pct_net_pnl,top_1pct_net_share_pct,top_5pct_net_share_pct,top_10pct_net_share_pct,net_pnl_without_best,single_best_net_pnl,long_expectancy,short_expectancy,long_profit_factor,short_profit_factor,family,experiment_id,run_id,backtest_id,year,winners,losers,breakeven_trades,net_pnl,median_net_pnl,sample_status,evidence_source,classification,classification_status
cf431489718e192b,atr_00,ETHUSDT,1h,SHORT_ONLY,"{""atr_expansion_threshold"": 1.1, ""atr_length"": 14, ""atr_reference_length"": 50, ""atr_reference_method"": ""mean"", ""atr_stop_multiplier"": 2.0, ""exit_length"": 10, ""exit_method"": ""risk"", ""fast_length"": 50, ""impulse_atr_multiplier"": 0.75, ""reward_risk"": 2.0, ""slope_lookback"": 5, ""trend_filter"": ""ema_slope"", ""trend_length"": 200}",HISTORICAL_CHALLENGE/year_2020,base,2020-02-11T16:00:00+00:00,2021-01-01T00:00:00+00:00,48,atr_volatility_breakout,1.0.0,33.333333333333336,-0.4424974439786511,-0.4978418405677587,-0.0270256086642138,0,-44.24974439786147,,,,,,,,,,,,,,,,,,,0.9824650189766764,-0.0146488466457883,-0.9218696749554488,10.956839132816478,106.88394051977816,154.95392435744807,-78.8597666911572,,3.089180019800491,,64.13037874442887,10.688396457404812,,,181.70271572161184,,,,,,,,,not_modelled_synthetic,,,1.9649300379533527,3.785473244200247,170.2830716242255,-74.53200907793999,-109.32765586372876,-108.24565731757204,-59.52531310936102,201.60740596562147,208.0318117476596,208.14978689412135,620.2027563756899,1006.3775952490652,,,,-252.39953129198287,208.14978689412135,,-0.9218696749554472,,0.9824650189766764,atr,eth_short_historical_falsification_v1_atr,20261008T183830Z-e0ff782ccb9f,db58b42ee4bd432c98a5c302bbf3ff80,2020.0,16,32,0,-44.24974439786155,-59.52531310936102,DESCRIPTIVE_SAMPLE,historical,,
cf431489718e192b,atr_00,ETHUSDT,1h,SHORT_ONLY,"{""atr_expansion_threshold"": 1.1, ""atr_length"": 14, ""atr_reference_length"": 50, ""atr_reference_method"": ""mean"", ""atr_stop_multiplier"": 2.0, ""exit_length"": 10, ""exit_method"": ""risk"", ""fast_length"": 50, ""impulse_atr_multiplier"": 0.75, ""reward_risk"": 2.0, ""slope_lookback"": 5, ""trend_filter"": ""ema_slope"", ""trend_length"": 200}",HISTORICAL_CHALLENGE/year_2020,adverse,2020-02-11T16:00:00+00:00,2021-01-01T00:00:00+00:00,48,atr_volatility_breakout,1.0.0,33.333333333333336,-1.8587708928631264,-2.0893826674608373,-0.3668198842951534,0,-185.8770892863085,,,,,,,,,,,,,,,,,,,0.928001870203399,-0.2047851021181949,-3.872439360131429,11.573243778906985,211.11163153350472,149.7385131504149,-80.67791561540459,,3.070259405368402,,126.66705158546586,21.11117526424431,,,358.88985838321486,,,,,,,,,not_modelled_synthetic,,,1.856003740406798,7.47687204965031,165.73022943650935,-77.09603000153052,-109.03338279629968,-107.96141326940824,-62.45066924025109,194.10786927656372,201.41115786288927,201.66604392117392,600.6034212979964,969.4555052654836,,,,-387.5431332074825,201.66604392117392,,-3.8724393601314273,,0.9280018702033987,atr,eth_short_historical_falsification_v1_atr,20261008T183830Z-e0ff782ccb9f,94faa30983e2450ebf1f3d25c535abf4,2020.0,16,32,0,-185.8770892863086,-62.45066924025109,DESCRIPTIVE_SAMPLE,historical,,
cf431489718e192b,atr_00,ETHUSDT,1h,SHORT_ONLY,"{""atr_expansion_threshold"": 1.1, ""atr_length"": 14, ""atr_reference_length"": 50, ""atr_reference_method"": ""mean"", ""atr_stop_multiplier"": 2.0, ""exit_length"": 10, ""exit_method"": ""risk"", ""fast_length"": 50, ""impulse_atr_multiplier"": 0.75, ""reward_risk"": 2.0, ""slope_lookback"": 5, ""trend_filter"": ""ema_slope"", ""trend_length"": 200}",HISTORICAL_CHALLENGE/year_2021,base,2021-01-01T00:00:00+00:00,2022-01-01T00:00:00+00:00,57,atr_volatility_breakout,1.0.0,33.333333333333336,-4.019939069804568,-4.019939069804568,-0.6135905524332322,0,-401.99390698047085,,,,,,,,,,,,,,,,,,,0.8794128512489798,-0.3491089625486048,-7.052524683867912,10.162120476666797,109.85750210746356,154.29705996821517,-87.72731700990944,,3.856433683495414,,65.91447866467927,10.98574644411321,,,186.7577272162561,,,,,,,,,not_modelled_synthetic,,,1.75882570249796,3.276451354671159,171.06481388825864,-94.40010933246948,-99.93074728927348,-98.9353733624756,-82.97840237418595,184.89730658462247,186.8626407840121,187.14415704575023,560.3292572004964,1105.978203686624,,,,-589.1380640262212,187.14415704575023,,-7.05252468386791,,0.8794128512489797,atr,eth_short_historical_falsification_v1_atr,20261008T183830Z-e0ff782ccb9f,49ea4b661e8c43ebab13468bc8888ae4,2021.0,19,38,0,-401.99390698047097,-82.97840237418595,DESCRIPTIVE_SAMPLE,historical,,
cf431489718e192b,atr_00,ETHUSDT,1h,SHORT_ONLY,"{""atr_expansion_threshold"": 1.1, ""atr_length"": 14, ""atr_reference_length"": 50, ""atr_reference_method"": ""mean"", ""atr_stop_multiplier"": 2.0, ""exit_length"": 10, ""exit_method"": ""risk"", ""fast_length"": 50, ""impulse_atr_multiplier"": 0.75, ""reward_risk"": 2.0, ""slope_lookback"": 5, ""trend_filter"": ""ema_slope"", ""trend_length"": 200}",HISTORICAL_CHALLENGE/year_2021,adverse,2021-01-01T00:00:00+00:00,2022-01-01T00:00:00+00:00,58,atr_volatility_breakout,1.0.0,31.03448275862069,-8.462078060011413,-8.462078060011413,-1.3893402924202014,0,-846.2078060011394,,,,,,,,,,,,,,,,,,,0.7598631598279899,-0.8250423297912766,-14.589789758640332,10.59778174565325,220.0749504649253,148.75827023332792,-88.09641675502606,,3.899306386004152,,132.04477200509416,22.007462000849028,,,374.1271844708685,,,,,,,,,not_modelled_synthetic,,,1.6885847996177552,6.450468697773595,165.57457877518584,-93.50165102147947,-99.87947798053416,-98.82206818839768,-85.5534278347181,177.91768388621196,181.35738513565488,183.7606096064449,541.5431040410884,1064.3849548499957,,,,-1029.968415607584,183.7606096064449,,-14.589789758640334,,0.7598631598279899,atr,eth_short_historical_falsification_v1_atr,20261008T183830Z-e0ff782ccb9f,71c6d8d3f3cc40a3a5d3c116f07556a4,2021.0,18,40,0,-846.2078060011393,-85.5534278347181,DESCRIPTIVE_SAMPLE,historical,,
cf431489718e192b,atr_00,ETHUSDT,1h,SHORT_ONLY,"{""atr_expansion_threshold"": 1.1, ""atr_length"": 14, ""atr_reference_length"": 50, ""atr_reference_method"": ""mean"", ""atr_stop_multiplier"": 2.0, ""exit_length"": 10, ""exit_method"": ""risk"", ""fast_length"": 50, ""impulse_atr_multiplier"": 0.75, ""reward_risk"": 2.0, ""slope_lookback"": 5, ""trend_filter"": ""ema_slope"", ""trend_length"": 200}",HISTORICAL_CHALLENGE/year_2022,base,2022-01-01T00:00:00+00:00,2023-01-01T00:00:00+00:00,98,atr_volatility_breakout,1.0.0,38.775510204081634,3.824279689162968,3.824279689162968,0.6778266153012965,0,382.42796891628814,,,,,,,,,,,,,,,,,,,1.07697233937944,0.4026679522090347,3.902326213431512,9.808322854915948,230.9135246162957,140.810782995965,-82.80636308217304,,5.740119431785849,,138.54819614278824,23.09136602379804,,,392.553086782882,,,,,,,,,not_modelled_synthetic,,,1.7004826411254317,4.005643742682469,141.34335137699338,-86.46305843332973,-112.48036791467536,-108.19736152800024,-52.41260253769256,198.5974371933079,209.21848983573676,216.2531961274528,1027.6757571249702,2001.785847288403,56.54743211911618,268.7240057355544,523.4412778335742,166.17477278883538,216.2531961274528,,3.902326213431512,,1.07697233937944,atr,eth_short_historical_falsification_v1_atr,20261008T183830Z-e0ff782ccb9f,6cf54ece330d482eb2a3a65d1c4d9678,2022.0,38,60,0,382.4279689162882,-52.41260253769256,DESCRIPTIVE_SAMPLE,historical,,
cf431489718e192b,atr_00,ETHUSDT,1h,SHORT_ONLY,"{""atr_expansion_threshold"": 1.1, ""atr_length"": 14, ""atr_reference_length"": 50, ""atr_reference_method"": ""mean"", ""atr_stop_multiplier"": 2.0, ""exit_length"": 10, ""exit_method"": ""risk"", ""fast_length"": 50, ""impulse_atr_multiplier"": 0.75, ""reward_risk"": 2.0, ""slope_lookback"": 5, ""trend_filter"": ""ema_slope"", ""trend_length"": 200}",HISTORICAL_CHALLENGE/year_2022,adverse,2022-01-01T00:00:00+00:00,2023-01-01T00:00:00+00:00,99,atr_volatility_breakout,1.0.0,38.38383838383838,0.1666340233623886,0.1666340233623886,0.1113724459130514,0,16.66340233624974,,,,,,,,,,,,,,,,,,,1.003266615564701,0.0681491165210526,0.1683171953156545,10.580612204494862,456.990660487936,134.6785456058702,-83.62493984732488,,5.534002089375608,,274.1947295828855,45.69912159714758,,,776.884511667969,,,,,,,,,not_modelled_synthetic,,,1.610506935511757,7.847318299676455,136.2471902967473,-88.94201809306209,-110.80695393447374,-106.5267112624212,-54.146521300381885,187.22473465197055,197.42466179681736,206.94790970598828,979.138459154752,1902.9558824696137,1241.9307025660116,5875.981623661098,11419.97200853692,-190.2845073697385,206.94790970598828,,0.1683171953156539,,1.0032666155647012,atr,eth_short_historical_falsification_v1_atr,20261008T183830Z-e0ff782ccb9f,00fccfb3ed7c49268f2a5c668388850e,2022.0,38,61,0,16.663402336249796,-54.146521300381885,DESCRIPTIVE_SAMPLE,historical,,
b189830689073f8b,atr_01,ETHUSDT,1h,SHORT_ONLY,"{""atr_expansion_threshold"": 1.1, ""atr_length"": 14, ""atr_reference_length"": 50, ""atr_reference_method"": ""mean"", ""atr_stop_multiplier"": 2.0, ""exit_length"": 10, ""exit_method"": ""risk"", ""fast_length"": 50, ""impulse_atr_multiplier"": 1.0, ""reward_risk"": 2.0, ""slope_lookback"": 5, ""trend_filter"": ""ema_slope"", ""trend_length"": 200}",HISTORICAL_CHALLENGE/year_2020,base,2020-02-11T16:00:00+00:00,2021-01-01T00:00:00+00:00,41,atr_volatility_breakout,1.0.0,34.14634146341464,0.6860149999941223,0.7723626435669262,0.2677135759890612,0,68.60149999941106,,,,,,,,,,,,,,,,,,,1.032911244069657,0.1463602847668665,1.6732073170588089,9.028175994001783,93.71358559358688,153.78864907832855,-77.20146618878478,,2.605462275863791,,56.22817528718758,9.371362547864598,,,159.31312342863907,,,,,,,,,not_modelled_synthetic,,,1.99204311356291,3.88568593728388,160.5040297354085,-76.9840088501918,-108.41189088970236,-107.36505682472009,-58.92998634286779,199.1803629112179,205.78926282984983,206.3936983292393,610.4566708212229,996.9223442881243,300.85887091537484,889.8590713416803,1453.207793264989,-137.79219832982812,206.3936983292393,,1.6732073170588064,,1.032911244069657,atr,eth_short_historical_falsification_v1_atr,20261008T183830Z-e0ff782ccb9f,a421374177f1496294a54058c79266b7,2020.0,14,27,0,68.60149999941116,-58.92998634286779,DESCRIPTIVE_SAMPLE,historical,,
b189830689073f8b,atr_01,ETHUSDT,1h,SHORT_ONLY,"{""atr_expansion_threshold"": 1.1, ""atr_length"": 14, ""atr_reference_length"": 50, ""atr_reference_method"": ""mean"", ""atr_stop_multiplier"": 2.0, ""exit_length"": 10, ""exit_method"": ""risk"", ""fast_length"": 50, ""impulse_atr_multiplier"": 1.0, ""reward_risk"": 2.0, ""slope_lookback"": 5, ""trend_filter"": ""ema_slope"", ""trend_length"": 200}",HISTORICAL_CHALLENGE/year_2020,adverse,2020-02-11T16:00:00+00:00,2021-01-01T00:00:00+00:00,41,atr_volatility_breakout,1.0.0,34.14634146341464,-0.649546655073574,-0.7306920880141066,-0.1334827842851026,0,-64.95466550735564,,,,,,,,,,,,,,,,,,,0.9696350686439996,-0.0757070228755997,-1.5842601343257494,9.968604587577452,185.10269974342825,148.1556865939586,-79.22719547491764,,2.5902887852012904,,111.06172472847642,18.51028745474607,,,314.6747119266507,,,,,,,,,not_modelled_synthetic,,,1.8700104895277136,7.674992973820748,156.2149165620815,-79.60165318847436,-108.11417416199,-107.09370211694797,-62.01839112581507,189.39790458263136,198.7678717618825,199.94605051728112,586.344558728697,955.872223173795,,,,-264.90071602463684,199.94605051728112,,-1.5842601343257474,,0.9696350686439996,atr,eth_short_historical_falsification_v1_atr,20261008T183830Z-e0ff782ccb9f,3fa8792642bb45d8968910ec97c158d7,2020.0,14,27,0,-64.95466550735573,-62.01839112581507,DESCRIPTIVE_SAMPLE,historical,,
b189830689073f8b,atr_01,ETHUSDT,1h,SHORT_ONLY,"{""atr_expansion_threshold"": 1.1, ""atr_length"": 14, ""atr_reference_length"": 50, ""atr_reference_method"": ""mean"", ""atr_stop_multiplier"": 2.0, ""exit_length"": 10, ""exit_method"": ""risk"", ""fast_length"": 50, ""impulse_atr_multiplier"": 1.0, ""reward_risk"": 2.0, ""slope_lookback"": 5, ""trend_filter"": ""ema_slope"", ""trend_length"": 200}",HISTORICAL_CHALLENGE/year_2021,base,2021-01-01T00:00:00+00:00,2022-01-01T00:00:00+00:00,43,atr_volatility_breakout,1.0.0,32.55813953488372,-4.411560179928998,-4.411560179928998,-0.7985408795099311,0,-441.1560179928986,,,,,,,,,,,,,,,,,,,0.8289691354861733,-0.4547294017102264,-10.259442278904626,7.187795772236552,86.52572870405449,152.73129789829392,-88.94462719203496,,2.517466037262833,,51.91540634588959,8.652567724314933,,,147.093702774259,,,,,,,,,not_modelled_synthetic,,,1.717150352078502,3.420783785447884,169.96390662238326,-97.36750772794818,-101.0297964950052,-100.69498105230586,-72.89018338124946,190.8501506361502,194.6105776815042,196.0419863742224,579.611302815629,958.220603758756,,,,-637.1980043671213,196.0419863742224,,-10.259442278904618,,0.8289691354861733,atr,eth_short_historical_falsification_v1_atr,20261008T183830Z-e0ff782ccb9f,c5f8c097d166463fae50dfd0a1b91cbf,2021.0,14,29,0,-441.1560179928989,-72.89018338124946,DESCRIPTIVE_SAMPLE,historical,,
b189830689073f8b,atr_01,ETHUSDT,1h,SHORT_ONLY,"{""atr_expansion_threshold"": 1.1, ""atr_length"": 14, ""atr_reference_length"": 50, ""atr_reference_method"": ""mean"", ""atr_stop_multiplier"": 2.0, ""exit_length"": 10, ""exit_method"": ""risk"", ""fast_length"": 50, ""impulse_atr_multiplier"": 1.0, ""reward_risk"": 2.0, ""slope_lookback"": 5, ""trend_filter"": ""ema_slope"", ""trend_length"": 200}",HISTORICAL_CHALLENGE/year_2021,adverse,2021-01-01T00:00:00+00:00,2022-01-01T00:00:00+00:00,43,atr_volatility_breakout,1.0.0,32.55813953488372,-5.41144121613919,-5.41144121613919,-1.0002710970464397,0,-541.1441216139164,,,,,,,,,,,,,,,,,,,0.7924278110085392,-0.5806082874313371,-12.584747014277127,7.782842838968082,170.11482845186646,147.5623127322486,-89.89712068501368,,2.471839797739979,,102.06879125252446,17.01146520875408,,,289.195084913145,,,,,,,,,not_modelled_synthetic,,,1.6414576085176882,6.725467091003373,164.0441406280439,-97.18307272497096,-100.80559517303142,-100.04809168131344,-75.69105276701293,186.21713077782695,190.57495933166396,193.2018007357969,566.7546716827733,929.134617462623,,,,-734.3459223497134,193.2018007357969,,-12.584747014277124,,0.7924278110085393,atr,eth_short_historical_falsification_v1_atr,20261008T183830Z-e0ff782ccb9f,a031de74a5214517aa1e450fb71ddccb,2021.0,14,29,0,-541.1441216139165,-75.69105276701293,DESCRIPTIVE_SAMPLE,historical,,
b189830689073f8b,atr_01,ETHUSDT,1h,SHORT_ONLY,"{""atr_expansion_threshold"": 1.1, ""atr_length"": 14, ""atr_reference_length"": 50, ""atr_reference_method"": ""mean"", ""atr_stop_multiplier"": 2.0, ""exit_length"": 10, ""exit_method"": ""risk"", ""fast_length"": 50, ""impulse_atr_multiplier"": 1.0, ""reward_risk"": 2.0, ""slope_lookback"": 5, ""trend_filter"": ""ema_slope"", ""trend_length"": 200}",HISTORICAL_CHALLENGE/year_2022,base,2022-01-01T00:00:00+00:00,2023-01-01T00:00:00+00:00,84,atr_volatility_breakout,1.0.0,39.285714285714285,5.281111105376968,5.281111105376968,0.9357314055410264,0,528.1111105376887,,,,,,,,,,,,,,,,,,,1.1301225569850335,0.5462518014076604,6.287037030210582,7.338624372820704,201.9375672954372,138.9902445634979,-79.57974431485769,,5.32469370444546,,121.16263187479588,20.19377197913265,,,343.2939711493657,,,,,,,,,not_modelled_synthetic,,,1.746553042613234,4.086832989873401,135.04424977255272,-83.73648174683794,-108.62380658215572,-107.47198120163831,-50.16475919190644,198.36327753826703,203.6192364099508,209.25842898014483,1014.1944256330036,1785.5648221778326,39.62393988778068,192.0418649402047,338.1040062497236,318.8526815575441,209.25842898014483,,6.28703703021058,,1.1301225569850335,atr,eth_short_historical_falsification_v1_atr,20261008T183830Z-e0ff782ccb9f,3d478e43957141b4ad42b99d66ef4ff8,2022.0,33,51,0,528.1111105376889,-50.16475919190644,DESCRIPTIVE_SAMPLE,historical,,
b189830689073f8b,atr_01,ETHUSDT,1h,SHORT_ONLY,"{""atr_expansion_threshold"": 1.1, ""atr_length"": 14, ""atr_reference_length"": 50, ""atr_reference_method"": ""mean"", ""atr_stop_multiplier"": 2.0, ""exit_length"": 10, ""exit_method"": ""risk"", ""fast_length"": 50, ""impulse_atr_multiplier"": 1.0, ""reward_risk"": 2.0, ""slope_lookback"": 5, ""trend_filter"": ""ema_slope"", ""trend_length"": 200}",HISTORICAL_CHALLENGE/year_2022,adverse,2022-01-01T00:00:00+00:00,2023-01-01T00:00:00+00:00,85,atr_volatility_breakout,1.0.0,38.8235294117647,1.8226305429463572,1.8226305429463572,0.3767654420526091,0,182.26305429462667,,,,,,,,,,,,,,,,,,,1.04340842238431,0.2275273134074357,2.144271226995606,7.4930197877912335,400.5228546857638,132.75932620327035,-80.7460521233326,,5.206269542088509,,240.31407533543697,40.0523458892395,,,680.8892759104402,,,,,,,,,not_modelled_synthetic,,,1.6441587261813366,8.010462069534592,129.70074918486364,-85.98803387827937,-107.0145636885413,-105.75145706538729,-52.16279122339744,186.59970111913196,193.8583883715415,201.45739958370973,960.3623326369446,1692.9696498557494,110.53112237330105,526.9100401908814,928.8605726529084,-19.1943452890832,201.45739958370973,,2.144271226995608,,1.04340842238431,atr,eth_short_historical_falsification_v1_atr,20261008T183830Z-e0ff782ccb9f,e68f6ba06f8748d68ed1272e8e9f5014,2022.0,33,52,0,182.26305429462653,-52.16279122339744,DESCRIPTIVE_SAMPLE,historical,,
817d1c5f49c84d4e,atr_02,ETHUSDT,1h,SHORT_ONLY,"{""atr_expansion_threshold"": 1.1, ""atr_length"": 14, ""atr_reference_length"": 50, ""atr_reference_method"": ""mean"", ""atr_stop_multiplier"": 2.0, ""exit_length"": 10, ""exit_method"": ""risk"", ""fast_length"": 50, ""impulse_atr_multiplier"": 1.25, ""reward_risk"": 2.0, ""slope_lookback"": 5, ""trend_filter"": ""ema_slope"", ""trend_length"": 200}",HISTORICAL_CHALLENGE/year_2020,base,2020-02-11T16:00:00+00:00,2021-01-01T00:00:00+00:00,32,atr_volatility_breakout,1.0.0,28.125,-3.7869409136098153,-4.2515362886104135,-1.253742416701278,0,-378.6940913609732,,,,,,,,,,,,,,,,,,,0.77519784030928,-0.8106476567513479,-11.834190355030408,9.851210366806326,73.98711633274307,145.09688685315894,-73.24200317562625,,1.8863365732458877,,44.392243243463255,7.398707207243876,,,125.7780667834502,,,,,,,,,not_modelled_synthetic,,,1.9810611474570483,3.9305645869828183,145.8378673892296,-71.411006066012,-106.39608659097784,-105.07854610841044,-63.144329755061925,192.74599147005665,199.0502148350872,201.62823534079837,394.94027550188326,734.9142251697391,,,,-580.3223267017714,201.62823534079837,,-11.834190355030412,,0.77519784030928,atr,eth_short_historical_falsification_v1_atr,20261008T183830Z-e0ff782ccb9f,66b1fffd6e4c4df791b4fbee447aa111,2020.0,9,23,0,-378.69409136097306,-63.144329755061925,DESCRIPTIVE_SAMPLE,historical,,
817d1c5f49c84d4e,atr_02,ETHUSDT,1h,SHORT_ONLY,"{""atr_expansion_threshold"": 1.1, ""atr_length"": 14, ""atr_reference_length"": 50, ""atr_reference_method"": ""mean"", ""atr_stop_multiplier"": 2.0, ""exit_length"": 10, ""exit_method"": ""risk"", ""fast_length"": 50, ""impulse_atr_multiplier"": 1.25, ""reward_risk"": 2.0, ""slope_lookback"": 5, ""trend_filter"": ""ema_slope"", ""trend_length"": 200}",HISTORICAL_CHALLENGE/year_2020,adverse,2020-02-11T16:00:00+00:00,2021-01-01T00:00:00+00:00,32,atr_volatility_breakout,1.0.0,28.125,-4.829837896921029,-5.418733701125344,-1.5736362980929706,0,-482.9837896921043,,,,,,,,,,,,,,,,,,,0.722389670342626,-1.0561154223967104,-15.093243427878257,10.631065573193483,146.50934433838992,139.64518020922276,-75.64306137283083,,1.8805467763068249,,87.905508357466,14.650918059577668,,,249.0657707554336,,,,,,,,,not_modelled_synthetic,,,1.846106935320044,7.7833053361073,142.57109641790285,-74.12641430236332,-106.16118639494954,-104.84655373634676,-66.03344204964054,183.56340321419864,190.93300043538184,193.9335654183428,378.1878889561664,704.4069157882482,,,,-676.917355110447,193.9335654183428,,-15.09324342787826,,0.7223896703426261,atr,eth_short_historical_falsification_v1_atr,20261008T183830Z-e0ff782ccb9f,22e887705f224880b9f35535551660d4,2020.0,9,23,0,-482.9837896921042,-66.03344204964054,DESCRIPTIVE_SAMPLE,historical,,
817d1c5f49c84d4e,atr_02,ETHUSDT,1h,SHORT_ONLY,"{""atr_expansion_threshold"": 1.1, ""atr_length"": 14, ""atr_reference_length"": 50, ""atr_reference_method"": ""mean"", ""atr_stop_multiplier"": 2.0, ""exit_length"": 10, ""exit_method"": ""risk"", ""fast_length"": 50, ""impulse_atr_multiplier"": 1.25, ""reward_risk"": 2.0, ""slope_lookback"": 5, ""trend_filter"": ""ema_slope"", ""trend_length"": 200}",HISTORICAL_CHALLENGE/year_2021,base,2021-01-01T00:00:00+00:00,2022-01-01T00:00:00+00:00,29,atr_volatility_breakout,1.0.0,44.82758620689656,6.160459657158346,6.160459657158346,1.651631819177056,0,616.0459657158386,,,,,,,,,,,,,,,,,,,1.41738897345435,0.8546747089566026,21.242964335028915,3.9944305797300657,64.56732427381492,160.92289750736197,-92.24698136749168,,1.285534444400911,,38.74047077439207,6.456745129065344,,,109.76454017727232,,,,,,,,,not_modelled_synthetic,,,1.7444787365592,3.7849841440438734,173.74219331862375,-100.89533112250771,-109.0497435206134,-106.6996438137148,-73.87222225293291,200.12695882891936,201.18867080771128,201.2291744992684,402.31369295726137,601.0043123425703,32.6646363580098,65.30579134460808,97.5583553484049,414.81679121657015,201.2291744992684,,21.24296433502892,,1.41738897345435,atr,eth_short_historical_falsification_v1_atr,20261008T183830Z-e0ff782ccb9f,b97a8d48d8c744d1ae0818626c0ed83c,2021.0,13,16,0,616.0459657158385,-73.87222225293291,DESCRIPTIVE_SAMPLE,historical,,
817d1c5f49c84d4e,atr_02,ETHUSDT,1h,SHORT_ONLY,"{""atr_expansion_threshold"": 1.1, ""atr_length"": 14, ""atr_reference_length"": 50, ""atr_reference_method"": ""mean"", ""atr_stop_multiplier"": 2.0, ""exit_length"": 10, ""exit_method"": ""risk"", ""fast_length"": 50, ""impulse_atr_multiplier"": 1.25, ""reward_risk"": 2.0, ""slope_lookback"": 5, ""trend_filter"": ""ema_slope"", ""trend_length"": 200}",HISTORICAL_CHALLENGE/year_2021,adverse,2021-01-01T00:00:00+00:00,2022-01-01T00:00:00+00:00,28,atr_volatility_breakout,1.0.0,42.85714285714285,3.357639932014922,3.357639932014922,0.9284435302139324,0,335.76399320148914,,,,,,,,,,,,,,,,,,,1.2259299941224828,0.5097808249582907,11.991571185767468,4.1949635568683,122.20935525851972,151.8254772570875,-92.88385836772257,,1.1820775057491808,,73.32584143358049,12.220973572263416,,,207.7561702643636,,,,,,,,,not_modelled_synthetic,,,1.6345733254966437,7.419863223727272,156.55591080121104,-100.80690907700316,-106.79717895916116,-105.35885645894776,-76.86610032170023,191.2726428833836,197.19742628124143,198.553196589597,392.0850216667661,579.1620404759767,59.13474958896112,116.77399292528644,172.49081265495508,137.21079661189208,198.553196589597,,11.99157118576747,,1.2259299941224826,atr,eth_short_historical_falsification_v1_atr,20261008T183830Z-e0ff782ccb9f,d77af776734b408f9548d694f2dd3e92,2021.0,12,16,0,335.7639932014891,-76.86610032170023,DESCRIPTIVE_SAMPLE,historical,,
817d1c5f49c84d4e,atr_02,ETHUSDT,1h,SHORT_ONLY,"{""atr_expansion_threshold"": 1.1, ""atr_length"": 14, ""atr_reference_length"": 50, ""atr_reference_method"": ""mean"", ""atr_stop_multiplier"": 2.0, ""exit_length"": 10, ""exit_method"": ""risk"", ""fast_length"": 50, ""impulse_atr_multiplier"": 1.25, ""reward_risk"": 2.0, ""slope_lookback"": 5, ""trend_filter"": ""ema_slope"", ""trend_length"": 200}",HISTORICAL_CHALLENGE/year_2022,base,2022-01-01T00:00:00+00:00,2023-01-01T00:00:00+00:00,72,atr_volatility_breakout,1.0.0,43.05555555555556,13.133522308513324,13.133522308513324,2.457204672100721,0,1313.3522308513225,,,,,,,,,,,,,,,,,,,1.4121259907065482,1.319353919994426,18.241003206268367,7.707289891282498,178.8518295291944,145.16534967925415,-77.72618559037942,,3.971147727721933,,107.31126754457324,17.885211257428875,,,304.0483083311965,,,,,,,,,not_modelled_synthetic,,,1.867650503837693,4.222893171266618,142.21104696574378,-82.99334850442399,-114.07435564848466,-112.12088386672276,-50.61139898521046,211.16417645725716,215.04392030198383,215.66676021174143,859.2473749320558,1657.4446089264304,16.421090637044486,65.42398564131473,126.19955027997824,1097.6854706395811,215.66676021174143,,18.241003206268367,,1.4121259907065484,atr,eth_short_historical_falsification_v1_atr,20261008T183830Z-e0ff782ccb9f,9761ab03a64f4d6ba054e530fac7d1a6,2022.0,31,41,0,1313.3522308513225,-50.61139898521046,DESCRIPTIVE_SAMPLE,historical,,
817d1c5f49c84d4e,atr_02,ETHUSDT,1h,SHORT_ONLY,"{""atr_expansion_threshold"": 1.1, ""atr_length"": 14, ""atr_reference_length"": 50, ""atr_reference_method"": ""mean"", ""atr_stop_multiplier"": 2.0, ""exit_length"": 10, ""exit_method"": ""risk"", ""fast_length"": 50, ""impulse_atr_multiplier"": 1.25, ""reward_risk"": 2.0, ""slope_lookback"": 5, ""trend_filter"": ""ema_slope"", ""trend_length"": 200}",HISTORICAL_CHALLENGE/year_2022,adverse,2022-01-01T00:00:00+00:00,2023-01-01T00:00:00+00:00,73,atr_volatility_breakout,1.0.0,42.465753424657535,9.580844943090462,9.580844943090462,1.801396771803382,0,958.0844943090456,,,,,,,,,,,,,,,,,,,1.286588944808391,1.007729645632062,13.124445127521174,7.892493851052852,356.5962463258349,138.74664797115088,-79.59670459039599,,3.8682882546580784,,213.95840480103035,35.65973413350506,,,606.2143852603702,,,,,,,,,not_modelled_synthetic,,,1.743120505869433,8.304306647402333,137.86346245425278,-85.09981574388449,-112.30903476929844,-110.37645023600106,-53.544496938314815,199.436704538613,204.74729444393856,207.7667974226629,815.2245685430607,1573.830266381854,21.685644497618217,85.08900555070426,164.26842055479395,750.3176968863828,207.7667974226629,,13.124445127521174,,1.286588944808391,atr,eth_short_historical_falsification_v1_atr,20261008T183830Z-e0ff782ccb9f,aff0fc2998494e3f96d0db8311451179,2022.0,31,42,0,958.0844943090456,-53.544496938314815,DESCRIPTIVE_SAMPLE,historical,,
143528a8db38d8af,atr_03,ETHUSDT,1h,SHORT_ONLY,"{""atr_expansion_threshold"": 1.25, ""atr_length"": 14, ""atr_reference_length"": 50, ""atr_reference_method"": ""mean"", ""atr_stop_multiplier"": 2.0, ""exit_length"": 10, ""exit_method"": ""risk"", ""fast_length"": 50, ""impulse_atr_multiplier"": 0.75, ""reward_risk"": 2.0, ""slope_lookback"": 5, ""trend_filter"": ""ema_slope"", ""trend_length"": 200}",HISTORICAL_CHALLENGE/year_2020,base,2020-02-11T16:00:00+00:00,2021-01-01T00:00:00+00:00,37,atr_volatility_breakout,1.0.0,27.027027027027028,-6.120611187426106,-6.861130204609789,-1.513393617996647,0,-612.061118742614,,,,,,,,,,,,,,,,,,,0.7165591325604709,-0.9599182024399,-16.542192398449025,12.25393875344342,77.30656466148135,154.73350342246167,-79.97763529508262,,2.437421553883167,,46.38388832968695,7.730648054947824,,,131.42110104611612,,,,,,,,,not_modelled_synthetic,,,1.9347096579132712,3.5519216498950303,166.17720882201837,-79.66759114360329,-105.92904434626408,-104.40666906285364,-68.2545724993811,189.86695316784903,200.7708713501445,202.08119818208036,400.52259960878325,770.5821041803539,,,,-814.1423169246943,202.08119818208036,,-16.542192398449025,,0.7165591325604709,atr,eth_short_historical_falsification_v1_atr,20261008T183830Z-e0ff782ccb9f,38fd424623704b518ad99f050fa3d3d6,2020.0,10,27,0,-612.061118742614,-68.2545724993811,DESCRIPTIVE_SAMPLE,historical,,
143528a8db38d8af,atr_03,ETHUSDT,1h,SHORT_ONLY,"{""atr_expansion_threshold"": 1.25, ""atr_length"": 14, ""atr_reference_length"": 50, ""atr_reference_method"": ""mean"", ""atr_stop_multiplier"": 2.0, ""exit_length"": 10, ""exit_method"": ""risk"", ""fast_length"": 50, ""impulse_atr_multiplier"": 0.75, ""reward_risk"": 2.0, ""slope_lookback"": 5, ""trend_filter"": ""ema_slope"", ""trend_length"": 200}",HISTORICAL_CHALLENGE/year_2020,adverse,2020-02-11T16:00:00+00:00,2021-01-01T00:00:00+00:00,37,atr_volatility_breakout,1.0.0,27.027027027027028,-7.091292149272599,-7.94419898477866,-1.754551512833416,0,-709.1292149272547,,,,,,,,,,,,,,,,,,,0.6784414004794426,-1.1396104584673856,-19.16565445749337,12.742145982378478,152.8251855574434,149.61584557634484,-81.67732113669271,,2.4204309740380774,,91.69492261728578,15.282487102880964,,,259.8025952776102,,,,,,,,,not_modelled_synthetic,,,1.8317917812944948,7.021691764259734,162.8877628310018,-82.68883710215422,-105.73929417112332,-104.21963615240384,-71.34948978217243,181.46708642959183,194.46278307425524,195.62181983902445,388.0240931092456,742.0570855577079,,,,-904.7510347662792,195.62181983902445,,-19.16565445749337,,0.6784414004794426,atr,eth_short_historical_falsification_v1_atr,20261008T183830Z-e0ff782ccb9f,37b2527095e9416784a56f03ac289d9f,2020.0,10,27,0,-709.1292149272548,-71.34948978217243,DESCRIPTIVE_SAMPLE,historical,,
143528a8db38d8af,atr_03,ETHUSDT,1h,SHORT_ONLY,"{""atr_expansion_threshold"": 1.25, ""atr_length"": 14, ""atr_reference_length"": 50, ""atr_reference_method"": ""mean"", ""atr_stop_multiplier"": 2.0, ""exit_length"": 10, ""exit_method"": ""risk"", ""fast_length"": 50, ""impulse_atr_multiplier"": 0.75, ""reward_risk"": 2.0, ""slope_lookback"": 5, ""trend_filter"": ""ema_slope"", ""trend_length"": 200}",HISTORICAL_CHALLENGE/year_2021,base,2021-01-01T00:00:00+00:00,2022-01-01T00:00:00+00:00,36,atr_volatility_breakout,1.0.0,33.333333333333336,-0.8010064856031396,-0.8010064856031396,-0.0723174153681315,0,-80.10064856031114,,,,,,,,,,,,,,,,,,,0.9638164736309872,-0.0384579512075964,-2.225018015564197,7.74968359855651,68.47196754403663,177.80265491450555,-92.23885448059907,,3.220774723302491,,41.083184338100544,6.847197389683425,,,116.4023492718206,,,,,,,,,not_modelled_synthetic,,,1.9276329472619744,3.233398590883906,187.52874069500965,-97.70158243686068,-101.08766206775356,-100.91087157036355,-88.17443935953362,190.76946742728424,192.9270128327964,193.4984685904205,385.3642064447722,765.5630250920798,,,,-273.5991171507316,193.4984685904205,,-2.2250180155641983,,0.9638164736309872,atr,eth_short_historical_falsification_v1_atr,20261008T183830Z-e0ff782ccb9f,6dc3028a53e54e998a54b742e7e83f0c,2021.0,12,24,0,-80.10064856031111,-88.17443935953362,DESCRIPTIVE_SAMPLE,historical,,
143528a8db38d8af,atr_03,ETHUSDT,1h,SHORT_ONLY,"{""atr_expansion_threshold"": 1.25, ""atr_length"": 14, ""atr_reference_length"": 50, ""atr_reference_method"": ""mean"", ""atr_stop_multiplier"": 2.0, ""exit_length"": 10, ""exit_method"": ""risk"", ""fast_length"": 50, ""impulse_atr_multiplier"": 0.75, ""reward_risk"": 2.0, ""slope_lookback"": 5, ""trend_filter"": ""ema_slope"", ""trend_length"": 200}",HISTORICAL_CHALLENGE/year_2021,adverse,2021-01-01T00:00:00+00:00,2022-01-01T00:00:00+00:00,36,atr_volatility_breakout,1.0.0,33.333333333333336,-1.784260429306228,-1.784260429306228,-0.2722992552644468,0,-178.42604293062436,,,,,,,,,,,,,,,,,,,0.9200561511439034,-0.147927359789888,-4.95627897029512,7.786749961626358,134.06978684349204,171.1221695723041,-92.99550324159476,,3.062510908493453,,80.44189289299518,13.406982148832531,,,227.91866188531972,,,,,,,,,not_modelled_synthetic,,,1.8401123022878068,6.331073941258882,178.88491526830035,-97.59818978294696,-100.73483964975202,-100.54420510580002,-90.98990616247228,184.30398949177493,188.69279555792684,189.2761095963749,376.8856076543267,743.2365327502296,,,,-367.70215252699927,189.2761095963749,,-4.956278970295121,,0.9200561511439034,atr,eth_short_historical_falsification_v1_atr,20261008T183830Z-e0ff782ccb9f,68ec8bf41cad4d599f5ef5ef7bc5c07a,2021.0,12,24,0,-178.42604293062433,-90.98990616247228,DESCRIPTIVE_SAMPLE,historical,,
143528a8db38d8af,atr_03,ETHUSDT,1h,SHORT_ONLY,"{""atr_expansion_threshold"": 1.25, ""atr_length"": 14, ""atr_reference_length"": 50, ""atr_reference_method"": ""mean"", ""atr_stop_multiplier"": 2.0, ""exit_length"": 10, ""exit_method"": ""risk"", ""fast_length"": 50, ""impulse_atr_multiplier"": 0.75, ""reward_risk"": 2.0, ""slope_lookback"": 5, ""trend_filter"": ""ema_slope"", ""trend_length"": 200}",HISTORICAL_CHALLENGE/year_2022,base,2022-01-01T00:00:00+00:00,2023-01-01T00:00:00+00:00,66,atr_volatility_breakout,1.0.0,39.39393939393939,5.120592594624784,5.120592594624784,0.966632508330084,0,512.0592594624843,,,,,,,,,,,,,,,,,,,1.1513482453766537,0.5656375148162162,7.758473628219459,7.708579268948941,153.44292586577455,149.822206508367,-84.58295274387645,,4.380882246238024,,92.06583667525918,15.344306112543196,,,260.85306865357694,,,,,,,,,not_modelled_synthetic,,,1.7713049928871594,3.952319222023893,150.7277128413861,-92.89070297592676,-107.64462134222744,-106.58234647105311,-59.12576984393823,199.85139497028183,202.19514167515572,203.20655489308749,806.3517393357973,1398.0028323111649,39.684187159587005,157.4723480603077,273.0158290231228,308.8527045693968,203.20655489308749,,7.758473628219459,,1.1513482453766537,atr,eth_short_historical_falsification_v1_atr,20261008T183830Z-e0ff782ccb9f,beeac50303d94d199e6f8ba2944f9aa2,2022.0,26,40,0,512.0592594624843,-59.12576984393823,DESCRIPTIVE_SAMPLE,historical,,
143528a8db38d8af,atr_03,ETHUSDT,1h,SHORT_ONLY,"{""atr_expansion_threshold"": 1.25, ""atr_length"": 14, ""atr_reference_length"": 50, ""atr_reference_method"": ""mean"", ""atr_stop_multiplier"": 2.0, ""exit_length"": 10, ""exit_method"": ""risk"", ""fast_length"": 50, ""impulse_atr_multiplier"": 0.75, ""reward_risk"": 2.0, ""slope_lookback"": 5, ""trend_filter"": ""ema_slope"", ""trend_length"": 200}",HISTORICAL_CHALLENGE/year_2022,adverse,2022-01-01T00:00:00+00:00,2023-01-01T00:00:00+00:00,67,atr_volatility_breakout,1.0.0,38.80597014925373,2.3819395967946466,2.3819395967946466,0.4924720791512222,0,238.1939596794604,,,,,,,,,,,,,,,,,,,1.067830353169633,0.2957217185906412,3.5551337265591125,8.14332892565328,306.8056761082452,144.2233501000202,-85.64910104685525,,4.181258005086474,,184.08372476581928,30.68062079430322,,,521.5700216683678,,,,,,,,,not_modelled_synthetic,,,1.6838863261521133,7.7846271890801155,145.31364234741545,-95.36068581079763,-106.73376943727074,-105.6654757309994,-61.52508190072656,189.87582948544227,194.34951010402764,195.58506821388988,771.2615610234669,1335.305052393645,82.111682629186,323.7956000485317,560.5956818512842,42.60889146557065,195.58506821388988,,3.55513372655911,,1.0678303531696327,atr,eth_short_historical_falsification_v1_atr,20261008T183830Z-e0ff782ccb9f,bd7bf8370cb744ba929959837c239ff9,2022.0,26,41,0,238.19395967946053,-61.52508190072656,DESCRIPTIVE_SAMPLE,historical,,
49c4a234fbe24bab,atr_04,ETHUSDT,1h,SHORT_ONLY,"{""atr_expansion_threshold"": 1.25, ""atr_length"": 14, ""atr_reference_length"": 50, ""atr_reference_method"": ""mean"", ""atr_stop_multiplier"": 2.0, ""exit_length"": 10, ""exit_method"": ""risk"", ""fast_length"": 50, ""impulse_atr_multiplier"": 1.0, ""reward_risk"": 2.0, ""slope_lookback"": 5, ""trend_filter"": ""ema_slope"", ""trend_length"": 200}",HISTORICAL_CHALLENGE/year_2020,base,2020-02-11T16:00:00+00:00,2021-01-01T00:00:00+00:00,32,atr_volatility_breakout,1.0.0,28.125,-4.491878547044204,-5.040668560037642,-1.343213568506623,0,-449.18785470441526,,,,,,,,,,,,,,,,,,,0.750086003092809,-0.892077529503016,-14.037120459512977,9.545850094670064,68.11458701995765,149.79798683757772,-78.14651027141804,,2.0408306669865963,,40.86871720569934,6.811452867616557,,,115.79475709327356,,,,,,,,,not_modelled_synthetic,,,1.9168864523482896,3.6185861591647983,162.50451689801216,-77.55201118679354,-103.95327810413966,-102.6659895600508,-68.0835061108514,185.58840680244649,194.1683769967804,196.9989239785791,384.8670512416784,738.4401329587063,,,,-646.1867786829944,196.9989239785791,,-14.037120459512977,,0.7500860030928092,atr,eth_short_historical_falsification_v1_atr,20261008T183830Z-e0ff782ccb9f,b4e62efa02e54c7c934a90e250415fbe,2020.0,9,23,0,-449.18785470441526,-68.0835061108514,DESCRIPTIVE_SAMPLE,historical,,
49c4a234fbe24bab,atr_04,ETHUSDT,1h,SHORT_ONLY,"{""atr_expansion_threshold"": 1.25, ""atr_length"": 14, ""atr_reference_length"": 50, ""atr_reference_method"": ""mean"", ""atr_stop_multiplier"": 2.0, ""exit_length"": 10, ""exit_method"": ""risk"", ""fast_length"": 50, ""impulse_atr_multiplier"": 1.0, ""reward_risk"": 2.0, ""slope_lookback"": 5, ""trend_filter"": ""ema_slope"", ""trend_length"": 200}",HISTORICAL_CHALLENGE/year_2020,adverse,2020-02-11T16:00:00+00:00,2021-01-01T00:00:00+00:00,32,atr_volatility_breakout,1.0.0,28.125,-5.370608107163866,-6.023327043680904,-1.5982035895140454,0,-537.0608107163864,,,,,,,,,,,,,,,,,,,0.7080555187744253,-1.0869873387428248,-16.78315033488708,10.025193688475367,134.79242412884352,144.7264787959555,-79.9825704295646,,2.029014323650089,,80.87532515349308,13.479220858915514,,,229.14697014125213,,,,,,,,,not_modelled_synthetic,,,1.8094752146457536,7.160842816914129,159.1755771186348,-80.42863774017889,-103.81472970831209,-102.5291504267733,-71.23786470695062,177.755337392273,186.33202003209573,189.64708112783023,368.6004167855491,711.9755223221897,,,,-726.7078918442168,189.64708112783023,,-16.783150334887075,,0.7080555187744252,atr,eth_short_historical_falsification_v1_atr,20261008T183830Z-e0ff782ccb9f,a70e84f091ac4051a4b881cf3d91ef69,2020.0,9,23,0,-537.0608107163865,-71.23786470695062,DESCRIPTIVE_SAMPLE,historical,,
49c4a234fbe24bab,atr_04,ETHUSDT,1h,SHORT_ONLY,"{""atr_expansion_threshold"": 1.25, ""atr_length"": 14, ""atr_reference_length"": 50, ""atr_reference_method"": ""mean"", ""atr_stop_multiplier"": 2.0, ""exit_length"": 10, ""exit_method"": ""risk"", ""fast_length"": 50, ""impulse_atr_multiplier"": 1.0, ""reward_risk"": 2.0, ""slope_lookback"": 5, ""trend_filter"": ""ema_slope"", ""trend_length"": 200}",HISTORICAL_CHALLENGE/year_2021,base,2021-01-01T00:00:00+00:00,2022-01-01T00:00:00+00:00,29,atr_volatility_breakout,1.0.0,34.48275862068966,-0.2245469479182249,-0.2245469479182249,0.0277346830526051,0,-22.454694791823528,,,,,,,,,,,,,,,,,,,0.9872920197482714,0.0143296795844025,-0.7742998204077108,4.925891338337647,55.63579024989821,174.4521201221955,-92.99873136914626,,1.906923459478252,,33.38148172318546,5.563580287197577,,,94.58085226028123,,,,,,,,,not_modelled_synthetic,,,1.8758548375217157,3.261408698630388,191.49621146428692,-99.18437207191133,-103.02478399755232,-102.3680870782444,-79.18493448312626,195.58973410933717,197.6579428993929,197.73866261388528,395.1890405331551,587.9878089275933,,,,-220.1933574057089,197.73866261388528,,-0.7742998204077078,,0.9872920197482714,atr,eth_short_historical_falsification_v1_atr,20261008T183830Z-e0ff782ccb9f,1b83985a64394ae0b96afc83b086ce1b,2021.0,10,19,0,-22.454694791823613,-79.18493448312626,DESCRIPTIVE_SAMPLE,historical,,
49c4a234fbe24bab,atr_04,ETHUSDT,1h,SHORT_ONLY,"{""atr_expansion_threshold"": 1.25, ""atr_length"": 14, ""atr_reference_length"": 50, ""atr_reference_method"": ""mean"", ""atr_stop_multiplier"": 2.0, ""exit_length"": 10, ""exit_method"": ""risk"", ""fast_length"": 50, ""impulse_atr_multiplier"": 1.0, ""reward_risk"": 2.0, ""slope_lookback"": 5, ""trend_filter"": ""ema_slope"", ""trend_length"": 200}",HISTORICAL_CHALLENGE/year_2021,adverse,2021-01-01T00:00:00+00:00,2022-01-01T00:00:00+00:00,29,atr_volatility_breakout,1.0.0,34.48275862068966,-0.9814408291971776,-0.9814408291971776,-0.1512487961450886,0,-98.14408291971972,,,,,,,,,,,,,,,,,,,0.9450189512308618,-0.0792678962761659,-3.3842787213696406,4.964092299443462,109.21710996693582,168.6908860173814,-93.95015489965968,,1.808918883631011,,65.5303027406812,10.921717123446866,,,185.66912983106383,,,,,,,,,not_modelled_synthetic,,,1.7955360073386375,6.402383787278064,183.4507832815996,-99.84453793559014,-102.47973235109072,-101.79626062618831,-82.40349285637237,190.53336357513436,194.13179757636212,195.0701863637355,386.7889842011376,575.5441963828704,,,,-293.2142692834551,195.0701863637355,,-3.384278721369645,,0.9450189512308615,atr,eth_short_historical_falsification_v1_atr,20261008T183830Z-e0ff782ccb9f,0a387cc00c824e70bb1048e0b1696d29,2021.0,10,19,0,-98.14408291971958,-82.40349285637237,DESCRIPTIVE_SAMPLE,historical,,
49c4a234fbe24bab,atr_04,ETHUSDT,1h,SHORT_ONLY,"{""atr_expansion_threshold"": 1.25, ""atr_length"": 14, ""atr_reference_length"": 50, ""atr_reference_method"": ""mean"", ""atr_stop_multiplier"": 2.0, ""exit_length"": 10, ""exit_method"": ""risk"", ""fast_length"": 50, ""impulse_atr_multiplier"": 1.0, ""reward_risk"": 2.0, ""slope_lookback"": 5, ""trend_filter"": ""ema_slope"", ""trend_length"": 200}",HISTORICAL_CHALLENGE/year_2022,base,2022-01-01T00:00:00+00:00,2023-01-01T00:00:00+00:00,57,atr_volatility_breakout,1.0.0,38.59649122807018,4.598982589184697,4.598982589184697,0.9007948781624672,0,459.89825891846885,,,,,,,,,,,,,,,,,,,1.1600466443244983,0.5247426451736255,8.06839050734156,6.013052375792604,134.86496529548077,151.51930302477612,-82.10075450361731,,3.949209122393518,,80.91905154001081,13.4865085900018,,,229.27052542549336,,,,,,,,,not_modelled_synthetic,,,1.8455287523344293,4.022289919745497,148.5888566236399,-92.63337739507172,-107.49434051417462,-105.7134883749642,-55.434065062042976,198.50575385409903,200.39099639678943,200.58665013266148,600.6300924357658,1188.033799075797,43.61544020722671,130.60064498792676,258.32535262683234,259.31160878580744,200.58665013266148,,8.068390507341558,,1.1600466443244983,atr,eth_short_historical_falsification_v1_atr,20261008T183830Z-e0ff782ccb9f,ea4de12cfe764204bf3d884359947f5e,2022.0,22,35,0,459.8982589184689,-55.434065062042976,DESCRIPTIVE_SAMPLE,historical,,
49c4a234fbe24bab,atr_04,ETHUSDT,1h,SHORT_ONLY,"{""atr_expansion_threshold"": 1.25, ""atr_length"": 14, ""atr_reference_length"": 50, ""atr_reference_method"": ""mean"", ""atr_stop_multiplier"": 2.0, ""exit_length"": 10, ""exit_method"": ""risk"", ""fast_length"": 50, ""impulse_atr_multiplier"": 1.0, ""reward_risk"": 2.0, ""slope_lookback"": 5, ""trend_filter"": ""ema_slope"", ""trend_length"": 200}",HISTORICAL_CHALLENGE/year_2022,adverse,2022-01-01T00:00:00+00:00,2023-01-01T00:00:00+00:00,58,atr_volatility_breakout,1.0.0,37.93103448275862,2.038513571054379,2.038513571054379,0.4417190296869782,0,203.85135710543608,,,,,,,,,,,,,,,,,,,1.067951610735969,0.2645384037546539,3.5146785707833783,6.329175191999601,270.1536548017596,145.6272825575074,-83.33191275443686,,3.751735102788239,,162.09247138847175,27.015411898078625,,,459.26153808831,,,,,,,,,not_modelled_synthetic,,,1.7475571812043134,7.918302380832932,144.14378036861123,-95.34781365018348,-106.34667004531966,-104.607897434853,-56.97450651571293,188.1854761684175,191.87337516211048,193.29505866190823,572.6041562897123,1131.2176251006792,94.82157068099978,280.8929822299638,554.9227835238748,10.556298443527709,193.29505866190823,,3.5146785707833805,,1.067951610735969,atr,eth_short_historical_falsification_v1_atr,20261008T183830Z-e0ff782ccb9f,83f0062c1db247ec81fb30d7ef6f9e23,2022.0,22,36,0,203.85135710543597,-56.97450651571293,DESCRIPTIVE_SAMPLE,historical,,
cfd1f51b4fb4e68c,atr_05,ETHUSDT,1h,SHORT_ONLY,"{""atr_expansion_threshold"": 1.25, ""atr_length"": 14, ""atr_reference_length"": 50, ""atr_reference_method"": ""mean"", ""atr_stop_multiplier"": 2.0, ""exit_length"": 10, ""exit_method"": ""risk"", ""fast_length"": 50, ""impulse_atr_multiplier"": 1.25, ""reward_risk"": 2.0, ""slope_lookback"": 5, ""trend_filter"": ""ema_slope"", ""trend_length"": 200}",HISTORICAL_CHALLENGE/year_2020,base,2020-02-11T16:00:00+00:00,2021-01-01T00:00:00+00:00,25,atr_volatility_breakout,1.0.0,24.0,-5.062147756559298,-5.678514305531124,-1.858282761756783,0,-506.2147756559326,,,,,,,,,,,,,,,,,,,0.6355936074176727,-1.2535401182205783,-20.248591026237303,8.948257253518875,55.399670256399865,147.15570396888356,-73.11310523522285,,1.517443767377416,,33.239758890124314,5.539959815020719,,,94.1793889615449,,,,,,,,,not_modelled_synthetic,,,2.012713090155964,3.767175558461796,156.90464795346443,-70.93852194420263,-103.40799097181312,-102.41497034095428,-67.45646657855596,183.37121060311628,193.6496925355875,195.82805710449225,382.5795951718815,552.429495917906,,,,-702.0428327604249,195.82805710449225,,-20.248591026237303,,0.6355936074176729,atr,eth_short_historical_falsification_v1_atr,20261008T183830Z-e0ff782ccb9f,2c232bf54f344f0aa92a3807f0c16b7e,2020.0,6,19,0,-506.2147756559326,-67.45646657855596,DESCRIPTIVE_SAMPLE,historical,,
cfd1f51b4fb4e68c,atr_05,ETHUSDT,1h,SHORT_ONLY,"{""atr_expansion_threshold"": 1.25, ""atr_length"": 14, ""atr_reference_length"": 50, ""atr_reference_method"": ""mean"", ""atr_stop_multiplier"": 2.0, ""exit_length"": 10, ""exit_method"": ""risk"", ""fast_length"": 50, ""impulse_atr_multiplier"": 1.25, ""reward_risk"": 2.0, ""slope_lookback"": 5, ""trend_filter"": ""ema_slope"", ""trend_length"": 200}",HISTORICAL_CHALLENGE/year_2020,adverse,2020-02-11T16:00:00+00:00,2021-01-01T00:00:00+00:00,25,atr_volatility_breakout,1.0.0,24.0,-5.818650389055968,-6.523920520426407,-2.0942450809810653,0,-581.865038905603,,,,,,,,,,,,,,,,,,,0.5942859010237124,-1.455061116475877,-23.27460155622412,9.43029619155777,109.89138926735504,142.05166881174625,-75.48289746189897,,1.5126066587274654,,65.93466763946732,10.989111273244554,,,186.81516818006693,,,,,,,,,not_modelled_synthetic,,,1.881905353241756,7.472606727202677,153.25560951950524,-73.64448333383956,-103.30326752737425,-102.31124414866852,-70.63881755423395,175.67738212252655,186.02828264122843,188.5803485750955,366.52708909241153,533.1270376357803,,,,-770.4453874806985,188.5803485750955,,-23.27460155622412,,0.5942859010237125,atr,eth_short_historical_falsification_v1_atr,20261008T183830Z-e0ff782ccb9f,3ffdcdcde314409385b9c6a256b823c7,2020.0,6,19,0,-581.865038905603,-70.63881755423395,DESCRIPTIVE_SAMPLE,historical,,
cfd1f51b4fb4e68c,atr_05,ETHUSDT,1h,SHORT_ONLY,"{""atr_expansion_threshold"": 1.25, ""atr_length"": 14, ""atr_reference_length"": 50, ""atr_reference_method"": ""mean"", ""atr_stop_multiplier"": 2.0, ""exit_length"": 10, ""exit_method"": ""risk"", ""fast_length"": 50, ""impulse_atr_multiplier"": 1.25, ""reward_risk"": 2.0, ""slope_lookback"": 5, ""trend_filter"": ""ema_slope"", ""trend_length"": 200}",HISTORICAL_CHALLENGE/year_2021,base,2021-01-01T00:00:00+00:00,2022-01-01T00:00:00+00:00,19,atr_volatility_breakout,1.0.0,42.10526315789474,3.1231778380425457,3.1231778380425457,1.008948399974337,0,312.3177838042545,,,,,,,,,,,,,,,,,,,1.3062659164546906,0.5762313853176774,16.43777809496076,3.2337154276510565,39.20522844534187,166.50974454192902,-92.70547023010704,,0.7557721878355244,,23.52317685871057,3.920529476451762,,,66.6489347805042,,,,,,,,,not_modelled_synthetic,,,1.7961156351251997,3.507838672658116,192.71096793474143,-101.14494493719616,-104.77433482515042,-104.01853275021828,-72.74412943472474,196.10800070721464,196.43876925111996,196.52146138709625,196.52146138709625,392.58352201876846,62.92355785614383,62.92355785614383,125.70002170123644,115.79632241715817,196.52146138709625,,16.437778094960763,,1.3062659164546906,atr,eth_short_historical_falsification_v1_atr,20261008T183830Z-e0ff782ccb9f,4f0fdf8cf8ab4de4982cf2f39ab2b261,2021.0,8,11,0,312.3177838042544,-72.74412943472474,INSUFFICIENT_SAMPLE,historical,,
cfd1f51b4fb4e68c,atr_05,ETHUSDT,1h,SHORT_ONLY,"{""atr_expansion_threshold"": 1.25, ""atr_length"": 14, ""atr_reference_length"": 50, ""atr_reference_method"": ""mean"", ""atr_stop_multiplier"": 2.0, ""exit_length"": 10, ""exit_method"": ""risk"", ""fast_length"": 50, ""impulse_atr_multiplier"": 1.25, ""reward_risk"": 2.0, ""slope_lookback"": 5, ""trend_filter"": ""ema_slope"", ""trend_length"": 200}",HISTORICAL_CHALLENGE/year_2021,adverse,2021-01-01T00:00:00+00:00,2022-01-01T00:00:00+00:00,18,atr_volatility_breakout,1.0.0,38.888888888888886,0.7068871396861409,0.7068871396861409,0.263405210389129,0,70.68871396861246,,,,,,,,,,,,,,,,,,,1.0690069327934275,0.1622663480028452,3.9271507760340265,3.267087392656713,72.5556831401874,156.43712935524363,-93.1246537743721,,0.6002055353846848,,43.533491378170005,7.255581896361667,,,123.34475641471906,,,,,,,,,not_modelled_synthetic,,,1.679868037246815,6.852486467484392,185.05279409857275,-101.01533347827925,-102.83205865610608,-102.61945645019053,-77.29668441637904,187.16591193262607,192.3058604782229,193.59084761462216,193.59084761462216,379.62294736807246,273.8638698400727,273.8638698400727,537.0347344791622,-122.90213364600967,193.59084761462216,,3.9271507760340256,,1.0690069327934275,atr,eth_short_historical_falsification_v1_atr,20261008T183830Z-e0ff782ccb9f,16833feb4ca04223a55617e9d70c3c12,2021.0,7,11,0,70.68871396861248,-77.29668441637904,INSUFFICIENT_SAMPLE,historical,,
cfd1f51b4fb4e68c,atr_05,ETHUSDT,1h,SHORT_ONLY,"{""atr_expansion_threshold"": 1.25, ""atr_length"": 14, ""atr_reference_length"": 50, ""atr_reference_method"": ""mean"", ""atr_stop_multiplier"": 2.0, ""exit_length"": 10, ""exit_method"": ""risk"", ""fast_length"": 50, ""impulse_atr_multiplier"": 1.25, ""reward_risk"": 2.0, ""slope_lookback"": 5, ""trend_filter"": ""ema_slope"", ""trend_length"": 200}",HISTORICAL_CHALLENGE/year_2022,base,2022-01-01T00:00:00+00:00,2023-01-01T00:00:00+00:00,48,atr_volatility_breakout,1.0.0,43.75,10.288022349382754,10.288022349382754,2.2139104948433643,0,1028.802234938288,,,,,,,,,,,,,,,,,,,1.4726558175991729,1.2440184919805255,21.433379894547667,5.094639660818496,115.48228279923626,152.6401745431769,-80.61634927660842,,3.0454071944750445,,69.28949831737965,11.548249719563277,,,196.3200308361792,,,,,,,,,not_modelled_synthetic,,,1.893414622627508,4.090000642420399,150.12697548339386,-89.41283854941233,-110.72888760623847,-108.98288350658692,-50.55289360986177,206.6242336799861,208.3869331801617,209.01681576315087,624.1595076138218,1025.6330358727846,20.316520383112177,60.66856062489615,99.69195254851935,819.7854191751371,209.01681576315087,,21.433379894547667,,1.4726558175991729,atr,eth_short_historical_falsification_v1_atr,20261008T183830Z-e0ff782ccb9f,30f7551edeb949c7a2d6f9ba2e0ebc10,2022.0,21,27,0,1028.802234938288,-50.55289360986177,DESCRIPTIVE_SAMPLE,historical,,
cfd1f51b4fb4e68c,atr_05,ETHUSDT,1h,SHORT_ONLY,"{""atr_expansion_threshold"": 1.25, ""atr_length"": 14, ""atr_reference_length"": 50, ""atr_reference_method"": ""mean"", ""atr_stop_multiplier"": 2.0, ""exit_length"": 10, ""exit_method"": ""risk"", ""fast_length"": 50, ""impulse_atr_multiplier"": 1.25, ""reward_risk"": 2.0, ""slope_lookback"": 5, ""trend_filter"": ""ema_slope"", ""trend_length"": 200}",HISTORICAL_CHALLENGE/year_2022,adverse,2022-01-01T00:00:00+00:00,2023-01-01T00:00:00+00:00,49,atr_volatility_breakout,1.0.0,42.85714285714285,7.7731196873745745,7.7731196873745745,1.6780553556483986,0,777.3119687374588,,,,,,,,,,,,,,,,,,,1.336496463726499,0.9772320894082276,15.863509566070585,5.154589264851234,233.18113985790396,147.01558268780732,-82.50054527523197,,2.9499808371232863,,139.90917687734463,23.318196146224107,,,396.4085128814727,,,,,,,,,not_modelled_synthetic,,,1.7819952849686655,8.0899696506423,146.79061340286663,-91.71882878866698,-109.55987631254597,-107.86179711107152,-53.60582199473086,197.1495237567779,199.15222106649557,199.5088425157996,596.4510321254336,978.4702611832272,25.66650849849256,76.73251617290974,125.87870771789323,577.803126221659,199.5088425157996,,15.863509566070586,,1.3364964637264996,atr,eth_short_historical_falsification_v1_atr,20261008T183830Z-e0ff782ccb9f,af3e81e393784052b0ef1cc7d21ceb4d,2022.0,21,28,0,777.3119687374586,-53.60582199473086,DESCRIPTIVE_SAMPLE,historical,,
ff43266d9f6c730a,donchian_atr_00,ETHUSDT,1h,SHORT_ONLY,"{""atr_expansion_threshold"": 1.1, ""atr_length"": 14, ""atr_reference_length"": 50, ""atr_stop_multiplier"": 2.0, ""breakout_length"": 30, ""exit_length"": 10, ""exit_method"": ""risk"", ""reward_risk"": 2.0, ""slope_lookback"": 5, ""trend_length"": 200}",HISTORICAL_CHALLENGE/year_2020,base,2020-02-11T16:00:00+00:00,2021-01-01T00:00:00+00:00,42,donchian_atr_breakout,1.0.0,33.333333333333336,0.7089366214249715,0.7981807924416939,0.2853088399863353,0,70.89366214250418,,,,,,,,,,,,,,,,,,,1.0324053823628268,0.1482799279752344,1.6879443367262912,9.374522992449045,96.97214754867308,161.3290161665352,-78.13259157817818,,2.58604940342131,,58.18331328256974,9.697218880428291,,,164.85267971167113,,,,,,,,,not_modelled_synthetic,,,2.064810764725653,3.925063802658837,161.71522507302046,-76.07397550626344,-110.62333844365476,-109.5033513237706,-64.59395325159532,206.3970467648993,210.50153122048263,210.6056624458082,627.5202840701359,1027.0429282277094,297.0726240978596,885.1571002337975,1448.709090755162,-139.71200030330397,210.6056624458082,,1.68794433672629,,1.0324053823628268,donchian_atr,eth_short_historical_falsification_v1_donchian_atr,20261008T183843Z-788bbf8b61dc,f128848419354982a4745b26307c5749,2020.0,14,28,0,70.89366214250423,-64.59395325159532,DESCRIPTIVE_SAMPLE,historical,,
ff43266d9f6c730a,donchian_atr_00,ETHUSDT,1h,SHORT_ONLY,"{""atr_expansion_threshold"": 1.1, ""atr_length"": 14, ""atr_reference_length"": 50, ""atr_stop_multiplier"": 2.0, ""breakout_length"": 30, ""exit_length"": 10, ""exit_method"": ""risk"", ""reward_risk"": 2.0, ""slope_lookback"": 5, ""trend_length"": 200}",HISTORICAL_CHALLENGE/year_2020,adverse,2020-02-11T16:00:00+00:00,2021-01-01T00:00:00+00:00,42,donchian_atr_breakout,1.0.0,33.333333333333336,-0.7005662185165962,-0.7880600172381125,-0.1495853443595086,0,-70.05662185166028,,,,,,,,,,,,,,,,,,,0.9688457944435862,-0.0810500007598418,-1.6680148059919095,10.256758804172613,191.55675398820296,155.6177505725721,-80.31089749527393,,2.5746588745888848,,114.93415974071556,19.155693290119263,,,325.6466070190378,,,,,,,,,not_modelled_synthetic,,,1.9376915888871724,7.753490643310424,157.33612932838963,-78.71206495738835,-110.27070002743106,-109.17398225935094,-67.22942657942525,199.69828032729757,203.7123707565272,203.9372237392284,607.3674514817453,989.3439668333524,,,,-273.9938455908885,203.9372237392284,,-1.6680148059919115,,0.968845794443586,donchian_atr,eth_short_historical_falsification_v1_donchian_atr,20261008T183843Z-788bbf8b61dc,1a07e55ac59042e492bff5effedefc4a,2020.0,14,28,0,-70.0566218516602,-67.22942657942525,DESCRIPTIVE_SAMPLE,historical,,
ff43266d9f6c730a,donchian_atr_00,ETHUSDT,1h,SHORT_ONLY,"{""atr_expansion_threshold"": 1.1, ""atr_length"": 14, ""atr_reference_length"": 50, ""atr_stop_multiplier"": 2.0, ""breakout_length"": 30, ""exit_length"": 10, ""exit_method"": ""risk"", ""reward_risk"": 2.0, ""slope_lookback"": 5, ""trend_length"": 200}",HISTORICAL_CHALLENGE/year_2021,base,2021-01-01T00:00:00+00:00,2022-01-01T00:00:00+00:00,43,donchian_atr_breakout,1.0.0,41.86046511627907,5.442953229518821,5.442953229518821,1.3126807976315849,0,544.295322951883,,,,,,,,,,,,,,,,,,,1.2347046992819208,0.6252896035812633,12.65803076632286,4.343862644354312,92.76111686250526,159.07554261020542,-92.76257776127258,,1.626717714004939,,55.65674382638045,9.27612397106341,,,157.6939846599491,,,,,,,,,not_modelled_synthetic,,,1.7148676378915564,3.6673019688360258,160.96515988851908,-99.99997181245352,-105.98678047518716,-103.6391440899598,-74.38048214607832,194.72072361202515,198.15118605888028,199.85609528969732,590.3813504206956,977.3639806704646,36.71831942369365,108.46709966546725,179.56501543498763,344.43922766218566,199.85609528969732,,12.65803076632286,,1.2347046992819213,donchian_atr,eth_short_historical_falsification_v1_donchian_atr,20261008T183843Z-788bbf8b61dc,a76c5e6cb7a840efa3e4c5a9d3bff4f4,2021.0,18,25,0,544.295322951883,-74.38048214607832,DESCRIPTIVE_SAMPLE,historical,,
ff43266d9f6c730a,donchian_atr_00,ETHUSDT,1h,SHORT_ONLY,"{""atr_expansion_threshold"": 1.1, ""atr_length"": 14, ""atr_reference_length"": 50, ""atr_stop_multiplier"": 2.0, ""breakout_length"": 30, ""exit_length"": 10, ""exit_method"": ""risk"", ""reward_risk"": 2.0, ""slope_lookback"": 5, ""trend_length"": 200}",HISTORICAL_CHALLENGE/year_2021,adverse,2021-01-01T00:00:00+00:00,2022-01-01T00:00:00+00:00,44,donchian_atr_breakout,1.0.0,36.36363636363637,-1.2835720742912948,-1.2835720742912948,-0.1962351224858728,0,-128.3572074291274,,,,,,,,,,,,,,,,,,,0.9498782844263032,-0.1027464807877289,-2.9172092597528945,4.848983753925651,183.65764584867813,152.03455552022592,-91.46107484831222,,1.5303539165414093,,110.19466473077672,18.365777455129454,,,312.2180880345843,,,,,,,,,not_modelled_synthetic,,,1.6622869977460304,7.095865637149643,149.2649074330505,-99.36178130572245,-102.90828307605058,-102.5259198382466,-76.87659241148094,187.2997935115924,194.3007220057437,197.04343853720107,575.7707432577956,941.4337883825144,,,,-325.4006459663284,197.04343853720107,,-2.917209259752895,,0.9498782844263032,donchian_atr,eth_short_historical_falsification_v1_donchian_atr,20261008T183843Z-788bbf8b61dc,3c5eac206f334eea806cfab503f61625,2021.0,16,28,0,-128.35720742912736,-76.87659241148094,DESCRIPTIVE_SAMPLE,historical,,
ff43266d9f6c730a,donchian_atr_00,ETHUSDT,1h,SHORT_ONLY,"{""atr_expansion_threshold"": 1.1, ""atr_length"": 14, ""atr_reference_length"": 50, ""atr_stop_multiplier"": 2.0, ""breakout_length"": 30, ""exit_length"": 10, ""exit_method"": ""risk"", ""reward_risk"": 2.0, ""slope_lookback"": 5, ""trend_length"": 200}",HISTORICAL_CHALLENGE/year_2022,base,2022-01-01T00:00:00+00:00,2023-01-01T00:00:00+00:00,71,donchian_atr_breakout,1.0.0,42.25352112676056,11.014929688165733,11.014929688165733,2.028133520112728,0,1101.4929688165607,,,,,,,,,,,,,,,,,,,1.328001085200891,1.133592045273792,15.513985476289587,7.307525674096768,177.50854811064548,148.65640429549518,-81.90729658654378,,4.712770769346022,,106.50527620844288,17.750879368073814,,,301.7647036871622,,,,,,,,,not_modelled_synthetic,,,1.8149348164412176,4.250207094185383,148.99641210840667,-88.63347271924661,-115.74698997685503,-114.69488743008296,-51.184710645280944,208.88062730252767,218.8534203175833,219.03457944770147,863.8294255194406,1673.5312238842098,19.88524535776486,78.42350790922754,151.932991972,882.4583893688592,219.03457944770147,,15.513985476289587,,1.3280010852008908,donchian_atr,eth_short_historical_falsification_v1_donchian_atr,20261008T183843Z-788bbf8b61dc,ed6494fe09234f098686612fe164a478,2022.0,30,41,0,1101.4929688165607,-51.184710645280944,DESCRIPTIVE_SAMPLE,historical,,
ff43266d9f6c730a,donchian_atr_00,ETHUSDT,1h,SHORT_ONLY,"{""atr_expansion_threshold"": 1.1, ""atr_length"": 14, ""atr_reference_length"": 50, ""atr_stop_multiplier"": 2.0, ""breakout_length"": 30, ""exit_length"": 10, ""exit_method"": ""risk"", ""reward_risk"": 2.0, ""slope_lookback"": 5, ""trend_length"": 200}",HISTORICAL_CHALLENGE/year_2022,adverse,2022-01-01T00:00:00+00:00,2023-01-01T00:00:00+00:00,71,donchian_atr_breakout,1.0.0,42.25352112676056,8.240248834185815,8.240248834185815,1.556150214063074,0,824.0248834185716,,,,,,,,,,,,,,,,,,,1.2381983284162352,0.8915155129240586,11.605984273501008,7.619465837007404,348.6518243317826,142.7810514045454,-84.37577216384854,,4.53384545411328,,209.19168962721477,34.86528160453579,,,592.7087955635332,,,,,,,,,not_modelled_synthetic,,,1.6922043821688548,8.348011205120185,144.32875069873995,-91.91307551015912,-114.84737626335252,-113.2521419953143,-53.92665986718571,200.66345654700703,208.81785001586343,211.3928444692238,825.3379658062272,1600.0133721985133,25.653696717535254,100.15934984659783,194.17051649710567,612.6320389493478,211.3928444692238,,11.605984273501008,,1.2381983284162354,donchian_atr,eth_short_historical_falsification_v1_donchian_atr,20261008T183843Z-788bbf8b61dc,b4addf082b38453291a8b591dc00103b,2022.0,30,41,0,824.0248834185716,-53.92665986718571,DESCRIPTIVE_SAMPLE,historical,,
e0dd4c731d1d27f0,donchian_atr_01,ETHUSDT,1h,SHORT_ONLY,"{""atr_expansion_threshold"": 1.1, ""atr_length"": 14, ""atr_reference_length"": 50, ""atr_stop_multiplier"": 2.0, ""breakout_length"": 40, ""exit_length"": 10, ""exit_method"": ""risk"", ""reward_risk"": 2.0, ""slope_lookback"": 5, ""trend_length"": 200}",HISTORICAL_CHALLENGE/year_2020,base,2020-02-11T16:00:00+00:00,2021-01-01T00:00:00+00:00,40,donchian_atr_breakout,1.0.0,32.5,0.2663483131576827,0.2997945173371485,0.1475611908081401,0,26.634831315772303,,,,,,,,,,,,,,,,,,,1.0125428886036232,0.0773196263299862,0.6658707828943093,9.772797468948925,91.73775849654392,165.39503219839204,-78.64816989864164,,2.4684241722520888,,55.04267426977588,9.173779044962648,,,155.95421181128248,,,,,,,,,not_modelled_synthetic,,,2.102973691715217,3.898855295282062,169.15525173097114,-74.26671071942579,-110.62526103321731,-109.60663945214164,-64.31007654221098,206.75237508040345,210.50661079244972,210.6056624458082,420.95734629326137,830.7654016075064,790.7152102784057,1580.4768624308224,3119.0939103697315,-183.97083113003583,210.6056624458082,,0.6658707828943076,,1.0125428886036232,donchian_atr,eth_short_historical_falsification_v1_donchian_atr,20261008T183843Z-788bbf8b61dc,7592a9fe74ad486997ef272268f65494,2020.0,13,27,0,26.634831315772374,-64.31007654221098,DESCRIPTIVE_SAMPLE,historical,,
e0dd4c731d1d27f0,donchian_atr_01,ETHUSDT,1h,SHORT_ONLY,"{""atr_expansion_threshold"": 1.1, ""atr_length"": 14, ""atr_reference_length"": 50, ""atr_stop_multiplier"": 2.0, ""breakout_length"": 40, ""exit_length"": 10, ""exit_method"": ""risk"", ""reward_risk"": 2.0, ""slope_lookback"": 5, ""trend_length"": 200}",HISTORICAL_CHALLENGE/year_2020,adverse,2020-02-11T16:00:00+00:00,2021-01-01T00:00:00+00:00,40,donchian_atr_breakout,1.0.0,32.5,-1.0707588413964353,-1.2042049228802698,-0.2608339493881751,0,-107.07588413964734,,,,,,,,,,,,,,,,,,,0.9509286117690476,-0.1423329071264492,-2.6768971034911813,10.59132559209676,181.23299710326756,159.61286282570038,-80.81641114347231,,2.4570261772308077,,108.73988269049048,18.12331378174841,,,308.09619357550645,,,,,,,,,not_modelled_synthetic,,,1.97500557828956,7.702404839387661,165.49549481739749,-77.11595466203752,-110.27382558520404,-109.2787788628956,-66.99432265342028,200.20879470821,203.72333919470776,203.9372237392284,407.32602556942953,800.5459656936971,,,,-311.01310787887564,203.9372237392284,,-2.6768971034911835,,0.9509286117690476,donchian_atr,eth_short_historical_falsification_v1_donchian_atr,20261008T183843Z-788bbf8b61dc,edd4eaf5bf994e1ab5206931bdfc8f2e,2020.0,13,27,0,-107.07588413964726,-66.99432265342028,DESCRIPTIVE_SAMPLE,historical,,
e0dd4c731d1d27f0,donchian_atr_01,ETHUSDT,1h,SHORT_ONLY,"{""atr_expansion_threshold"": 1.1, ""atr_length"": 14, ""atr_reference_length"": 50, ""atr_stop_multiplier"": 2.0, ""breakout_length"": 40, ""exit_length"": 10, ""exit_method"": ""risk"", ""reward_risk"": 2.0, ""slope_lookback"": 5, ""trend_length"": 200}",HISTORICAL_CHALLENGE/year_2021,base,2021-01-01T00:00:00+00:00,2022-01-01T00:00:00+00:00,41,donchian_atr_breakout,1.0.0,41.46341463414634,5.2568653051148,5.2568653051148,1.2908126060728806,0,525.6865305114734,,,,,,,,,,,,,,,,,,,1.2351097540285962,0.6117667779277025,12.821622695401793,4.343863492708264,88.24483107661777,162.44742527836345,-93.1633208008627,,1.5616574269767085,,52.9469695947674,8.824494932461233,,,150.0162956038464,,,,,,,,,not_modelled_synthetic,,,1.7436843586286064,3.658934039118205,167.73987932977232,-99.9474797179492,-105.81223113550514,-104.721807339391,-74.59013467064474,196.7319144549137,199.06083649189284,199.89383489370312,594.4370882377941,983.4344479691372,38.02529136502962,113.07824221013024,187.0762119417996,325.7926956177703,199.89383489370312,,12.821622695401793,,1.2351097540285965,donchian_atr,eth_short_historical_falsification_v1_donchian_atr,20261008T183843Z-788bbf8b61dc,5bd2e23d5e364a738a51ea73f4d67f7f,2021.0,17,24,0,525.6865305114734,-74.59013467064474,DESCRIPTIVE_SAMPLE,historical,,
e0dd4c731d1d27f0,donchian_atr_01,ETHUSDT,1h,SHORT_ONLY,"{""atr_expansion_threshold"": 1.1, ""atr_length"": 14, ""atr_reference_length"": 50, ""atr_stop_multiplier"": 2.0, ""breakout_length"": 40, ""exit_length"": 10, ""exit_method"": ""risk"", ""reward_risk"": 2.0, ""slope_lookback"": 5, ""trend_length"": 200}",HISTORICAL_CHALLENGE/year_2021,adverse,2021-01-01T00:00:00+00:00,2022-01-01T00:00:00+00:00,41,donchian_atr_breakout,1.0.0,39.02439024390244,1.1997160478152136,1.1997160478152136,0.3535503192066095,0,119.97160478151784,,,,,,,,,,,,,,,,,,,1.0512571912523128,0.1792122187128951,2.9261367019882427,4.403682769469912,170.7187552017778,153.78453392498375,-93.62323752072888,,1.4680714075945984,,102.43142540241632,17.071904233736056,,,290.2220848379302,,,,,,,,,not_modelled_synthetic,,,1.6425893613317386,7.078587435071468,151.96072375245785,-99.99991971919296,-103.90058471691584,-103.18547986800723,-77.62748103783152,190.0286853107526,194.56067754412032,197.11308273155868,577.8738378052741,947.3606992078844,164.2997800108819,481.6755088486552,789.6541026796607,-77.14147795004072,197.11308273155868,,2.92613670198824,,1.0512571912523128,donchian_atr,eth_short_historical_falsification_v1_donchian_atr,20261008T183843Z-788bbf8b61dc,255e0563367140de9e051fde3160ab09,2021.0,16,25,0,119.97160478151795,-77.62748103783152,DESCRIPTIVE_SAMPLE,historical,,
e0dd4c731d1d27f0,donchian_atr_01,ETHUSDT,1h,SHORT_ONLY,"{""atr_expansion_threshold"": 1.1, ""atr_length"": 14, ""atr_reference_length"": 50, ""atr_stop_multiplier"": 2.0, ""breakout_length"": 40, ""exit_length"": 10, ""exit_method"": ""risk"", ""reward_risk"": 2.0, ""slope_lookback"": 5, ""trend_length"": 200}",HISTORICAL_CHALLENGE/year_2022,base,2022-01-01T00:00:00+00:00,2023-01-01T00:00:00+00:00,69,donchian_atr_breakout,1.0.0,43.47826086956522,13.001627267111404,13.001627267111404,2.4483089157771025,0,1300.1627267111353,,,,,,,,,,,,,,,,,,,1.4008773374967525,1.2955522415614724,18.842938068277324,6.8592190342202,174.78317748756902,151.44852955777844,-83.16136307749278,,4.655713363650509,,104.87007420844544,17.478345701407573,,,297.131597397422,,,,,,,,,not_modelled_synthetic,,,1.821140538745778,4.306255034745247,153.65260325816183,-90.15715529645524,-117.2936933480908,-116.22469594821384,-51.69709444471425,212.21181016161432,221.70299959627545,221.88119539980133,876.1051759373707,1495.4101547887258,17.0656480793806,67.38427105609682,115.01715316601056,1078.281531311334,221.88119539980133,,18.842938068277324,,1.4008773374967525,donchian_atr,eth_short_historical_falsification_v1_donchian_atr,20261008T183843Z-788bbf8b61dc,9e036cc5423f4ced87926ad3081f56bb,2022.0,30,39,0,1300.1627267111353,-51.69709444471425,DESCRIPTIVE_SAMPLE,historical,,
e0dd4c731d1d27f0,donchian_atr_01,ETHUSDT,1h,SHORT_ONLY,"{""atr_expansion_threshold"": 1.1, ""atr_length"": 14, ""atr_reference_length"": 50, ""atr_stop_multiplier"": 2.0, ""breakout_length"": 40, ""exit_length"": 10, ""exit_method"": ""risk"", ""reward_risk"": 2.0, ""slope_lookback"": 5, ""trend_length"": 200}",HISTORICAL_CHALLENGE/year_2022,adverse,2022-01-01T00:00:00+00:00,2023-01-01T00:00:00+00:00,69,donchian_atr_breakout,1.0.0,43.47826086956522,10.227709139702236,10.227709139702236,1.9716689024015377,0,1022.7709139702076,,,,,,,,,,,,,,,,,,,1.3058427982670735,1.0683224532892697,14.822766869133442,7.140918953578216,343.40392454652607,145.56258311486638,-85.74632255066113,,4.479039071279875,,206.04302948243225,34.34050491373871,,,583.7874589426971,,,,,,,,,not_modelled_synthetic,,,1.6975956377471957,8.460687810763726,149.56357130635683,-93.1183268884964,-116.37686981561376,-114.73900834553456,-54.427324222402376,203.54545064058527,211.6307410228622,214.16489950314264,837.233251683638,1431.123332925382,20.93967442540912,81.85931377669446,139.92608837203102,808.6060144670648,214.16489950314264,,14.822766869133442,,1.3058427982670742,donchian_atr,eth_short_historical_falsification_v1_donchian_atr,20261008T183843Z-788bbf8b61dc,2b162eaa9592480e885052fad853ba89,2022.0,30,39,0,1022.7709139702076,-54.427324222402376,DESCRIPTIVE_SAMPLE,historical,,
827790540ac7604f,donchian_atr_02,ETHUSDT,1h,SHORT_ONLY,"{""atr_expansion_threshold"": 1.1, ""atr_length"": 14, ""atr_reference_length"": 50, ""atr_stop_multiplier"": 2.0, ""breakout_length"": 50, ""exit_length"": 10, ""exit_method"": ""risk"", ""reward_risk"": 2.0, ""slope_lookback"": 5, ""trend_length"": 200}",HISTORICAL_CHALLENGE/year_2020,base,2020-02-11T16:00:00+00:00,2021-01-01T00:00:00+00:00,38,donchian_atr_breakout,1.0.0,34.21052631578947,1.4479247319921784,1.6309463037799563,0.5264095328865436,0,144.7924731992185,,,,,,,,,,,,,,,,,,,1.072419242536645,0.269943038606065,3.810328242084698,9.22651037786081,86.74323806428268,164.9351629955157,-79.97458582969942,,2.0358113097676536,,52.04597352545104,8.674328920908506,,,147.46354051064222,,,,,,,,,not_modelled_synthetic,,,2.062344697185856,3.880619487122164,169.01179596529155,-78.00977528628418,-110.53335813585218,-109.61465547161966,-64.6412279336913,206.955570921398,210.33316046379147,210.42705044850032,420.6003441815713,830.060843137659,145.33010300816937,290.48495055600813,573.2762379129933,-65.63457724928179,210.42705044850032,,3.810328242084698,,1.072419242536645,donchian_atr,eth_short_historical_falsification_v1_donchian_atr,20261008T183843Z-788bbf8b61dc,fab433c8757b48d2bd471dcd7a04f1ba,2020.0,13,25,0,144.7924731992185,-64.6412279336913,DESCRIPTIVE_SAMPLE,historical,,
827790540ac7604f,donchian_atr_02,ETHUSDT,1h,SHORT_ONLY,"{""atr_expansion_threshold"": 1.1, ""atr_length"": 14, ""atr_reference_length"": 50, ""atr_stop_multiplier"": 2.0, ""breakout_length"": 50, ""exit_length"": 10, ""exit_method"": ""risk"", ""reward_risk"": 2.0, ""slope_lookback"": 5, ""trend_length"": 200}",HISTORICAL_CHALLENGE/year_2020,adverse,2020-02-11T16:00:00+00:00,2021-01-01T00:00:00+00:00,38,donchian_atr_breakout,1.0.0,34.21052631578947,0.1637594942065945,0.1843114562823489,0.113327930874378,0,16.375949420657648,,,,,,,,,,,,,,,,,,,1.0079776113248824,0.0605913394614371,0.430946037385726,9.81720073694296,171.37555945032776,159.16264528887345,-82.1095375733879,,2.0243861788439608,,102.82546491030818,17.137577485051366,,,291.3386018456873,,,,,,,,,not_modelled_synthetic,,,1.9384184833170812,7.666805311728614,165.3549942301405,-80.68598400522745,-110.18333235585308,-109.28062290616344,-67.62999661617965,200.37327787132733,203.56135615251608,203.7641012819322,406.98024275463166,799.8663581655258,1244.288780135655,2485.2314348335904,4884.396853085825,-187.3881518612746,203.7641012819322,,0.4309460373857275,,1.0079776113248822,donchian_atr,eth_short_historical_falsification_v1_donchian_atr,20261008T183843Z-788bbf8b61dc,db6ba185c03c4ba794ad8b491b248f36,2020.0,13,25,0,16.37594942065759,-67.62999661617965,DESCRIPTIVE_SAMPLE,historical,,
827790540ac7604f,donchian_atr_02,ETHUSDT,1h,SHORT_ONLY,"{""atr_expansion_threshold"": 1.1, ""atr_length"": 14, ""atr_reference_length"": 50, ""atr_stop_multiplier"": 2.0, ""breakout_length"": 50, ""exit_length"": 10, ""exit_method"": ""risk"", ""reward_risk"": 2.0, ""slope_lookback"": 5, ""trend_length"": 200}",HISTORICAL_CHALLENGE/year_2021,base,2021-01-01T00:00:00+00:00,2022-01-01T00:00:00+00:00,40,donchian_atr_breakout,1.0.0,40.0,3.290909922448071,3.290909922448071,0.8350710396632159,0,329.0909922448121,,,,,,,,,,,,,,,,,,,1.149146601486828,0.4026073395011059,8.227274806120304,4.34386361576354,84.73307370170828,158.4740246962033,-91.93722512060168,,1.5791410672118182,,50.83989390043889,8.473315650073149,,,144.04628325222032,,,,,,,,,not_modelled_synthetic,,,1.723719902230242,3.601157081305508,157.67992324620826,-99.9474797179492,-103.84210895287772,-103.13892834671005,-73.46650459935421,194.14514880241103,197.863084752616,199.89383489370312,394.580618143593,781.7548073769091,60.74120519986801,119.9001575376037,237.5497433230741,129.19715735110907,199.89383489370312,,8.227274806120302,,1.149146601486828,donchian_atr,eth_short_historical_falsification_v1_donchian_atr,20261008T183843Z-788bbf8b61dc,ebad6daa3d29470faad12e967fc573b8,2021.0,16,24,0,329.0909922448122,-73.46650459935421,DESCRIPTIVE_SAMPLE,historical,,
827790540ac7604f,donchian_atr_02,ETHUSDT,1h,SHORT_ONLY,"{""atr_expansion_threshold"": 1.1, ""atr_length"": 14, ""atr_reference_length"": 50, ""atr_stop_multiplier"": 2.0, ""breakout_length"": 50, ""exit_length"": 10, ""exit_method"": ""risk"", ""reward_risk"": 2.0, ""slope_lookback"": 5, ""trend_length"": 200}",HISTORICAL_CHALLENGE/year_2021,adverse,2021-01-01T00:00:00+00:00,2022-01-01T00:00:00+00:00,40,donchian_atr_breakout,1.0.0,37.5,-0.6022338362761337,-0.6022338362761337,-0.0505445799322489,0,-60.22338362761519,,,,,,,,,,,,,,,,,,,0.9739373121225366,-0.026014510885949,-1.505584590690379,4.526697255289919,164.05563317850527,150.03262045974577,-92.42850762095206,,1.485451222166151,,98.43347174904912,16.40557862484152,,,278.8946835523959,,,,,,,,,not_modelled_synthetic,,,1.6232288535375612,6.972367088809898,143.00615961529326,-99.76087491162218,-102.5988936890749,-101.84360003931288,-76.85262223798924,186.84940766702096,194.62448767380627,197.11308273155868,387.8451524945215,757.6923628279633,,,,-257.33646635917387,197.11308273155868,,-1.5055845906903795,,0.9739373121225368,donchian_atr,eth_short_historical_falsification_v1_donchian_atr,20261008T183843Z-788bbf8b61dc,ef1fd455fff24c578e4389ea9f9edf84,2021.0,15,25,0,-60.22338362761516,-76.85262223798924,DESCRIPTIVE_SAMPLE,historical,,
827790540ac7604f,donchian_atr_02,ETHUSDT,1h,SHORT_ONLY,"{""atr_expansion_threshold"": 1.1, ""atr_length"": 14, ""atr_reference_length"": 50, ""atr_stop_multiplier"": 2.0, ""breakout_length"": 50, ""exit_length"": 10, ""exit_method"": ""risk"", ""reward_risk"": 2.0, ""slope_lookback"": 5, ""trend_length"": 200}",HISTORICAL_CHALLENGE/year_2022,base,2022-01-01T00:00:00+00:00,2023-01-01T00:00:00+00:00,67,donchian_atr_breakout,1.0.0,43.28358208955224,13.112355947316834,13.112355947316834,2.4758250075602333,0,1311.2355947316823,,,,,,,,,,,,,,,,,,,1.4102438659611458,1.307561340372015,19.57068051838332,6.447231690584079,169.29516909060993,155.43000300883975,-84.11143401380711,,4.6414710665367584,,101.57726935331164,16.92954489221861,,,287.8019833361401,,,,,,,,,not_modelled_synthetic,,,1.8479057553973637,4.295551990091644,154.29422375305276,-91.377752634227,-117.33608120164072,-116.26387205846676,-52.33116144723435,212.82820484723223,221.7082406493203,221.88119539980133,877.0690702157234,1496.3740490670784,16.921535404566622,66.88874781462881,114.11938900066856,1089.354399331881,221.88119539980133,,19.57068051838332,,1.410243865961146,donchian_atr,eth_short_historical_falsification_v1_donchian_atr,20261008T183843Z-788bbf8b61dc,5563a5789bbc460a8bc4f7a9e0fae65d,2022.0,29,38,0,1311.2355947316823,-52.33116144723435,DESCRIPTIVE_SAMPLE,historical,,
827790540ac7604f,donchian_atr_02,ETHUSDT,1h,SHORT_ONLY,"{""atr_expansion_threshold"": 1.1, ""atr_length"": 14, ""atr_reference_length"": 50, ""atr_stop_multiplier"": 2.0, ""breakout_length"": 50, ""exit_length"": 10, ""exit_method"": ""risk"", ""reward_risk"": 2.0, ""slope_lookback"": 5, ""trend_length"": 200}",HISTORICAL_CHALLENGE/year_2022,adverse,2022-01-01T00:00:00+00:00,2023-01-01T00:00:00+00:00,67,donchian_atr_breakout,1.0.0,43.28358208955224,10.410216355432777,10.410216355432777,2.0118636704128874,0,1041.0216355432608,,,,,,,,,,,,,,,,,,,1.315994040338892,1.0874830024929802,15.537636351391953,6.781811595788946,332.65712749986494,149.49848385939288,-86.69564200997719,,4.464795858584731,,199.5949512465256,33.26582520775426,,,565.5179039541447,,,,,,,,,not_modelled_synthetic,,,1.7244059838923416,8.440565730658875,150.7676709786785,-94.48930263145962,-116.40030499831413,-114.74075689633388,-55.178609465728165,203.7960476033549,211.7052750958117,214.16489950314264,838.2251868253805,1432.1152680671246,20.57256950201424,80.51947800181404,137.56825210647713,826.8567360401181,214.16489950314264,,15.537636351391953,,1.3159940403388917,donchian_atr,eth_short_historical_falsification_v1_donchian_atr,20261008T183843Z-788bbf8b61dc,cc2a40eda1b843f7979ebac7290e90cc,2022.0,29,38,0,1041.0216355432608,-55.178609465728165,DESCRIPTIVE_SAMPLE,historical,,
6719be4e317770b6,donchian_atr_03,ETHUSDT,1h,SHORT_ONLY,"{""atr_expansion_threshold"": 1.25, ""atr_length"": 14, ""atr_reference_length"": 50, ""atr_stop_multiplier"": 2.0, ""breakout_length"": 30, ""exit_length"": 10, ""exit_method"": ""risk"", ""reward_risk"": 2.0, ""slope_lookback"": 5, ""trend_length"": 200}",HISTORICAL_CHALLENGE/year_2020,base,2020-02-11T16:00:00+00:00,2021-01-01T00:00:00+00:00,34,donchian_atr_breakout,1.0.0,29.41176470588235,-2.837232666609435,-3.18725314803916,-0.8325428036813346,0,-283.7232666609386,,,,,,,,,,,,,,,,,,,0.8466065549902414,-0.4927621131155287,-8.344801960615841,10.09526742003404,74.09005654581318,156.5920742852564,-77.06850039639595,,2.2393487804241,,44.45401736161797,7.409002893602995,,,125.95307680103414,,,,,,,,,not_modelled_synthetic,,,2.0318557319765795,3.7045022588539456,166.17720882201837,-74.6545670439722,-105.96094534496106,-104.56454705548936,-65.72609043670901,193.9521602277963,200.8800652528058,202.08119818208036,400.52259960878325,779.118256022077,,,,-485.804464843019,202.08119818208036,,-8.34480196061584,,0.8466065549902415,donchian_atr,eth_short_historical_falsification_v1_donchian_atr,20261008T183843Z-788bbf8b61dc,7066f8176f9f4b638706be6913b9c541,2020.0,10,24,0,-283.72326666093863,-65.72609043670901,DESCRIPTIVE_SAMPLE,historical,,
6719be4e317770b6,donchian_atr_03,ETHUSDT,1h,SHORT_ONLY,"{""atr_expansion_threshold"": 1.25, ""atr_length"": 14, ""atr_reference_length"": 50, ""atr_stop_multiplier"": 2.0, ""breakout_length"": 30, ""exit_length"": 10, ""exit_method"": ""risk"", ""reward_risk"": 2.0, ""slope_lookback"": 5, ""trend_length"": 200}",HISTORICAL_CHALLENGE/year_2020,adverse,2020-02-11T16:00:00+00:00,2021-01-01T00:00:00+00:00,34,donchian_atr_breakout,1.0.0,29.41176470588235,-3.8352714925889098,-4.305662470016413,-1.1311033166077415,0,-383.5271492588897,,,,,,,,,,,,,,,,,,,0.7979495839131644,-0.6901389386354262,-11.280210272320282,10.60029193032788,146.5888205039362,151.46483491477082,-79.09064576694158,,2.227126156051298,,87.95323588534923,14.658872647558203,,,249.2009290368437,,,,,,,,,not_modelled_synthetic,,,1.9150790013915944,7.329439089318932,162.8877628310018,-77.39156784599007,-105.77112837915462,-104.37722491417524,-68.68768642855935,185.876291003292,194.55936947131931,195.62181983902445,388.0240931092456,750.874476685182,,,,-579.148969097914,195.62181983902445,,-11.280210272320286,,0.7979495839131644,donchian_atr,eth_short_historical_falsification_v1_donchian_atr,20261008T183843Z-788bbf8b61dc,06cecb1fff224f57aafe73198a6670ac,2020.0,10,24,0,-383.5271492588896,-68.68768642855935,DESCRIPTIVE_SAMPLE,historical,,
6719be4e317770b6,donchian_atr_03,ETHUSDT,1h,SHORT_ONLY,"{""atr_expansion_threshold"": 1.25, ""atr_length"": 14, ""atr_reference_length"": 50, ""atr_stop_multiplier"": 2.0, ""breakout_length"": 30, ""exit_length"": 10, ""exit_method"": ""risk"", ""reward_risk"": 2.0, ""slope_lookback"": 5, ""trend_length"": 200}",HISTORICAL_CHALLENGE/year_2021,base,2021-01-01T00:00:00+00:00,2022-01-01T00:00:00+00:00,25,donchian_atr_breakout,1.0.0,44.0,5.523313985126799,5.523313985126799,1.6361162325368808,0,552.3313985126791,,,,,,,,,,,,,,,,,,,1.412356136824218,0.7875704204888518,22.09325594050717,3.831871707779962,52.66654527955611,171.9803412162509,-95.6751682047201,,1.0204430196212484,,31.599994563517097,5.266665760586183,,,89.53320560365938,,,,,,,,,not_modelled_synthetic,,,1.797544174139914,3.5813282241463757,192.75660300667863,-101.05465733905504,-108.20954765762689,-106.757783762704,-74.43722015719715,197.657005539472,199.7755812547616,200.36430126322716,398.2756024911813,594.9154252767248,36.276101956682005,72.10808647917895,107.70986890818014,351.9670972494521,200.36430126322716,,22.093255940507166,,1.412356136824218,donchian_atr,eth_short_historical_falsification_v1_donchian_atr,20261008T183843Z-788bbf8b61dc,d687beda999142ecade9c5552874d30a,2021.0,11,14,0,552.3313985126792,-74.43722015719715,DESCRIPTIVE_SAMPLE,historical,,
6719be4e317770b6,donchian_atr_03,ETHUSDT,1h,SHORT_ONLY,"{""atr_expansion_threshold"": 1.25, ""atr_length"": 14, ""atr_reference_length"": 50, ""atr_stop_multiplier"": 2.0, ""breakout_length"": 30, ""exit_length"": 10, ""exit_method"": ""risk"", ""reward_risk"": 2.0, ""slope_lookback"": 5, ""trend_length"": 200}",HISTORICAL_CHALLENGE/year_2021,adverse,2021-01-01T00:00:00+00:00,2022-01-01T00:00:00+00:00,25,donchian_atr_breakout,1.0.0,40.0,1.8056382212676023,1.8056382212676023,0.5676053804509644,0,180.56382212675825,,,,,,,,,,,,,,,,,,,1.1249841536899148,0.2961790204339987,7.222552885070329,3.889710194667285,101.43727106424129,162.52575436583408,-96.31291476877216,,0.8781850827135084,,60.86251090163426,10.143751816939044,,,172.4435337828146,,,,,,,,,not_modelled_synthetic,,,1.6874762305348725,6.897741351312584,184.9210302520916,-101.85046920266004,-104.59311962417677,-104.06057767245146,-84.8656698749943,189.1752508253088,193.87555413791745,195.3479626331848,384.5608898694224,573.585435051016,108.1877644880866,212.97781877892209,317.6635431699886,-14.78414050642658,195.3479626331848,,7.222552885070329,,1.1249841536899148,donchian_atr,eth_short_historical_falsification_v1_donchian_atr,20261008T183843Z-788bbf8b61dc,c059caf3840f4efd960a96c7b3669bbc,2021.0,10,15,0,180.56382212675825,-84.8656698749943,DESCRIPTIVE_SAMPLE,historical,,
6719be4e317770b6,donchian_atr_03,ETHUSDT,1h,SHORT_ONLY,"{""atr_expansion_threshold"": 1.25, ""atr_length"": 14, ""atr_reference_length"": 50, ""atr_stop_multiplier"": 2.0, ""breakout_length"": 30, ""exit_length"": 10, ""exit_method"": ""risk"", ""reward_risk"": 2.0, ""slope_lookback"": 5, ""trend_length"": 200}",HISTORICAL_CHALLENGE/year_2022,base,2022-01-01T00:00:00+00:00,2023-01-01T00:00:00+00:00,51,donchian_atr_breakout,1.0.0,47.05882352941177,15.906559032181477,15.906559032181477,3.2864987179066008,0,1590.6559032181435,,,,,,,,,,,,,,,,,,,1.6744052185574634,1.7264778152941127,31.18933143564987,6.461060457495515,127.53191226717118,164.55256127852985,-87.35576175802123,,3.6578833355510896,,76.51933714364212,12.753222857273688,,,216.80447226808695,,,,,,,,,not_modelled_synthetic,,,1.883705870877146,4.25106808368798,160.81800049652713,-103.00100912296476,-119.5000877952882,-118.19941628711317,-42.449103965580726,219.0510527558934,223.72500274940185,225.0560287558289,669.7030934947148,1302.7648211311655,14.148630656102664,42.10232345913417,81.90110874988554,1365.5998744623143,225.0560287558289,,31.189331435649876,,1.6744052185574632,donchian_atr,eth_short_historical_falsification_v1_donchian_atr,20261008T183843Z-788bbf8b61dc,3b393bde9e7444238d714bee0e77b54f,2022.0,24,27,0,1590.6559032181433,-42.449103965580726,DESCRIPTIVE_SAMPLE,historical,,
6719be4e317770b6,donchian_atr_03,ETHUSDT,1h,SHORT_ONLY,"{""atr_expansion_threshold"": 1.25, ""atr_length"": 14, ""atr_reference_length"": 50, ""atr_stop_multiplier"": 2.0, ""breakout_length"": 30, ""exit_length"": 10, ""exit_method"": ""risk"", ""reward_risk"": 2.0, ""slope_lookback"": 5, ""trend_length"": 200}",HISTORICAL_CHALLENGE/year_2022,adverse,2022-01-01T00:00:00+00:00,2023-01-01T00:00:00+00:00,51,donchian_atr_breakout,1.0.0,47.05882352941177,13.679394802963696,13.679394802963696,2.8448393769284945,0,1367.9394802963664,,,,,,,,,,,,,,,,,,,1.5601992392419617,1.537469013855799,26.82234275090914,6.712124225822383,251.01518029843356,158.74249039319662,-90.44001070890194,,3.483495141830277,,150.60986193884992,25.101643656474987,,,426.7266858937584,,,,,,,,,not_modelled_synthetic,,,1.7552241441472067,8.36718991948546,157.22054358666986,-105.6172140661166,-118.881509677413,-117.0523714919168,-46.45476864005213,210.04570301765813,214.9522285487105,215.32622227122403,643.0603990060922,1251.0300761202443,15.740917297348076,47.00941878413892,91.45361283448058,1152.6132580251422,215.32622227122403,,26.822342750909144,,1.5601992392419617,donchian_atr,eth_short_historical_falsification_v1_donchian_atr,20261008T183843Z-788bbf8b61dc,0e043474e48648aa9c1164c32059f035,2022.0,24,27,0,1367.939480296366,-46.45476864005213,DESCRIPTIVE_SAMPLE,historical,,
4c4aa07c4c65af74,donchian_atr_04,ETHUSDT,1h,SHORT_ONLY,"{""atr_expansion_threshold"": 1.25, ""atr_length"": 14, ""atr_reference_length"": 50, ""atr_stop_multiplier"": 2.0, ""breakout_length"": 40, ""exit_length"": 10, ""exit_method"": ""risk"", ""reward_risk"": 2.0, ""slope_lookback"": 5, ""trend_length"": 200}",HISTORICAL_CHALLENGE/year_2020,base,2020-02-11T16:00:00+00:00,2021-01-01T00:00:00+00:00,33,donchian_atr_breakout,1.0.0,30.303030303030305,-2.4126199923865,-2.710991383121641,-0.7058294065720679,0,-241.26199923865244,,,,,,,,,,,,,,,,,,,0.8666790324950236,-0.4153030715043028,-7.310969673898557,9.7023735263988,71.72200831752363,156.83708271181405,-78.67968810246926,,2.0808447670826054,,43.0331924603812,7.172198743396868,,,121.9273995213017,,,,,,,,,not_modelled_synthetic,,,1.9933617747385544,3.694769682463688,166.17720882201837,-75.34858830433316,-105.97157637968796,-104.61717159108711,-67.9081858353885,194.29748647386603,200.9164632203596,202.08119818208036,400.52259960878325,779.9357386091141,,,,-443.3431974207328,202.08119818208036,,-7.310969673898558,,0.8666790324950236,donchian_atr,eth_short_historical_falsification_v1_donchian_atr,20261008T183843Z-788bbf8b61dc,73d6708bc6f84f538b65a3789a121669,2020.0,10,23,0,-241.2619992386524,-67.9081858353885,DESCRIPTIVE_SAMPLE,historical,,
4c4aa07c4c65af74,donchian_atr_04,ETHUSDT,1h,SHORT_ONLY,"{""atr_expansion_threshold"": 1.25, ""atr_length"": 14, ""atr_reference_length"": 50, ""atr_stop_multiplier"": 2.0, ""breakout_length"": 40, ""exit_length"": 10, ""exit_method"": ""risk"", ""reward_risk"": 2.0, ""slope_lookback"": 5, ""trend_length"": 200}",HISTORICAL_CHALLENGE/year_2020,adverse,2020-02-11T16:00:00+00:00,2021-01-01T00:00:00+00:00,33,donchian_atr_breakout,1.0.0,30.303030303030305,-3.3820328495348995,-3.7979395483916263,-0.9997460851659496,0,-338.20328495348554,,,,,,,,,,,,,,,,,,,0.8177197492616362,-0.6063212767442239,-10.248584392529864,10.178938111475365,141.90100067979586,151.71995005020045,-80.66968632415174,,2.068612173678303,,85.14055967979236,14.190093279965394,,,241.23165363955363,,,,,,,,,not_modelled_synthetic,,,1.8807554233017636,7.310050110289504,162.8877628310018,-78.15349613469253,-105.78174052084586,-104.42975491199576,-70.59932153822747,186.37828963920964,194.59156493700735,195.62181983902445,388.0240931092456,751.7251587974756,,,,-533.8251047925099,195.62181983902445,,-10.248584392529864,,0.817719749261636,donchian_atr,eth_short_historical_falsification_v1_donchian_atr,20261008T183843Z-788bbf8b61dc,9b6840ae5fb6434e9864ce82e48ef93c,2020.0,10,23,0,-338.2032849534855,-70.59932153822747,DESCRIPTIVE_SAMPLE,historical,,
4c4aa07c4c65af74,donchian_atr_04,ETHUSDT,1h,SHORT_ONLY,"{""atr_expansion_threshold"": 1.25, ""atr_length"": 14, ""atr_reference_length"": 50, ""atr_stop_multiplier"": 2.0, ""breakout_length"": 40, ""exit_length"": 10, ""exit_method"": ""risk"", ""reward_risk"": 2.0, ""slope_lookback"": 5, ""trend_length"": 200}",HISTORICAL_CHALLENGE/year_2021,base,2021-01-01T00:00:00+00:00,2022-01-01T00:00:00+00:00,25,donchian_atr_breakout,1.0.0,44.0,5.523313985126799,5.523313985126799,1.6361162325368808,0,552.3313985126791,,,,,,,,,,,,,,,,,,,1.412356136824218,0.7875704204888518,22.09325594050717,3.831871707779962,52.66654527955611,171.9803412162509,-95.6751682047201,,1.0204430196212484,,31.599994563517097,5.266665760586183,,,89.53320560365938,,,,,,,,,not_modelled_synthetic,,,1.797544174139914,3.5813282241463757,192.75660300667863,-101.05465733905504,-108.20954765762689,-106.757783762704,-74.43722015719715,197.657005539472,199.7755812547616,200.36430126322716,398.2756024911813,594.9154252767248,36.276101956682005,72.10808647917895,107.70986890818014,351.9670972494521,200.36430126322716,,22.093255940507166,,1.412356136824218,donchian_atr,eth_short_historical_falsification_v1_donchian_atr,20261008T183843Z-788bbf8b61dc,e4d8aca87a294bfbb031fe97dc9f83ac,2021.0,11,14,0,552.3313985126792,-74.43722015719715,DESCRIPTIVE_SAMPLE,historical,,
4c4aa07c4c65af74,donchian_atr_04,ETHUSDT,1h,SHORT_ONLY,"{""atr_expansion_threshold"": 1.25, ""atr_length"": 14, ""atr_reference_length"": 50, ""atr_stop_multiplier"": 2.0, ""breakout_length"": 40, ""exit_length"": 10, ""exit_method"": ""risk"", ""reward_risk"": 2.0, ""slope_lookback"": 5, ""trend_length"": 200}",HISTORICAL_CHALLENGE/year_2021,adverse,2021-01-01T00:00:00+00:00,2022-01-01T00:00:00+00:00,25,donchian_atr_breakout,1.0.0,40.0,1.8056382212676023,1.8056382212676023,0.5676053804509644,0,180.56382212675825,,,,,,,,,,,,,,,,,,,1.1249841536899148,0.2961790204339987,7.222552885070329,3.889710194667285,101.43727106424129,162.52575436583408,-96.31291476877216,,0.8781850827135084,,60.86251090163426,10.143751816939044,,,172.4435337828146,,,,,,,,,not_modelled_synthetic,,,1.6874762305348725,6.897741351312584,184.9210302520916,-101.85046920266004,-104.59311962417677,-104.06057767245146,-84.8656698749943,189.1752508253088,193.87555413791745,195.3479626331848,384.5608898694224,573.585435051016,108.1877644880866,212.97781877892209,317.6635431699886,-14.78414050642658,195.3479626331848,,7.222552885070329,,1.1249841536899148,donchian_atr,eth_short_historical_falsification_v1_donchian_atr,20261008T183843Z-788bbf8b61dc,03ae0370e1c44d5cb95addf3e33b1c51,2021.0,10,15,0,180.56382212675825,-84.8656698749943,DESCRIPTIVE_SAMPLE,historical,,
4c4aa07c4c65af74,donchian_atr_04,ETHUSDT,1h,SHORT_ONLY,"{""atr_expansion_threshold"": 1.25, ""atr_length"": 14, ""atr_reference_length"": 50, ""atr_stop_multiplier"": 2.0, ""breakout_length"": 40, ""exit_length"": 10, ""exit_method"": ""risk"", ""reward_risk"": 2.0, ""slope_lookback"": 5, ""trend_length"": 200}",HISTORICAL_CHALLENGE/year_2022,base,2022-01-01T00:00:00+00:00,2023-01-01T00:00:00+00:00,49,donchian_atr_breakout,1.0.0,48.97959183673469,17.79440507267658,17.79440507267658,3.759981147548614,0,1779.4405072676636,,,,,,,,,,,,,,,,,,,1.7997619410976236,1.883386472915363,36.31511239321763,6.008660666793741,124.24214362305996,166.85013464925905,-88.99850897258213,,3.6195087772654144,,74.54549519233746,12.424249198722912,,,211.21188801412032,,,,,,,,,not_modelled_synthetic,,,1.8747520219766916,4.310446694165721,161.7403627683886,-104.31597737261288,-120.90546962307336,-119.54909877096658,-2.765829910004444,222.28054033684543,226.7819575030437,227.62083509361327,678.4224152066454,1108.0952880384373,12.791708077002571,38.12560253831498,62.27211775345729,1551.8196721740503,227.62083509361327,,36.315112393217625,,1.7997619410976236,donchian_atr,eth_short_historical_falsification_v1_donchian_atr,20261008T183843Z-788bbf8b61dc,eaca7db6a6ab45188064bf0567542641,2022.0,24,25,0,1779.440507267664,-2.765829910004444,DESCRIPTIVE_SAMPLE,historical,,
4c4aa07c4c65af74,donchian_atr_04,ETHUSDT,1h,SHORT_ONLY,"{""atr_expansion_threshold"": 1.25, ""atr_length"": 14, ""atr_reference_length"": 50, ""atr_stop_multiplier"": 2.0, ""breakout_length"": 40, ""exit_length"": 10, ""exit_method"": ""risk"", ""reward_risk"": 2.0, ""slope_lookback"": 5, ""trend_length"": 200}",HISTORICAL_CHALLENGE/year_2022,adverse,2022-01-01T00:00:00+00:00,2023-01-01T00:00:00+00:00,49,donchian_atr_breakout,1.0.0,48.97959183673469,15.570638321669318,15.570638321669318,3.3118762361264755,0,1557.0638321669342,,,,,,,,,,,,,,,,,,,1.6750311517115686,1.707249489047862,31.77681290136601,6.228877858151247,244.56916413543044,160.98827547131154,-92.26619116578168,,3.446879960381888,,146.742327070857,24.4570545118095,,,415.7685457180969,,,,,,,,,not_modelled_synthetic,,,1.7448241163662177,8.485072361593815,158.12112774631066,-107.26823235280764,-120.26060728926832,-118.39637576779096,-46.51144318581432,213.73879653682383,217.41733156314564,217.78049958335683,651.5064361211831,1066.2294199373152,13.986613463384868,41.84198635032802,68.47692418964385,1339.2833325835777,217.78049958335683,,31.776812901366004,,1.6750311517115686,donchian_atr,eth_short_historical_falsification_v1_donchian_atr,20261008T183843Z-788bbf8b61dc,ba2f313f37c6439980de7694627ca91a,2022.0,24,25,0,1557.0638321669346,-46.51144318581432,DESCRIPTIVE_SAMPLE,historical,,
db2f1a56c8656a10,donchian_atr_05,ETHUSDT,1h,SHORT_ONLY,"{""atr_expansion_threshold"": 1.25, ""atr_length"": 14, ""atr_reference_length"": 50, ""atr_stop_multiplier"": 2.0, ""breakout_length"": 50, ""exit_length"": 10, ""exit_method"": ""risk"", ""reward_risk"": 2.0, ""slope_lookback"": 5, ""trend_length"": 200}",HISTORICAL_CHALLENGE/year_2020,base,2020-02-11T16:00:00+00:00,2021-01-01T00:00:00+00:00,33,donchian_atr_breakout,1.0.0,30.303030303030305,-2.4126199923865,-2.710991383121641,-0.7058294065720679,0,-241.26199923865244,,,,,,,,,,,,,,,,,,,0.8666790324950236,-0.4153030715043028,-7.310969673898557,9.7023735263988,71.72200831752363,156.83708271181405,-78.67968810246926,,2.0808447670826054,,43.0331924603812,7.172198743396868,,,121.9273995213017,,,,,,,,,not_modelled_synthetic,,,1.9933617747385544,3.694769682463688,166.17720882201837,-75.34858830433316,-105.97157637968796,-104.61717159108711,-67.9081858353885,194.29748647386603,200.9164632203596,202.08119818208036,400.52259960878325,779.9357386091141,,,,-443.3431974207328,202.08119818208036,,-7.310969673898558,,0.8666790324950236,donchian_atr,eth_short_historical_falsification_v1_donchian_atr,20261008T183843Z-788bbf8b61dc,b6dd09936bc743d0b57065372c4614d4,2020.0,10,23,0,-241.2619992386524,-67.9081858353885,DESCRIPTIVE_SAMPLE,historical,,
db2f1a56c8656a10,donchian_atr_05,ETHUSDT,1h,SHORT_ONLY,"{""atr_expansion_threshold"": 1.25, ""atr_length"": 14, ""atr_reference_length"": 50, ""atr_stop_multiplier"": 2.0, ""breakout_length"": 50, ""exit_length"": 10, ""exit_method"": ""risk"", ""reward_risk"": 2.0, ""slope_lookback"": 5, ""trend_length"": 200}",HISTORICAL_CHALLENGE/year_2020,adverse,2020-02-11T16:00:00+00:00,2021-01-01T00:00:00+00:00,33,donchian_atr_breakout,1.0.0,30.303030303030305,-3.3820328495348995,-3.7979395483916263,-0.9997460851659496,0,-338.20328495348554,,,,,,,,,,,,,,,,,,,0.8177197492616362,-0.6063212767442239,-10.248584392529864,10.178938111475365,141.90100067979586,151.71995005020045,-80.66968632415174,,2.068612173678303,,85.14055967979236,14.190093279965394,,,241.23165363955363,,,,,,,,,not_modelled_synthetic,,,1.8807554233017636,7.310050110289504,162.8877628310018,-78.15349613469253,-105.78174052084586,-104.42975491199576,-70.59932153822747,186.37828963920964,194.59156493700735,195.62181983902445,388.0240931092456,751.7251587974756,,,,-533.8251047925099,195.62181983902445,,-10.248584392529864,,0.817719749261636,donchian_atr,eth_short_historical_falsification_v1_donchian_atr,20261008T183843Z-788bbf8b61dc,f9984a271dd641b2b84e50494dcb45d7,2020.0,10,23,0,-338.2032849534855,-70.59932153822747,DESCRIPTIVE_SAMPLE,historical,,
db2f1a56c8656a10,donchian_atr_05,ETHUSDT,1h,SHORT_ONLY,"{""atr_expansion_threshold"": 1.25, ""atr_length"": 14, ""atr_reference_length"": 50, ""atr_stop_multiplier"": 2.0, ""breakout_length"": 50, ""exit_length"": 10, ""exit_method"": ""risk"", ""reward_risk"": 2.0, ""slope_lookback"": 5, ""trend_length"": 200}",HISTORICAL_CHALLENGE/year_2021,base,2021-01-01T00:00:00+00:00,2022-01-01T00:00:00+00:00,24,donchian_atr_breakout,1.0.0,41.66666666666666,3.5523858410779763,3.5523858410779763,1.058488669256049,0,355.23858410779707,,,,,,,,,,,,,,,,,,,1.2688345141716704,0.5230267955934751,14.80160767115821,3.831870513912088,49.67948037313064,167.6641028293036,-94.38588887037422,,1.0455204253509578,,29.80773439172262,4.9679557319537695,,,84.45517049680703,,,,,,,,,not_modelled_synthetic,,,1.7763683198403384,3.51896543736696,192.21272276880453,-100.63218849333958,-106.19907771047576,-104.91758993317669,-76.55074220478535,196.0737540930759,197.6147602835039,197.9113012279541,394.5332940017768,587.5003622372878,55.71221992256843,111.06149828647436,165.3819119093806,157.32728287984293,197.9113012279541,,14.80160767115821,,1.2688345141716706,donchian_atr,eth_short_historical_falsification_v1_donchian_atr,20261008T183843Z-788bbf8b61dc,7002c16fe536428faa6f80031796ed39,2021.0,10,14,0,355.23858410779707,-76.55074220478535,DESCRIPTIVE_SAMPLE,historical,,
db2f1a56c8656a10,donchian_atr_05,ETHUSDT,1h,SHORT_ONLY,"{""atr_expansion_threshold"": 1.25, ""atr_length"": 14, ""atr_reference_length"": 50, ""atr_stop_multiplier"": 2.0, ""breakout_length"": 50, ""exit_length"": 10, ""exit_method"": ""risk"", ""reward_risk"": 2.0, ""slope_lookback"": 5, ""trend_length"": 200}",HISTORICAL_CHALLENGE/year_2021,adverse,2021-01-01T00:00:00+00:00,2022-01-01T00:00:00+00:00,24,donchian_atr_breakout,1.0.0,37.5,-0.0070961898740118,-0.0070961898740118,0.061109135725745,0,-0.7096189873978744,,,,,,,,,,,,,,,,,,,0.9995022551496764,0.0326393193279584,-0.0295674578082418,3.8897104973529606,95.74258187541857,158.32872733449972,-95.04454433319302,,0.9029251877274124,,57.44561718744797,9.57426953124133,,,162.76246859410787,,,,,,,,,not_modelled_synthetic,,,1.6658370919161274,6.781769524754495,183.5262456988487,-100.82699734859274,-102.73673160682937,-102.22495351947752,-85.14664633972444,188.54743808518603,193.8935766193188,195.3479626331848,384.3725078147784,570.2163390203215,,,,-196.0575816205826,195.3479626331848,,-0.0295674578082447,,0.9995022551496764,donchian_atr,eth_short_historical_falsification_v1_donchian_atr,20261008T183843Z-788bbf8b61dc,63de382bc4e047ca991fbd0b51e4e476,2021.0,9,15,0,-0.7096189873978034,-85.14664633972444,DESCRIPTIVE_SAMPLE,historical,,
db2f1a56c8656a10,donchian_atr_05,ETHUSDT,1h,SHORT_ONLY,"{""atr_expansion_threshold"": 1.25, ""atr_length"": 14, ""atr_reference_length"": 50, ""atr_stop_multiplier"": 2.0, ""breakout_length"": 50, ""exit_length"": 10, ""exit_method"": ""risk"", ""reward_risk"": 2.0, ""slope_lookback"": 5, ""trend_length"": 200}",HISTORICAL_CHALLENGE/year_2022,base,2022-01-01T00:00:00+00:00,2023-01-01T00:00:00+00:00,49,donchian_atr_breakout,1.0.0,48.97959183673469,17.79440507267658,17.79440507267658,3.759981147548614,0,1779.4405072676636,,,,,,,,,,,,,,,,,,,1.7997619410976236,1.883386472915363,36.31511239321763,6.008660666793741,124.24214362305996,166.85013464925905,-88.99850897258213,,3.6195087772654144,,74.54549519233746,12.424249198722912,,,211.21188801412032,,,,,,,,,not_modelled_synthetic,,,1.8747520219766916,4.310446694165721,161.7403627683886,-104.31597737261288,-120.90546962307336,-119.54909877096658,-2.765829910004444,222.28054033684543,226.7819575030437,227.62083509361327,678.4224152066454,1108.0952880384373,12.791708077002571,38.12560253831498,62.27211775345729,1551.8196721740503,227.62083509361327,,36.315112393217625,,1.7997619410976236,donchian_atr,eth_short_historical_falsification_v1_donchian_atr,20261008T183843Z-788bbf8b61dc,882c2a05fee748ce94a0bd31db0d53d5,2022.0,24,25,0,1779.440507267664,-2.765829910004444,DESCRIPTIVE_SAMPLE,historical,,
db2f1a56c8656a10,donchian_atr_05,ETHUSDT,1h,SHORT_ONLY,"{""atr_expansion_threshold"": 1.25, ""atr_length"": 14, ""atr_reference_length"": 50, ""atr_stop_multiplier"": 2.0, ""breakout_length"": 50, ""exit_length"": 10, ""exit_method"": ""risk"", ""reward_risk"": 2.0, ""slope_lookback"": 5, ""trend_length"": 200}",HISTORICAL_CHALLENGE/year_2022,adverse,2022-01-01T00:00:00+00:00,2023-01-01T00:00:00+00:00,49,donchian_atr_breakout,1.0.0,48.97959183673469,15.570638321669318,15.570638321669318,3.3118762361264755,0,1557.0638321669342,,,,,,,,,,,,,,,,,,,1.6750311517115686,1.707249489047862,31.77681290136601,6.228877858151247,244.56916413543044,160.98827547131154,-92.26619116578168,,3.446879960381888,,146.742327070857,24.4570545118095,,,415.7685457180969,,,,,,,,,not_modelled_synthetic,,,1.7448241163662177,8.485072361593815,158.12112774631066,-107.26823235280764,-120.26060728926832,-118.39637576779096,-46.51144318581432,213.73879653682383,217.41733156314564,217.78049958335683,651.5064361211831,1066.2294199373152,13.986613463384868,41.84198635032802,68.47692418964385,1339.2833325835777,217.78049958335683,,31.776812901366004,,1.6750311517115686,donchian_atr,eth_short_historical_falsification_v1_donchian_atr,20261008T183843Z-788bbf8b61dc,cb971eab73f64d958b17655ba5999276,2022.0,24,25,0,1557.0638321669346,-46.51144318581432,DESCRIPTIVE_SAMPLE,historical,,
cf431489718e192b,atr_00,ETHUSDT,1h,SHORT_ONLY,"{""atr_expansion_threshold"": 1.1, ""atr_length"": 14, ""atr_reference_length"": 50, ""atr_reference_method"": ""mean"", ""atr_stop_multiplier"": 2.0, ""exit_length"": 10, ""exit_method"": ""risk"", ""fast_length"": 50, ""impulse_atr_multiplier"": 0.75, ""reward_risk"": 2.0, ""slope_lookback"": 5, ""trend_filter"": ""ema_slope"", ""trend_length"": 200}",train,base,2023-06-04T00:00:00+00:00,2024-07-01T00:00:00+00:00,94,atr_volatility_breakout,1.0.0,34.04255319148936,-5.691249672280064,-5.2967071243999015,-1.4814772119942776,0,-569.1249672280136,0.0,94.0,,,,,,,,,,,,,,,,,0.8033639844427031,-0.9195810568204532,-6.054520927957592,10.227712969233483,223.20998955962693,72.66193390715821,-46.682368584791554,,5.487163186848747,,133.92597382063528,22.320995636772547,,,379.4569590170347,,,,,,,,,not_modelled_synthetic,,,1.5565177198577371,4.036776159755688,60.41606367817726,-44.04509980247085,-96.34131871063155,-80.3970061584574,-32.53455887550461,107.24450564750909,164.63071711757297,171.76394084445036,745.8745392477858,1206.8814158241562,,,,-740.8889080724639,171.76394084445036,,-6.054520927957592,,0.8033639844427031,atr,eth_short_regime_challenge_v1_atr,20261007T203617Z-52e2dc923989,b7e8247ec6d74a51aee45ead5f91cfce,,32,62,0,-569.1249672280136,-32.53455887550461,DESCRIPTIVE_SAMPLE,recent,,human_review_required
cf431489718e192b,atr_00,ETHUSDT,1h,SHORT_ONLY,"{""atr_expansion_threshold"": 1.1, ""atr_length"": 14, ""atr_reference_length"": 50, ""atr_reference_method"": ""mean"", ""atr_stop_multiplier"": 2.0, ""exit_length"": 10, ""exit_method"": ""risk"", ""fast_length"": 50, ""impulse_atr_multiplier"": 0.75, ""reward_risk"": 2.0, ""slope_lookback"": 5, ""trend_filter"": ""ema_slope"", ""trend_length"": 200}",train,adverse,2023-06-04T00:00:00+00:00,2024-07-01T00:00:00+00:00,93,atr_volatility_breakout,1.0.0,34.40860215053763,-7.816917990221572,-7.280792290652938,-2.0828599074651386,0,-781.6917990221572,0.0,93.0,,,,,,,,,,,,,,,,,0.7360909221179376,-1.3202883125038931,-8.405288161528572,12.171831537310355,434.8793909165372,68.13381546164865,-48.55694907860515,,5.488916338809906,,260.9276167432431,43.48793612387385,,,739.2949437836542,,,,,,,,,not_modelled_synthetic,,,1.4031733202873184,7.949407997673701,56.39605656573213,-46.41027565046634,-94.0962598942723,-79.27976661614515,-35.24466594834227,101.83255028614876,157.40800442347162,160.1347186225358,708.5026889439532,1145.0608568551722,,,,-941.826517644693,160.1347186225358,,-8.405288161528572,,0.7360909221179377,atr,eth_short_regime_challenge_v1_atr,20261007T203617Z-52e2dc923989,be5fea572aae49d3a07a704b775e73de,,32,61,0,-781.6917990221572,-35.24466594834227,DESCRIPTIVE_SAMPLE,recent,,human_review_required
b189830689073f8b,atr_01,ETHUSDT,1h,SHORT_ONLY,"{""atr_expansion_threshold"": 1.1, ""atr_length"": 14, ""atr_reference_length"": 50, ""atr_reference_method"": ""mean"", ""atr_stop_multiplier"": 2.0, ""exit_length"": 10, ""exit_method"": ""risk"", ""fast_length"": 50, ""impulse_atr_multiplier"": 1.0, ""reward_risk"": 2.0, ""slope_lookback"": 5, ""trend_filter"": ""ema_slope"", ""trend_length"": 200}",train,base,2023-06-04T00:00:00+00:00,2024-07-01T00:00:00+00:00,82,atr_volatility_breakout,1.0.0,37.80487804878049,0.1757171973147731,0.163187696696343,0.1011769508895829,0,17.57171973146597,0.0,82.0,,,,,,,,,,,,,,,,,1.007207110812392,0.0570032375061339,0.2142892650178779,6.1732622577395135,200.16815458931995,79.21549811747411,-47.80605337078886,,4.693447583315207,,120.10093032864272,20.016821721440454,,,340.28590663940315,,,,,,,,,not_modelled_synthetic,,,1.657018150046193,4.149828129748819,62.82611171360626,-43.56829122114676,-99.65245845440036,-77.15381398781705,-30.26643813700685,116.66136166687394,175.38787144357624,179.5212407692365,787.1696873291493,1217.430401865571,1021.6486690700204,4479.753258979828,6928.35089832156,-161.9495210377705,179.5212407692365,,0.2142892650178776,,1.0072071108123917,atr,eth_short_regime_challenge_v1_atr,20261007T203617Z-52e2dc923989,7af0a45591244d29a43c233a4eabee16,,31,51,0,17.571719731465993,-30.26643813700685,DESCRIPTIVE_SAMPLE,recent,,human_review_required
b189830689073f8b,atr_01,ETHUSDT,1h,SHORT_ONLY,"{""atr_expansion_threshold"": 1.1, ""atr_length"": 14, ""atr_reference_length"": 50, ""atr_reference_method"": ""mean"", ""atr_stop_multiplier"": 2.0, ""exit_length"": 10, ""exit_method"": ""risk"", ""fast_length"": 50, ""impulse_atr_multiplier"": 1.0, ""reward_risk"": 2.0, ""slope_lookback"": 5, ""trend_filter"": ""ema_slope"", ""trend_length"": 200}",train,adverse,2023-06-04T00:00:00+00:00,2024-07-01T00:00:00+00:00,81,atr_volatility_breakout,1.0.0,38.27160493827161,-1.71345576197246,-1.592354848459432,-0.493133520945852,0,-171.34557619724643,0.0,81.0,,,,,,,,,,,,,,,,,0.931073929660732,-0.2816797653426782,-2.115377483916623,7.860089916489262,390.0585612785109,74.66410266718239,-49.71865517759801,,4.703963925690466,,234.0353433038785,39.00589055064642,,,663.0997951330359,,,,,,,,,not_modelled_synthetic,,,1.5017321446140837,8.18641722386464,58.62874663356055,-45.12134966444298,-98.64537472504291,-76.70167303813662,-32.74908107862488,111.01740178272532,167.79570534542742,167.996375847019,750.7250416639539,1160.759040303543,,,,-339.34195204426544,167.996375847019,,-2.1153774839166224,,0.931073929660732,atr,eth_short_regime_challenge_v1_atr,20261007T203617Z-52e2dc923989,c866a6df27c4463a8d66364a8f1d67d0,,31,50,0,-171.34557619724646,-32.74908107862488,DESCRIPTIVE_SAMPLE,recent,,human_review_required
817d1c5f49c84d4e,atr_02,ETHUSDT,1h,SHORT_ONLY,"{""atr_expansion_threshold"": 1.1, ""atr_length"": 14, ""atr_reference_length"": 50, ""atr_reference_method"": ""mean"", ""atr_stop_multiplier"": 2.0, ""exit_length"": 10, ""exit_method"": ""risk"", ""fast_length"": 50, ""impulse_atr_multiplier"": 1.25, ""reward_risk"": 2.0, ""slope_lookback"": 5, ""trend_filter"": ""ema_slope"", ""trend_length"": 200}",train,base,2023-06-04T00:00:00+00:00,2024-07-01T00:00:00+00:00,68,atr_volatility_breakout,1.0.0,39.70588235294117,2.63695235403385,2.446798661571359,0.8829906319359726,0,263.69523540336803,0.0,68.0,,,,,,,,,,,,,,,,,1.1355326219384283,0.4737624855137956,3.8778711088730593,5.173794882623349,167.10856931943798,81.82656002273588,-47.45419232220733,,3.659219239890007,,100.26519910854915,16.710866518091528,,,284.0846349460786,,,,,,,,,not_modelled_synthetic,,,1.7243273147953917,4.177715219795274,64.77569099583029,-41.34325549367203,-100.8566686623718,-78.28444849742407,-27.093208199950265,141.5195712208837,178.01063908003394,181.46669543098392,677.7068488011648,1026.1484815230394,68.81682755981497,257.0038278334812,389.1418363905459,82.22853997238411,181.46669543098392,,3.8778711088730593,,1.135532621938429,atr,eth_short_regime_challenge_v1_atr,20261007T203617Z-52e2dc923989,aa5334eb9e37486da6e26afeb06d2f71,,27,41,0,263.69523540336803,-27.093208199950265,DESCRIPTIVE_SAMPLE,recent,,human_review_required
817d1c5f49c84d4e,atr_02,ETHUSDT,1h,SHORT_ONLY,"{""atr_expansion_threshold"": 1.1, ""atr_length"": 14, ""atr_reference_length"": 50, ""atr_reference_method"": ""mean"", ""atr_stop_multiplier"": 2.0, ""exit_length"": 10, ""exit_method"": ""risk"", ""fast_length"": 50, ""impulse_atr_multiplier"": 1.25, ""reward_risk"": 2.0, ""slope_lookback"": 5, ""trend_filter"": ""ema_slope"", ""trend_length"": 200}",train,adverse,2023-06-04T00:00:00+00:00,2024-07-01T00:00:00+00:00,68,atr_volatility_breakout,1.0.0,39.70588235294117,0.3192166094578841,0.2964397659931617,0.1508877327189997,0,31.92166094578677,0.0,68.0,,,,,,,,,,,,,,,,,1.015548078567758,0.0829705817965303,0.4694361903792165,6.577737670787975,329.99340472883125,77.22278826670296,-50.075454201346176,,3.675081158291949,,197.99629185980936,32.99938197663489,,,560.9890785652756,,,,,,,,,not_modelled_synthetic,,,1.54212856375104,8.249839390665818,60.17860394977916,-44.177914380644125,-100.62771571051874,-80.25410349620778,-30.000267554291007,136.00222216810442,170.16404024243676,170.3343177150654,648.6106034412361,981.8131625053924,533.6010491570223,2031.8823777459013,3075.6957295324573,-138.41265676927867,170.3343177150654,,0.4694361903792172,,1.015548078567758,atr,eth_short_regime_challenge_v1_atr,20261007T203617Z-52e2dc923989,ebeee4bdb9004415b5cd15a7d5c32b06,,27,41,0,31.921660945786723,-30.000267554291007,DESCRIPTIVE_SAMPLE,recent,,human_review_required
143528a8db38d8af,atr_03,ETHUSDT,1h,SHORT_ONLY,"{""atr_expansion_threshold"": 1.25, ""atr_length"": 14, ""atr_reference_length"": 50, ""atr_reference_method"": ""mean"", ""atr_stop_multiplier"": 2.0, ""exit_length"": 10, ""exit_method"": ""risk"", ""fast_length"": 50, ""impulse_atr_multiplier"": 0.75, ""reward_risk"": 2.0, ""slope_lookback"": 5, ""trend_filter"": ""ema_slope"", ""trend_length"": 200}",train,base,2023-06-04T00:00:00+00:00,2024-07-01T00:00:00+00:00,72,atr_volatility_breakout,1.0.0,33.333333333333336,-5.4005032972958,-5.025575568493935,-1.5068460262823449,0,-540.0503297295639,0.0,72.0,,,,,,,,,,,,,,,,,0.7684916773131504,-0.9577995410933416,-7.500699024021723,9.278280512759345,171.7944649102208,74.69569180614587,-48.59889443910552,,4.657683165198686,,103.07665290615664,17.17944215102611,,,292.0505599674035,,,,,,,,,not_modelled_synthetic,,,1.5369833546263008,4.056257777325048,59.76554775373776,-43.65800702156929,-96.41259934481285,-87.46027060686109,-32.81374979804738,113.09966665648024,165.84327826631073,173.72695212209652,613.6662733067257,999.1655237946762,,,,-713.7772818516605,173.72695212209652,,-7.5006990240217215,,0.7684916773131504,atr,eth_short_regime_challenge_v1_atr,20261007T203617Z-52e2dc923989,fd1637e50e1f4b38b272eaf2dc5a5cb4,,24,48,0,-540.050329729564,-32.81374979804738,DESCRIPTIVE_SAMPLE,recent,,human_review_required
143528a8db38d8af,atr_03,ETHUSDT,1h,SHORT_ONLY,"{""atr_expansion_threshold"": 1.25, ""atr_length"": 14, ""atr_reference_length"": 50, ""atr_reference_method"": ""mean"", ""atr_stop_multiplier"": 2.0, ""exit_length"": 10, ""exit_method"": ""risk"", ""fast_length"": 50, ""impulse_atr_multiplier"": 0.75, ""reward_risk"": 2.0, ""slope_lookback"": 5, ""trend_filter"": ""ema_slope"", ""trend_length"": 200}",train,adverse,2023-06-04T00:00:00+00:00,2024-07-01T00:00:00+00:00,72,atr_volatility_breakout,1.0.0,33.333333333333336,-7.636991006019455,-7.1127243318587885,-2.107340231328706,0,-763.6991006019457,0.0,72.0,,,,,,,,,,,,,,,,,0.6882492894314679,-1.3925239503794715,-10.6069319528048,10.78128891241674,339.0047652711666,70.25048988263045,-51.03564287052242,,4.606017626240775,,203.40278045844155,33.90046340974026,,,576.3080091393484,,,,,,,,,not_modelled_synthetic,,,1.3764985788629358,8.004277904713172,56.28622327007516,-46.39213964071804,-94.91499152655034,-88.62063598686605,-35.72156292346054,107.76895718400874,158.41811045457476,162.73272971214237,585.3601840520228,951.1195912784864,,,,-926.431830314088,162.73272971214237,,-10.606931952804802,,0.688249289431468,atr,eth_short_regime_challenge_v1_atr,20261007T203617Z-52e2dc923989,d5046f27b25f4db18f4d4d63c29fc310,,24,48,0,-763.6991006019456,-35.72156292346054,DESCRIPTIVE_SAMPLE,recent,,human_review_required
49c4a234fbe24bab,atr_04,ETHUSDT,1h,SHORT_ONLY,"{""atr_expansion_threshold"": 1.25, ""atr_length"": 14, ""atr_reference_length"": 50, ""atr_reference_method"": ""mean"", ""atr_stop_multiplier"": 2.0, ""exit_length"": 10, ""exit_method"": ""risk"", ""fast_length"": 50, ""impulse_atr_multiplier"": 1.0, ""reward_risk"": 2.0, ""slope_lookback"": 5, ""trend_filter"": ""ema_slope"", ""trend_length"": 200}",train,base,2023-06-04T00:00:00+00:00,2024-07-01T00:00:00+00:00,65,atr_volatility_breakout,1.0.0,35.38461538461539,-3.9087935003129126,-3.635431416075519,-1.1568526166764863,0,-390.8793500312945,0.0,65.0,,,,,,,,,,,,,,,,,0.8161493361685519,-0.7252346236990285,-6.013528462019915,5.953799527391992,156.9166257800278,75.44306444904882,-50.62071029427183,,3.939948448099694,,94.14996243530102,15.691660405883503,,,266.7582486212123,,,,,,,,,not_modelled_synthetic,,,1.4903596573512683,4.103973055710958,57.72300858609498,-46.61821145524033,-99.02221028138716,-89.88611108758278,-31.21323661793723,113.47228960781072,172.72631862911783,180.09304158704276,622.9785062461846,922.4771770472582,,,,-570.9723916183373,180.09304158704276,,-6.013528462019916,,0.8161493361685519,atr,eth_short_regime_challenge_v1_atr,20261007T203617Z-52e2dc923989,9fd6193418ec463c8ac4c9e26b8dcdd3,,23,42,0,-390.8793500312945,-31.21323661793723,DESCRIPTIVE_SAMPLE,recent,,human_review_required
49c4a234fbe24bab,atr_04,ETHUSDT,1h,SHORT_ONLY,"{""atr_expansion_threshold"": 1.25, ""atr_length"": 14, ""atr_reference_length"": 50, ""atr_reference_method"": ""mean"", ""atr_stop_multiplier"": 2.0, ""exit_length"": 10, ""exit_method"": ""risk"", ""fast_length"": 50, ""impulse_atr_multiplier"": 1.0, ""reward_risk"": 2.0, ""slope_lookback"": 5, ""trend_filter"": ""ema_slope"", ""trend_length"": 200}",train,adverse,2023-06-04T00:00:00+00:00,2024-07-01T00:00:00+00:00,65,atr_volatility_breakout,1.0.0,35.38461538461539,-5.957469078257704,-5.545018621433484,-1.741872017364029,0,-595.7469078257735,0.0,65.0,,,,,,,,,,,,,,,,,0.732857332274498,-1.137923141321019,-9.16533704347344,7.290018551731259,309.94303104277867,71.05753531839662,-53.09691000354513,,3.924074148193696,,185.9657897112759,30.99429828521265,,,526.9031190392672,,,,,,,,,not_modelled_synthetic,,,1.338261215457779,8.10620183137334,54.10516470457858,-49.41437063664873,-97.72361744994564,-91.56805255933118,-34.32878645906637,108.74878344581076,165.0592911204332,169.10070185426264,595.8042087261721,880.3757821431498,,,,-764.8476096800362,169.10070185426264,,-9.16533704347344,,0.732857332274498,atr,eth_short_regime_challenge_v1_atr,20261007T203617Z-52e2dc923989,2d28a410843b4f3483fd4e3da684da38,,23,42,0,-595.7469078257735,-34.32878645906637,DESCRIPTIVE_SAMPLE,recent,,human_review_required
cfd1f51b4fb4e68c,atr_05,ETHUSDT,1h,SHORT_ONLY,"{""atr_expansion_threshold"": 1.25, ""atr_length"": 14, ""atr_reference_length"": 50, ""atr_reference_method"": ""mean"", ""atr_stop_multiplier"": 2.0, ""exit_length"": 10, ""exit_method"": ""risk"", ""fast_length"": 50, ""impulse_atr_multiplier"": 1.25, ""reward_risk"": 2.0, ""slope_lookback"": 5, ""trend_filter"": ""ema_slope"", ""trend_length"": 200}",train,base,2023-06-04T00:00:00+00:00,2024-07-01T00:00:00+00:00,52,atr_volatility_breakout,1.0.0,38.46153846153846,-0.8678972506962368,-0.8063123218955748,-0.2760447099415372,0,-86.78972506961915,0.0,52.0,,,,,,,,,,,,,,,,,0.9460406561585408,-0.1510183902111442,-1.6690331744157516,4.079707336425015,127.83377481982424,76.08191891095265,-50.26337822777101,,3.07604469963602,,76.70027859730388,12.783379766217314,,,217.31743318334543,,,,,,,,,not_modelled_synthetic,,,1.513665049853665,4.179181407372028,56.2857703113723,-44.8478690562645,-101.2809514990792,-84.30556224585499,-30.721235588307955,138.5809070749785,179.30598549300697,184.42831491294075,523.1543031096397,823.9751987417762,,,,-271.21803998255984,184.42831491294075,,-1.669033174415753,,0.946040656158541,atr,eth_short_regime_challenge_v1_atr,20261007T203617Z-52e2dc923989,2278be821b54488690bb4e75b4bc3a01,,20,32,0,-86.78972506961908,-30.721235588307955,DESCRIPTIVE_SAMPLE,recent,,human_review_required
cfd1f51b4fb4e68c,atr_05,ETHUSDT,1h,SHORT_ONLY,"{""atr_expansion_threshold"": 1.25, ""atr_length"": 14, ""atr_reference_length"": 50, ""atr_reference_method"": ""mean"", ""atr_stop_multiplier"": 2.0, ""exit_length"": 10, ""exit_method"": ""risk"", ""fast_length"": 50, ""impulse_atr_multiplier"": 1.25, ""reward_risk"": 2.0, ""slope_lookback"": 5, ""trend_filter"": ""ema_slope"", ""trend_length"": 200}",train,adverse,2023-06-04T00:00:00+00:00,2024-07-01T00:00:00+00:00,52,atr_volatility_breakout,1.0.0,38.46153846153846,-2.586172555859667,-2.404149544159706,-0.8793835608830507,0,-258.6172555859616,0.0,52.0,,,,,,,,,,,,,,,,,0.8473467913289313,-0.5050462195125087,-4.973408761268491,5.003109409080904,253.0341805536549,71.77657895657146,-52.94215108491845,,3.061005290994598,,151.8205803793858,25.30343006323097,,,430.1581909962716,,,,,,,,,not_modelled_synthetic,,,1.35575486612629,8.272272903774454,52.70924669978631,-47.77564074982368,-100.2931341531949,-86.5502247205454,-33.98897072145717,133.60571632771098,171.13963728916633,173.5847361302354,501.14671323900086,788.3941677335317,,,,-432.2019917161969,173.5847361302354,,-4.973408761268492,,0.8473467913289314,atr,eth_short_regime_challenge_v1_atr,20261007T203617Z-52e2dc923989,6a4808833c7046f2a41e08861dc2e9ff,,20,32,0,-258.6172555859615,-33.98897072145717,DESCRIPTIVE_SAMPLE,recent,,human_review_required
cf431489718e192b,atr_00,ETHUSDT,1h,SHORT_ONLY,"{""atr_expansion_threshold"": 1.1, ""atr_length"": 14, ""atr_reference_length"": 50, ""atr_reference_method"": ""mean"", ""atr_stop_multiplier"": 2.0, ""exit_length"": 10, ""exit_method"": ""risk"", ""fast_length"": 50, ""impulse_atr_multiplier"": 0.75, ""reward_risk"": 2.0, ""slope_lookback"": 5, ""trend_filter"": ""ema_slope"", ""trend_length"": 200}",validation,base,2024-07-01T00:00:00+00:00,2025-01-01T00:00:00+00:00,51,atr_volatility_breakout,1.0.0,37.25490196078432,-0.341028601068194,-0.6753622155660666,-0.0345496301779427,0,-34.102860106820565,0.0,51.0,,,,,,,,,,,,,,,,,0.9843940967114184,-0.0222623672986992,-0.6686835315062819,6.013766302959398,124.83568119035344,113.21847268928887,-68.28918253760342,,6.839484301094704,,74.90142741658313,12.48357123609719,,,212.22067984303376,,,,,,,,,not_modelled_synthetic,,,1.6579268997244938,4.1611898008438,105.98928627117616,-62.07986353933918,-104.02871995079364,-102.03922518458955,-50.72403785451224,135.7410481255646,193.204627169383,196.25989649004703,527.4702095086586,914.0417164757934,,,,-230.36275659686743,196.25989649004703,,-0.6686835315062856,,0.9843940967114184,atr,eth_short_regime_challenge_v1_atr,20261007T203617Z-52e2dc923989,332f12a952da45628517692799de225a,,19,32,0,-34.10286010682038,-50.72403785451224,DESCRIPTIVE_SAMPLE,recent,,human_review_required
cf431489718e192b,atr_00,ETHUSDT,1h,SHORT_ONLY,"{""atr_expansion_threshold"": 1.1, ""atr_length"": 14, ""atr_reference_length"": 50, ""atr_reference_method"": ""mean"", ""atr_stop_multiplier"": 2.0, ""exit_length"": 10, ""exit_method"": ""risk"", ""fast_length"": 50, ""impulse_atr_multiplier"": 0.75, ""reward_risk"": 2.0, ""slope_lookback"": 5, ""trend_filter"": ""ema_slope"", ""trend_length"": 200}",validation,adverse,2024-07-01T00:00:00+00:00,2025-01-01T00:00:00+00:00,51,atr_volatility_breakout,1.0.0,37.25490196078432,-1.9503536970715163,-3.831790640720434,-0.5410494636096437,0,-195.0353697071519,0.0,51.0,,,,,,,,,,,,,,,,,0.913723231100783,-0.359329999770381,-3.824222935434351,6.776819138075217,246.9287980976487,108.71277246926492,-70.64306395697454,,6.855523374631846,,148.15737325094204,24.692895541823678,,,419.7790668904144,,,,,,,,,not_modelled_synthetic,,,1.5389022839592137,8.230962095890478,102.15261512207098,-64.88095566698001,-103.2321940362813,-101.57833518867504,-53.31697362794413,131.4478656112999,184.52007056899916,187.9065924079404,506.3893130254904,878.9945311698241,,,,-382.94196211509234,187.9065924079404,,-3.824222935434351,,0.913723231100783,atr,eth_short_regime_challenge_v1_atr,20261007T203617Z-52e2dc923989,cdfa91e794f0443d815f7c89edca5209,,19,32,0,-195.0353697071519,-53.31697362794413,DESCRIPTIVE_SAMPLE,recent,,human_review_required
b189830689073f8b,atr_01,ETHUSDT,1h,SHORT_ONLY,"{""atr_expansion_threshold"": 1.1, ""atr_length"": 14, ""atr_reference_length"": 50, ""atr_reference_method"": ""mean"", ""atr_stop_multiplier"": 2.0, ""exit_length"": 10, ""exit_method"": ""risk"", ""fast_length"": 50, ""impulse_atr_multiplier"": 1.0, ""reward_risk"": 2.0, ""slope_lookback"": 5, ""trend_filter"": ""ema_slope"", ""trend_length"": 200}",validation,base,2024-07-01T00:00:00+00:00,2025-01-01T00:00:00+00:00,41,atr_volatility_breakout,1.0.0,36.58536585365854,-0.2078143552294742,-0.4118190646926645,-0.0237839976270658,0,-20.7814355229488,0.0,41.0,,,,,,,,,,,,,,,,,0.9881862328704496,-0.0149191047527274,-0.5068642810475309,6.859735441725072,101.04200341480272,115.88698878669528,-67.65716412782223,,4.962822066100716,,60.62521790283045,10.104202983805076,,,171.77142430143823,,,,,,,,,not_modelled_synthetic,,,1.712856136975446,4.18954693418142,105.59482722310368,-61.66272363882641,-103.88340395748398,-102.47857323604136,-48.16589979742558,141.81237567854748,193.41530504463705,197.30551254630325,526.6978820169884,794.1053919638101,,,,-218.086948069252,197.30551254630325,,-0.5068642810475317,,0.9881862328704496,atr,eth_short_regime_challenge_v1_atr,20261007T203617Z-52e2dc923989,be31d88eb23041e491616d35095cdf44,,15,26,0,-20.78143552294877,-48.16589979742558,DESCRIPTIVE_SAMPLE,recent,,human_review_required
b189830689073f8b,atr_01,ETHUSDT,1h,SHORT_ONLY,"{""atr_expansion_threshold"": 1.1, ""atr_length"": 14, ""atr_reference_length"": 50, ""atr_reference_method"": ""mean"", ""atr_stop_multiplier"": 2.0, ""exit_length"": 10, ""exit_method"": ""risk"", ""fast_length"": 50, ""impulse_atr_multiplier"": 1.0, ""reward_risk"": 2.0, ""slope_lookback"": 5, ""trend_filter"": ""ema_slope"", ""trend_length"": 200}",validation,adverse,2024-07-01T00:00:00+00:00,2025-01-01T00:00:00+00:00,41,atr_volatility_breakout,1.0.0,36.58536585365854,-1.512360068237617,-2.9777442583380664,-0.5444980865871085,0,-151.23600682377125,0.0,41.0,,,,,,,,,,,,,,,,,0.9170278358168944,-0.3558539307822831,-3.6886830932627097,7.429806823552071,200.05272060462008,111.43305661653956,-70.10507138737941,,4.98659254204884,,120.03171168133056,20.00528528022176,,,340.0897175661724,,,,,,,,,not_modelled_synthetic,,,1.5895149154159502,8.294871160150546,102.15261512207098,-64.35747816425398,-103.37181337783376,-101.24287934594828,-51.4139921636169,138.12815357718006,185.0317940883715,188.97234498049392,506.2214663078618,764.3313399106538,,,,-340.208351804265,188.97234498049392,,-3.688683093262713,,0.9170278358168944,atr,eth_short_regime_challenge_v1_atr,20261007T203617Z-52e2dc923989,25a5084d295749cca501a161b3b1a9b8,,15,26,0,-151.2360068237711,-51.4139921636169,DESCRIPTIVE_SAMPLE,recent,,human_review_required
817d1c5f49c84d4e,atr_02,ETHUSDT,1h,SHORT_ONLY,"{""atr_expansion_threshold"": 1.1, ""atr_length"": 14, ""atr_reference_length"": 50, ""atr_reference_method"": ""mean"", ""atr_stop_multiplier"": 2.0, ""exit_length"": 10, ""exit_method"": ""risk"", ""fast_length"": 50, ""impulse_atr_multiplier"": 1.25, ""reward_risk"": 2.0, ""slope_lookback"": 5, ""trend_filter"": ""ema_slope"", ""trend_length"": 200}",validation,base,2024-07-01T00:00:00+00:00,2025-01-01T00:00:00+00:00,34,atr_volatility_breakout,1.0.0,35.294117647058826,0.2259738550041801,0.4487615687423396,0.1612120933427997,0,22.597385500414084,0.0,34.0,,,,,,,,,,,,,,,,,1.015764980631536,0.0984018809378604,0.6646289853062968,7.503962772965917,84.30276726531288,121.33238738458203,-65.15414832338955,,3.1660897934928074,,50.58167777995929,8.430279629993215,,,143.31472467526538,,,,,,,,,not_modelled_synthetic,,,1.862235797824483,4.215138961037217,110.90352654140744,-59.41950179591572,-105.04134727465984,-97.58606951145605,-49.92048271876166,158.72494908117406,195.56171092002157,200.01924638805176,386.5308095396482,656.7700792691767,885.1433117534172,1710.511198441807,2906.398526754971,-177.4218608876377,200.01924638805176,,0.6646289853062965,,1.015764980631536,atr,eth_short_regime_challenge_v1_atr,20261007T203617Z-52e2dc923989,a343e1709f79436d978778d3b8ea8b1d,,12,22,0,22.59738550041409,-49.92048271876166,DESCRIPTIVE_SAMPLE,recent,,human_review_required
817d1c5f49c84d4e,atr_02,ETHUSDT,1h,SHORT_ONLY,"{""atr_expansion_threshold"": 1.1, ""atr_length"": 14, ""atr_reference_length"": 50, ""atr_reference_method"": ""mean"", ""atr_stop_multiplier"": 2.0, ""exit_length"": 10, ""exit_method"": ""risk"", ""fast_length"": 50, ""impulse_atr_multiplier"": 1.25, ""reward_risk"": 2.0, ""slope_lookback"": 5, ""trend_filter"": ""ema_slope"", ""trend_length"": 200}",validation,adverse,2024-07-01T00:00:00+00:00,2025-01-01T00:00:00+00:00,34,atr_volatility_breakout,1.0.0,35.294117647058826,-0.9190608719242156,-1.8148953691520031,-0.3558735229523952,0,-91.90608719242135,0.0,34.0,,,,,,,,,,,,,,,,,0.9384843390373128,-0.2266301199081405,-2.7031202115418047,8.039890368157856,167.2295018900389,116.8434484033292,-67.9103394560169,,3.1278045152529708,,100.33778193537069,16.722963655895114,,,284.2902474813047,,,,,,,,,not_modelled_synthetic,,,1.7205546215684069,8.361477867097197,107.2383332670603,-62.45847757643813,-104.58105935703291,-99.6109704353969,-52.99953543366979,153.45781456690705,187.22467417072556,191.57217946645437,369.9701004610032,632.0691576516033,,,,-283.47826665887567,191.57217946645437,,-2.7031202115418047,,0.9384843390373128,atr,eth_short_regime_challenge_v1_atr,20261007T203617Z-52e2dc923989,a3e283a740fe47e5adc47ecf802fd22a,,12,22,0,-91.90608719242135,-52.99953543366979,DESCRIPTIVE_SAMPLE,recent,,human_review_required
143528a8db38d8af,atr_03,ETHUSDT,1h,SHORT_ONLY,"{""atr_expansion_threshold"": 1.25, ""atr_length"": 14, ""atr_reference_length"": 50, ""atr_reference_method"": ""mean"", ""atr_stop_multiplier"": 2.0, ""exit_length"": 10, ""exit_method"": ""risk"", ""fast_length"": 50, ""impulse_atr_multiplier"": 0.75, ""reward_risk"": 2.0, ""slope_lookback"": 5, ""trend_filter"": ""ema_slope"", ""trend_length"": 200}",validation,base,2024-07-01T00:00:00+00:00,2025-01-01T00:00:00+00:00,35,atr_volatility_breakout,1.0.0,34.285714285714285,-1.803408736047729,-3.545679186185713,-0.5821330172342712,0,-180.3408736047688,0.0,35.0,,,,,,,,,,,,,,,,,0.8884559837905608,-0.3951673137789701,-5.152596388707683,5.592007392788815,82.95731127234247,119.70231851144304,-70.29429111922109,,5.711956743533776,,49.7743826354933,8.295730439248883,,,141.02742434708463,,,,,,,,,not_modelled_synthetic,,,1.7028739689319083,4.029354981345275,121.73282373071284,-67.81807401732291,-101.336530669093,-100.64930536813183,-51.90724616142423,153.9473616577176,189.07563250686923,191.28971680669972,376.0674209668392,644.9890520652373,,,,-371.63059041146863,191.28971680669972,,-5.15259638870768,,0.888455983790561,atr,eth_short_regime_challenge_v1_atr,20261007T203617Z-52e2dc923989,1ae5e874249e43f59f880d9ed80a2931,,12,23,0,-180.3408736047689,-51.90724616142423,DESCRIPTIVE_SAMPLE,recent,,human_review_required
143528a8db38d8af,atr_03,ETHUSDT,1h,SHORT_ONLY,"{""atr_expansion_threshold"": 1.25, ""atr_length"": 14, ""atr_reference_length"": 50, ""atr_reference_method"": ""mean"", ""atr_stop_multiplier"": 2.0, ""exit_length"": 10, ""exit_method"": ""risk"", ""fast_length"": 50, ""impulse_atr_multiplier"": 0.75, ""reward_risk"": 2.0, ""slope_lookback"": 5, ""trend_filter"": ""ema_slope"", ""trend_length"": 200}",validation,adverse,2024-07-01T00:00:00+00:00,2025-01-01T00:00:00+00:00,35,atr_volatility_breakout,1.0.0,34.285714285714285,-2.868311685555114,-5.60957384963997,-0.9498211770771536,0,-286.8311685555127,0.0,35.0,,,,,,,,,,,,,,,,,0.8282313317681708,-0.6614990740201799,-8.19517624444322,5.9828807172383,164.31561352066322,115.253149856917,-72.60299855819638,,5.662394871448089,,98.58936496465364,16.431560827442276,,,279.3365393127592,,,,,,,,,not_modelled_synthetic,,,1.5874433858889938,7.981043980364547,118.1390071854847,-71.10826765492791,-100.91301281838092,-100.04790557283728,-54.79272524789476,148.4764367445124,181.1643264464265,183.3902474898244,360.23366838141965,620.8601475085233,,,,-470.2214160453371,183.3902474898244,,-8.19517624444322,,0.8282313317681708,atr,eth_short_regime_challenge_v1_atr,20261007T203617Z-52e2dc923989,29a3aa6a29fa4b2b8469b2e00e02029c,,12,23,0,-286.8311685555127,-54.79272524789476,DESCRIPTIVE_SAMPLE,recent,,human_review_required
49c4a234fbe24bab,atr_04,ETHUSDT,1h,SHORT_ONLY,"{""atr_expansion_threshold"": 1.25, ""atr_length"": 14, ""atr_reference_length"": 50, ""atr_reference_method"": ""mean"", ""atr_stop_multiplier"": 2.0, ""exit_length"": 10, ""exit_method"": ""risk"", ""fast_length"": 50, ""impulse_atr_multiplier"": 1.0, ""reward_risk"": 2.0, ""slope_lookback"": 5, ""trend_filter"": ""ema_slope"", ""trend_length"": 200}",validation,base,2024-07-01T00:00:00+00:00,2025-01-01T00:00:00+00:00,29,atr_volatility_breakout,1.0.0,31.03448275862069,-2.4572188487123503,-4.815455826079596,-1.0590782098108973,0,-245.7218848712335,0.0,29.0,,,,,,,,,,,,,,,,,0.8187450202114481,-0.6904280121477784,-8.473168443835636,7.0672962304925,68.97646335908345,123.32753550335528,-67.78348522007155,,3.968255789637619,,41.38586452694921,6.897644087824869,,,117.25997197385752,,,,,,,,,not_modelled_synthetic,,,1.8194333782476624,4.043447309443363,126.23993305064192,-65.92441112136248,-100.24993937661912,-99.9163830809645,-50.677305980097735,165.00098689328416,187.1322921001465,188.976232891964,371.3669629560084,510.2833350931525,,,,-434.69811776319744,188.976232891964,,-8.473168443835638,,0.8187450202114481,atr,eth_short_regime_challenge_v1_atr,20261007T203617Z-52e2dc923989,d1aee8ab517e4e71afaeee73df0b5d48,,9,20,0,-245.72188487123344,-50.677305980097735,DESCRIPTIVE_SAMPLE,recent,,human_review_required
49c4a234fbe24bab,atr_04,ETHUSDT,1h,SHORT_ONLY,"{""atr_expansion_threshold"": 1.25, ""atr_length"": 14, ""atr_reference_length"": 50, ""atr_reference_method"": ""mean"", ""atr_stop_multiplier"": 2.0, ""exit_length"": 10, ""exit_method"": ""risk"", ""fast_length"": 50, ""impulse_atr_multiplier"": 1.0, ""reward_risk"": 2.0, ""slope_lookback"": 5, ""trend_filter"": ""ema_slope"", ""trend_length"": 200}",validation,adverse,2024-07-01T00:00:00+00:00,2025-01-01T00:00:00+00:00,29,atr_volatility_breakout,1.0.0,31.03448275862069,-3.378143910853726,-6.589845980657005,-1.4397640610344886,0,-337.8143910853676,0.0,29.0,,,,,,,,,,,,,,,,,0.7598131985895433,-0.9741141879366528,-11.648772106391991,7.684528399702052,136.77751701675493,118.73898496821198,-70.32326278996378,,3.9279377044386026,,82.06646598713418,13.677744331189029,,,232.5217273350781,,,,,,,,,not_modelled_synthetic,,,1.6884737746434295,8.017990597761314,122.49825285264062,-69.25498302458493,-100.0366254437973,-99.4863166469102,-53.54660904585351,158.7291325092691,179.4154351471728,181.23107936810743,355.97771509001984,490.6805927803243,,,,-519.0454704534752,181.23107936810743,,-11.648772106391986,,0.7598131985895433,atr,eth_short_regime_challenge_v1_atr,20261007T203617Z-52e2dc923989,218114ea6a7649b79899f725f62b14e2,,9,20,0,-337.81439108536773,-53.54660904585351,DESCRIPTIVE_SAMPLE,recent,,human_review_required
cfd1f51b4fb4e68c,atr_05,ETHUSDT,1h,SHORT_ONLY,"{""atr_expansion_threshold"": 1.25, ""atr_length"": 14, ""atr_reference_length"": 50, ""atr_reference_method"": ""mean"", ""atr_stop_multiplier"": 2.0, ""exit_length"": 10, ""exit_method"": ""risk"", ""fast_length"": 50, ""impulse_atr_multiplier"": 1.25, ""reward_risk"": 2.0, ""slope_lookback"": 5, ""trend_filter"": ""ema_slope"", ""trend_length"": 200}",validation,base,2024-07-01T00:00:00+00:00,2025-01-01T00:00:00+00:00,21,atr_volatility_breakout,1.0.0,28.571428571428573,-2.063668906609073,-4.0521349356712815,-1.0800699471930777,0,-206.36689066090776,0.0,21.0,,,,,,,,,,,,,,,,,0.7862935506802068,-0.7034432076821429,-9.82699479337656,5.2514333512061,50.40705189334297,126.54816588913808,-64.37705906638242,,2.116709371270693,,30.24421846513947,5.040703077523245,,,85.69197343600568,,,,,,,,,not_modelled_synthetic,,,1.965733876700517,4.080570163619318,115.77926680020384,-61.0419048799839,-100.3250325989127,-93.74400972345728,-51.82399331285376,181.2953641972709,189.94403056373744,192.10619715535407,373.401561352625,501.589075313515,,,,-398.4730878162618,192.10619715535407,,-9.826994793376562,,0.7862935506802068,atr,eth_short_regime_challenge_v1_atr,20261007T203617Z-52e2dc923989,8f92f179804d405890e4ba8cdb059276,,6,15,0,-206.36689066090776,-51.82399331285376,DESCRIPTIVE_SAMPLE,recent,,human_review_required
cfd1f51b4fb4e68c,atr_05,ETHUSDT,1h,SHORT_ONLY,"{""atr_expansion_threshold"": 1.25, ""atr_length"": 14, ""atr_reference_length"": 50, ""atr_reference_method"": ""mean"", ""atr_stop_multiplier"": 2.0, ""exit_length"": 10, ""exit_method"": ""risk"", ""fast_length"": 50, ""impulse_atr_multiplier"": 1.25, ""reward_risk"": 2.0, ""slope_lookback"": 5, ""trend_filter"": ""ema_slope"", ""trend_length"": 200}",validation,adverse,2024-07-01T00:00:00+00:00,2025-01-01T00:00:00+00:00,21,atr_volatility_breakout,1.0.0,28.571428571428573,-2.793580341393731,-5.465458858995009,-1.43439546155025,0,-279.3580341393765,0.0,21.0,,,,,,,,,,,,,,,,,0.723297924579471,-0.9707537544379856,-13.302763530446502,5.641687085990575,100.2041605273685,121.70676469781009,-67.30657482174914,,2.079862189555767,,60.12245053179495,10.020408421965826,,,170.34701948112928,,,,,,,,,not_modelled_synthetic,,,1.808244811448677,8.111762832434728,112.2671602597496,-63.94655569036858,-100.84008427143304,-97.17115093154176,-54.83285867648286,174.04577450131382,182.24583169007667,184.29584598726737,358.3416204885812,482.8561147945882,,,,-463.6538801266439,184.29584598726737,,-13.302763530446502,,0.7232979245794711,atr,eth_short_regime_challenge_v1_atr,20261007T203617Z-52e2dc923989,404b943cdeed4edfb30b8c56384097ce,,6,15,0,-279.3580341393765,-54.83285867648286,DESCRIPTIVE_SAMPLE,recent,,human_review_required
cf431489718e192b,atr_00,ETHUSDT,1h,SHORT_ONLY,"{""atr_expansion_threshold"": 1.1, ""atr_length"": 14, ""atr_reference_length"": 50, ""atr_reference_method"": ""mean"", ""atr_stop_multiplier"": 2.0, ""exit_length"": 10, ""exit_method"": ""risk"", ""fast_length"": 50, ""impulse_atr_multiplier"": 0.75, ""reward_risk"": 2.0, ""slope_lookback"": 5, ""trend_filter"": ""ema_slope"", ""trend_length"": 200}",test,base,2025-07-01T00:00:00+00:00,2026-09-26T00:00:00+00:00,90,atr_volatility_breakout,1.0.0,37.77777777777778,4.048914176049068,3.257048003803198,0.6789083788909542,0,404.8914176049037,0.0,90.0,,,,,,,,,,,,,,,,,1.109146970782384,0.3966241355606987,4.498793528943378,7.098438640247423,230.27453318607368,121.01440355070092,-66.24282684140944,,5.4480978761114764,,138.16480352925743,23.02746725487625,,,391.46680397020737,,,,,,,,,not_modelled_synthetic,,,1.8268303048180443,4.349631155224526,106.96229280528048,-63.204235212226656,-108.61119352160696,-104.2880903554748,-47.9119189674781,183.916980937734,195.90904916988768,204.46041890794427,971.6032497348632,1667.9963475591069,50.49759269223588,239.96637307905613,411.9613987932809,200.43099869695973,204.46041890794427,,4.498793528943375,,1.1091469707823842,atr,eth_short_regime_challenge_v1_atr,20261007T203617Z-52e2dc923989,bbf8e77d319f423db9cc3b88c3f2a7eb,,34,56,0,404.891417604904,-47.9119189674781,DESCRIPTIVE_SAMPLE,recent,,human_review_required
cf431489718e192b,atr_00,ETHUSDT,1h,SHORT_ONLY,"{""atr_expansion_threshold"": 1.1, ""atr_length"": 14, ""atr_reference_length"": 50, ""atr_reference_method"": ""mean"", ""atr_stop_multiplier"": 2.0, ""exit_length"": 10, ""exit_method"": ""risk"", ""fast_length"": 50, ""impulse_atr_multiplier"": 0.75, ""reward_risk"": 2.0, ""slope_lookback"": 5, ""trend_filter"": ""ema_slope"", ""trend_length"": 200}",test,adverse,2025-07-01T00:00:00+00:00,2026-09-26T00:00:00+00:00,90,atr_volatility_breakout,1.0.0,37.77777777777778,1.0568511951348558,0.8525663208428513,0.230404905783366,0,105.6851195134839,0.0,90.0,,,,,,,,,,,,,,,,,1.0275805711653865,0.1388477061100813,1.1742791057053754,7.479737023898863,452.71727806185714,115.81039807091877,-68.42622169460275,,5.112250285507141,,271.63073446518115,45.271789077530194,,,769.6198016045685,,,,,,,,,not_modelled_synthetic,,,1.6924856466253422,8.55133112893965,102.26738022254546,-66.32626429629151,-107.33294470640656,-103.28349510241918,-50.5941428623586,177.40897509038663,189.9408012736946,194.45248271196505,931.9522726278436,1606.4908534952942,183.99230053116037,881.8197650890113,1520.0728928449864,-88.76736319848126,194.45248271196505,,1.1742791057053767,,1.0275805711653865,atr,eth_short_regime_challenge_v1_atr,20261007T203617Z-52e2dc923989,7305322853484913bced003b0eb2cb1c,,34,56,0,105.68511951348378,-50.5941428623586,DESCRIPTIVE_SAMPLE,recent,,human_review_required
b189830689073f8b,atr_01,ETHUSDT,1h,SHORT_ONLY,"{""atr_expansion_threshold"": 1.1, ""atr_length"": 14, ""atr_reference_length"": 50, ""atr_reference_method"": ""mean"", ""atr_stop_multiplier"": 2.0, ""exit_length"": 10, ""exit_method"": ""risk"", ""fast_length"": 50, ""impulse_atr_multiplier"": 1.0, ""reward_risk"": 2.0, ""slope_lookback"": 5, ""trend_filter"": ""ema_slope"", ""trend_length"": 200}",test,base,2025-07-01T00:00:00+00:00,2026-09-26T00:00:00+00:00,76,atr_volatility_breakout,1.0.0,38.1578947368421,3.4964237546521337,2.8140684500968405,0.6723098019509206,0,349.6423754652184,0.0,76.0,,,,,,,,,,,,,,,,,1.1138496048610804,0.3957649781271092,4.600557571910769,6.451282737027474,194.81341850006947,117.95628652918762,-65.34233901874943,,4.214976104840872,,116.88812258669506,19.481353764449175,,,331.18289485121375,,,,,,,,,not_modelled_synthetic,,,1.805204532016233,4.357669669094918,105.68120692352976,-63.58368819204799,-108.3276559381684,-104.8730911891796,-46.64538332749703,178.2831355584682,194.9738231607419,197.9693191143594,768.5293963872381,1431.2477579090676,56.620516563803314,219.80442026361004,409.3461943806764,151.67305635085904,197.9693191143594,,4.600557571910768,,1.1138496048610802,atr,eth_short_regime_challenge_v1_atr,20261007T203617Z-52e2dc923989,15e46c8857a942aaa01be0617050ff31,,29,47,0,349.64237546521844,-46.64538332749703,DESCRIPTIVE_SAMPLE,recent,,human_review_required
b189830689073f8b,atr_01,ETHUSDT,1h,SHORT_ONLY,"{""atr_expansion_threshold"": 1.1, ""atr_length"": 14, ""atr_reference_length"": 50, ""atr_reference_method"": ""mean"", ""atr_stop_multiplier"": 2.0, ""exit_length"": 10, ""exit_method"": ""risk"", ""fast_length"": 50, ""impulse_atr_multiplier"": 1.0, ""reward_risk"": 2.0, ""slope_lookback"": 5, ""trend_filter"": ""ema_slope"", ""trend_length"": 200}",test,adverse,2025-07-01T00:00:00+00:00,2026-09-26T00:00:00+00:00,76,atr_volatility_breakout,1.0.0,38.1578947368421,0.969323199840022,0.7820225266020664,0.2292483208504191,0,96.93231998398949,0.0,76.0,,,,,,,,,,,,,,,,,1.0304844532629551,0.1395118807707095,1.27542526294723,6.749269247003633,383.7858675414615,112.98834388273973,-67.65382239607365,,4.086811454873456,,230.2718352597149,38.37863920995249,,,652.4363420111289,,,,,,,,,not_modelled_synthetic,,,1.6700954932192724,8.584688710672749,101.82504533766635,-66.87175227641599,-106.96133993141098,-103.99379530696352,-49.56192301014365,172.18952900011573,187.4740401378532,188.9677436655813,737.1629229053068,1380.491563424705,194.94812844342684,760.4923961657634,1424.1808755353463,-92.03542368159184,188.9677436655813,,1.27542526294723,,1.0304844532629551,atr,eth_short_regime_challenge_v1_atr,20261007T203617Z-52e2dc923989,d734fc9db5594d259cc581aea4c056d7,,29,47,0,96.93231998398949,-49.56192301014365,DESCRIPTIVE_SAMPLE,recent,,human_review_required
817d1c5f49c84d4e,atr_02,ETHUSDT,1h,SHORT_ONLY,"{""atr_expansion_threshold"": 1.1, ""atr_length"": 14, ""atr_reference_length"": 50, ""atr_reference_method"": ""mean"", ""atr_stop_multiplier"": 2.0, ""exit_length"": 10, ""exit_method"": ""risk"", ""fast_length"": 50, ""impulse_atr_multiplier"": 1.25, ""reward_risk"": 2.0, ""slope_lookback"": 5, ""trend_filter"": ""ema_slope"", ""trend_length"": 200}",test,base,2025-07-01T00:00:00+00:00,2026-09-26T00:00:00+00:00,59,atr_volatility_breakout,1.0.0,42.3728813559322,6.313567333652426,5.068118755760587,1.46508971484346,0,631.3567333652364,0.0,59.0,,,,,,,,,,,,,,,,,1.2835094302867611,0.7880108593668611,10.700961582461638,5.537866349355471,156.35045002267103,114.33162139681616,-65.49805298691669,,3.3172503409216367,,93.8103642146265,15.635060702437752,,,265.7958749397353,,,,,,,,,not_modelled_synthetic,,,1.7455728251899951,4.505014829487039,102.5864660782824,-64.43121447772782,-109.43423306797828,-92.53755873114712,-42.446857651321565,164.9560413987029,188.17044748646333,196.89401510691985,555.2318622565565,1025.706738635035,31.185858121357462,87.94265316488796,162.46072694399678,434.4627182583168,196.89401510691985,,10.700961582461634,,1.2835094302867611,atr,eth_short_regime_challenge_v1_atr,20261007T203617Z-52e2dc923989,484984db313341259be2281460afdfe3,,25,34,0,631.3567333652367,-42.446857651321565,DESCRIPTIVE_SAMPLE,recent,,human_review_required
817d1c5f49c84d4e,atr_02,ETHUSDT,1h,SHORT_ONLY,"{""atr_expansion_threshold"": 1.1, ""atr_length"": 14, ""atr_reference_length"": 50, ""atr_reference_method"": ""mean"", ""atr_stop_multiplier"": 2.0, ""exit_length"": 10, ""exit_method"": ""risk"", ""fast_length"": 50, ""impulse_atr_multiplier"": 1.25, ""reward_risk"": 2.0, ""slope_lookback"": 5, ""trend_filter"": ""ema_slope"", ""trend_length"": 200}",test,adverse,2025-07-01T00:00:00+00:00,2026-09-26T00:00:00+00:00,59,atr_volatility_breakout,1.0.0,42.3728813559322,4.3054123716122605,3.462550901827144,1.0045868317081617,0,430.541237161224,0.0,59.0,,,,,,,,,,,,,,,,,1.1858878335060572,0.5594981733640854,7.297309104427527,5.787961948666022,309.0637103152781,109.86703225103844,-68.12160497396286,,3.196650085589709,,185.4386276881724,30.90643794802873,,,525.4087759514792,,,,,,,,,not_modelled_synthetic,,,1.6128074535682375,8.905233490703038,99.0327067274689,-67.61440902992737,-108.20487136223414,-94.86356608768396,-45.43651234072852,160.20407348183093,181.88504484379823,189.20887442650184,538.3787796484659,993.9890795798824,43.94674844018463,125.04697185297957,230.86965748827092,241.33236273472224,189.20887442650184,,7.297309104427526,,1.1858878335060572,atr,eth_short_regime_challenge_v1_atr,20261007T203617Z-52e2dc923989,626fe837f5594561a7247a7105b651ce,,25,34,0,430.5412371612241,-45.43651234072852,DESCRIPTIVE_SAMPLE,recent,,human_review_required
143528a8db38d8af,atr_03,ETHUSDT,1h,SHORT_ONLY,"{""atr_expansion_threshold"": 1.25, ""atr_length"": 14, ""atr_reference_length"": 50, ""atr_reference_method"": ""mean"", ""atr_stop_multiplier"": 2.0, ""exit_length"": 10, ""exit_method"": ""risk"", ""fast_length"": 50, ""impulse_atr_multiplier"": 0.75, ""reward_risk"": 2.0, ""slope_lookback"": 5, ""trend_filter"": ""ema_slope"", ""trend_length"": 200}",test,base,2025-07-01T00:00:00+00:00,2026-09-26T00:00:00+00:00,69,atr_volatility_breakout,1.0.0,39.130434782608695,5.96220071122433,4.787617057749039,1.0818083068673328,0,596.22007112243,0.0,69.0,,,,,,,,,,,,,,,,,1.211715478789309,0.5961554989723872,8.640870595977246,6.618098298370019,178.44747594162325,126.38364382992135,-67.05091219727254,,4.616866803162601,,107.06858002096745,17.844763336827906,,,303.3608192994186,,,,,,,,,not_modelled_synthetic,,,1.8848907447833696,4.396533613035052,121.64225221870062,-65.5158793430223,-110.33020060702287,-99.25129282006608,-47.83252434469573,195.0935849603142,207.17674577567468,207.77566561611908,814.8328670331638,1344.927699653944,34.848821044378035,136.66646033891118,225.57571688621863,388.4444055063109,207.77566561611908,,8.640870595977246,,1.211715478789309,atr,eth_short_regime_challenge_v1_atr,20261007T203617Z-52e2dc923989,cc71080d6cca48b9a23c5c0d2ca714bb,,27,42,0,596.22007112243,-47.83252434469573,DESCRIPTIVE_SAMPLE,recent,,human_review_required
143528a8db38d8af,atr_03,ETHUSDT,1h,SHORT_ONLY,"{""atr_expansion_threshold"": 1.25, ""atr_length"": 14, ""atr_reference_length"": 50, ""atr_reference_method"": ""mean"", ""atr_stop_multiplier"": 2.0, ""exit_length"": 10, ""exit_method"": ""risk"", ""fast_length"": 50, ""impulse_atr_multiplier"": 0.75, ""reward_risk"": 2.0, ""slope_lookback"": 5, ""trend_filter"": ""ema_slope"", ""trend_length"": 200}",test,adverse,2025-07-01T00:00:00+00:00,2026-09-26T00:00:00+00:00,69,atr_volatility_breakout,1.0.0,39.130434782608695,3.45448816066094,2.7804264840745496,0.6490074790733096,0,345.4488160660904,0.0,69.0,,,,,,,,,,,,,,,,,1.1183776127266187,0.3703486275215583,5.006504580667975,7.010706241598065,351.4594313941899,120.87565261849316,-69.48080487221965,,4.257484665921227,,210.8760548672448,35.1460091445408,,,597.4814954059755,,,,,,,,,not_modelled_synthetic,,,1.7396985086858514,8.659152107332977,117.96194864533044,-68.51817184774015,-109.0248107986865,-99.993142265108,-50.96618714914847,186.96887175306105,194.9323174290697,197.38273736078344,772.0202199604396,1285.6239017776152,57.13805582214551,223.4832438426244,372.1604596646391,148.06607870530684,197.38273736078344,,5.006504580667976,,1.1183776127266187,atr,eth_short_regime_challenge_v1_atr,20261007T203617Z-52e2dc923989,b69ef36ce72949d9ba103d59ef5689a3,,27,42,0,345.4488160660903,-50.96618714914847,DESCRIPTIVE_SAMPLE,recent,,human_review_required
49c4a234fbe24bab,atr_04,ETHUSDT,1h,SHORT_ONLY,"{""atr_expansion_threshold"": 1.25, ""atr_length"": 14, ""atr_reference_length"": 50, ""atr_reference_method"": ""mean"", ""atr_stop_multiplier"": 2.0, ""exit_length"": 10, ""exit_method"": ""risk"", ""fast_length"": 50, ""impulse_atr_multiplier"": 1.0, ""reward_risk"": 2.0, ""slope_lookback"": 5, ""trend_filter"": ""ema_slope"", ""trend_length"": 200}",test,base,2025-07-01T00:00:00+00:00,2026-09-26T00:00:00+00:00,53,atr_volatility_breakout,1.0.0,37.735849056603776,3.355165987505804,2.7007368446007263,0.7849353983731213,0,335.51659875058624,0.0,53.0,,,,,,,,,,,,,,,,,1.1564474470255568,0.421776903868496,6.330501863218605,5.31361080998992,136.27267733401257,124.00563941335194,-64.98776331868038,,3.5953470101090623,,81.7636659543306,13.6272776590551,,,231.66362094739827,,,,,,,,,not_modelled_synthetic,,,1.9081382875921689,4.371011715988646,114.1117784937576,-63.80914461138909,-107.770519617794,-104.90072170981384,-46.70013676096087,176.34966731008433,197.0429889751007,199.34706719695475,577.1119208831183,1069.19137257818,59.4149642489503,172.00696568581026,318.6701869772433,136.16953155363134,199.34706719695475,,6.3305018632186085,,1.156447447025557,atr,eth_short_regime_challenge_v1_atr,20261007T203617Z-52e2dc923989,4c93ca22f10b4c8da5d416d45677a152,,20,33,0,335.51659875058607,-46.70013676096087,DESCRIPTIVE_SAMPLE,recent,,human_review_required
49c4a234fbe24bab,atr_04,ETHUSDT,1h,SHORT_ONLY,"{""atr_expansion_threshold"": 1.25, ""atr_length"": 14, ""atr_reference_length"": 50, ""atr_reference_method"": ""mean"", ""atr_stop_multiplier"": 2.0, ""exit_length"": 10, ""exit_method"": ""risk"", ""fast_length"": 50, ""impulse_atr_multiplier"": 1.0, ""reward_risk"": 2.0, ""slope_lookback"": 5, ""trend_filter"": ""ema_slope"", ""trend_length"": 200}",test,adverse,2025-07-01T00:00:00+00:00,2026-09-26T00:00:00+00:00,53,atr_volatility_breakout,1.0.0,37.735849056603776,1.5806103956479634,1.2744483793349026,0.3956331454005194,0,158.0610395647931,0.0,53.0,,,,,,,,,,,,,,,,,1.0709403587665345,0.220031782934601,2.982283765373458,5.845709830025295,269.30529552633845,119.30722466150276,-67.51768041409886,,3.4543533171676217,,161.58343598554742,26.930572664257905,,,457.8193041761438,,,,,,,,,not_modelled_synthetic,,,1.7670515919647818,8.638100078795166,110.2793722109275,-66.88630793226471,-106.67458710832548,-104.23152824887926,-49.78033924978757,171.61876795203816,188.05895743769165,188.78671325222265,552.8984607608868,1032.4058443308154,119.43911907199248,349.80059746743564,653.1690840282026,-30.72567368742932,188.78671325222265,,2.982283765373454,,1.0709403587665345,atr,eth_short_regime_challenge_v1_atr,20261007T203617Z-52e2dc923989,6abb7ab5764a4ba2ad55ec468e52021f,,20,33,0,158.0610395647933,-49.78033924978757,DESCRIPTIVE_SAMPLE,recent,,human_review_required
cfd1f51b4fb4e68c,atr_05,ETHUSDT,1h,SHORT_ONLY,"{""atr_expansion_threshold"": 1.25, ""atr_length"": 14, ""atr_reference_length"": 50, ""atr_reference_method"": ""mean"", ""atr_stop_multiplier"": 2.0, ""exit_length"": 10, ""exit_method"": ""risk"", ""fast_length"": 50, ""impulse_atr_multiplier"": 1.25, ""reward_risk"": 2.0, ""slope_lookback"": 5, ""trend_filter"": ""ema_slope"", ""trend_length"": 200}",test,base,2025-07-01T00:00:00+00:00,2026-09-26T00:00:00+00:00,41,atr_volatility_breakout,1.0.0,43.90243902439025,6.181074021125288,4.9623681742700265,1.7816880427470392,0,618.1074021125364,0.0,41.0,,,,,,,,,,,,,,,,,1.4237264254569788,0.8564958982726706,15.075790295427716,4.319853428080172,107.9432794644221,115.3805051362123,-63.42355175388196,,2.582249974248174,,64.76605184781617,10.79434197463603,,,183.50367328687432,,,,,,,,,not_modelled_synthetic,,,1.819205988083917,4.475699348460349,104.77044194390272,-61.08990675407014,-107.52036164917286,-82.8951422062984,-45.12149123070082,175.14453635454964,189.27177808781892,198.5079750113545,549.0699940684196,870.0861482831623,32.11545021672672,88.83083946120624,140.76617515166876,419.59942710118185,198.5079750113545,,15.075790295427716,,1.4237264254569788,atr,eth_short_regime_challenge_v1_atr,20261007T203617Z-52e2dc923989,6f094f5c0d9a418ea56af162fb38b5c5,,18,23,0,618.1074021125363,-45.12149123070082,DESCRIPTIVE_SAMPLE,recent,,human_review_required
cfd1f51b4fb4e68c,atr_05,ETHUSDT,1h,SHORT_ONLY,"{""atr_expansion_threshold"": 1.25, ""atr_length"": 14, ""atr_reference_length"": 50, ""atr_reference_method"": ""mean"", ""atr_stop_multiplier"": 2.0, ""exit_length"": 10, ""exit_method"": ""risk"", ""fast_length"": 50, ""impulse_atr_multiplier"": 1.25, ""reward_risk"": 2.0, ""slope_lookback"": 5, ""trend_filter"": ""ema_slope"", ""trend_length"": 200}",test,adverse,2025-07-01T00:00:00+00:00,2026-09-26T00:00:00+00:00,41,atr_volatility_breakout,1.0.0,43.90243902439025,4.772687107599238,3.836675375977827,1.3554115326520133,0,477.2687107599261,0.0,41.0,,,,,,,,,,,,,,,,,1.3130098400298975,0.6791753824673572,11.64070026243722,4.875911224244871,214.0220379959934,111.22449652529026,-66.29444463892604,,2.4537537046284594,,128.41357606236278,21.402262677060467,,,363.8378767354167,,,,,,,,,not_modelled_synthetic,,,1.6777347955937578,8.874094554522358,100.71815095540104,-64.38506662040635,-106.97234553219084,-86.32206541934019,-48.27381020705708,171.14099959573682,183.4913817808681,191.3406933682224,534.1991073637957,846.96385106247,40.09076837732818,111.92837395797912,177.46058603211193,285.92801739170375,191.3406933682224,,11.64070026243722,,1.3130098400298975,atr,eth_short_regime_challenge_v1_atr,20261007T203617Z-52e2dc923989,97d0c86695e84d5e8ad9ef57a472402e,,18,23,0,477.2687107599261,-48.27381020705708,DESCRIPTIVE_SAMPLE,recent,,human_review_required
ff43266d9f6c730a,donchian_atr_00,ETHUSDT,1h,SHORT_ONLY,"{""atr_expansion_threshold"": 1.1, ""atr_length"": 14, ""atr_reference_length"": 50, ""atr_stop_multiplier"": 2.0, ""breakout_length"": 30, ""exit_length"": 10, ""exit_method"": ""risk"", ""reward_risk"": 2.0, ""slope_lookback"": 5, ""trend_length"": 200}",train,base,2023-06-04T00:00:00+00:00,2024-07-01T00:00:00+00:00,61,donchian_atr_breakout,1.0.0,27.868852459016395,-8.18138091330911,-7.621305062410666,-2.7801955448520084,0,-818.1380913309061,0.0,61.0,,,,,,,,,,,,,,,,,0.6168569569616714,-1.9792444564640856,-13.412099857883709,9.54475666330758,143.9893878185132,77.48207000318779,-48.530301849661335,,2.9403536028625386,,86.39357248870667,14.39892874811778,,,244.78188905533764,,,,,,,,,not_modelled_synthetic,,,1.5965709474302086,4.012817853366191,71.17446593315327,-45.72512359930667,-95.08888537258431,-76.28821457780398,-34.67459753417308,104.33900364444212,152.02802201492128,161.73822831051496,518.8217334621395,776.1887207819289,,,,-979.8763196414212,161.73822831051496,,-13.412099857883709,,0.6168569569616713,donchian_atr,eth_short_regime_challenge_v1_donchian_atr,20261007T203647Z-194d4424b93c,b8723678ab154b20b0a084d4473e110a,,17,44,0,-818.1380913309061,-34.67459753417308,DESCRIPTIVE_SAMPLE,recent,,human_review_required
ff43266d9f6c730a,donchian_atr_00,ETHUSDT,1h,SHORT_ONLY,"{""atr_expansion_threshold"": 1.1, ""atr_length"": 14, ""atr_reference_length"": 50, ""atr_stop_multiplier"": 2.0, ""breakout_length"": 30, ""exit_length"": 10, ""exit_method"": ""risk"", ""reward_risk"": 2.0, ""slope_lookback"": 5, ""trend_length"": 200}",train,adverse,2023-06-04T00:00:00+00:00,2024-07-01T00:00:00+00:00,59,donchian_atr_breakout,1.0.0,27.11864406779661,-9.702188534255562,-9.043219165744432,-3.312187762292852,0,-970.2188534255532,0.0,59.0,,,,,,,,,,,,,,,,,0.5516620587058368,-2.5006805690177214,-16.444387346195814,11.425786687813646,275.29823198361095,74.61348917556542,-50.32638791243255,,2.9284884524373545,,165.1787282610824,27.529788043513737,,,468.0067482882071,,,,,,,,,not_modelled_synthetic,,,1.4825917827719366,7.93231776759673,62.89565678095113,-48.19346005290096,-93.8710243565476,-75.31374244097334,-38.06777811205114,102.50020496433127,146.31662770217315,155.37829665394773,403.0310045529627,688.8230244874757,,,,-1125.5971500795008,155.37829665394773,,-16.444387346195814,,0.5516620587058368,donchian_atr,eth_short_regime_challenge_v1_donchian_atr,20261007T203647Z-194d4424b93c,6ebeceed1be44ea48dcc281a80fddd38,,16,43,0,-970.2188534255532,-38.06777811205114,DESCRIPTIVE_SAMPLE,recent,,human_review_required
e0dd4c731d1d27f0,donchian_atr_01,ETHUSDT,1h,SHORT_ONLY,"{""atr_expansion_threshold"": 1.1, ""atr_length"": 14, ""atr_reference_length"": 50, ""atr_stop_multiplier"": 2.0, ""breakout_length"": 40, ""exit_length"": 10, ""exit_method"": ""risk"", ""reward_risk"": 2.0, ""slope_lookback"": 5, ""trend_length"": 200}",train,base,2023-06-04T00:00:00+00:00,2024-07-01T00:00:00+00:00,58,donchian_atr_breakout,1.0.0,29.310344827586206,-7.22426423471858,-6.727288506852402,-2.4593264909324404,0,-722.4264234718647,0.0,58.0,,,,,,,,,,,,,,,,,0.6478411689414839,-1.7415651045544822,-12.45562799089422,8.678922979613949,137.77575629232726,78.17621872652391,-50.03468638592125,,2.7725966242065225,,82.6654025135881,13.777567085598015,,,234.21872589151337,,,,,,,,,not_modelled_synthetic,,,1.5624404662706377,4.038253894681265,71.72322576512303,-48.02661389961565,-96.09691015842648,-79.65977357275,-35.69272562377231,105.85861889418985,154.10337408290562,163.42425094209486,418.803304565749,706.1013574595087,,,,-885.8506744139596,163.42425094209486,,-12.45562799089422,,0.6478411689414839,donchian_atr,eth_short_regime_challenge_v1_donchian_atr,20261007T203647Z-194d4424b93c,a3bf8e8b459c457294c431e6b4c51375,,17,41,0,-722.4264234718647,-35.69272562377231,DESCRIPTIVE_SAMPLE,recent,,human_review_required
e0dd4c731d1d27f0,donchian_atr_01,ETHUSDT,1h,SHORT_ONLY,"{""atr_expansion_threshold"": 1.1, ""atr_length"": 14, ""atr_reference_length"": 50, ""atr_stop_multiplier"": 2.0, ""breakout_length"": 40, ""exit_length"": 10, ""exit_method"": ""risk"", ""reward_risk"": 2.0, ""slope_lookback"": 5, ""trend_length"": 200}",train,adverse,2023-06-04T00:00:00+00:00,2024-07-01T00:00:00+00:00,56,donchian_atr_breakout,1.0.0,28.571428571428573,-8.667656290178893,-8.075775608156977,-2.966443156564009,0,-866.7656290178877,0.0,56.0,,,,,,,,,,,,,,,,,0.5817659918027002,-2.226898562105652,-15.47795766103371,10.445464241529006,263.0623053563573,75.35475893022705,-51.81104429753801,,2.758024762218874,,157.83720699864986,26.30620116644165,,,447.2057135214488,,,,,,,,,not_modelled_synthetic,,,1.4544149795067502,7.985816312883014,63.3206162377106,-50.43876238703552,-94.98426685810088,-78.69738413415703,-38.96111270444278,104.48081444084154,148.4671222037352,157.15843321043744,407.2337382892134,696.3001766717224,,,,-1023.9240622283252,157.15843321043744,,-15.47795766103371,,0.5817659918026998,donchian_atr,eth_short_regime_challenge_v1_donchian_atr,20261007T203647Z-194d4424b93c,ff049b6d0b4a42d191e26cc3afc9e1fc,,16,40,0,-866.7656290178877,-38.96111270444278,DESCRIPTIVE_SAMPLE,recent,,human_review_required
827790540ac7604f,donchian_atr_02,ETHUSDT,1h,SHORT_ONLY,"{""atr_expansion_threshold"": 1.1, ""atr_length"": 14, ""atr_reference_length"": 50, ""atr_stop_multiplier"": 2.0, ""breakout_length"": 50, ""exit_length"": 10, ""exit_method"": ""risk"", ""reward_risk"": 2.0, ""slope_lookback"": 5, ""trend_length"": 200}",train,base,2023-06-04T00:00:00+00:00,2024-07-01T00:00:00+00:00,56,donchian_atr_breakout,1.0.0,28.571428571428573,-7.223233074312263,-6.726325683608958,-2.48460674884186,0,-722.3233074312307,0.0,56.0,,,,,,,,,,,,,,,,,0.6351177296885511,-1.7534820333951515,-12.898630489843402,8.67790844764158,133.07648967643013,78.58019840297885,-49.4901620469723,,2.5529191336589574,,79.84584171605782,13.307640286009637,,,226.2299716784976,,,,,,,,,not_modelled_synthetic,,,1.5877943242213777,4.039820922830314,68.9606419216069,-46.28015007911144,-96.1793681225977,-81.37822928429715,-35.818699219624804,106.14792913178547,154.43206665062175,163.42606484487226,418.80790519468553,706.1091625722139,,,,-885.7493722761028,163.42606484487226,,-12.898630489843404,,0.635117729688551,donchian_atr,eth_short_regime_challenge_v1_donchian_atr,20261007T203647Z-194d4424b93c,6def503865814554987af189861dcdd2,,16,40,0,-722.3233074312305,-35.818699219624804,DESCRIPTIVE_SAMPLE,recent,,human_review_required
827790540ac7604f,donchian_atr_02,ETHUSDT,1h,SHORT_ONLY,"{""atr_expansion_threshold"": 1.1, ""atr_length"": 14, ""atr_reference_length"": 50, ""atr_stop_multiplier"": 2.0, ""breakout_length"": 50, ""exit_length"": 10, ""exit_method"": ""risk"", ""reward_risk"": 2.0, ""slope_lookback"": 5, ""trend_length"": 200}",train,adverse,2023-06-04T00:00:00+00:00,2024-07-01T00:00:00+00:00,54,donchian_atr_breakout,1.0.0,27.77777777777778,-8.605071935096753,-8.017274934344998,-2.9685496928156345,0,-860.507193509671,0.0,54.0,,,,,,,,,,,,,,,,,0.5694866340289972,-2.2223364506505505,-15.93531839832724,10.384096857549888,253.83329253664732,75.88573455542357,-51.2511079959237,,2.538333511200617,,152.29979534584973,25.38329922430829,,,431.5163871068054,,,,,,,,,not_modelled_synthetic,,,1.4806652484753928,7.991044205681582,58.655709307543226,-48.50920435754205,-95.12629546839592,-80.90069216016265,-38.96111270444278,105.11787573237332,148.88505729629384,157.26617187410395,407.5126677885797,696.7771087849767,,,,-1017.773365383775,157.26617187410395,,-15.93531839832724,,0.5694866340289972,donchian_atr,eth_short_regime_challenge_v1_donchian_atr,20261007T203647Z-194d4424b93c,d12d689d659b4cf2843638024096038e,,15,39,0,-860.507193509671,-38.96111270444278,DESCRIPTIVE_SAMPLE,recent,,human_review_required
6719be4e317770b6,donchian_atr_03,ETHUSDT,1h,SHORT_ONLY,"{""atr_expansion_threshold"": 1.25, ""atr_length"": 14, ""atr_reference_length"": 50, ""atr_stop_multiplier"": 2.0, ""breakout_length"": 30, ""exit_length"": 10, ""exit_method"": ""risk"", ""reward_risk"": 2.0, ""slope_lookback"": 5, ""trend_length"": 200}",train,base,2023-06-04T00:00:00+00:00,2024-07-01T00:00:00+00:00,46,donchian_atr_breakout,1.0.0,28.26086956521739,-7.098193110290119,-6.609578029287622,-2.622632336439281,0,-709.8193110290215,0.0,46.0,,,,,,,,,,,,,,,,,0.5760228904332436,-2.000477571742977,-15.430854587587426,8.934515288614314,109.68536406215198,74.18255554156963,-50.7331070627099,,2.5518273368201925,,65.81116348509427,10.968527247515713,,,186.46505479476195,,,,,,,,,not_modelled_synthetic,,,1.4622119526382336,4.053588147712216,72.00261028479035,-49.799937874232405,-96.36449712768062,-88.02813085655492,-37.64775124196507,92.08820472603188,140.12825493833824,161.9890003694885,368.1769451511608,536.4606478967769,,,,-871.8083113985101,161.9890003694885,,-15.430854587587424,,0.5760228904332437,donchian_atr,eth_short_regime_challenge_v1_donchian_atr,20261007T203647Z-194d4424b93c,88919b3ba6d9468ca662e541ef7e19dd,,13,33,0,-709.8193110290216,-37.64775124196507,DESCRIPTIVE_SAMPLE,recent,,human_review_required
6719be4e317770b6,donchian_atr_03,ETHUSDT,1h,SHORT_ONLY,"{""atr_expansion_threshold"": 1.25, ""atr_length"": 14, ""atr_reference_length"": 50, ""atr_stop_multiplier"": 2.0, ""breakout_length"": 30, ""exit_length"": 10, ""exit_method"": ""risk"", ""reward_risk"": 2.0, ""slope_lookback"": 5, ""trend_length"": 200}",train,adverse,2023-06-04T00:00:00+00:00,2024-07-01T00:00:00+00:00,45,donchian_atr_breakout,1.0.0,26.666666666666668,-8.954140423196533,-8.343602905905268,-3.2254000105769025,0,-895.4140423196582,0.0,45.0,,,,,,,,,,,,,,,,,0.4896492954203184,-2.6660099550385783,-19.89808982932574,10.47384671280122,212.34037818250576,71.59110571692926,-53.1668882097821,,2.5172227209695204,,127.40400244652572,21.234000407754287,,,360.9783810367858,,,,,,,,,not_modelled_synthetic,,,1.3465355624058757,8.021741800817463,63.49919113475888,-52.60475039567646,-95.45901789327102,-88.33401149757995,-41.75799978714812,103.81090867175848,135.8355926636228,156.25000038724946,374.52652177412574,531.4415149249295,,,,-1051.6640427069078,156.25000038724946,,-19.898089829325738,,0.4896492954203184,donchian_atr,eth_short_regime_challenge_v1_donchian_atr,20261007T203647Z-194d4424b93c,f12833c236a64fc8987cecca6468164d,,12,33,0,-895.4140423196584,-41.75799978714812,DESCRIPTIVE_SAMPLE,recent,,human_review_required
4c4aa07c4c65af74,donchian_atr_04,ETHUSDT,1h,SHORT_ONLY,"{""atr_expansion_threshold"": 1.25, ""atr_length"": 14, ""atr_reference_length"": 50, ""atr_stop_multiplier"": 2.0, ""breakout_length"": 40, ""exit_length"": 10, ""exit_method"": ""risk"", ""reward_risk"": 2.0, ""slope_lookback"": 5, ""trend_length"": 200}",train,base,2023-06-04T00:00:00+00:00,2024-07-01T00:00:00+00:00,45,donchian_atr_breakout,1.0.0,28.88888888888889,-6.802999514086039,-6.334005249733532,-2.517983172254171,0,-680.2999514086013,0.0,45.0,,,,,,,,,,,,,,,,,0.5870815020361595,-1.9168137679172748,-15.117776697968916,8.64515541533224,107.50495276932352,74.40311964663991,-51.48564083796626,,2.49055667587883,,64.50291941972688,10.75048656995448,,,182.7583587590049,,,,,,,,,not_modelled_synthetic,,,1.4451236973197772,4.06129686131122,72.23141136052655,-50.182763568416064,-96.71486412460388,-89.39187201647489,-38.84969043189473,92.51930017516509,141.0608508304506,162.50369528257164,369.3468602554078,538.1652056019046,,,,-842.8036466911728,162.50369528257164,,-15.117776697968916,,0.5870815020361595,donchian_atr,eth_short_regime_challenge_v1_donchian_atr,20261007T203647Z-194d4424b93c,a829314d04e64ce8bf44aa4b3a74b597,,13,32,0,-680.2999514086013,-38.84969043189473,DESCRIPTIVE_SAMPLE,recent,,human_review_required
4c4aa07c4c65af74,donchian_atr_04,ETHUSDT,1h,SHORT_ONLY,"{""atr_expansion_threshold"": 1.25, ""atr_length"": 14, ""atr_reference_length"": 50, ""atr_stop_multiplier"": 2.0, ""breakout_length"": 40, ""exit_length"": 10, ""exit_method"": ""risk"", ""reward_risk"": 2.0, ""slope_lookback"": 5, ""trend_length"": 200}",train,adverse,2023-06-04T00:00:00+00:00,2024-07-01T00:00:00+00:00,44,donchian_atr_breakout,1.0.0,27.272727272727277,-8.633762814136347,-8.044093355226757,-3.1167480577518543,0,-863.3762814136328,0.0,44.0,,,,,,,,,,,,,,,,,0.4995749822168934,-2.5710000169507587,-19.6221882139462,10.15881611522214,208.0295823253952,71.82581057871987,-53.91518776119597,,2.455948046268407,,124.8175353102158,20.802922551702636,,,353.6500401873136,,,,,,,,,not_modelled_synthetic,,,1.3321999525783823,8.037500913348037,63.619440777507606,-53.269213592605695,-95.85016557691227,-89.5094108812635,-42.587161700768746,105.333207631572,136.7791436219543,156.79982373282022,375.8443099117854,533.3113355372288,,,,-1020.176105146453,156.79982373282022,,-19.6221882139462,,0.4995749822168935,donchian_atr,eth_short_regime_challenge_v1_donchian_atr,20261007T203647Z-194d4424b93c,2a6d5ea759914484b47565b472844415,,12,32,0,-863.3762814136328,-42.587161700768746,DESCRIPTIVE_SAMPLE,recent,,human_review_required
db2f1a56c8656a10,donchian_atr_05,ETHUSDT,1h,SHORT_ONLY,"{""atr_expansion_threshold"": 1.25, ""atr_length"": 14, ""atr_reference_length"": 50, ""atr_stop_multiplier"": 2.0, ""breakout_length"": 50, ""exit_length"": 10, ""exit_method"": ""risk"", ""reward_risk"": 2.0, ""slope_lookback"": 5, ""trend_length"": 200}",train,base,2023-06-04T00:00:00+00:00,2024-07-01T00:00:00+00:00,43,donchian_atr_breakout,1.0.0,27.906976744186046,-6.801966375259494,-6.333040890505748,-2.548650218178812,0,-680.1966375259431,0.0,43.0,,,,,,,,,,,,,,,,,0.5681875662208974,-1.934787563086484,-15.8185264540917,8.644143353877082,102.77219972136368,74.58471197883001,-50.81332842812592,,2.2708799030841926,,61.66326675700242,10.27721112616707,,,174.71267760453316,,,,,,,,,not_modelled_synthetic,,,1.467817879403985,4.063085525686818,69.13307251785929,-48.36743311828831,-96.80360180014104,-91.61300494609016,-38.84969043189473,92.79732232760269,142.03707968023193,162.50550918534907,369.3509468141765,538.1711554021957,,,,-842.7021467112921,162.50550918534907,,-15.8185264540917,,0.5681875662208975,donchian_atr,eth_short_regime_challenge_v1_donchian_atr,20261007T203647Z-194d4424b93c,e000f7d1c3e341fa96ca8272a60bcf2f,,12,31,0,-680.1966375259431,-38.84969043189473,DESCRIPTIVE_SAMPLE,recent,,human_review_required
db2f1a56c8656a10,donchian_atr_05,ETHUSDT,1h,SHORT_ONLY,"{""atr_expansion_threshold"": 1.25, ""atr_length"": 14, ""atr_reference_length"": 50, ""atr_stop_multiplier"": 2.0, ""breakout_length"": 50, ""exit_length"": 10, ""exit_method"": ""risk"", ""reward_risk"": 2.0, ""slope_lookback"": 5, ""trend_length"": 200}",train,adverse,2023-06-04T00:00:00+00:00,2024-07-01T00:00:00+00:00,42,donchian_atr_breakout,1.0.0,26.19047619047619,-8.571149346587504,-7.98556701584896,-3.121731472324789,0,-857.1149346587474,0.0,42.0,,,,,,,,,,,,,,,,,0.4808004057380953,-2.570508089276101,-20.407498444255893,10.09724955070424,198.6972097563374,72.15673245415923,-53.25287069853222,,2.2362575809113405,,119.2181077352308,19.869684622538465,,,337.78500211410665,,,,,,,,,not_modelled_synthetic,,,1.354982961625541,8.042500050335873,58.655709307543226,-51.21068457074379,-95.98667983227897,-91.32706217012417,-42.60198583237133,107.72114358212092,137.80476349206933,156.90733979594194,376.1020229232968,533.6770517449899,,,,-1014.0222744546896,156.90733979594194,,-20.40749844425589,,0.4808004057380954,donchian_atr,eth_short_regime_challenge_v1_donchian_atr,20261007T203647Z-194d4424b93c,3d9f21bb838441a0a26d75dc77778fc9,,11,31,0,-857.1149346587475,-42.60198583237133,DESCRIPTIVE_SAMPLE,recent,,human_review_required
ff43266d9f6c730a,donchian_atr_00,ETHUSDT,1h,SHORT_ONLY,"{""atr_expansion_threshold"": 1.1, ""atr_length"": 14, ""atr_reference_length"": 50, ""atr_stop_multiplier"": 2.0, ""breakout_length"": 30, ""exit_length"": 10, ""exit_method"": ""risk"", ""reward_risk"": 2.0, ""slope_lookback"": 5, ""trend_length"": 200}",validation,base,2024-07-01T00:00:00+00:00,2025-01-01T00:00:00+00:00,34,donchian_atr_breakout,1.0.0,41.1764705882353,2.1159040341452107,4.240986155430448,1.0450121987969785,0,211.590403414525,0.0,34.0,,,,,,,,,,,,,,,,,1.1548642622001584,0.6045990261073377,6.223247159250735,5.333087622203574,84.7463234407945,112.70616310620744,-68.31479400361894,,2.827267784401497,,50.84783140869236,8.474638568115394,,,144.06879341760225,,,,,,,,,not_modelled_synthetic,,,1.6498060888573691,4.23731745345889,115.42903259657938,-63.720944914906056,-105.15317093681575,-102.00814480204832,-49.13150640808647,137.6506624225657,180.96531209082343,199.47984323088596,342.8550466434004,610.0033274539287,94.2764133022076,162.03714398696806,288.29442054556523,12.110560183639052,199.47984323088596,,6.223247159250736,,1.1548642622001584,donchian_atr,eth_short_regime_challenge_v1_donchian_atr,20261007T203647Z-194d4424b93c,95e401341ff947939d9fa3ac4554378a,,14,20,0,211.59040341452496,-49.13150640808647,DESCRIPTIVE_SAMPLE,recent,,human_review_required
ff43266d9f6c730a,donchian_atr_00,ETHUSDT,1h,SHORT_ONLY,"{""atr_expansion_threshold"": 1.1, ""atr_length"": 14, ""atr_reference_length"": 50, ""atr_stop_multiplier"": 2.0, ""breakout_length"": 30, ""exit_length"": 10, ""exit_method"": ""risk"", ""reward_risk"": 2.0, ""slope_lookback"": 5, ""trend_length"": 200}",validation,adverse,2024-07-01T00:00:00+00:00,2025-01-01T00:00:00+00:00,34,donchian_atr_breakout,1.0.0,41.1764705882353,1.0073122897933828,2.008100443251837,0.5201813388858845,0,100.73122897934036,0.0,34.0,,,,,,,,,,,,,,,,,1.0710226528270617,0.3120328194325747,2.9626832052747147,5.919966294790722,168.09598869887083,108.5020299757456,-70.91485953405491,,2.78445281541999,,100.85775554705414,16.809625924509024,,,285.763370170434,,,,,,,,,not_modelled_synthetic,,,1.5300323611815168,8.404805005012763,111.92679829468688,-66.89569876215997,-104.5288475100812,-101.61755923242312,-52.33660159533393,133.67340248636205,174.0915816109037,191.05507592999905,330.7056236203149,589.2156719714367,189.6681673259282,328.304962593221,584.9384326406691,-90.32384695065876,191.05507592999905,,2.9626832052747165,,1.0710226528270614,donchian_atr,eth_short_regime_challenge_v1_donchian_atr,20261007T203647Z-194d4424b93c,81765cc7b3cd40c9b383fd691ff66219,,14,20,0,100.7312289793403,-52.33660159533393,DESCRIPTIVE_SAMPLE,recent,,human_review_required
e0dd4c731d1d27f0,donchian_atr_01,ETHUSDT,1h,SHORT_ONLY,"{""atr_expansion_threshold"": 1.1, ""atr_length"": 14, ""atr_reference_length"": 50, ""atr_stop_multiplier"": 2.0, ""breakout_length"": 40, ""exit_length"": 10, ""exit_method"": ""risk"", ""reward_risk"": 2.0, ""slope_lookback"": 5, ""trend_length"": 200}",validation,base,2024-07-01T00:00:00+00:00,2025-01-01T00:00:00+00:00,34,donchian_atr_breakout,1.0.0,41.1764705882353,2.1159040341452107,4.240986155430448,1.0450121987969785,0,211.590403414525,0.0,34.0,,,,,,,,,,,,,,,,,1.1548642622001584,0.6045990261073377,6.223247159250735,5.333087622203574,84.7463234407945,112.70616310620744,-68.31479400361894,,2.827267784401497,,50.84783140869236,8.474638568115394,,,144.06879341760225,,,,,,,,,not_modelled_synthetic,,,1.6498060888573691,4.23731745345889,115.42903259657938,-63.720944914906056,-105.15317093681575,-102.00814480204832,-49.13150640808647,137.6506624225657,180.96531209082343,199.47984323088596,342.8550466434004,610.0033274539287,94.2764133022076,162.03714398696806,288.29442054556523,12.110560183639052,199.47984323088596,,6.223247159250736,,1.1548642622001584,donchian_atr,eth_short_regime_challenge_v1_donchian_atr,20261007T203647Z-194d4424b93c,c122df20c69a4f22ac5a2010df9ee60a,,14,20,0,211.59040341452496,-49.13150640808647,DESCRIPTIVE_SAMPLE,recent,,human_review_required
e0dd4c731d1d27f0,donchian_atr_01,ETHUSDT,1h,SHORT_ONLY,"{""atr_expansion_threshold"": 1.1, ""atr_length"": 14, ""atr_reference_length"": 50, ""atr_stop_multiplier"": 2.0, ""breakout_length"": 40, ""exit_length"": 10, ""exit_method"": ""risk"", ""reward_risk"": 2.0, ""slope_lookback"": 5, ""trend_length"": 200}",validation,adverse,2024-07-01T00:00:00+00:00,2025-01-01T00:00:00+00:00,34,donchian_atr_breakout,1.0.0,41.1764705882353,1.0073122897933828,2.008100443251837,0.5201813388858845,0,100.73122897934036,0.0,34.0,,,,,,,,,,,,,,,,,1.0710226528270617,0.3120328194325747,2.9626832052747147,5.919966294790722,168.09598869887083,108.5020299757456,-70.91485953405491,,2.78445281541999,,100.85775554705414,16.809625924509024,,,285.763370170434,,,,,,,,,not_modelled_synthetic,,,1.5300323611815168,8.404805005012763,111.92679829468688,-66.89569876215997,-104.5288475100812,-101.61755923242312,-52.33660159533393,133.67340248636205,174.0915816109037,191.05507592999905,330.7056236203149,589.2156719714367,189.6681673259282,328.304962593221,584.9384326406691,-90.32384695065876,191.05507592999905,,2.9626832052747165,,1.0710226528270614,donchian_atr,eth_short_regime_challenge_v1_donchian_atr,20261007T203647Z-194d4424b93c,4d746512f47a43a7b714d58cdb0ebdb3,,14,20,0,100.7312289793403,-52.33660159533393,DESCRIPTIVE_SAMPLE,recent,,human_review_required
827790540ac7604f,donchian_atr_02,ETHUSDT,1h,SHORT_ONLY,"{""atr_expansion_threshold"": 1.1, ""atr_length"": 14, ""atr_reference_length"": 50, ""atr_stop_multiplier"": 2.0, ""breakout_length"": 50, ""exit_length"": 10, ""exit_method"": ""risk"", ""reward_risk"": 2.0, ""slope_lookback"": 5, ""trend_length"": 200}",validation,base,2024-07-01T00:00:00+00:00,2025-01-01T00:00:00+00:00,33,donchian_atr_breakout,1.0.0,42.42424242424242,2.696098180722561,5.419149301824344,1.3339288914452692,0,269.60981807225943,0.0,33.0,,,,,,,,,,,,,,,,,1.205592138278561,0.7627430470761766,8.169994487038165,4.795217504205716,82.34119798686432,112.92798304178145,-69.02010234277266,,2.821536827516378,,49.40476179905859,8.234126966509765,,,139.98008675243267,,,,,,,,,not_modelled_synthetic,,,1.6361607590923328,4.241820810679778,115.42903259657938,-65.58256318138008,-105.36384956870567,-102.71626334993658,-49.0730618556308,138.09101172948482,181.52635848900704,199.47984323088596,342.8550466434004,610.7566119136119,73.98834532703196,127.16712213778142,226.53352028519973,70.1299748413735,199.47984323088596,,8.169994487038165,,1.2055921382785613,donchian_atr,eth_short_regime_challenge_v1_donchian_atr,20261007T203647Z-194d4424b93c,88add49ff8394e3e8ba1ca1eafc80c6f,,14,19,0,269.60981807225943,-49.0730618556308,DESCRIPTIVE_SAMPLE,recent,,human_review_required
827790540ac7604f,donchian_atr_02,ETHUSDT,1h,SHORT_ONLY,"{""atr_expansion_threshold"": 1.1, ""atr_length"": 14, ""atr_reference_length"": 50, ""atr_stop_multiplier"": 2.0, ""breakout_length"": 50, ""exit_length"": 10, ""exit_method"": ""risk"", ""reward_risk"": 2.0, ""slope_lookback"": 5, ""trend_length"": 200}",validation,adverse,2024-07-01T00:00:00+00:00,2025-01-01T00:00:00+00:00,33,donchian_atr_breakout,1.0.0,42.42424242424242,1.616038120550778,3.2312061265401093,0.8112319227290897,0,161.60381205508577,0.0,33.0,,,,,,,,,,,,,,,,,1.1187749802816582,0.48065044814942,4.897085213790476,5.352987162363256,163.3399225926423,108.72798608441391,-71.60989437508994,,2.7787211164988923,,98.00413805398158,16.33402300899693,,,277.6780836556208,,,,,,,,,not_modelled_synthetic,,,1.5183374732393935,8.41448738350366,111.92679829468688,-68.7713147174066,-104.75578579778475,-102.3043326761996,-52.40048264531353,134.1331828866662,174.60562689330044,191.05507592999905,330.7056236203149,589.9873383898145,118.22436209912814,204.63974173306485,365.0825626493923,-29.451263874913337,191.05507592999905,,4.8970852137904775,,1.1187749802816582,donchian_atr,eth_short_regime_challenge_v1_donchian_atr,20261007T203647Z-194d4424b93c,3fc7dd5681b44cc1b70af38fb8fa57f6,,14,19,0,161.6038120550857,-52.40048264531353,DESCRIPTIVE_SAMPLE,recent,,human_review_required
6719be4e317770b6,donchian_atr_03,ETHUSDT,1h,SHORT_ONLY,"{""atr_expansion_threshold"": 1.25, ""atr_length"": 14, ""atr_reference_length"": 50, ""atr_stop_multiplier"": 2.0, ""breakout_length"": 30, ""exit_length"": 10, ""exit_method"": ""risk"", ""reward_risk"": 2.0, ""slope_lookback"": 5, ""trend_length"": 200}",validation,base,2024-07-01T00:00:00+00:00,2025-01-01T00:00:00+00:00,26,donchian_atr_breakout,1.0.0,38.46153846153846,0.8445079687169788,1.6822049297447128,0.4725281651414927,0,84.45079687169482,0.0,26.0,,,,,,,,,,,,,,,,,1.074193613020432,0.2886984090779337,3.248107571988264,4.03925400367514,63.56188983510752,122.26996761712954,-71.14055495622503,,2.531631172951404,,38.13715411419798,6.356192352366332,,,108.05523630167184,,,,,,,,,not_modelled_synthetic,,,1.7187097808326912,4.1559706269873775,122.11367883192436,-69.60466584761873,-103.65293865547004,-102.02131782355744,-49.61981466837587,155.04499021248876,186.62355234721423,196.07698128998717,354.3402468088827,499.7304111021512,232.17895929139036,419.5818866543412,591.7414987349212,-111.62618441829228,196.07698128998717,,3.248107571988262,,1.074193613020432,donchian_atr,eth_short_regime_challenge_v1_donchian_atr,20261007T203647Z-194d4424b93c,bb884692d73849d99ead7a0bd625d129,,10,16,0,84.45079687169486,-49.61981466837587,DESCRIPTIVE_SAMPLE,recent,,human_review_required
6719be4e317770b6,donchian_atr_03,ETHUSDT,1h,SHORT_ONLY,"{""atr_expansion_threshold"": 1.25, ""atr_length"": 14, ""atr_reference_length"": 50, ""atr_stop_multiplier"": 2.0, ""breakout_length"": 30, ""exit_length"": 10, ""exit_method"": ""risk"", ""reward_risk"": 2.0, ""slope_lookback"": 5, ""trend_length"": 200}",validation,adverse,2024-07-01T00:00:00+00:00,2025-01-01T00:00:00+00:00,26,donchian_atr_breakout,1.0.0,38.46153846153846,0.0176816707507798,0.0350781037576908,0.0591967035530034,0,1.7681670750833334,0.0,26.0,,,,,,,,,,,,,,,,,1.001499778094394,0.0373054076283381,0.0680064259647422,4.4718126449555164,126.15073087432768,118.07206279042046,-73.68452880182008,,2.488797283635614,,75.69052933889313,12.615088223148856,,,214.4563484363697,,,,,,,,,not_modelled_synthetic,,,1.6023996449510305,8.248321093706526,118.40949112747272,-72.91257942555472,-103.21191276851395,-101.47400779750546,-52.7831678494542,151.26138729554953,179.6081584035861,187.9192106077976,342.5942123987491,483.6147562080928,10627.91029512552,19375.669710545288,27351.191130244853,-186.1510435327143,187.9192106077976,,0.0680064259647435,,1.001499778094394,donchian_atr,eth_short_regime_challenge_v1_donchian_atr,20261007T203647Z-194d4424b93c,08b5fbc540c645219a9bcd0e226fb43c,,10,16,0,1.7681670750832978,-52.7831678494542,DESCRIPTIVE_SAMPLE,recent,,human_review_required
4c4aa07c4c65af74,donchian_atr_04,ETHUSDT,1h,SHORT_ONLY,"{""atr_expansion_threshold"": 1.25, ""atr_length"": 14, ""atr_reference_length"": 50, ""atr_stop_multiplier"": 2.0, ""breakout_length"": 40, ""exit_length"": 10, ""exit_method"": ""risk"", ""reward_risk"": 2.0, ""slope_lookback"": 5, ""trend_length"": 200}",validation,base,2024-07-01T00:00:00+00:00,2025-01-01T00:00:00+00:00,26,donchian_atr_breakout,1.0.0,38.46153846153846,0.8445079687169788,1.6822049297447128,0.4725281651414927,0,84.45079687169482,0.0,26.0,,,,,,,,,,,,,,,,,1.074193613020432,0.2886984090779337,3.248107571988264,4.03925400367514,63.56188983510752,122.26996761712954,-71.14055495622503,,2.531631172951404,,38.13715411419798,6.356192352366332,,,108.05523630167184,,,,,,,,,not_modelled_synthetic,,,1.7187097808326912,4.1559706269873775,122.11367883192436,-69.60466584761873,-103.65293865547004,-102.02131782355744,-49.61981466837587,155.04499021248876,186.62355234721423,196.07698128998717,354.3402468088827,499.7304111021512,232.17895929139036,419.5818866543412,591.7414987349212,-111.62618441829228,196.07698128998717,,3.248107571988262,,1.074193613020432,donchian_atr,eth_short_regime_challenge_v1_donchian_atr,20261007T203647Z-194d4424b93c,f96dc49ebcac4155a00123c436ee4eff,,10,16,0,84.45079687169486,-49.61981466837587,DESCRIPTIVE_SAMPLE,recent,,human_review_required
4c4aa07c4c65af74,donchian_atr_04,ETHUSDT,1h,SHORT_ONLY,"{""atr_expansion_threshold"": 1.25, ""atr_length"": 14, ""atr_reference_length"": 50, ""atr_stop_multiplier"": 2.0, ""breakout_length"": 40, ""exit_length"": 10, ""exit_method"": ""risk"", ""reward_risk"": 2.0, ""slope_lookback"": 5, ""trend_length"": 200}",validation,adverse,2024-07-01T00:00:00+00:00,2025-01-01T00:00:00+00:00,26,donchian_atr_breakout,1.0.0,38.46153846153846,0.0176816707507798,0.0350781037576908,0.0591967035530034,0,1.7681670750833334,0.0,26.0,,,,,,,,,,,,,,,,,1.001499778094394,0.0373054076283381,0.0680064259647422,4.4718126449555164,126.15073087432768,118.07206279042046,-73.68452880182008,,2.488797283635614,,75.69052933889313,12.615088223148856,,,214.4563484363697,,,,,,,,,not_modelled_synthetic,,,1.6023996449510305,8.248321093706526,118.40949112747272,-72.91257942555472,-103.21191276851395,-101.47400779750546,-52.7831678494542,151.26138729554953,179.6081584035861,187.9192106077976,342.5942123987491,483.6147562080928,10627.91029512552,19375.669710545288,27351.191130244853,-186.1510435327143,187.9192106077976,,0.0680064259647435,,1.001499778094394,donchian_atr,eth_short_regime_challenge_v1_donchian_atr,20261007T203647Z-194d4424b93c,c90476a092114b7185d5fa04f2801b68,,10,16,0,1.7681670750832978,-52.7831678494542,DESCRIPTIVE_SAMPLE,recent,,human_review_required
db2f1a56c8656a10,donchian_atr_05,ETHUSDT,1h,SHORT_ONLY,"{""atr_expansion_threshold"": 1.25, ""atr_length"": 14, ""atr_reference_length"": 50, ""atr_stop_multiplier"": 2.0, ""breakout_length"": 50, ""exit_length"": 10, ""exit_method"": ""risk"", ""reward_risk"": 2.0, ""slope_lookback"": 5, ""trend_length"": 200}",validation,base,2024-07-01T00:00:00+00:00,2025-01-01T00:00:00+00:00,26,donchian_atr_breakout,1.0.0,38.46153846153846,0.8445079687169788,1.6822049297447128,0.4725281651414927,0,84.45079687169482,0.0,26.0,,,,,,,,,,,,,,,,,1.074193613020432,0.2886984090779337,3.248107571988264,4.03925400367514,63.56188983510752,122.26996761712954,-71.14055495622503,,2.531631172951404,,38.13715411419798,6.356192352366332,,,108.05523630167184,,,,,,,,,not_modelled_synthetic,,,1.7187097808326912,4.1559706269873775,122.11367883192436,-69.60466584761873,-103.65293865547004,-102.02131782355744,-49.61981466837587,155.04499021248876,186.62355234721423,196.07698128998717,354.3402468088827,499.7304111021512,232.17895929139036,419.5818866543412,591.7414987349212,-111.62618441829228,196.07698128998717,,3.248107571988262,,1.074193613020432,donchian_atr,eth_short_regime_challenge_v1_donchian_atr,20261007T203647Z-194d4424b93c,18c6eed06b064a25a6ca315c76e6f172,,10,16,0,84.45079687169486,-49.61981466837587,DESCRIPTIVE_SAMPLE,recent,,human_review_required
db2f1a56c8656a10,donchian_atr_05,ETHUSDT,1h,SHORT_ONLY,"{""atr_expansion_threshold"": 1.25, ""atr_length"": 14, ""atr_reference_length"": 50, ""atr_stop_multiplier"": 2.0, ""breakout_length"": 50, ""exit_length"": 10, ""exit_method"": ""risk"", ""reward_risk"": 2.0, ""slope_lookback"": 5, ""trend_length"": 200}",validation,adverse,2024-07-01T00:00:00+00:00,2025-01-01T00:00:00+00:00,26,donchian_atr_breakout,1.0.0,38.46153846153846,0.0176816707507798,0.0350781037576908,0.0591967035530034,0,1.7681670750833334,0.0,26.0,,,,,,,,,,,,,,,,,1.001499778094394,0.0373054076283381,0.0680064259647422,4.4718126449555164,126.15073087432768,118.07206279042046,-73.68452880182008,,2.488797283635614,,75.69052933889313,12.615088223148856,,,214.4563484363697,,,,,,,,,not_modelled_synthetic,,,1.6023996449510305,8.248321093706526,118.40949112747272,-72.91257942555472,-103.21191276851395,-101.47400779750546,-52.7831678494542,151.26138729554953,179.6081584035861,187.9192106077976,342.5942123987491,483.6147562080928,10627.91029512552,19375.669710545288,27351.191130244853,-186.1510435327143,187.9192106077976,,0.0680064259647435,,1.001499778094394,donchian_atr,eth_short_regime_challenge_v1_donchian_atr,20261007T203647Z-194d4424b93c,034a34fd5f8d4dd494a004e85e033662,,10,16,0,1.7681670750832978,-52.7831678494542,DESCRIPTIVE_SAMPLE,recent,,human_review_required
ff43266d9f6c730a,donchian_atr_00,ETHUSDT,1h,SHORT_ONLY,"{""atr_expansion_threshold"": 1.1, ""atr_length"": 14, ""atr_reference_length"": 50, ""atr_stop_multiplier"": 2.0, ""breakout_length"": 30, ""exit_length"": 10, ""exit_method"": ""risk"", ""reward_risk"": 2.0, ""slope_lookback"": 5, ""trend_length"": 200}",test,base,2025-07-01T00:00:00+00:00,2026-09-26T00:00:00+00:00,68,donchian_atr_breakout,1.0.0,39.70588235294117,2.6683040533952878,2.1492392053781284,0.5597798321657796,0,266.8304053395337,0.0,68.0,,,,,,,,,,,,,,,,,1.0953903197802872,0.3118553765969966,3.9239765491107903,5.62545322192316,172.95793012752208,113.48439474594416,-68.22556714148679,,3.4942690305374424,,103.77481696670353,17.295802827783923,,,294.0285499220095,,,,,,,,,not_modelled_synthetic,,,1.663370485592288,4.323949263558964,106.49277243996625,-67.22296635862837,-106.273892738928,-104.79760555770038,-46.402502636815946,169.7743016938652,183.93775789937408,191.0156850042568,719.4672631071263,1180.8111783871736,71.58692607058593,269.6346625833835,442.5324680988385,75.81472033527695,191.0156850042568,,3.923976549110789,,1.0953903197802874,donchian_atr,eth_short_regime_challenge_v1_donchian_atr,20261007T203647Z-194d4424b93c,9834fe4e38f64f3fbfa74408923bc63a,,27,41,0,266.83040533953374,-46.402502636815946,DESCRIPTIVE_SAMPLE,recent,,human_review_required
ff43266d9f6c730a,donchian_atr_00,ETHUSDT,1h,SHORT_ONLY,"{""atr_expansion_threshold"": 1.1, ""atr_length"": 14, ""atr_reference_length"": 50, ""atr_stop_multiplier"": 2.0, ""breakout_length"": 30, ""exit_length"": 10, ""exit_method"": ""risk"", ""reward_risk"": 2.0, ""slope_lookback"": 5, ""trend_length"": 200}",test,adverse,2025-07-01T00:00:00+00:00,2026-09-26T00:00:00+00:00,67,donchian_atr_breakout,1.0.0,40.298507462686565,1.1383787881736884,0.9182634712733062,0.2819804693335209,0,113.8378788173716,0.0,67.0,,,,,,,,,,,,,,,,,1.0401252475794698,0.1586788839822973,1.6990728181697263,5.893503219509158,337.3209775689321,109.29264687316947,-70.92658966895513,,3.3544383879086324,,202.3928752005878,33.73214586676463,,,573.4459986362846,,,,,,,,,not_modelled_synthetic,,,1.540926292710325,8.558895502034098,102.60782307587856,-70.62942072231446,-105.40588217295196,-104.13318491889666,-48.82651140373518,165.78049904488643,178.19320770186425,184.30483231589,698.7500433231801,1146.7227217306008,161.901147694053,613.8115454910874,1007.329663591387,-70.46695349851834,184.30483231589,,1.6990728181697254,,1.0401252475794698,donchian_atr,eth_short_regime_challenge_v1_donchian_atr,20261007T203647Z-194d4424b93c,42c07221b11145e09ab067a2e33c0acd,,27,40,0,113.83787881737166,-48.82651140373518,DESCRIPTIVE_SAMPLE,recent,,human_review_required
e0dd4c731d1d27f0,donchian_atr_01,ETHUSDT,1h,SHORT_ONLY,"{""atr_expansion_threshold"": 1.1, ""atr_length"": 14, ""atr_reference_length"": 50, ""atr_stop_multiplier"": 2.0, ""breakout_length"": 40, ""exit_length"": 10, ""exit_method"": ""risk"", ""reward_risk"": 2.0, ""slope_lookback"": 5, ""trend_length"": 200}",test,base,2025-07-01T00:00:00+00:00,2026-09-26T00:00:00+00:00,65,donchian_atr_breakout,1.0.0,41.53846153846154,4.016734424838164,3.2312591409722424,0.8169204963422819,0,401.67344248382295,0.0,65.0,,,,,,,,,,,,,,,,,1.1504456720477512,0.4501096649857465,6.179591422828048,4.8516745175923885,165.61970186330825,113.7616205859704,-70.2602714036152,,3.0767821163034617,,99.37189285682196,16.56198214280366,,,281.55357686293394,,,,,,,,,not_modelled_synthetic,,,1.619145760659798,4.331593490198983,106.49277243996625,-68.30568113255458,-106.58703931248344,-105.22366032353432,-45.92389155731907,171.3588342365803,185.1565410641325,191.95068342878787,721.2854828172095,1184.0900586824964,47.7877457473476,179.57012003507265,294.78923260658047,209.7227590550352,191.95068342878787,,6.179591422828046,,1.1504456720477512,donchian_atr,eth_short_regime_challenge_v1_donchian_atr,20261007T203647Z-194d4424b93c,8ed2a467f3f5407a92cc7a47bcbcce92,,27,38,0,401.6734424838231,-45.92389155731907,DESCRIPTIVE_SAMPLE,recent,,human_review_required
e0dd4c731d1d27f0,donchian_atr_01,ETHUSDT,1h,SHORT_ONLY,"{""atr_expansion_threshold"": 1.1, ""atr_length"": 14, ""atr_reference_length"": 50, ""atr_stop_multiplier"": 2.0, ""breakout_length"": 40, ""exit_length"": 10, ""exit_method"": ""risk"", ""reward_risk"": 2.0, ""slope_lookback"": 5, ""trend_length"": 200}",test,adverse,2025-07-01T00:00:00+00:00,2026-09-26T00:00:00+00:00,64,donchian_atr_breakout,1.0.0,42.1875,2.5717358973046838,2.0716455087590457,0.5607074919133234,0,257.1735897304634,0.0,64.0,,,,,,,,,,,,,,,,,1.0951998283587585,0.3115966700364096,4.0183373395384905,5.057157800458803,322.87067077992964,109.57710050803328,-73.01103037801177,,2.936925213569131,,193.72274101069027,32.287123501781714,,,548.8805352924016,,,,,,,,,not_modelled_synthetic,,,1.5008293944175577,8.576258363943776,102.60782307587856,-72.41039489980936,-105.73179525910068,-104.64137597461996,-48.8822953292004,167.3399707753785,179.40591244927197,185.27025701950464,700.6324465795742,1150.1214401236234,72.04093437964657,272.43561335901086,447.21599964017855,71.90333271095875,185.27025701950464,,4.0183373395384905,,1.095199828358758,donchian_atr,eth_short_regime_challenge_v1_donchian_atr,20261007T203647Z-194d4424b93c,cef759945c584deea3664286ef19e0ce,,27,37,0,257.1735897304634,-48.8822953292004,DESCRIPTIVE_SAMPLE,recent,,human_review_required
827790540ac7604f,donchian_atr_02,ETHUSDT,1h,SHORT_ONLY,"{""atr_expansion_threshold"": 1.1, ""atr_length"": 14, ""atr_reference_length"": 50, ""atr_stop_multiplier"": 2.0, ""breakout_length"": 50, ""exit_length"": 10, ""exit_method"": ""risk"", ""reward_risk"": 2.0, ""slope_lookback"": 5, ""trend_length"": 200}",test,base,2025-07-01T00:00:00+00:00,2026-09-26T00:00:00+00:00,63,donchian_atr_breakout,1.0.0,39.68253968253968,1.9073274989861664,1.53740317070874,0.4247426885489533,0,190.73274989862543,0.0,63.0,,,,,,,,,,,,,,,,,1.0713816670128105,0.2375117931004463,3.0275039666448467,6.389644163755859,159.109404054366,114.50983429885696,-70.31613440981049,,3.044091915650591,,95.46569086059289,15.910948476765482,,,270.4860433917244,,,,,,,,,not_modelled_synthetic,,,1.628500133859472,4.293429260186101,106.49277243996625,-70.5990899788233,-105.57878678462478,-104.63807393154772,-47.04783494226106,172.54586997289132,182.4833091938015,192.09617517448152,716.8191521071078,1176.1978157920066,100.71483543155584,375.82384382760586,616.6732333158081,-1.363425275856173,192.09617517448152,,3.0275039666448484,,1.0713816670128102,donchian_atr,eth_short_regime_challenge_v1_donchian_atr,20261007T203647Z-194d4424b93c,b8636398bdbf45098f420601b59391d6,,25,38,0,190.73274989862531,-47.04783494226106,DESCRIPTIVE_SAMPLE,recent,,human_review_required
827790540ac7604f,donchian_atr_02,ETHUSDT,1h,SHORT_ONLY,"{""atr_expansion_threshold"": 1.1, ""atr_length"": 14, ""atr_reference_length"": 50, ""atr_stop_multiplier"": 2.0, ""breakout_length"": 50, ""exit_length"": 10, ""exit_method"": ""risk"", ""reward_risk"": 2.0, ""slope_lookback"": 5, ""trend_length"": 200}",test,adverse,2025-07-01T00:00:00+00:00,2026-09-26T00:00:00+00:00,62,donchian_atr_breakout,1.0.0,40.32258064516129,0.5572479320443025,0.4497492416057458,0.1725641157114377,0,55.72479320443098,0.0,62.0,,,,,,,,,,,,,,,,,1.0206144697383173,0.0973378405708375,0.8987869871682406,6.585817829749835,310.0254112965604,110.35652333448772,-73.05914297723682,,2.90423295082796,,186.01549154061297,31.002581923435496,,,527.0434847606089,,,,,,,,,not_modelled_synthetic,,,1.5105094152127096,8.500701367106595,102.60782307587856,-74.65903112771227,-104.95412547178108,-103.83758252594316,-49.01658312675803,168.5074929331182,176.87163014811597,185.41095321496795,696.3516967474662,1142.576682597722,332.72613957448505,1249.626345301711,2050.3919653969583,-129.68616001053704,185.41095321496795,,0.8987869871682416,,1.0206144697383173,donchian_atr,eth_short_regime_challenge_v1_donchian_atr,20261007T203647Z-194d4424b93c,63d214cdd8f14054af6a580504d9090d,,25,37,0,55.72479320443092,-49.01658312675803,DESCRIPTIVE_SAMPLE,recent,,human_review_required
6719be4e317770b6,donchian_atr_03,ETHUSDT,1h,SHORT_ONLY,"{""atr_expansion_threshold"": 1.25, ""atr_length"": 14, ""atr_reference_length"": 50, ""atr_stop_multiplier"": 2.0, ""breakout_length"": 30, ""exit_length"": 10, ""exit_method"": ""risk"", ""reward_risk"": 2.0, ""slope_lookback"": 5, ""trend_length"": 200}",test,base,2025-07-01T00:00:00+00:00,2026-09-26T00:00:00+00:00,52,donchian_atr_breakout,1.0.0,42.30769230769231,5.083593588693258,4.085425323798342,1.1695259937309213,0,508.3593588693285,0.0,52.0,,,,,,,,,,,,,,,,,1.2436629687311889,0.5974200219534623,9.776141516717855,5.81193000638711,135.57123486276262,117.94005180894538,-69.54405936424901,,2.5531299599753896,,81.34281849486517,13.55713641581086,,,230.47118977343865,,,,,,,,,not_modelled_synthetic,,,1.695904048269803,4.43213826487382,110.24564948827734,-64.18016073754373,-108.8095469850613,-106.4829682788015,-46.46145503619801,175.5224039380107,190.69988402703947,196.0941671030208,557.7686968206287,1060.072137471223,38.57392682592984,109.71937215067597,208.52810496672885,312.2651917663076,196.0941671030208,,9.776141516717855,,1.2436629687311889,donchian_atr,eth_short_regime_challenge_v1_donchian_atr,20261007T203647Z-194d4424b93c,02f807b3e6734ceb8632cec814aface1,,22,30,0,508.3593588693285,-46.46145503619801,DESCRIPTIVE_SAMPLE,recent,,human_review_required
6719be4e317770b6,donchian_atr_03,ETHUSDT,1h,SHORT_ONLY,"{""atr_expansion_threshold"": 1.25, ""atr_length"": 14, ""atr_reference_length"": 50, ""atr_stop_multiplier"": 2.0, ""breakout_length"": 30, ""exit_length"": 10, ""exit_method"": ""risk"", ""reward_risk"": 2.0, ""slope_lookback"": 5, ""trend_length"": 200}",test,adverse,2025-07-01T00:00:00+00:00,2026-09-26T00:00:00+00:00,51,donchian_atr_breakout,1.0.0,43.13725490196079,4.0436830761628295,3.2528559032007465,0.9772622246306858,0,404.3683076162877,0.0,51.0,,,,,,,,,,,,,,,,,1.1923622414734616,0.5001840167650398,7.928790345417406,5.962439204205143,263.77824543152224,113.9312376948478,-72.4868593679436,,2.414080053356074,,158.2673054314453,26.377884238574214,,,448.4234351015417,,,,,,,,,not_modelled_synthetic,,,1.5717502273968358,8.792616374540033,106.07089963870988,-67.23388353489861,-108.29772499996604,-105.96813897337616,-48.785454909299965,171.53012505338313,185.2074391994281,189.78462498477373,542.3373586908822,1032.959577300482,46.93360518373357,134.11964995177507,255.45018188731933,214.583682631514,189.78462498477373,,7.928790345417406,,1.1923622414734616,donchian_atr,eth_short_regime_challenge_v1_donchian_atr,20261007T203647Z-194d4424b93c,e824997c9f554815b58efb97889618e3,,22,29,0,404.3683076162877,-48.785454909299965,DESCRIPTIVE_SAMPLE,recent,,human_review_required
4c4aa07c4c65af74,donchian_atr_04,ETHUSDT,1h,SHORT_ONLY,"{""atr_expansion_threshold"": 1.25, ""atr_length"": 14, ""atr_reference_length"": 50, ""atr_stop_multiplier"": 2.0, ""breakout_length"": 40, ""exit_length"": 10, ""exit_method"": ""risk"", ""reward_risk"": 2.0, ""slope_lookback"": 5, ""trend_length"": 200}",test,base,2025-07-01T00:00:00+00:00,2026-09-26T00:00:00+00:00,50,donchian_atr_breakout,1.0.0,44.0,5.94517596628954,4.774021383382432,1.3703494039048183,0,594.5175966289555,0.0,50.0,,,,,,,,,,,,,,,,,1.2972344929791908,0.6929650740229047,11.89035193257911,5.039680233468864,130.2464908211435,117.94005180894538,-71.4344122559944,,2.453539498428868,,78.14798016604286,13.024663361007145,,,221.4191343481935,,,,,,,,,not_modelled_synthetic,,,1.651025718337152,4.42838268696387,110.24564948827734,-65.54966189062282,-108.87029426725204,-106.51217317029848,-46.46145503619801,175.63785563178445,190.91142453982303,196.0941671030208,557.7686968206287,897.0620954166468,32.98374484034073,93.81870275721003,150.88907384797096,398.4234295259347,196.0941671030208,,11.89035193257911,,1.2972344929791906,donchian_atr,eth_short_regime_challenge_v1_donchian_atr,20261007T203647Z-194d4424b93c,580f19ae128a465b87ff6e842de746eb,,22,28,0,594.5175966289555,-46.46145503619801,DESCRIPTIVE_SAMPLE,recent,,human_review_required
4c4aa07c4c65af74,donchian_atr_04,ETHUSDT,1h,SHORT_ONLY,"{""atr_expansion_threshold"": 1.25, ""atr_length"": 14, ""atr_reference_length"": 50, ""atr_stop_multiplier"": 2.0, ""breakout_length"": 40, ""exit_length"": 10, ""exit_method"": ""risk"", ""reward_risk"": 2.0, ""slope_lookback"": 5, ""trend_length"": 200}",test,adverse,2025-07-01T00:00:00+00:00,2026-09-26T00:00:00+00:00,49,donchian_atr_breakout,1.0.0,44.89795918367347,4.968343187007163,3.993232367849653,1.2008365056342922,0,496.83431870071627,0.0,49.0,,,,,,,,,,,,,,,,,1.2472239440371118,0.6072316287301711,10.139475891851353,5.126705800522021,253.2321268801794,113.9312376948478,-74.43158928096058,,2.3144833227029906,,151.93966560645094,25.32327760107516,,,430.4950700877055,,,,,,,,,not_modelled_synthetic,,,1.5306839313182738,8.785613675259297,106.07089963870988,-70.03816709183874,-108.3457362450186,-106.00425222671976,-48.785454909299965,171.6085961011117,185.39052663084192,189.78462498477373,542.3373586908822,873.6482612450357,38.19877529416329,109.15859437994582,175.84297790251986,307.04969371594257,189.78462498477373,,10.139475891851353,,1.2472239440371118,donchian_atr,eth_short_regime_challenge_v1_donchian_atr,20261007T203647Z-194d4424b93c,9f4ba9c7bc62470fa03a7645c8ad745d,,22,27,0,496.83431870071627,-48.785454909299965,DESCRIPTIVE_SAMPLE,recent,,human_review_required
db2f1a56c8656a10,donchian_atr_05,ETHUSDT,1h,SHORT_ONLY,"{""atr_expansion_threshold"": 1.25, ""atr_length"": 14, ""atr_reference_length"": 50, ""atr_stop_multiplier"": 2.0, ""breakout_length"": 50, ""exit_length"": 10, ""exit_method"": ""risk"", ""reward_risk"": 2.0, ""slope_lookback"": 5, ""trend_length"": 200}",test,base,2025-07-01T00:00:00+00:00,2026-09-26T00:00:00+00:00,47,donchian_atr_breakout,1.0.0,42.5531914893617,4.470911408047895,3.595094866339688,1.054118723851087,0,447.0911408047831,0.0,47.0,,,,,,,,,,,,,,,,,1.2302763910321255,0.5395020815356851,9.512577463931558,4.46646482633151,121.44665288326398,119.4316257750905,-71.90893980359358,,2.395165894514732,,72.86806035276412,12.144676725460688,,,206.4593899614888,,,,,,,,,not_modelled_synthetic,,,1.6608731278933695,4.392752977904017,109.22157975504038,-70.26756271740769,-107.50506368808708,-106.06047296722744,-46.70099743242199,175.90461024105542,189.61659903058572,196.2428682254577,554.3718731989377,893.7898046591462,43.89325806640053,123.99527134468478,199.91221544902143,250.8482725793256,196.2428682254577,,9.512577463931557,,1.2302763910321255,donchian_atr,eth_short_regime_challenge_v1_donchian_atr,20261007T203647Z-194d4424b93c,68838f625a7845f0a14cf745f2537bef,,20,27,0,447.09114080478327,-46.70099743242199,DESCRIPTIVE_SAMPLE,recent,,human_review_required
db2f1a56c8656a10,donchian_atr_05,ETHUSDT,1h,SHORT_ONLY,"{""atr_expansion_threshold"": 1.25, ""atr_length"": 14, ""atr_reference_length"": 50, ""atr_stop_multiplier"": 2.0, ""breakout_length"": 50, ""exit_length"": 10, ""exit_method"": ""risk"", ""reward_risk"": 2.0, ""slope_lookback"": 5, ""trend_length"": 200}",test,adverse,2025-07-01T00:00:00+00:00,2026-09-26T00:00:00+00:00,46,donchian_atr_breakout,1.0.0,43.47826086956522,3.610856631892712,2.905856523491024,0.8972454451674704,0,361.0856631892637,0.0,46.0,,,,,,,,,,,,,,,,,1.1853805391238537,0.4589020874222949,7.8496883302013885,4.521252310987371,235.7916576027014,115.44467399979315,-74.91568526179229,,2.2561058886049987,,141.4753145729997,23.579219095499955,,,400.84619127120106,,,,,,,,,not_modelled_synthetic,,,1.5409947008610096,8.714047636330458,105.12088691984258,-75.45343918631542,-106.8713055282154,-105.66140216718507,-49.02859994173095,171.82429770251073,184.1844888159375,189.928825444134,539.1455987129323,870.5780303052763,52.59938147823453,149.31238032298666,241.1001374621071,171.1568377451299,189.928825444134,,7.849688330201385,,1.1853805391238537,donchian_atr,eth_short_regime_challenge_v1_donchian_atr,20261007T203647Z-194d4424b93c,92ccb6abe203436aa45e8b53d3f9fde6,,20,26,0,361.0856631892639,-49.02859994173095,DESCRIPTIVE_SAMPLE,recent,,human_review_required
