configuration_id,strategy,strategy_version,symbol,timeframe,mode,parameters,filter_status,reason,train_return_pct,train_sharpe,train_max_drawdown_pct,train_profit_factor,train_closed_trades,train_expectancy,train_long_contribution,train_short_contribution,validation_return_pct,validation_sharpe,validation_max_drawdown_pct,validation_profit_factor,validation_closed_trades,validation_expectancy,validation_long_contribution,validation_short_contribution,test_return_pct,test_sharpe,test_max_drawdown_pct,test_profit_factor,test_closed_trades,test_expectancy,test_long_contribution,test_short_contribution
d4b93a5f10ce0abf,trend_volatility_breakout_v1,1.0.1,ETHUSDT,1h,LONG_ONLY,"{""atr_expansion_threshold"": 1.0, ""atr_length"": 14, ""atr_reference_length"": 50, ""atr_stop_multiplier"": 2.5, ""breakout_length"": 50, ""reward_risk"": 2.5, ""slope_lookback"": 5, ""trend_length"": 200}",PASS,,5.953538921958423,0.7676756329464486,5.406371548367115,1.264354121585127,58,10.26472227923851,595.3538921958336,0.0,-1.3870374004323227,-0.3351954221770934,4.240433614333848,0.8953007008199257,28,-4.953705001543915,-138.7037400432296,0.0,-2.792347797389816,-0.25042625402285096,11.451060851989219,0.9185515048185078,75,-3.723130396519723,-279.2347797389792,0.0
8881fc2ef0417469,trend_volatility_breakout_v1,1.0.1,ETHUSDT,1h,LONG_ONLY,"{""atr_expansion_threshold"": 1.0, ""atr_length"": 14, ""atr_reference_length"": 50, ""atr_stop_multiplier"": 2.5, ""breakout_length"": 50, ""reward_risk"": 2.5, ""slope_lookback"": 5, ""trend_length"": 100}",PASS,,5.399454904369705,0.6946299453339063,5.406371486216777,1.2280139832600172,62,8.708798232854386,539.9454904369719,0.0,-4.2750786990005345,-1.060000400134906,5.932025917337671,0.7272123958223582,32,-13.359620934376684,-427.5078699000539,0.0,-1.8775661950216072,-0.14084073241838468,11.406499249905314,0.9467794902882886,78,-2.4071361474635613,-187.75661950215778,0.0
eaed0ebbb191a18e,trend_volatility_breakout_v1,1.0.1,ETHUSDT,1h,LONG_ONLY,"{""atr_expansion_threshold"": 1.0, ""atr_length"": 20, ""atr_reference_length"": 50, ""atr_stop_multiplier"": 2.5, ""breakout_length"": 50, ""reward_risk"": 2.5, ""slope_lookback"": 5, ""trend_length"": 200}",PASS,,3.767505904747015,0.5253754150573445,4.947804359846588,1.1600028238096771,61,6.176239188109925,376.7505904747054,0.0,-0.5763719840070403,-0.14059289735268624,4.537946222295997,0.9493858592934153,25,-2.3054879360280065,-57.63719840070016,0.0,-0.3005594406843781,0.0014910582885762655,11.515566101798974,0.990510001259586,72,-0.4174436676171701,-30.055944068436247,0.0
d7d2dca0726a7e3f,trend_volatility_breakout_v1,1.0.1,ETHUSDT,1h,LONG_SHORT,"{""atr_expansion_threshold"": 1.0, ""atr_length"": 14, ""atr_reference_length"": 50, ""atr_stop_multiplier"": 2.5, ""breakout_length"": 50, ""reward_risk"": 2.5, ""slope_lookback"": 5, ""trend_length"": 200}",PASS,,4.987298769605797,0.5183021757651789,8.540929490128994,1.1310832398196993,98,5.08908037714876,677.996940896908,-179.26706393632946,1.5902055035862395,0.3378263070381553,8.7746281245084,1.05365177831992,60,2.6503425059768886,-142.77330861123195,301.7938589698453,-8.298901435554084,-0.5806022551944626,15.939241289323796,0.8674825301126473,129,-6.433256926786025,-429.2931780731596,-400.5969654822376
70fb724e086b59be,trend_volatility_breakout_v1,1.0.1,ETHUSDT,1h,LONG_SHORT,"{""atr_expansion_threshold"": 1.0, ""atr_length"": 20, ""atr_reference_length"": 50, ""atr_stop_multiplier"": 2.5, ""breakout_length"": 50, ""reward_risk"": 2.5, ""slope_lookback"": 5, ""trend_length"": 200}",PASS,,4.5389953391268945,0.5128148877975742,8.821757921662758,1.1147252136145613,105,4.322852703930449,477.34134071338303,-23.44180680068583,3.0777447562302163,0.6275045653688389,7.063553232950051,1.115650780264118,56,5.495972778982363,-58.28941021327411,366.06388583628643,-3.182363064712568,-0.18447643994852855,13.488788332987484,0.9486449220148133,129,-2.4669481121802415,-21.808111219526275,-296.4281952517249
421950bc430a2420,trend_volatility_breakout_v1,1.0.1,ETHUSDT,1h,LONG_SHORT,"{""atr_expansion_threshold"": 1.0, ""atr_length"": 20, ""atr_reference_length"": 50, ""atr_stop_multiplier"": 2.5, ""breakout_length"": 50, ""reward_risk"": 2.5, ""slope_lookback"": 5, ""trend_length"": 100}",PASS,,2.883724198022475,0.33963686634157214,9.865910905595033,1.0696627412713091,109,2.645618530295842,345.9756224071902,-57.60320260494344,2.4576812757139743,0.48869818464126713,9.706790616392153,1.0808521958720392,63,3.9010813900223247,-202.85733050280544,448.6254580742119,-3.7970526406384653,-0.22722462148024994,14.484181432005016,0.9394729003159105,132,-2.876555030786768,-88.60103728166402,-291.1042267821893
edf83b63e31a5833,trend_volatility_breakout_v1,1.0.1,ETHUSDT,1h,LONG_ONLY,"{""atr_expansion_threshold"": 1.0, ""atr_length"": 14, ""atr_reference_length"": 50, ""atr_stop_multiplier"": 2.5, ""breakout_length"": 20, ""reward_risk"": 2.5, ""slope_lookback"": 5, ""trend_length"": 200}",PASS,,2.401521039396215,0.3303313001978233,6.054611296741224,1.0945689947852173,64,3.7523766240565566,240.15210393961962,0.0,-0.07104275731854015,0.023520523037150617,4.720814852189811,0.9947545556240084,30,-0.23680919106165443,-7.104275731849633,0.0,-3.564096940517525,-0.3054798896399664,13.058670422049701,0.9075408247873863,83,-4.294092699418604,-356.4096940517441,0.0
3b494980ae82b87b,trend_volatility_breakout_v1,1.0.1,ETHUSDT,1h,LONG_ONLY,"{""atr_expansion_threshold"": 1.0, ""atr_length"": 20, ""atr_reference_length"": 50, ""atr_stop_multiplier"": 2.5, ""breakout_length"": 50, ""reward_risk"": 2.5, ""slope_lookback"": 5, ""trend_length"": 100}",PASS,,2.1423567304776014,0.3142867680288992,5.227879490377708,1.0864776200213777,65,3.2959334315039595,214.23567304775736,0.0,-1.9331185943294305,-0.5415727606481324,4.537944351175764,0.8598162908158973,30,-6.443728647764749,-193.31185943294247,0.0,0.07533123370737638,0.04529747286564124,11.181958592244845,1.0023410390236331,74,0.10179896446943887,7.533123370738476,0.0
90c67ccd29641777,trend_volatility_breakout_v1,1.0.1,ETHUSDT,1h,LONG_SHORT,"{""atr_expansion_threshold"": 1.0, ""atr_length"": 14, ""atr_reference_length"": 50, ""atr_stop_multiplier"": 2.5, ""breakout_length"": 50, ""reward_risk"": 2.5, ""slope_lookback"": 5, ""trend_length"": 100}",PASS,,2.6695224446325216,0.29799116724877517,9.384691026766172,1.0656718144329254,102,2.6171788672868437,570.297085129579,-303.34484066632103,-0.07745693470826431,0.04428527282475776,11.634424397523276,0.9976196668113257,65,-0.11916451493595741,-449.3044533977009,441.5587599268637,-8.6399724411364,-0.5949763621025979,16.313041101815866,0.865842148096006,134,-6.447740627713588,-381.6237710475805,-482.3734730660404
9445858d3f7fad6b,trend_volatility_breakout_v1,1.0.1,ETHUSDT,1h,LONG_ONLY,"{""atr_expansion_threshold"": 1.0, ""atr_length"": 14, ""atr_reference_length"": 50, ""atr_stop_multiplier"": 2.5, ""breakout_length"": 50, ""reward_risk"": 2.0, ""slope_lookback"": 5, ""trend_length"": 200}",PASS,,1.9486494571275381,0.2900962229314218,5.7726183678594865,1.0860911097189307,62,3.142982995367076,194.8649457127587,0.0,-2.937025853900055,-0.8444768092190508,4.615684295099322,0.780112421761782,29,-10.12767535827601,-293.7025853900043,0.0,3.990807771173066,0.45980560990008545,8.312566446852744,1.1231520003151674,77,5.1828672352896925,399.08077711730635,0.0
181098377a56141d,trend_volatility_breakout_v1,1.0.1,ETHUSDT,1h,LONG_ONLY,"{""atr_expansion_threshold"": 1.0, ""atr_length"": 14, ""atr_reference_length"": 50, ""atr_stop_multiplier"": 2.5, ""breakout_length"": 50, ""reward_risk"": 1.5, ""slope_lookback"": 5, ""trend_length"": 200}",PASS,,1.5618668800919222,0.26951189777152723,5.059963950801703,1.0647327197612428,72,2.16925955568321,156.18668800919113,0.0,-3.173001771982331,-1.0075166244345801,4.9909359393221875,0.7615104786434445,32,-9.915630537445002,-317.3001771982401,0.0,2.740610582279812,0.3608317180515805,8.724233196580855,1.0823460115207757,90,3.0451228691997434,274.0610582279769,0.0
6dc084dbe40bc982,trend_volatility_breakout_v1,1.0.1,ETHUSDT,1h,LONG_ONLY,"{""atr_expansion_threshold"": 1.25, ""atr_length"": 14, ""atr_reference_length"": 50, ""atr_stop_multiplier"": 2.5, ""breakout_length"": 50, ""reward_risk"": 2.5, ""slope_lookback"": 5, ""trend_length"": 200}",PASS,,1.5067618263675309,0.24931127837609937,6.277607650634373,1.0755664651976606,45,3.348359614150073,150.67618263675328,0.0,1.1051411288336643,0.35868744607201786,3.1676727268099634,1.1163464735105548,20,5.525705644168201,110.51411288336402,0.0,-0.5074467753217515,-0.02646617891056126,11.52092824059063,0.9777403513863981,49,-1.035605663921934,-50.74467753217476,0.0
2dc8d7510ed6b48d,trend_volatility_breakout_v1,1.0.1,ETHUSDT,1h,LONG_ONLY,"{""atr_expansion_threshold"": 1.25, ""atr_length"": 14, ""atr_reference_length"": 50, ""atr_stop_multiplier"": 2.5, ""breakout_length"": 50, ""reward_risk"": 2.5, ""slope_lookback"": 5, ""trend_length"": 100}",PASS,,1.4884035680618135,0.24464513034909835,6.294558097594634,1.0718929242211066,48,3.100840766795589,148.84035680618828,0.0,-0.24554867996903207,-0.0343027149784619,3.167674357321742,0.9766843516907945,22,-1.1161303634959339,-24.554867996910545,0.0,-0.9707158458469367,-0.07151361133512629,12.624125011307424,0.9594943863812856,52,-1.8667612420132582,-97.07158458468943,0.0
ee5ef06169b00888,trend_volatility_breakout_v1,1.0.1,ETHUSDT,1h,LONG_ONLY,"{""atr_expansion_threshold"": 1.0, ""atr_length"": 14, ""atr_reference_length"": 50, ""atr_stop_multiplier"": 2.5, ""breakout_length"": 50, ""reward_risk"": 2.0, ""slope_lookback"": 5, ""trend_length"": 100}",PASS,,1.2544979730898076,0.19846736192450662,5.927174147756411,1.0528196917872028,66,1.9007545046814756,125.44979730897738,0.0,-4.448871675076605,-1.268793788069877,5.289684709258394,0.7183693408036554,34,-13.084916691401745,-444.8871675076593,0.0,6.080354613189276,0.641045405050208,8.189713603954262,1.1807609429949848,82,7.415066601450364,608.0354613189298,0.0
36bf707310093dc8,trend_volatility_breakout_v1,1.0.1,ETHUSDT,1h,LONG_ONLY,"{""atr_expansion_threshold"": 1.0, ""atr_length"": 14, ""atr_reference_length"": 50, ""atr_stop_multiplier"": 1.5, ""breakout_length"": 50, ""reward_risk"": 1.5, ""slope_lookback"": 5, ""trend_length"": 200}",PASS,,0.6759497628857858,0.1763742598612379,7.162676574130396,1.0313638928407842,102,0.6626958459664541,67.59497628857832,0.0,-1.792940346996108,-0.6943981276775225,4.409557180297827,0.8209944667732884,38,-4.7182640710424035,-179.29403469961133,0.0,1.780986025781428,0.31481445477983283,5.086665430376957,1.067955443702553,117,1.5222102784456715,178.09860257814356,0.0
5817cfbc9880711d,trend_volatility_breakout_v1,1.0.1,ETHUSDT,1h,LONG_ONLY,"{""atr_expansion_threshold"": 1.0, ""atr_length"": 14, ""atr_reference_length"": 50, ""atr_stop_multiplier"": 2.0, ""breakout_length"": 50, ""reward_risk"": 1.5, ""slope_lookback"": 5, ""trend_length"": 200}",PASS,,0.8290811748000948,0.15913955371672794,5.435989019922792,1.0346039184699378,86,0.9640478776745325,82.90811748000979,0.0,-2.2111710023231868,-0.7901348369498276,4.780287845447448,0.8204328787027794,36,-6.142141673120089,-221.1171002323232,0.0,-0.19102973879329133,0.00196588049807089,9.268308139139988,0.993839026348293,101,-0.18913835524082312,-19.102973879323134,0.0
9cc462e7f0ccf0b1,trend_volatility_breakout_v1,1.0.1,ETHUSDT,1h,LONG_ONLY,"{""atr_expansion_threshold"": 1.0, ""atr_length"": 14, ""atr_reference_length"": 50, ""atr_stop_multiplier"": 2.5, ""breakout_length"": 50, ""reward_risk"": 1.5, ""slope_lookback"": 5, ""trend_length"": 100}",PASS,,0.7099386069926439,0.13837337577988634,5.366414227976937,1.0281637903160352,76,0.9341297460431608,70.99386069928022,0.0,-5.964058223409752,-1.7999427108409283,6.289623589722367,0.6212450160779907,36,-16.566828398360578,-596.4058223409808,0.0,7.498329693754924,0.8726541193492187,6.761767820033551,1.2191620437599577,96,7.810760097661391,749.8329693754936,0.0
7b7e2df3661f5c89,trend_volatility_breakout_v1,1.0.1,ETHUSDT,1h,LONG_ONLY,"{""atr_expansion_threshold"": 1.25, ""atr_length"": 14, ""atr_reference_length"": 50, ""atr_stop_multiplier"": 2.5, ""breakout_length"": 20, ""reward_risk"": 2.5, ""slope_lookback"": 5, ""trend_length"": 200}",PASS,,0.4964742762826768,0.10350575129396095,6.277609620508729,1.0238883080988719,47,1.0563282474099958,49.647427628269796,0.0,-0.11480109820090068,0.0018697036776508605,3.2509425084974586,0.9891724614004042,22,-0.5218231736402376,-11.480109820085225,0.0,-1.0647188808720398,-0.08957045562192027,12.01651147323311,0.9542283299100462,49,-2.1728956752491855,-106.47188808721009,0.0
1ccfaaebd2f3dfb5,trend_volatility_breakout_v1,1.0.1,ETHUSDT,1h,LONG_ONLY,"{""atr_expansion_threshold"": 1.25, ""atr_length"": 14, ""atr_reference_length"": 50, ""atr_stop_multiplier"": 2.5, ""breakout_length"": 20, ""reward_risk"": 2.5, ""slope_lookback"": 5, ""trend_length"": 100}",PASS,,0.4783021462418269,0.10048061641125429,6.294558958534491,1.0222026986005162,50,0.9566042924836492,47.83021462418246,0.0,-2.337389440762616,-0.59387643576618,5.101494598534026,0.8118017672813824,25,-9.34955776305038,-233.7389440762595,0.0,-2.7284325297120438,-0.2653120539445024,14.174997805805326,0.8929188243121684,54,-5.0526528328001294,-272.843252971207,0.0
33a179ded5b11cfb,trend_volatility_breakout_v1,1.0.1,ETHUSDT,1h,LONG_ONLY,"{""atr_expansion_threshold"": 1.0, ""atr_length"": 20, ""atr_reference_length"": 50, ""atr_stop_multiplier"": 2.5, ""breakout_length"": 20, ""reward_risk"": 2.5, ""slope_lookback"": 5, ""trend_length"": 200}",PASS,,0.46455598772165985,0.0952404706715467,5.480226132204772,1.017027013026801,69,0.673269547422707,46.45559877216678,0.0,-0.3597419129048429,-0.06530212493691852,3.9850654695554133,0.9714701412846093,29,-1.2404893548442542,-35.97419129048337,0.0,3.244090223880036,0.3642002797087976,9.860540090005701,1.0893742654197582,82,3.956207590097513,324.40902238799606,0.0
8050a7b3306458a7,trend_volatility_breakout_v1,1.0.1,ETHUSDT,1h,LONG_ONLY,"{""atr_expansion_threshold"": 1.0, ""atr_length"": 14, ""atr_reference_length"": 50, ""atr_stop_multiplier"": 2.0, ""breakout_length"": 50, ""reward_risk"": 2.0, ""slope_lookback"": 5, ""trend_length"": 200}",PASS,,0.42184460132626,0.09298405221799248,5.358672267947925,1.0183222316827623,74,0.5700602720623583,42.18446013261452,0.0,-3.494779694104777,-1.1689559619909553,4.671797409378805,0.7056025539256513,31,-11.273482884208901,-349.47796941047596,0.0,1.305070231968175,0.19772319959210238,8.877681617052593,1.0425232535453242,90,1.4500780355201561,130.50702319681406,0.0
c52ee8d28c1bebc6,trend_volatility_breakout_v1,1.0.1,ETHUSDT,1h,LONG_ONLY,"{""atr_expansion_threshold"": 1.25, ""atr_length"": 20, ""atr_reference_length"": 50, ""atr_stop_multiplier"": 2.0, ""breakout_length"": 50, ""reward_risk"": 2.0, ""slope_lookback"": 5, ""trend_length"": 200}",PASS,,0.276035926532181,0.07832213268471154,7.337297440273584,1.0191324477346189,43,0.6419440151912024,27.6035926532217,0.0,3.608223978810532,1.7145971927815156,1.930532659739143,2.016783940972379,14,25.773028420075118,360.82239788105164,0.0,-1.0471058384400544,-0.18182247050823763,6.61247447688647,0.9260518860645707,43,-2.4351298568374515,-104.71058384401042,0.0
16fc5cacdd46efd7,trend_volatility_breakout_v1,1.0.1,ETHUSDT,1h,LONG_ONLY,"{""atr_expansion_threshold"": 1.0, ""atr_length"": 14, ""atr_reference_length"": 50, ""atr_stop_multiplier"": 1.5, ""breakout_length"": 20, ""reward_risk"": 1.5, ""slope_lookback"": 5, ""trend_length"": 200}",PASS,,0.2233400749616088,0.07035601140457243,6.549821036737194,1.0095224416893425,112,0.19941078121583772,22.334007496173825,0.0,-4.5751653805722,-1.7267522953084515,5.3523857192541024,0.6483006957060509,47,-9.734394426749255,-457.516538057215,0.0,-0.26690217743960964,-0.015353149074304994,6.545518477506433,0.9912216661136598,133,-0.20067832890190856,-26.690217743953838,0.0
aa662a38ad2a9c9f,trend_volatility_breakout_v1,1.0.1,ETHUSDT,1h,LONG_ONLY,"{""atr_expansion_threshold"": 1.0, ""atr_length"": 20, ""atr_reference_length"": 50, ""atr_stop_multiplier"": 2.5, ""breakout_length"": 50, ""reward_risk"": 1.5, ""slope_lookback"": 5, ""trend_length"": 200}",PASS,,0.16864611280211772,0.0561644961108346,6.236498270815661,1.0069075801639844,74,0.22790015243527817,16.864611280210585,0.0,-2.319968863882549,-0.8084179268585594,5.23675446423787,0.8103120604958061,30,-7.7332295462752585,-231.99688638825776,0.0,-1.0046237547824743,-0.09799314783885474,8.938558335954948,0.9687644719037216,86,-1.1681671567238312,-100.46237547824948,0.0
f7820b571d8bf9f4,trend_volatility_breakout_v1,1.0.1,ETHUSDT,1h,SHORT_ONLY,"{""atr_expansion_threshold"": 1.0, ""atr_length"": 14, ""atr_reference_length"": 50, ""atr_stop_multiplier"": 2.5, ""breakout_length"": 50, ""reward_risk"": 2.5, ""slope_lookback"": 5, ""trend_length"": 200}",PASS,,0.14996878001038993,0.05415137955853313,7.444854268731514,1.008643119889761,44,0.340838136387367,0.0,14.996878001044148,3.0191135140359204,0.7642695737550632,6.706497152010867,1.1837946941353483,32,9.434729731362179,0.0,301.9113514035897,-4.0490102781531085,-0.3815654965354905,8.054184206093854,0.8648605186215681,55,-7.361836869369243,0.0,-404.90102781530834
47a57b08fe469188,trend_volatility_breakout_v1,1.0.1,ETHUSDT,1h,LONG_ONLY,"{""atr_expansion_threshold"": 1.25, ""atr_length"": 20, ""atr_reference_length"": 50, ""atr_stop_multiplier"": 2.5, ""breakout_length"": 50, ""reward_risk"": 1.5, ""slope_lookback"": 5, ""trend_length"": 200}",PASS,,0.1179070327192111,0.04688657195434386,6.248852057308967,1.007717201462584,41,0.28757812858337983,11.790703271918574,0.0,2.302512919674138,1.0969265905152485,2.1130740594898527,1.529170786825787,14,16.44652085481478,230.2512919674069,0.0,-4.403427629150524,-0.8316985932020498,9.869847597594273,0.7484498993690739,44,-10.007790066251147,-440.34276291505046,0.0
a33c11e349dd0489,trend_volatility_breakout_v1,1.0.1,ETHUSDT,1h,LONG_SHORT,"{""atr_expansion_threshold"": 1.0, ""atr_length"": 20, ""atr_reference_length"": 50, ""atr_stop_multiplier"": 2.5, ""breakout_length"": 20, ""reward_risk"": 2.5, ""slope_lookback"": 5, ""trend_length"": 200}",PASS,,-0.1462211541858549,0.02900427361672401,11.250434532314884,0.9967009395676614,118,-0.12391623236088456,163.1887085317544,-177.81082395033877,0.2616254850790867,0.10147386861243403,10.328352082633643,1.008674695845189,65,0.40250074627559396,-47.105984036957715,73.26853254487132,-2.4197465373506977,-0.1148294550301889,12.104945457499289,0.9656521572022333,147,-1.6460860798305004,321.1024553719423,-563.0771091070259
a657787a08e73fda,trend_volatility_breakout_v1,1.0.1,ETHUSDT,1h,LONG_ONLY,"{""atr_expansion_threshold"": 1.25, ""atr_length"": 20, ""atr_reference_length"": 50, ""atr_stop_multiplier"": 2.0, ""breakout_length"": 20, ""reward_risk"": 2.0, ""slope_lookback"": 5, ""trend_length"": 200}",PASS,,-0.06042761794539109,0.010980840997611239,7.337297440273584,0.9958993858332925,44,-0.1373354953303167,-6.042761794533934,0.0,3.546370454058634,1.6341559009842068,1.8076679872650738,1.7073677074651619,18,19.70205807810376,354.6370454058677,0.0,-2.4025382218683666,-0.43793370941529564,7.8916739648439815,0.8443327027277941,45,-5.3389738263743585,-240.25382218684612,0.0
06a55ca185ef82b6,trend_volatility_breakout_v1,1.0.1,ETHUSDT,1h,LONG_ONLY,"{""atr_expansion_threshold"": 1.0, ""atr_length"": 14, ""atr_reference_length"": 50, ""atr_stop_multiplier"": 2.5, ""breakout_length"": 20, ""reward_risk"": 2.5, ""slope_lookback"": 5, ""trend_length"": 100}",PASS,,-0.4232584061662825,-0.013760500803606128,6.9940629614387895,0.9850404123794716,71,-0.5961386002341824,-42.325840616626955,0.0,-1.325836969854921,-0.24507377394805632,5.4825849816372845,0.922850765159822,37,-3.5833431617702045,-132.58369698549757,0.0,-2.9398990608194064,-0.22745484197535296,13.037273051572932,0.9261111985427845,87,-3.379194322780856,-293.98990608193446,0.0
e60c1e9de2fdaf2e,trend_volatility_breakout_v1,1.0.1,ETHUSDT,1h,LONG_ONLY,"{""atr_expansion_threshold"": 1.25, ""atr_length"": 14, ""atr_reference_length"": 50, ""atr_stop_multiplier"": 2.0, ""breakout_length"": 50, ""reward_risk"": 2.0, ""slope_lookback"": 5, ""trend_length"": 200}",PASS,,-0.24796573450668324,-0.013879856262098774,5.702737306686688,0.9860273524377746,51,-0.4862073225620697,-24.796573450665555,0.0,-1.0148097743424511,-0.36711316014165096,3.1041376416404143,0.8683669124464182,20,-5.0740488717124705,-101.48097743424941,0.0,-1.1914404844777682,-0.1572333481069055,9.565397920500967,0.9443187097781551,59,-2.01939065165717,-119.14404844777303,0.0
38187e00280bdb79,trend_volatility_breakout_v1,1.0.1,ETHUSDT,1h,LONG_ONLY,"{""atr_expansion_threshold"": 1.0, ""atr_length"": 20, ""atr_reference_length"": 50, ""atr_stop_multiplier"": 2.0, ""breakout_length"": 50, ""reward_risk"": 2.5, ""slope_lookback"": 5, ""trend_length"": 200}",PASS,,-0.3961602480029969,-0.025056745172474547,6.792498591787417,0.982559071206761,70,-0.5659432114327563,-39.61602480029294,0.0,-0.88564380990096,-0.26314655869045533,4.51450680977105,0.9150244923774081,28,-3.163013606789188,-88.56438099009726,0.0,4.496679759969502,0.5726732829636259,6.6748511276767495,1.1647916063569437,79,5.691999696163959,449.6679759969528,0.0
925c609222ff56b7,trend_volatility_breakout_v1,1.0.1,ETHUSDT,1h,LONG_ONLY,"{""atr_expansion_threshold"": 1.25, ""atr_length"": 20, ""atr_reference_length"": 50, ""atr_stop_multiplier"": 2.5, ""breakout_length"": 20, ""reward_risk"": 1.5, ""slope_lookback"": 5, ""trend_length"": 200}",PASS,,-0.29356873315736776,-0.02598969614646929,6.248852057308967,0.9812518809127143,42,-0.6989731741842222,-29.35687331573733,0.0,3.3469666798013664,1.5299793524587861,1.833403414625269,1.611187825270793,18,18.594259332229818,334.69666798013674,0.0,-4.539092811019907,-0.820931676354938,9.997755413546997,0.7540745705629461,46,-9.867593067434482,-453.90928110198615,0.0
9eeba811707ad338,trend_volatility_breakout_v1,1.0.1,ETHUSDT,1h,LONG_ONLY,"{""atr_expansion_threshold"": 1.0, ""atr_length"": 14, ""atr_reference_length"": 50, ""atr_stop_multiplier"": 2.0, ""breakout_length"": 50, ""reward_risk"": 1.5, ""slope_lookback"": 5, ""trend_length"": 100}",PASS,,-0.5130557043406037,-0.050834287720924416,6.300337798079431,0.9794786483339355,90,-0.570061893711844,-51.30557043406596,0.0,-5.015464756715026,-1.7372216530220803,5.757412885782828,0.6608424241387006,41,-12.232840870036659,-501.546475671503,0.0,-1.5594020758501248,-0.18605977875526067,10.270986694060984,0.9526928800965816,107,-1.4573851176168646,-155.94020758500452,0.0
80c1a760a7050d50,trend_volatility_breakout_v1,1.0.1,ETHUSDT,1h,LONG_ONLY,"{""atr_expansion_threshold"": 1.0, ""atr_length"": 14, ""atr_reference_length"": 50, ""atr_stop_multiplier"": 1.5, ""breakout_length"": 50, ""reward_risk"": 1.5, ""slope_lookback"": 5, ""trend_length"": 100}",PASS,,-0.3640718082433936,-0.06381924230661112,7.822958857782562,0.983733798162117,106,-0.3434639700409273,-36.4071808243383,0.0,-3.1500292078266323,-1.1438829969058224,4.409556293826285,0.7304573930280175,43,-7.325649320527205,-315.00292078266983,0.0,0.4165500935538802,0.09179681242899006,6.0485440985325525,1.0147386626801238,125,0.33324007484311163,41.655009355388955,0.0
5a4ca76330157d62,trend_volatility_breakout_v1,1.0.1,ETHUSDT,1h,SHORT_ONLY,"{""atr_expansion_threshold"": 1.25, ""atr_length"": 14, ""atr_reference_length"": 50, ""atr_stop_multiplier"": 2.5, ""breakout_length"": 20, ""reward_risk"": 1.5, ""slope_lookback"": 5, ""trend_length"": 200}",PASS,,-0.5237650018926288,-0.0765460790442492,5.579032887238902,0.9699131604220661,51,-1.0269901997896296,0.0,-52.376500189271106,-3.849800602169884,-1.170229144225566,7.129014373298334,0.7376283797121045,28,-13.749287864892244,0.0,-384.98006021698285,6.718908187280714,0.7844492527968886,6.363065894772784,1.3108812283657871,53,12.677185259020352,0.0,671.8908187280787
61ac7ea78b111eb0,trend_volatility_breakout_v1,1.0.1,ETHUSDT,1h,LONG_ONLY,"{""atr_expansion_threshold"": 1.25, ""atr_length"": 20, ""atr_reference_length"": 50, ""atr_stop_multiplier"": 2.0, ""breakout_length"": 50, ""reward_risk"": 2.0, ""slope_lookback"": 5, ""trend_length"": 100}",PASS,,-0.5840920723977017,-0.09353345722267083,8.132120185356266,0.9615157588850279,46,-1.269765374777672,-58.40920723977292,0.0,1.8044198733841776,0.8896026803232893,1.930532739860935,1.345272649896163,17,10.614234549318802,180.44198733841964,0.0,-3.0510357462423254,-0.5558231130200773,8.503698656222257,0.8092585453895437,47,-6.491565417536844,-305.10357462423167,0.0
e89a962b2c5775ca,trend_volatility_breakout_v1,1.0.1,ETHUSDT,1h,LONG_ONLY,"{""atr_expansion_threshold"": 1.0, ""atr_length"": 14, ""atr_reference_length"": 50, ""atr_stop_multiplier"": 2.0, ""breakout_length"": 50, ""reward_risk"": 2.0, ""slope_lookback"": 5, ""trend_length"": 100}",PASS,,-0.9148689823141876,-0.10117940072010692,5.679603305746559,0.9619869158039459,78,-1.1729089516848852,-91.48689823142104,0.0,-5.8896121960070875,-1.9621015202690675,6.48700944348425,0.5980297778483321,37,-15.917870800019024,-588.9612196007039,0.0,1.696877304115274,0.24130337875984484,9.480800482010618,1.051846921939147,96,1.7675805251201557,169.68773041153494,0.0
ff99bb007fe17ad2,trend_volatility_breakout_v1,1.0.1,ETHUSDT,1h,LONG_SHORT,"{""atr_expansion_threshold"": 1.0, ""atr_length"": 14, ""atr_reference_length"": 50, ""atr_stop_multiplier"": 2.5, ""breakout_length"": 50, ""reward_risk"": 2.0, ""slope_lookback"": 5, ""trend_length"": 200}",PASS,,-1.3927123769569727,-0.10725461329265526,10.479746654928011,0.9671000296237592,115,-1.2110542408322071,230.503144230719,-369.7743819264228,-0.23716128954894833,0.009203261580849078,9.173033073027105,0.9918059012963508,62,-0.3825182089497386,-299.79070448517183,276.07457553028803,8.107635295906924,0.628731406960801,9.630451106777896,1.1265491587675567,138,5.87509804051221,408.90376805483197,401.85976153585295
4f62f8c97c696b9a,trend_volatility_breakout_v1,1.0.1,ETHUSDT,1h,LONG_ONLY,"{""atr_expansion_threshold"": 1.25, ""atr_length"": 20, ""atr_reference_length"": 50, ""atr_stop_multiplier"": 2.5, ""breakout_length"": 50, ""reward_risk"": 1.5, ""slope_lookback"": 5, ""trend_length"": 100}",PASS,,-0.929642968397415,-0.1385153295009227,7.2297845334538255,0.9425854481967383,44,-2.112824928176047,-92.96429683974607,0.0,0.19829644660696033,0.11332955766726417,2.1130735608685587,1.0309820777054268,17,1.1664496859233688,19.82964466069727,0.0,-3.3008442586348385,-0.577980946553136,8.830311794544931,0.822430357661946,48,-6.87675887215591,-330.08442586348366,0.0
3eee59e9b3642cb8,trend_volatility_breakout_v1,1.0.1,ETHUSDT,1h,LONG_ONLY,"{""atr_expansion_threshold"": 1.0, ""atr_length"": 14, ""atr_reference_length"": 50, ""atr_stop_multiplier"": 2.5, ""breakout_length"": 20, ""reward_risk"": 2.0, ""slope_lookback"": 5, ""trend_length"": 200}",PASS,,-1.3560605048351881,-0.14098899190193287,6.7415919793303125,0.9465728958339911,68,-1.994206624757688,-135.60605048352278,0.0,-0.7929691067609435,-0.185522213178965,3.591467386994308,0.9414899249681893,32,-2.4780284586278682,-79.29691067609178,0.0,-0.2001129713034011,0.0178432459947516,12.005015793188118,0.9949370331819335,91,-0.21990436406962635,-20.011297130335997,0.0
27d3bb2761b6d5ca,trend_volatility_breakout_v1,1.0.1,ETHUSDT,1h,LONG_ONLY,"{""atr_expansion_threshold"": 1.0, ""atr_length"": 20, ""atr_reference_length"": 50, ""atr_stop_multiplier"": 2.0, ""breakout_length"": 50, ""reward_risk"": 2.0, ""slope_lookback"": 5, ""trend_length"": 200}",PASS,,-1.077000916179549,-0.14320361038659457,7.619718548047416,0.9527568961952508,75,-1.4360012215726903,-107.70009161795177,0.0,0.005099243373596352,0.02868236870509549,4.7951262894210185,1.000476227893313,31,0.016449172172771465,0.5099243373559155,0.0,-0.31351558883861985,-0.014956435038963304,7.792723980212999,0.9890595357846742,86,-0.36455301027747594,-31.351558883862932,0.0
b19eb59ec4ba4840,trend_volatility_breakout_v1,1.0.1,ETHUSDT,1h,LONG_ONLY,"{""atr_expansion_threshold"": 1.0, ""atr_length"": 14, ""atr_reference_length"": 50, ""atr_stop_multiplier"": 2.5, ""breakout_length"": 20, ""reward_risk"": 1.5, ""slope_lookback"": 5, ""trend_length"": 200}",PASS,,-1.1613267776607983,-0.14668404266635715,5.623342124141919,0.9571179562447159,79,-1.470033895773207,-116.13267776608336,0.0,0.0747742987162292,0.055221491972870684,3.591467727912493,1.0054681442636872,36,0.2077063853226257,7.477429871614525,0.0,-0.5576984676961327,-0.02797143980593684,10.98249235275317,0.9854553778151722,100,-0.5576984676960005,-55.76984676960005,0.0
2237a82b4f7dfab7,trend_volatility_breakout_v1,1.0.1,ETHUSDT,1h,LONG_ONLY,"{""atr_expansion_threshold"": 1.25, ""atr_length"": 14, ""atr_reference_length"": 50, ""atr_stop_multiplier"": 2.0, ""breakout_length"": 20, ""reward_risk"": 2.0, ""slope_lookback"": 5, ""trend_length"": 200}",PASS,,-1.0560131057154476,-0.14901386637028638,6.061369553350587,0.9427379126542517,53,-1.992477557953797,-105.60131057155124,0.0,-2.427367939310243,-0.8839045521328981,3.6139740350560174,0.7315002167025136,23,-10.553773649174914,-242.73679393102302,0.0,-0.6732603375104063,-0.0713917979208767,9.091134044525704,0.9706080662470381,63,-1.0686672023974906,-67.3260337510419,0.0
f24aee462af34c8d,trend_volatility_breakout_v1,1.0.1,ETHUSDT,1h,LONG_SHORT,"{""atr_expansion_threshold"": 1.0, ""atr_length"": 14, ""atr_reference_length"": 50, ""atr_stop_multiplier"": 2.5, ""breakout_length"": 50, ""reward_risk"": 1.5, ""slope_lookback"": 5, ""trend_length"": 200}",PASS,,-1.483353801903542,-0.15044073168339245,10.146148602296105,0.9661739881283536,131,-1.1323311464912955,149.90140942676203,-298.23678961712176,-2.0251831113464847,-0.36604560565074235,8.329818129778854,0.931119439056056,70,-2.8931187304949777,-319.09143532413526,116.5731241894868,3.1025911944078333,0.2959413057797547,8.822948153328195,1.0463197472922772,164,1.8918238990291343,281.8246239153118,28.434495525466254
9cecc42022f1b7ef,trend_volatility_breakout_v1,1.0.1,ETHUSDT,1h,SHORT_ONLY,"{""atr_expansion_threshold"": 1.0, ""atr_length"": 14, ""atr_reference_length"": 50, ""atr_stop_multiplier"": 2.5, ""breakout_length"": 50, ""reward_risk"": 2.5, ""slope_lookback"": 5, ""trend_length"": 100}",PASS,,-1.4323357741610199,-0.1574368398625797,8.187890299694622,0.9266864912699282,47,-3.047522923746845,0.0,-143.23357741610172,5.854533918322913,1.3096713342132082,6.561674968950724,1.346291281308498,34,17.219217406832122,0.0,585.4533918322921,-4.36820238071981,-0.3939376312522576,9.021922024063809,0.8574760994847074,57,-7.6635129486313485,0.0,-436.82023807198686
299402bf28e8aac7,trend_volatility_breakout_v1,1.0.1,ETHUSDT,1h,LONG_ONLY,"{""atr_expansion_threshold"": 1.25, ""atr_length"": 14, ""atr_reference_length"": 50, ""atr_stop_multiplier"": 2.0, ""breakout_length"": 50, ""reward_risk"": 2.0, ""slope_lookback"": 5, ""trend_length"": 100}",PASS,,-1.1698570995952062,-0.16779947728819336,6.148558394288615,0.936825408583901,54,-2.166402036287319,-116.98570995951522,0.0,-0.6277816387316837,-0.21082809964460097,3.1041384609232665,0.922418438726495,22,-2.853552903325895,-62.778163873169696,0.0,-2.200327539848934,-0.3040750279732986,10.237979194192109,0.9033087458940062,63,-3.492583396585468,-220.03275398488447,0.0
d22a74d9925dd8b9,trend_volatility_breakout_v1,1.0.1,ETHUSDT,1h,LONG_ONLY,"{""atr_expansion_threshold"": 1.0, ""atr_length"": 20, ""atr_reference_length"": 50, ""atr_stop_multiplier"": 2.5, ""breakout_length"": 50, ""reward_risk"": 1.5, ""slope_lookback"": 5, ""trend_length"": 100}",PASS,,-1.4001409690567734,-0.171737073400015,6.413029384435028,0.9453662860217853,78,-1.7950525244318465,-140.01409690568403,0.0,-5.403284598745883,-1.7978877212655242,6.210409160538255,0.6424140601424514,35,-15.437955996416745,-540.3284598745861,0.0,0.39258573128080343,0.08099679465309689,7.653326736375564,1.0116514074958876,92,0.42672362095744953,39.25857312808536,0.0
cb2d5e6e0c659e36,trend_volatility_breakout_v1,1.0.1,ETHUSDT,1h,SHORT_ONLY,"{""atr_expansion_threshold"": 1.25, ""atr_length"": 14, ""atr_reference_length"": 50, ""atr_stop_multiplier"": 2.5, ""breakout_length"": 20, ""reward_risk"": 2.5, ""slope_lookback"": 5, ""trend_length"": 200}",PASS,,-1.0923633354804951,-0.1743327478075922,5.259530060907309,0.923350827429615,33,-3.3101919256986707,0.0,-109.23633354805614,-0.06784109411437367,0.022573456210411944,6.7634486379557,0.9954244198347221,26,-0.2609272850552381,0.0,-6.784109411436191,7.150259805573156,0.8281446340667254,5.027379847182158,1.3564951501470277,41,17.439658062373464,0.0,715.025980557312
066a81c1a1428652,trend_volatility_breakout_v1,1.0.1,ETHUSDT,1h,LONG_ONLY,"{""atr_expansion_threshold"": 1.0, ""atr_length"": 14, ""atr_reference_length"": 50, ""atr_stop_multiplier"": 2.0, ""breakout_length"": 20, ""reward_risk"": 1.5, ""slope_lookback"": 5, ""trend_length"": 200}",PASS,,-1.3320925379257442,-0.17597499674652922,5.74883683250508,0.9494289554005018,93,-1.4323575676621245,-133.20925379257758,0.0,-2.8612458374091654,-0.9005423372521322,5.461135484860036,0.8089848935687872,44,-6.502831448657198,-286.1245837409167,0.0,-3.3811660117877507,-0.4235119656569392,11.603485045025321,0.9075708100377496,117,-2.8898854801603524,-338.11660117876124,0.0
2da875f38560768b,trend_volatility_breakout_v1,1.0.1,ETHUSDT,1h,SHORT_ONLY,"{""atr_expansion_threshold"": 1.0, ""atr_length"": 14, ""atr_reference_length"": 50, ""atr_stop_multiplier"": 2.5, ""breakout_length"": 50, ""reward_risk"": 1.5, ""slope_lookback"": 5, ""trend_length"": 200}",PASS,,-1.0735248673314213,-0.17700954776647124,6.289915793270523,0.947857342145062,61,-1.75987683169085,0.0,-107.35248673314184,1.1854331418555297,0.34525587502241967,6.640227878024531,1.0724048468292973,38,3.1195608996200437,0.0,118.54331418556166,0.35231938069184565,0.07504189376541984,5.817008085711505,1.010702603480674,74,0.47610727120514207,0.0,35.231938069180515
8dabdb6992f03303,trend_volatility_breakout_v1,1.0.1,ETHUSDT,1h,SHORT_ONLY,"{""atr_expansion_threshold"": 1.0, ""atr_length"": 14, ""atr_reference_length"": 50, ""atr_stop_multiplier"": 2.5, ""breakout_length"": 50, ""reward_risk"": 2.0, ""slope_lookback"": 5, ""trend_length"": 200}",PASS,,-1.239039290998356,-0.18143443221536262,6.506209355017964,0.9403364111010384,54,-2.294517205552572,0.0,-123.90392909983889,2.7815568885487307,0.6952423131524056,7.53147246345731,1.1782578179855634,33,8.428960268329867,0.0,278.1556888548856,3.887050618140231,0.41699310149281166,5.354831133461605,1.1315333834642354,61,6.372214128098836,0.0,388.705061814029
886f95901406c380,trend_volatility_breakout_v1,1.0.1,ETHUSDT,1h,LONG_ONLY,"{""atr_expansion_threshold"": 1.0, ""atr_length"": 14, ""atr_reference_length"": 50, ""atr_stop_multiplier"": 2.0, ""breakout_length"": 50, ""reward_risk"": 2.5, ""slope_lookback"": 5, ""trend_length"": 200}",PASS,,-1.6335205493505978,-0.19338323151996228,5.31554449323722,0.9316033197482971,70,-2.3336007847866354,-163.35205493506447,0.0,-1.3914954022880233,-0.4034425436645179,4.370823451865703,0.8846246936536092,31,-4.48869484609033,-139.14954022880022,0.0,2.879903516313287,0.3837897733410785,9.256133071184442,1.0952706181377647,82,3.512077458918512,287.990351631318,0.0
a30270e4752d4ba1,trend_volatility_breakout_v1,1.0.1,ETHUSDT,1h,SHORT_ONLY,"{""atr_expansion_threshold"": 1.0, ""atr_length"": 20, ""atr_reference_length"": 50, ""atr_stop_multiplier"": 2.5, ""breakout_length"": 50, ""reward_risk"": 2.5, ""slope_lookback"": 5, ""trend_length"": 200}",PASS,,-1.3592991120158326,-0.20032333053459725,7.4233919583845465,0.9255989015305649,48,-2.8318731500330934,0.0,-135.92991120158848,3.675302837327221,0.8802180026358709,7.392419011132661,1.2429182388162527,31,11.855815604281098,0.0,367.53028373271405,-2.8634334290843833,-0.24303240309739052,8.5416778849917,0.9017617928420224,57,-5.023567419446294,0.0,-286.34334290843873
a48d33a226193971,trend_volatility_breakout_v1,1.0.1,ETHUSDT,1h,LONG_ONLY,"{""atr_expansion_threshold"": 1.0, ""atr_length"": 20, ""atr_reference_length"": 50, ""atr_stop_multiplier"": 2.5, ""breakout_length"": 20, ""reward_risk"": 1.5, ""slope_lookback"": 5, ""trend_length"": 200}",PASS,,-1.6782840205486926,-0.2052489652139282,5.791033565519579,0.94099731096456,84,-1.997957167319915,-167.82840205487287,0.0,-0.8181455786815395,-0.24214725702934733,3.5529158753793264,0.9406802225434007,36,-2.2726266074489825,-81.81455786816336,0.0,0.40322609515384134,0.08146188127142338,7.674899150746839,1.010863937783341,100,0.4032260951539493,40.32260951539493,0.0
8dba0a1559671288,trend_volatility_breakout_v1,1.0.1,ETHUSDT,1h,SHORT_ONLY,"{""atr_expansion_threshold"": 1.0, ""atr_length"": 20, ""atr_reference_length"": 50, ""atr_stop_multiplier"": 2.5, ""breakout_length"": 20, ""reward_risk"": 2.5, ""slope_lookback"": 5, ""trend_length"": 100}",PASS,,-1.5643036509720099,-0.2064432326515504,9.36337966230871,0.9255378510629371,56,-2.7933993767357643,0.0,-156.4303650972028,1.8185637757306639,0.4023039134102727,10.285274290612437,1.0944945801697308,39,4.662984040335075,0.0,181.8563775730679,-6.350091528629531,-0.5772190610062967,11.872273101025927,0.8172363244485656,67,-9.477748550193432,0.0,-635.0091528629599
e47c1f379580c261,trend_volatility_breakout_v1,1.0.1,ETHUSDT,1h,LONG_ONLY,"{""atr_expansion_threshold"": 1.25, ""atr_length"": 20, ""atr_reference_length"": 50, ""atr_stop_multiplier"": 1.5, ""breakout_length"": 50, ""reward_risk"": 1.5, ""slope_lookback"": 5, ""trend_length"": 200}",PASS,,-0.7992640474468127,-0.20746147968389086,6.236458105048291,0.9399298227210624,55,-1.453207358994129,-79.9264047446771,0.0,1.8315575133734052,0.9223069936338306,2.277825915835554,1.3925389014873455,21,8.721702444635037,183.15575133733577,0.0,-3.3948888503584906,-0.984042555407821,4.8342219323565905,0.7335667325091054,53,-6.405450661053589,-339.4888850358402,0.0
035d4e828c83a5c2,trend_volatility_breakout_v1,1.0.1,ETHUSDT,1h,LONG_ONLY,"{""atr_expansion_threshold"": 1.0, ""atr_length"": 20, ""atr_reference_length"": 50, ""atr_stop_multiplier"": 2.0, ""breakout_length"": 50, ""reward_risk"": 2.5, ""slope_lookback"": 5, ""trend_length"": 100}",PASS,,-1.6721909614737185,-0.20898756422043582,7.59199272104325,0.9295132032760035,74,-2.25971751550488,-167.2190961473611,0.0,-2.0653434296182605,-0.621622515277405,4.514506091855603,0.8339102118059646,33,-6.258616453388602,-206.53434296182388,0.0,2.479853561078871,0.32901845638171606,6.9977368927632,1.0833715769527688,86,2.8835506524173984,247.98535610789628,0.0
9d687f803252cd6d,trend_volatility_breakout_v1,1.0.1,ETHUSDT,1h,LONG_SHORT,"{""atr_expansion_threshold"": 1.0, ""atr_length"": 20, ""atr_reference_length"": 50, ""atr_stop_multiplier"": 2.5, ""breakout_length"": 50, ""reward_risk"": 1.5, ""slope_lookback"": 5, ""trend_length"": 200}",PASS,,-2.110256740501759,-0.21482821591631282,9.783456120891618,0.9506363919725828,132,-1.598679348864838,17.344272980667387,-228.36994703082598,0.274994109541149,0.10738392156422348,7.910279040149051,1.0100907989060701,67,0.4104389694642527,-232.30257337643894,259.80198433054386,-3.445464742661608,-0.2346838463602987,12.301278865600446,0.9459334060505787,157,-2.194563530357775,-132.36083133072466,-212.18564293544605
b6d0a5bd94986546,trend_volatility_breakout_v1,1.0.1,ETHUSDT,1h,LONG_ONLY,"{""atr_expansion_threshold"": 1.0, ""atr_length"": 20, ""atr_reference_length"": 50, ""atr_stop_multiplier"": 2.5, ""breakout_length"": 50, ""reward_risk"": 2.0, ""slope_lookback"": 5, ""trend_length"": 200}",PASS,,-1.910271840890132,-0.23464240507879777,7.25959204972961,0.9215558966610387,66,-2.894351274075898,-191.02718408900927,0.0,-2.484733649677562,-0.749204903085002,4.8873521656772,0.7919628438290521,27,-9.202717221028161,-248.47336496776035,0.0,9.753522319244867,1.084205705176411,6.0471013226272845,1.3292305842869265,76,12.83358199900645,975.3522319244902,0.0
e95bfc7e44922af6,trend_volatility_breakout_v1,1.0.1,ETHUSDT,1h,LONG_ONLY,"{""atr_expansion_threshold"": 1.25, ""atr_length"": 20, ""atr_reference_length"": 50, ""atr_stop_multiplier"": 1.5, ""breakout_length"": 50, ""reward_risk"": 1.5, ""slope_lookback"": 5, ""trend_length"": 100}",PASS,,-0.922264424892183,-0.24010615034967098,6.352717023075077,0.9327283516444207,58,-1.5901110774003369,-92.22644248921954,0.0,1.857626743685703,0.9124916127645623,2.277826933949309,1.367009318058338,23,8.076638016024637,185.76267436856665,0.0,-4.17914114841309,-1.1788467656448804,5.457357013875002,0.6982131876458652,57,-7.331826576163402,-417.9141148413139,0.0
b0be10170090c76d,trend_volatility_breakout_v1,1.0.1,ETHUSDT,1h,LONG_ONLY,"{""atr_expansion_threshold"": 1.25, ""atr_length"": 14, ""atr_reference_length"": 50, ""atr_stop_multiplier"": 2.5, ""breakout_length"": 50, ""reward_risk"": 1.5, ""slope_lookback"": 5, ""trend_length"": 200}",PASS,,-1.5085325224498791,-0.24059025783289023,6.689131546010831,0.9239518014485522,51,-2.9579069067643715,-150.85325224498294,0.0,-0.8995683848690206,-0.2898825852267854,3.926583782000222,0.8983917622767108,21,-4.283658975566395,-89.9568384868943,0.0,2.638478608395478,0.40757774018829906,7.416612114887922,1.1205472217377708,58,4.5491010489575565,263.84786083953827,0.0
259cf74ae7baba57,trend_volatility_breakout_v1,1.0.1,ETHUSDT,1h,SHORT_ONLY,"{""atr_expansion_threshold"": 1.0, ""atr_length"": 20, ""atr_reference_length"": 50, ""atr_stop_multiplier"": 2.5, ""breakout_length"": 50, ""reward_risk"": 2.5, ""slope_lookback"": 5, ""trend_length"": 100}",PASS,,-1.7028443234986868,-0.24620835775274388,8.469417075821129,0.9116533651895586,49,-3.4751924969362262,0.0,-170.2844323498751,5.3301587564294595,1.1442456980863995,8.122705678991798,1.3246198813460281,34,15.676937518910115,0.0,533.0158756429439,-1.4823003662213008,-0.0974893029877687,9.516007749894756,0.9478148359257903,56,-2.6469649396809403,0.0,-148.23003662213264
4dc7260f503dd804,trend_volatility_breakout_v1,1.0.1,ETHUSDT,1h,LONG_ONLY,"{""atr_expansion_threshold"": 1.25, ""atr_length"": 20, ""atr_reference_length"": 50, ""atr_stop_multiplier"": 2.0, ""breakout_length"": 20, ""reward_risk"": 2.0, ""slope_lookback"": 5, ""trend_length"": 100}",PASS,,-1.404330312274038,-0.25633019784430755,8.583343850994257,0.9117640046440385,48,-2.9256881505709362,-140.43303122740494,0.0,1.4651916135187681,0.6929959418004868,2.7418309300570485,1.2117876950396533,21,6.97710292151802,146.5191613518784,0.0,-3.8850030829148063,-0.7051585973787214,9.290762044208261,0.7683949599938514,48,-8.09375642273922,-388.50030829148255,0.0
853d0d4d6e560a54,trend_volatility_breakout_v1,1.0.1,ETHUSDT,1h,LONG_SHORT,"{""atr_expansion_threshold"": 1.0, ""atr_length"": 14, ""atr_reference_length"": 50, ""atr_stop_multiplier"": 2.5, ""breakout_length"": 20, ""reward_risk"": 2.5, ""slope_lookback"": 5, ""trend_length"": 200}",PASS,,-3.2220233725757663,-0.2567324114100879,11.037969593260764,0.9285889089040814,112,-2.8768065826569145,304.63227937062567,-626.8346166282001,1.674777349302281,0.3392187384874436,9.62536995233531,1.0543594456950738,64,2.616839608284751,-17.114071978775492,184.59180690899956,-3.232796843740471,-0.16023769731685178,11.171110358994534,0.9556882578757961,149,-2.169662311235144,-363.97193557455284,40.69225120051637
51585f6163fe8704,trend_volatility_breakout_v1,1.0.1,ETHUSDT,1h,LONG_SHORT,"{""atr_expansion_threshold"": 1.0, ""atr_length"": 20, ""atr_reference_length"": 50, ""atr_stop_multiplier"": 2.0, ""breakout_length"": 50, ""reward_risk"": 2.5, ""slope_lookback"": 5, ""trend_length"": 200}",PASS,,-2.385943572114102,-0.25900028275379394,10.820250520405047,0.9380509703848757,122,-1.955691452552508,-38.24532452863833,-200.34903268276764,3.3634464353713422,0.7486409912200062,7.359749031394445,1.1456326545793956,60,5.605744058952271,-88.7347056124368,425.0793491495731,8.121337605659873,0.6481828077054811,12.100762149277394,1.1425414737356017,144,5.639817781708239,436.7281788717837,375.40558169420274
51f78a29c1c96274,trend_volatility_breakout_v1,1.0.1,ETHUSDT,1h,LONG_ONLY,"{""atr_expansion_threshold"": 1.25, ""atr_length"": 20, ""atr_reference_length"": 50, ""atr_stop_multiplier"": 1.5, ""breakout_length"": 20, ""reward_risk"": 1.5, ""slope_lookback"": 5, ""trend_length"": 200}",PASS,,-1.0572695843916735,-0.2792856446749848,6.236458105048291,0.9219493653802838,56,-1.8879814006994131,-105.72695843916713,0.0,-0.23873322842616895,-0.10294040027156884,2.8323570867576904,0.9639861123036932,26,-0.9182047247163229,-23.873322842624393,0.0,-4.404351092065639,-1.2553472170064408,5.828645817998428,0.6783726884788142,55,-8.007911076482994,-440.4351092065647,0.0
ebeaf05a1c447d9c,trend_volatility_breakout_v1,1.0.1,ETHUSDT,1h,LONG_ONLY,"{""atr_expansion_threshold"": 1.25, ""atr_length"": 20, ""atr_reference_length"": 50, ""atr_stop_multiplier"": 2.0, ""breakout_length"": 50, ""reward_risk"": 2.5, ""slope_lookback"": 5, ""trend_length"": 200}",PASS,,-1.7780414226461705,-0.2934238947350567,6.977207612787055,0.8823712803543156,40,-4.445103556615348,-177.80414226461392,0.0,3.6868365546304904,1.5326860317513666,1.930533270942708,1.9014123543271697,14,26.334546818789438,368.6836554630521,0.0,0.7826727692656688,0.15672569916069937,6.528309181856002,1.0527196718927179,43,1.8201692308504012,78.26727692656725,0.0
5f55a10d70b6ab3e,trend_volatility_breakout_v1,1.0.1,ETHUSDT,1h,LONG_ONLY,"{""atr_expansion_threshold"": 1.25, ""atr_length"": 14, ""atr_reference_length"": 50, ""atr_stop_multiplier"": 2.5, ""breakout_length"": 50, ""reward_risk"": 1.5, ""slope_lookback"": 5, ""trend_length"": 100}",PASS,,-1.8390303195847668,-0.2961433347035241,6.980535668610775,0.9105155584189214,54,-3.4056117029346584,-183.90303195847156,0.0,-2.1769954489206267,-0.7153636788106149,3.9265843616625022,0.7810025095475083,23,-9.46519760400254,-217.6995448920584,0.0,5.31232304297633,0.7499632562704224,6.303794001073274,1.234940940966582,63,8.432258798375196,531.2323042976374,0.0
217a1caacadf4bb9,trend_volatility_breakout_v1,1.0.1,ETHUSDT,1h,LONG_ONLY,"{""atr_expansion_threshold"": 1.25, ""atr_length"": 14, ""atr_reference_length"": 50, ""atr_stop_multiplier"": 2.0, ""breakout_length"": 20, ""reward_risk"": 2.0, ""slope_lookback"": 5, ""trend_length"": 100}",PASS,,-1.970448470762165,-0.3016443190104282,6.505502688232179,0.8974078062224207,56,-3.518657983503786,-197.04484707621202,0.0,-2.315600015588881,-0.796831120485158,4.288845782381105,0.7602371107771457,25,-9.26240006235549,-231.56000155888722,0.0,-1.739883270916709,-0.22126271007897738,9.815377449648222,0.9282627865762009,67,-2.5968407028609204,-173.98832709168167,0.0
6b7670c73ed4cfc4,trend_volatility_breakout_v1,1.0.1,ETHUSDT,1h,LONG_ONLY,"{""atr_expansion_threshold"": 1.0, ""atr_length"": 20, ""atr_reference_length"": 50, ""atr_stop_multiplier"": 2.0, ""breakout_length"": 20, ""reward_risk"": 2.5, ""slope_lookback"": 5, ""trend_length"": 200}",PASS,,-2.42814608910934,-0.30414706470271063,7.621665922065669,0.9064032024654882,79,-3.073602644442309,-242.8146089109424,0.0,-0.8025294149739737,-0.21858281602534693,3.5119673540708254,0.930196774561892,32,-2.507904421793772,-80.2529414974007,0.0,4.6410257174166025,0.5461782093662065,6.595458412968888,1.1408866730866494,94,4.9372614015069445,464.1025717416528,0.0
c43aab6060b9194f,trend_volatility_breakout_v1,1.0.1,ETHUSDT,1h,LONG_ONLY,"{""atr_expansion_threshold"": 1.0, ""atr_length"": 14, ""atr_reference_length"": 50, ""atr_stop_multiplier"": 2.0, ""breakout_length"": 20, ""reward_risk"": 2.0, ""slope_lookback"": 5, ""trend_length"": 200}",PASS,,-2.349325872365937,-0.3092590468024387,6.7624029749181,0.9067965416817151,80,-2.9366573404573426,-234.9325872365874,0.0,-2.145792050742179,-0.6587325714673619,3.9287106443048536,0.842117225945617,37,-5.799437974978935,-214.5792050742206,0.0,-1.206819484756727,-0.11342739224769259,10.984059990768895,0.9665891684979654,104,-1.1604033507276263,-120.68194847567314,0.0
e4e7213e324167f4,trend_volatility_breakout_v1,1.0.1,ETHUSDT,1h,LONG_ONLY,"{""atr_expansion_threshold"": 1.25, ""atr_length"": 20, ""atr_reference_length"": 50, ""atr_stop_multiplier"": 2.5, ""breakout_length"": 20, ""reward_risk"": 1.5, ""slope_lookback"": 5, ""trend_length"": 100}",PASS,,-1.9342424435299432,-0.31494825095429857,7.791531695820095,0.8869127037948897,46,-4.2048748772392495,-193.42424435300546,0.0,0.8746158418774685,0.40257295045636976,3.347564999048765,1.1118109925593587,21,4.164837342273616,87.46158418774593,0.0,-4.267833658191666,-0.742514893514969,9.742007776433724,0.7809887641408176,49,-8.709864608554348,-426.78336581916307,0.0
465123005a0cd91b,trend_volatility_breakout_v1,1.0.1,ETHUSDT,1h,SHORT_ONLY,"{""atr_expansion_threshold"": 1.25, ""atr_length"": 14, ""atr_reference_length"": 50, ""atr_stop_multiplier"": 2.5, ""breakout_length"": 50, ""reward_risk"": 1.5, ""slope_lookback"": 5, ""trend_length"": 200}",PASS,,-1.5305849181313502,-0.31500950617559553,5.418137708591366,0.9033555504341975,45,-3.4012998180696665,0.0,-153.058491813135,-3.096189055336851,-0.9592544885604887,6.401105109884897,0.7778749877426766,27,-11.467366871617891,0.0,-309.61890553368306,4.480100534120113,0.5606142132092755,4.599722111763482,1.2269865543304361,46,9.739348987217612,0.0,448.01005341201017
2b4a9edf9fffc447,trend_volatility_breakout_v1,1.0.1,ETHUSDT,1h,LONG_ONLY,"{""atr_expansion_threshold"": 1.25, ""atr_length"": 14, ""atr_reference_length"": 50, ""atr_stop_multiplier"": 2.0, ""breakout_length"": 50, ""reward_risk"": 2.5, ""slope_lookback"": 5, ""trend_length"": 200}",PASS,,-2.1867851965572838,-0.3176684027333098,6.254065689514117,0.8881145228919048,51,-4.287814110896588,-218.678519655726,0.0,0.69941920434895,0.2741930568932443,2.7982150546709024,1.089913591047505,20,3.497096021744852,69.94192043489704,0.0,1.2926631852825832,0.21943023238032972,9.207129246918214,1.0622862235212964,55,2.350296700513723,129.26631852825477,0.0
f587bdbefb4ad123,trend_volatility_breakout_v1,1.0.1,ETHUSDT,1h,SHORT_ONLY,"{""atr_expansion_threshold"": 1.25, ""atr_length"": 14, ""atr_reference_length"": 50, ""atr_stop_multiplier"": 2.5, ""breakout_length"": 20, ""reward_risk"": 1.5, ""slope_lookback"": 5, ""trend_length"": 100}",PASS,,-1.8849400017701412,-0.3178751138084932,6.445918593752449,0.9014512910194389,52,-3.6248846187888293,0.0,-188.49400017701913,-2.7397190866069843,-0.7112460380679513,8.055214444227886,0.8256803506095187,31,-8.837803505183896,0.0,-273.97190866070076,9.375848272629582,1.0812867165912776,6.205263692503511,1.4260527401683405,55,17.046996859326534,0.0,937.5848272629594
2560a038b4661d24,trend_volatility_breakout_v1,1.0.1,ETHUSDT,1h,LONG_ONLY,"{""atr_expansion_threshold"": 1.0, ""atr_length"": 20, ""atr_reference_length"": 50, ""atr_stop_multiplier"": 2.0, ""breakout_length"": 20, ""reward_risk"": 2.0, ""slope_lookback"": 5, ""trend_length"": 200}",PASS,,-2.2818150612485266,-0.32215438253492773,6.550453218186735,0.9133479280704062,86,-2.653273327033252,-228.18150612485968,0.0,0.4948772675710922,0.2034364607269055,2.899621478441278,1.0393164532518926,37,1.3375061285703516,49.487726757103005,0.0,-0.014538590767954052,0.029212206972799824,6.6461637086912635,0.9995756409467988,102,-0.014253520360695989,-1.453859076790991,0.0
b53179913da6f75e,trend_volatility_breakout_v1,1.0.1,ETHUSDT,1h,SHORT_ONLY,"{""atr_expansion_threshold"": 1.25, ""atr_length"": 14, ""atr_reference_length"": 50, ""atr_stop_multiplier"": 2.5, ""breakout_length"": 50, ""reward_risk"": 2.0, ""slope_lookback"": 5, ""trend_length"": 200}",PASS,,-1.7258822295938447,-0.3384355007178716,6.708451011239272,0.8965643758401081,42,-4.109243403794724,0.0,-172.5882229593784,-2.211891696243329,-0.5861148297559666,6.562078595683607,0.8402407750800893,25,-8.847566784973258,0.0,-221.18916962433144,2.705769043082218,0.3480694792153979,4.599722133501418,1.1336241558514906,41,6.5994366904444535,0.0,270.5769043082226
84ae9087294b6670,trend_volatility_breakout_v1,1.0.1,ETHUSDT,1h,LONG_ONLY,"{""atr_expansion_threshold"": 1.0, ""atr_length"": 20, ""atr_reference_length"": 50, ""atr_stop_multiplier"": 2.0, ""breakout_length"": 50, ""reward_risk"": 2.0, ""slope_lookback"": 5, ""trend_length"": 100}",PASS,,-2.3443087501791693,-0.34555854746872283,8.41212107022093,0.901503854572437,79,-2.9674794306064247,-234.43087501790757,0.0,-2.668231918366859,-0.9114887155824418,4.795127011554885,0.7966930663691373,36,-7.411755328796935,-266.82319183668966,0.0,-2.0265324819915387,-0.2485906837393828,9.086811436812084,0.9340089841668493,92,-2.202752697816812,-202.65324819914673,0.0
ae1ca568c61d6df1,trend_volatility_breakout_v1,1.0.1,ETHUSDT,1h,SHORT_ONLY,"{""atr_expansion_threshold"": 1.25, ""atr_length"": 14, ""atr_reference_length"": 50, ""atr_stop_multiplier"": 2.5, ""breakout_length"": 50, ""reward_risk"": 2.5, ""slope_lookback"": 5, ""trend_length"": 200}",PASS,,-2.000997044324271,-0.3473661397101333,5.878069515626396,0.8594526750641597,34,-5.885285424483157,0.0,-200.09970443242733,0.7154140760030625,0.2192399559241546,6.03267526917014,1.0508208714010319,25,2.8616563040122505,0.0,71.54140760030626,9.069202030032141,1.058467945482583,4.582653211738652,1.5093552309588687,37,24.51135683792467,0.0,906.9202030032128
56085e480a47ea66,trend_volatility_breakout_v1,1.0.1,ETHUSDT,1h,LONG_SHORT,"{""atr_expansion_threshold"": 1.0, ""atr_length"": 14, ""atr_reference_length"": 50, ""atr_stop_multiplier"": 2.5, ""breakout_length"": 50, ""reward_risk"": 2.0, ""slope_lookback"": 5, ""trend_length"": 100}",PASS,,-3.7219915186232133,-0.35207227526672746,11.445757413519145,0.916824803660589,119,-3.1277239652297224,125.96820181831765,-498.1673536806546,-1.5882894228801514,-0.2273210225214355,11.799321633504713,0.9510931964436884,69,-2.301868728811797,-463.5945095410892,304.76556725307523,16.645269412315656,1.1580973603113294,9.431827826694235,1.2494864451930012,143,11.640048540080832,615.2582564509049,1049.2686847806542
865a0ada2f853e9c,trend_volatility_breakout_v1,1.0.1,ETHUSDT,1h,LONG_ONLY,"{""atr_expansion_threshold"": 1.25, ""atr_length"": 20, ""atr_reference_length"": 50, ""atr_stop_multiplier"": 2.0, ""breakout_length"": 20, ""reward_risk"": 2.5, ""slope_lookback"": 5, ""trend_length"": 200}",PASS,,-2.1076152278657667,-0.35249973279927344,6.977207612787055,0.8632964380496265,41,-5.140524946014082,-210.76152278657736,0.0,2.293787056068597,0.8982587115422201,2.2347478793938365,1.4250526653392737,17,13.492865035697504,229.37870560685755,0.0,-0.5978243037390585,-0.0771001025896418,7.8086630156579115,0.9629522057856016,45,-1.3284984527533974,-59.78243037390288,0.0
1b6c8418eccc5b74,trend_volatility_breakout_v1,1.0.1,ETHUSDT,1h,LONG_ONLY,"{""atr_expansion_threshold"": 1.0, ""atr_length"": 20, ""atr_reference_length"": 50, ""atr_stop_multiplier"": 1.5, ""breakout_length"": 50, ""reward_risk"": 2.5, ""slope_lookback"": 5, ""trend_length"": 200}",PASS,,-2.142316399898214,-0.35528783444843853,6.138699122220087,0.899595550139572,81,-2.644835061602924,-214.23163998983685,0.0,1.4678502021623796,0.6063712797397585,3.7356101843306746,1.171066819988149,32,4.587031881757287,146.7850202162332,0.0,-0.022416349005649483,0.024758132007000742,5.503596089905064,0.9990935653603656,91,-0.02463335055562588,-2.241634900561955,0.0
dc53720f9e13c828,trend_volatility_breakout_v1,1.0.1,ETHUSDT,1h,LONG_ONLY,"{""atr_expansion_threshold"": 1.25, ""atr_length"": 20, ""atr_reference_length"": 50, ""atr_stop_multiplier"": 2.0, ""breakout_length"": 50, ""reward_risk"": 1.5, ""slope_lookback"": 5, ""trend_length"": 200}",PASS,,-1.9485768351006794,-0.3720478175514124,6.264930619057342,0.8790022828838489,50,-3.897153670201421,-194.85768351007104,0.0,3.605069904565661,1.7211010844618653,1.4276961071868235,1.7935850244272742,18,20.028166136476017,360.5069904565683,0.0,-0.9203586739694902,-0.18222955688862877,5.210209889053325,0.9322064165348733,46,-2.0007797260204354,-92.03586739694003,0.0
fbd4c757ba1face3,trend_volatility_breakout_v1,1.0.1,ETHUSDT,1h,LONG_SHORT,"{""atr_expansion_threshold"": 1.25, ""atr_length"": 14, ""atr_reference_length"": 50, ""atr_stop_multiplier"": 2.5, ""breakout_length"": 20, ""reward_risk"": 2.5, ""slope_lookback"": 5, ""trend_length"": 200}",PASS,,-3.430747676485568,-0.37526495093507356,9.878540368527167,0.8988354813541783,77,-4.4555164629682915,-30.227460855787584,-312.84730679277084,0.38044244064663335,0.12370440404468128,7.397227465207773,1.0154040958019674,47,0.8094520013760136,-17.055297840870217,55.09954190554286,6.009408015801121,0.5266160463484125,7.553167976821305,1.1350826274711743,90,6.677120017556691,-111.62426403109832,712.5650656112006
b8fc79173637a583,trend_volatility_breakout_v1,1.0.1,ETHUSDT,1h,LONG_ONLY,"{""atr_expansion_threshold"": 1.0, ""atr_length"": 14, ""atr_reference_length"": 50, ""atr_stop_multiplier"": 2.0, ""breakout_length"": 50, ""reward_risk"": 2.5, ""slope_lookback"": 5, ""trend_length"": 100}",PASS,,-2.942874795374717,-0.37552990378251017,6.180990489626258,0.8819079312114102,74,-3.976857831587507,-294.2874795374755,0.0,-2.676252741160956,-0.7883949168507651,4.436078855621486,0.8110528709321662,36,-7.434035392113657,-267.62527411609165,0.0,3.1671471284373087,0.4046758151548914,9.836311833330933,1.0985808103524328,88,3.599030827769631,316.7147128437275,0.0
254a51bd9e8d5e85,trend_volatility_breakout_v1,1.0.1,ETHUSDT,1h,SHORT_ONLY,"{""atr_expansion_threshold"": 1.25, ""atr_length"": 14, ""atr_reference_length"": 50, ""atr_stop_multiplier"": 2.5, ""breakout_length"": 20, ""reward_risk"": 2.0, ""slope_lookback"": 5, ""trend_length"": 200}",PASS,,-1.9317285870073864,-0.37640603796162575,6.695021529173549,0.8897380902017941,44,-4.390292243198748,0.0,-193.1728587007449,-2.97237549166266,-0.784006485263024,7.288735163704175,0.7961255047338492,26,-11.432213429471764,0.0,-297.23754916626586,6.466495551067175,0.7260118324304004,6.363066434219737,1.304287313695254,46,14.057599024059119,0.0,646.6495551067195
d38edc7bc7c4e84d,trend_volatility_breakout_v1,1.0.1,ETHUSDT,1h,LONG_ONLY,"{""atr_expansion_threshold"": 1.0, ""atr_length"": 20, ""atr_reference_length"": 50, ""atr_stop_multiplier"": 2.0, ""breakout_length"": 50, ""reward_risk"": 1.5, ""slope_lookback"": 5, ""trend_length"": 200}",PASS,,-2.4586446718811716,-0.3770690408926517,6.840728763135237,0.9004984509338197,88,-2.7939143998649087,-245.86446718811197,0.0,-0.5384907183921261,-0.17286383144400275,4.941828733911699,0.9507644330741909,34,-1.5837962305654145,-53.849071839224095,0.0,1.4449392946849882,0.23966991529605966,5.968388149009512,1.0519475903331064,96,1.5051450986301687,144.4939294684962,0.0
d827fb5e36d6232f,trend_volatility_breakout_v1,1.0.1,ETHUSDT,1h,LONG_ONLY,"{""atr_expansion_threshold"": 1.0, ""atr_length"": 14, ""atr_reference_length"": 50, ""atr_stop_multiplier"": 1.5, ""breakout_length"": 20, ""reward_risk"": 1.5, ""slope_lookback"": 5, ""trend_length"": 100}",PASS,,-1.8306706952026963,-0.3792741406968329,7.269130152859485,0.9282797487630559,119,-1.5383787354644938,-183.06706952027477,0.0,-6.18489836223689,-2.1249827239818058,6.18489836223689,0.5995600793387975,55,-11.245269749521551,-618.4898362236853,0.0,-0.3617082655448578,-0.02731089889129621,7.356021222680699,0.9886043994341598,140,-0.2583630468177528,-36.170826554485394,0.0
12d300147b0c4ae2,trend_volatility_breakout_v1,1.0.1,ETHUSDT,1h,SHORT_ONLY,"{""atr_expansion_threshold"": 1.25, ""atr_length"": 14, ""atr_reference_length"": 50, ""atr_stop_multiplier"": 2.5, ""breakout_length"": 20, ""reward_risk"": 2.5, ""slope_lookback"": 5, ""trend_length"": 100}",PASS,,-2.362634810338038,-0.3830416215201947,7.183732922689155,0.8545659431244415,35,-6.750385172394477,0.0,-236.2634810338067,1.1384071127807482,0.31539921215478467,8.023041257575168,1.0748065409219865,27,4.21632263992874,0.0,113.84071127807599,8.520024274085891,0.9268945402331635,5.402953340075862,1.4376079760444251,41,20.7805470099656,0.0,852.0024274085896
b7038fdb7e3d8e2f,trend_volatility_breakout_v1,1.0.1,ETHUSDT,1h,LONG_SHORT,"{""atr_expansion_threshold"": 1.0, ""atr_length"": 14, ""atr_reference_length"": 50, ""atr_stop_multiplier"": 2.5, ""breakout_length"": 50, ""reward_risk"": 1.5, ""slope_lookback"": 5, ""trend_length"": 100}",PASS,,-3.5341764244948726,-0.3971425684967189,10.860430255654629,0.9238036946959265,136,-2.5986591356579174,89.89176078576526,-443.30940323524203,-3.6377345408865946,-0.6258291747391737,10.88902934817861,0.8889423356912024,77,-4.72433057258,-609.8672041364727,246.09375004781262,8.938819198880509,0.7251565641194475,7.444660711668997,1.1250123602066782,174,5.13725241314978,736.4918294876746,157.3900904003871
72c148188bcd4d03,trend_volatility_breakout_v1,1.0.1,ETHUSDT,1h,LONG_ONLY,"{""atr_expansion_threshold"": 1.0, ""atr_length"": 14, ""atr_reference_length"": 50, ""atr_stop_multiplier"": 1.5, ""breakout_length"": 50, ""reward_risk"": 2.5, ""slope_lookback"": 5, ""trend_length"": 200}",PASS,,-2.5270993167280764,-0.41292651836295036,7.7779120005409945,0.885056157942729,82,-3.0818284350342897,-252.70993167281176,0.0,-1.4048817172234496,-0.5200030753768298,3.6267268152644916,0.8591944701299471,34,-4.132005050657159,-140.4881717223434,0.0,3.2291474038864676,0.48041880800684555,5.291058824069156,1.1233803590478084,96,3.363695212381742,322.9147403886472,0.0
531625be69b1aa32,trend_volatility_breakout_v1,1.0.1,ETHUSDT,1h,LONG_ONLY,"{""atr_expansion_threshold"": 1.25, ""atr_length"": 20, ""atr_reference_length"": 50, ""atr_stop_multiplier"": 1.5, ""breakout_length"": 20, ""reward_risk"": 1.5, ""slope_lookback"": 5, ""trend_length"": 100}",PASS,,-1.5523112467870526,-0.4131050011518426,6.705586680973467,0.8913564177378432,60,-2.5871854113118697,-155.23112467871218,0.0,-0.41779185267234453,-0.18594317904509255,2.832356201792729,0.9420268710705092,28,-1.4921137595441596,-41.77918526723647,0.0,-4.805417869952599,-1.3350067684649016,6.07527902568228,0.6670554691003392,58,-8.285203224056273,-480.54178699526386,0.0
bcaba54ef14923f0,trend_volatility_breakout_v1,1.0.1,ETHUSDT,1h,LONG_ONLY,"{""atr_expansion_threshold"": 1.25, ""atr_length"": 14, ""atr_reference_length"": 50, ""atr_stop_multiplier"": 2.5, ""breakout_length"": 20, ""reward_risk"": 1.5, ""slope_lookback"": 5, ""trend_length"": 200}",PASS,,-2.4888064993573655,-0.41319044096361485,6.862333516422176,0.8796203580673487,53,-4.695861319542273,-248.8806499357405,0.0,-1.0212532932214136,-0.31307537950296355,3.9265843615197715,0.8968617154009928,24,-4.255222055089324,-102.12532932214378,0.0,1.9022685366441694,0.29185568757221086,8.342445438067047,1.0818413594096878,60,3.170447561073537,190.22685366441223,0.0
ff1f2b5840aacfe9,trend_volatility_breakout_v1,1.0.1,ETHUSDT,1h,LONG_ONLY,"{""atr_expansion_threshold"": 1.25, ""atr_length"": 20, ""atr_reference_length"": 50, ""atr_stop_multiplier"": 1.5, ""breakout_length"": 50, ""reward_risk"": 2.5, ""slope_lookback"": 5, ""trend_length"": 200}",PASS,,-2.177518026338743,-0.4169452003446559,6.064580567175214,0.8460009408743641,46,-4.733734839866888,-217.75180263387685,0.0,3.984967520252547,2.059474602688721,1.747989889735963,2.462473086790111,14,28.46405371608929,398.49675202525003,0.0,-4.23848207087647,-0.9794758345500822,6.833100359207532,0.6887801900721339,47,-9.018046959311597,-423.8482070876451,0.0
26837f031baaf8b1,trend_volatility_breakout_v1,1.0.1,ETHUSDT,1h,LONG_ONLY,"{""atr_expansion_threshold"": 1.25, ""atr_length"": 20, ""atr_reference_length"": 50, ""atr_stop_multiplier"": 1.5, ""breakout_length"": 50, ""reward_risk"": 2.0, ""slope_lookback"": 5, ""trend_length"": 200}",PASS,,-2.0355447613876643,-0.4214348759391981,5.651752422270831,0.8620534574926805,52,-3.9145091565148005,-203.55447613876962,0.0,4.691869484702904,2.3506447046031167,1.0544803711377477,2.3437844103379346,18,26.065941581682885,469.18694847029195,0.0,-2.866947652712404,-0.6907979051911276,5.057847902164148,0.7786438036718932,49,-5.850913576964055,-286.6947652712387,0.0
c93810b09680090f,trend_volatility_breakout_v1,1.0.1,ETHUSDT,1h,LONG_ONLY,"{""atr_expansion_threshold"": 1.0, ""atr_length"": 20, ""atr_reference_length"": 50, ""atr_stop_multiplier"": 1.5, ""breakout_length"": 50, ""reward_risk"": 2.0, ""slope_lookback"": 5, ""trend_length"": 200}",PASS,,-2.333018405665388,-0.4233045618668464,6.673092881122078,0.8955364243886413,92,-2.5358895713754825,-233.3018405665444,0.0,0.22725639136997877,0.1171451295541111,3.593089168265796,1.0240366663716793,36,0.6312677538054623,22.725639136996644,0.0,2.1351660268972728,0.36663927475979385,4.992521488617148,1.0862046309117865,101,2.114025769205184,213.51660268972356,0.0
0da7daf60dfee089,trend_volatility_breakout_v1,1.0.1,ETHUSDT,1h,LONG_SHORT,"{""atr_expansion_threshold"": 1.25, ""atr_length"": 14, ""atr_reference_length"": 50, ""atr_stop_multiplier"": 2.5, ""breakout_length"": 50, ""reward_risk"": 2.5, ""slope_lookback"": 5, ""trend_length"": 200}",PASS,,-3.7819813878889885,-0.42470445316579053,10.701000672716116,0.8864073582227066,77,-4.911664140115594,24.646697402286975,-402.8448361911877,1.828455876292323,0.40138777207911797,7.226955673653696,1.0776334510647405,45,4.06323528064989,104.58845352936365,78.25713409988137,8.515727855109967,0.7371964453741835,6.449038725947605,1.2034529630139308,86,9.902009133848786,-49.14885072917412,900.7216362401697
40079dab002472ef,trend_volatility_breakout_v1,1.0.1,ETHUSDT,1h,LONG_ONLY,"{""atr_expansion_threshold"": 1.0, ""atr_length"": 20, ""atr_reference_length"": 50, ""atr_stop_multiplier"": 2.5, ""breakout_length"": 20, ""reward_risk"": 2.5, ""slope_lookback"": 5, ""trend_length"": 100}",PASS,,-3.5700135723104154,-0.43280491966068535,6.993523225563628,0.8829728354445728,76,-4.697386279355886,-357.00135723104734,0.0,-3.994390942811732,-1.0621162557884796,6.933941119645014,0.7645626650705428,37,-10.795651196788372,-399.43909428116973,0.0,2.6202690737189505,0.2962892690080491,10.848189911825274,1.0694985621235635,86,3.0468245043244773,262.02690737190505,0.0
496eceb74038b346,trend_volatility_breakout_v1,1.0.1,ETHUSDT,1h,LONG_SHORT,"{""atr_expansion_threshold"": 1.0, ""atr_length"": 20, ""atr_reference_length"": 50, ""atr_stop_multiplier"": 2.5, ""breakout_length"": 20, ""reward_risk"": 2.5, ""slope_lookback"": 5, ""trend_length"": 100}",PASS,,-4.668527856405069,-0.4368086495354838,13.515491464738089,0.9029435141282076,126,-3.705180838416871,-218.41787958481876,-248.43490605570696,-2.4501972251500637,-0.35091614770460583,12.846185518701592,0.9305727129340677,74,-3.3110773312838067,-372.1770882301776,127.15736571517596,-6.006137714228165,-0.3777779353151925,17.479062741005375,0.9178577288973524,152,-3.951406390939607,31.5799023402993,-632.1936737631195
9c7a899defee626e,trend_volatility_breakout_v1,1.0.1,ETHUSDT,1h,LONG_ONLY,"{""atr_expansion_threshold"": 1.25, ""atr_length"": 20, ""atr_reference_length"": 50, ""atr_stop_multiplier"": 2.0, ""breakout_length"": 20, ""reward_risk"": 1.5, ""slope_lookback"": 5, ""trend_length"": 200}",PASS,,-2.277577313946999,-0.4383706043171621,6.264930619057342,0.8612059091090308,51,-4.465837870484459,-227.7577313947074,0.0,1.9820103723798388,0.8140371791451794,2.211832900614767,1.2946436027899197,23,8.617436401651302,198.20103723797996,0.0,-2.2775295911727,-0.4690350217675065,6.508618200240086,0.8466412294299931,48,-4.7448533149432075,-227.75295911727397,0.0
7800539aa2ef0bf0,trend_volatility_breakout_v1,1.0.1,ETHUSDT,1h,LONG_ONLY,"{""atr_expansion_threshold"": 1.25, ""atr_length"": 14, ""atr_reference_length"": 50, ""atr_stop_multiplier"": 2.0, ""breakout_length"": 50, ""reward_risk"": 1.5, ""slope_lookback"": 5, ""trend_length"": 200}",PASS,,-2.658628691416398,-0.4424941624106761,6.68367799503372,0.8661475664865191,60,-4.431047819027219,-265.86286914163315,0.0,0.5430979022869709,0.2619506722661416,3.2144126434704705,1.0708503153646645,23,2.3612952273346495,54.30979022869694,0.0,-0.6009558192201614,-0.07880398912929222,8.775946792292329,0.9713516023819826,65,-0.9245474141848362,-60.095581922014354,0.0
b315a9fe1e4103f8,trend_volatility_breakout_v1,1.0.1,ETHUSDT,1h,LONG_ONLY,"{""atr_expansion_threshold"": 1.25, ""atr_length"": 14, ""atr_reference_length"": 50, ""atr_stop_multiplier"": 2.5, ""breakout_length"": 50, ""reward_risk"": 2.0, ""slope_lookback"": 5, ""trend_length"": 200}",PASS,,-3.0588805990757306,-0.443595883106913,7.821010651055343,0.8543635853744378,48,-6.372667914741161,-305.8880599075757,0.0,-1.2529714775553868,-0.3905309886347843,3.547128281413566,0.8681723935626919,20,-6.264857387776597,-125.29714775553194,0.0,1.4922909924531158,0.21953875914109605,8.324534220547026,1.0663176665595377,52,2.869790370102071,149.22909924530768,0.0
8d83ffbe84c4f01f,trend_volatility_breakout_v1,1.0.1,ETHUSDT,1h,LONG_ONLY,"{""atr_expansion_threshold"": 1.25, ""atr_length"": 14, ""atr_reference_length"": 50, ""atr_stop_multiplier"": 2.0, ""breakout_length"": 20, ""reward_risk"": 2.5, ""slope_lookback"": 5, ""trend_length"": 200}",PASS,,-2.9791277555983875,-0.443680986001294,6.2709676716663205,0.8527205644650736,53,-5.620995765280116,-297.9127755598462,0.0,-0.7376033447541008,-0.22427001714489642,3.146486788657532,0.9190566557258076,23,-3.206971064148337,-73.76033447541175,0.0,2.281900578553442,0.3503660352550183,8.320433474805505,1.1018439465398726,59,3.867628099243099,228.19005785534284,0.0
a22c56c52465e9a5,trend_volatility_breakout_v1,1.0.1,ETHUSDT,1h,LONG_ONLY,"{""atr_expansion_threshold"": 1.25, ""atr_length"": 20, ""atr_reference_length"": 50, ""atr_stop_multiplier"": 2.0, ""breakout_length"": 50, ""reward_risk"": 2.5, ""slope_lookback"": 5, ""trend_length"": 100}",PASS,,-2.620550007416478,-0.44415084666947596,7.775120828939033,0.834719070855999,43,-6.0943023428289935,-262.0550007416467,0.0,4.720550318270766,1.9664877718694882,1.930533025099527,2.156220187602011,15,31.47033545513831,472.0550318270747,0.0,-1.258316851485286,-0.1867871661434181,8.421241810033164,0.9246263973506665,47,-2.6772698967770903,-125.83168514852325,0.0
a668843ebd7134a7,trend_volatility_breakout_v1,1.0.1,ETHUSDT,1h,SHORT_ONLY,"{""atr_expansion_threshold"": 1.0, ""atr_length"": 14, ""atr_reference_length"": 50, ""atr_stop_multiplier"": 2.5, ""breakout_length"": 50, ""reward_risk"": 2.0, ""slope_lookback"": 5, ""trend_length"": 100}",PASS,,-2.952981328818971,-0.4482197862690967,7.403316576767108,0.871075840564862,57,-5.18066899792794,0.0,-295.29813288189257,4.146679892786342,0.9389903032888686,7.6512391426008115,1.2475942356817633,36,11.518555257739843,0.0,414.66798927863437,8.670167529706507,0.8616941778396084,6.1551288738184455,1.2881917295735577,63,13.762170682073835,0.0,867.0167529706516
99983804dfa96558,trend_volatility_breakout_v1,1.0.1,ETHUSDT,1h,LONG_ONLY,"{""atr_expansion_threshold"": 1.0, ""atr_length"": 20, ""atr_reference_length"": 50, ""atr_stop_multiplier"": 2.5, ""breakout_length"": 50, ""reward_risk"": 2.0, ""slope_lookback"": 5, ""trend_length"": 100}",PASS,,-3.4464987265321323,-0.4503121901941549,8.22994821589433,0.8651597496705412,70,-4.923569609331703,-344.6498726532192,0.0,-4.082166703011858,-1.1810868846554408,5.324012083677265,0.7151130205165792,32,-12.756770946912187,-408.21667030119,0.0,9.779153507776051,1.0569950145162088,4.543627857315212,1.3109330184335986,82,11.92579696070233,977.9153507775911,0.0
4369fa8e3d6396aa,trend_volatility_breakout_v1,1.0.1,ETHUSDT,1h,LONG_ONLY,"{""atr_expansion_threshold"": 1.25, ""atr_length"": 14, ""atr_reference_length"": 50, ""atr_stop_multiplier"": 2.0, ""breakout_length"": 50, ""reward_risk"": 2.5, ""slope_lookback"": 5, ""trend_length"": 100}",PASS,,-3.0907602495128916,-0.46091920923835356,6.703051601115689,0.8477647359119389,54,-5.723630091690531,-309.0760249512887,0.0,1.2979475015472586,0.48227368297810225,2.7982165468868216,1.1589054013508033,22,5.89976137066908,129.79475015471976,0.0,0.9171182582419224,0.16105233285378412,9.523077576706603,1.0410546419118483,60,1.5285304304031755,91.71182582419053,0.0
1bcc324be83c38bf,trend_volatility_breakout_v1,1.0.1,ETHUSDT,1h,LONG_ONLY,"{""atr_expansion_threshold"": 1.25, ""atr_length"": 14, ""atr_reference_length"": 50, ""atr_stop_multiplier"": 2.5, ""breakout_length"": 50, ""reward_risk"": 2.0, ""slope_lookback"": 5, ""trend_length"": 100}",PASS,,-3.2302907848617335,-0.465542778825427,7.983999689768968,0.8513847194865409,51,-6.333903499729107,-323.02907848618446,0.0,-0.6065098447573303,-0.1696636400682201,3.547128718825248,0.9392279080020967,22,-2.75686293071532,-60.65098447573704,0.0,2.1243996736262094,0.283887720302018,7.933135165111385,1.088413371653129,57,3.727016971274093,212.4399673626233,0.0
eeaf4a006af86ced,trend_volatility_breakout_v1,1.0.1,ETHUSDT,1h,LONG_ONLY,"{""atr_expansion_threshold"": 1.25, ""atr_length"": 14, ""atr_reference_length"": 50, ""atr_stop_multiplier"": 2.5, ""breakout_length"": 20, ""reward_risk"": 1.5, ""slope_lookback"": 5, ""trend_length"": 100}",PASS,,-2.816013569320386,-0.4667506379923734,7.153194192656683,0.8683141742047917,56,-5.0285956595007315,-281.60135693204097,0.0,-2.63190516391143,-0.8031130934243107,4.695901897703657,0.7665652531168039,26,-10.122712168890216,-263.1905163911456,0.0,3.2795902578603764,0.46580871946432917,7.966849637679376,1.1308321259725118,67,4.894910832627401,327.95902578603585,0.0
4b3885807c16d0a4,trend_volatility_breakout_v1,1.0.1,ETHUSDT,1h,LONG_ONLY,"{""atr_expansion_threshold"": 1.25, ""atr_length"": 20, ""atr_reference_length"": 50, ""atr_stop_multiplier"": 1.5, ""breakout_length"": 20, ""reward_risk"": 2.5, ""slope_lookback"": 5, ""trend_length"": 200}",PASS,,-2.4319407267531457,-0.4682757341470312,6.308892931955768,0.8308571614894854,47,-5.174341971815088,-243.19407267530914,0.0,5.417312876328073,2.7114901119527173,1.1907457212009265,2.542655341356503,18,30.09618264626699,541.7312876328058,0.0,-5.239131293022748,-1.2016353105448871,7.8066377009143375,0.6402535855800174,49,-10.692104679638224,-523.913129302273,0.0
6e14e9ac2f60ea7c,trend_volatility_breakout_v1,1.0.1,ETHUSDT,1h,LONG_ONLY,"{""atr_expansion_threshold"": 1.25, ""atr_length"": 20, ""atr_reference_length"": 50, ""atr_stop_multiplier"": 1.5, ""breakout_length"": 20, ""reward_risk"": 2.0, ""slope_lookback"": 5, ""trend_length"": 200}",PASS,,-2.2903379789454115,-0.47667353837486515,5.897138675891702,0.8472502041276359,53,-4.321392413104606,-229.03379789454414,0.0,3.588313391686526,1.5827490024669406,1.4837298861158699,1.6922025858784848,23,15.601362572549892,358.8313391686475,0.0,-3.8819296894432753,-0.9289654965522284,6.0499360424731705,0.7208984127860375,51,-7.611626842045526,-388.1929689443218,0.0
ba42b14bc82bcc21,trend_volatility_breakout_v1,1.0.1,ETHUSDT,1h,LONG_ONLY,"{""atr_expansion_threshold"": 1.25, ""atr_length"": 20, ""atr_reference_length"": 50, ""atr_stop_multiplier"": 2.5, ""breakout_length"": 50, ""reward_risk"": 2.0, ""slope_lookback"": 5, ""trend_length"": 200}",PASS,,-2.9064359677885454,-0.4769814440360685,7.547626375281504,0.8182776302805421,37,-7.855232345374404,-290.64359677885295,0.0,2.7159049642069277,1.0901411874529394,2.113073538767598,1.54064180822114,14,19.3993211729065,271.590496420691,0.0,-0.5236110958458995,-0.05741154344223591,9.209832407017792,0.9703593929736415,43,-1.2177002228975347,-52.36110958459399,0.0
3a8b31ab98980a2a,trend_volatility_breakout_v1,1.0.1,ETHUSDT,1h,LONG_SHORT,"{""atr_expansion_threshold"": 1.25, ""atr_length"": 14, ""atr_reference_length"": 50, ""atr_stop_multiplier"": 2.5, ""breakout_length"": 20, ""reward_risk"": 2.5, ""slope_lookback"": 5, ""trend_length"": 100}",PASS,,-4.41362164533351,-0.4777010180180919,11.749646884232282,0.878736868036709,81,-5.448915611522793,-5.804281093877421,-435.5578834394688,-0.6684733253309649,-0.0675483718400695,9.9643765143722,0.975317740604731,51,-1.3107320104529392,-245.9653105534742,179.1179780203743,4.088961611460951,0.373592724605426,7.421779821249183,1.0881650918743329,95,4.304170117327323,-343.65225700733174,752.5484181534274
f4986fc8f9cb740f,trend_volatility_breakout_v1,1.0.1,ETHUSDT,1h,LONG_ONLY,"{""atr_expansion_threshold"": 1.0, ""atr_length"": 14, ""atr_reference_length"": 50, ""atr_stop_multiplier"": 2.5, ""breakout_length"": 20, ""reward_risk"": 1.5, ""slope_lookback"": 5, ""trend_length"": 100}",PASS,,-3.485884286759444,-0.49406227905129185,6.46875902496282,0.8838104673208408,87,-4.00676354799929,-348.58842867593825,0.0,-3.855677297877369,-0.9805701604132915,5.948315482072979,0.7838492477827299,43,-8.966691390412523,-385.5677297877385,0.0,3.91333425724798,0.45972984030723335,9.091949860661247,1.0982944664359173,108,3.623457645599927,391.3334257247921,0.0
c80c16d22d637297,trend_volatility_breakout_v1,1.0.1,ETHUSDT,1h,LONG_ONLY,"{""atr_expansion_threshold"": 1.0, ""atr_length"": 14, ""atr_reference_length"": 50, ""atr_stop_multiplier"": 2.5, ""breakout_length"": 20, ""reward_risk"": 2.0, ""slope_lookback"": 5, ""trend_length"": 100}",PASS,,-4.098510597764671,-0.4949910299190004,7.820346764502462,0.8547789055270795,75,-5.464680797019609,-409.85105977647066,0.0,-3.1688406824224136,-0.7701842384010507,6.164944574991464,0.8215316813776304,40,-7.922101706056026,-316.884068242241,0.0,1.5101335004179983,0.18938966768036478,11.745690556705625,1.0368142120486812,97,1.5568386602246618,151.0133500417922,0.0
42a77d4f6029bdaf,trend_volatility_breakout_v1,1.0.1,ETHUSDT,1h,LONG_SHORT,"{""atr_expansion_threshold"": 1.0, ""atr_length"": 20, ""atr_reference_length"": 50, ""atr_stop_multiplier"": 2.5, ""breakout_length"": 20, ""reward_risk"": 1.5, ""slope_lookback"": 5, ""trend_length"": 200}",PASS,,-4.663418494242522,-0.4962381829585517,9.967475321652486,0.9059232260760643,153,-3.047985943949281,-147.12488729238916,-319.21696213185083,-1.1802692853198238,-0.22784854121019968,7.712918958287994,0.962182398586301,78,-1.5131657504102065,-82.89035836886131,-35.13657016313478,-7.763055435613264,-0.5586802051439063,14.000800574745483,0.8951680193536456,184,-4.219051867181215,9.049088920331318,-785.3546324816749
ac19276631fd437b,trend_volatility_breakout_v1,1.0.1,ETHUSDT,1h,SHORT_ONLY,"{""atr_expansion_threshold"": 1.0, ""atr_length"": 14, ""atr_reference_length"": 50, ""atr_stop_multiplier"": 2.5, ""breakout_length"": 50, ""reward_risk"": 1.5, ""slope_lookback"": 5, ""trend_length"": 100}",PASS,,-2.944165704244728,-0.49888471741995627,7.335968378187355,0.8704114164636534,64,-4.600258912882368,0.0,-294.41657042447156,2.5128841104074873,0.6324608929649492,7.613989118115291,1.144817267122892,41,6.128985635140313,0.0,251.28841104075283,1.6509533982249414,0.21102957481324602,6.8082909613811085,1.0471896463214638,79,2.089814428132885,0.0,165.09533982249795
25e7d4b3334fad43,trend_volatility_breakout_v1,1.0.1,ETHUSDT,1h,LONG_SHORT,"{""atr_expansion_threshold"": 1.0, ""atr_length"": 20, ""atr_reference_length"": 50, ""atr_stop_multiplier"": 2.0, ""breakout_length"": 20, ""reward_risk"": 2.5, ""slope_lookback"": 5, ""trend_length"": 200}",PASS,,-4.722465083094596,-0.500692709745291,12.024780837232624,0.8907498575119898,139,-3.397456894312715,-231.09386701060052,-241.15264129886688,0.974039755857925,0.24681734982153036,9.429810166380753,1.037237965322624,69,1.4116518200838768,-86.1785546308178,183.5825302166053,1.6347440861996576,0.172376232506091,13.404176516823222,1.023820719765102,173,0.9449387781501748,357.97515447694616,-194.50074585696592
91c633f50025a027,trend_volatility_breakout_v1,1.0.1,ETHUSDT,1h,LONG_SHORT,"{""atr_expansion_threshold"": 1.0, ""atr_length"": 14, ""atr_reference_length"": 50, ""atr_stop_multiplier"": 2.5, ""breakout_length"": 20, ""reward_risk"": 2.5, ""slope_lookback"": 5, ""trend_length"": 100}",PASS,,-5.859168954614158,-0.5030510029627929,13.395207854321791,0.876272879258035,117,-5.007836713345476,131.65247060258196,-717.5693660640027,2.364153475776787,0.4176298858946957,10.364063175133476,1.0672082978207298,72,3.283546494134389,-85.86925073149862,322.2845983091746,-3.1598255046003887,-0.1463129165072803,13.289991254384914,0.9579585293849263,153,-2.065245427843425,-561.8530074631075,245.87045700306345
a6ba5d47925f5e8c,trend_volatility_breakout_v1,1.0.1,ETHUSDT,1h,LONG_SHORT,"{""atr_expansion_threshold"": 1.0, ""atr_length"": 20, ""atr_reference_length"": 50, ""atr_stop_multiplier"": 2.0, ""breakout_length"": 50, ""reward_risk"": 2.5, ""slope_lookback"": 5, ""trend_length"": 100}",PASS,,-4.406770061636012,-0.5043616865012822,12.349694680172828,0.8896448900175682,126,-3.4974365568540553,-139.81676022177058,-300.86024594184033,-0.38531165040758264,-0.03048046055877138,10.150154404673453,0.9858158806630958,69,-0.5584226817501243,-207.74494523323852,169.21378019247993,9.31993024464357,0.7188106939264562,13.311560481627826,1.159894065726561,147,6.34008860179828,150.83373150280673,781.1592929615405
e70793bb4fbe2589,trend_volatility_breakout_v1,1.0.1,ETHUSDT,1h,LONG_SHORT,"{""atr_expansion_threshold"": 1.0, ""atr_length"": 20, ""atr_reference_length"": 50, ""atr_stop_multiplier"": 2.5, ""breakout_length"": 50, ""reward_risk"": 1.5, ""slope_lookback"": 5, ""trend_length"": 100}",PASS,,-4.654321071952472,-0.5156287196154324,11.73683212838708,0.8963212993837609,138,-3.372696428951079,-141.15817911040645,-324.2739280848425,-2.7438427472108895,-0.5390937694904666,11.6469172956122,0.913934097863426,76,-3.610319404224744,-556.1808550063843,281.7965802853038,0.9977122639531766,0.12943263337509592,12.242669487774045,1.0148864053585729,165,0.6046740993654832,-10.844878298807696,110.61610469411244
bbe010278874ea7c,trend_volatility_breakout_v1,1.0.1,ETHUSDT,1h,SHORT_ONLY,"{""atr_expansion_threshold"": 1.0, ""atr_length"": 20, ""atr_reference_length"": 50, ""atr_stop_multiplier"": 2.5, ""breakout_length"": 20, ""reward_risk"": 2.5, ""slope_lookback"": 5, ""trend_length"": 200}",PASS,,-3.287879337197097,-0.5177994730488382,9.029794508059515,0.8388927473097038,55,-5.977962431267431,0.0,-328.78793371970875,0.6236162107891685,0.1829533248333953,9.61957393900343,1.0348095781886741,36,1.732267252192321,0.0,62.361621078923555,-5.424975290365386,-0.4983041877794155,7.7136645775762664,0.8356546122163431,65,-8.346115831331282,0.0,-542.4975290365334
4f6151606727f60a,trend_volatility_breakout_v1,1.0.1,ETHUSDT,1h,LONG_SHORT,"{""atr_expansion_threshold"": 1.0, ""atr_length"": 20, ""atr_reference_length"": 50, ""atr_stop_multiplier"": 2.0, ""breakout_length"": 50, ""reward_risk"": 2.0, ""slope_lookback"": 5, ""trend_length"": 200}",PASS,,-4.095692204860302,-0.5209479497768263,11.495259149023841,0.8951328791059774,132,-3.1027971248941877,-109.3286897498836,-300.24053073614914,2.6553561274137882,0.6826805659560019,5.001376884074679,1.1107996655320154,66,4.023266859717909,3.454636920126841,262.0809758212552,1.6884279368889699,0.18936220145453742,12.109903426658502,1.028673278247417,159,1.0619043628233225,-56.47641562935618,225.31920931826446
5b40e88dc72229f1,trend_volatility_breakout_v1,1.0.1,ETHUSDT,1h,SHORT_ONLY,"{""atr_expansion_threshold"": 1.0, ""atr_length"": 20, ""atr_reference_length"": 50, ""atr_stop_multiplier"": 2.5, ""breakout_length"": 20, ""reward_risk"": 2.0, ""slope_lookback"": 5, ""trend_length"": 100}",PASS,,-3.4236670648137957,-0.5214233426753959,9.876011829511352,0.8540873412475967,64,-5.34947978877153,0.0,-342.36670648137795,1.0334181628425254,0.26899014429157025,10.960631824229976,1.0551418642232506,41,2.520532104494067,0.0,103.34181628425675,-4.183033414914005,-0.3318197615069511,12.498608986205785,0.8893160029406155,78,-5.362863352453836,0.0,-418.3033414913992
501c30b9c24e7814,trend_volatility_breakout_v1,1.0.1,ETHUSDT,1h,LONG_SHORT,"{""atr_expansion_threshold"": 1.25, ""atr_length"": 14, ""atr_reference_length"": 50, ""atr_stop_multiplier"": 2.5, ""breakout_length"": 50, ""reward_risk"": 2.5, ""slope_lookback"": 5, ""trend_length"": 100}",PASS,,-4.754375858004645,-0.5247904599095189,11.000756032504842,0.8672506705536767,81,-5.8695998246970795,48.835196204789376,-524.2727820052528,1.6808263924515288,0.3629093044027493,8.397507783654486,1.066834169814265,48,3.501721650940567,-28.34998635999083,196.43262560513807,6.813615377450688,0.5959307526337045,7.380301063046264,1.157000376704554,89,7.655747615113306,-162.00123066428418,843.3627684093684
74a8cad0a9f521a9,trend_volatility_breakout_v1,1.0.1,ETHUSDT,1h,LONG_SHORT,"{""atr_expansion_threshold"": 1.0, ""atr_length"": 20, ""atr_reference_length"": 50, ""atr_stop_multiplier"": 2.5, ""breakout_length"": 50, ""reward_risk"": 2.0, ""slope_lookback"": 5, ""trend_length"": 200}",PASS,,-4.725750024881958,-0.5259173779531142,11.598055823597953,0.8882481623560281,118,-4.004872902442484,-183.5960961451491,-288.97890634306407,1.2732088126575114,0.3010224452616271,10.110662189111089,1.04867448661552,59,2.1579810384025313,-251.85325584942728,379.1741371151766,9.451672995979488,0.7120514730896462,12.060353838229487,1.1507872239989978,139,6.7997647453089565,882.1207041942871,63.04659540365794
5efe5b5b441e6b61,trend_volatility_breakout_v1,1.0.1,ETHUSDT,1h,LONG_ONLY,"{""atr_expansion_threshold"": 1.0, ""atr_length"": 20, ""atr_reference_length"": 50, ""atr_stop_multiplier"": 1.5, ""breakout_length"": 50, ""reward_risk"": 2.5, ""slope_lookback"": 5, ""trend_length"": 100}",PASS,,-3.11644438497678,-0.5285619121551729,6.7665984249689295,0.8592312375970086,85,-3.6664051587962163,-311.6444384976784,0.0,-0.9221205391116372,-0.3201696841914423,3.7356106430533877,0.9148812941166539,38,-2.4266329976623493,-92.21205391116928,0.0,-1.1430472616121512,-0.13323570378420138,6.6305873099857475,0.9564856415266099,97,-1.1783992387755027,-114.30472616122375,0.0
f504ebf1a57d65f6,trend_volatility_breakout_v1,1.0.1,ETHUSDT,1h,LONG_ONLY,"{""atr_expansion_threshold"": 1.25, ""atr_length"": 20, ""atr_reference_length"": 50, ""atr_stop_multiplier"": 2.0, ""breakout_length"": 50, ""reward_risk"": 1.5, ""slope_lookback"": 5, ""trend_length"": 100}",PASS,,-2.789619358488382,-0.5410410725332808,7.068950696352603,0.8343841993358428,53,-5.263432751864856,-278.96193584883736,0.0,2.442737328296607,1.1964566106875476,1.4276971407656127,1.4444444964345764,20,12.213686641483168,244.27373282966337,0.0,-2.9268585208152786,-0.5995486059385593,7.196401316128598,0.8101722057274692,50,-5.853717041630586,-292.6858520815293,0.0
2e7aee62eccbd77c,trend_volatility_breakout_v1,1.0.1,ETHUSDT,1h,SHORT_ONLY,"{""atr_expansion_threshold"": 1.25, ""atr_length"": 14, ""atr_reference_length"": 50, ""atr_stop_multiplier"": 2.5, ""breakout_length"": 50, ""reward_risk"": 2.5, ""slope_lookback"": 5, ""trend_length"": 100}",PASS,,-3.2525764773154386,-0.5451378673088657,6.446580274838675,0.7995846513589265,36,-9.034934659209421,0.0,-325.2576477315392,1.9311133128488533,0.5128198408531213,7.30214015106937,1.1336045972310322,26,7.427358895572464,0.0,193.11133128488407,9.38407309275766,1.0391570398767054,3.714358504910853,1.5291291233669675,37,25.36235971015586,0.0,938.4073092757668
bd0693c5e2676c7c,trend_volatility_breakout_v1,1.0.1,ETHUSDT,1h,LONG_ONLY,"{""atr_expansion_threshold"": 1.25, ""atr_length"": 20, ""atr_reference_length"": 50, ""atr_stop_multiplier"": 2.5, ""breakout_length"": 20, ""reward_risk"": 2.0, ""slope_lookback"": 5, ""trend_length"": 200}",PASS,,-3.305484354940258,-0.5458207261297406,7.636496136543223,0.7979500562059937,38,-8.69864303931655,-330.5484354940289,0.0,1.0185352402337866,0.39573833072227454,2.624461794736985,1.153976540631194,17,5.991383766081137,101.85352402337934,0.0,-1.7511938420357587,-0.24138545526788602,10.330224204809701,0.9068892733268102,44,-3.9799860046268027,-175.11938420357933,0.0
2f4a059f41bb48dc,trend_volatility_breakout_v1,1.0.1,ETHUSDT,1h,SHORT_ONLY,"{""atr_expansion_threshold"": 1.0, ""atr_length"": 14, ""atr_reference_length"": 50, ""atr_stop_multiplier"": 2.5, ""breakout_length"": 20, ""reward_risk"": 2.5, ""slope_lookback"": 5, ""trend_length"": 200}",PASS,,-4.266608081122614,-0.5479652034650702,8.838858763577466,0.8073389731403114,53,-8.050203926646311,0.0,-426.6608081122545,1.1763866645421173,0.31732459912058497,7.883132508373284,1.0650951435146185,35,3.3611047558346043,0.0,117.63866645421115,-0.7380973603146823,-0.025521230039690347,8.960095126191689,0.9791571589537735,68,-1.0854372945804203,0.0,-73.80973603146857
54dbc64cd963cdb2,trend_volatility_breakout_v1,1.0.1,ETHUSDT,1h,LONG_ONLY,"{""atr_expansion_threshold"": 1.25, ""atr_length"": 20, ""atr_reference_length"": 50, ""atr_stop_multiplier"": 1.5, ""breakout_length"": 50, ""reward_risk"": 2.5, ""slope_lookback"": 5, ""trend_length"": 100}",PASS,,-2.831917209382373,-0.5485200277653339,6.60364468026466,0.8077625135798929,49,-5.779422876290331,-283.19172093822624,0.0,2.661795775121112,1.389700115399231,1.7479894405081349,1.6623749210489884,17,15.657622206594723,266.1795775121103,0.0,-5.645806253034625,-1.2803303381713118,8.202292552895784,0.6221674938525211,51,-11.070208339283699,-564.5806253034687,0.0
bb2cd37368163598,trend_volatility_breakout_v1,1.0.1,ETHUSDT,1h,LONG_ONLY,"{""atr_expansion_threshold"": 1.0, ""atr_length"": 14, ""atr_reference_length"": 50, ""atr_stop_multiplier"": 2.0, ""breakout_length"": 20, ""reward_risk"": 2.5, ""slope_lookback"": 5, ""trend_length"": 200}",PASS,,-4.240448083638981,-0.5523630215338486,6.993660010971402,0.8371821632739831,76,-5.579536952156639,-424.04480836390456,0.0,0.10906637985705903,0.06555297745309153,3.9287106015510798,1.0084901661614614,35,0.31161822816306833,10.906637985707391,0.0,1.4768660650005927,0.20318445382016323,10.726891227790754,1.0403430001253078,98,1.5070061887761028,147.68660650005808,0.0
fcb231c92b6cdb8c,trend_volatility_breakout_v1,1.0.1,ETHUSDT,1h,LONG_ONLY,"{""atr_expansion_threshold"": 1.25, ""atr_length"": 14, ""atr_reference_length"": 50, ""atr_stop_multiplier"": 1.5, ""breakout_length"": 50, ""reward_risk"": 1.5, ""slope_lookback"": 5, ""trend_length"": 200}",PASS,,-2.16290917423434,-0.5578553382158397,7.3553127940292455,0.8743254979898583,68,-3.1807487856387895,-216.2909174234377,0.0,1.0006220139790578,0.4853487444812394,3.209230306384949,1.1614027601079921,25,4.002488055916369,100.06220139790922,0.0,-0.5207516290749115,-0.08730053651885124,4.838836770817993,0.970654765344731,74,-0.7037184176687334,-52.07516290748627,0.0
355e3ee57d694566,trend_volatility_breakout_v1,1.0.1,ETHUSDT,1h,LONG_ONLY,"{""atr_expansion_threshold"": 1.25, ""atr_length"": 20, ""atr_reference_length"": 50, ""atr_stop_multiplier"": 1.5, ""breakout_length"": 50, ""reward_risk"": 2.0, ""slope_lookback"": 5, ""trend_length"": 100}",PASS,,-2.6908922978571725,-0.5629303704762673,6.282907068151757,0.8246054983135126,55,-4.892531450649415,-269.0892297857178,0.0,3.7566443144161132,1.9283529351061708,1.054479761883293,1.8878271851617534,20,18.78322157208029,375.6644314416058,0.0,-4.294425935254842,-1.0150027121311231,6.305034182218476,0.6995345242530184,53,-8.102690443877217,-429.4425935254925,0.0
1c97864498008276,trend_volatility_breakout_v1,1.0.1,ETHUSDT,1h,LONG_SHORT,"{""atr_expansion_threshold"": 1.25, ""atr_length"": 20, ""atr_reference_length"": 50, ""atr_stop_multiplier"": 2.5, ""breakout_length"": 50, ""reward_risk"": 1.5, ""slope_lookback"": 5, ""trend_length"": 200}",PASS,,-4.207156756242069,-0.580354030208413,10.422743082942025,0.8518477053297038,76,-5.535732574002824,15.049982283990282,-435.7656579082049,-2.3835768192017937,-0.7581721631520354,5.848960395009117,0.8306115159276317,31,-7.688957481296036,221.85262242740941,-460.21030434758654,-4.450311190692613,-0.5239299622798527,11.150211404938212,0.8731304295707659,83,-5.3618207116779,-460.01183022496747,14.980711155701734
c9af5b3eeea133c0,trend_volatility_breakout_v1,1.0.1,ETHUSDT,1h,SHORT_ONLY,"{""atr_expansion_threshold"": 1.0, ""atr_length"": 20, ""atr_reference_length"": 50, ""atr_stop_multiplier"": 2.5, ""breakout_length"": 20, ""reward_risk"": 1.5, ""slope_lookback"": 5, ""trend_length"": 100}",PASS,,-3.564437130111675,-0.5808993532714809,8.463150940071987,0.8505894988595378,73,-4.882790589194152,0.0,-356.4437130111731,0.6220715635166574,0.19454762885255442,9.222388451481306,1.0319815654488027,47,1.3235565181204634,0.0,62.20715635166178,-6.323869540078797,-0.597015715369185,12.091330740900194,0.8377442209774068,88,-7.186215386453207,0.0,-632.3869540078822
16b96f0fbd6472b3,trend_volatility_breakout_v1,1.0.1,ETHUSDT,1h,LONG_ONLY,"{""atr_expansion_threshold"": 1.25, ""atr_length"": 14, ""atr_reference_length"": 50, ""atr_stop_multiplier"": 2.0, ""breakout_length"": 20, ""reward_risk"": 1.5, ""slope_lookback"": 5, ""trend_length"": 200}",PASS,,-3.4471578669596825,-0.5815213972798716,6.834867043176558,0.8322360909700518,62,-5.559932043483424,-344.71578669597227,0.0,0.42516201142557275,0.20431462304226525,3.2144141795474166,1.049888524903098,26,1.6352385054829501,42.5162011425567,0.0,-0.5351170592352017,-0.06264520343924332,8.715523361985309,0.9760707178500396,69,-0.7755319699060633,-53.51170592351837,0.0
7848a09a94d99a7a,trend_volatility_breakout_v1,1.0.1,ETHUSDT,1h,LONG_ONLY,"{""atr_expansion_threshold"": 1.0, ""atr_length"": 20, ""atr_reference_length"": 50, ""atr_stop_multiplier"": 2.0, ""breakout_length"": 50, ""reward_risk"": 1.5, ""slope_lookback"": 5, ""trend_length"": 100}",PASS,,-3.70825033190495,-0.5826274647252903,7.639809696870728,0.8557260912872885,92,-4.030706882505311,-370.8250331904886,0.0,-3.261987142836442,-1.136673838180397,4.94182653066189,0.7548829477865231,39,-8.36406959701652,-326.1987142836443,0.0,0.16879456567087114,0.052181221115807926,6.600547879032857,1.0056930943813789,102,0.16548486830471906,16.879456567081345,0.0
43961384fd4eb4fe,trend_volatility_breakout_v1,1.0.1,ETHUSDT,1h,LONG_ONLY,"{""atr_expansion_threshold"": 1.25, ""atr_length"": 14, ""atr_reference_length"": 50, ""atr_stop_multiplier"": 2.0, ""breakout_length"": 20, ""reward_risk"": 2.5, ""slope_lookback"": 5, ""trend_length"": 100}",PASS,,-3.875785289152922,-0.5859190977580988,6.719873682132222,0.8152542767307338,56,-6.921045159201752,-387.5785289152981,0.0,-0.42408071824100446,-0.11383338292468043,3.8277645717032738,0.9564397496027413,25,-1.6963228729640971,-42.40807182410243,0.0,1.8483280608622366,0.2839312801421714,8.688205368349646,1.077084736921327,64,2.8880125950974223,184.83280608623502,0.0
a5f94e6a0af86c68,trend_volatility_breakout_v1,1.0.1,ETHUSDT,1h,LONG_ONLY,"{""atr_expansion_threshold"": 1.25, ""atr_length"": 14, ""atr_reference_length"": 50, ""atr_stop_multiplier"": 1.5, ""breakout_length"": 50, ""reward_risk"": 2.5, ""slope_lookback"": 5, ""trend_length"": 200}",PASS,,-2.796333913823179,-0.5868319976726073,6.91710361033224,0.8380177926451883,57,-4.905848971619728,-279.63339138232453,0.0,2.6033792281211943,1.0553925807423772,2.4165674443139418,1.46617465656336,21,12.397043943434277,260.3379228121198,0.0,-1.457960107408962,-0.22339061926467801,5.382570673026259,0.9210151467414466,63,-2.314222392712663,-145.79601074089777,0.0
9996fa203c904c32,trend_volatility_breakout_v1,1.0.1,ETHUSDT,1h,LONG_ONLY,"{""atr_expansion_threshold"": 1.25, ""atr_length"": 20, ""atr_reference_length"": 50, ""atr_stop_multiplier"": 2.0, ""breakout_length"": 20, ""reward_risk"": 2.5, ""slope_lookback"": 5, ""trend_length"": 100}",PASS,,-3.423987784081728,-0.5871676330993338,8.228097842548042,0.7935201866018945,45,-7.608861742403824,-342.39877840817206,0.0,3.0308647195987914,1.1698305227237262,2.7418301701021397,1.5369584298780552,18,16.83813733110444,303.08647195987993,0.0,-2.107705531041937,-0.3259408421157195,9.209012740373172,0.8794349559828073,48,-4.391053189670569,-210.77055310418731,0.0
ae61ab1ad008670c,trend_volatility_breakout_v1,1.0.1,ETHUSDT,1h,SHORT_ONLY,"{""atr_expansion_threshold"": 1.25, ""atr_length"": 14, ""atr_reference_length"": 50, ""atr_stop_multiplier"": 2.5, ""breakout_length"": 50, ""reward_risk"": 2.0, ""slope_lookback"": 5, ""trend_length"": 100}",PASS,,-3.1342692842903697,-0.5875586059429464,7.418456017651326,0.8315503955565752,44,-7.1233392824781,0.0,-313.4269284290364,-2.1249471756139227,-0.5298237773961797,7.883097885249561,0.857401574115657,27,-7.870174724496191,0.0,-212.49471756139715,8.104257872663801,0.9562152436162569,5.187101770178182,1.4184096005733806,41,19.766482616253207,0.0,810.4257872663815
42bb9011fd70d1fe,trend_volatility_breakout_v1,1.0.1,ETHUSDT,1h,LONG_ONLY,"{""atr_expansion_threshold"": 1.0, ""atr_length"": 14, ""atr_reference_length"": 50, ""atr_stop_multiplier"": 1.5, ""breakout_length"": 50, ""reward_risk"": 2.5, ""slope_lookback"": 5, ""trend_length"": 100}",PASS,,-3.534027924893457,-0.5880249653325469,8.433816540412858,0.8450769819098448,86,-4.109334796387712,-353.4027924893432,0.0,-3.401721424241111,-1.2193579876063765,3.7811999587431036,0.7071562266534159,38,-8.951898484845028,-340.1721424241111,0.0,2.340031615572591,0.3434530120318075,5.550006582335422,1.0823915806397777,104,2.2500303995890025,234.00316155725628,0.0
0c789c4b1fff76ab,trend_volatility_breakout_v1,1.0.1,ETHUSDT,1h,LONG_ONLY,"{""atr_expansion_threshold"": 1.0, ""atr_length"": 14, ""atr_reference_length"": 50, ""atr_stop_multiplier"": 2.0, ""breakout_length"": 20, ""reward_risk"": 1.5, ""slope_lookback"": 5, ""trend_length"": 100}",PASS,,-4.0475903498660815,-0.5917658536021349,6.927519096886706,0.8605950266727523,101,-4.007515197887215,-404.7590349866087,0.0,-6.757112893651973,-2.083025455163004,7.485456570443569,0.6315810760716983,51,-13.249240967944958,-675.7112893651929,0.0,-3.109472124755319,-0.3666395788121229,11.975551693124276,0.9174114306946272,122,-2.5487476432420464,-310.9472124755297,0.0
6b8b716483e8f8b4,trend_volatility_breakout_v1,1.0.1,ETHUSDT,1h,LONG_ONLY,"{""atr_expansion_threshold"": 1.25, ""atr_length"": 14, ""atr_reference_length"": 50, ""atr_stop_multiplier"": 2.5, ""breakout_length"": 20, ""reward_risk"": 2.0, ""slope_lookback"": 5, ""trend_length"": 200}",PASS,,-4.023722243586436,-0.5930148195058546,7.821008013223778,0.8156506879787496,50,-8.047444487172704,-402.3722243586352,0.0,-2.4444601737465765,-0.7544672242114422,3.8510076756483866,0.7695223854517746,22,-11.111182607938833,-244.44601737465433,0.0,0.9404993112350324,0.15138752622050042,8.822954719667212,1.039199384583063,54,1.7416653911759103,94.04993112349916,0.0
650bad240c08b8f5,trend_volatility_breakout_v1,1.0.1,ETHUSDT,1h,LONG_ONLY,"{""atr_expansion_threshold"": 1.0, ""atr_length"": 14, ""atr_reference_length"": 50, ""atr_stop_multiplier"": 1.5, ""breakout_length"": 50, ""reward_risk"": 2.0, ""slope_lookback"": 5, ""trend_length"": 200}",PASS,,-3.5510893579845826,-0.5959628686434508,7.241576339830802,0.8458727287113159,92,-3.8598797369396225,-355.10893579844526,0.0,-0.2072114791067503,-0.06092553260276982,3.4549361817172857,0.9787755203342285,36,-0.5755874419634508,-20.72114791068423,0.0,1.907974627248521,0.30964059852054965,5.102465809503261,1.0712618374030014,104,1.8345909877389832,190.79746272485426,0.0
eaea8d301a43ea6f,trend_volatility_breakout_v1,1.0.1,ETHUSDT,1h,SHORT_ONLY,"{""atr_expansion_threshold"": 1.0, ""atr_length"": 20, ""atr_reference_length"": 50, ""atr_stop_multiplier"": 2.0, ""breakout_length"": 50, ""reward_risk"": 2.5, ""slope_lookback"": 5, ""trend_length"": 200}",PASS,,-2.65205013650337,-0.5982886994594521,6.35902920864033,0.847782356921745,53,-5.003868182081915,0.0,-265.20501365034147,4.287058171431646,1.1506750086862814,6.4401118813438964,1.3422990942502422,32,13.397056785723997,0.0,428.7058171431679,3.468679102619454,0.37252071081556326,8.021490126625528,1.1289001532777374,65,5.336429388645351,0.0,346.8679102619478
841025506472dbbf,trend_volatility_breakout_v1,1.0.1,ETHUSDT,1h,LONG_ONLY,"{""atr_expansion_threshold"": 1.25, ""atr_length"": 14, ""atr_reference_length"": 50, ""atr_stop_multiplier"": 2.0, ""breakout_length"": 50, ""reward_risk"": 1.5, ""slope_lookback"": 5, ""trend_length"": 100}",PASS,,-3.5582484788521995,-0.6002897367030982,7.278614270687345,0.8274974447043884,63,-5.648013458495461,-355.824847885214,0.0,-0.597165866480176,-0.23206634691619235,3.2144135987529387,0.9302206281129065,25,-2.388663465920707,-59.716586648017675,0.0,-1.6958834126123423,-0.25834793582120014,9.537607616735354,0.9238983196701785,69,-2.457802047264351,-169.58834126124023,0.0
fa5582bac796c3e6,trend_volatility_breakout_v1,1.0.1,ETHUSDT,1h,LONG_SHORT,"{""atr_expansion_threshold"": 1.0, ""atr_length"": 14, ""atr_reference_length"": 50, ""atr_stop_multiplier"": 2.0, ""breakout_length"": 50, ""reward_risk"": 2.5, ""slope_lookback"": 5, ""trend_length"": 200}",PASS,,-5.470229972195506,-0.6020184785744821,9.775567875518457,0.8682680028322307,124,-4.4114757840286885,-111.79763551414786,-435.2253617054096,4.208455703831682,0.8443982751704068,6.527368652881588,1.1629641834588467,64,6.575712037236873,-144.59932918982315,565.444899572983,8.808081910171751,0.7115116776587546,9.587092059002535,1.1450522323618204,147,5.991892455899141,277.64073221650546,603.1674588006681
44d6f67b620a4252,trend_volatility_breakout_v1,1.0.1,ETHUSDT,1h,SHORT_ONLY,"{""atr_expansion_threshold"": 1.25, ""atr_length"": 14, ""atr_reference_length"": 50, ""atr_stop_multiplier"": 2.5, ""breakout_length"": 50, ""reward_risk"": 1.5, ""slope_lookback"": 5, ""trend_length"": 100}",PASS,,-3.0953640573813446,-0.6089536440992842,6.2865007434487294,0.8258306605004883,47,-6.58588097315191,0.0,-309.53640573813976,-1.9774094169662582,-0.5136168647213724,7.334567261497936,0.8680044170362069,30,-6.591364723220996,0.0,-197.7409416966299,8.371880803964494,1.0119614037711557,5.187101812830833,1.4349191569237845,47,17.812512348860647,0.0,837.1880803964503
1a06e519f98b27e3,trend_volatility_breakout_v1,1.0.1,ETHUSDT,1h,LONG_ONLY,"{""atr_expansion_threshold"": 1.0, ""atr_length"": 20, ""atr_reference_length"": 50, ""atr_stop_multiplier"": 1.5, ""breakout_length"": 50, ""reward_risk"": 2.0, ""slope_lookback"": 5, ""trend_length"": 100}",PASS,,-3.30524745121602,-0.6091560194808033,7.297418273318604,0.8570944624574636,96,-3.4429660950167182,-330.52474512160495,0.0,-1.9123804255420151,-0.743306276759047,3.5930892325052604,0.8307721627780598,41,-4.6643425013219995,-191.23804255420197,0.0,1.406306115314182,0.24480935407238738,5.379838168461308,1.0537369842674582,107,1.3143047806675578,140.63061153142868,0.0
3446865ae3369ab2,trend_volatility_breakout_v1,1.0.1,ETHUSDT,1h,LONG_SHORT,"{""atr_expansion_threshold"": 1.0, ""atr_length"": 14, ""atr_reference_length"": 50, ""atr_stop_multiplier"": 2.0, ""breakout_length"": 50, ""reward_risk"": 2.0, ""slope_lookback"": 5, ""trend_length"": 200}",PASS,,-5.185325552860009,-0.6097189039352497,10.058128775637853,0.8757663681276027,134,-3.8696459349701744,38.49276083068885,-557.0253161166922,1.5540683682707446,0.3661123191384392,6.402267608359094,1.0613546533793905,67,2.319505027269884,-357.8048668042787,513.2117036313609,7.171293027543424,0.5984969045652656,9.860009730487171,1.1126776881055471,166,4.320056040688877,106.31145016557011,610.8178525887835
6b5987ec5d9038b7,trend_volatility_breakout_v1,1.0.1,ETHUSDT,1h,SHORT_ONLY,"{""atr_expansion_threshold"": 1.0, ""atr_length"": 20, ""atr_reference_length"": 50, ""atr_stop_multiplier"": 2.5, ""breakout_length"": 50, ""reward_risk"": 1.5, ""slope_lookback"": 5, ""trend_length"": 200}",PASS,,-3.082453381852557,-0.6120513090122138,6.773696778039024,0.8430386559872398,59,-5.224497257377248,0.0,-308.24533818525765,2.6565861570536864,0.8620677327166264,6.0614660734551284,1.1782751360453279,37,7.1799625866316195,0.0,265.6586157053699,-2.10126702488187,-0.18429672632021002,7.762899297663208,0.9324512397094714,72,-2.9184264234471615,0.0,-210.12670248819563
b96d2e9792f826c1,trend_volatility_breakout_v1,1.0.1,ETHUSDT,1h,LONG_ONLY,"{""atr_expansion_threshold"": 1.25, ""atr_length"": 14, ""atr_reference_length"": 50, ""atr_stop_multiplier"": 2.5, ""breakout_length"": 20, ""reward_risk"": 2.0, ""slope_lookback"": 5, ""trend_length"": 100}",PASS,,-4.193427224396129,-0.6134818454478392,7.983999719830462,0.8140750013029183,53,-7.912126838483228,-419.3427224396111,0.0,-2.6889584088907736,-0.8002704329996048,5.2059126463765,0.7735750060802512,25,-10.755833635562986,-268.89584088907463,0.0,0.32832394565784906,0.07285350562895511,9.55232571676321,1.0123514321487423,61,0.5382359764884158,32.832394565793365,0.0
2044c8b362819707,trend_volatility_breakout_v1,1.0.1,ETHUSDT,1h,SHORT_ONLY,"{""atr_expansion_threshold"": 1.0, ""atr_length"": 20, ""atr_reference_length"": 50, ""atr_stop_multiplier"": 2.0, ""breakout_length"": 20, ""reward_risk"": 2.5, ""slope_lookback"": 5, ""trend_length"": 200}",PASS,,-3.3917572793858763,-0.61550210053417,8.513902415861937,0.8289018806528803,62,-5.470576257074167,0.0,-339.17572793859836,1.790939691985871,0.4977155924479217,8.268316770160569,1.1209002558811216,37,4.8403775459074865,0.0,179.09396919857699,-2.044017083655103,-0.15134066084008954,10.25674481887145,0.9393199957648654,79,-2.5873633970316874,0.0,-204.4017083655033
10d54a6468c44bea,trend_volatility_breakout_v1,1.0.1,ETHUSDT,1h,LONG_ONLY,"{""atr_expansion_threshold"": 1.25, ""atr_length"": 14, ""atr_reference_length"": 50, ""atr_stop_multiplier"": 1.5, ""breakout_length"": 20, ""reward_risk"": 1.5, ""slope_lookback"": 5, ""trend_length"": 200}",PASS,,-2.4021066431617832,-0.6186243988531842,7.000881415684002,0.8651304310826247,71,-3.383248793185608,-240.21066431617817,0.0,-0.6352313315407865,-0.2729969967818728,3.2092312002613115,0.9176662502592776,29,-2.190452867381805,-63.523133154072355,0.0,-0.5029056507966034,-0.079050036129236,5.42870797754244,0.9732516041315903,78,-0.6447508343546438,-50.290565079662215,0.0
a717ba22f6d99404,trend_volatility_breakout_v1,1.0.1,ETHUSDT,1h,SHORT_ONLY,"{""atr_expansion_threshold"": 1.25, ""atr_length"": 14, ""atr_reference_length"": 50, ""atr_stop_multiplier"": 2.5, ""breakout_length"": 20, ""reward_risk"": 2.0, ""slope_lookback"": 5, ""trend_length"": 100}",PASS,,-3.344173230465186,-0.6244580285957438,7.619076284253416,0.8277848747447963,46,-7.269941805359204,0.0,-334.4173230465234,-2.886110969047928,-0.7199412052207953,8.599481653568617,0.8154750904962473,28,-10.307539175171257,0.0,-288.6110969047952,11.548581702920725,1.2447289164739073,5.955687741951831,1.5417455059287477,48,24.059545214418296,0.0,1154.8581702920783
517ed07f0eea0aef,trend_volatility_breakout_v1,1.0.1,ETHUSDT,1h,LONG_ONLY,"{""atr_expansion_threshold"": 1.25, ""atr_length"": 20, ""atr_reference_length"": 50, ""atr_stop_multiplier"": 2.5, ""breakout_length"": 50, ""reward_risk"": 2.5, ""slope_lookback"": 5, ""trend_length"": 200}",PASS,,-3.7992053349547805,-0.6268822608440843,6.36107362905073,0.7713330773817332,35,-10.854872385585175,-379.9205334954811,0.0,4.732434876734715,1.6767836181319469,2.1130742201852857,1.9331150878447545,14,33.8031062623911,473.24348767347533,0.0,-2.808960914291214,-0.4424936492855757,9.808513900765622,0.8393560997535403,40,-7.022402285727997,-280.8960914291199,0.0
b5dcf6e2517343da,trend_volatility_breakout_v1,1.0.1,ETHUSDT,1h,LONG_SHORT,"{""atr_expansion_threshold"": 1.25, ""atr_length"": 14, ""atr_reference_length"": 50, ""atr_stop_multiplier"": 2.5, ""breakout_length"": 20, ""reward_risk"": 1.5, ""slope_lookback"": 5, ""trend_length"": 200}",PASS,,-4.800395724216033,-0.6394954775551661,11.195865093648315,0.8707019408351719,102,-4.706270317858878,-242.77376393872436,-237.2658084828812,-4.831743285418765,-1.0862713100798427,7.221325714094437,0.8004695717527618,52,-9.291814010420607,-104.09038898655317,-379.08393955531835,8.748986735530352,0.7966341527292529,7.397715221667446,1.188486911560398,113,7.742466137637418,183.44832949876354,691.4503440542647
c2d9f11151784342,trend_volatility_breakout_v1,1.0.1,ETHUSDT,1h,LONG_ONLY,"{""atr_expansion_threshold"": 1.25, ""atr_length"": 20, ""atr_reference_length"": 50, ""atr_stop_multiplier"": 2.5, ""breakout_length"": 50, ""reward_risk"": 2.0, ""slope_lookback"": 5, ""trend_length"": 100}",PASS,,-3.9223435081463087,-0.6524513236391404,8.514969291699733,0.7677246066617232,40,-9.805858770365816,-392.23435081463265,0.0,3.7425770555876703,1.4771706786526047,2.113074317080751,1.746372761312925,15,24.950513703917526,374.2577055587629,0.0,-1.2395679253308867,-0.15743632578588368,9.863272399031322,0.9362067294323199,47,-2.6373785645337424,-123.9567925330859,0.0
611196a1cf79ba26,trend_volatility_breakout_v1,1.0.1,ETHUSDT,1h,LONG_ONLY,"{""atr_expansion_threshold"": 1.0, ""atr_length"": 20, ""atr_reference_length"": 50, ""atr_stop_multiplier"": 2.0, ""breakout_length"": 20, ""reward_risk"": 1.5, ""slope_lookback"": 5, ""trend_length"": 200}",PASS,,-4.268992356639101,-0.6530899244721342,8.252885277324607,0.8471403594255564,99,-4.312113491554595,-426.89923566390496,0.0,-2.399248373211571,-0.7778037891452263,5.551107775147476,0.8294337100524605,42,-5.7124961266943,-239.9248373211606,0.0,0.31674822162883753,0.07266212086166988,6.687459313703606,1.0095815316082941,112,0.2828109121687628,31.674822162901435,0.0
56a237258625a6d1,trend_volatility_breakout_v1,1.0.1,ETHUSDT,1h,LONG_SHORT,"{""atr_expansion_threshold"": 1.0, ""atr_length"": 14, ""atr_reference_length"": 50, ""atr_stop_multiplier"": 2.0, ""breakout_length"": 50, ""reward_risk"": 1.5, ""slope_lookback"": 5, ""trend_length"": 200}",PASS,,-5.101342676393273,-0.6657083066198967,10.291750194699194,0.8799391137623218,150,-3.4008951175956237,75.43622972592594,-585.5704973652695,1.9002945365768076,0.4774857328231708,5.499521951326171,1.0732699527924698,76,2.5003875481274016,-226.49853375851623,416.52798741619875,5.12954217749948,0.47796766393994183,7.443811643014793,1.0823771028151665,186,2.7578183749997667,-22.88179440380502,535.8360121537615
b7736065fc17fed0,trend_volatility_breakout_v1,1.0.1,ETHUSDT,1h,LONG_ONLY,"{""atr_expansion_threshold"": 1.25, ""atr_length"": 20, ""atr_reference_length"": 50, ""atr_stop_multiplier"": 1.5, ""breakout_length"": 20, ""reward_risk"": 2.5, ""slope_lookback"": 5, ""trend_length"": 100}",PASS,,-3.4498202200663575,-0.6724040381878197,7.197561577983594,0.7745796650582144,51,-6.764353372679104,-344.98202200663434,0.0,3.8625176020822716,1.9252808802981878,2.1331008196852865,1.7736312386079713,21,18.392940962296514,386.2517602082268,0.0,-6.2624948817360915,-1.4085924923252873,8.802274575677748,0.5965171289030824,52,-12.043259387954022,-626.2494881736092,0.0
96fbb761509995cb,trend_volatility_breakout_v1,1.0.1,ETHUSDT,1h,LONG_ONLY,"{""atr_expansion_threshold"": 1.0, ""atr_length"": 20, ""atr_reference_length"": 50, ""atr_stop_multiplier"": 2.0, ""breakout_length"": 20, ""reward_risk"": 2.5, ""slope_lookback"": 5, ""trend_length"": 100}",PASS,,-4.88739431470292,-0.6749228727320223,8.907880189086622,0.8282125023543181,85,-5.749875664356272,-488.7394314702831,0.0,-3.1073282892772114,-0.8700295165782728,5.998518464073629,0.7846481617870678,39,-7.967508434044254,-310.7328289277259,0.0,5.5562114546304775,0.6260783388259552,6.6655801030218145,1.1590149090870385,101,5.501199460030215,555.6211454630518,0.0
105023fa4ced0c9b,trend_volatility_breakout_v1,1.0.1,ETHUSDT,1h,LONG_ONLY,"{""atr_expansion_threshold"": 1.0, ""atr_length"": 14, ""atr_reference_length"": 50, ""atr_stop_multiplier"": 2.0, ""breakout_length"": 20, ""reward_risk"": 2.0, ""slope_lookback"": 5, ""trend_length"": 100}",PASS,,-4.905832919952246,-0.6768468993457616,8.565972345152664,0.8243284853107512,88,-5.574810136309491,-490.5832919952352,0.0,-5.69837572373414,-1.7570209281005824,7.383582758562489,0.6703503544177232,45,-12.663057163853761,-569.8375723734192,0.0,1.2237395912514604,0.17498027020213766,10.630125000857142,1.0328059457145513,109,1.1226968727078968,122.37395912516074,0.0
1e0ab087dfb2afe2,trend_volatility_breakout_v1,1.0.1,ETHUSDT,1h,LONG_SHORT,"{""atr_expansion_threshold"": 1.25, ""atr_length"": 14, ""atr_reference_length"": 50, ""atr_stop_multiplier"": 2.5, ""breakout_length"": 50, ""reward_risk"": 1.5, ""slope_lookback"": 5, ""trend_length"": 200}",PASS,,-4.791515810532343,-0.6925762125646164,11.021116761992712,0.8625012717502144,94,-5.097357245247172,-147.84664850184333,-331.30493255139083,-3.967908802719866,-0.9136109500380439,7.540785754758011,0.8242735026601115,48,-8.266476672332965,-90.40265294712515,-306.3882273248572,7.2367840263220184,0.7019164938300835,7.8405456945633185,1.169341332262184,104,6.958446179155766,259.66479561644337,464.0136070157563
da80f06c8e23b15d,trend_volatility_breakout_v1,1.0.1,ETHUSDT,1h,LONG_ONLY,"{""atr_expansion_threshold"": 1.25, ""atr_length"": 20, ""atr_reference_length"": 50, ""atr_stop_multiplier"": 2.5, ""breakout_length"": 20, ""reward_risk"": 2.5, ""slope_lookback"": 5, ""trend_length"": 200}",PASS,,-4.194583674720875,-0.694588596953625,6.36107362905073,0.7530204306916628,36,-11.651621318669159,-419.4583674720897,0.0,3.0017412183359626,1.0096809321665638,2.4255062193405,1.4501761712348944,17,17.65730128432903,300.1741218335935,0.0,-4.0083411259317465,-0.6169480726588529,10.921516454828101,0.7845751124424997,41,-9.776441770565262,-400.8341125931757,0.0
1f2150a5490de20c,trend_volatility_breakout_v1,1.0.1,ETHUSDT,1h,LONG_ONLY,"{""atr_expansion_threshold"": 1.25, ""atr_length"": 20, ""atr_reference_length"": 50, ""atr_stop_multiplier"": 1.5, ""breakout_length"": 20, ""reward_risk"": 2.0, ""slope_lookback"": 5, ""trend_length"": 100}",PASS,,-3.309694088344328,-0.6959623733162011,6.878867975556631,0.7920122306634029,57,-5.8064808567444235,-330.96940883443216,0.0,2.452449087125874,1.0993474667361156,2.133100638771055,1.4019587816151282,25,9.80979634850344,245.24490871258598,0.0,-4.919948837917875,-1.152446346536763,6.917415881809664,0.6693457927864295,54,-9.111016366514624,-491.9948837917897,0.0
4939093dee3da0ac,trend_volatility_breakout_v1,1.0.1,ETHUSDT,1h,SHORT_ONLY,"{""atr_expansion_threshold"": 1.0, ""atr_length"": 20, ""atr_reference_length"": 50, ""atr_stop_multiplier"": 2.5, ""breakout_length"": 20, ""reward_risk"": 1.5, ""slope_lookback"": 5, ""trend_length"": 200}",PASS,,-3.962854980315156,-0.6962239625655462,8.247858013269429,0.8278265316555379,71,-5.581485887768021,0.0,-396.28549803152947,-0.3651112376080845,-0.07569538307051171,8.320630829221221,0.9793688127322059,42,-0.8693124704954601,0.0,-36.511123760809326,-7.756603976353849,-0.7597450229959403,9.737349653204028,0.7939968708410697,85,-9.125416442769243,0.0,-775.6603976353856
2bb6075ce2727948,trend_volatility_breakout_v1,1.0.1,ETHUSDT,1h,LONG_ONLY,"{""atr_expansion_threshold"": 1.0, ""atr_length"": 14, ""atr_reference_length"": 50, ""atr_stop_multiplier"": 1.5, ""breakout_length"": 20, ""reward_risk"": 2.5, ""slope_lookback"": 5, ""trend_length"": 200}",PASS,,-4.158357367429821,-0.6963441951918495,8.693576819469715,0.826237133260109,90,-4.62039707492217,-415.8357367429953,0.0,-3.0183403180676582,-1.0689024233926427,3.580010708292245,0.7617881785561724,42,-7.186524566827659,-301.8340318067617,0.0,3.261908572922323,0.45723720850799837,6.041700553643798,1.1068181078383224,111,2.938656372002036,326.19085729222604,0.0
886dec583a6e5986,trend_volatility_breakout_v1,1.0.1,ETHUSDT,1h,LONG_ONLY,"{""atr_expansion_threshold"": 1.25, ""atr_length"": 20, ""atr_reference_length"": 50, ""atr_stop_multiplier"": 2.0, ""breakout_length"": 20, ""reward_risk"": 1.5, ""slope_lookback"": 5, ""trend_length"": 100}",PASS,,-3.5916621333818566,-0.7007976254227567,7.52539709376429,0.7956393229821979,55,-6.530294787967034,-359.1662133381869,0.0,0.5619197879288107,0.24943662768558522,2.7418304147821417,1.0710557090554893,25,2.2476791517154573,56.19197879288643,0.0,-3.7618932021124984,-0.7639412655757453,7.994708354637156,0.7677738149250666,51,-7.376261180612695,-376.18932021124743,0.0
60f0a9a982919a91,trend_volatility_breakout_v1,1.0.1,ETHUSDT,1h,SHORT_ONLY,"{""atr_expansion_threshold"": 1.0, ""atr_length"": 20, ""atr_reference_length"": 50, ""atr_stop_multiplier"": 2.0, ""breakout_length"": 20, ""reward_risk"": 2.5, ""slope_lookback"": 5, ""trend_length"": 100}",PASS,,-4.015444978218752,-0.7039793786281847,9.495089286898995,0.8068863679216487,64,-6.274132778466754,0.0,-401.54449782187226,0.09967952778888733,0.06436813348854627,9.071134221571521,1.0058387869363057,42,0.23733220902107868,0.0,9.967952778885305,-2.374247273018859,-0.17392829380833097,13.192769055791661,0.9315625686780363,80,-2.967809091273554,0.0,-237.4247273018843
5e491ed9a164f1e8,trend_volatility_breakout_v1,1.0.1,ETHUSDT,1h,LONG_ONLY,"{""atr_expansion_threshold"": 1.0, ""atr_length"": 20, ""atr_reference_length"": 50, ""atr_stop_multiplier"": 2.5, ""breakout_length"": 20, ""reward_risk"": 2.0, ""slope_lookback"": 5, ""trend_length"": 200}",PASS,,-5.391382383311871,-0.706997938668348,10.188642670224013,0.8084542031661736,74,-7.285651869340419,-539.138238331191,0.0,-2.593718146993873,-0.7268921999152822,4.535122372572735,0.8031189536452809,31,-8.366832732238207,-259.3718146993844,0.0,10.341810676043849,1.0470577635327851,5.625225003008021,1.295814953907222,88,11.752057586413473,1034.1810676043856,0.0
bbd95df4451b7522,trend_volatility_breakout_v1,1.0.1,ETHUSDT,1h,LONG_ONLY,"{""atr_expansion_threshold"": 1.0, ""atr_length"": 20, ""atr_reference_length"": 50, ""atr_stop_multiplier"": 2.0, ""breakout_length"": 20, ""reward_risk"": 2.0, ""slope_lookback"": 5, ""trend_length"": 100}",PASS,,-4.673198771919996,-0.7104370225811748,7.191687373576213,0.8409442382369344,94,-4.971488055233999,-467.3198771919959,0.0,-2.447944938329838,-0.7881357661911473,4.675757959779903,0.8475782112292132,45,-5.439877640732973,-244.7944938329838,0.0,-0.7268807479775208,-0.0590455090952492,8.08056644460856,0.9799781607853224,109,-0.666863071539119,-72.68807479776396,0.0
f20a54886a39b8cd,trend_volatility_breakout_v1,1.0.1,ETHUSDT,1h,SHORT_ONLY,"{""atr_expansion_threshold"": 1.0, ""atr_length"": 20, ""atr_reference_length"": 50, ""atr_stop_multiplier"": 2.5, ""breakout_length"": 20, ""reward_risk"": 2.0, ""slope_lookback"": 5, ""trend_length"": 200}",PASS,,-4.267933470599328,-0.7125644693371558,9.231943207305362,0.8110003183958538,62,-6.883763662256859,0.0,-426.7933470599253,0.7967518622938874,0.22971404208430607,10.073396155360594,1.0470824406690251,37,2.1533834116050103,0.0,79.67518622938539,-3.1025020734024134,-0.24031734777828215,8.876959974397938,0.9140848327591915,76,-4.082239570266291,0.0,-310.2502073402381
501c771c5420c163,trend_volatility_breakout_v1,1.0.1,ETHUSDT,1h,LONG_SHORT,"{""atr_expansion_threshold"": 1.0, ""atr_length"": 20, ""atr_reference_length"": 50, ""atr_stop_multiplier"": 2.5, ""breakout_length"": 50, ""reward_risk"": 2.0, ""slope_lookback"": 5, ""trend_length"": 100}",PASS,,-6.365847284072023,-0.7126776322033008,12.732996100761829,0.8552486518577003,122,-5.217907609895075,-306.0604568314072,-330.524271575792,-0.6335540489695979,-0.061632146546015155,13.077684074911144,0.9790939034061757,67,-0.9456030581636067,-424.34841461292643,360.99300971596483,13.163888315589123,0.9407930863822661,11.281056235399326,1.2073411069451188,141,9.336091003963888,876.5673652198648,439.8214663390436
1200ac76902fbb1f,trend_volatility_breakout_v1,1.0.1,ETHUSDT,1h,LONG_SHORT,"{""atr_expansion_threshold"": 1.0, ""atr_length"": 20, ""atr_reference_length"": 50, ""atr_stop_multiplier"": 2.0, ""breakout_length"": 20, ""reward_risk"": 2.0, ""slope_lookback"": 5, ""trend_length"": 200}",PASS,,-5.888700225654119,-0.7137577123800387,11.428758994822896,0.8697264935947142,155,-3.7991614359059196,-226.27863540638018,-362.59138715903737,0.6890257054665616,0.20494796539676724,6.565554452294718,1.0247951308394434,77,0.8948385785280059,45.294668216407416,23.607902330249026,-2.346365462305844,-0.13836780175939317,11.286013432399177,0.9658509908857739,186,-1.2614868076913022,-51.25350400353244,-183.38304222704977
d4459931fdc983a2,trend_volatility_breakout_v1,1.0.1,ETHUSDT,1h,LONG_ONLY,"{""atr_expansion_threshold"": 1.0, ""atr_length"": 20, ""atr_reference_length"": 50, ""atr_stop_multiplier"": 2.5, ""breakout_length"": 20, ""reward_risk"": 1.5, ""slope_lookback"": 5, ""trend_length"": 100}",PASS,,-4.991179708530669,-0.7138514233514132,7.456671878740363,0.8449589613734652,93,-5.366859901645834,-499.1179708530626,0.0,-6.662729021797276,-2.034289666076857,7.459107665787474,0.6525541980587617,45,-14.806064492882888,-666.27290217973,0.0,1.1814725469399212,0.17085536974855547,6.492088630639666,1.0301934477464545,106,1.1145967423962222,118.14725469399954,0.0
a24e906ca016cbc1,trend_volatility_breakout_v1,1.0.1,ETHUSDT,1h,LONG_ONLY,"{""atr_expansion_threshold"": 1.25, ""atr_length"": 14, ""atr_reference_length"": 50, ""atr_stop_multiplier"": 1.5, ""breakout_length"": 20, ""reward_risk"": 2.5, ""slope_lookback"": 5, ""trend_length"": 200}",PASS,,-3.410283399972136,-0.7176486572529308,6.918532888082396,0.8084549485947723,59,-5.78014135588503,-341.0283399972168,0.0,1.4781529122235515,0.5945332292332289,2.4165681172831093,1.2226441334242764,24,6.158970467598203,147.81529122235688,0.0,-0.7189845911463322,-0.09204514269955796,5.290298981116863,0.9633295340000672,67,-1.0731113300690038,-71.89845911462325,0.0
77e866cd503140b5,trend_volatility_breakout_v1,1.0.1,ETHUSDT,1h,LONG_ONLY,"{""atr_expansion_threshold"": 1.0, ""atr_length"": 20, ""atr_reference_length"": 50, ""atr_stop_multiplier"": 1.5, ""breakout_length"": 50, ""reward_risk"": 1.5, ""slope_lookback"": 5, ""trend_length"": 200}",PASS,,-3.0134095786618076,-0.7198996174646259,7.698415098345292,0.8614339578110524,100,-3.0134095786617565,-301.34095786617564,0.0,-2.5201758813882424,-1.0036221259494307,4.948793389371218,0.7679032556188314,41,-6.146770442410513,-252.01758813883103,0.0,2.709289617278454,0.49707881435712364,3.7373690319187842,1.113681267114588,112,2.4190085868556075,270.92896172782804,0.0
a8caaf9963d00248,trend_volatility_breakout_v1,1.0.1,ETHUSDT,1h,LONG_ONLY,"{""atr_expansion_threshold"": 1.25, ""atr_length"": 14, ""atr_reference_length"": 50, ""atr_stop_multiplier"": 1.5, ""breakout_length"": 50, ""reward_risk"": 2.5, ""slope_lookback"": 5, ""trend_length"": 100}",PASS,,-3.4950819115446397,-0.7371933762567654,7.568353155859057,0.8044426403466245,60,-5.825136519241241,-349.50819115447445,0.0,1.6191120829942562,0.6672087567358398,2.4165697077582227,1.2576655429973027,23,7.039617752148862,161.91120829942383,0.0,-2.5188390649729997,-0.3959576251973701,6.134585249297239,0.8729251558974241,68,-3.704175095548468,-251.8839064972958,0.0
80e9953d378dadaa,trend_volatility_breakout_v1,1.0.1,ETHUSDT,1h,LONG_ONLY,"{""atr_expansion_threshold"": 1.25, ""atr_length"": 14, ""atr_reference_length"": 50, ""atr_stop_multiplier"": 2.0, ""breakout_length"": 20, ""reward_risk"": 1.5, ""slope_lookback"": 5, ""trend_length"": 100}",PASS,,-4.33948928570469,-0.7379667274903006,7.428841456505247,0.7963261623748339,65,-6.676137362622608,-433.94892857046955,0.0,-0.9856606892933106,-0.37891364931746707,3.2144131804182754,0.8978155237272051,28,-3.5202167474760393,-98.5660689293291,0.0,-1.6832517077328357,-0.24289920806604948,9.52598345618837,0.928856095585896,73,-2.3058242571683016,-168.325170773286,0.0
7a8a343781dcd75b,trend_volatility_breakout_v1,1.0.1,ETHUSDT,1h,LONG_SHORT,"{""atr_expansion_threshold"": 1.0, ""atr_length"": 20, ""atr_reference_length"": 50, ""atr_stop_multiplier"": 2.0, ""breakout_length"": 50, ""reward_risk"": 2.0, ""slope_lookback"": 5, ""trend_length"": 100}",PASS,,-5.770576733678423,-0.739299341828627,12.725496827321608,0.8580686802605552,137,-4.212099805604682,-211.04864403985025,-366.00902932799113,-1.7576919335797525,-0.3578756865872497,8.505399845126876,0.9383287296813123,76,-2.3127525441838452,-265.74340057444095,89.97420721646873,5.92853416368726,0.5273510787580037,12.878505031842588,1.0973739643589062,163,3.637137523734558,-280.40113766101143,873.2545540297443
8ccb46e1ee6e17c7,trend_volatility_breakout_v1,1.0.1,ETHUSDT,1h,LONG_ONLY,"{""atr_expansion_threshold"": 1.25, ""atr_length"": 14, ""atr_reference_length"": 50, ""atr_stop_multiplier"": 1.5, ""breakout_length"": 50, ""reward_risk"": 1.5, ""slope_lookback"": 5, ""trend_length"": 100}",PASS,,-2.8662115467249727,-0.741060437195831,8.021290920714778,0.8391715156278127,71,-4.0369176714436685,-286.62115467250044,0.0,0.6886707885509491,0.3257125418593084,3.20923073869885,1.099555505597351,28,2.4595385305393647,68.8670788551022,0.0,-1.7088388420242295,-0.32335522032707825,5.523609742975948,0.9106210536576244,79,-2.1630871418028077,-170.88388420242183,0.0
857c3b08489e677f,trend_volatility_breakout_v1,1.0.1,ETHUSDT,1h,LONG_SHORT,"{""atr_expansion_threshold"": 1.25, ""atr_length"": 20, ""atr_reference_length"": 50, ""atr_stop_multiplier"": 2.5, ""breakout_length"": 20, ""reward_risk"": 1.5, ""slope_lookback"": 5, ""trend_length"": 200}",PASS,,-5.368205919685353,-0.7454655869598771,11.143260474143824,0.8195480305943429,80,-6.7102573996066655,-23.56220528243111,-513.2583866861021,-2.0407513082586037,-0.6214908123275477,6.364227090295538,0.8706737409622949,36,-5.668753634051591,317.18136678833406,-521.2564976141913,-4.738337240612034,-0.5348964018438709,12.120381385094134,0.874198342267558,90,-5.264819156235713,-476.0750194371823,2.2412953759681002
3aea5b2f604c6a7e,trend_volatility_breakout_v1,1.0.1,ETHUSDT,1h,SHORT_ONLY,"{""atr_expansion_threshold"": 1.25, ""atr_length"": 20, ""atr_reference_length"": 50, ""atr_stop_multiplier"": 2.5, ""breakout_length"": 50, ""reward_risk"": 2.5, ""slope_lookback"": 5, ""trend_length"": 200}",PASS,,-3.5392654876775453,-0.7487530603938267,5.820043496659008,0.7402405621723572,31,-11.416985444121323,0.0,-353.926548767761,-0.14472329097139358,-0.018632851033488596,5.892136480510746,0.9840456536567566,16,-0.9045205685713431,0.0,-14.47232909714149,5.7639138245096255,0.7878853394523884,4.421212837592892,1.3535279196970187,33,17.46640552881717,0.0,576.3913824509666
c85e44f75d357d3d,trend_volatility_breakout_v1,1.0.1,ETHUSDT,1h,SHORT_ONLY,"{""atr_expansion_threshold"": 1.0, ""atr_length"": 20, ""atr_reference_length"": 50, ""atr_stop_multiplier"": 2.5, ""breakout_length"": 50, ""reward_risk"": 2.0, ""slope_lookback"": 5, ""trend_length"": 200}",PASS,,-3.6727840043195292,-0.7546322312107352,7.1394990021771365,0.8167401647650335,53,-6.929781140225626,0.0,-367.2784004319582,3.853695079375896,0.974291571861206,7.857420613061411,1.272800098641956,32,12.042797123049638,0.0,385.3695079375884,0.6414352686502811,0.10270431167086697,8.541677548627714,1.0215244962516037,63,1.0181512200799825,0.0,64.1435268650389
a8bb589487464cf1,trend_volatility_breakout_v1,1.0.1,ETHUSDT,1h,SHORT_ONLY,"{""atr_expansion_threshold"": 1.0, ""atr_length"": 14, ""atr_reference_length"": 50, ""atr_stop_multiplier"": 2.5, ""breakout_length"": 20, ""reward_risk"": 2.5, ""slope_lookback"": 5, ""trend_length"": 100}",PASS,,-5.985060561823086,-0.7625307571357113,9.810219252842948,0.7500187543465883,55,-10.881928294224004,0.0,-598.5060561823202,3.9424542403903917,0.8696129896772959,7.740134578879052,1.2119533107303364,37,10.655281730784797,0.0,394.24542403903746,1.670274498316826,0.1895115151890108,10.787740778147366,1.0463983771323067,68,2.456286026936528,0.0,167.02744983168392
3b79cefb42300368,trend_volatility_breakout_v1,1.0.1,ETHUSDT,1h,LONG_ONLY,"{""atr_expansion_threshold"": 1.0, ""atr_length"": 14, ""atr_reference_length"": 50, ""atr_stop_multiplier"": 1.5, ""breakout_length"": 50, ""reward_risk"": 2.0, ""slope_lookback"": 5, ""trend_length"": 100}",PASS,,-4.547441583514644,-0.7705850136975123,7.901297028427945,0.8093967663564587,96,-4.736918316160973,-454.7441583514534,0.0,-2.4316439536133827,-0.9256374012220712,3.454937084961194,0.7922106768549075,41,-5.930838911252092,-243.16439536133578,0.0,-0.02939903176811809,0.023050182173643005,6.622182752683978,0.9989760045432322,111,-0.02648561420549814,-2.9399031768102937,0.0
54f964cd8ad0081a,trend_volatility_breakout_v1,1.0.1,ETHUSDT,1h,SHORT_ONLY,"{""atr_expansion_threshold"": 1.0, ""atr_length"": 20, ""atr_reference_length"": 50, ""atr_stop_multiplier"": 2.5, ""breakout_length"": 50, ""reward_risk"": 1.5, ""slope_lookback"": 5, ""trend_length"": 100}",PASS,,-4.100038315419274,-0.7817357355168998,7.828530800330088,0.8042495647124366,61,-6.72137428757258,0.0,-410.00383154192735,3.7616215316854884,1.0047819233115465,6.9854458242804505,1.2257942835783893,42,8.956241742108258,0.0,376.16215316854687,1.976127622487489,0.2419666201197676,8.745525426450351,1.0634149051649135,74,2.670442733091299,0.0,197.61276224875616
7e9292b8df685130,trend_volatility_breakout_v1,1.0.1,ETHUSDT,1h,SHORT_ONLY,"{""atr_expansion_threshold"": 1.0, ""atr_length"": 20, ""atr_reference_length"": 50, ""atr_stop_multiplier"": 2.0, ""breakout_length"": 50, ""reward_risk"": 2.5, ""slope_lookback"": 5, ""trend_length"": 100}",PASS,,-3.692294952657138,-0.7876604336481999,7.420651324424366,0.7987114689325495,54,-6.837583245661205,0.0,-369.22949526570505,2.718880840840998,0.71063604730466,7.258930858251176,1.1833877040370053,37,7.348326596867386,0.0,271.8880840840933,7.308857291070181,0.7071892365057934,8.81816233470725,1.28385694533026,63,11.601360779476487,0.0,730.8857291070186
5d26031d9c494fdc,trend_volatility_breakout_v1,1.0.1,ETHUSDT,1h,LONG_SHORT,"{""atr_expansion_threshold"": 1.0, ""atr_length"": 20, ""atr_reference_length"": 50, ""atr_stop_multiplier"": 2.0, ""breakout_length"": 20, ""reward_risk"": 2.5, ""slope_lookback"": 5, ""trend_length"": 100}",PASS,,-7.161304932750645,-0.7959011386144613,13.816051519054456,0.8440554394712658,145,-4.938830988103921,-441.63037467927455,-274.50011859579394,-3.958192632359858,-0.727935721077276,11.94979648179022,0.8722862814663526,80,-4.9477407904498,-324.185285531943,-71.63397770404103,2.4075853077457854,0.22439446252197284,14.401551129962655,1.0340633638059569,177,1.3602176879919623,462.43637246085353,-221.67784168627622
738de0f42b03d0bc,trend_volatility_breakout_v1,1.0.1,ETHUSDT,1h,LONG_ONLY,"{""atr_expansion_threshold"": 1.25, ""atr_length"": 20, ""atr_reference_length"": 50, ""atr_stop_multiplier"": 2.5, ""breakout_length"": 50, ""reward_risk"": 2.5, ""slope_lookback"": 5, ""trend_length"": 100}",PASS,,-4.805771193158326,-0.7995579161946426,7.340833674575937,0.725454843398493,38,-12.646766297785037,-480.5771193158314,0.0,6.046669259932735,2.1080680236980744,2.113075088569964,2.1941451842661066,15,40.31112839955198,604.6669259932797,0.0,-3.57263177025523,-0.5125134428624023,10.517186260629765,0.8083120617212475,42,-8.506266119655104,-357.2631770255144,0.0
ea30e964560deb7a,trend_volatility_breakout_v1,1.0.1,ETHUSDT,1h,LONG_ONLY,"{""atr_expansion_threshold"": 1.25, ""atr_length"": 14, ""atr_reference_length"": 50, ""atr_stop_multiplier"": 1.5, ""breakout_length"": 20, ""reward_risk"": 1.5, ""slope_lookback"": 5, ""trend_length"": 100}",PASS,,-3.1036894228888556,-0.800374069204969,7.669405219491816,0.8315055874549503,74,-4.194174895795674,-310.3689422888799,0.0,-0.556249608152537,-0.21352303451310237,3.20923030296179,0.9355932736839196,33,-1.6856048731895792,-55.62496081525612,0.0,-1.7304846019667863,-0.31367465354418334,6.465923423693205,0.9141891275190325,83,-2.0849212071887884,-173.04846019666942,0.0
9ceee71177f9a228,trend_volatility_breakout_v1,1.0.1,ETHUSDT,1h,LONG_SHORT,"{""atr_expansion_threshold"": 1.25, ""atr_length"": 14, ""atr_reference_length"": 50, ""atr_stop_multiplier"": 2.5, ""breakout_length"": 20, ""reward_risk"": 1.5, ""slope_lookback"": 5, ""trend_length"": 100}",PASS,,-6.148516481817879,-0.8014969209706717,12.053785428628496,0.8431647399026372,105,-5.855729982683735,-250.49971004305425,-364.35193813873786,-5.299515301273406,-1.074303890994735,9.33167826030822,0.800924111810024,57,-9.29739526539172,-266.8154099949656,-263.13612013236235,12.544470392207518,1.0919373716343082,6.3780492891194625,1.2538257120887293,121,10.367330902650837,285.8090276113824,968.6380116093688
7547cf53ea559d28,trend_volatility_breakout_v1,1.0.1,ETHUSDT,1h,LONG_SHORT,"{""atr_expansion_threshold"": 1.25, ""atr_length"": 14, ""atr_reference_length"": 50, ""atr_stop_multiplier"": 2.5, ""breakout_length"": 50, ""reward_risk"": 2.0, ""slope_lookback"": 5, ""trend_length"": 200}",PASS,,-6.356341340342276,-0.804399515668651,12.761350976300461,0.8250585986733532,89,-7.141956562182436,-295.3816802386975,-340.25245379553934,-3.4371421018338566,-0.7047911338603574,8.417682552504218,0.8509516174823326,45,-7.638093559630713,-127.5469058685768,-216.16730431480525,4.238441387278091,0.4083912732091627,8.452378433850583,1.0965916638069722,93,4.557463857288252,134.333680246021,289.51045848178643
9f050b2d031cc685,trend_volatility_breakout_v1,1.0.1,ETHUSDT,1h,SHORT_ONLY,"{""atr_expansion_threshold"": 1.0, ""atr_length"": 20, ""atr_reference_length"": 50, ""atr_stop_multiplier"": 2.5, ""breakout_length"": 50, ""reward_risk"": 2.0, ""slope_lookback"": 5, ""trend_length"": 100}",PASS,,-4.142918488834679,-0.8055432788130741,7.6688506904653275,0.8027832143139223,54,-7.672071275619751,0.0,-414.29184888346657,4.264573051577947,0.9797668002149457,8.766518955699429,1.2676291338669232,36,11.846036254383288,0.0,426.4573051577984,4.194507005530723,0.42738701018966485,9.516006553020445,1.1450088943251386,62,6.765333879888271,0.0,419.4507005530728
630886873803a3c4,trend_volatility_breakout_v1,1.0.1,ETHUSDT,1h,LONG_SHORT,"{""atr_expansion_threshold"": 1.25, ""atr_length"": 14, ""atr_reference_length"": 50, ""atr_stop_multiplier"": 2.0, ""breakout_length"": 20, ""reward_risk"": 2.0, ""slope_lookback"": 5, ""trend_length"": 200}",PASS,,-6.068190202599222,-0.811756859799715,11.375256536025832,0.8196058260038048,100,-6.068190202599247,-97.22189210594266,-509.5971281539821,-2.222174783093811,-0.4896863167513641,6.364157295928645,0.893645969048979,50,-4.444349566187551,-245.92871636921637,23.711238059838827,5.308396841148855,0.5054628686842043,8.864416273599291,1.1173936716604957,116,4.576204173404232,-108.99780296385545,639.8374870787464
5b53522b0bfd6f1d,trend_volatility_breakout_v1,1.0.1,ETHUSDT,1h,LONG_ONLY,"{""atr_expansion_threshold"": 1.0, ""atr_length"": 20, ""atr_reference_length"": 50, ""atr_stop_multiplier"": 1.5, ""breakout_length"": 20, ""reward_risk"": 2.0, ""slope_lookback"": 5, ""trend_length"": 200}",PASS,,-4.470778595959779,-0.8130518299387078,7.432627151148299,0.8252039583691522,105,-4.257884377104551,-447.0778595959779,0.0,-2.069676983167157,-0.7250126560500402,5.036386898862385,0.8317172718389979,44,-4.703811325379915,-206.96769831671625,0.0,2.349316382154143,0.37266669812101655,4.725936276992926,1.0812014388071534,117,2.0079627197897465,234.93163821540034,0.0
4035928ee94a37e4,trend_volatility_breakout_v1,1.0.1,ETHUSDT,1h,LONG_ONLY,"{""atr_expansion_threshold"": 1.0, ""atr_length"": 20, ""atr_reference_length"": 50, ""atr_stop_multiplier"": 1.5, ""breakout_length"": 20, ""reward_risk"": 2.5, ""slope_lookback"": 5, ""trend_length"": 200}",PASS,,-4.7849177895083255,-0.8156863597279855,7.181411757050348,0.8073610529433944,94,-5.090338073945,-478.49177895083005,0.0,1.5788686259170737,0.6150672947112511,3.650427611721844,1.1482432684722508,39,4.04838109209519,157.8868625917124,0.0,1.2657774200979466,0.19727363587694038,5.039788709882314,1.0435133215094987,107,1.1829695514934695,126.57774200980123,0.0
8a16aba0df399265,trend_volatility_breakout_v1,1.0.1,ETHUSDT,1h,LONG_ONLY,"{""atr_expansion_threshold"": 1.25, ""atr_length"": 20, ""atr_reference_length"": 50, ""atr_stop_multiplier"": 2.5, ""breakout_length"": 20, ""reward_risk"": 2.0, ""slope_lookback"": 5, ""trend_length"": 100}",PASS,,-4.896595339562316,-0.8186106533238221,9.156341735230706,0.7244498192890696,42,-11.658560332291135,-489.6595339562276,0.0,1.6788263084753563,0.6175055319771774,3.3475647490036877,1.2425595845486412,18,9.326812824862985,167.88263084753373,0.0,-2.2271726318528584,-0.30136269807753063,10.764639366160276,0.8904728647591775,48,-4.6399429830268,-222.7172631852864,0.0
442e79e4bf3b5a34,trend_volatility_breakout_v1,1.0.1,ETHUSDT,1h,LONG_ONLY,"{""atr_expansion_threshold"": 1.0, ""atr_length"": 20, ""atr_reference_length"": 50, ""atr_stop_multiplier"": 1.5, ""breakout_length"": 50, ""reward_risk"": 1.5, ""slope_lookback"": 5, ""trend_length"": 100}",PASS,,-3.452055029854495,-0.8219699341462708,7.812861008649261,0.8458825032617943,104,-3.3192836825524585,-345.20550298545567,0.0,-3.7358848538414313,-1.4627455102456435,4.94879404736483,0.698613646528038,46,-8.121488812698757,-373.58848538414287,0.0,1.9375535478541206,0.3580777774616545,4.719639558572936,1.0768616441762415,118,1.6419945320796876,193.75535478540314,0.0
39c178b81862219a,trend_volatility_breakout_v1,1.0.1,ETHUSDT,1h,LONG_ONLY,"{""atr_expansion_threshold"": 1.25, ""atr_length"": 14, ""atr_reference_length"": 50, ""atr_stop_multiplier"": 1.5, ""breakout_length"": 20, ""reward_risk"": 2.5, ""slope_lookback"": 5, ""trend_length"": 100}",PASS,,-4.10461844157004,-0.8663679931842478,7.576228916040495,0.7770361031885622,62,-6.620352325112877,-410.4618441569983,0.0,0.2961721631123737,0.13765582666843654,3.0146234090371147,1.0394026498120883,26,1.139123704278218,29.61721631123367,0.0,-1.8270603520928352,-0.26667857957532226,6.343954724562876,0.9128310562805513,72,-2.537583822351203,-182.7060352092866,0.0
899ab27dc72e99d6,trend_volatility_breakout_v1,1.0.1,ETHUSDT,1h,LONG_SHORT,"{""atr_expansion_threshold"": 1.0, ""atr_length"": 20, ""atr_reference_length"": 50, ""atr_stop_multiplier"": 2.5, ""breakout_length"": 20, ""reward_risk"": 2.0, ""slope_lookback"": 5, ""trend_length"": 200}",PASS,,-8.103045725897573,-0.866473812092454,14.108888056583593,0.8288113977388762,133,-6.092515583381629,-499.30651200564563,-310.998060584111,-1.8176300578414906,-0.2955696947149789,12.119950916056732,0.9388906773489685,68,-2.672985379178846,-267.88168974080423,86.11868395664271,5.906104080647934,0.44816607671989195,11.667639243844937,1.0802203577518088,164,3.6012829760048524,922.1675460559259,-331.55713799113016
ec7e4b43a281c3f9,trend_volatility_breakout_v1,1.0.1,ETHUSDT,1h,SHORT_ONLY,"{""atr_expansion_threshold"": 1.0, ""atr_length"": 20, ""atr_reference_length"": 50, ""atr_stop_multiplier"": 2.0, ""breakout_length"": 20, ""reward_risk"": 2.0, ""slope_lookback"": 5, ""trend_length"": 200}",PASS,,-4.334167995916838,-0.8688289688436367,7.36944145897451,0.7934442310406278,70,-6.1916685655954184,0.0,-433.4167995916793,0.19318618546808608,0.09097054151170343,6.847611493326709,1.0125518544949292,40,0.4829654636702223,0.0,19.318618546808892,-1.9312437378313008,-0.1576941484756615,8.389588329919487,0.942434234277611,85,-2.2720514562722482,0.0,-193.1243737831411
bbfdf81eb92a0e8b,trend_volatility_breakout_v1,1.0.1,ETHUSDT,1h,SHORT_ONLY,"{""atr_expansion_threshold"": 1.0, ""atr_length"": 20, ""atr_reference_length"": 50, ""atr_stop_multiplier"": 2.0, ""breakout_length"": 50, ""reward_risk"": 2.0, ""slope_lookback"": 5, ""trend_length"": 200}",PASS,,-3.69887739209267,-0.8707732583892519,6.036170677732339,0.7934436288407508,58,-6.37737481395276,0.0,-369.8877392092601,2.6501215093634345,0.8501123946706605,4.9910920062737505,1.2020429986337626,35,7.571775741038339,0.0,265.01215093634187,2.0082398142037716,0.250121176386219,7.1533395486214815,1.0708191977794468,73,2.7510134441147414,0.0,200.82398142037613
f4865290c575ee67,trend_volatility_breakout_v1,1.0.1,ETHUSDT,1h,SHORT_ONLY,"{""atr_expansion_threshold"": 1.0, ""atr_length"": 14, ""atr_reference_length"": 50, ""atr_stop_multiplier"": 2.5, ""breakout_length"": 20, ""reward_risk"": 1.5, ""slope_lookback"": 5, ""trend_length"": 200}",PASS,,-5.463864491313853,-0.8835286827042156,8.010594258878182,0.799413786108789,79,-6.9162841662199845,0.0,-546.3864491313788,-0.012384134309628703,0.03557932979379885,7.249890007585039,0.9993253579693021,42,-0.029486034070471994,0.0,-1.2384134309598238,4.079090847746292,0.42645364480922876,6.657145208334332,1.1079062168537672,89,4.583248143535026,0.0,407.9090847746173
a2e787e42df5e407,trend_volatility_breakout_v1,1.0.1,ETHUSDT,1h,LONG_SHORT,"{""atr_expansion_threshold"": 1.25, ""atr_length"": 14, ""atr_reference_length"": 50, ""atr_stop_multiplier"": 2.5, ""breakout_length"": 50, ""reward_risk"": 1.5, ""slope_lookback"": 5, ""trend_length"": 100}",PASS,,-6.349842713828546,-0.8911170991935426,11.880727405373866,0.8290793075451977,98,-6.47943134064146,-156.02243133504393,-478.9618400478192,-4.1113555508456745,-0.851079150705333,8.75448296894897,0.833684112045481,53,-7.757274624236987,-217.86956522733584,-193.26598985722453,13.706165350903765,1.2320659502454983,6.704326467520582,1.311724348144888,109,12.574463624682231,506.9939069190021,863.622628171361
7867edf4fb224e42,trend_volatility_breakout_v1,1.0.1,ETHUSDT,1h,LONG_ONLY,"{""atr_expansion_threshold"": 1.0, ""atr_length"": 14, ""atr_reference_length"": 50, ""atr_stop_multiplier"": 1.5, ""breakout_length"": 20, ""reward_risk"": 2.0, ""slope_lookback"": 5, ""trend_length"": 200}",PASS,,-5.317685605806788,-0.8914742118431896,8.31022300319622,0.7874475403184708,100,-5.317685605806798,-531.7685605806797,0.0,-2.417633673256281,-0.8164057591245976,5.0451085600208305,0.807589321054915,44,-5.494621984673167,-241.76336732561938,0.0,0.760062047047283,0.13459892290374798,5.896447957998394,1.0244202620699887,120,0.6333850392060784,76.0062047047294,0.0
463b06860fbb17ba,trend_volatility_breakout_v1,1.0.1,ETHUSDT,1h,LONG_SHORT,"{""atr_expansion_threshold"": 1.25, ""atr_length"": 14, ""atr_reference_length"": 50, ""atr_stop_multiplier"": 2.0, ""breakout_length"": 50, ""reward_risk"": 2.5, ""slope_lookback"": 5, ""trend_length"": 200}",PASS,,-6.619939895996907,-0.900887809135196,10.719886609035404,0.8037914051169008,92,-7.19558684347502,-208.19857731819457,-453.7954122815073,0.9799948047452212,0.2607615111673351,6.3843504211839095,1.0494566725053056,45,2.177766232767216,66.29253333292098,31.706947141603727,7.456853566125821,0.7128582789821388,7.554581364656415,1.1833124002433653,97,7.687477903222605,102.10604044309096,643.5793161695017
0dd4f17697aa2079,trend_volatility_breakout_v1,1.0.1,ETHUSDT,1h,LONG_SHORT,"{""atr_expansion_threshold"": 1.0, ""atr_length"": 14, ""atr_reference_length"": 50, ""atr_stop_multiplier"": 2.0, ""breakout_length"": 50, ""reward_risk"": 2.5, ""slope_lookback"": 5, ""trend_length"": 100}",PASS,,-8.255511543129245,-0.9215812106289296,11.73135605756863,0.8107928801861094,129,-6.399621351263027,-218.27502150380937,-607.2761328091211,0.13383324396147867,0.07717761530000632,9.5620275940161,1.0044295790933195,73,0.18333321090619983,-275.2345621894509,288.6178865856035,10.811441765951525,0.8383372082002949,10.920542557215517,1.1682391320714651,155,6.975123719968723,290.5596714384197,790.5845051567323
fb74fb038c7d4d01,trend_volatility_breakout_v1,1.0.1,ETHUSDT,1h,LONG_SHORT,"{""atr_expansion_threshold"": 1.25, ""atr_length"": 14, ""atr_reference_length"": 50, ""atr_stop_multiplier"": 2.0, ""breakout_length"": 50, ""reward_risk"": 2.0, ""slope_lookback"": 5, ""trend_length"": 200}",PASS,,-6.338963292143285,-0.9236117271288753,10.774425724823333,0.8009610159006274,93,-6.816089561444385,-23.463878316907596,-610.4324508974203,-0.17887072722322372,-0.0015985744839315857,5.369691398519518,0.9906360530739393,46,-0.38884940700709986,-104.16639591792699,86.2793231956004,3.226199913310057,0.3361943071600798,10.352483902890391,1.0768282627758545,106,3.043584823877391,-158.11704546775024,480.73703679875365
66ae1ba72d122deb,trend_volatility_breakout_v1,1.0.1,ETHUSDT,1h,LONG_SHORT,"{""atr_expansion_threshold"": 1.25, ""atr_length"": 14, ""atr_reference_length"": 50, ""atr_stop_multiplier"": 2.5, ""breakout_length"": 20, ""reward_risk"": 2.0, ""slope_lookback"": 5, ""trend_length"": 200}",PASS,,-7.506909477945955,-0.9480119050318084,12.796353875197477,0.801897998820974,93,-8.071945675210772,-392.02168250737753,-358.6692652872242,-4.810281334775112,-0.9799627397875079,8.585772790682498,0.8012309336062181,47,-10.234641137819269,-245.8040134176009,-235.2241200599047,7.467806723368153,0.6527795230834271,8.251378467584656,1.1587778281318404,100,7.467806723367988,60.346128610613654,686.4345437261851
2bb83fc70060c42f,trend_volatility_breakout_v1,1.0.1,ETHUSDT,1h,LONG_SHORT,"{""atr_expansion_threshold"": 1.0, ""atr_length"": 14, ""atr_reference_length"": 50, ""atr_stop_multiplier"": 2.0, ""breakout_length"": 50, ""reward_risk"": 2.0, ""slope_lookback"": 5, ""trend_length"": 100}",PASS,,-7.979008551367006,-0.9480759277820221,12.339258670262526,0.817902457956708,139,-5.7402939218468365,-70.60968745090734,-727.291167685803,-3.5563922703726214,-0.6833382378190671,10.503394438320477,0.8825223039055827,77,-4.618691260224115,-596.9480557365487,241.30882869929175,8.131073908295615,0.6577953056254316,10.265010484090126,1.1203846189124995,175,4.646327947597537,139.93626663401514,673.1711241955537
fff2c1847a52e149,trend_volatility_breakout_v1,1.0.1,ETHUSDT,1h,SHORT_ONLY,"{""atr_expansion_threshold"": 1.25, ""atr_length"": 20, ""atr_reference_length"": 50, ""atr_stop_multiplier"": 2.5, ""breakout_length"": 20, ""reward_risk"": 2.5, ""slope_lookback"": 5, ""trend_length"": 200}",PASS,,-4.567008590062283,-0.9620983931035498,6.823485654819778,0.6866425584913748,33,-13.83941996988576,0.0,-456.7008590062301,-0.8067456426437247,-0.2312731888982202,6.516054526420061,0.9170048380477688,17,-4.7455626037867775,0.0,-80.67456426437522,5.050935127718148,0.7008180631328677,5.201005185261389,1.2909463452635703,35,14.43124322205209,0.0,505.09351277182316
9dae132c4a9b28d0,trend_volatility_breakout_v1,1.0.1,ETHUSDT,1h,LONG_ONLY,"{""atr_expansion_threshold"": 1.25, ""atr_length"": 20, ""atr_reference_length"": 50, ""atr_stop_multiplier"": 2.5, ""breakout_length"": 20, ""reward_risk"": 2.5, ""slope_lookback"": 5, ""trend_length"": 100}",PASS,,-5.771068263484336,-0.962848866831621,7.901907745048613,0.6862331276600141,40,-14.427670658710856,-577.1068263484342,0.0,3.9370812118708187,1.279424399404509,3.3475648670288765,1.5645318858134443,18,21.872673399282515,393.7081211870853,0.0,-4.536905579372885,-0.6521586087297393,11.412014296311751,0.7676894619262838,43,-10.550943207843828,-453.6905579372846,0.0
5c3c89fa415309a4,trend_volatility_breakout_v1,1.0.1,ETHUSDT,1h,LONG_SHORT,"{""atr_expansion_threshold"": 1.25, ""atr_length"": 20, ""atr_reference_length"": 50, ""atr_stop_multiplier"": 2.5, ""breakout_length"": 50, ""reward_risk"": 2.5, ""slope_lookback"": 5, ""trend_length"": 200}",PASS,,-7.204007469808438,-0.9671197151809731,10.481319168761717,0.7562900088073812,66,-10.915162833043096,-369.15995120000713,-351.2407957808372,4.580863460431472,1.1297940519262955,5.21415573593174,1.3189942582222198,30,15.269544868104889,477.0127330690102,-18.92638702586359,2.793041308620414,0.3256765066155403,7.566874434776535,1.0800147107376878,73,3.8260839844116235,-317.26471715720515,596.5688480192537
a63e872169d71629,trend_volatility_breakout_v1,1.0.1,ETHUSDT,1h,SHORT_ONLY,"{""atr_expansion_threshold"": 1.0, ""atr_length"": 20, ""atr_reference_length"": 50, ""atr_stop_multiplier"": 2.0, ""breakout_length"": 20, ""reward_risk"": 2.0, ""slope_lookback"": 5, ""trend_length"": 100}",PASS,,-5.050067900572142,-0.9704178280541262,8.457670291008275,0.7697010959378491,72,-7.013983195239039,0.0,-505.00679005721076,-1.5693667909516096,-0.41744181735829095,7.825234136568694,0.9109210652939403,45,-3.4874817576703245,0.0,-156.9366790951646,-0.4993887691725596,-0.009635486425484955,11.150513056924872,0.9856969335502423,87,-0.5740100795087097,0.0,-49.93887691725775
4eb1d38d7904a210,trend_volatility_breakout_v1,1.0.1,ETHUSDT,1h,LONG_SHORT,"{""atr_expansion_threshold"": 1.25, ""atr_length"": 20, ""atr_reference_length"": 50, ""atr_stop_multiplier"": 2.0, ""breakout_length"": 50, ""reward_risk"": 2.0, ""slope_lookback"": 5, ""trend_length"": 200}",PASS,,-5.680023702222259,-0.9779929806627082,10.793260094464735,0.7863890834825411,77,-7.376654158730313,19.70684039537599,-587.7092106176101,0.9893594617278234,0.34571168668488833,4.636945754647149,1.08181696144922,31,3.191482134605721,355.73533376949086,-256.7993875967135,0.011988114705241415,0.03447266362163614,7.528048588761484,1.0003970978727383,82,0.014619652079590949,-112.76459491375013,113.96340638427658
8509cef832d49503,trend_volatility_breakout_v1,1.0.1,ETHUSDT,1h,SHORT_ONLY,"{""atr_expansion_threshold"": 1.0, ""atr_length"": 20, ""atr_reference_length"": 50, ""atr_stop_multiplier"": 2.0, ""breakout_length"": 50, ""reward_risk"": 2.0, ""slope_lookback"": 5, ""trend_length"": 100}",PASS,,-4.4129086222365,-0.9805151732637133,6.794276750051911,0.7673345021233083,60,-7.354847703727518,0.0,-441.2908622236511,0.9355054926269979,0.3067718637136856,5.988200120005621,1.0607957704662387,40,2.3387637315674024,0.0,93.5505492626961,8.119613461225317,0.8623190342470751,7.857049459984355,1.301268750844533,71,11.436075297500482,0.0,811.9613461225342
7bc6b72720e427eb,trend_volatility_breakout_v1,1.0.1,ETHUSDT,1h,LONG_ONLY,"{""atr_expansion_threshold"": 1.0, ""atr_length"": 14, ""atr_reference_length"": 50, ""atr_stop_multiplier"": 2.0, ""breakout_length"": 20, ""reward_risk"": 2.5, ""slope_lookback"": 5, ""trend_length"": 100}",PASS,,-7.336014277019531,-0.9813902147808349,9.524449114049048,0.7434944266905665,83,-8.838571418095924,-733.6014277019617,0.0,-2.3926298807095403,-0.6376466450695613,6.961052122959373,0.8495166253743234,42,-5.6967378112130636,-239.26298807094867,0.0,4.149139347753739,0.478109206980727,11.166246656212067,1.110147053506766,103,4.028290628887092,414.9139347753705,0.0
9780b12866fc3558,trend_volatility_breakout_v1,1.0.1,ETHUSDT,1h,LONG_SHORT,"{""atr_expansion_threshold"": 1.0, ""atr_length"": 14, ""atr_reference_length"": 50, ""atr_stop_multiplier"": 2.0, ""breakout_length"": 50, ""reward_risk"": 1.5, ""slope_lookback"": 5, ""trend_length"": 100}",PASS,,-7.585428544702955,-0.9884458659876714,11.711404888416013,0.8319852428388518,158,-4.8009041422171155,-62.40879463468896,-696.1340598356152,-3.0766359017953104,-0.6341234091617085,9.499254294488653,0.8996911386459187,86,-3.5774836067387596,-512.0021266881988,204.33853650866553,5.0783933149683325,0.46590713948175305,7.9535089374922165,1.077457491693159,197,2.577864626887451,-172.62484533209758,680.4641768289255
95ee2f596c488197,trend_volatility_breakout_v1,1.0.1,ETHUSDT,1h,LONG_ONLY,"{""atr_expansion_threshold"": 1.0, ""atr_length"": 14, ""atr_reference_length"": 50, ""atr_stop_multiplier"": 1.5, ""breakout_length"": 20, ""reward_risk"": 2.5, ""slope_lookback"": 5, ""trend_length"": 100}",PASS,,-5.928121435934064,-0.9973010623598677,10.01713089998273,0.7719415492920823,97,-6.111465397870157,-592.8121435934053,0.0,-5.839728100303887,-1.9751183021063317,6.2096291225129185,0.6110314141935458,48,-12.16610020896644,-583.9728100303892,0.0,4.180009846887445,0.5472593205209674,6.253816121837627,1.1303141289305791,118,3.5423812261757552,418.0009846887391,0.0
b15ee37d029e6e49,trend_volatility_breakout_v1,1.0.1,ETHUSDT,1h,LONG_SHORT,"{""atr_expansion_threshold"": 1.0, ""atr_length"": 20, ""atr_reference_length"": 50, ""atr_stop_multiplier"": 2.0, ""breakout_length"": 50, ""reward_risk"": 1.5, ""slope_lookback"": 5, ""trend_length"": 200}",PASS,,-7.059849290090481,-0.9978048149670147,10.506228965319611,0.8333402035312254,151,-4.675396880854651,-248.93100030631052,-457.0539287027418,3.8120313648032145,0.979663629752492,3.9980580628765265,1.1637764260791663,74,5.151393736220556,-54.50802948443943,435.7111659647606,6.814291072475975,0.6238291766217188,10.12976039298701,1.1193441626521483,176,3.8717562911794574,99.21111023724598,582.2179970103385
79de43cbecfd2193,trend_volatility_breakout_v1,1.0.1,ETHUSDT,1h,LONG_ONLY,"{""atr_expansion_threshold"": 1.0, ""atr_length"": 20, ""atr_reference_length"": 50, ""atr_stop_multiplier"": 1.5, ""breakout_length"": 20, ""reward_risk"": 2.5, ""slope_lookback"": 5, ""trend_length"": 100}",PASS,,-5.975484755296801,-1.0005226407563128,8.375445504739849,0.7781580110676325,102,-5.858318387545729,-597.5484755296644,0.0,-2.052563546160313,-0.7088692912889479,3.5441953626299085,0.8528639739915173,48,-4.276174054500682,-205.25635461603275,0.0,-0.4445742250826168,-0.02782286771144421,6.481680656113293,0.9856553471140403,114,-0.3899773904233563,-44.45742250826262,0.0
3c81976c940c11c7,trend_volatility_breakout_v1,1.0.1,ETHUSDT,1h,LONG_ONLY,"{""atr_expansion_threshold"": 1.25, ""atr_length"": 14, ""atr_reference_length"": 50, ""atr_stop_multiplier"": 1.5, ""breakout_length"": 50, ""reward_risk"": 2.0, ""slope_lookback"": 5, ""trend_length"": 200}",PASS,,-4.793488070869911,-1.0007864631131396,7.698113969435029,0.7402831464574942,63,-7.608711223603067,-479.34880708699325,0.0,2.351732168190601,1.1629259161911518,2.242624402257095,1.3980351157320556,23,10.224922470393857,235.1732168190587,0.0,-2.0403952061293085,-0.3527217536985733,5.421938402165873,0.891413852696467,67,-3.0453659792976153,-204.03952061294024,0.0
ea6c10b65e78afe3,trend_volatility_breakout_v1,1.0.1,ETHUSDT,1h,SHORT_ONLY,"{""atr_expansion_threshold"": 1.0, ""atr_length"": 14, ""atr_reference_length"": 50, ""atr_stop_multiplier"": 2.0, ""breakout_length"": 50, ""reward_risk"": 2.5, ""slope_lookback"": 5, ""trend_length"": 200}",PASS,,-5.074325062963492,-1.0022090527575835,7.632566022479474,0.7442319222477884,56,-9.061294755292089,0.0,-507.43250629635696,5.678978499270393,1.3962503042597791,5.849531767516387,1.4228880201158536,33,17.209025755365076,0.0,567.8978499270474,5.7622291035026585,0.603807430611334,5.745893703113338,1.2065051241760325,65,8.86496785154246,0.0,576.2229103502599
4cba9e4e458cf0b6,trend_volatility_breakout_v1,1.0.1,ETHUSDT,1h,LONG_ONLY,"{""atr_expansion_threshold"": 1.0, ""atr_length"": 20, ""atr_reference_length"": 50, ""atr_stop_multiplier"": 1.5, ""breakout_length"": 20, ""reward_risk"": 1.5, ""slope_lookback"": 5, ""trend_length"": 200}",PASS,,-4.431672441436385,-1.0024407033675382,7.688469664579792,0.820902056015079,114,-3.8874319661721866,-443.16724414362926,0.0,-5.696490459785453,-2.2837496358321636,6.336378807234996,0.5896402448050526,49,-11.625490734256006,-569.6490459785443,0.0,1.7090285468850164,0.30227215221498044,5.0688712125298325,1.0614073253165421,128,1.3351785522539783,170.90285468850922,0.0
e7cc8778e3652bf7,trend_volatility_breakout_v1,1.0.1,ETHUSDT,1h,LONG_SHORT,"{""atr_expansion_threshold"": 1.0, ""atr_length"": 20, ""atr_reference_length"": 50, ""atr_stop_multiplier"": 1.5, ""breakout_length"": 50, ""reward_risk"": 2.5, ""slope_lookback"": 5, ""trend_length"": 200}",PASS,,-6.961738197032352,-1.0116158142098013,9.972035727995218,0.8113450537505863,142,-4.902632533121364,-209.11962490422857,-487.05419479900513,7.762795212027296,2.0846100253842486,3.637139802210645,1.3931986622315466,69,11.25042784351777,152.67777948544403,623.601741717282,-3.2031007745104922,-0.2950752147985772,8.749456285305602,0.9375962733299157,172,-1.8622678921572489,13.609062636621552,-333.9191400876684
b9f59ce1ba37e8bb,trend_volatility_breakout_v1,1.0.1,ETHUSDT,1h,LONG_SHORT,"{""atr_expansion_threshold"": 1.25, ""atr_length"": 14, ""atr_reference_length"": 50, ""atr_stop_multiplier"": 2.5, ""breakout_length"": 50, ""reward_risk"": 2.0, ""slope_lookback"": 5, ""trend_length"": 100}",PASS,,-8.152893381971483,-1.0148142633354,13.851619858651043,0.7881423548031626,92,-8.861840632577843,-345.03994279216204,-470.2493954049996,-2.7185682669990996,-0.5191636665035448,8.416303950908196,0.8899666441973485,49,-5.548098504079993,-63.17584183974308,-208.68098486017658,9.843915278861903,0.847563404901307,8.481594241235225,1.215655657510311,97,10.148366266867967,126.85728753860731,857.5342403475854
e2e3cbb5a827fbe2,trend_volatility_breakout_v1,1.0.1,ETHUSDT,1h,SHORT_ONLY,"{""atr_expansion_threshold"": 1.25, ""atr_length"": 20, ""atr_reference_length"": 50, ""atr_stop_multiplier"": 2.5, ""breakout_length"": 50, ""reward_risk"": 1.5, ""slope_lookback"": 5, ""trend_length"": 200}",PASS,,-4.319970962722996,-1.0230004731380615,6.3458428623315575,0.6803755292718974,35,-12.34277417920867,0.0,-431.99709627230345,-4.580620097894139,-2.1120226503219652,7.143955457003832,0.5308705977132773,17,-26.944824105259514,0.0,-458.0620097894117,-0.0490428049276459,0.01713733612527455,5.493180184791621,0.9971800227201882,39,-0.12575078186563923,0.0,-4.904280492759931
1af505d94540e405,trend_volatility_breakout_v1,1.0.1,ETHUSDT,1h,LONG_SHORT,"{""atr_expansion_threshold"": 1.25, ""atr_length"": 20, ""atr_reference_length"": 50, ""atr_stop_multiplier"": 2.5, ""breakout_length"": 50, ""reward_risk"": 1.5, ""slope_lookback"": 5, ""trend_length"": 100}",PASS,,-7.371303782455985,-1.0239003307798649,13.381578808876776,0.762253314782481,82,-8.989394856653721,-90.86364751288183,-646.2667307327233,-3.4190772133331437,-0.9732379931915264,6.722707654108865,0.7989034763081165,37,-9.240749225224516,17.892560209187252,-359.80028154249436,0.04131034282397472,0.0386118838384302,8.727260220227597,1.0011639067075666,87,0.04748315267114617,-355.1672821564344,359.2983164388241
84371fc37af5da7e,trend_volatility_breakout_v1,1.0.1,ETHUSDT,1h,LONG_SHORT,"{""atr_expansion_threshold"": 1.0, ""atr_length"": 20, ""atr_reference_length"": 50, ""atr_stop_multiplier"": 2.0, ""breakout_length"": 20, ""reward_risk"": 2.0, ""slope_lookback"": 5, ""trend_length"": 100}",PASS,,-8.323711544807843,-1.0312393394162076,11.98311658863834,0.8280795265278946,163,-5.106571499882162,-429.6760207005734,-402.695133780219,-3.9788931530970184,-0.8291461042056297,9.181588358808911,0.8804762133275509,90,-4.420992392329944,-249.4086393734992,-148.48067593619572,-1.5921814633123144,-0.07404998198589555,13.419837701137748,0.9780586159572361,195,-0.816503314519141,-144.62352997382135,-14.594616357411176
a266909f865701b1,trend_volatility_breakout_v1,1.0.1,ETHUSDT,1h,LONG_ONLY,"{""atr_expansion_threshold"": 1.0, ""atr_length"": 20, ""atr_reference_length"": 50, ""atr_stop_multiplier"": 1.5, ""breakout_length"": 20, ""reward_risk"": 2.0, ""slope_lookback"": 5, ""trend_length"": 100}",PASS,,-5.872245050955227,-1.0428667649312602,8.814808866902874,0.787439665087804,113,-5.196677036243539,-587.2245050955199,0.0,-4.994799210431633,-1.7597975428068888,5.702659684420761,0.6631585647484078,51,-9.79372394202278,-499.47992104316177,0.0,1.0433534154390411,0.17819571239179846,6.0410440988849246,1.0339702993115414,124,0.8414140447088309,104.33534154389503,0.0
a569b9a270549d63,trend_volatility_breakout_v1,1.0.1,ETHUSDT,1h,LONG_SHORT,"{""atr_expansion_threshold"": 1.0, ""atr_length"": 20, ""atr_reference_length"": 50, ""atr_stop_multiplier"": 2.5, ""breakout_length"": 20, ""reward_risk"": 1.5, ""slope_lookback"": 5, ""trend_length"": 100}",PASS,,-9.267877120713585,-1.0480659611828835,13.002858635663337,0.8290461078263759,165,-5.616895224674865,-474.61866805312025,-452.16904401823234,-6.376240458615756,-1.2644496331953121,13.256733971979711,0.8307719013856552,90,-7.084711620684201,-624.8589562745414,-12.765089587036776,-7.131114619540391,-0.5023593703631775,16.36052478284153,0.9092932510895364,192,-3.7141221976773813,11.836937233969607,-724.9483991880268
6e33625a811782f3,trend_volatility_breakout_v1,1.0.1,ETHUSDT,1h,LONG_ONLY,"{""atr_expansion_threshold"": 1.0, ""atr_length"": 20, ""atr_reference_length"": 50, ""atr_stop_multiplier"": 2.0, ""breakout_length"": 20, ""reward_risk"": 1.5, ""slope_lookback"": 5, ""trend_length"": 100}",PASS,,-6.978444236893067,-1.0672705104065578,9.639613015132278,0.7738950050533882,107,-6.521910501769224,-697.844423689307,0.0,-6.144498924138753,-1.9714341937862159,6.777145545751723,0.6449021495339683,49,-12.539793722732131,-614.4498924138744,0.0,0.36393009446378244,0.07806685725923687,7.326151373634561,1.0104928936409756,119,0.30582360879313025,36.3930094463825,0.0
5cf3318bc267b2de,trend_volatility_breakout_v1,1.0.1,ETHUSDT,1h,LONG_SHORT,"{""atr_expansion_threshold"": 1.0, ""atr_length"": 20, ""atr_reference_length"": 50, ""atr_stop_multiplier"": 2.0, ""breakout_length"": 50, ""reward_risk"": 1.5, ""slope_lookback"": 5, ""trend_length"": 100}",PASS,,-7.699561855101145,-1.0676331198191844,10.799844191791976,0.8253572372239427,158,-4.873140414620949,-372.8082393058489,-397.14794620426113,-0.913694624296002,-0.17419829464046596,6.436522901501826,0.9670751570002736,84,-1.0877316955903924,-328.62174661587613,237.2522841862832,9.284264173959533,0.810388513835415,9.70211325719886,1.1553385809066115,185,5.018521175113268,-48.707193060190306,977.1336104561448
073fc9b330c55d4f,trend_volatility_breakout_v1,1.0.1,ETHUSDT,1h,LONG_SHORT,"{""atr_expansion_threshold"": 1.0, ""atr_length"": 14, ""atr_reference_length"": 50, ""atr_stop_multiplier"": 2.5, ""breakout_length"": 20, ""reward_risk"": 1.5, ""slope_lookback"": 5, ""trend_length"": 200}",PASS,,-9.21672299272066,-1.0714850197358055,13.54978870772969,0.8241598702260341,155,-5.946272898529468,-202.23830317987037,-719.4339960921973,0.062380463269784414,0.062723749787417,7.050427602963058,1.0019673829661515,78,0.07997495290994167,1.8070435411502501,4.4310027858252,3.004455271932538,0.27322086071711743,9.343319849166292,1.0388587018675222,188,1.5981145063470283,-110.65857320751874,411.10410040076005
75330bfb6013e1b6,trend_volatility_breakout_v1,1.0.1,ETHUSDT,1h,LONG_SHORT,"{""atr_expansion_threshold"": 1.25, ""atr_length"": 20, ""atr_reference_length"": 50, ""atr_stop_multiplier"": 2.5, ""breakout_length"": 50, ""reward_risk"": 2.0, ""slope_lookback"": 5, ""trend_length"": 200}",PASS,,-7.535412125071639,-1.0747435080460306,11.7860119909625,0.7420887709222402,70,-10.764874464387995,-285.47445921670754,-468.0667532904522,0.7715921601630704,0.24820368788311276,5.6188351306706155,1.05489947072893,30,2.571973867210377,269.7968973553576,-192.63768133904625,0.8890979267544008,0.1337451894479427,10.145242254761369,1.0251192557214985,78,1.1398691368646365,-70.1003296073757,159.01012228281735
6cab0265854d7d99,trend_volatility_breakout_v1,1.0.1,ETHUSDT,1h,LONG_SHORT,"{""atr_expansion_threshold"": 1.25, ""atr_length"": 14, ""atr_reference_length"": 50, ""atr_stop_multiplier"": 2.0, ""breakout_length"": 20, ""reward_risk"": 2.0, ""slope_lookback"": 5, ""trend_length"": 100}",PASS,,-8.293316197154965,-1.102485570359857,13.192166036838046,0.7658150592196581,103,-8.051763298208728,-164.74783564597644,-664.5837840695225,-4.75997962992677,-1.0465884404859096,8.080801795499532,0.8006970675079259,56,-8.499963624869206,-233.18528438661932,-242.81267860605624,3.802774833523226,0.37122172524247893,10.721510901553591,1.0795692408916453,123,3.0916868565229967,-219.4756606564842,599.7531440088128
7e8a2bb6a5e7dd5c,trend_volatility_breakout_v1,1.0.1,ETHUSDT,1h,LONG_SHORT,"{""atr_expansion_threshold"": 1.0, ""atr_length"": 14, ""atr_reference_length"": 50, ""atr_stop_multiplier"": 1.5, ""breakout_length"": 50, ""reward_risk"": 2.5, ""slope_lookback"": 5, ""trend_length"": 200}",PASS,,-8.062587948452382,-1.1079425256941775,13.738930269298733,0.7919037922904364,145,-5.56040548169136,-251.97181978822493,-554.2869750570221,3.8827061807334307,0.9413574660327607,3.862291130137315,1.1755882792972,72,5.39264747324085,-142.74676744914845,531.0173855224897,1.6250560358789023,0.20072784746492398,7.587963566773921,1.0292397949389667,179,0.907852534010547,333.1944504023381,-170.68884681445016
b27e7c6c7dddd2f6,trend_volatility_breakout_v1,1.0.1,ETHUSDT,1h,LONG_SHORT,"{""atr_expansion_threshold"": 1.25, ""atr_length"": 20, ""atr_reference_length"": 50, ""atr_stop_multiplier"": 2.0, ""breakout_length"": 20, ""reward_risk"": 2.0, ""slope_lookback"": 5, ""trend_length"": 200}",PASS,,-6.5222581123346,-1.1208889231887285,11.292188267978423,0.764429788482855,81,-8.05217050905519,-13.744535165431571,-638.4812760680388,0.38694270361758765,0.15372525443245552,5.496523480046804,1.027627993210239,36,1.074840843382077,345.15312281616366,-306.4588524544089,-0.5322594336941933,-0.029324048751225566,9.292993159647844,0.9834867436044373,88,-0.6048402655615965,-252.43785750575793,199.21191413633744
d409848cd467ec6a,trend_volatility_breakout_v1,1.0.1,ETHUSDT,1h,LONG_ONLY,"{""atr_expansion_threshold"": 1.25, ""atr_length"": 14, ""atr_reference_length"": 50, ""atr_stop_multiplier"": 1.5, ""breakout_length"": 20, ""reward_risk"": 2.0, ""slope_lookback"": 5, ""trend_length"": 200}",PASS,,-5.394824212612715,-1.1255189858862586,7.975615069993696,0.715937344170914,65,-8.299729557865719,-539.4824212612717,0.0,2.438191758735364,1.1580090135055243,2.2426244369218074,1.370554359366298,26,9.377660610520763,243.81917587353985,0.0,-1.6435601947906608,-0.2657556869405567,5.0388014950462034,0.9172328469873536,71,-2.3148735137896432,-164.35601947906468,0.0
d038d5f195c327fa,trend_volatility_breakout_v1,1.0.1,ETHUSDT,1h,LONG_SHORT,"{""atr_expansion_threshold"": 1.0, ""atr_length"": 14, ""atr_reference_length"": 50, ""atr_stop_multiplier"": 2.5, ""breakout_length"": 20, ""reward_risk"": 2.0, ""slope_lookback"": 5, ""trend_length"": 200}",PASS,,-10.824011828790425,-1.135303207260397,14.599745168941242,0.7836590388950906,134,-8.077620767754096,-154.40728793566115,-927.9938949433878,1.0638705509954605,0.2439214229144644,9.26473897639772,1.0341934238787551,69,1.5418413782545262,-87.11932011235695,193.50637521191925,2.0750052449902023,0.19838666307168618,9.838528538410838,1.0266457401987779,168,1.2351221696369759,-48.692635490170005,256.19315998918194
55e121db45704383,trend_volatility_breakout_v1,1.0.1,ETHUSDT,1h,LONG_SHORT,"{""atr_expansion_threshold"": 1.0, ""atr_length"": 14, ""atr_reference_length"": 50, ""atr_stop_multiplier"": 1.5, ""breakout_length"": 50, ""reward_risk"": 1.5, ""slope_lookback"": 5, ""trend_length"": 100}",PASS,,-6.553805636058874,-1.138251990723047,9.65991271384876,0.8408178066244455,182,-3.6009921077246503,-35.756129831692185,-619.6244337741941,2.679563701547294,0.7006464315821088,4.78163466443127,1.1097683651485617,95,2.8205933700497163,-323.2238919569559,591.180262111679,-2.7642300728096036,-0.280169063007801,9.077624303925306,0.9540480469186617,231,-1.1966363951557335,38.0766396878645,-314.49964696883893
85933c6167e508e0,trend_volatility_breakout_v1,1.0.1,ETHUSDT,1h,SHORT_ONLY,"{""atr_expansion_threshold"": 1.0, ""atr_length"": 14, ""atr_reference_length"": 50, ""atr_stop_multiplier"": 2.5, ""breakout_length"": 20, ""reward_risk"": 2.0, ""slope_lookback"": 5, ""trend_length"": 200}",PASS,,-7.053736176536985,-1.1400032835381675,9.525694108704666,0.7340648147798025,67,-10.527964442592493,0.0,-705.373617653697,1.87167703629596,0.47304175833108153,7.8577939062529145,1.10609825205089,37,5.058586584583538,0.0,187.1677036295909,2.306749486735016,0.24720642848654958,7.949439876951327,1.0629033280010527,77,2.995778554201314,0.0,230.67494867350118
636682b90a374b20,trend_volatility_breakout_v1,1.0.1,ETHUSDT,1h,LONG_ONLY,"{""atr_expansion_threshold"": 1.25, ""atr_length"": 14, ""atr_reference_length"": 50, ""atr_stop_multiplier"": 1.5, ""breakout_length"": 50, ""reward_risk"": 2.0, ""slope_lookback"": 5, ""trend_length"": 100}",PASS,,-5.477878142881487,-1.1449143867040241,8.361624695635784,0.7126222864530103,66,-8.299815368002056,-547.7878142881357,0.0,1.4162182081594699,0.7046276049273702,2.242623512630183,1.2143600181773793,25,5.664872832637866,141.62182081594665,0.0,-3.1541546350249194,-0.5486900106045061,6.3004120567480895,0.8431956219581621,72,-4.38077032642364,-315.4154635025021,0.0
a9dbef5416aabc7c,trend_volatility_breakout_v1,1.0.1,ETHUSDT,1h,LONG_SHORT,"{""atr_expansion_threshold"": 1.25, ""atr_length"": 20, ""atr_reference_length"": 50, ""atr_stop_multiplier"": 2.5, ""breakout_length"": 20, ""reward_risk"": 2.5, ""slope_lookback"": 5, ""trend_length"": 200}",PASS,,-8.570019740603607,-1.153244219627539,11.799089953841007,0.7209153720563143,69,-12.4203184646429,-402.8195129776024,-454.1824610827577,2.1707774893758414,0.5412199234974118,5.981114742128596,1.1316339258433314,34,6.384639674634791,298.10807416397955,-81.03032522639671,0.8032791671240158,0.1210090392139694,9.414148882942436,1.0216900088768748,76,1.0569462725316072,-448.8345964958445,529.1625132082467
39afa3e45fb008e4,trend_volatility_breakout_v1,1.0.1,ETHUSDT,1h,LONG_SHORT,"{""atr_expansion_threshold"": 1.25, ""atr_length"": 14, ""atr_reference_length"": 50, ""atr_stop_multiplier"": 2.5, ""breakout_length"": 20, ""reward_risk"": 2.0, ""slope_lookback"": 5, ""trend_length"": 100}",PASS,,-9.287965363906824,-1.154404467726944,14.085159076331665,0.7676297914352703,96,-9.674963920736298,-440.49731478802335,-488.2992216026612,-4.9644344337067325,-0.9685715421959582,9.981161914390102,0.8134045207570568,52,-9.546989295589828,-275.4899885936404,-220.9534547770307,11.350279036144473,0.93503327097814,8.837560421329664,1.223923000185727,108,10.509517626059644,-81.95183049198782,1216.9797341064295
8baa41da07f8bc4c,trend_volatility_breakout_v1,1.0.1,ETHUSDT,1h,SHORT_ONLY,"{""atr_expansion_threshold"": 1.25, ""atr_length"": 20, ""atr_reference_length"": 50, ""atr_stop_multiplier"": 2.5, ""breakout_length"": 50, ""reward_risk"": 2.5, ""slope_lookback"": 5, ""trend_length"": 100}",PASS,,-5.7399246138743365,-1.158305281755993,7.968671730466583,0.6337518469015871,34,-16.882131217277532,0.0,-573.9924613874362,0.18331212852622514,0.08883142507217234,7.29012026298657,1.0181794565617968,18,1.018400714034894,0.0,18.33121285262809,6.6127353132896305,0.8463976018376407,4.129425417747368,1.4238409685023132,32,20.664797854030162,0.0,661.2735313289652
91ae677696b213bb,trend_volatility_breakout_v1,1.0.1,ETHUSDT,1h,LONG_SHORT,"{""atr_expansion_threshold"": 1.25, ""atr_length"": 14, ""atr_reference_length"": 50, ""atr_stop_multiplier"": 2.0, ""breakout_length"": 20, ""reward_risk"": 2.5, ""slope_lookback"": 5, ""trend_length"": 200}",PASS,,-8.469789173492936,-1.1588442860636827,11.912217987828921,0.7595130446985481,97,-8.731741415972017,-283.346758198223,-563.6321591510626,-1.0870313832384126,-0.19494882327374638,7.368155152216267,0.9496361996727986,49,-2.2184313943642513,-77.19882615045901,-31.5043121733893,13.116861447822291,1.1170292865663751,7.739443015110489,1.2986694954504248,106,12.374397592285217,192.18534390423835,1119.5008008779948
5bcf5bb591e5d769,trend_volatility_breakout_v1,1.0.1,ETHUSDT,1h,SHORT_ONLY,"{""atr_expansion_threshold"": 1.25, ""atr_length"": 20, ""atr_reference_length"": 50, ""atr_stop_multiplier"": 2.5, ""breakout_length"": 50, ""reward_risk"": 2.0, ""slope_lookback"": 5, ""trend_length"": 200}",PASS,,-4.76753732502917,-1.1652766390606453,5.859382301530862,0.6616607384171757,33,-14.447082803118624,0.0,-476.7537325029146,-1.8929006577683483,-0.7118920647963994,6.519071002101835,0.7885499906420499,16,-11.830629111052499,0.0,-189.29006577683998,1.4201460227091678,0.24221129194976795,4.945976413476659,1.0843952421633907,35,4.057560064883356,0.0,142.01460227091746
7ca46b1cc84c2316,trend_volatility_breakout_v1,1.0.1,ETHUSDT,1h,LONG_ONLY,"{""atr_expansion_threshold"": 1.0, ""atr_length"": 20, ""atr_reference_length"": 50, ""atr_stop_multiplier"": 2.5, ""breakout_length"": 20, ""reward_risk"": 2.0, ""slope_lookback"": 5, ""trend_length"": 100}",PASS,,-8.502633219520161,-1.1798044098781415,11.933696994476751,0.7273377373621158,81,-10.49707804879038,-850.2633219520208,0.0,-6.349148505318936,-1.6884950337516669,7.942047814728029,0.6363914731133464,39,-16.279867962356295,-634.9148505318956,0.0,9.267628607883882,0.9381147841551989,6.908236459009223,1.2463383053117636,96,9.653779799878974,926.7628607883815,0.0
218984e780905cfe,trend_volatility_breakout_v1,1.0.1,ETHUSDT,1h,SHORT_ONLY,"{""atr_expansion_threshold"": 1.25, ""atr_length"": 20, ""atr_reference_length"": 50, ""atr_stop_multiplier"": 2.5, ""breakout_length"": 20, ""reward_risk"": 1.5, ""slope_lookback"": 5, ""trend_length"": 200}",PASS,,-5.089574804791342,-1.1941775630964895,7.099154577909434,0.6513580260953474,38,-13.393617907345483,0.0,-508.9574804791284,-5.2132344720925765,-2.291832720473235,7.759575350670877,0.49821797278608687,18,-28.96241373384767,0.0,-521.323447209258,-0.17224638641811785,-0.000856785003141292,5.853106911704664,0.9909744692250865,44,-0.3914690600410639,0.0,-17.224638641806813
030efc112f2fd255,trend_volatility_breakout_v1,1.0.1,ETHUSDT,1h,LONG_SHORT,"{""atr_expansion_threshold"": 1.0, ""atr_length"": 14, ""atr_reference_length"": 50, ""atr_stop_multiplier"": 1.5, ""breakout_length"": 50, ""reward_risk"": 1.5, ""slope_lookback"": 5, ""trend_length"": 200}",PASS,,-6.643699767284383,-1.1997213341517319,10.039344729506645,0.831414645623027,173,-3.840288882823282,58.901830418817326,-723.2718071472451,6.180059979770247,1.6356061476775843,3.2729867047677432,1.300416657149954,84,7.357214261631254,-186.4197191756999,804.4257171527253,-2.593755136776621,-0.26820496494908086,7.7985148807829825,0.9549251640966582,219,-1.1843630761537676,172.5771371863039,-431.952650863979
bf58738dd3d1d783,trend_volatility_breakout_v1,1.0.1,ETHUSDT,1h,LONG_ONLY,"{""atr_expansion_threshold"": 1.0, ""atr_length"": 14, ""atr_reference_length"": 50, ""atr_stop_multiplier"": 1.5, ""breakout_length"": 20, ""reward_risk"": 2.0, ""slope_lookback"": 5, ""trend_length"": 100}",PASS,,-7.162092766830941,-1.204445560892796,9.732722636622244,0.7351564757044413,107,-6.693544641898001,-716.209276683086,0.0,-5.452458791746107,-1.8168020578843502,5.570864199780442,0.6412889901263168,51,-10.691095670090311,-545.2458791746059,0.0,0.2743046697013085,0.06665859893958384,7.32973745829673,1.008479804524831,126,0.21770211881062884,27.430466970139236,0.0
99c874579e10c967,trend_volatility_breakout_v1,1.0.1,ETHUSDT,1h,LONG_SHORT,"{""atr_expansion_threshold"": 1.25, ""atr_length"": 20, ""atr_reference_length"": 50, ""atr_stop_multiplier"": 2.0, ""breakout_length"": 50, ""reward_risk"": 2.5, ""slope_lookback"": 5, ""trend_length"": 200}",PASS,,-7.773761354651776,-1.2078393646706282,11.62423185706809,0.71963510588427,74,-10.505082911691531,-179.74160753744292,-597.6345279277303,3.4989399285264122,0.9874963048330174,4.636945192660791,1.2917003182668263,30,11.66313309508807,371.75197107012707,-21.85797821748497,2.9776130522935373,0.3715599718253783,8.773974219692695,1.0948610743271656,80,3.722016315366988,67.12523068006092,230.63607454929812
3808d31f27b09f74,trend_volatility_breakout_v1,1.0.1,ETHUSDT,1h,LONG_SHORT,"{""atr_expansion_threshold"": 1.25, ""atr_length"": 14, ""atr_reference_length"": 50, ""atr_stop_multiplier"": 2.0, ""breakout_length"": 20, ""reward_risk"": 1.5, ""slope_lookback"": 5, ""trend_length"": 200}",PASS,,-8.11656783902459,-1.2107534070455133,10.809007510032167,0.775889369710372,115,-7.057885077412676,-332.27292336737156,-479.38386053508617,-0.789975827815248,-0.18658778557399408,4.537520135905396,0.9611076082551061,54,-1.4629181996579652,44.19505150253173,-123.19263428406185,5.51522782982603,0.5997118184587832,8.279551183658294,1.126093962334469,127,4.342699078603176,-82.0611527873623,633.5839357699656
49b7cb83e1c22822,trend_volatility_breakout_v1,1.0.1,ETHUSDT,1h,LONG_SHORT,"{""atr_expansion_threshold"": 1.25, ""atr_length"": 14, ""atr_reference_length"": 50, ""atr_stop_multiplier"": 2.0, ""breakout_length"": 50, ""reward_risk"": 2.5, ""slope_lookback"": 5, ""trend_length"": 100}",PASS,,-9.036044530352516,-1.218463050661748,12.550233545421088,0.7471207071068628,96,-9.412546385783907,-273.3420968448685,-630.2623561903865,-1.1958854161923216,-0.2195995033466163,6.43115943440654,0.9471730548655993,51,-2.3448733650829214,127.84151627752645,-247.43005789675544,8.119596805270145,0.7544853254130551,8.451519865633397,1.1871271775171557,104,7.807304620452107,58.16384947786378,753.7958310491554
601dbcbd069ae5cb,trend_volatility_breakout_v1,1.0.1,ETHUSDT,1h,LONG_ONLY,"{""atr_expansion_threshold"": 1.0, ""atr_length"": 20, ""atr_reference_length"": 50, ""atr_stop_multiplier"": 1.5, ""breakout_length"": 20, ""reward_risk"": 1.5, ""slope_lookback"": 5, ""trend_length"": 100}",PASS,,-5.520125687092348,-1.224184615493428,7.8518527300961125,0.7927249849596277,122,-4.524693186141316,-552.0125687092406,0.0,-6.8011145400113,-2.547894923201685,7.261708650696136,0.570583479733597,56,-12.144847392877377,-680.1114540011331,0.0,0.381286503579914,0.08623899358642073,6.917366058512833,1.0128850146955337,135,0.28243444709620874,38.12865035798818,0.0
b01c36f1119713f0,trend_volatility_breakout_v1,1.0.1,ETHUSDT,1h,SHORT_ONLY,"{""atr_expansion_threshold"": 1.25, ""atr_length"": 14, ""atr_reference_length"": 50, ""atr_stop_multiplier"": 1.5, ""breakout_length"": 20, ""reward_risk"": 1.5, ""slope_lookback"": 5, ""trend_length"": 100}",PASS,,-4.03647102944984,-1.224744697378429,5.836621561885556,0.7392708889547894,60,-6.727451715749674,0.0,-403.6471029449804,0.7029649834159768,0.33038435830109447,5.0828801187690615,1.0655448514414199,35,2.008471381188275,0.0,70.29649834158963,1.4838177951403742,0.3332110974092995,4.299873776433584,1.075326351972874,70,2.119739707343449,0.0,148.38177951404145
e049eb9d3cb96bdd,trend_volatility_breakout_v1,1.0.1,ETHUSDT,1h,SHORT_ONLY,"{""atr_expansion_threshold"": 1.0, ""atr_length"": 20, ""atr_reference_length"": 50, ""atr_stop_multiplier"": 2.0, ""breakout_length"": 50, ""reward_risk"": 1.5, ""slope_lookback"": 5, ""trend_length"": 100}",PASS,,-4.7856204190056655,-1.2279020541021421,5.925701460151398,0.7595820080804879,67,-7.14271704329227,0.0,-478.56204190058213,2.4274767469769865,0.748536226431025,5.058278925119975,1.168270530132986,45,5.3943927710599695,0.0,242.74767469769864,9.100114343428988,0.973958654796582,6.099488711758017,1.3382497561042146,83,10.963993184854235,0.0,910.0114343429016
48cd66d2f5489627,trend_volatility_breakout_v1,1.0.1,ETHUSDT,1h,LONG_SHORT,"{""atr_expansion_threshold"": 1.0, ""atr_length"": 20, ""atr_reference_length"": 50, ""atr_stop_multiplier"": 1.5, ""breakout_length"": 50, ""reward_risk"": 2.5, ""slope_lookback"": 5, ""trend_length"": 100}",PASS,,-8.623006877919504,-1.2515702229178511,11.143772498921953,0.7764632265572121,149,-5.787252938200973,-307.0111900637713,-555.2894977281737,3.6155007462016053,0.9303081318398125,5.445082982235261,1.1499345538954568,81,4.463581168150022,-94.0927373367698,455.6428119569216,-3.2641772959055793,-0.2930069575967547,9.547575349693552,0.9390672347876332,181,-1.803412870666063,-96.01317626305215,-230.4045533275053
ee54362577a19c3b,trend_volatility_breakout_v1,1.0.1,ETHUSDT,1h,LONG_SHORT,"{""atr_expansion_threshold"": 1.25, ""atr_length"": 20, ""atr_reference_length"": 50, ""atr_stop_multiplier"": 2.5, ""breakout_length"": 20, ""reward_risk"": 1.5, ""slope_lookback"": 5, ""trend_length"": 100}",PASS,,-9.0480853923402,-1.2584590686254578,14.59857144828798,0.7240127011743255,87,-10.40009815211515,-184.34095168640684,-720.4675875476113,-3.411807485479257,-0.9385297921625251,7.24686048802643,0.8203907831717488,42,-8.123351155902943,76.90803321502511,-418.08878176294866,-1.7546598441425476,-0.16882168810754508,10.944194072575105,0.9545448905523086,94,-1.8666594086622579,-458.2713075102639,282.8053230960117
ab432c1098a3a177,trend_volatility_breakout_v1,1.0.1,ETHUSDT,1h,LONG_SHORT,"{""atr_expansion_threshold"": 1.25, ""atr_length"": 14, ""atr_reference_length"": 50, ""atr_stop_multiplier"": 2.0, ""breakout_length"": 50, ""reward_risk"": 2.0, ""slope_lookback"": 5, ""trend_length"": 100}",PASS,,-8.762335016812372,-1.2588879403276658,12.603650152358684,0.7412334328144716,97,-9.033335068878829,-92.11516708539523,-784.1183345958511,-2.501232571510903,-0.549771864751599,6.366661256557003,0.8858768853161735,52,-4.8100626375209945,-62.081296548647174,-188.04196060244453,2.881954507271467,0.30089771232210333,11.801751192477917,1.0651199593798726,112,2.5731736672067065,-271.2224456658885,559.4178963930397
f6d702bcaaff585e,trend_volatility_breakout_v1,1.0.1,ETHUSDT,1h,SHORT_ONLY,"{""atr_expansion_threshold"": 1.0, ""atr_length"": 14, ""atr_reference_length"": 50, ""atr_stop_multiplier"": 2.5, ""breakout_length"": 20, ""reward_risk"": 1.5, ""slope_lookback"": 5, ""trend_length"": 100}",PASS,,-7.842517835626694,-1.2670054913916176,9.907029501035948,0.7334154551094734,82,-9.564046141008257,0.0,-784.251783562677,1.1641665520104372,0.3117165072839922,8.217297291600124,1.0601718991934554,45,2.5870367822453626,0.0,116.41665520104132,6.665913264195811,0.6439591519617668,9.133071166165417,1.1679520431043067,92,7.245557895865008,0.0,666.5913264195807
7cbdd27614a8a94f,trend_volatility_breakout_v1,1.0.1,ETHUSDT,1h,LONG_ONLY,"{""atr_expansion_threshold"": 1.25, ""atr_length"": 14, ""atr_reference_length"": 50, ""atr_stop_multiplier"": 1.5, ""breakout_length"": 20, ""reward_risk"": 2.0, ""slope_lookback"": 5, ""trend_length"": 100}",PASS,,-6.0748930124319696,-1.2682424934290295,8.637132623191606,0.6899420825077043,68,-8.93366619475286,-607.4893012431945,0.0,1.2924629457718995,0.6158574691090161,2.242623774712256,1.1733279571177544,28,4.61593909204246,129.24629457718888,0.0,-2.8006814649041423,-0.46131762711573193,6.26215390716041,0.8677413321619325,76,-3.6851071906633766,-280.0681464904166,0.0
00981682c7dd7d9c,trend_volatility_breakout_v1,1.0.1,ETHUSDT,1h,LONG_SHORT,"{""atr_expansion_threshold"": 1.25, ""atr_length"": 20, ""atr_reference_length"": 50, ""atr_stop_multiplier"": 2.5, ""breakout_length"": 20, ""reward_risk"": 2.0, ""slope_lookback"": 5, ""trend_length"": 200}",PASS,,-8.896548312838737,-1.2691830690736392,13.084573564286849,0.7068793879278199,73,-12.187052483340665,-321.77759230407054,-567.8772389797981,-1.5507066857585405,-0.37068065514054205,6.758098093585104,0.9040376691157216,34,-4.560902016936872,96.56683405956008,-251.6375026354137,0.6820757732071359,0.10971072828161249,11.434357516264585,1.0181613069155566,83,0.8217780400085544,-202.71137050444807,270.91894782515806
22db744f70fec1cf,trend_volatility_breakout_v1,1.0.1,ETHUSDT,1h,LONG_SHORT,"{""atr_expansion_threshold"": 1.0, ""atr_length"": 14, ""atr_reference_length"": 50, ""atr_stop_multiplier"": 2.0, ""breakout_length"": 20, ""reward_risk"": 2.0, ""slope_lookback"": 5, ""trend_length"": 200}",PASS,,-10.96745380623494,-1.2731766268434948,13.151993282022643,0.7710902075677769,156,-7.030419106560841,-212.5263777751879,-884.2190028483034,1.6861204946003072,0.38524708228671956,5.718525646094465,1.0580923051028572,78,2.1616929417951902,-218.33231075878717,386.944360218812,3.8130758809403087,0.3312748042884003,11.07983514362298,1.0524970080112948,192,1.9859770213231362,-196.29009301636358,577.5976811104058
478907d2c8732439,trend_volatility_breakout_v1,1.0.1,ETHUSDT,1h,LONG_SHORT,"{""atr_expansion_threshold"": 1.25, ""atr_length"": 14, ""atr_reference_length"": 50, ""atr_stop_multiplier"": 2.0, ""breakout_length"": 50, ""reward_risk"": 1.5, ""slope_lookback"": 5, ""trend_length"": 200}",PASS,,-8.126124549660329,-1.2732458289877207,10.664556797498253,0.7634260399941073,107,-7.594508924916252,-256.9061054475599,-555.7063495184791,-0.044851498601006234,0.022089640096338455,4.7887291568407475,0.9976318468588128,50,-0.08970299720199477,54.821480488484085,-59.30663034858382,7.3594011042424246,0.7805288510477144,7.954063327933179,1.1865154983330692,116,6.344311296760687,-90.12174723449343,826.0618576587331
3859c7bc6d029267,trend_volatility_breakout_v1,1.0.1,ETHUSDT,1h,LONG_SHORT,"{""atr_expansion_threshold"": 1.0, ""atr_length"": 20, ""atr_reference_length"": 50, ""atr_stop_multiplier"": 2.5, ""breakout_length"": 20, ""reward_risk"": 2.0, ""slope_lookback"": 5, ""trend_length"": 100}",PASS,,-11.599593437546496,-1.2760738253617352,16.425465946202113,0.771701447293167,141,-8.226662012444253,-778.1232269707683,-381.8361167838714,-5.416830936960482,-0.9076628520014279,15.554074376257669,0.8458756853554,78,-6.944655047385345,-607.445740770919,65.76264707486209,3.2141526003984344,0.27280457565831445,14.888068365070206,1.0419741511293652,169,1.9018654440227512,760.4137047837623,-438.99844474391745
d62d15f11b469cc3,trend_volatility_breakout_v1,1.0.1,ETHUSDT,1h,LONG_SHORT,"{""atr_expansion_threshold"": 1.0, ""atr_length"": 14, ""atr_reference_length"": 50, ""atr_stop_multiplier"": 1.5, ""breakout_length"": 50, ""reward_risk"": 2.0, ""slope_lookback"": 5, ""trend_length"": 200}",PASS,,-8.894192785653454,-1.2865506719541593,12.409247376148448,0.7742858122007402,157,-5.665090946276064,-348.88130278331795,-540.5379757820241,5.488728305541635,1.3848979143906475,3.6049202934969395,1.2579490201483654,76,7.2220109283442815,-19.73194945937167,568.604780013537,-2.515733616452376,-0.23268840305800828,10.187121164773295,0.9549293534041938,193,-1.3034889204415898,204.48157210529655,-456.0549337505234
a31415a2ad0f6ec9,trend_volatility_breakout_v1,1.0.1,ETHUSDT,1h,LONG_SHORT,"{""atr_expansion_threshold"": 1.0, ""atr_length"": 20, ""atr_reference_length"": 50, ""atr_stop_multiplier"": 1.5, ""breakout_length"": 50, ""reward_risk"": 2.0, ""slope_lookback"": 5, ""trend_length"": 200}",PASS,,-8.027280169498152,-1.2866532767571122,11.522802162998925,0.7927805274938389,157,-5.112917305412827,-238.37618779249178,-564.351829157322,6.853569927639902,1.815724205311472,2.865778869221952,1.3429637578775153,77,8.900740165766088,21.134195849442925,664.2227969145457,-1.4562891666044964,-0.1339515370476153,7.375979139307402,0.9716803301670898,187,-0.7787642602162691,224.36187008952342,-369.9907867499657
03b501150fd5421e,trend_volatility_breakout_v1,1.0.1,ETHUSDT,1h,SHORT_ONLY,"{""atr_expansion_threshold"": 1.25, ""atr_length"": 14, ""atr_reference_length"": 50, ""atr_stop_multiplier"": 2.0, ""breakout_length"": 20, ""reward_risk"": 2.0, ""slope_lookback"": 5, ""trend_length"": 200}",PASS,,-5.769207653932429,-1.299957281611574,8.912893732703251,0.6603894422487737,48,-12.019182612359357,0.0,-576.9207653932491,0.21029783519685985,0.09619168203820151,4.642749532200894,1.0175259421130058,27,0.778880871099452,0.0,21.029783519685203,6.022205829480698,0.6942907105739333,5.922102127284407,1.289331402316726,53,11.36265250845427,0.0,602.2205829480763
9abb8247b6f7361d,trend_volatility_breakout_v1,1.0.1,ETHUSDT,1h,LONG_SHORT,"{""atr_expansion_threshold"": 1.0, ""atr_length"": 14, ""atr_reference_length"": 50, ""atr_stop_multiplier"": 2.0, ""breakout_length"": 20, ""reward_risk"": 1.5, ""slope_lookback"": 5, ""trend_length"": 200}",PASS,,-10.384369693893946,-1.3229230547760988,11.757267830492163,0.7900178320814527,175,-5.933925539367987,-120.12767862481428,-918.3092907645835,-0.9621372693582653,-0.16505039761170465,6.832614249674893,0.968213492544278,88,-1.0933378060887724,-286.1005677239154,189.88684078810343,-1.6414549886507812,-0.0900772394694681,10.610438795106276,0.9775475717130123,217,-0.7564308703459831,-383.8078900088577,219.66239114377936
25797435925a77a0,trend_volatility_breakout_v1,1.0.1,ETHUSDT,1h,LONG_SHORT,"{""atr_expansion_threshold"": 1.25, ""atr_length"": 20, ""atr_reference_length"": 50, ""atr_stop_multiplier"": 1.5, ""breakout_length"": 50, ""reward_risk"": 2.5, ""slope_lookback"": 5, ""trend_length"": 200}",PASS,,-7.828390534575213,-1.3321805040691133,10.713389365706751,0.6958768232030592,84,-9.31951254116084,-216.7784337438485,-566.060619713662,2.3696762224031387,0.8786125792110211,4.131171273850682,1.2347799350739652,32,7.405238195009726,395.88284301656773,-158.9152207762565,-7.29080928253627,-1.227893319722363,9.820658826318168,0.7420303917933805,90,-8.100899202818105,-426.52910995833616,-302.5518182952934
8ea45dae38f452b4,trend_volatility_breakout_v1,1.0.1,ETHUSDT,1h,LONG_SHORT,"{""atr_expansion_threshold"": 1.25, ""atr_length"": 20, ""atr_reference_length"": 50, ""atr_stop_multiplier"": 2.5, ""breakout_length"": 50, ""reward_risk"": 2.5, ""slope_lookback"": 5, ""trend_length"": 100}",PASS,,-9.972029299491393,-1.3350702290711178,13.151582414978641,0.6870972569432681,71,-14.045111689424498,-433.01470762294394,-564.1882223261955,6.241067899337671,1.4660187384672068,5.821677298668846,1.4022441380733508,33,18.91232696768984,620.9353862238668,3.171403709897973,3.239380641929901,0.3511059391706885,7.145157255718572,1.0925920895402428,73,4.437507728671105,-354.1321392628843,678.070203455875
edf351840e53021b,trend_volatility_breakout_v1,1.0.1,ETHUSDT,1h,LONG_SHORT,"{""atr_expansion_threshold"": 1.0, ""atr_length"": 20, ""atr_reference_length"": 50, ""atr_stop_multiplier"": 1.5, ""breakout_length"": 50, ""reward_risk"": 2.0, ""slope_lookback"": 5, ""trend_length"": 100}",PASS,,-8.503329060977737,-1.3353088810772509,11.627161260706721,0.7896733837195269,165,-5.153532764229017,-335.96607790780286,-514.366828189985,2.813090114578376,0.7403397638977421,4.347843363791905,1.117794547875197,88,3.196693312021005,-197.19820269121638,478.5072141490648,-0.6004251933077964,-0.03170768352155844,7.230437044307621,0.9887402506468859,196,-0.30633938434073704,152.24840747707293,-212.2909268078574
13afc65c042d6160,trend_volatility_breakout_v1,1.0.1,ETHUSDT,1h,LONG_SHORT,"{""atr_expansion_threshold"": 1.25, ""atr_length"": 20, ""atr_reference_length"": 50, ""atr_stop_multiplier"": 2.0, ""breakout_length"": 50, ""reward_risk"": 2.0, ""slope_lookback"": 5, ""trend_length"": 100}",PASS,,-7.9672905726817405,-1.3447655074900995,12.956529684978136,0.7202295561013058,82,-9.716208015465531,-44.10702285841737,-752.6220344097561,-2.6574361914085243,-0.8442546679935746,5.374666082368938,0.8271621288984916,37,-7.18225997677967,177.04566912521543,-442.7892882660632,1.0174110281454984,0.15368044133591446,8.482735517021617,1.0325903427761887,85,1.1969541507593502,-331.97487609696816,433.71597891151293
621688fb7b0066c9,trend_volatility_breakout_v1,1.0.1,ETHUSDT,1h,SHORT_ONLY,"{""atr_expansion_threshold"": 1.0, ""atr_length"": 14, ""atr_reference_length"": 50, ""atr_stop_multiplier"": 2.0, ""breakout_length"": 50, ""reward_risk"": 2.5, ""slope_lookback"": 5, ""trend_length"": 100}",PASS,,-7.123419101334749,-1.3488994072603955,9.59881922541624,0.6714195607187975,59,-12.07359169717768,0.0,-712.3419101334831,4.039086412373916,0.9614261373922329,6.704537471595177,1.252545098792658,38,10.629174769404829,0.0,403.9086412373835,6.983740912484282,0.710894891388277,6.552602744374683,1.2407568491982601,68,10.270207224241636,0.0,698.3740912484312
3fafe22b3e4f9dda,trend_volatility_breakout_v1,1.0.1,ETHUSDT,1h,LONG_SHORT,"{""atr_expansion_threshold"": 1.25, ""atr_length"": 20, ""atr_reference_length"": 50, ""atr_stop_multiplier"": 2.0, ""breakout_length"": 50, ""reward_risk"": 1.5, ""slope_lookback"": 5, ""trend_length"": 200}",PASS,,-7.671727747687251,-1.3496962791785367,10.400884717659792,0.7360110465217574,89,-8.619918817626205,-196.24930031988356,-570.9234744488487,4.819852070553288,1.5637234406767966,2.5615358223666025,1.438871543968131,35,13.771005915866464,361.9260178910477,120.05918916427859,-0.8547531400041053,-0.0814593500752039,9.087069769286316,0.9698952053036747,86,-0.9938990000047221,-104.40300119846238,18.927687198056276
5a959a0dd21ad128,trend_volatility_breakout_v1,1.0.1,ETHUSDT,1h,SHORT_ONLY,"{""atr_expansion_threshold"": 1.25, ""atr_length"": 20, ""atr_reference_length"": 50, ""atr_stop_multiplier"": 2.5, ""breakout_length"": 20, ""reward_risk"": 2.5, ""slope_lookback"": 5, ""trend_length"": 100}",PASS,,-6.744214892899636,-1.353690411664349,8.949219804121732,0.5937143025043626,36,-18.73393025805462,0.0,-674.4214892899663,-0.4808861792868435,-0.11558839590202541,7.904770986051898,0.9552211453787522,19,-2.53097989098322,0.0,-48.08861792868118,5.211511654418954,0.6782898615882936,5.073156251862056,1.3010047764615358,35,14.890033298339826,0.0,521.1511654418939
8abacb519887d2a3,trend_volatility_breakout_v1,1.0.1,ETHUSDT,1h,SHORT_ONLY,"{""atr_expansion_threshold"": 1.25, ""atr_length"": 14, ""atr_reference_length"": 50, ""atr_stop_multiplier"": 2.0, ""breakout_length"": 50, ""reward_risk"": 2.5, ""slope_lookback"": 5, ""trend_length"": 200}",PASS,,-5.23975656111052,-1.363800493191142,8.378226068892928,0.6698881424567993,42,-12.475610859787091,0.0,-523.9756561110578,0.27863199426718666,0.11380574448419935,5.275837615108429,1.0231250436498627,25,1.1145279770687526,0.0,27.863199426718815,6.085516722969664,0.7345709529430512,4.46646583493698,1.3303602538183275,42,14.48932553088017,0.0,608.5516722969671
a368ef1b5f4c9761,trend_volatility_breakout_v1,1.0.1,ETHUSDT,1h,LONG_SHORT,"{""atr_expansion_threshold"": 1.25, ""atr_length"": 20, ""atr_reference_length"": 50, ""atr_stop_multiplier"": 2.0, ""breakout_length"": 20, ""reward_risk"": 2.5, ""slope_lookback"": 5, ""trend_length"": 200}",PASS,,-8.87936827284369,-1.3802405067086951,12.683678139029473,0.6901613832387894,77,-11.531647107589126,-210.9137226942998,-677.023104590063,1.5599558539043823,0.4509460889506702,5.305266443524627,1.1134538562354999,34,4.58810545265987,228.6099990995126,-72.61441370907704,2.8616296188768597,0.35137698054967215,9.93014825266656,1.0853838660005382,86,3.3274763010195523,-79.77884419799044,365.9418060856719
46641a49511bc5f1,trend_volatility_breakout_v1,1.0.1,ETHUSDT,1h,SHORT_ONLY,"{""atr_expansion_threshold"": 1.0, ""atr_length"": 14, ""atr_reference_length"": 50, ""atr_stop_multiplier"": 2.0, ""breakout_length"": 50, ""reward_risk"": 2.0, ""slope_lookback"": 5, ""trend_length"": 200}",PASS,,-6.283324519610012,-1.3844359976393665,8.259042883399193,0.6950651317446896,61,-10.300531999360535,0.0,-628.3324519609927,5.2316828822422945,1.3755404619326785,3.774993554953728,1.3921618937374496,36,14.532452450673244,0.0,523.1682882242368,5.790650896978433,0.6041006807510878,5.6628918615250114,1.1903714058181014,76,7.619277496024357,0.0,579.0650896978511
e1e91f8c6135cb26,trend_volatility_breakout_v1,1.0.1,ETHUSDT,1h,LONG_SHORT,"{""atr_expansion_threshold"": 1.25, ""atr_length"": 14, ""atr_reference_length"": 50, ""atr_stop_multiplier"": 1.5, ""breakout_length"": 20, ""reward_risk"": 1.5, ""slope_lookback"": 5, ""trend_length"": 100}",PASS,,-7.014880275705815,-1.3950341009570144,9.087957013653217,0.7903350086526044,134,-5.234985280377461,-308.4452999770083,-393.04272759357156,0.14280462589253418,0.07566250020660191,4.626424559492853,1.0073427912219328,68,0.21000680278313932,-55.5671654646394,69.84762805389288,-0.272343672718689,-0.01063405968320285,7.181922296833662,0.9932053572810547,153,-0.178002400469672,-184.3620328613443,157.12766558948445
1ce34fdd2f015e84,trend_volatility_breakout_v1,1.0.1,ETHUSDT,1h,LONG_SHORT,"{""atr_expansion_threshold"": 1.0, ""atr_length"": 14, ""atr_reference_length"": 50, ""atr_stop_multiplier"": 1.5, ""breakout_length"": 20, ""reward_risk"": 1.5, ""slope_lookback"": 5, ""trend_length"": 200}",PASS,,-7.940304602327563,-1.395104332544714,10.056602595774752,0.8218269518369019,202,-3.9308438625385183,20.90440091731604,-814.9348611500967,1.8254156461032567,0.5049780916096628,4.456725487991147,1.0729232885144786,98,1.8626690266359898,-470.84570100510336,653.3872656154304,-5.417130491173361,-0.5630757473646749,9.638249366282526,0.9170880750020853,254,-2.132728539832135,-30.091348352316654,-511.62170076504566
1baf498c694f4e45,trend_volatility_breakout_v1,1.0.1,ETHUSDT,1h,SHORT_ONLY,"{""atr_expansion_threshold"": 1.25, ""atr_length"": 20, ""atr_reference_length"": 50, ""atr_stop_multiplier"": 2.5, ""breakout_length"": 20, ""reward_risk"": 2.0, ""slope_lookback"": 5, ""trend_length"": 200}",PASS,,-5.78219307723834,-1.396637399593451,6.862404375494696,0.6152701317129198,35,-16.52055164925251,0.0,-578.2193077238379,-2.543334457928814,-0.9304290671165327,7.138834060007877,0.7348606428586917,17,-14.96079092899334,0.0,-254.33344579288678,2.514104479927637,0.3961839139148091,4.7508444758214115,1.1404849923353761,39,6.446421743404136,0.0,251.4104479927613
f40033552d1216b6,trend_volatility_breakout_v1,1.0.1,ETHUSDT,1h,SHORT_ONLY,"{""atr_expansion_threshold"": 1.0, ""atr_length"": 20, ""atr_reference_length"": 50, ""atr_stop_multiplier"": 1.5, ""breakout_length"": 50, ""reward_risk"": 2.5, ""slope_lookback"": 5, ""trend_length"": 200}",PASS,,-5.409060908171758,-1.3970406792483248,6.649592626051317,0.67659719210085,62,-8.724291787373897,0.0,-540.9060908171816,6.2038784945807945,2.1809733132778453,3.04563752549544,1.5772090557234586,37,16.767239174542592,0.0,620.387849458076,-3.1813908880204522,-0.4480385095457299,6.449447751963852,0.8794020703628235,81,-3.927643071630135,0.0,-318.13908880204093
de2ab64308f8541e,trend_volatility_breakout_v1,1.0.1,ETHUSDT,1h,LONG_SHORT,"{""atr_expansion_threshold"": 1.25, ""atr_length"": 20, ""atr_reference_length"": 50, ""atr_stop_multiplier"": 1.5, ""breakout_length"": 50, ""reward_risk"": 2.0, ""slope_lookback"": 5, ""trend_length"": 200}",PASS,,-7.764131191363955,-1.4034202995075058,10.839266727517574,0.7099328484482157,93,-8.348528162756901,-209.45860595014506,-566.9545131862468,6.784267697644397,2.3079681992655003,2.7077724946941313,1.7316172204220268,36,18.84518804901206,474.70715822765203,203.71961153678205,-8.271319643807074,-1.5158578100890008,10.009997909542113,0.6967458867589696,92,-8.990564830225086,-285.36506883121365,-541.7668955494943
5b5b16b40764ca06,trend_volatility_breakout_v1,1.0.1,ETHUSDT,1h,SHORT_ONLY,"{""atr_expansion_threshold"": 1.0, ""atr_length"": 14, ""atr_reference_length"": 50, ""atr_stop_multiplier"": 1.5, ""breakout_length"": 50, ""reward_risk"": 2.5, ""slope_lookback"": 5, ""trend_length"": 200}",PASS,,-6.211204666985736,-1.412361988811922,7.893300664972699,0.6601258236484301,64,-9.705007292165163,0.0,-621.1204666985705,5.362931646318492,1.5966740945460312,3.277307089665185,1.4480921172989936,38,14.112978016627734,0.0,536.2931646318539,-1.5539075314457529,-0.1885689766543566,5.629766061884216,0.9457023771100982,83,-1.8721777487298255,0.0,-155.3907531445755
4a650bda2a286420,trend_volatility_breakout_v1,1.0.1,ETHUSDT,1h,LONG_SHORT,"{""atr_expansion_threshold"": 1.0, ""atr_length"": 14, ""atr_reference_length"": 50, ""atr_stop_multiplier"": 1.5, ""breakout_length"": 50, ""reward_risk"": 2.5, ""slope_lookback"": 5, ""trend_length"": 100}",PASS,,-10.326327109583143,-1.4173117354500666,15.589313494381773,0.7451589474358947,151,-6.838627224889476,-331.5632468981027,-701.0694640602081,-0.5882284253618475,-0.09141856027246305,7.52015652040242,0.9771807777712929,81,-0.7262079325455398,-344.44810177072907,285.62525923454035,1.2576735574983955,0.16208663767081938,8.388686502018153,1.021378977189641,190,0.6619334513149723,247.84903747693625,-122.08168172709154
b0c73542b2b3e80d,trend_volatility_breakout_v1,1.0.1,ETHUSDT,1h,LONG_SHORT,"{""atr_expansion_threshold"": 1.25, ""atr_length"": 20, ""atr_reference_length"": 50, ""atr_stop_multiplier"": 1.5, ""breakout_length"": 20, ""reward_risk"": 1.5, ""slope_lookback"": 5, ""trend_length"": 200}",PASS,,-6.63892127621617,-1.4262245688605504,8.373048929746666,0.7400503005869836,101,-6.573189382392146,-110.75222701460865,-553.139900606998,4.123631279688311,1.2916825415438045,2.4043389839706304,1.3441666388875082,47,8.773683573804865,-23.342963070069626,435.70609103889825,-6.942955184221244,-1.2184583114868277,10.00617708516976,0.7576263751368848,108,-6.428662207612218,-450.70455160266545,-243.59096681945417
e8ab12417c9c86c3,trend_volatility_breakout_v1,1.0.1,ETHUSDT,1h,LONG_SHORT,"{""atr_expansion_threshold"": 1.25, ""atr_length"": 20, ""atr_reference_length"": 50, ""atr_stop_multiplier"": 1.5, ""breakout_length"": 20, ""reward_risk"": 2.5, ""slope_lookback"": 5, ""trend_length"": 200}",PASS,,-8.404682002294683,-1.4288812909818212,11.271644109385488,0.684325072762478,88,-9.550775002607496,-240.98951664347973,-599.47868358598,3.3529419515306635,1.224169271168968,4.131171371444896,1.2970437973159117,37,9.062005274407287,535.3108659170395,-200.01667076396984,-8.820697406174894,-1.4676159590520057,12.012002679307042,0.7095379590961679,97,-9.093502480592756,-527.3252793521348,-354.7444612653626
ffdea6373bea3a22,trend_volatility_breakout_v1,1.0.1,ETHUSDT,1h,LONG_SHORT,"{""atr_expansion_threshold"": 1.25, ""atr_length"": 14, ""atr_reference_length"": 50, ""atr_stop_multiplier"": 1.5, ""breakout_length"": 20, ""reward_risk"": 2.5, ""slope_lookback"": 5, ""trend_length"": 200}",PASS,,-8.126695770751846,-1.4293011128952748,11.453717571063203,0.7456130611767682,110,-7.387905246138099,-334.9540556261639,-477.715521449027,1.1095171955082694,0.3254627811094632,4.579146194599618,1.062559875235135,52,2.1336869144390587,148.2673255186286,-37.31560596779756,2.2288705263877384,0.28687235868282596,8.427309747485083,1.056992961000646,123,1.812089858851846,-77.85675984029048,300.7438124790675
25e8922e10e30f6b,trend_volatility_breakout_v1,1.0.1,ETHUSDT,1h,LONG_SHORT,"{""atr_expansion_threshold"": 1.0, ""atr_length"": 14, ""atr_reference_length"": 50, ""atr_stop_multiplier"": 1.5, ""breakout_length"": 20, ""reward_risk"": 1.5, ""slope_lookback"": 5, ""trend_length"": 100}",PASS,,-8.562052270304743,-1.4361696512714648,9.92977482709018,0.8190698769971774,214,-4.000959004815318,-174.34120926784578,-681.8640177626323,-1.9150794955256956,-0.4165599600924445,7.873561556926968,0.9351267386688317,112,-1.7098924067193297,-632.0392591338019,440.53130958123694,-4.34952425829731,-0.4392722105870371,10.370365235875946,0.9352943137676366,266,-1.6351594956005049,-43.43624540319821,-391.5161804265361
9d2a2cfe70fa0300,trend_volatility_breakout_v1,1.0.1,ETHUSDT,1h,LONG_SHORT,"{""atr_expansion_threshold"": 1.25, ""atr_length"": 14, ""atr_reference_length"": 50, ""atr_stop_multiplier"": 2.0, ""breakout_length"": 20, ""reward_risk"": 2.5, ""slope_lookback"": 5, ""trend_length"": 100}",PASS,,-10.638019879701154,-1.4398995543305635,13.718119133645931,0.7122668484488746,100,-10.638019879701146,-347.28956495562915,-716.5124230144855,-3.4863367550628577,-0.7077196495902635,8.105508291011569,0.8582142319249337,55,-6.338794100114347,-47.52196742270358,-301.11170808358554,13.421469558676137,1.1156748528608416,6.9055399549906875,1.2844094719917913,115,11.670843094501036,149.19844278148125,1192.948513086138
e5fc4359e2141145,trend_volatility_breakout_v1,1.0.1,ETHUSDT,1h,LONG_SHORT,"{""atr_expansion_threshold"": 1.0, ""atr_length"": 20, ""atr_reference_length"": 50, ""atr_stop_multiplier"": 1.5, ""breakout_length"": 20, ""reward_risk"": 2.5, ""slope_lookback"": 5, ""trend_length"": 200}",PASS,,-9.720479437869567,-1.4413039682551794,11.941752302474034,0.7712639590739782,168,-5.7859996653985775,-462.46467810890226,-509.5832656780588,5.438593503085443,1.4130666118923847,3.5518696613633542,1.2279340524394224,82,6.632431101323838,162.58989404759024,381.26945626096443,-5.4457899641035645,-0.493580010155762,10.061703007345109,0.9086881273019578,200,-2.72289498205176,103.58067135663289,-648.159667766985
2228123d43af7a31,trend_volatility_breakout_v1,1.0.1,ETHUSDT,1h,SHORT_ONLY,"{""atr_expansion_threshold"": 1.25, ""atr_length"": 20, ""atr_reference_length"": 50, ""atr_stop_multiplier"": 2.5, ""breakout_length"": 50, ""reward_risk"": 1.5, ""slope_lookback"": 5, ""trend_length"": 100}",PASS,,-6.502820635828499,-1.4430540956126405,8.482474567313487,0.5821251726944335,38,-17.112685883759287,0.0,-650.2820635828529,-3.6102170093307517,-1.3341733338599706,7.212243604850343,0.6627295115936435,20,-18.051085046653697,0.0,-361.02170093307393,3.456241338521293,0.550470915259517,4.480906659383867,1.2127857749018018,39,8.862157278259726,0.0,345.6241338521293
4f713daed57faca7,trend_volatility_breakout_v1,1.0.1,ETHUSDT,1h,LONG_SHORT,"{""atr_expansion_threshold"": 1.25, ""atr_length"": 14, ""atr_reference_length"": 50, ""atr_stop_multiplier"": 1.5, ""breakout_length"": 20, ""reward_risk"": 1.5, ""slope_lookback"": 5, ""trend_length"": 200}",PASS,,-6.970294146660927,-1.4536033492660227,9.420997584038263,0.783383247166144,129,-5.403328795861232,-241.80064250684487,-455.2287721592541,2.156580920084572,0.7144505545189099,2.85790100489966,1.1298093897982084,60,3.594301533474379,-64.70406154416801,280.3621535526308,0.2759242599263523,0.06767304592034212,6.6554382767145785,1.0071378487351272,146,0.18898921912762728,-59.178148592258395,86.77057458489197
fcc3df01dd425dab,trend_volatility_breakout_v1,1.0.1,ETHUSDT,1h,LONG_SHORT,"{""atr_expansion_threshold"": 1.0, ""atr_length"": 20, ""atr_reference_length"": 50, ""atr_stop_multiplier"": 2.0, ""breakout_length"": 20, ""reward_risk"": 1.5, ""slope_lookback"": 5, ""trend_length"": 200}",PASS,,-10.606014344681514,-1.4561167966500264,13.800964489879433,0.7784006452781885,174,-6.09541054292039,-421.60897037388645,-638.9924640942612,-0.5683844641317437,-0.0933684033088446,5.3568637890220465,0.9799224368193649,87,-0.6533154760134271,-239.11223671961255,182.2737903064444,2.3790019179512845,0.24380266440563225,10.488326953452857,1.0358528914469858,203,1.171922127069551,39.690402105671716,198.20978968944715
b4176b289f7ed699,trend_volatility_breakout_v1,1.0.1,ETHUSDT,1h,LONG_SHORT,"{""atr_expansion_threshold"": 1.25, ""atr_length"": 20, ""atr_reference_length"": 50, ""atr_stop_multiplier"": 2.5, ""breakout_length"": 50, ""reward_risk"": 2.0, ""slope_lookback"": 5, ""trend_length"": 100}",PASS,,-10.29354883684822,-1.4574264941681627,14.417352514729567,0.6731374257739456,75,-13.724731782464245,-354.50989975332214,-674.8449839314961,1.8634732671858556,0.528002079612232,5.821676918015497,1.1232609921281882,33,5.6468886884418055,377.69948869156735,-191.35216197298774,1.3945847736729133,0.1817572680711381,8.852878809559137,1.0385910223561259,80,1.74323096709111,-101.32720823142373,240.78568559871252
78151ac2ff0b67d5,trend_volatility_breakout_v1,1.0.1,ETHUSDT,1h,SHORT_ONLY,"{""atr_expansion_threshold"": 1.0, ""atr_length"": 20, ""atr_reference_length"": 50, ""atr_stop_multiplier"": 2.0, ""breakout_length"": 20, ""reward_risk"": 1.5, ""slope_lookback"": 5, ""trend_length"": 100}",PASS,,-6.3999945665382585,-1.4636837711922406,7.4148326494407275,0.7206892427033161,80,-7.999993208172834,0.0,-639.9994566538268,-0.09204100074852173,0.0071931207927338715,6.1404590088220505,0.994480891104277,50,-0.18408200149713325,0.0,-9.204100074856662,3.478444044286122,0.39430387983689114,7.274259236210249,1.103450954458587,99,3.5135798427133587,0.0,347.8444044286225
38b23d1b95837bb8,trend_volatility_breakout_v1,1.0.1,ETHUSDT,1h,SHORT_ONLY,"{""atr_expansion_threshold"": 1.0, ""atr_length"": 20, ""atr_reference_length"": 50, ""atr_stop_multiplier"": 1.5, ""breakout_length"": 20, ""reward_risk"": 2.5, ""slope_lookback"": 5, ""trend_length"": 200}",PASS,,-5.666411091258139,-1.4697455617853001,6.640760325783587,0.7066517346622239,75,-7.555214788344201,0.0,-566.6411091258151,3.799730583677019,1.3047262812419447,4.912736359284621,1.2926527084938677,43,8.836582752737248,0.0,379.9730583677017,-6.265142811349012,-0.8754064030584727,8.25580488553678,0.7968954077129442,94,-6.665045543988169,0.0,-626.5142811348879
7d17ec6278b9a583,trend_volatility_breakout_v1,1.0.1,ETHUSDT,1h,LONG_SHORT,"{""atr_expansion_threshold"": 1.0, ""atr_length"": 14, ""atr_reference_length"": 50, ""atr_stop_multiplier"": 2.0, ""breakout_length"": 20, ""reward_risk"": 2.5, ""slope_lookback"": 5, ""trend_length"": 200}",PASS,,-12.792425665418872,-1.4786136685463087,13.625270626277514,0.7279643416334629,143,-8.945752213579572,-344.0666445512794,-935.1759219905995,4.723800308682757,0.9114894431820827,6.751467166907947,1.164797681303229,73,6.4709593269626815,8.315990276473691,464.06404059180204,3.739031555288319,0.3163695987976262,10.836372441500522,1.05174261003518,177,2.1124472063775364,128.64694083311736,245.25621469570655
7b6904fa3c393d89,trend_volatility_breakout_v1,1.0.1,ETHUSDT,1h,SHORT_ONLY,"{""atr_expansion_threshold"": 1.0, ""atr_length"": 20, ""atr_reference_length"": 50, ""atr_stop_multiplier"": 2.0, ""breakout_length"": 50, ""reward_risk"": 1.5, ""slope_lookback"": 5, ""trend_length"": 200}",PASS,,-5.3533831063322435,-1.4871849651845237,6.386628828734067,0.7185862863410458,64,-8.364661103644226,0.0,-535.3383106332304,4.374067931716841,1.360672892746527,3.2412810860646966,1.3599209470366103,40,10.93516982929209,0.0,437.40679317168355,5.292874848119489,0.5950342010767325,6.948060273148493,1.1978887133631595,80,6.616093560149396,0.0,529.2874848119517
46f3e9a4e565244e,trend_volatility_breakout_v1,1.0.1,ETHUSDT,1h,LONG_SHORT,"{""atr_expansion_threshold"": 1.0, ""atr_length"": 14, ""atr_reference_length"": 50, ""atr_stop_multiplier"": 2.5, ""breakout_length"": 20, ""reward_risk"": 1.5, ""slope_lookback"": 5, ""trend_length"": 100}",PASS,,-12.933750562900991,-1.4900081509084693,15.85324713366604,0.7711534274686973,165,-7.83863670478838,-405.8749919579409,-887.5000643321418,-3.832613785565031,-0.6306189575316097,10.387340949588646,0.892752987909825,85,-4.508957394782371,-337.4975338479544,-45.7638447085472,9.965870718698433,0.7334664240197195,8.38324001825817,1.1201860653185483,198,5.033268039746675,311.63491032211635,684.9521615477253
3e1d5b9abb5e8b77,trend_volatility_breakout_v1,1.0.1,ETHUSDT,1h,SHORT_ONLY,"{""atr_expansion_threshold"": 1.0, ""atr_length"": 14, ""atr_reference_length"": 50, ""atr_stop_multiplier"": 2.5, ""breakout_length"": 20, ""reward_risk"": 2.0, ""slope_lookback"": 5, ""trend_length"": 100}",PASS,,-9.550868940589918,-1.5035899026589192,10.991693317658886,0.669271673498306,71,-13.451928085337924,0.0,-955.0868940589926,4.699872654058579,0.9941772944128316,7.977140093882269,1.249334808531375,41,11.463104034289245,0.0,469.98726540585903,9.062216090691466,0.7779480068327561,9.663979085811253,1.2425489526767868,78,11.618225757296756,0.0,906.221609069147
840664783e445070,trend_volatility_breakout_v1,1.0.1,ETHUSDT,1h,SHORT_ONLY,"{""atr_expansion_threshold"": 1.0, ""atr_length"": 20, ""atr_reference_length"": 50, ""atr_stop_multiplier"": 1.5, ""breakout_length"": 20, ""reward_risk"": 1.5, ""slope_lookback"": 5, ""trend_length"": 100}",PASS,,-5.099044910845551,-1.5052411367525955,6.226155893942102,0.7299974369961907,85,-5.998876365700662,0.0,-509.90449108455624,7.97786973512844,2.207740128567433,3.3294397944670635,1.6150942129041095,60,13.296449558547428,0.0,797.7869735128456,-0.24116401676568255,-0.01092960752563749,7.434570942521189,0.9924478878742372,119,-0.20265883761827144,0.0,-24.116401676574302
2e71e08b85ebc0ba,trend_volatility_breakout_v1,1.0.1,ETHUSDT,1h,LONG_SHORT,"{""atr_expansion_threshold"": 1.25, ""atr_length"": 20, ""atr_reference_length"": 50, ""atr_stop_multiplier"": 1.5, ""breakout_length"": 50, ""reward_risk"": 2.0, ""slope_lookback"": 5, ""trend_length"": 100}",PASS,,-8.557542573545273,-1.505312928067834,11.606224898559924,0.6966718178341315,99,-8.643982397520565,-274.76855826866534,-580.9856990858706,4.290353445423989,1.5505707006344536,2.7077722998020466,1.3778859602197062,41,10.46427669615617,378.3463227963261,50.68902174607698,-9.526588361593857,-1.7149225050125834,11.604528844527007,0.6678808522326631,97,-9.821225115045149,-422.0633365772341,-530.5954995821452
624b9a049ff621d5,trend_volatility_breakout_v1,1.0.1,ETHUSDT,1h,LONG_SHORT,"{""atr_expansion_threshold"": 1.25, ""atr_length"": 20, ""atr_reference_length"": 50, ""atr_stop_multiplier"": 2.0, ""breakout_length"": 20, ""reward_risk"": 1.5, ""slope_lookback"": 5, ""trend_length"": 200}",PASS,,-8.592022774358977,-1.5088462177671695,11.29397629344456,0.714918812655077,93,-9.238734165977363,-227.6971194435381,-631.5051579923565,2.6235660951264395,0.8056838290238441,2.6450765953378377,1.1925036283938997,41,6.39894169543045,197.49913154321436,64.8574779694341,-2.34049287173439,-0.27050170859777306,10.46768498493318,0.9243588599969321,93,-2.5166590018647876,-243.4889311679575,9.43964399453224
88da97f56c3f90b2,trend_volatility_breakout_v1,1.0.1,ETHUSDT,1h,SHORT_ONLY,"{""atr_expansion_threshold"": 1.25, ""atr_length"": 14, ""atr_reference_length"": 50, ""atr_stop_multiplier"": 2.0, ""breakout_length"": 20, ""reward_risk"": 1.5, ""slope_lookback"": 5, ""trend_length"": 200}",PASS,,-5.541357996549323,-1.5097272227967204,7.422020149826262,0.6806594695557229,54,-10.26177406768397,0.0,-554.1357996549343,-1.2099956714387239,-0.4195447813940488,5.680458931579449,0.8975807737192354,28,-4.321413112281168,0.0,-120.9995671438727,6.0828938662906396,0.837882085126073,5.922102062284254,1.301661605981574,58,10.487748045328688,0.0,608.2893866290639
cb35cf85999d3938,trend_volatility_breakout_v1,1.0.1,ETHUSDT,1h,LONG_SHORT,"{""atr_expansion_threshold"": 1.25, ""atr_length"": 20, ""atr_reference_length"": 50, ""atr_stop_multiplier"": 1.5, ""breakout_length"": 50, ""reward_risk"": 1.5, ""slope_lookback"": 5, ""trend_length"": 200}",PASS,,-6.937916053028637,-1.51120412246343,8.66649002258253,0.7221053933484168,97,-7.152490776318316,-85.18979236110961,-608.6018129417671,6.723388122479879,2.041899986676597,1.847367055398522,1.6985686178316897,41,16.39850761580479,189.67064615579935,482.66816609219694,-5.919947095693113,-1.0494750890365574,8.592836997812006,0.7786003895064422,101,-5.861333758111926,-346.5296601756113,-245.46504939369322
a2523a96ccecd54f,trend_volatility_breakout_v1,1.0.1,ETHUSDT,1h,LONG_SHORT,"{""atr_expansion_threshold"": 1.25, ""atr_length"": 14, ""atr_reference_length"": 50, ""atr_stop_multiplier"": 2.0, ""breakout_length"": 20, ""reward_risk"": 1.5, ""slope_lookback"": 5, ""trend_length"": 100}",PASS,,-10.300340316790024,-1.5136860141534594,12.644516058283475,0.7313787689680691,120,-8.583616930658316,-424.52491194693664,-605.5091197320614,-4.805979854226883,-1.2441312101391289,8.248467419409131,0.7977734249759435,60,-8.009966423711472,-96.0888796201318,-384.5091058025565,5.322141163236593,0.5678784080120048,8.959240653859682,1.117705928432734,133,4.001609897170373,-202.78410729851745,734.9982236221771
b1fe87ec6afee917,trend_volatility_breakout_v1,1.0.1,ETHUSDT,1h,LONG_SHORT,"{""atr_expansion_threshold"": 1.25, ""atr_length"": 20, ""atr_reference_length"": 50, ""atr_stop_multiplier"": 1.5, ""breakout_length"": 20, ""reward_risk"": 2.0, ""slope_lookback"": 5, ""trend_length"": 200}",PASS,,-8.412850724830168,-1.5197346932826263,11.466356487029309,0.6955233929879151,97,-8.673041984361044,-233.76049516412462,-607.5245773188966,5.224098870867611,1.6870348488322813,2.707770942354766,1.4605279580031323,42,12.438330644922727,362.11896609119816,160.29092099555643,-9.934123423790918,-1.814321180813682,11.91097458066818,0.6617141932248554,99,-10.034468104839247,-385.408642282119,-608.0037000969663
2c4ec1b80116c372,trend_volatility_breakout_v1,1.0.1,ETHUSDT,1h,SHORT_ONLY,"{""atr_expansion_threshold"": 1.0, ""atr_length"": 20, ""atr_reference_length"": 50, ""atr_stop_multiplier"": 1.5, ""breakout_length"": 50, ""reward_risk"": 2.5, ""slope_lookback"": 5, ""trend_length"": 100}",PASS,,-6.163958602585495,-1.5207650523375102,7.466784898559832,0.6541312102777916,65,-9.483013234746974,0.0,-616.3958602585533,4.579851912030608,1.5173731654488771,4.103335441925843,1.3548442059683432,43,10.650818400071138,0.0,457.98519120305895,-2.1456545462733123,-0.2814276760347783,6.425725422885456,0.9206947879437174,84,-2.5543506503254587,0.0,-214.56545462733854
a86e275418da89ce,trend_volatility_breakout_v1,1.0.1,ETHUSDT,1h,LONG_SHORT,"{""atr_expansion_threshold"": 1.25, ""atr_length"": 20, ""atr_reference_length"": 50, ""atr_stop_multiplier"": 2.0, ""breakout_length"": 50, ""reward_risk"": 1.5, ""slope_lookback"": 5, ""trend_length"": 100}",PASS,,-8.916952004846056,-1.5224708591771245,11.609298986426184,0.7108806293639947,95,-9.386265268259145,-280.1473460168455,-611.547854467773,1.705007477768694,0.6031163167345633,2.561535435218274,1.1249681294071308,40,4.262518694421565,243.528889000829,-73.0281412239664,-0.88342925578061,-0.0821239134945797,10.153006335029064,0.9705664844053666,91,-0.9708013799788127,-315.8023627977862,227.45943721971423
73045b71d18d6b24,trend_volatility_breakout_v1,1.0.1,ETHUSDT,1h,LONG_SHORT,"{""atr_expansion_threshold"": 1.25, ""atr_length"": 20, ""atr_reference_length"": 50, ""atr_stop_multiplier"": 2.0, ""breakout_length"": 50, ""reward_risk"": 2.5, ""slope_lookback"": 5, ""trend_length"": 100}",PASS,,-10.010253016523297,-1.5339688018124658,13.767350210141572,0.6617133319649775,79,-12.671206350029399,-238.27692307223637,-762.7483785800862,2.5075746993530323,0.7312972612916153,5.132355942244773,1.1823429951341684,34,7.375219703979565,473.41269447640576,-222.65522454110058,1.8499933089845877,0.2377372273151658,9.053226464025974,1.0571652634217459,82,2.2560894012008785,-111.79227170436617,296.7916026028382
059f2a0381b0b4d1,trend_volatility_breakout_v1,1.0.1,ETHUSDT,1h,SHORT_ONLY,"{""atr_expansion_threshold"": 1.0, ""atr_length"": 14, ""atr_reference_length"": 50, ""atr_stop_multiplier"": 1.5, ""breakout_length"": 50, ""reward_risk"": 2.0, ""slope_lookback"": 5, ""trend_length"": 200}",PASS,,-6.072814180889308,-1.5351344157687514,7.256407953350086,0.6598453538532149,66,-9.201233607408033,0.0,-607.2814180889302,5.707768754406928,1.8044071300516413,2.969251988503062,1.5088593997378876,40,14.26942188601726,0.0,570.7768754406904,-4.340884865871775,-0.6362353907281267,6.661778559121691,0.8509405372967987,89,-4.877398725698737,0.0,-434.0884865871876
82fcc0bf7a062821,trend_volatility_breakout_v1,1.0.1,ETHUSDT,1h,LONG_SHORT,"{""atr_expansion_threshold"": 1.0, ""atr_length"": 14, ""atr_reference_length"": 50, ""atr_stop_multiplier"": 1.5, ""breakout_length"": 50, ""reward_risk"": 2.0, ""slope_lookback"": 5, ""trend_length"": 100}",PASS,,-10.735885882945295,-1.5391848103875023,13.900820197726196,0.7422450181031631,166,-6.4674011343045175,-448.1490636287352,-625.4395246658148,1.251649817110545,0.3358304860852749,5.028039398644597,1.0493278004198012,87,1.438677950701713,-247.45434625261328,372.61932796366233,-2.7732817364798157,-0.2531723599714175,10.241096236472396,0.9523950722632639,204,-1.3594518316077473,15.713954108173908,-293.04212775615434
17dfee3231181c80,trend_volatility_breakout_v1,1.0.1,ETHUSDT,1h,SHORT_ONLY,"{""atr_expansion_threshold"": 1.25, ""atr_length"": 14, ""atr_reference_length"": 50, ""atr_stop_multiplier"": 1.5, ""breakout_length"": 20, ""reward_risk"": 1.5, ""slope_lookback"": 5, ""trend_length"": 200}",PASS,,-4.680623034302789,-1.5410253496633222,5.943727181649322,0.6843661980258247,58,-8.070039714315076,0.0,-468.06230343027437,2.80965860868172,1.2468283613516984,3.4987295380424097,1.3200110644272036,31,9.063414866715142,0.0,280.9658608681694,0.7827671130113956,0.18574351730686461,4.87974343069296,1.0400511627052793,68,1.1511281073697508,0.0,78.27671130114305
113e4b00484d5566,trend_volatility_breakout_v1,1.0.1,ETHUSDT,1h,LONG_SHORT,"{""atr_expansion_threshold"": 1.25, ""atr_length"": 20, ""atr_reference_length"": 50, ""atr_stop_multiplier"": 1.5, ""breakout_length"": 20, ""reward_risk"": 1.5, ""slope_lookback"": 5, ""trend_length"": 100}",PASS,,-7.473855705718247,-1.5484135847450904,9.192475221651772,0.7245063249371118,108,-6.920236764553909,-160.80342267565314,-586.582147896169,3.1620495317535635,0.9419705757155692,3.4204973723449696,1.2275146924284,53,5.966131191987871,-43.243613676289925,359.4485668516471,-7.976828000976022,-1.3799400502415509,10.691907944506003,0.7354861092785712,114,-6.997217544715803,-487.8860569063287,-309.7967431912728
48b2b494436fe409,trend_volatility_breakout_v1,1.0.1,ETHUSDT,1h,SHORT_ONLY,"{""atr_expansion_threshold"": 1.0, ""atr_length"": 20, ""atr_reference_length"": 50, ""atr_stop_multiplier"": 1.5, ""breakout_length"": 50, ""reward_risk"": 2.0, ""slope_lookback"": 5, ""trend_length"": 100}",PASS,,-5.857599167816585,-1.5541984846352839,7.610021124587292,0.6820507532938849,70,-8.367998811166347,0.0,-585.7599167816443,4.817599176407539,1.490948684124804,4.052960097441997,1.3905181666929818,47,10.250211013633182,0.0,481.75991764075957,-1.978906254418511,-0.2915197930783153,5.9577669069518455,0.9253666522776645,89,-2.2234901735039516,0.0,-197.89062544185168
d5dd1bdccde2c921,trend_volatility_breakout_v1,1.0.1,ETHUSDT,1h,LONG_SHORT,"{""atr_expansion_threshold"": 1.25, ""atr_length"": 20, ""atr_reference_length"": 50, ""atr_stop_multiplier"": 2.0, ""breakout_length"": 20, ""reward_risk"": 2.0, ""slope_lookback"": 5, ""trend_length"": 100}",PASS,,-9.237098064459225,-1.5553127490508698,13.86849647081903,0.6913643735328793,87,-10.617354097079707,-122.58355251334734,-801.1262539325871,-3.5029135691417523,-1.0654326533875826,6.682797975526071,0.7996067036917541,42,-8.340270402718488,137.7084859771372,-487.99984289131373,0.4592226397216015,0.08764656841195266,10.2370266973559,1.0137955866489243,91,0.5046402634303269,-419.81168150629605,465.7339454784558
d208793fcd5dea73,trend_volatility_breakout_v1,1.0.1,ETHUSDT,1h,LONG_SHORT,"{""atr_expansion_threshold"": 1.25, ""atr_length"": 20, ""atr_reference_length"": 50, ""atr_stop_multiplier"": 1.5, ""breakout_length"": 50, ""reward_risk"": 1.5, ""slope_lookback"": 5, ""trend_length"": 100}",PASS,,-7.421331387286845,-1.558019321378561,9.140926509665691,0.7172464859459323,103,-7.20517610416203,-98.0612288612809,-644.0719098674082,5.955040251514165,1.742721447836906,2.8693245371451717,1.522628016091459,47,12.670298407476903,191.1339694058246,404.37005574558987,-6.95930895740312,-1.2161679216519687,9.4012850804611,0.7538318148098939,107,-6.5040270629934644,-423.149473715379,-272.78142202492165
7120177895e3e180,trend_volatility_breakout_v1,1.0.1,ETHUSDT,1h,LONG_SHORT,"{""atr_expansion_threshold"": 1.25, ""atr_length"": 14, ""atr_reference_length"": 50, ""atr_stop_multiplier"": 1.5, ""breakout_length"": 50, ""reward_risk"": 2.5, ""slope_lookback"": 5, ""trend_length"": 200}",PASS,,-8.93864949773404,-1.5591907883651506,12.687807196630349,0.7043204926761947,102,-8.763381860523836,-276.0003279397746,-617.8646218336567,2.723842816529287,0.7457261848775093,4.439133212290072,1.167062826443544,48,5.674672534435978,262.76615774300376,9.618123909923206,-0.49678352024233874,-0.025653324106195217,7.3607887731892685,0.986416659885396,113,-0.43963143384274483,-153.1254729910246,103.44712096679443
6680c1367382f7a5,trend_volatility_breakout_v1,1.0.1,ETHUSDT,1h,SHORT_ONLY,"{""atr_expansion_threshold"": 1.25, ""atr_length"": 14, ""atr_reference_length"": 50, ""atr_stop_multiplier"": 1.5, ""breakout_length"": 50, ""reward_risk"": 1.5, ""slope_lookback"": 5, ""trend_length"": 100}",PASS,,-5.376515003969484,-1.5611144525212362,6.680531237038148,0.6408410910568288,55,-9.775481825399222,0.0,-537.6515003969572,1.1887813993263885,0.5460984725146713,4.624976440763055,1.1159383812275185,34,3.496415880371716,0.0,118.87813993263833,0.7503689425433446,0.1813000931705812,4.7942750341954286,1.0404314059210857,63,1.1910618135610076,0.0,75.03689425434348
dc39f3375dbcc86e,trend_volatility_breakout_v1,1.0.1,ETHUSDT,1h,SHORT_ONLY,"{""atr_expansion_threshold"": 1.25, ""atr_length"": 14, ""atr_reference_length"": 50, ""atr_stop_multiplier"": 2.0, ""breakout_length"": 20, ""reward_risk"": 2.0, ""slope_lookback"": 5, ""trend_length"": 100}",PASS,,-7.362934222003115,-1.567333949988415,10.161092805023628,0.6009455492920266,49,-15.02639637143503,0.0,-736.2934222003165,-2.5023270575449175,-0.719536110014461,6.5884151051026745,0.827130348663267,31,-8.072022766273996,0.0,-250.23270575449388,5.640801205754498,0.6448730837765224,5.606459225786741,1.2547033521932265,56,10.072859295990137,0.0,564.0801205754476
62576df166cbf400,trend_volatility_breakout_v1,1.0.1,ETHUSDT,1h,SHORT_ONLY,"{""atr_expansion_threshold"": 1.25, ""atr_length"": 14, ""atr_reference_length"": 50, ""atr_stop_multiplier"": 1.5, ""breakout_length"": 20, ""reward_risk"": 2.5, ""slope_lookback"": 5, ""trend_length"": 200}",PASS,,-5.4196278364935235,-1.5739384213533105,7.427859238130306,0.649869886434285,52,-10.42236122402602,0.0,-541.962783649353,-0.36326469063470146,-0.09831867477287914,5.441106301598333,0.9669324974448776,28,-1.2973738951238276,0.0,-36.32646906346717,2.9692068996837406,0.49594459030275506,6.288971794278374,1.1572545026024488,56,5.3021551780066565,0.0,296.92068996837276
39fcd6e7fcac6491,trend_volatility_breakout_v1,1.0.1,ETHUSDT,1h,SHORT_ONLY,"{""atr_expansion_threshold"": 1.25, ""atr_length"": 20, ""atr_reference_length"": 50, ""atr_stop_multiplier"": 2.5, ""breakout_length"": 50, ""reward_risk"": 2.0, ""slope_lookback"": 5, ""trend_length"": 100}",PASS,,-6.940172664085353,-1.5815771238808984,8.007108692457878,0.569237433322895,36,-19.278257400237013,0.0,-694.0172664085325,-1.8113124461931696,-0.6311557492848622,7.793407301930897,0.8173589462791454,18,-10.062846923295599,0.0,-181.13124461932077,2.2341068152305965,0.3415580466259244,4.8161219259538,1.1384658321303982,34,6.570902397736983,0.0,223.41068152305743
744d6df8504626a2,trend_volatility_breakout_v1,1.0.1,ETHUSDT,1h,LONG_SHORT,"{""atr_expansion_threshold"": 1.25, ""atr_length"": 20, ""atr_reference_length"": 50, ""atr_stop_multiplier"": 2.5, ""breakout_length"": 20, ""reward_risk"": 2.5, ""slope_lookback"": 5, ""trend_length"": 100}",PASS,,-11.83441644753993,-1.5870014604978782,14.948193300198295,0.6460431696863336,75,-15.779221930053522,-519.9152853803139,-663.5263593737002,3.4372614975688887,0.8026359405197981,7.2468630019149884,1.1912551359563004,37,9.289895939375311,396.18543629740105,-52.459286540514526,0.826808858337369,0.1210375520166813,9.373128572306374,1.022055228906117,77,1.0737777381003846,-460.2113493657082,542.8922351994378
8eb57f3d7f1442a8,trend_volatility_breakout_v1,1.0.1,ETHUSDT,1h,LONG_SHORT,"{""atr_expansion_threshold"": 1.25, ""atr_length"": 14, ""atr_reference_length"": 50, ""atr_stop_multiplier"": 1.5, ""breakout_length"": 50, ""reward_risk"": 1.5, ""slope_lookback"": 5, ""trend_length"": 100}",PASS,,-8.088621477236524,-1.5945659491979176,10.436070114024842,0.7495748274234549,126,-6.419540854949542,-285.722735417846,-523.1394123057962,1.8856374397976383,0.6164003395810361,3.9825332286230184,1.1086895944648925,62,3.041350709351189,71.31464609080366,117.24909788897004,-0.9712904512423348,-0.1162849608569871,8.882632266336365,0.9743729268468678,142,-0.684007360029825,-184.39390058684216,87.26485546260702
677beebc4452d782,trend_volatility_breakout_v1,1.0.1,ETHUSDT,1h,SHORT_ONLY,"{""atr_expansion_threshold"": 1.0, ""atr_length"": 20, ""atr_reference_length"": 50, ""atr_stop_multiplier"": 1.5, ""breakout_length"": 20, ""reward_risk"": 2.5, ""slope_lookback"": 5, ""trend_length"": 100}",PASS,,-6.430510524538335,-1.594713889264505,7.65764675435983,0.6837440367467628,78,-8.244244262228623,0.0,-643.0510524538327,2.125868638687689,0.7037341877022253,5.950064420000891,1.1407512624566982,49,4.3385074258933525,0.0,212.5868638687743,-7.562304699987054,-1.0467335964795461,9.393846974887568,0.7674290610600529,99,-7.638691616148526,0.0,-756.230469998704
effc7e3edb8bb6c1,trend_volatility_breakout_v1,1.0.1,ETHUSDT,1h,SHORT_ONLY,"{""atr_expansion_threshold"": 1.25, ""atr_length"": 20, ""atr_reference_length"": 50, ""atr_stop_multiplier"": 2.5, ""breakout_length"": 20, ""reward_risk"": 1.5, ""slope_lookback"": 5, ""trend_length"": 100}",PASS,,-7.2548642067823526,-1.5972480787170644,9.21859790695344,0.563688204843315,41,-17.694790748249467,0.0,-725.4864206782281,-4.249260680823063,-1.5245492167883905,7.827406609440055,0.6249812429512326,21,-20.234574670585932,0.0,-424.9260680823046,2.66272993397787,0.41715959502682326,5.840605462624972,1.143100153476811,45,5.917177631061978,0.0,266.27299339778904
34b3503eb1e62971,trend_volatility_breakout_v1,1.0.1,ETHUSDT,1h,LONG_SHORT,"{""atr_expansion_threshold"": 1.25, ""atr_length"": 14, ""atr_reference_length"": 50, ""atr_stop_multiplier"": 2.0, ""breakout_length"": 50, ""reward_risk"": 1.5, ""slope_lookback"": 5, ""trend_length"": 100}",PASS,,-10.510420831742973,-1.6143473082476472,12.503038982461723,0.7136874933894761,113,-9.30125737322378,-350.2397603438319,-700.8023228304553,-3.827642656712582,-1.0240827410547209,7.764402333216125,0.8275954973209766,56,-6.835076172701015,-56.02455039756415,-326.7397152736927,7.454983859809006,0.7745719406150936,9.166602494581182,1.1807790592120269,122,6.110642508039978,-211.7542218872327,957.2526078681101
9727a01b9dee5bcd,trend_volatility_breakout_v1,1.0.1,ETHUSDT,1h,SHORT_ONLY,"{""atr_expansion_threshold"": 1.25, ""atr_length"": 14, ""atr_reference_length"": 50, ""atr_stop_multiplier"": 2.0, ""breakout_length"": 20, ""reward_risk"": 2.5, ""slope_lookback"": 5, ""trend_length"": 200}",PASS,,-6.358397730793963,-1.6263286173530853,9.256711749138603,0.6240118788581059,45,-14.129772735097708,0.0,-635.8397730793969,-0.3520199611876662,-0.06563779317876618,5.8715568875222734,0.9721896468995816,26,-1.3539229276449467,0.0,-35.20199611876861,10.59322476365734,1.1419567007173737,5.922102849976473,1.5525490201921166,47,22.538776092887982,0.0,1059.3224763657352
1fc74f8533dcfc2c,trend_volatility_breakout_v1,1.0.1,ETHUSDT,1h,LONG_SHORT,"{""atr_expansion_threshold"": 1.0, ""atr_length"": 14, ""atr_reference_length"": 50, ""atr_stop_multiplier"": 2.5, ""breakout_length"": 20, ""reward_risk"": 2.0, ""slope_lookback"": 5, ""trend_length"": 100}",PASS,,-15.447473967411884,-1.6302137558814342,17.531854971800524,0.7133325542570293,143,-10.802429347840526,-452.8055890101569,-1091.9418077310384,-1.3024522418716322,-0.1563211721810907,11.180853923417375,0.9629791675454362,77,-1.6914964180150016,-273.52516882919355,143.27994464203846,10.56235017841065,0.7117598218153425,10.773270948434117,1.1286568748165378,174,6.070316194488851,15.375157636967359,1040.8598602040927
fcc2ecb222ac64ff,trend_volatility_breakout_v1,1.0.1,ETHUSDT,1h,LONG_SHORT,"{""atr_expansion_threshold"": 1.25, ""atr_length"": 20, ""atr_reference_length"": 50, ""atr_stop_multiplier"": 1.5, ""breakout_length"": 50, ""reward_risk"": 2.5, ""slope_lookback"": 5, ""trend_length"": 100}",PASS,,-9.738788702671119,-1.6353985474670438,12.378655023133462,0.6446295905242732,90,-10.820876336301307,-280.005075602,-693.8737946651177,-0.42838105698372875,-0.13037309425028157,4.512783585545687,0.9661579272257182,38,-1.1273185710096703,263.50278965930755,-306.34089535767504,-8.457924668680029,-1.3950050892562909,11.07173825866125,0.714884383435629,95,-8.903078598610504,-562.6099760607564,-283.1824908072416
3fa942eeddcd8012,trend_volatility_breakout_v1,1.0.1,ETHUSDT,1h,LONG_SHORT,"{""atr_expansion_threshold"": 1.0, ""atr_length"": 20, ""atr_reference_length"": 50, ""atr_stop_multiplier"": 2.0, ""breakout_length"": 20, ""reward_risk"": 1.5, ""slope_lookback"": 5, ""trend_length"": 100}",PASS,,-12.427397419994502,-1.645842985653265,14.768442976666396,0.7582115250443494,186,-6.681396462362617,-681.3673259387369,-561.3724160607098,-6.230882624868139,-1.3606409573670806,10.330546395462026,0.8138198329692936,99,-6.293820833199954,-614.4733038516663,-8.6149586351291,3.5493489081082075,0.3340875743669318,9.653476164460834,1.0508137392511425,217,1.6356446581144126,-22.935046811407833,377.86993762223534
c3c4e92fa6630e45,trend_volatility_breakout_v1,1.0.1,ETHUSDT,1h,LONG_SHORT,"{""atr_expansion_threshold"": 1.25, ""atr_length"": 14, ""atr_reference_length"": 50, ""atr_stop_multiplier"": 1.5, ""breakout_length"": 20, ""reward_risk"": 2.5, ""slope_lookback"": 5, ""trend_length"": 100}",PASS,,-9.61817929492248,-1.6601920388570544,13.05071804031694,0.7100510053505747,113,-8.511663092851862,-383.69798808949383,-578.1199414027666,-2.1554518814999035,-0.5064438984674222,6.988158079388122,0.8947000806354976,58,-3.716296347413663,28.046593186921655,-243.5917813369141,0.9476630389266605,0.14131160453494698,7.575955988938856,1.0229179000671742,131,0.7234068999440528,-194.24728060394852,289.01358449661944
d27add4cc77c5674,trend_volatility_breakout_v1,1.0.1,ETHUSDT,1h,SHORT_ONLY,"{""atr_expansion_threshold"": 1.0, ""atr_length"": 14, ""atr_reference_length"": 50, ""atr_stop_multiplier"": 1.5, ""breakout_length"": 50, ""reward_risk"": 2.0, ""slope_lookback"": 5, ""trend_length"": 100}",PASS,,-7.010923983516026,-1.6665715172347157,8.182696520128248,0.6413529316075026,71,-9.874540821853671,0.0,-701.0923983516107,3.7750890317370445,1.1463437091874584,3.674991183653329,1.2796936263691632,46,8.206715286384762,0.0,377.5089031736991,-2.744688944367357,-0.3767603623017395,6.507505541309746,0.9075560689029134,93,-2.9512784348035783,0.0,-274.4688944367328
0046e40896e9129c,trend_volatility_breakout_v1,1.0.1,ETHUSDT,1h,LONG_SHORT,"{""atr_expansion_threshold"": 1.0, ""atr_length"": 14, ""atr_reference_length"": 50, ""atr_stop_multiplier"": 2.0, ""breakout_length"": 20, ""reward_risk"": 2.0, ""slope_lookback"": 5, ""trend_length"": 100}",PASS,,-14.441926404069783,-1.6749142434346693,16.50300768737677,0.7192515394464679,166,-8.699955665102344,-440.26057923762465,-1003.9320611693645,-4.214726675194925,-0.7764158843092216,9.94662841614275,0.8771166087713944,89,-4.735647949657179,-531.2468584567384,109.77419093724956,6.66405745518055,0.5171733529404429,13.797818213802508,1.087356266637608,200,3.3320287275902887,43.30297673159458,623.1027687864631
013433fb70abb818,trend_volatility_breakout_v1,1.0.1,ETHUSDT,1h,LONG_SHORT,"{""atr_expansion_threshold"": 1.0, ""atr_length"": 20, ""atr_reference_length"": 50, ""atr_stop_multiplier"": 1.5, ""breakout_length"": 20, ""reward_risk"": 2.5, ""slope_lookback"": 5, ""trend_length"": 100}",PASS,,-11.632949721931496,-1.675039867892926,14.271092496724878,0.7430313826257022,179,-6.498854593257854,-575.3514328533699,-587.943539339786,0.029672180189210806,0.04848385519479777,7.099842795638052,1.001017365980798,97,0.03058987648363304,-209.42759221701363,212.394810235926,-8.319293565596542,-0.7853493532956778,12.904175954599562,0.8672874642303104,212,-3.9241950781115618,-58.25714160109007,-773.672214958561
0b8a21bc0c233f6f,trend_volatility_breakout_v1,1.0.1,ETHUSDT,1h,SHORT_ONLY,"{""atr_expansion_threshold"": 1.0, ""atr_length"": 14, ""atr_reference_length"": 50, ""atr_stop_multiplier"": 1.5, ""breakout_length"": 50, ""reward_risk"": 2.5, ""slope_lookback"": 5, ""trend_length"": 100}",PASS,,-7.755864771355315,-1.6767966704845119,9.410257630063757,0.6063416668731971,67,-11.575917569187014,0.0,-775.58647713553,2.9125766352988913,0.8808586855936937,5.095299139864543,1.2053355000463084,43,6.773434035578917,0.0,291.2576635298934,-1.0576104049891177,-0.11557101717514157,6.251735315204095,0.9642449797431776,86,-1.2297795406852303,0.0,-105.7610404989298
e052c35c3bc6ad2e,trend_volatility_breakout_v1,1.0.1,ETHUSDT,1h,LONG_SHORT,"{""atr_expansion_threshold"": 1.25, ""atr_length"": 20, ""atr_reference_length"": 50, ""atr_stop_multiplier"": 1.5, ""breakout_length"": 20, ""reward_risk"": 2.0, ""slope_lookback"": 5, ""trend_length"": 100}",PASS,,-9.542817146738402,-1.678759769923669,12.558650596274845,0.6750635102559218,104,-9.175785718017663,-335.04962522635066,-619.2320894474864,2.5559126380700903,0.8573675223886861,3.243048094456765,1.1884131551759267,47,5.43811199589392,246.6150567680323,8.976207038981961,-11.172247857707662,-2.004705842088314,13.188312635617141,0.6365934809315551,104,-10.742546017026454,-483.1793537024138,-634.0454320683375
6767b55ef31a81bd,trend_volatility_breakout_v1,1.0.1,ETHUSDT,1h,SHORT_ONLY,"{""atr_expansion_threshold"": 1.0, ""atr_length"": 14, ""atr_reference_length"": 50, ""atr_stop_multiplier"": 1.5, ""breakout_length"": 50, ""reward_risk"": 1.5, ""slope_lookback"": 5, ""trend_length"": 100}",PASS,,-6.212352185169534,-1.6805556601047478,7.410888336886456,0.6785210650988641,76,-8.17414761206514,0.0,-621.2352185169506,6.019203839032405,2.049266913099527,3.3010992356042546,1.4802603305097368,52,11.57539199813911,0.0,601.9203839032338,-3.1675848462994316,-0.4812687129564539,7.383809870870342,0.9002186720477593,106,-2.9882875908485866,0.0,-316.7584846299502
bf44ff879434151e,trend_volatility_breakout_v1,1.0.1,ETHUSDT,1h,LONG_SHORT,"{""atr_expansion_threshold"": 1.0, ""atr_length"": 14, ""atr_reference_length"": 50, ""atr_stop_multiplier"": 1.5, ""breakout_length"": 20, ""reward_risk"": 2.5, ""slope_lookback"": 5, ""trend_length"": 200}",PASS,,-11.925503711028817,-1.6843304428995567,15.585686495199838,0.7334622874985632,172,-6.933432390133099,-403.1871445820703,-789.3632265208226,1.3660112060757124,0.3526392172365952,5.157406314648603,1.0518738333460957,85,1.607072007147814,-307.2555863854569,443.8567069930211,2.777649461583298,0.2961677509051732,7.152090919249638,1.0431362225388372,208,1.3354083949919526,286.71060054374163,-8.945654385415462
4a8c417601107134,trend_volatility_breakout_v1,1.0.1,ETHUSDT,1h,SHORT_ONLY,"{""atr_expansion_threshold"": 1.0, ""atr_length"": 14, ""atr_reference_length"": 50, ""atr_stop_multiplier"": 2.0, ""breakout_length"": 50, ""reward_risk"": 1.5, ""slope_lookback"": 5, ""trend_length"": 200}",PASS,,-6.579154434423041,-1.6853555465682328,8.160779169241227,0.6727887076760055,65,-10.121776052958452,0.0,-657.9154434422994,4.204434345629737,1.263753018319618,3.98075437174304,1.3147072210801685,40,10.51108586407419,0.0,420.4434345629676,5.330752299744912,0.6038634605611505,5.415200801855254,1.1770023507521996,85,6.2714732938176025,0.0,533.0752299744962
2b6c5cc9f563a946,trend_volatility_breakout_v1,1.0.1,ETHUSDT,1h,SHORT_ONLY,"{""atr_expansion_threshold"": 1.25, ""atr_length"": 14, ""atr_reference_length"": 50, ""atr_stop_multiplier"": 2.0, ""breakout_length"": 50, ""reward_risk"": 2.5, ""slope_lookback"": 5, ""trend_length"": 100}",PASS,,-7.050947291345821,-1.6872939285162356,9.633755515797302,0.5985774765179885,44,-16.024880207604177,0.0,-705.0947291345838,-2.4618822365719106,-0.6685088210168768,7.262181520186298,0.8302974505470763,29,-8.489249091627261,0.0,-246.18822365719058,7.13702344002356,0.8341846821941098,4.943480585369662,1.3720856715462004,44,16.220507818235507,0.0,713.7023440023623
e74c638501b3406b,trend_volatility_breakout_v1,1.0.1,ETHUSDT,1h,LONG_SHORT,"{""atr_expansion_threshold"": 1.25, ""atr_length"": 20, ""atr_reference_length"": 50, ""atr_stop_multiplier"": 2.5, ""breakout_length"": 20, ""reward_risk"": 2.0, ""slope_lookback"": 5, ""trend_length"": 100}",PASS,,-12.14928106283234,-1.719668312439128,16.18777746535943,0.6322443680943959,79,-15.378836788395304,-443.833025832706,-771.0950804505229,-0.8247960287491751,-0.16887539672810012,7.669671058738738,0.9529695731388753,37,-2.229178456078706,161.58649842661285,-244.06610130152495,0.772585083747046,0.11729717500808008,10.865339399615252,1.019986775316747,86,0.8983547485428899,-209.16994692805957,286.4284553027481
050261f0458bc30d,trend_volatility_breakout_v1,1.0.1,ETHUSDT,1h,SHORT_ONLY,"{""atr_expansion_threshold"": 1.0, ""atr_length"": 14, ""atr_reference_length"": 50, ""atr_stop_multiplier"": 2.0, ""breakout_length"": 50, ""reward_risk"": 2.0, ""slope_lookback"": 5, ""trend_length"": 100}",PASS,,-8.30632708225898,-1.7307953926115702,10.211964277552221,0.6293802914226655,64,-12.97863606602963,0.0,-830.6327082258963,2.520837884999705,0.68287460910528,5.611586328912722,1.1598447863651593,40,6.302094712499486,0.0,252.08378849997945,5.92794608501046,0.6101495980804272,6.470310730845618,1.1852434857446539,80,7.409932606263101,0.0,592.7946085010481
b25fdb95d4e2619c,trend_volatility_breakout_v1,1.0.1,ETHUSDT,1h,SHORT_ONLY,"{""atr_expansion_threshold"": 1.25, ""atr_length"": 14, ""atr_reference_length"": 50, ""atr_stop_multiplier"": 2.0, ""breakout_length"": 20, ""reward_risk"": 1.5, ""slope_lookback"": 5, ""trend_length"": 100}",PASS,,-6.891852710670843,-1.739901713650053,8.447694416319253,0.6366254639927336,56,-12.3068798404836,0.0,-689.1852710670815,-3.8583459105988704,-1.3527386082709323,7.5801266626490245,0.7297321016112419,32,-12.057330970621638,0.0,-385.83459105989243,7.12532356650748,0.9582198971763777,5.051375523322677,1.3501399149213875,60,11.87553927751242,0.0,712.5323566507452
1f0b2b4d98d5aa75,trend_volatility_breakout_v1,1.0.1,ETHUSDT,1h,LONG_SHORT,"{""atr_expansion_threshold"": 1.25, ""atr_length"": 14, ""atr_reference_length"": 50, ""atr_stop_multiplier"": 1.5, ""breakout_length"": 50, ""reward_risk"": 1.5, ""slope_lookback"": 5, ""trend_length"": 200}",PASS,,-8.425323253868179,-1.7436052577064471,10.764172614344092,0.7284218043236448,120,-7.021102711556787,-219.16291136520493,-623.3694140216094,4.33933669755604,1.4007429429809362,2.5188943211788386,1.2952233920133835,55,7.889703086465619,102.02068837057432,331.91298138503464,-0.6540176037222567,-0.07236714499294185,7.908647989346597,0.9819911070855024,135,-0.4844574842386121,-62.40866377150423,-2.9930966007084088
b938e0805464abcf,trend_volatility_breakout_v1,1.0.1,ETHUSDT,1h,SHORT_ONLY,"{""atr_expansion_threshold"": 1.25, ""atr_length"": 14, ""atr_reference_length"": 50, ""atr_stop_multiplier"": 1.5, ""breakout_length"": 20, ""reward_risk"": 2.5, ""slope_lookback"": 5, ""trend_length"": 100}",PASS,,-6.481399446412595,-1.7472277870917072,8.387680476116191,0.6064147332527451,53,-12.229055559268948,0.0,-648.1399446412543,-2.444386801935561,-0.8177039009204357,6.933385427597455,0.8104678708849853,32,-7.63870875604857,0.0,-244.43868019355423,2.8263631523988364,0.4654867187051076,6.164047531709136,1.141995691125341,59,4.790446021015069,0.0,282.6363152398891
b6ab5d1c2a72f8be,trend_volatility_breakout_v1,1.0.1,ETHUSDT,1h,SHORT_ONLY,"{""atr_expansion_threshold"": 1.25, ""atr_length"": 20, ""atr_reference_length"": 50, ""atr_stop_multiplier"": 1.5, ""breakout_length"": 50, ""reward_risk"": 2.0, ""slope_lookback"": 5, ""trend_length"": 100}",PASS,,-6.028883702886123,-1.750338204154048,7.449992464992285,0.5481340669885711,44,-13.702008415650328,0.0,-602.8883702886144,0.5143851476850259,0.2796629404352584,2.707771658894196,1.073520775705187,21,2.4494530842143245,0.0,51.438514768500816,-5.466934432652437,-1.3922836137554213,6.419377835991812,0.6376855665989268,44,-12.424850983301026,0.0,-546.6934432652452
320d2bf8b774b760,trend_volatility_breakout_v1,1.0.1,ETHUSDT,1h,LONG_SHORT,"{""atr_expansion_threshold"": 1.25, ""atr_length"": 20, ""atr_reference_length"": 50, ""atr_stop_multiplier"": 2.0, ""breakout_length"": 20, ""reward_risk"": 1.5, ""slope_lookback"": 5, ""trend_length"": 100}",PASS,,-10.267743987858735,-1.7503491855636881,12.920163809850768,0.6819316528864581,100,-10.267743987858752,-357.43525595651795,-669.3391428293573,-0.6985270600345594,-0.17545689295095648,3.9707843320256875,0.9575494772640439,46,-1.5185370870316404,54.86400534227063,-124.71671134572608,-2.376972581184944,-0.26825079952627257,11.307435262238549,0.9269908845856885,98,-2.4254822256988278,-401.8127512064048,164.11549308791967
c68cf0dc39b10a23,trend_volatility_breakout_v1,1.0.1,ETHUSDT,1h,LONG_SHORT,"{""atr_expansion_threshold"": 1.25, ""atr_length"": 20, ""atr_reference_length"": 50, ""atr_stop_multiplier"": 2.0, ""breakout_length"": 20, ""reward_risk"": 2.5, ""slope_lookback"": 5, ""trend_length"": 100}",PASS,,-11.525746419787119,-1.7672680525103148,15.219572144933771,0.6265796312236582,83,-13.886441469622842,-313.42852679817196,-839.1461151805238,0.3118767150977586,0.11937664611458934,6.294409650750402,1.019831333970589,38,0.8207281976255868,298.1223991082299,-266.93472759845764,1.7267109134902814,0.22090429592616473,10.213428045969643,1.0500929875925016,88,1.962171492602605,-202.54469816593692,375.21578951496616
c0a6b6c5388ae4ca,trend_volatility_breakout_v1,1.0.1,ETHUSDT,1h,SHORT_ONLY,"{""atr_expansion_threshold"": 1.0, ""atr_length"": 20, ""atr_reference_length"": 50, ""atr_stop_multiplier"": 2.0, ""breakout_length"": 20, ""reward_risk"": 1.5, ""slope_lookback"": 5, ""trend_length"": 200}",PASS,,-7.24310724864996,-1.7739548466901414,8.207409612989835,0.6717000653550024,76,-9.530404274539455,0.0,-724.3107248649986,1.8758680198739386,0.591163653238997,4.900359285093476,1.1298048220997137,45,4.168595599719903,0.0,187.58680198739563,1.6935104963836212,0.21345426720773672,8.443300339725642,1.053220338931984,92,1.8407722786780463,0.0,169.35104963838026
209386bbb7924524,trend_volatility_breakout_v1,1.0.1,ETHUSDT,1h,SHORT_ONLY,"{""atr_expansion_threshold"": 1.25, ""atr_length"": 20, ""atr_reference_length"": 50, ""atr_stop_multiplier"": 1.5, ""breakout_length"": 50, ""reward_risk"": 2.5, ""slope_lookback"": 5, ""trend_length"": 200}",PASS,,-5.776660754378371,-1.7817025567050084,6.691627615487385,0.5202465548236307,38,-15.201738827311518,0.0,-577.6660754378377,-1.553390448756986,-0.7768662129971946,4.9672600517127385,0.7868030370317444,18,-8.629946937538676,0.0,-155.33904487569617,-3.187423658240518,-0.7559280196352349,4.928500449577462,0.7892380870724399,43,-7.412613158698778,0.0,-318.74236582404745
c348a46e824976c4,trend_volatility_breakout_v1,1.0.1,ETHUSDT,1h,SHORT_ONLY,"{""atr_expansion_threshold"": 1.0, ""atr_length"": 20, ""atr_reference_length"": 50, ""atr_stop_multiplier"": 1.5, ""breakout_length"": 50, ""reward_risk"": 2.0, ""slope_lookback"": 5, ""trend_length"": 200}",PASS,,-6.309804605677383,-1.7830296670674863,7.924950100188065,0.6380112382827137,66,-9.560310008602102,0.0,-630.9804605677386,6.611286784744541,2.111931886190708,2.707770194788546,1.6483894033883815,41,16.12508971888916,0.0,661.1286784744556,-3.516374663957922,-0.5572350445375779,5.932741502667572,0.86546440936425,86,-4.088807748788241,0.0,-351.63746639578875
5a58c97804886777,trend_volatility_breakout_v1,1.0.1,ETHUSDT,1h,LONG_SHORT,"{""atr_expansion_threshold"": 1.25, ""atr_length"": 20, ""atr_reference_length"": 50, ""atr_stop_multiplier"": 1.5, ""breakout_length"": 20, ""reward_risk"": 2.5, ""slope_lookback"": 5, ""trend_length"": 100}",PASS,,-10.641117547610834,-1.786225348936398,13.254595130933305,0.6275898966604265,95,-11.201176365906072,-339.0349857361535,-725.0767690249232,0.32188949533196176,0.14088562995059167,5.406692800054571,1.0229376093649716,43,0.7485802217020958,378.36975977619716,-346.18081024300704,-9.974241812975338,-1.6262133028898638,13.238164409345881,0.6857334088030185,102,-9.778668444093535,-623.9628941730969,-373.4612871244437
b7c0dfafbdd06289,trend_volatility_breakout_v1,1.0.1,ETHUSDT,1h,SHORT_ONLY,"{""atr_expansion_threshold"": 1.25, ""atr_length"": 20, ""atr_reference_length"": 50, ""atr_stop_multiplier"": 2.5, ""breakout_length"": 20, ""reward_risk"": 2.0, ""slope_lookback"": 5, ""trend_length"": 100}",PASS,,-7.9316814567008675,-1.7902065877288482,8.987248856369456,0.5341996724713384,38,-20.872845938686424,0.0,-793.1681456700842,-2.462288209287855,-0.8403784126568642,8.404722704340095,0.7668650312276991,19,-12.959411627830779,0.0,-246.22882092878478,2.6708047601400997,0.3910771669246938,4.934691436637412,1.1497336284854103,39,6.848217333692532,0.0,267.08047601400875
3aeb010c1f91c8da,trend_volatility_breakout_v1,1.0.1,ETHUSDT,1h,SHORT_ONLY,"{""atr_expansion_threshold"": 1.0, ""atr_length"": 14, ""atr_reference_length"": 50, ""atr_stop_multiplier"": 2.0, ""breakout_length"": 20, ""reward_risk"": 2.0, ""slope_lookback"": 5, ""trend_length"": 200}",PASS,,-9.586898429752978,-1.7934969537536574,11.173440624817042,0.6273313495446414,78,-12.290895422760256,0.0,-958.6898429752999,3.915952524717148,1.0319605420502802,4.563784176229818,1.2523770791427364,41,9.551103718822226,0.0,391.59525247171126,5.576562359095982,0.554423649278503,6.318584357211722,1.1608136192054619,89,6.265800403478584,0.0,557.656235909594
53a8ac85cc684f98,trend_volatility_breakout_v1,1.0.1,ETHUSDT,1h,SHORT_ONLY,"{""atr_expansion_threshold"": 1.0, ""atr_length"": 20, ""atr_reference_length"": 50, ""atr_stop_multiplier"": 1.5, ""breakout_length"": 20, ""reward_risk"": 2.0, ""slope_lookback"": 5, ""trend_length"": 100}",PASS,,-6.746190479204783,-1.8052809754172678,7.963470123191521,0.6758535994372011,83,-8.127940336391292,0.0,-674.6190479204772,2.3752475082812197,0.7362905566964991,4.964284446645452,1.1635465343875668,53,4.481599072228646,0.0,237.52475082811827,-5.770010506052881,-0.8645941176256332,7.501050162968863,0.8183996198182187,106,-5.443406137785713,0.0,-577.0010506052856
89f3e8c3629b7f4c,trend_volatility_breakout_v1,1.0.1,ETHUSDT,1h,LONG_SHORT,"{""atr_expansion_threshold"": 1.0, ""atr_length"": 20, ""atr_reference_length"": 50, ""atr_stop_multiplier"": 1.5, ""breakout_length"": 20, ""reward_risk"": 2.0, ""slope_lookback"": 5, ""trend_length"": 200}",PASS,,-11.155928001235626,-1.8134857711246237,13.555599007796676,0.7455055735447301,182,-6.129630769909626,-441.53909451666505,-674.053705606887,2.0413555396014527,0.5408994288998358,4.314392660751867,1.082373338051699,91,2.243247845715956,-209.8014180264029,413.9369719865549,-3.5513767575245048,-0.3456369115099543,7.6859909120796015,0.9398746033773142,215,-1.6518031430347193,271.88758147715964,-627.0252572296243
1499bae77a5ecd8f,trend_volatility_breakout_v1,1.0.1,ETHUSDT,1h,SHORT_ONLY,"{""atr_expansion_threshold"": 1.25, ""atr_length"": 20, ""atr_reference_length"": 50, ""atr_stop_multiplier"": 2.0, ""breakout_length"": 50, ""reward_risk"": 2.5, ""slope_lookback"": 5, ""trend_length"": 200}",PASS,,-6.104254226966443,-1.8190406747915544,6.783411528668785,0.544964349789098,34,-17.95368890284251,0.0,-610.4254226966453,-0.18121681233613796,-0.0405679466395948,5.432369275199612,0.9766249663321861,16,-1.1326050771010343,0.0,-18.12168123361655,2.1778912954448337,0.35961082782046505,4.964469528070754,1.1382871244097037,37,5.886192690391259,0.0,217.7891295444766
a9cc52587423ca29,trend_volatility_breakout_v1,1.0.1,ETHUSDT,1h,SHORT_ONLY,"{""atr_expansion_threshold"": 1.25, ""atr_length"": 14, ""atr_reference_length"": 50, ""atr_stop_multiplier"": 1.5, ""breakout_length"": 20, ""reward_risk"": 2.0, ""slope_lookback"": 5, ""trend_length"": 200}",PASS,,-5.652792951482699,-1.8248424426318093,6.432015211032622,0.643069742194701,56,-10.094273127647783,0.0,-565.2792951482759,-0.1057701980587411,-0.016966237402019704,5.358731398735548,0.9895534449000404,28,-0.37775070735265154,0.0,-10.577019805874244,-1.011039798051383,-0.17551054924131804,6.754679037779226,0.9478235564136147,59,-1.7136267763584472,0.0,-101.10397980514838
2861676f5eef455f,trend_volatility_breakout_v1,1.0.1,ETHUSDT,1h,LONG_SHORT,"{""atr_expansion_threshold"": 1.0, ""atr_length"": 20, ""atr_reference_length"": 50, ""atr_stop_multiplier"": 1.5, ""breakout_length"": 20, ""reward_risk"": 2.0, ""slope_lookback"": 5, ""trend_length"": 100}",PASS,,-11.834377897157978,-1.8254712827899113,14.21671779283363,0.7468062033847943,195,-6.068911742132331,-580.1173137326011,-603.3204759832033,-2.7381930068289706,-0.6038128417121649,8.192510696578555,0.9063287292454097,104,-2.632877891181697,-505.8845812396207,232.06528055672416,-5.067106072783901,-0.5112083101606061,10.409364529460673,0.9182563396950134,229,-2.2127100754515063,91.53387454092172,-598.2444818193167
5ed4edcfe6217cb2,trend_volatility_breakout_v1,1.0.1,ETHUSDT,1h,LONG_SHORT,"{""atr_expansion_threshold"": 1.25, ""atr_length"": 14, ""atr_reference_length"": 50, ""atr_stop_multiplier"": 1.5, ""breakout_length"": 50, ""reward_risk"": 2.5, ""slope_lookback"": 5, ""trend_length"": 100}",PASS,,-10.715651892804523,-1.8296941374874736,14.391648189972855,0.6627391327435552,106,-10.10910555924958,-325.1958220263092,-746.3693672541461,-0.38659719085065714,-0.06312640387581887,5.666245537585302,0.9795401284963658,54,-0.7159207237976134,163.56625175159527,-202.2259708366664,-0.851741080642876,-0.06491173459587643,8.215382188701978,0.9779132693428592,120,-0.7097842338689532,-264.2664134908727,179.09230542659833
4309e5673c7186aa,trend_volatility_breakout_v1,1.0.1,ETHUSDT,1h,SHORT_ONLY,"{""atr_expansion_threshold"": 1.0, ""atr_length"": 14, ""atr_reference_length"": 50, ""atr_stop_multiplier"": 1.5, ""breakout_length"": 20, ""reward_risk"": 1.5, ""slope_lookback"": 5, ""trend_length"": 100}",PASS,,-6.856907697320935,-1.8321023902507227,7.4181855984714575,0.6992712604236689,95,-7.217797576127173,0.0,-685.6907697320814,4.551317155284407,1.5445768507532227,4.1361753000404615,1.321953416136325,57,7.984766939095525,0.0,455.13171552844494,-4.00228636801817,-0.6017928588512563,7.5778191668445904,0.8894075601898419,126,-3.1764177523953503,0.0,-400.22863680181416
99e80c520f88cea3,trend_volatility_breakout_v1,1.0.1,ETHUSDT,1h,SHORT_ONLY,"{""atr_expansion_threshold"": 1.25, ""atr_length"": 20, ""atr_reference_length"": 50, ""atr_stop_multiplier"": 1.5, ""breakout_length"": 20, ""reward_risk"": 1.5, ""slope_lookback"": 5, ""trend_length"": 100}",PASS,,-6.014914753849421,-1.8343740773394006,6.982762609559372,0.5427885309907762,48,-12.53107240385314,0.0,-601.4914753849507,3.594861336342392,1.3334323011416482,2.808912239334553,1.5479180714016816,25,14.379445345369522,0.0,359.48613363423806,-3.331501883702781,-0.6946189250732547,6.585142954670376,0.7945112907251609,56,-5.949110506612046,0.0,-333.1501883702746
c02418454a6b49cd,trend_volatility_breakout_v1,1.0.1,ETHUSDT,1h,LONG_SHORT,"{""atr_expansion_threshold"": 1.0, ""atr_length"": 14, ""atr_reference_length"": 50, ""atr_stop_multiplier"": 2.0, ""breakout_length"": 20, ""reward_risk"": 1.5, ""slope_lookback"": 5, ""trend_length"": 100}",PASS,,-14.483462987857788,-1.8439704573764297,15.061930610246044,0.7296209236831634,188,-7.703969674392419,-393.5251978082479,-1054.8211009775268,-6.529414597897409,-1.3084135159619714,11.607867169780818,0.8148270875878992,99,-6.595368280704473,-634.263307796279,-18.678151993463707,0.06155936862686229,0.053901430545429015,11.998653829590538,1.000816106613817,228,0.026999723081939698,-361.408384152035,367.5643210147173
fc26cfcb7cd25957,trend_volatility_breakout_v1,1.0.1,ETHUSDT,1h,LONG_SHORT,"{""atr_expansion_threshold"": 1.25, ""atr_length"": 14, ""atr_reference_length"": 50, ""atr_stop_multiplier"": 1.5, ""breakout_length"": 50, ""reward_risk"": 2.0, ""slope_lookback"": 5, ""trend_length"": 200}",PASS,,-10.337006689028316,-1.8475527651493893,12.486186919972123,0.6728961282716996,111,-9.31261863876431,-468.55662615558714,-565.1440427472511,2.7367241871570247,0.8677015499539636,4.4391329200043685,1.173272398138978,50,5.473448374314005,239.60755725160251,34.06486146409777,-4.129302896674803,-0.5369074434142238,9.047278736432474,0.8877398934510133,120,-3.4410857472289833,-209.6736915095985,-203.25659815787947
8e6db5eddd5844d0,trend_volatility_breakout_v1,1.0.1,ETHUSDT,1h,SHORT_ONLY,"{""atr_expansion_threshold"": 1.25, ""atr_length"": 20, ""atr_reference_length"": 50, ""atr_stop_multiplier"": 1.5, ""breakout_length"": 50, ""reward_risk"": 2.0, ""slope_lookback"": 5, ""trend_length"": 200}",PASS,,-5.847620274218446,-1.8481018064995511,7.271470020484215,0.5279812386373685,41,-14.262488473703684,0.0,-584.762027421851,1.9986258017190561,0.9561536548725293,2.707772320045322,1.3529378543163686,18,11.103476676217161,0.0,199.8625801719089,-5.563885389831902,-1.4509993231389542,6.550415320374073,0.6253142332034097,43,-12.93926834844637,0.0,-556.3885389831939
ec24002273bedc8e,trend_volatility_breakout_v1,1.0.1,ETHUSDT,1h,SHORT_ONLY,"{""atr_expansion_threshold"": 1.25, ""atr_length"": 20, ""atr_reference_length"": 50, ""atr_stop_multiplier"": 1.5, ""breakout_length"": 20, ""reward_risk"": 2.0, ""slope_lookback"": 5, ""trend_length"": 100}",PASS,,-6.446481315922736,-1.854848435511967,7.890686334104606,0.5403364610481192,47,-13.715917693452624,0.0,-644.6481315922733,0.10098732055858761,0.07034197767219029,2.915844542388547,1.0136438639148082,22,0.45903327526613646,0.0,10.098732055855002,-6.575826046219468,-1.6331312507691318,8.098481029407472,0.6076077732086954,50,-13.151652092438992,0.0,-657.5826046219496
ae8560ad459401b5,trend_volatility_breakout_v1,1.0.1,ETHUSDT,1h,SHORT_ONLY,"{""atr_expansion_threshold"": 1.25, ""atr_length"": 20, ""atr_reference_length"": 50, ""atr_stop_multiplier"": 1.5, ""breakout_length"": 20, ""reward_risk"": 1.5, ""slope_lookback"": 5, ""trend_length"": 200}",PASS,,-5.641295141698044,-1.857147989110925,6.982763473864587,0.5381270021669589,45,-12.536211425995624,0.0,-564.1295141698031,4.3728046172542,1.6971150211844406,1.78631899938978,1.8410133334661087,21,20.822879129782137,0.0,437.28046172542486,-2.6555683912210637,-0.563061014901248,6.539385722067996,0.8267606629263669,53,-5.010506398530066,0.0,-265.5568391220935
adea3175e32a8993,trend_volatility_breakout_v1,1.0.1,ETHUSDT,1h,LONG_SHORT,"{""atr_expansion_threshold"": 1.25, ""atr_length"": 14, ""atr_reference_length"": 50, ""atr_stop_multiplier"": 1.5, ""breakout_length"": 20, ""reward_risk"": 2.0, ""slope_lookback"": 5, ""trend_length"": 200}",PASS,,-10.236167512602478,-1.8572471571783522,11.70771994424092,0.693614750428184,120,-8.53013959383551,-526.5875839241054,-497.02916733615587,2.329843377350427,0.7352883784509581,4.439132639565552,1.1379131387865478,54,4.3145247728712395,249.92073679823136,-16.93639906318443,-2.637984199498844,-0.316651595116504,8.119373803355865,0.9327875283266251,130,-2.0292186149991887,-172.36718397352195,-91.43123597637262
8e7db7ed76994177,trend_volatility_breakout_v1,1.0.1,ETHUSDT,1h,SHORT_ONLY,"{""atr_expansion_threshold"": 1.25, ""atr_length"": 20, ""atr_reference_length"": 50, ""atr_stop_multiplier"": 1.5, ""breakout_length"": 20, ""reward_risk"": 2.5, ""slope_lookback"": 5, ""trend_length"": 200}",PASS,,-6.121615026056748,-1.864363300595232,7.03323175332838,0.5192731401039204,41,-14.930768356235978,0.0,-612.1615026056751,-1.9582847743922827,-0.979536037882712,5.358113706602788,0.7452290359693059,19,-10.3067619704856,0.0,-195.8284774392264,-3.779580946171157,-0.8789332457494955,5.98798570923168,0.7703784762497616,48,-7.87412697118988,0.0,-377.9580946171142
3309b543ab2ee924,trend_volatility_breakout_v1,1.0.1,ETHUSDT,1h,LONG_SHORT,"{""atr_expansion_threshold"": 1.0, ""atr_length"": 14, ""atr_reference_length"": 50, ""atr_stop_multiplier"": 1.5, ""breakout_length"": 20, ""reward_risk"": 2.0, ""slope_lookback"": 5, ""trend_length"": 200}",PASS,,-12.849735260147021,-1.8701378949837246,14.40975533916371,0.7168680296515967,185,-6.945802843322711,-510.7973027087764,-774.1762233059251,1.414488247261203,0.37072549303636054,5.1926215060776775,1.0556388834556103,88,1.6073730082513926,-244.31810019842746,385.76692492455,-4.149160594568602,-0.37556170531945526,10.075899235316502,0.935620207057852,224,-1.8523038368610298,49.28280110148504,-464.19886055835576
bf6910fa8f17e723,trend_volatility_breakout_v1,1.0.1,ETHUSDT,1h,SHORT_ONLY,"{""atr_expansion_threshold"": 1.25, ""atr_length"": 14, ""atr_reference_length"": 50, ""atr_stop_multiplier"": 2.0, ""breakout_length"": 20, ""reward_risk"": 2.5, ""slope_lookback"": 5, ""trend_length"": 100}",PASS,,-7.942154659563217,-1.8857699501983132,10.500198098281945,0.5678244397112792,46,-17.2655536077463,0.0,-794.2154659563297,-3.0752993150311103,-0.8437578189656871,7.845408777158966,0.7963400842829955,30,-10.250997716770316,0.0,-307.5299315031095,11.363113429814753,1.1934094126248955,5.405630998339744,1.55004100673235,51,22.280614568264255,0.0,1136.311342981477
74f38db978a7774d,trend_volatility_breakout_v1,1.0.1,ETHUSDT,1h,LONG_SHORT,"{""atr_expansion_threshold"": 1.0, ""atr_length"": 20, ""atr_reference_length"": 50, ""atr_stop_multiplier"": 1.5, ""breakout_length"": 20, ""reward_risk"": 1.5, ""slope_lookback"": 5, ""trend_length"": 100}",PASS,,-10.337698549667218,-1.8939271965083941,12.127800035500028,0.7676177582195561,207,-4.994057270370687,-548.5724847691137,-485.1973701976186,0.6341705196359015,0.1870688870897542,6.8002469210931045,1.0217172599800097,116,0.5466987238240005,-712.542910944154,775.959962907738,0.13920781890326417,0.051411837988110026,6.532597719293115,1.0022391275046172,254,0.054806227914664406,39.59802345286116,-25.677241562536402
43d2d9d51bc3fd49,trend_volatility_breakout_v1,1.0.1,ETHUSDT,1h,SHORT_ONLY,"{""atr_expansion_threshold"": 1.25, ""atr_length"": 20, ""atr_reference_length"": 50, ""atr_stop_multiplier"": 2.0, ""breakout_length"": 50, ""reward_risk"": 1.5, ""slope_lookback"": 5, ""trend_length"": 100}",PASS,,-6.303736816368799,-1.8970689385380772,7.3319088104588355,0.5717159115567335,42,-15.008897181830404,0.0,-630.373681636877,-0.7201377756590577,-0.3217820330545943,3.3559794886819394,0.9108215418303233,20,-3.600688878295446,0.0,-72.01377756590892,2.1050413164992676,0.3583649610687174,5.35940215694909,1.1473936545802013,41,5.134247113412692,0.0,210.50413164992037
8e2a0239b4d6bfc4,trend_volatility_breakout_v1,1.0.1,ETHUSDT,1h,SHORT_ONLY,"{""atr_expansion_threshold"": 1.25, ""atr_length"": 14, ""atr_reference_length"": 50, ""atr_stop_multiplier"": 1.5, ""breakout_length"": 50, ""reward_risk"": 2.5, ""slope_lookback"": 5, ""trend_length"": 200}",PASS,,-6.847604298693399,-1.905295654414875,8.624856192034878,0.5202349160093914,46,-14.88609630150745,0.0,-684.7604298693427,0.11740631271217605,0.06917819854369675,4.984931998333014,1.0111699781829733,27,0.4348381952302752,0.0,11.740631271217431,0.9754010533801649,0.1870269961799003,4.79818296277833,1.0545455118047171,50,1.9508021067602537,0.0,97.54010533801268
e9522032b97e8c52,trend_volatility_breakout_v1,1.0.1,ETHUSDT,1h,SHORT_ONLY,"{""atr_expansion_threshold"": 1.25, ""atr_length"": 14, ""atr_reference_length"": 50, ""atr_stop_multiplier"": 1.5, ""breakout_length"": 20, ""reward_risk"": 2.0, ""slope_lookback"": 5, ""trend_length"": 100}",PASS,,-6.444499957122973,-1.9087743919849671,7.491290677991283,0.6194494021156677,58,-11.111206822625789,0.0,-644.4499957122957,-2.1725468793450498,-0.8163097391005002,6.833526339657892,0.8196615084401904,32,-6.789208997953362,0.0,-217.2546879345076,-0.02378829906030111,0.016758162917299438,6.162944778095624,0.9987820774734665,61,-0.038997211574245336,0.0,-2.3788299060289653
27cfe420754c9fab,trend_volatility_breakout_v1,1.0.1,ETHUSDT,1h,SHORT_ONLY,"{""atr_expansion_threshold"": 1.0, ""atr_length"": 14, ""atr_reference_length"": 50, ""atr_stop_multiplier"": 2.0, ""breakout_length"": 50, ""reward_risk"": 1.5, ""slope_lookback"": 5, ""trend_length"": 100}",PASS,,-8.044102977909972,-1.923882428326632,9.043883638292531,0.6384635446075996,70,-11.491575682728577,0.0,-804.4102977910004,2.0412053114016837,0.6056889794091623,5.3299123105466295,1.1288001133164258,45,4.536011803114789,0.0,204.12053114016553,6.742944373069992,0.7376744424899913,5.250011290729402,1.2164444159945014,90,7.4921604145220195,0.0,674.2944373069818
16591632e0d61dfe,trend_volatility_breakout_v1,1.0.1,ETHUSDT,1h,LONG_SHORT,"{""atr_expansion_threshold"": 1.0, ""atr_length"": 14, ""atr_reference_length"": 50, ""atr_stop_multiplier"": 2.0, ""breakout_length"": 20, ""reward_risk"": 2.5, ""slope_lookback"": 5, ""trend_length"": 100}",PASS,,-16.636674636902114,-1.9272495710494373,16.969474537721034,0.6700878159357969,152,-10.945180682172445,-625.4417238854821,-1038.2257398047295,1.3483533844254048,0.2889893225190243,9.848730404477115,1.0402955473947215,84,1.6051826005064158,-206.0273035442974,340.86264198683637,7.4169871990514835,0.543329943083627,14.298666984132327,1.097653961390085,185,4.009182269757574,324.57240044696596,417.1263194581852
d0d1e52f32d405da,trend_volatility_breakout_v1,1.0.1,ETHUSDT,1h,SHORT_ONLY,"{""atr_expansion_threshold"": 1.25, ""atr_length"": 14, ""atr_reference_length"": 50, ""atr_stop_multiplier"": 1.5, ""breakout_length"": 50, ""reward_risk"": 2.0, ""slope_lookback"": 5, ""trend_length"": 200}",PASS,,-6.354018365971714,-1.928820648878124,7.305292300931654,0.560714325284474,49,-12.967384420350605,0.0,-635.4018365971797,0.37614339406728536,0.17428952682231308,4.9021593444194105,1.0389876055198475,27,1.393123681730678,0.0,37.614339406728305,-2.1324192386262486,-0.40506261943201655,5.6077403803496715,0.8828334857876338,53,-4.02343252571001,0.0,-213.24192386263053
33a0ac7532eafed8,trend_volatility_breakout_v1,1.0.1,ETHUSDT,1h,SHORT_ONLY,"{""atr_expansion_threshold"": 1.25, ""atr_length"": 14, ""atr_reference_length"": 50, ""atr_stop_multiplier"": 2.0, ""breakout_length"": 50, ""reward_risk"": 2.0, ""slope_lookback"": 5, ""trend_length"": 200}",PASS,,-6.801966375259494,-1.9347875630864837,8.644143353877082,0.5681875662208975,43,-15.8185264540917,0.0,-680.1966375259431,0.8445079687169788,0.28869840907793376,4.03925400367514,1.074193613020432,26,3.248107571988262,0.0,84.45079687169482,4.470911408047895,0.5395020815356851,4.46646482633151,1.2302763910321257,47,9.512577463931555,0.0,447.0911408047831
0f64e4bd64f44e5e,trend_volatility_breakout_v1,1.0.1,ETHUSDT,1h,SHORT_ONLY,"{""atr_expansion_threshold"": 1.25, ""atr_length"": 20, ""atr_reference_length"": 50, ""atr_stop_multiplier"": 2.0, ""breakout_length"": 50, ""reward_risk"": 2.0, ""slope_lookback"": 5, ""trend_length"": 200}",PASS,,-5.939661212414881,-1.9460876713188897,6.605614257935646,0.5361114989057715,34,-17.46959180122039,0.0,-593.9661212414933,-2.5276629991175303,-1.0842316221324362,5.9382523627714505,0.7019484946104289,17,-14.868605877162468,0.0,-252.76629991176196,1.0702990258017353,0.19235328420699552,4.286920307742159,1.068217166067793,39,2.744356476414857,0.0,107.02990258017942
c36fcd1c83b52ac7,trend_volatility_breakout_v1,1.0.1,ETHUSDT,1h,SHORT_ONLY,"{""atr_expansion_threshold"": 1.25, ""atr_length"": 20, ""atr_reference_length"": 50, ""atr_stop_multiplier"": 1.5, ""breakout_length"": 20, ""reward_risk"": 2.0, ""slope_lookback"": 5, ""trend_length"": 200}",PASS,,-6.2660260963858905,-1.9583202241940498,7.713016522860605,0.5207601383099097,44,-14.240968400876909,0.0,-626.602609638584,1.5791218764953596,0.7564878567187702,2.707770733443786,1.259997796890654,19,8.311167771028169,0.0,157.9121876495352,-6.296624459275735,-1.6096142024176479,7.591825368836474,0.6102850048565922,48,-13.117967623491248,0.0,-629.6624459275799
fe9e7e80859069af,trend_volatility_breakout_v1,1.0.1,ETHUSDT,1h,SHORT_ONLY,"{""atr_expansion_threshold"": 1.0, ""atr_length"": 14, ""atr_reference_length"": 50, ""atr_stop_multiplier"": 1.5, ""breakout_length"": 20, ""reward_risk"": 2.5, ""slope_lookback"": 5, ""trend_length"": 200}",PASS,,-8.622660502998514,-1.9787906972502824,9.604081082309394,0.6258132192405822,83,-10.388747593974184,0.0,-862.2660502998573,4.520807431181351,1.3388386275525213,3.7287875698919435,1.331063139942353,43,10.513505653910142,0.0,452.0807431181361,-0.023213840204994174,0.028262927502568855,6.077876331881884,0.9992905366538413,98,-0.023687592045794112,0.0,-2.321384020487823
31e0b816fbccba56,trend_volatility_breakout_v1,1.0.1,ETHUSDT,1h,SHORT_ONLY,"{""atr_expansion_threshold"": 1.0, ""atr_length"": 14, ""atr_reference_length"": 50, ""atr_stop_multiplier"": 2.0, ""breakout_length"": 20, ""reward_risk"": 2.5, ""slope_lookback"": 5, ""trend_length"": 200}",PASS,,-10.128376566959918,-1.9821334902971957,11.018277697059995,0.5846735247024442,70,-14.46910938137134,0.0,-1012.8376566959938,4.6097119475304815,1.131209681713133,6.3957771791541065,1.2946232404677118,38,12.130820914554153,0.0,460.97119475305783,2.2639734634433584,0.24613510759037363,6.982542315632018,1.067362614896188,79,2.865789194232089,0.0,226.39734634433503
cd60d5a5840800bb,trend_volatility_breakout_v1,1.0.1,ETHUSDT,1h,LONG_SHORT,"{""atr_expansion_threshold"": 1.0, ""atr_length"": 20, ""atr_reference_length"": 50, ""atr_stop_multiplier"": 1.5, ""breakout_length"": 50, ""reward_risk"": 1.5, ""slope_lookback"": 5, ""trend_length"": 200}",PASS,,-10.035812456626447,-1.991380920561342,12.02520176035468,0.7339014754325701,168,-5.973697890848971,-304.6801746060025,-698.9010710566246,8.54405515010348,2.137653502030055,4.226135065389772,1.4271894456655694,87,9.820753046096007,-271.1151262697319,1125.5206412800844,3.4326003728230248,0.4436252281268051,5.671584927422425,1.0664634652231924,210,1.6345716061062325,267.70188991344077,75.55814736886805
9111a797212325f7,trend_volatility_breakout_v1,1.0.1,ETHUSDT,1h,LONG_SHORT,"{""atr_expansion_threshold"": 1.0, ""atr_length"": 14, ""atr_reference_length"": 50, ""atr_stop_multiplier"": 1.5, ""breakout_length"": 20, ""reward_risk"": 2.5, ""slope_lookback"": 5, ""trend_length"": 100}",PASS,,-14.307004186267857,-1.9967178644735146,17.811000756746896,0.6986122803203808,181,-7.904422202357777,-552.9216193960012,-877.7787992307565,-4.0000303779299635,-0.8448898057435295,9.720173643800141,0.8691260384268742,96,-4.166698310343844,-592.4611643160305,192.45812652302135,3.4710830027312456,0.35051234526199865,8.764670924376004,1.0512710186762182,219,1.5849694076397862,382.1042713194138,-34.995971046300596
4b89c118d5a7ffd1,trend_volatility_breakout_v1,1.0.1,ETHUSDT,1h,LONG_SHORT,"{""atr_expansion_threshold"": 1.0, ""atr_length"": 20, ""atr_reference_length"": 50, ""atr_stop_multiplier"": 1.5, ""breakout_length"": 50, ""reward_risk"": 1.5, ""slope_lookback"": 5, ""trend_length"": 100}",PASS,,-10.341322960652999,-1.997911032589447,12.03482504348512,0.7363285043373783,176,-5.875751682189332,-348.4152953086041,-685.7170007567184,6.000509611472138,1.4421428482474206,5.640517810487525,1.2532483741100457,99,6.061120819668875,-396.53632602153834,996.5872871687569,3.5453108215165896,0.4467861793216808,5.995069937899632,1.0658635679119641,220,1.6115049188711525,188.58483536002046,165.9462467916331
9dfefeb944f4e89d,trend_volatility_breakout_v1,1.0.1,ETHUSDT,1h,SHORT_ONLY,"{""atr_expansion_threshold"": 1.0, ""atr_length"": 14, ""atr_reference_length"": 50, ""atr_stop_multiplier"": 2.0, ""breakout_length"": 20, ""reward_risk"": 2.0, ""slope_lookback"": 5, ""trend_length"": 100}",PASS,,-11.024871361753085,-2.0013799145489077,12.755172135416823,0.5967900000770405,81,-13.610952298460509,0.0,-1102.4871361753012,1.0949972179352674,0.31769211165256867,6.38024098310844,1.0611523827591565,45,2.4333271509672767,0.0,109.49972179352744,5.4090037603557795,0.524839794575651,7.60983522325788,1.1474910971007442,93,5.816133075651381,0.0,540.9003760355785
71a6167711ae7732,trend_volatility_breakout_v1,1.0.1,ETHUSDT,1h,SHORT_ONLY,"{""atr_expansion_threshold"": 1.25, ""atr_length"": 20, ""atr_reference_length"": 50, ""atr_stop_multiplier"": 2.0, ""breakout_length"": 50, ""reward_risk"": 1.5, ""slope_lookback"": 5, ""trend_length"": 200}",PASS,,-5.836887171728378,-2.0056122942049535,6.870181650149389,0.5678038961610944,39,-14.966377363406231,0.0,-583.688717172843,1.1725167043097562,0.537841346627253,2.5615346536316075,1.1847519564677647,17,6.897157084174734,0.0,117.25167043097048,0.06621537148976397,0.03544437563114392,6.162654394251317,1.0045535390749452,40,0.16553842872454663,0.0,6.621537148981865
8e8bbefa13764ede,trend_volatility_breakout_v1,1.0.1,ETHUSDT,1h,SHORT_ONLY,"{""atr_expansion_threshold"": 1.25, ""atr_length"": 14, ""atr_reference_length"": 50, ""atr_stop_multiplier"": 2.0, ""breakout_length"": 50, ""reward_risk"": 1.5, ""slope_lookback"": 5, ""trend_length"": 200}",PASS,,-6.316280369255023,-2.013636876704161,7.2720840433389835,0.6065732719916999,48,-13.158917435948169,0.0,-631.6280369255121,-0.5847743535158267,-0.1895376730753289,5.083530949779613,0.9477963969000683,27,-2.1658309389474995,0.0,-58.477435351582486,8.00848490831192,1.0478425987656133,4.466465378604215,1.4659784357382717,51,15.70291158492529,0.0,800.8484908311898
5589675238d80b95,trend_volatility_breakout_v1,1.0.1,ETHUSDT,1h,SHORT_ONLY,"{""atr_expansion_threshold"": 1.25, ""atr_length"": 14, ""atr_reference_length"": 50, ""atr_stop_multiplier"": 1.5, ""breakout_length"": 50, ""reward_risk"": 1.5, ""slope_lookback"": 5, ""trend_length"": 200}",PASS,,-6.40086165142324,-2.0138252832170878,7.451673276253498,0.5530721118641195,52,-12.30934932965991,0.0,-640.0861651423153,3.305639598542265,1.47211725841318,3.033183274498967,1.398320986938426,30,11.01879866180753,0.0,330.5639598542259,-0.13395953246457815,-0.011788131849154448,4.689829031317841,0.9927044915682509,61,-0.21960579092546556,0.0,-13.395953246453399
5528423ba6c69ee4,trend_volatility_breakout_v1,1.0.1,ETHUSDT,1h,SHORT_ONLY,"{""atr_expansion_threshold"": 1.25, ""atr_length"": 20, ""atr_reference_length"": 50, ""atr_stop_multiplier"": 2.0, ""breakout_length"": 20, ""reward_risk"": 2.5, ""slope_lookback"": 5, ""trend_length"": 200}",PASS,,-6.917545326511021,-2.0189690103569813,7.590818784564384,0.5120213607856579,36,-19.215403684753095,0.0,-691.7545326511114,-0.7173756873376069,-0.23787904731159415,5.940322516881984,0.913365933837936,17,-4.21985698433896,0.0,-71.73756873376232,3.4802625941656284,0.541540244564488,4.397635285734982,1.2092922231924799,41,8.488445351623408,0.0,348.02625941655975
aa23265373b934b4,trend_volatility_breakout_v1,1.0.1,ETHUSDT,1h,SHORT_ONLY,"{""atr_expansion_threshold"": 1.25, ""atr_length"": 20, ""atr_reference_length"": 50, ""atr_stop_multiplier"": 1.5, ""breakout_length"": 50, ""reward_risk"": 2.5, ""slope_lookback"": 5, ""trend_length"": 100}",PASS,,-7.108165973715986,-2.046277983771375,8.010203450840478,0.46635068478499175,41,-17.336990179795112,0.0,-710.8165973715996,-3.0100542959777155,-1.5626451101445256,5.91827656591587,0.6496096080778835,21,-14.33359188560793,0.0,-301.0054295977665,-2.9803875147302983,-0.6897068428901715,4.312123934031002,0.8059033536982638,44,-6.7736079880233175,0.0,-298.03875147302597
8bd38d807f9af357,trend_volatility_breakout_v1,1.0.1,ETHUSDT,1h,SHORT_ONLY,"{""atr_expansion_threshold"": 1.25, ""atr_length"": 20, ""atr_reference_length"": 50, ""atr_stop_multiplier"": 1.5, ""breakout_length"": 50, ""reward_risk"": 1.5, ""slope_lookback"": 5, ""trend_length"": 100}",PASS,,-6.559565577085758,-2.0482964601066262,7.512118365836709,0.4895656333271926,45,-14.576812393523864,0.0,-655.9565577085739,4.022687683878767,1.4924334115398699,2.407530874262096,1.6542962712388294,24,16.761198682828006,0.0,402.2687683878721,-2.9014221674602103,-0.6143324118010285,6.00420376926412,0.8041643525056081,50,-5.802844334920458,0.0,-290.1422167460229
109e0e111d9470cc,trend_volatility_breakout_v1,1.0.1,ETHUSDT,1h,SHORT_ONLY,"{""atr_expansion_threshold"": 1.25, ""atr_length"": 20, ""atr_reference_length"": 50, ""atr_stop_multiplier"": 2.0, ""breakout_length"": 20, ""reward_risk"": 1.5, ""slope_lookback"": 5, ""trend_length"": 100}",PASS,,-6.925367183151754,-2.049363315818123,7.946717450659483,0.5556696801832158,45,-15.389704851448359,0.0,-692.5367183151761,-1.2533998853299866,-0.5699791504598773,3.875086151119505,0.8542206172251652,21,-5.968570882523796,0.0,-125.33998853299971,1.439058594304643,0.24668277162840427,6.456739564053507,1.0888992210258652,47,3.06182679639294,0.0,143.90585943046818
80f97fba1023208e,trend_volatility_breakout_v1,1.0.1,ETHUSDT,1h,LONG_SHORT,"{""atr_expansion_threshold"": 1.25, ""atr_length"": 14, ""atr_reference_length"": 50, ""atr_stop_multiplier"": 1.5, ""breakout_length"": 20, ""reward_risk"": 2.0, ""slope_lookback"": 5, ""trend_length"": 100}",PASS,,-11.62927150436115,-2.0672695009308604,13.368602348448771,0.6670494342792522,125,-9.303417203488968,-594.2086280723734,-568.7185223637474,-0.9081640244168687,-0.23107365042052458,5.683879185763359,0.9537892094148915,60,-1.5136067073613022,132.34097979269907,-223.15738223437722,-2.823805598787843,-0.3326868491903068,8.543295828098014,0.9305148396921376,137,-2.0611719699182016,-290.57887127298744,8.198311394193805
5d7a78729e75822f,trend_volatility_breakout_v1,1.0.1,ETHUSDT,1h,SHORT_ONLY,"{""atr_expansion_threshold"": 1.25, ""atr_length"": 20, ""atr_reference_length"": 50, ""atr_stop_multiplier"": 2.0, ""breakout_length"": 20, ""reward_risk"": 2.0, ""slope_lookback"": 5, ""trend_length"": 200}",PASS,,-6.465735526547145,-2.0684319201100583,7.127963684966102,0.5274138018083357,37,-17.4749608825599,0.0,-646.5735526547162,-3.051220187134751,-1.304816154175439,6.443490111328633,0.6608919956874999,18,-16.951223261860008,0.0,-305.12201871348014,1.9163202359467668,0.31652687475916896,4.241499603264706,1.1158442992516373,43,4.45655868824843,0.0,191.6320235946825
3b7d8ff811b1984b,trend_volatility_breakout_v1,1.0.1,ETHUSDT,1h,SHORT_ONLY,"{""atr_expansion_threshold"": 1.25, ""atr_length"": 14, ""atr_reference_length"": 50, ""atr_stop_multiplier"": 1.5, ""breakout_length"": 50, ""reward_risk"": 2.0, ""slope_lookback"": 5, ""trend_length"": 100}",PASS,,-7.4494706969239655,-2.0708702010213162,8.588392576109497,0.530795359715027,52,-14.325905186392244,0.0,-744.9470696923967,-1.700603442282611,-0.6357035744645386,6.384068601613546,0.8531355586508947,31,-5.485817555750557,0.0,-170.06034422826727,-0.9282866774429355,-0.1585785365463108,5.711181452400214,0.9496551458008221,55,-1.6877939589871902,0.0,-92.82866774429546
3091716eb5a127f7,trend_volatility_breakout_v1,1.0.1,ETHUSDT,1h,LONG_SHORT,"{""atr_expansion_threshold"": 1.0, ""atr_length"": 20, ""atr_reference_length"": 50, ""atr_stop_multiplier"": 1.5, ""breakout_length"": 20, ""reward_risk"": 1.5, ""slope_lookback"": 5, ""trend_length"": 200}",PASS,,-10.62702566970718,-2.071049539555435,12.735811406036603,0.7464764429376839,194,-5.4778482833541915,-438.3971847115758,-624.3053822591373,3.0225195061206245,0.7789347884608964,5.624270206050281,1.120104293767627,102,2.963254417765356,-598.2984489016137,900.55039951368,2.5102901021090362,0.3132144434231952,6.850629582523784,1.0425303200207539,240,1.045954209212109,172.67148443260535,78.35752577830083
a3a03e36b616595f,trend_volatility_breakout_v1,1.0.1,ETHUSDT,1h,SHORT_ONLY,"{""atr_expansion_threshold"": 1.0, ""atr_length"": 20, ""atr_reference_length"": 50, ""atr_stop_multiplier"": 1.5, ""breakout_length"": 20, ""reward_risk"": 1.5, ""slope_lookback"": 5, ""trend_length"": 200}",PASS,,-6.482643525470666,-2.0768674704517,7.52752373357915,0.6446108189283474,80,-8.103304406838367,0.0,-648.2643525470694,9.245692941197303,2.73768595227104,2.2038294278158395,1.8569119783067092,53,17.4447036626366,0.0,924.5692941197397,0.7877903530726149,0.1472053586241779,7.570862057968579,1.0261399480477285,112,0.7033842438148108,0.0,78.77903530725881
b36c107cdded903f,trend_volatility_breakout_v1,1.0.1,ETHUSDT,1h,SHORT_ONLY,"{""atr_expansion_threshold"": 1.25, ""atr_length"": 20, ""atr_reference_length"": 50, ""atr_stop_multiplier"": 1.5, ""breakout_length"": 50, ""reward_risk"": 1.5, ""slope_lookback"": 5, ""trend_length"": 200}",PASS,,-6.188111353694003,-2.0928079212701203,7.144450442606469,0.48051419214427465,42,-14.733598461176179,0.0,-618.8111353693995,4.8038458667625905,1.8674784237600541,1.3841859724680265,2.0047991102678595,20,24.01922933381332,0.0,480.3845866762664,-2.6138004060394793,-0.5622775526058089,6.334530732255618,0.8172850219103572,48,-5.445417512582115,0.0,-261.38004060394155
988889d9acb51121,trend_volatility_breakout_v1,1.0.1,ETHUSDT,1h,SHORT_ONLY,"{""atr_expansion_threshold"": 1.0, ""atr_length"": 14, ""atr_reference_length"": 50, ""atr_stop_multiplier"": 1.5, ""breakout_length"": 20, ""reward_risk"": 2.5, ""slope_lookback"": 5, ""trend_length"": 100}",PASS,,-9.522386704478592,-2.098591702074119,10.792586696206426,0.6064788570157028,86,-11.072542679626215,0.0,-952.2386704478545,1.953798347199709,0.5994563542074106,5.538291569434485,1.1232928133902387,48,4.070413223332747,0.0,195.37983471997185,-0.29341619330067736,-0.005692987775222548,8.91620018862965,0.9914611201183914,102,-0.28766293460849474,0.0,-29.34161933006646
63a1975286a79069,trend_volatility_breakout_v1,1.0.1,ETHUSDT,1h,LONG_SHORT,"{""atr_expansion_threshold"": 1.25, ""atr_length"": 14, ""atr_reference_length"": 50, ""atr_stop_multiplier"": 1.5, ""breakout_length"": 50, ""reward_risk"": 2.0, ""slope_lookback"": 5, ""trend_length"": 100}",PASS,,-12.022872849891343,-2.103333474055332,14.143860776730326,0.640424651615734,117,-10.275959700761907,-536.8997987894792,-665.387486199664,-0.3084668935067425,-0.06068008806956188,5.473398239944773,0.983228190348704,56,-0.5508337384049409,145.1296593828605,-175.97634873353718,-4.0531603680444945,-0.5136943278446661,9.956991286863948,0.894379289832295,127,-3.191464856727962,-323.7769493726458,-81.53908743180537
6323e21da656f233,trend_volatility_breakout_v1,1.0.1,ETHUSDT,1h,SHORT_ONLY,"{""atr_expansion_threshold"": 1.0, ""atr_length"": 14, ""atr_reference_length"": 50, ""atr_stop_multiplier"": 1.5, ""breakout_length"": 50, ""reward_risk"": 1.5, ""slope_lookback"": 5, ""trend_length"": 200}",PASS,,-7.270501378407312,-2.1052465763173096,8.28598552838601,0.6036762966918627,71,-10.24014278648909,0.0,-727.0501378407254,8.1185633355102,2.8463343970277872,2.969253197758481,1.7924383420491619,46,17.649050729370046,0.0,811.8563335510221,-4.298193589552779,-0.6846426030948006,7.37535818730605,0.8623606631392808,102,-4.213915283875197,0.0,-429.8193589552701
537270646c4755bb,trend_volatility_breakout_v1,1.0.1,ETHUSDT,1h,SHORT_ONLY,"{""atr_expansion_threshold"": 1.25, ""atr_length"": 14, ""atr_reference_length"": 50, ""atr_stop_multiplier"": 1.5, ""breakout_length"": 50, ""reward_risk"": 2.5, ""slope_lookback"": 5, ""trend_length"": 100}",PASS,,-8.200464111734451,-2.112332506211478,9.95190199095661,0.4734294235661096,48,-17.084300232779942,0.0,-820.0464111734371,-1.9737517641185365,-0.6562729563514812,6.484406550494211,0.84123247320476,31,-6.366941174575918,0.0,-197.37517641185346,1.7101706707858488,0.3015782753509434,5.1627359341272605,1.0927387318251924,52,3.2887897515112794,0.0,171.01706707858654
80ef9417dd9618b3,trend_volatility_breakout_v1,1.0.1,ETHUSDT,1h,SHORT_ONLY,"{""atr_expansion_threshold"": 1.25, ""atr_length"": 20, ""atr_reference_length"": 50, ""atr_stop_multiplier"": 2.0, ""breakout_length"": 50, ""reward_risk"": 2.5, ""slope_lookback"": 5, ""trend_length"": 100}",PASS,,-7.839362341699396,-2.1187623612432422,8.505969466418053,0.47903426263807697,37,-21.187465788376702,0.0,-783.936234169938,-2.1132185511593016,-0.7832806748113235,6.671242370091676,0.7767980206895381,19,-11.122202900838179,0.0,-211.3218551159254,2.7928570356941185,0.42001096201438054,4.860718805208165,1.1834712248164794,36,7.757936210261493,0.0,279.2857035694137
9560301bad124809,trend_volatility_breakout_v1,1.0.1,ETHUSDT,1h,SHORT_ONLY,"{""atr_expansion_threshold"": 1.25, ""atr_length"": 20, ""atr_reference_length"": 50, ""atr_stop_multiplier"": 1.5, ""breakout_length"": 20, ""reward_risk"": 2.5, ""slope_lookback"": 5, ""trend_length"": 100}",PASS,,-7.448247557764787,-2.121667541834244,8.346982149608973,0.46830235123281205,44,-16.927835358556408,0.0,-744.824755776482,-3.4089594272670887,-1.7640243088273795,6.305220614249817,0.6206126641123929,22,-15.495270123941088,0.0,-340.89594272670394,-3.9597214342383946,-0.8964337996689713,6.029035631257945,0.7679129335693758,50,-7.919442868476838,0.0,-395.9721434238419
19316efe51318cf7,trend_volatility_breakout_v1,1.0.1,ETHUSDT,1h,SHORT_ONLY,"{""atr_expansion_threshold"": 1.0, ""atr_length"": 20, ""atr_reference_length"": 50, ""atr_stop_multiplier"": 1.5, ""breakout_length"": 50, ""reward_risk"": 1.5, ""slope_lookback"": 5, ""trend_length"": 100}",PASS,,-7.135596124356125,-2.122887746772808,8.185600847126619,0.5964384439715116,72,-9.910550172716775,0.0,-713.5596124356078,10.11425024019077,2.837613755774727,2.769823205413043,1.9496830945247063,53,19.083491019227726,0.0,1011.4250240190694,1.577199459016998,0.27557435797380575,5.341729324721756,1.0578774997405307,102,1.546273979428488,0.0,157.71994590170578
184f86f254dce279,trend_volatility_breakout_v1,1.0.1,ETHUSDT,1h,SHORT_ONLY,"{""atr_expansion_threshold"": 1.0, ""atr_length"": 14, ""atr_reference_length"": 50, ""atr_stop_multiplier"": 1.5, ""breakout_length"": 20, ""reward_risk"": 2.0, ""slope_lookback"": 5, ""trend_length"": 200}",PASS,,-8.474434042403722,-2.1387684502248403,9.058918770490328,0.6247347521428921,86,-9.85399307256246,0.0,-847.4434042403716,3.9270649659269186,1.2397773639819083,3.422427300029862,1.3078966919917545,44,8.92514764983359,0.0,392.706496592678,-4.543821043330265,-0.6137754420981697,8.22583592224248,0.864862989556087,105,-4.327448612695663,0.0,-454.38210433304454
3b5cdd5f68735e87,trend_volatility_breakout_v1,1.0.1,ETHUSDT,1h,SHORT_ONLY,"{""atr_expansion_threshold"": 1.0, ""atr_length"": 20, ""atr_reference_length"": 50, ""atr_stop_multiplier"": 1.5, ""breakout_length"": 20, ""reward_risk"": 2.0, ""slope_lookback"": 5, ""trend_length"": 200}",PASS,,-7.471588752836,-2.1418895502377087,8.607127020713914,0.6232183887883618,78,-9.5789599395332,0.0,-747.1588752835896,4.197919537748485,1.3193630149352922,3.542485994925565,1.3378745869432305,47,8.931743697337055,0.0,419.79195377484155,-6.03186979995336,-0.9192211471439469,8.028634489998389,0.800517278576467,99,-6.092797777730695,0.0,-603.1869799953388
78c5899a23c8fe87,trend_volatility_breakout_v1,1.0.1,ETHUSDT,1h,SHORT_ONLY,"{""atr_expansion_threshold"": 1.0, ""atr_length"": 14, ""atr_reference_length"": 50, ""atr_stop_multiplier"": 2.0, ""breakout_length"": 20, ""reward_risk"": 2.5, ""slope_lookback"": 5, ""trend_length"": 100}",PASS,,-11.464332280027211,-2.16765851457503,12.510475367655118,0.5601658308606717,73,-15.704564767160484,0.0,-1146.4332280027154,4.458167419022119,0.9965768299204192,7.245823005531133,1.244717096410153,44,10.132198679595701,0.0,445.8167419022108,3.220548387655686,0.31814881574641823,9.002926427929038,1.0900230275309255,84,3.8339861757805798,0.0,322.0548387655687
4608d66ad6871fdc,trend_volatility_breakout_v1,1.0.1,ETHUSDT,1h,SHORT_ONLY,"{""atr_expansion_threshold"": 1.25, ""atr_length"": 20, ""atr_reference_length"": 50, ""atr_stop_multiplier"": 2.0, ""breakout_length"": 20, ""reward_risk"": 1.5, ""slope_lookback"": 5, ""trend_length"": 200}",PASS,,-6.461614079300848,-2.169432429292087,7.4880531741985585,0.5506753169607371,42,-15.384795426906619,0.0,-646.161407930078,0.6290853141301289,0.2969125121733411,2.561533575282577,1.0914562507357477,18,3.4949184118338623,0.0,62.90853141300952,-0.06443157022681945,0.015379352157440003,6.488643531337367,0.9959523774060566,45,-0.1431812671706251,0.0,-6.443157022678129
b4eddd6b741be35f,trend_volatility_breakout_v1,1.0.1,ETHUSDT,1h,SHORT_ONLY,"{""atr_expansion_threshold"": 1.0, ""atr_length"": 14, ""atr_reference_length"": 50, ""atr_stop_multiplier"": 2.0, ""breakout_length"": 20, ""reward_risk"": 1.5, ""slope_lookback"": 5, ""trend_length"": 200}",PASS,,-9.933014358439562,-2.1864128830325753,10.475315524798098,0.6124792143196097,84,-11.825017093380357,0.0,-993.30143584395,1.9550515472954721,0.598088779500157,5.643810999547483,1.1275282033360692,44,4.443298971126009,0.0,195.50515472954442,2.1411396146240547,0.26667757869682945,6.603304810169439,1.058657621330732,101,2.119940212499101,0.0,214.11396146240924
2b3d7770fb64bcd7,trend_volatility_breakout_v1,1.0.1,ETHUSDT,1h,SHORT_ONLY,"{""atr_expansion_threshold"": 1.25, ""atr_length"": 14, ""atr_reference_length"": 50, ""atr_stop_multiplier"": 2.0, ""breakout_length"": 50, ""reward_risk"": 2.0, ""slope_lookback"": 5, ""trend_length"": 100}",PASS,,-8.583291829098593,-2.211861981241564,9.896024231490186,0.5076092643720265,45,-19.073981842441494,0.0,-858.3291829098673,-1.8852850165402057,-0.534228807320334,5.99723420833433,0.8641188091061579,30,-6.284283388467299,0.0,-188.52850165401895,5.196623178829429,0.6103553440226224,4.943479327254955,1.2582124748732135,49,10.605353426182509,0.0,519.662317882943
6045aa8200e781d8,trend_volatility_breakout_v1,1.0.1,ETHUSDT,1h,SHORT_ONLY,"{""atr_expansion_threshold"": 1.25, ""atr_length"": 20, ""atr_reference_length"": 50, ""atr_stop_multiplier"": 2.0, ""breakout_length"": 50, ""reward_risk"": 2.0, ""slope_lookback"": 5, ""trend_length"": 100}",PASS,,-7.677809047116357,-2.23631715817656,8.33145710944252,0.46834173608822316,37,-20.750835262476777,0.0,-767.7809047116408,-4.382774229279263,-1.9415953158666703,7.1399278924921665,0.5688758251571193,20,-21.913871146396282,0.0,-438.27742292792567,4.19648850207448,0.6404466075870299,4.286920752039024,1.2865647955536275,38,11.04339079493281,0.0,419.64885020744674
9e99dc0b795ae8f6,trend_volatility_breakout_v1,1.0.1,ETHUSDT,1h,SHORT_ONLY,"{""atr_expansion_threshold"": 1.25, ""atr_length"": 14, ""atr_reference_length"": 50, ""atr_stop_multiplier"": 2.0, ""breakout_length"": 50, ""reward_risk"": 1.5, ""slope_lookback"": 5, ""trend_length"": 100}",PASS,,-7.862380255853774,-2.2413456488720733,8.56286995636988,0.5602686428597956,51,-15.416431874223157,0.0,-786.238025585381,-3.2498871506050464,-1.1367236182268867,6.995220956997337,0.7624278053452973,31,-10.4835069374357,0.0,-324.9887150605067,9.30872797210851,1.1918581001587043,4.606159387126869,1.5331977728538708,53,17.56363768322363,0.0,930.8727972108522
f788b67565b25c54,trend_volatility_breakout_v1,1.0.1,ETHUSDT,1h,LONG_SHORT,"{""atr_expansion_threshold"": 1.0, ""atr_length"": 14, ""atr_reference_length"": 50, ""atr_stop_multiplier"": 1.5, ""breakout_length"": 20, ""reward_risk"": 2.0, ""slope_lookback"": 5, ""trend_length"": 100}",PASS,,-15.595600459286086,-2.2556336263473926,17.04872244643324,0.6789051223364956,197,-7.91654845649043,-687.0954966916238,-872.4645492369909,-3.639266312669842,-0.7675928911051355,8.438616179602992,0.878928827245154,101,-3.603233972940499,-552.6448957238636,188.71826445687313,-2.8330710488094657,-0.2363570759567988,10.258774049806552,0.9572458759206248,235,-1.2055621484294934,-1.3113923877812859,-281.9957124931496
f931ab9e99795bdf,trend_volatility_breakout_v1,1.0.1,ETHUSDT,1h,SHORT_ONLY,"{""atr_expansion_threshold"": 1.0, ""atr_length"": 20, ""atr_reference_length"": 50, ""atr_stop_multiplier"": 1.5, ""breakout_length"": 50, ""reward_risk"": 1.5, ""slope_lookback"": 5, ""trend_length"": 200}",PASS,,-7.240592305811866,-2.285897021636526,8.192965383050678,0.567521375405371,68,-10.647929861487968,0.0,-724.0592305811819,11.35027871245191,3.4237901652640415,1.384186343343187,2.3464752891474547,46,24.674518940112872,0.0,1135.027871245192,0.7042337863350623,0.1407932553844359,5.6981212863752795,1.0264371468384454,98,0.7186059044236169,0.0,70.42337863351446
86e37e404259f619,trend_volatility_breakout_v1,1.0.1,ETHUSDT,1h,SHORT_ONLY,"{""atr_expansion_threshold"": 1.25, ""atr_length"": 20, ""atr_reference_length"": 50, ""atr_stop_multiplier"": 2.0, ""breakout_length"": 20, ""reward_risk"": 2.5, ""slope_lookback"": 5, ""trend_length"": 100}",PASS,,-8.63762093257121,-2.297864112231576,9.298454874447854,0.45312919012571506,39,-22.147745980951942,0.0,-863.7620932571258,-2.639000467697805,-0.9800200516004375,7.172541650020062,0.7357393608799074,20,-13.195002338488916,0.0,-263.9000467697783,3.559257690603257,0.5122881817901005,4.793214685857667,1.2141308956767782,41,8.681116318544495,0.0,355.9257690603243
3853d7a890cc9372,trend_volatility_breakout_v1,1.0.1,ETHUSDT,1h,SHORT_ONLY,"{""atr_expansion_threshold"": 1.0, ""atr_length"": 14, ""atr_reference_length"": 50, ""atr_stop_multiplier"": 1.5, ""breakout_length"": 20, ""reward_risk"": 2.0, ""slope_lookback"": 5, ""trend_length"": 100}",PASS,,-9.512210105973029,-2.3040037958980246,10.38985767895394,0.6058792917000901,91,-10.452978138431996,0.0,-951.2210105973116,1.9177570614239192,0.5960528954074711,4.626244394829915,1.1278330109166979,50,3.8355141228477465,0.0,191.77570614238732,-2.7785763228126203,-0.36191428262879,8.29345494893162,0.9190518321121876,110,-2.5259784752840737,0.0,-277.85763228124813
9666d8159cc0fd7c,trend_volatility_breakout_v1,1.0.1,ETHUSDT,1h,SHORT_ONLY,"{""atr_expansion_threshold"": 1.0, ""atr_length"": 14, ""atr_reference_length"": 50, ""atr_stop_multiplier"": 1.5, ""breakout_length"": 20, ""reward_risk"": 1.5, ""slope_lookback"": 5, ""trend_length"": 200}",PASS,,-8.145456693752672,-2.331573870755805,9.077033744855074,0.6287886098186691,90,-9.050507437502855,0.0,-814.5456693752569,6.7074611086193725,2.3329510226375065,2.9692520418618296,1.5647082356644388,51,13.15188452670486,0.0,670.7461108619478,-5.164009736428998,-0.7781559740738264,7.3097977743554114,0.8548363833214615,121,-4.267776641676908,0.0,-516.4009736429058
50f59874eda9a502,trend_volatility_breakout_v1,1.0.1,ETHUSDT,1h,SHORT_ONLY,"{""atr_expansion_threshold"": 1.25, ""atr_length"": 20, ""atr_reference_length"": 50, ""atr_stop_multiplier"": 2.0, ""breakout_length"": 20, ""reward_risk"": 2.0, ""slope_lookback"": 5, ""trend_length"": 100}",PASS,,-8.194162450531383,-2.3445281909508164,8.844152651624864,0.4647702986776172,40,-20.48540612632859,0.0,-819.4162450531436,-4.8963636580818815,-2.158199303994455,7.638707803829746,0.5412782540158019,21,-23.31601741943749,0.0,-489.6363658081873,4.519827081024785,0.6699410990280807,4.740388360108759,1.2817499271474357,43,10.511225769824991,0.0,451.98270810247465
450efd144fff73f8,trend_volatility_breakout_v1,1.0.1,ETHUSDT,1h,SHORT_ONLY,"{""atr_expansion_threshold"": 1.0, ""atr_length"": 14, ""atr_reference_length"": 50, ""atr_stop_multiplier"": 2.0, ""breakout_length"": 20, ""reward_risk"": 1.5, ""slope_lookback"": 5, ""trend_length"": 100}",PASS,,-11.630991887871755,-2.4705252681582173,12.343449199432204,0.580923313147125,89,-13.068530211091932,0.0,-1163.099188787182,-0.26833132476369315,-0.0388521672037933,6.737008376377732,0.9849013311666404,49,-0.5476149484972841,0.0,-26.83313247636692,3.6141656072796513,0.42368179479374285,6.432565784737737,1.096110518005981,107,3.3777248666164783,0.0,361.4165607279632
