configuration_id,symbol,timeframe,mode,parameters,period,scenario,start,end,closed_trades,strategy,strategy_version,win_rate_pct,return_pct,profit_factor,sharpe,expectancy,max_drawdown_pct,fees_paid,average_win,average_loss,average_trade,average_close_exposure_pct,average_holding_hours,slippage_cost_closed_trades,spread_cost_closed_trades,gross_price_pnl,gross_return_pct,total_modeled_costs,cost_gross_profit_ratio,top_5_profit_share_pct,long_setup_count,short_setup_count,setups_traded_pct,midpoint_exit_pct,regime_exit_losses,funding_pnl,funding_note,filter_status
949bc1eb82c7793f,BTCUSDT,15m,LONG_ONLY,"{""adx_period"": 14, ""adx_threshold"": 20.0, ""atr_period"": 14, ""ema_period"": 100, ""ema_slope_lookback"": 3, ""lower_zone"": 0.2, ""max_ema_slope_pct"": 0.1, ""minimum_range_atr"": 3.0, ""range_lookback"": 32, ""stop_atr_buffer"": 0.5, ""upper_zone"": 0.8}",train,base,2020-02-01T00:00:00+00:00,2023-01-01T00:00:00+00:00,487,range_mean_reversion_v1,1.0.0,25.87268993839836,-24.985763138273025,0.3817205561992308,-4.185399055865571,-5.130546845641261,25.02593717917365,1064.6146384250476,12.24285804414622,-11.19439453570559,-5.130546845641261,0.5206144713943571,1.3095482546201231,638.7687107382197,106.46145178970328,-688.7315128742871,-6.887315128742872,1809.8448009529704,0.8848222277781125,16.83935898179256,538,573,90.52044609665428,21.765913757700204,202.3420620116792,,not_modelled_synthetic,FAIL
949bc1eb82c7793f,BTCUSDT,15m,LONG_ONLY,"{""adx_period"": 14, ""adx_threshold"": 20.0, ""atr_period"": 14, ""ema_period"": 100, ""ema_slope_lookback"": 3, ""lower_zone"": 0.2, ""max_ema_slope_pct"": 0.1, ""minimum_range_atr"": 3.0, ""range_lookback"": 32, ""stop_atr_buffer"": 0.5, ""upper_zone"": 0.8}",train,adverse,2020-02-01T00:00:00+00:00,2023-01-01T00:00:00+00:00,487,range_mean_reversion_v1,1.0.0,20.739219712525667,-38.979870849347854,0.2083110254858077,-5.764099277705281,-8.004080256539568,38.979870849347854,1933.1713338828456,10.154924110584616,-12.75552958576118,-8.004080256539568,0.520282232617817,1.3095482546201231,1159.9025434593384,193.3170905765564,-611.5961170160728,-6.115961170160728,3286.390967918741,1.7545472797930488,21.77077209716959,538,573,90.52044609665428,21.765913757700204,334.8431899406091,,not_modelled_synthetic,FAIL
949bc1eb82c7793f,BTCUSDT,15m,LONG_ONLY,"{""adx_period"": 14, ""adx_threshold"": 20.0, ""atr_period"": 14, ""ema_period"": 100, ""ema_slope_lookback"": 3, ""lower_zone"": 0.2, ""max_ema_slope_pct"": 0.1, ""minimum_range_atr"": 3.0, ""range_lookback"": 32, ""stop_atr_buffer"": 0.5, ""upper_zone"": 0.8}",validation,base,2023-01-01T00:00:00+00:00,2025-01-01T00:00:00+00:00,476,range_mean_reversion_v1,1.0.0,25.630252100840337,-20.75808066874449,0.3164392724214131,-5.35685931752098,-4.360941316963099,20.82800310006222,1065.9059320988938,7.876633506959723,-8.578410606563619,-4.360941316963099,0.7047492859147587,1.2725840336134453,639.5435315636946,106.59058859394912,-263.7680146178613,-2.637680146178613,1812.0400522565376,1.2321352298910189,15.167903729968558,533,531,89.30581613508443,25.0,106.2542557156363,,not_modelled_synthetic,PASS
949bc1eb82c7793f,BTCUSDT,15m,LONG_ONLY,"{""adx_period"": 14, ""adx_threshold"": 20.0, ""atr_period"": 14, ""ema_period"": 100, ""ema_slope_lookback"": 3, ""lower_zone"": 0.2, ""max_ema_slope_pct"": 0.1, ""minimum_range_atr"": 3.0, ""range_lookback"": 32, ""stop_atr_buffer"": 0.5, ""upper_zone"": 0.8}",validation,adverse,2023-01-01T00:00:00+00:00,2025-01-01T00:00:00+00:00,475,range_mean_reversion_v1,1.0.0,18.526315789473685,-35.18128363032381,0.1264152615793972,-7.135116217071768,-7.406586027436631,35.18128363032381,1933.9203703733676,5.785267948293069,-10.406284089101266,-7.406586027436631,0.7028765026782744,1.2726315789473683,1160.352125429205,193.3920209048675,-230.46384632500397,-2.3046384632500394,3287.66451670744,2.457973386733436,23.00931361338434,533,531,89.11819887429644,25.05263157894737,167.05912257852955,,not_modelled_synthetic,FAIL
949bc1eb82c7793f,BTCUSDT,15m,LONG_ONLY,"{""adx_period"": 14, ""adx_threshold"": 20.0, ""atr_period"": 14, ""ema_period"": 100, ""ema_slope_lookback"": 3, ""lower_zone"": 0.2, ""max_ema_slope_pct"": 0.1, ""minimum_range_atr"": 3.0, ""range_lookback"": 32, ""stop_atr_buffer"": 0.5, ""upper_zone"": 0.8}",test,base,2025-01-01T00:00:00+00:00,2026-09-26T00:00:00+00:00,504,range_mean_reversion_v1,1.0.0,22.22222222222222,-23.4726095938704,0.2715583777480964,-6.774215300119896,-4.657263808307673,23.596544741815197,1101.197925339433,7.812891721901351,-8.220165388367393,-4.657263808307673,0.8161145812104482,1.2137896825396826,660.7187053050825,110.11978421751375,-475.22454452500006,-4.752245445250001,1872.0364148620288,1.3848928743846898,14.27850581379576,598,545,84.2809364548495,21.428571428571427,91.63415534388102,,not_modelled_synthetic,PASS
949bc1eb82c7793f,BTCUSDT,15m,LONG_ONLY,"{""adx_period"": 14, ""adx_threshold"": 20.0, ""atr_period"": 14, ""ema_period"": 100, ""ema_slope_lookback"": 3, ""lower_zone"": 0.2, ""max_ema_slope_pct"": 0.1, ""minimum_range_atr"": 3.0, ""range_lookback"": 32, ""stop_atr_buffer"": 0.5, ""upper_zone"": 0.8}",test,adverse,2025-01-01T00:00:00+00:00,2026-09-26T00:00:00+00:00,504,range_mean_reversion_v1,1.0.0,16.071428571428573,-38.19825722281468,0.1086995204662805,-8.682312229986684,-7.579019290241019,38.28512685561069,1991.131587372716,5.75124697709539,-10.131623469092672,-7.579019290241019,0.8155925942939364,1.2137896825396826,1194.67876976469,199.113128294115,-434.9022368499996,-4.349022368499996,3384.923485431521,2.7760838765904827,20.2103146830399,598,545,84.2809364548495,21.428571428571427,183.7677771642905,,not_modelled_synthetic,FAIL
949bc1eb82c7793f,BTCUSDT,15m,LONG_ONLY,"{""adx_period"": 14, ""adx_threshold"": 20.0, ""atr_period"": 14, ""ema_period"": 100, ""ema_slope_lookback"": 3, ""lower_zone"": 0.2, ""max_ema_slope_pct"": 0.1, ""minimum_range_atr"": 3.0, ""range_lookback"": 32, ""stop_atr_buffer"": 0.5, ""upper_zone"": 0.8}",diagnostic_2020,base,2020-02-01T00:00:00+00:00,2021-01-01T00:00:00+00:00,144,range_mean_reversion_v1,1.0.0,29.166666666666668,-5.880625307243848,0.4728479068862654,-3.291072261850936,-4.083767574474837,5.931031147076858,350.95349710035464,12.559135724804245,-10.936727756530928,-4.083767574474837,0.4817130648679286,1.3038194444444444,210.5720991588464,35.09534985980773,8.558415394642845,0.0855841539464284,596.6209461190087,0.8380089740180564,32.400691595787215,157,161,91.71974522292992,25.694444444444443,20.95859826813957,,not_modelled_synthetic,PASS
949bc1eb82c7793f,BTCUSDT,15m,LONG_ONLY,"{""adx_period"": 14, ""adx_threshold"": 20.0, ""atr_period"": 14, ""ema_period"": 100, ""ema_slope_lookback"": 3, ""lower_zone"": 0.2, ""max_ema_slope_pct"": 0.1, ""minimum_range_atr"": 3.0, ""range_lookback"": 32, ""stop_atr_buffer"": 0.5, ""upper_zone"": 0.8}",diagnostic_2020,adverse,2020-02-01T00:00:00+00:00,2021-01-01T00:00:00+00:00,144,range_mean_reversion_v1,1.0.0,22.916666666666668,-11.45769233875269,0.2374670388272143,-5.144440135560819,-7.956730790800421,11.457692338752697,680.6654177722976,10.81254510244057,-13.536785786088284,-7.956730790800421,0.4814060927489452,1.3038194444444444,408.39925543541096,68.06654257256851,11.361981905000029,0.1136198190500002,1157.131215780277,1.672955367565668,40.79283997488167,157,161,91.71974522292992,25.694444444444443,51.515305046493296,,not_modelled_synthetic,PASS
949bc1eb82c7793f,BTCUSDT,15m,LONG_ONLY,"{""adx_period"": 14, ""adx_threshold"": 20.0, ""atr_period"": 14, ""ema_period"": 100, ""ema_slope_lookback"": 3, ""lower_zone"": 0.2, ""max_ema_slope_pct"": 0.1, ""minimum_range_atr"": 3.0, ""range_lookback"": 32, ""stop_atr_buffer"": 0.5, ""upper_zone"": 0.8}",diagnostic_2021,base,2021-01-01T00:00:00+00:00,2022-01-01T00:00:00+00:00,154,range_mean_reversion_v1,1.0.0,22.07792207792208,-11.13260240656878,0.3679019865129604,-4.272571487625081,-7.228962601668078,11.433196576410756,363.3368593831496,19.057480723138895,-14.676788210363387,-7.228962601668078,0.4286464995214282,1.1883116883116882,218.0020635931875,36.33367726553125,-495.58764041500194,-4.955876404150019,617.6726002418684,0.7802979259602515,37.149256691109954,174,169,88.50574712643679,18.181818181818183,110.35048863456888,,not_modelled_synthetic,PASS
949bc1eb82c7793f,BTCUSDT,15m,LONG_ONLY,"{""adx_period"": 14, ""adx_threshold"": 20.0, ""atr_period"": 14, ""ema_period"": 100, ""ema_slope_lookback"": 3, ""lower_zone"": 0.2, ""max_ema_slope_pct"": 0.1, ""minimum_range_atr"": 3.0, ""range_lookback"": 32, ""stop_atr_buffer"": 0.5, ""upper_zone"": 0.8}",diagnostic_2021,adverse,2021-01-01T00:00:00+00:00,2022-01-01T00:00:00+00:00,154,range_mean_reversion_v1,1.0.0,20.12987012987013,-16.74661997838922,0.2317762153516272,-5.466881915677199,-10.874428557395587,16.957355703780237,703.4414190058473,16.298460691706893,-17.722880319364506,-10.874428557395587,0.4283730678502858,1.1883116883116882,422.0646503025439,70.34410838375732,-478.8118201467876,-4.788118201467877,1195.8501776921485,1.554026457191174,42.73047540136177,174,169,88.50574712643679,18.181818181818183,177.07067658586362,,not_modelled_synthetic,PASS
949bc1eb82c7793f,BTCUSDT,15m,LONG_ONLY,"{""adx_period"": 14, ""adx_threshold"": 20.0, ""atr_period"": 14, ""ema_period"": 100, ""ema_slope_lookback"": 3, ""lower_zone"": 0.2, ""max_ema_slope_pct"": 0.1, ""minimum_range_atr"": 3.0, ""range_lookback"": 32, ""stop_atr_buffer"": 0.5, ""upper_zone"": 0.8}",diagnostic_2022,base,2022-01-01T00:00:00+00:00,2023-01-01T00:00:00+00:00,189,range_mean_reversion_v1,1.0.0,26.455026455026456,-10.314506064228755,0.319614614862814,-4.949600569477243,-5.457410615994017,10.6363851010399,444.3864212012268,9.690586997408554,-10.906330620815083,-5.457410615994017,0.6482871475330036,1.4126984126984128,266.631823741395,44.4386372902325,-275.9937241899995,-2.759937241899995,755.4568822328542,1.0737974892854898,25.81613603962897,207,243,91.30434782608695,21.693121693121693,92.68416266071776,,not_modelled_synthetic,PASS
949bc1eb82c7793f,BTCUSDT,15m,LONG_ONLY,"{""adx_period"": 14, ""adx_threshold"": 20.0, ""atr_period"": 14, ""ema_period"": 100, ""ema_slope_lookback"": 3, ""lower_zone"": 0.2, ""max_ema_slope_pct"": 0.1, ""minimum_range_atr"": 3.0, ""range_lookback"": 32, ""stop_atr_buffer"": 0.5, ""upper_zone"": 0.8}",diagnostic_2022,adverse,2022-01-01T00:00:00+00:00,2023-01-01T00:00:00+00:00,189,range_mean_reversion_v1,1.0.0,19.576719576719576,-17.220972891084475,0.1485484568546445,-6.752477328251269,-9.111625868298724,17.447593831914066,854.1928058911974,8.120152148063807,-13.30620341175539,-9.111625868298724,0.6478735960898452,1.4126984126984128,512.5155701474648,85.41926169124415,-269.969651378571,-2.6996965137857094,1452.1276377299064,2.140622250084248,34.061069336557686,207,243,91.30434782608695,21.693121693121693,171.67030269277504,,not_modelled_synthetic,PASS
949bc1eb82c7793f,BTCUSDT,15m,LONG_ONLY,"{""adx_period"": 14, ""adx_threshold"": 20.0, ""atr_period"": 14, ""ema_period"": 100, ""ema_slope_lookback"": 3, ""lower_zone"": 0.2, ""max_ema_slope_pct"": 0.1, ""minimum_range_atr"": 3.0, ""range_lookback"": 32, ""stop_atr_buffer"": 0.5, ""upper_zone"": 0.8}",diagnostic_2023,base,2023-01-01T00:00:00+00:00,2024-01-01T00:00:00+00:00,241,range_mean_reversion_v1,1.0.0,26.55601659751037,-10.95178850847306,0.2697058355004488,-6.163408210542057,-4.544310584428601,11.1258996510274,572.6951849265001,6.319716367149699,-8.472546318332618,-4.544310584428601,0.8057674907611325,1.407676348547718,343.61709818820964,57.26951636470161,-121.59705136786276,-1.2159705136786276,973.5817994794114,1.4045219681975485,28.201010596934577,263,271,91.63498098859316,26.55601659751037,44.73670069216205,,not_modelled_synthetic,PASS
949bc1eb82c7793f,BTCUSDT,15m,LONG_ONLY,"{""adx_period"": 14, ""adx_threshold"": 20.0, ""atr_period"": 14, ""ema_period"": 100, ""ema_slope_lookback"": 3, ""lower_zone"": 0.2, ""max_ema_slope_pct"": 0.1, ""minimum_range_atr"": 3.0, ""range_lookback"": 32, ""stop_atr_buffer"": 0.5, ""upper_zone"": 0.8}",diagnostic_2023,adverse,2023-01-01T00:00:00+00:00,2024-01-01T00:00:00+00:00,240,range_mean_reversion_v1,1.0.0,15.0,-19.52656798817845,0.0920001647289843,-8.133160162917934,-8.136069995074372,19.56165731625185,1085.2083770052952,5.495740936780925,-10.541683688931188,-8.136069995074372,0.802403806317832,1.4083333333333334,651.1249809260806,108.52083015434678,-107.80261073214795,-1.0780261073214796,1844.8541880857224,2.765032655543394,46.202739528121874,263,271,91.25475285171105,26.666666666666668,78.5111073431554,,not_modelled_synthetic,PASS
949bc1eb82c7793f,BTCUSDT,15m,LONG_ONLY,"{""adx_period"": 14, ""adx_threshold"": 20.0, ""atr_period"": 14, ""ema_period"": 100, ""ema_slope_lookback"": 3, ""lower_zone"": 0.2, ""max_ema_slope_pct"": 0.1, ""minimum_range_atr"": 3.0, ""range_lookback"": 32, ""stop_atr_buffer"": 0.5, ""upper_zone"": 0.8}",diagnostic_2024,base,2024-01-01T00:00:00+00:00,2025-01-01T00:00:00+00:00,235,range_mean_reversion_v1,1.0.0,24.680851063829788,-11.0782307863718,0.3577422001052865,-4.833242488590446,-4.714140760158195,11.09850020945732,553.4570372198667,10.639058601466624,-9.745132641368588,-4.714140760158195,0.6032965237485896,1.1329787234042554,332.0742048025757,55.345700800429285,-166.9461358142843,-1.6694613581428432,940.8769428228718,1.0876680482749468,23.46172221207983,270,260,87.03703703703704,22.97872340425532,69.03280480036025,,not_modelled_synthetic,PASS
949bc1eb82c7793f,BTCUSDT,15m,LONG_ONLY,"{""adx_period"": 14, ""adx_threshold"": 20.0, ""atr_period"": 14, ""ema_period"": 100, ""ema_slope_lookback"": 3, ""lower_zone"": 0.2, ""max_ema_slope_pct"": 0.1, ""minimum_range_atr"": 3.0, ""range_lookback"": 32, ""stop_atr_buffer"": 0.5, ""upper_zone"": 0.8}",diagnostic_2024,adverse,2024-01-01T00:00:00+00:00,2025-01-01T00:00:00+00:00,235,range_mean_reversion_v1,1.0.0,21.70212765957447,-19.512878628383447,0.163548092715511,-6.439318771178341,-8.303352607822765,19.512878628383444,1053.8646239875347,7.480931448726414,-12.678344384366287,-8.303352607822765,0.6029111556608093,1.1329787234042554,632.3187073109272,105.38645121848786,-159.7180803214273,-1.5971808032142727,1791.5697825169495,2.1716535831270467,31.178599187279936,270,260,87.03703703703704,22.97872340425532,109.9543227425152,,not_modelled_synthetic,PASS
949bc1eb82c7793f,BTCUSDT,15m,LONG_ONLY,"{""adx_period"": 14, ""adx_threshold"": 20.0, ""atr_period"": 14, ""ema_period"": 100, ""ema_slope_lookback"": 3, ""lower_zone"": 0.2, ""max_ema_slope_pct"": 0.1, ""minimum_range_atr"": 3.0, ""range_lookback"": 32, ""stop_atr_buffer"": 0.5, ""upper_zone"": 0.8}",diagnostic_2025,base,2025-01-01T00:00:00+00:00,2026-01-01T00:00:00+00:00,312,range_mean_reversion_v1,1.0.0,21.47435897435897,-15.800026386638788,0.2412356618030645,-7.393695228907963,-5.064111021358686,15.800026386638782,716.0421517847973,7.497519577615521,-8.499332450465918,-5.064111021358686,0.8914134386596089,1.232371794871795,429.6252529841207,71.60420883068679,-362.7310250642805,-3.6273102506428057,1217.2716135996047,1.5121128858151962,19.796482404168493,377,354,82.75862068965517,21.47435897435897,58.31722555122297,,not_modelled_synthetic,PASS
949bc1eb82c7793f,BTCUSDT,15m,LONG_ONLY,"{""adx_period"": 14, ""adx_threshold"": 20.0, ""atr_period"": 14, ""ema_period"": 100, ""ema_slope_lookback"": 3, ""lower_zone"": 0.2, ""max_ema_slope_pct"": 0.1, ""minimum_range_atr"": 3.0, ""range_lookback"": 32, ""stop_atr_buffer"": 0.5, ""upper_zone"": 0.8}",diagnostic_2025,adverse,2025-01-01T00:00:00+00:00,2026-01-01T00:00:00+00:00,312,range_mean_reversion_v1,1.0.0,15.064102564102564,-26.233725033220317,0.0904548234087065,-9.1676450968505,-8.408245202955262,26.23372503322032,1343.0148918805012,5.550978679690324,-10.884032080254668,-8.408245202955262,0.8908438547627073,1.232371794871795,805.8087922244122,134.30146537073537,-340.2473538464236,-3.402473538464236,2283.125149475649,3.013580374248387,29.230524510320866,377,354,82.75862068965517,21.47435897435897,118.05699246616372,,not_modelled_synthetic,FAIL
949bc1eb82c7793f,BTCUSDT,15m,LONG_ONLY,"{""adx_period"": 14, ""adx_threshold"": 20.0, ""atr_period"": 14, ""ema_period"": 100, ""ema_slope_lookback"": 3, ""lower_zone"": 0.2, ""max_ema_slope_pct"": 0.1, ""minimum_range_atr"": 3.0, ""range_lookback"": 32, ""stop_atr_buffer"": 0.5, ""upper_zone"": 0.8}",diagnostic_2026,base,2026-01-01T00:00:00+00:00,2026-09-26T00:00:00+00:00,192,range_mean_reversion_v1,1.0.0,23.4375,-9.112366230828206,0.3269480664301835,-5.896236137340263,-4.74602407855639,9.366725659555176,457.4316796339516,9.836686925384717,-9.210119283844485,-4.74602407855639,0.7135646424577212,1.18359375,274.4589937520786,45.74316562534643,-133.60278407143483,-1.3360278407143484,777.6338390113766,1.197575214707555,29.990945092161606,221,191,86.87782805429865,21.354166666666668,39.56874983616947,,not_modelled_synthetic,PASS
949bc1eb82c7793f,BTCUSDT,15m,LONG_ONLY,"{""adx_period"": 14, ""adx_threshold"": 20.0, ""atr_period"": 14, ""ema_period"": 100, ""ema_slope_lookback"": 3, ""lower_zone"": 0.2, ""max_ema_slope_pct"": 0.1, ""minimum_range_atr"": 3.0, ""range_lookback"": 32, ""stop_atr_buffer"": 0.5, ""upper_zone"": 0.8}",diagnostic_2026,adverse,2026-01-01T00:00:00+00:00,2026-09-26T00:00:00+00:00,192,range_mean_reversion_v1,1.0.0,17.708333333333332,-16.219570232383397,0.146250606120739,-7.990612298325597,-8.447692829366412,16.418341645723604,878.6135500618285,8.171987465664465,-12.024079728297108,-8.447692829366412,0.7131118377120744,1.18359375,527.1680761451958,87.86134602419929,-128.31405100714895,-1.2831405100714897,1493.6429722312234,2.38636216133088,39.22721119977786,221,191,86.87782805429865,21.354166666666668,89.07947284285385,,not_modelled_synthetic,PASS
96c2a5fc9370b70b,BTCUSDT,15m,SHORT_ONLY,"{""adx_period"": 14, ""adx_threshold"": 20.0, ""atr_period"": 14, ""ema_period"": 100, ""ema_slope_lookback"": 3, ""lower_zone"": 0.2, ""max_ema_slope_pct"": 0.1, ""minimum_range_atr"": 3.0, ""range_lookback"": 32, ""stop_atr_buffer"": 0.5, ""upper_zone"": 0.8}",train,base,2020-02-01T00:00:00+00:00,2023-01-01T00:00:00+00:00,507,range_mean_reversion_v1,1.0.0,25.64102564102564,-22.66126776664189,0.4258639356218984,-3.915474672357501,-4.4696780604816535,22.691040040493043,1100.97520801566,12.929951192422374,-10.469550216655454,-4.4696780604816535,0.5874965658986777,1.4097633136094674,660.585083390154,110.097513898359,-394.46897135999416,-3.9446897135999417,1871.657805304173,0.8537462168909125,12.554125919991638,538,573,88.48167539267016,22.485207100591715,199.09294138298128,,not_modelled_synthetic,PASS
96c2a5fc9370b70b,BTCUSDT,15m,SHORT_ONLY,"{""adx_period"": 14, ""adx_threshold"": 20.0, ""atr_period"": 14, ""ema_period"": 100, ""ema_slope_lookback"": 3, ""lower_zone"": 0.2, ""max_ema_slope_pct"": 0.1, ""minimum_range_atr"": 3.0, ""range_lookback"": 32, ""stop_atr_buffer"": 0.5, ""upper_zone"": 0.8}",train,adverse,2020-02-01T00:00:00+00:00,2023-01-01T00:00:00+00:00,507,range_mean_reversion_v1,1.0.0,21.499013806706117,-37.65810595934386,0.2285139719081083,-5.686118704113065,-7.427634311507679,37.65810595934386,1990.5636950981263,10.233322687799063,-12.264429067599224,-7.427634311507679,0.5875327765535523,1.4097633136094674,1194.3380566808253,199.0563427801376,-381.852501375352,-3.81852501375352,3383.958094559089,1.717514335739848,16.176880083873765,538,573,88.48167539267016,22.485207100591715,337.21505273830513,,not_modelled_synthetic,FAIL
96c2a5fc9370b70b,BTCUSDT,15m,SHORT_ONLY,"{""adx_period"": 14, ""adx_threshold"": 20.0, ""atr_period"": 14, ""ema_period"": 100, ""ema_slope_lookback"": 3, ""lower_zone"": 0.2, ""max_ema_slope_pct"": 0.1, ""minimum_range_atr"": 3.0, ""range_lookback"": 32, ""stop_atr_buffer"": 0.5, ""upper_zone"": 0.8}",validation,base,2023-01-01T00:00:00+00:00,2025-01-01T00:00:00+00:00,478,range_mean_reversion_v1,1.0.0,26.15062761506276,-19.54211685562124,0.3175923259561292,-5.903751174186439,-4.088308965611139,19.57331034008465,1069.8319847477771,7.27591623875464,-8.1124680323129,-4.088308965611139,0.7536511659693512,1.3373430962343096,641.8991766214467,106.98319610357449,-135.49732808929292,-1.3549732808929291,1818.7143574727984,1.2570371284097406,13.15687602152387,533,531,90.01883239171374,25.313807531380757,93.01232783303188,,not_modelled_synthetic,PASS
96c2a5fc9370b70b,BTCUSDT,15m,SHORT_ONLY,"{""adx_period"": 14, ""adx_threshold"": 20.0, ""atr_period"": 14, ""ema_period"": 100, ""ema_slope_lookback"": 3, ""lower_zone"": 0.2, ""max_ema_slope_pct"": 0.1, ""minimum_range_atr"": 3.0, ""range_lookback"": 32, ""stop_atr_buffer"": 0.5, ""upper_zone"": 0.8}",validation,adverse,2023-01-01T00:00:00+00:00,2025-01-01T00:00:00+00:00,477,range_mean_reversion_v1,1.0.0,17.19077568134172,-34.27303652856594,0.1187479360862446,-7.720258233539655,-7.18512296196349,34.27303652856594,1940.2568779819485,5.632026043220932,-9.845898198482788,-7.18512296196349,0.7533389101606711,1.3390985324947589,1164.1540726650192,194.02567877750323,-128.86702343214955,-1.2886702343214955,3298.436629424471,2.5369178489101505,19.513495130728938,533,531,89.83050847457628,25.366876310272534,181.3887835412676,,not_modelled_synthetic,FAIL
96c2a5fc9370b70b,BTCUSDT,15m,SHORT_ONLY,"{""adx_period"": 14, ""adx_threshold"": 20.0, ""atr_period"": 14, ""ema_period"": 100, ""ema_slope_lookback"": 3, ""lower_zone"": 0.2, ""max_ema_slope_pct"": 0.1, ""minimum_range_atr"": 3.0, ""range_lookback"": 32, ""stop_atr_buffer"": 0.5, ""upper_zone"": 0.8}",test,base,2025-01-01T00:00:00+00:00,2026-09-26T00:00:00+00:00,467,range_mean_reversion_v1,1.0.0,24.197002141327623,-20.7669143928087,0.3039566538410828,-6.008688715311017,-4.446876743642144,20.798098343737347,1038.6579937836268,8.025440842798035,-8.428153261347626,-4.446876743642144,0.8845572174744311,1.3822269807280514,623.1947636180229,103.86579393633714,-310.9728879428566,-3.1097288794285656,1765.718551337987,1.295367755941795,15.709718062701054,598,545,85.68807339449542,22.26980728051392,109.86278396024431,,not_modelled_synthetic,PASS
96c2a5fc9370b70b,BTCUSDT,15m,SHORT_ONLY,"{""adx_period"": 14, ""adx_threshold"": 20.0, ""atr_period"": 14, ""ema_period"": 100, ""ema_slope_lookback"": 3, ""lower_zone"": 0.2, ""max_ema_slope_pct"": 0.1, ""minimum_range_atr"": 3.0, ""range_lookback"": 32, ""stop_atr_buffer"": 0.5, ""upper_zone"": 0.8}",test,adverse,2025-01-01T00:00:00+00:00,2026-09-26T00:00:00+00:00,467,range_mean_reversion_v1,1.0.0,17.34475374732334,-35.03502758621746,0.1272790845077379,-7.907227270700365,-7.502147234736132,35.04680818036971,1891.411594858964,6.308107756631777,-10.400154111163076,-7.502147234736132,0.8846107230759314,1.3822269807280514,1134.8468359120393,189.14113931867325,-288.1031885321421,-2.8810318853214207,3215.399570089676,2.5760743126161567,23.26208720494574,598,545,85.68807339449542,22.26980728051392,192.80047910308588,,not_modelled_synthetic,FAIL
96c2a5fc9370b70b,BTCUSDT,15m,SHORT_ONLY,"{""adx_period"": 14, ""adx_threshold"": 20.0, ""atr_period"": 14, ""ema_period"": 100, ""ema_slope_lookback"": 3, ""lower_zone"": 0.2, ""max_ema_slope_pct"": 0.1, ""minimum_range_atr"": 3.0, ""range_lookback"": 32, ""stop_atr_buffer"": 0.5, ""upper_zone"": 0.8}",diagnostic_2020,base,2020-02-01T00:00:00+00:00,2021-01-01T00:00:00+00:00,142,range_mean_reversion_v1,1.0.0,22.535211267605632,-8.457359751254845,0.2728747434162854,-5.17119401659727,-5.95588714877094,8.553029127456902,342.0629905959718,9.918338738782502,-10.573843770604668,-5.95588714877094,0.6369452354999022,1.6549295774647887,205.2377666135461,34.20629443559102,-264.22892348035816,-2.642289234803582,581.507051645109,1.2577414475011426,39.01569341241703,157,161,88.19875776397515,17.6056338028169,83.21522426710796,,not_modelled_synthetic,PASS
96c2a5fc9370b70b,BTCUSDT,15m,SHORT_ONLY,"{""adx_period"": 14, ""adx_threshold"": 20.0, ""atr_period"": 14, ""ema_period"": 100, ""ema_slope_lookback"": 3, ""lower_zone"": 0.2, ""max_ema_slope_pct"": 0.1, ""minimum_range_atr"": 3.0, ""range_lookback"": 32, ""stop_atr_buffer"": 0.5, ""upper_zone"": 0.8}",diagnostic_2020,adverse,2020-02-01T00:00:00+00:00,2021-01-01T00:00:00+00:00,142,range_mean_reversion_v1,1.0.0,16.901408450704224,-13.822251715518686,0.1241816402728789,-6.436248520974402,-9.733980081351188,13.875855061717884,664.2000235571953,8.166028716809336,-13.37465983690926,-9.733980081351188,0.636985181693874,1.6549295774647887,398.5199078385098,66.41998463975165,-253.0852555164296,-2.530852555164296,1129.1399160354567,2.497780616710509,51.93793087536488,157,161,88.19875776397515,17.6056338028169,154.36776962854486,,not_modelled_synthetic,PASS
96c2a5fc9370b70b,BTCUSDT,15m,SHORT_ONLY,"{""adx_period"": 14, ""adx_threshold"": 20.0, ""atr_period"": 14, ""ema_period"": 100, ""ema_slope_lookback"": 3, ""lower_zone"": 0.2, ""max_ema_slope_pct"": 0.1, ""minimum_range_atr"": 3.0, ""range_lookback"": 32, ""stop_atr_buffer"": 0.5, ""upper_zone"": 0.8}",diagnostic_2021,base,2021-01-01T00:00:00+00:00,2022-01-01T00:00:00+00:00,148,range_mean_reversion_v1,1.0.0,24.324324324324323,-8.552216117290701,0.4320596656678828,-3.5921952919607767,-5.778524403574716,8.909794397140832,351.99943865157564,18.072456114119756,-13.444910998547938,-5.778524403574716,0.4181711244552667,1.214527027027027,211.19963622457263,35.19993937076211,-256.82259748213653,-2.568225974821365,598.3990142469104,0.737717969742433,33.761668886339294,174,169,87.57396449704142,20.27027027027027,51.00195172840918,,not_modelled_synthetic,PASS
96c2a5fc9370b70b,BTCUSDT,15m,SHORT_ONLY,"{""adx_period"": 14, ""adx_threshold"": 20.0, ""atr_period"": 14, ""ema_period"": 100, ""ema_slope_lookback"": 3, ""lower_zone"": 0.2, ""max_ema_slope_pct"": 0.1, ""minimum_range_atr"": 3.0, ""range_lookback"": 32, ""stop_atr_buffer"": 0.5, ""upper_zone"": 0.8}",diagnostic_2021,adverse,2021-01-01T00:00:00+00:00,2022-01-01T00:00:00+00:00,148,range_mean_reversion_v1,1.0.0,22.97297297297297,-14.130644734773725,0.2586436115938294,-5.008143750708707,-9.54773292890107,14.448601676852396,682.6538847120531,14.49965878722792,-16.719762037220242,-9.54773292890107,0.4181971094706194,1.214527027027027,409.5922247549747,68.26537079249579,-252.55299321785108,-2.5255299321785105,1160.5114802595238,1.4739147152487242,39.631710256153504,174,169,87.57396449704142,20.27027027027027,93.52829888427254,,not_modelled_synthetic,PASS
96c2a5fc9370b70b,BTCUSDT,15m,SHORT_ONLY,"{""adx_period"": 14, ""adx_threshold"": 20.0, ""atr_period"": 14, ""ema_period"": 100, ""ema_slope_lookback"": 3, ""lower_zone"": 0.2, ""max_ema_slope_pct"": 0.1, ""minimum_range_atr"": 3.0, ""range_lookback"": 32, ""stop_atr_buffer"": 0.5, ""upper_zone"": 0.8}",diagnostic_2022,base,2022-01-01T00:00:00+00:00,2023-01-01T00:00:00+00:00,217,range_mean_reversion_v1,1.0.0,28.571428571428573,-7.615249344147557,0.5463990793283625,-3.4033877290243497,-3.5093314949988788,8.063445879925386,521.6383907678521,14.795459922792396,-10.831248062115389,-3.5093314949988788,0.7114371799018271,1.3824884792626728,312.9830476130475,52.16384126884125,125.26034523500128,1.2526034523500127,886.7852796497409,0.7518357432848478,20.32983492380334,207,243,89.30041152263375,27.1889400921659,82.64960963470689,,not_modelled_synthetic,PASS
96c2a5fc9370b70b,BTCUSDT,15m,SHORT_ONLY,"{""adx_period"": 14, ""adx_threshold"": 20.0, ""atr_period"": 14, ""ema_period"": 100, ""ema_slope_lookback"": 3, ""lower_zone"": 0.2, ""max_ema_slope_pct"": 0.1, ""minimum_range_atr"": 3.0, ""range_lookback"": 32, ""stop_atr_buffer"": 0.5, ""upper_zone"": 0.8}",diagnostic_2022,adverse,2022-01-01T00:00:00+00:00,2023-01-01T00:00:00+00:00,217,range_mean_reversion_v1,1.0.0,23.50230414746544,-15.75455158016361,0.2978739888856985,-5.83294054127075,-7.260162018508662,15.772164280511848,997.3885514866106,13.105493796356996,-13.517080371268593,-7.260162018508662,0.7114830268299868,1.3824884792626728,598.4331813362505,99.73886355604176,120.10543836250127,1.2010543836250127,1695.5605963789028,1.4942901168192104,23.97003945811445,207,243,89.30041152263375,27.1889400921659,138.1710174806439,,not_modelled_synthetic,PASS
96c2a5fc9370b70b,BTCUSDT,15m,SHORT_ONLY,"{""adx_period"": 14, ""adx_threshold"": 20.0, ""atr_period"": 14, ""ema_period"": 100, ""ema_slope_lookback"": 3, ""lower_zone"": 0.2, ""max_ema_slope_pct"": 0.1, ""minimum_range_atr"": 3.0, ""range_lookback"": 32, ""stop_atr_buffer"": 0.5, ""upper_zone"": 0.8}",diagnostic_2023,base,2023-01-01T00:00:00+00:00,2024-01-01T00:00:00+00:00,257,range_mean_reversion_v1,1.0.0,23.346303501945524,-11.540047231599516,0.2241111187651682,-6.755710612745536,-4.490290751595135,11.682290642972948,602.839485259604,5.555462382621526,-7.5499109955189905,-4.490290751595135,0.6286096181638499,1.0894941634241244,361.70367759211285,60.28394626535214,-129.17761404286273,-1.2917761404286274,1024.827109117069,1.628735387917147,24.248653350942774,263,271,94.8339483394834,25.68093385214008,40.18921023315621,,not_modelled_synthetic,PASS
96c2a5fc9370b70b,BTCUSDT,15m,SHORT_ONLY,"{""adx_period"": 14, ""adx_threshold"": 20.0, ""atr_period"": 14, ""ema_period"": 100, ""ema_slope_lookback"": 3, ""lower_zone"": 0.2, ""max_ema_slope_pct"": 0.1, ""minimum_range_atr"": 3.0, ""range_lookback"": 32, ""stop_atr_buffer"": 0.5, ""upper_zone"": 0.8}",diagnostic_2023,adverse,2023-01-01T00:00:00+00:00,2024-01-01T00:00:00+00:00,256,range_mean_reversion_v1,1.0.0,11.71875,-20.61834858217777,0.0658104894245604,-8.341583329564946,-8.05404241491316,20.72882928458612,1139.553635609749,4.841642928472774,-9.76585905341572,-8.05404241491316,0.6279351448148687,1.091796875,683.7321290364793,113.95535483941322,-124.59373873214813,-1.245937387321481,1937.2411194856415,3.2425971810347,40.05346746828908,263,271,94.4649446494465,25.78125,93.6383210939413,,not_modelled_synthetic,PASS
96c2a5fc9370b70b,BTCUSDT,15m,SHORT_ONLY,"{""adx_period"": 14, ""adx_threshold"": 20.0, ""atr_period"": 14, ""ema_period"": 100, ""ema_slope_lookback"": 3, ""lower_zone"": 0.2, ""max_ema_slope_pct"": 0.1, ""minimum_range_atr"": 3.0, ""range_lookback"": 32, ""stop_atr_buffer"": 0.5, ""upper_zone"": 0.8}",diagnostic_2024,base,2024-01-01T00:00:00+00:00,2025-01-01T00:00:00+00:00,221,range_mean_reversion_v1,1.0.0,29.41176470588235,-9.045970450828678,0.4186110965973916,-5.077554955354495,-4.093199299017461,9.20705193632,527.9148534877285,10.020417256376788,-9.973872863765065,-4.093199299017461,0.878349739556894,1.6255656108597285,316.74891134274856,52.79148522379143,-7.141795028573249,-0.0714179502857324,897.4552500542684,0.9709839252261834,20.568715803034213,270,260,85.0,24.8868778280543,59.7142684195924,,not_modelled_synthetic,PASS
96c2a5fc9370b70b,BTCUSDT,15m,SHORT_ONLY,"{""adx_period"": 14, ""adx_threshold"": 20.0, ""atr_period"": 14, ""ema_period"": 100, ""ema_slope_lookback"": 3, ""lower_zone"": 0.2, ""max_ema_slope_pct"": 0.1, ""minimum_range_atr"": 3.0, ""range_lookback"": 32, ""stop_atr_buffer"": 0.5, ""upper_zone"": 0.8}",diagnostic_2024,adverse,2024-01-01T00:00:00+00:00,2025-01-01T00:00:00+00:00,221,range_mean_reversion_v1,1.0.0,23.529411764705884,-17.201331396681674,0.1882102032573766,-7.080797773752805,-7.783407871801691,17.29549522414035,1008.6786125318506,7.669345352363516,-12.538101171544833,-7.783407871801691,0.878403709414638,1.6255656108597285,605.20716525972,100.86786087662,-5.37950100000184,-0.0537950100000184,1714.7536386681904,1.9369790089359151,27.59516526200194,270,260,85.0,24.8868778280543,110.54320225366872,,not_modelled_synthetic,PASS
96c2a5fc9370b70b,BTCUSDT,15m,SHORT_ONLY,"{""adx_period"": 14, ""adx_threshold"": 20.0, ""atr_period"": 14, ""ema_period"": 100, ""ema_slope_lookback"": 3, ""lower_zone"": 0.2, ""max_ema_slope_pct"": 0.1, ""minimum_range_atr"": 3.0, ""range_lookback"": 32, ""stop_atr_buffer"": 0.5, ""upper_zone"": 0.8}",diagnostic_2025,base,2025-01-01T00:00:00+00:00,2026-01-01T00:00:00+00:00,295,range_mean_reversion_v1,1.0.0,23.389830508474574,-13.532897706199476,0.3352931553214387,-5.950674164869533,-4.58742295125408,13.605843953939114,683.3698974057178,9.893187618100264,-9.008494319773767,-4.58742295125408,1.0588667292414495,1.4940677966101694,410.0219183295289,68.33698638825483,-191.5609684964255,-1.9156096849642548,1161.7288021235015,1.2004967033322689,20.87038190506174,377,354,83.33333333333333,22.033898305084747,60.493495649550326,,not_modelled_synthetic,PASS
96c2a5fc9370b70b,BTCUSDT,15m,SHORT_ONLY,"{""adx_period"": 14, ""adx_threshold"": 20.0, ""atr_period"": 14, ""ema_period"": 100, ""ema_slope_lookback"": 3, ""lower_zone"": 0.2, ""max_ema_slope_pct"": 0.1, ""minimum_range_atr"": 3.0, ""range_lookback"": 32, ""stop_atr_buffer"": 0.5, ""upper_zone"": 0.8}",diagnostic_2025,adverse,2025-01-01T00:00:00+00:00,2026-01-01T00:00:00+00:00,295,range_mean_reversion_v1,1.0.0,18.983050847457623,-23.724933451312648,0.1492836481970279,-7.991759670222922,-8.042350322478953,23.74604931685199,1286.6200440327957,7.434374511336142,-11.66869589023479,-8.042350322478953,1.0589329989840846,1.4940677966101694,771.9719486191457,128.6619914365243,-185.23936104285423,-1.852393610428542,2187.253984088465,2.3991781893949646,28.549620495130963,377,354,83.33333333333333,22.033898305084747,105.3565451530982,,not_modelled_synthetic,PASS
96c2a5fc9370b70b,BTCUSDT,15m,SHORT_ONLY,"{""adx_period"": 14, ""adx_threshold"": 20.0, ""atr_period"": 14, ""ema_period"": 100, ""ema_slope_lookback"": 3, ""lower_zone"": 0.2, ""max_ema_slope_pct"": 0.1, ""minimum_range_atr"": 3.0, ""range_lookback"": 32, ""stop_atr_buffer"": 0.5, ""upper_zone"": 0.8}",diagnostic_2026,base,2026-01-01T00:00:00+00:00,2026-09-26T00:00:00+00:00,172,range_mean_reversion_v1,1.0.0,25.58139534883721,-8.366239503450501,0.2366341879331223,-6.21876650499358,-4.864092734564182,8.38257630403431,410.8959913560154,5.894166513075592,-8.562244350940354,-4.864092734564182,0.6471603232492699,1.190406976744186,246.53758031302712,41.08959671883786,-138.10078195714578,-1.381007819571458,698.5231683878803,1.5275551816241393,32.90947334467155,221,191,90.05235602094241,22.67441860465116,57.09654845109904,,not_modelled_synthetic,PASS
96c2a5fc9370b70b,BTCUSDT,15m,SHORT_ONLY,"{""adx_period"": 14, ""adx_threshold"": 20.0, ""atr_period"": 14, ""ema_period"": 100, ""ema_slope_lookback"": 3, ""lower_zone"": 0.2, ""max_ema_slope_pct"": 0.1, ""minimum_range_atr"": 3.0, ""range_lookback"": 32, ""stop_atr_buffer"": 0.5, ""upper_zone"": 0.8}",diagnostic_2026,adverse,2026-01-01T00:00:00+00:00,2026-09-26T00:00:00+00:00,172,range_mean_reversion_v1,1.0.0,14.534883720930232,-14.828134880161237,0.0772097519145997,-7.867603277028543,-8.621008651256545,14.828134880161231,792.9133833202153,4.962673230796957,-10.93115863119762,-8.621008651256545,0.6472007029682006,1.190406976744186,475.7479733505921,79.29132889176536,-134.86080245357428,-1.3486080245357428,1347.9526855625727,3.055323399445549,50.67905230633035,221,191,90.05235602094241,22.67441860465116,114.64426176518664,,not_modelled_synthetic,PASS
9309ed8e0d220add,BTCUSDT,15m,LONG_SHORT,"{""adx_period"": 14, ""adx_threshold"": 20.0, ""atr_period"": 14, ""ema_period"": 100, ""ema_slope_lookback"": 3, ""lower_zone"": 0.2, ""max_ema_slope_pct"": 0.1, ""minimum_range_atr"": 3.0, ""range_lookback"": 32, ""stop_atr_buffer"": 0.5, ""upper_zone"": 0.8}",train,base,2020-02-01T00:00:00+00:00,2023-01-01T00:00:00+00:00,989,range_mean_reversion_v1,1.0.0,25.88473205257836,-41.675469584618206,0.4049472101314992,-5.396284481476071,-4.213899856887586,41.7067054162209,1896.0970275078616,11.078563523685418,-9.554787476842144,-4.213899856887586,1.1059113690990614,1.3640040444893833,1137.6581173655936,189.60968622759893,-944.1821273607106,-9.441821273607106,3223.3648311010543,0.8646950144210506,9.160839091719932,538,573,89.01890189018901,22.24469160768453,351.1048569267679,,not_modelled_synthetic,FAIL
9309ed8e0d220add,BTCUSDT,15m,LONG_SHORT,"{""adx_period"": 14, ""adx_threshold"": 20.0, ""atr_period"": 14, ""ema_period"": 100, ""ema_slope_lookback"": 3, ""lower_zone"": 0.2, ""max_ema_slope_pct"": 0.1, ""minimum_range_atr"": 3.0, ""range_lookback"": 32, ""stop_atr_buffer"": 0.5, ""upper_zone"": 0.8}",train,adverse,2020-02-01T00:00:00+00:00,2023-01-01T00:00:00+00:00,989,range_mean_reversion_v1,1.0.0,21.23356926188069,-61.67459454193565,0.2192752759387398,-7.560816487052146,-6.236056070974245,61.67459454193563,3159.517386138162,8.248571469073239,-10.140769528496676,-6.236056070974245,1.1056157780337028,1.3640040444893833,1895.7100972451765,315.951682874196,-796.2802879360688,-7.962802879360688,5371.179166257534,1.7266171509656223,12.32713244517525,538,573,89.01890189018901,22.24469160768453,540.576666029774,,not_modelled_synthetic,FAIL
9309ed8e0d220add,BTCUSDT,15m,LONG_SHORT,"{""adx_period"": 14, ""adx_threshold"": 20.0, ""atr_period"": 14, ""ema_period"": 100, ""ema_slope_lookback"": 3, ""lower_zone"": 0.2, ""max_ema_slope_pct"": 0.1, ""minimum_range_atr"": 3.0, ""range_lookback"": 32, ""stop_atr_buffer"": 0.5, ""upper_zone"": 0.8}",validation,base,2023-01-01T00:00:00+00:00,2025-01-01T00:00:00+00:00,942,range_mean_reversion_v1,1.0.0,25.796178343949045,-35.90896354160957,0.3156779735181736,-7.933270973761698,-3.811991883398029,35.91257697888434,1901.970017972518,6.8167969414674205,-7.506978556419924,-3.811991883398029,1.4462893144330529,1.309447983014862,1141.181973241037,190.19699554017285,-357.547367407154,-3.57547367407154,3233.348986753728,1.248606041854381,8.365303858222017,533,531,88.53383458646617,25.05307855626327,175.68838134732152,,not_modelled_synthetic,FAIL
9309ed8e0d220add,BTCUSDT,15m,LONG_SHORT,"{""adx_period"": 14, ""adx_threshold"": 20.0, ""atr_period"": 14, ""ema_period"": 100, ""ema_slope_lookback"": 3, ""lower_zone"": 0.2, ""max_ema_slope_pct"": 0.1, ""minimum_range_atr"": 3.0, ""range_lookback"": 32, ""stop_atr_buffer"": 0.5, ""upper_zone"": 0.8}",validation,adverse,2023-01-01T00:00:00+00:00,2025-01-01T00:00:00+00:00,940,range_mean_reversion_v1,1.0.0,17.97872340425532,-56.95426732234008,0.1204369533214448,-10.25882089192117,-6.058964608759604,56.95426732234008,3177.3882246934472,4.614581816862289,-8.398561685192936,-6.058964608759604,1.4441063705470112,1.310372340425532,1906.4328113919728,317.73880189866213,-293.8668942500097,-2.9386689425000974,5401.559837984082,2.516177956873236,13.535105960154524,533,531,88.34586466165413,25.106382978723403,281.2024874030238,,not_modelled_synthetic,FAIL
9309ed8e0d220add,BTCUSDT,15m,LONG_SHORT,"{""adx_period"": 14, ""adx_threshold"": 20.0, ""atr_period"": 14, ""ema_period"": 100, ""ema_slope_lookback"": 3, ""lower_zone"": 0.2, ""max_ema_slope_pct"": 0.1, ""minimum_range_atr"": 3.0, ""range_lookback"": 32, ""stop_atr_buffer"": 0.5, ""upper_zone"": 0.8}",test,base,2025-01-01T00:00:00+00:00,2026-09-26T00:00:00+00:00,956,range_mean_reversion_v1,1.0.0,23.11715481171548,-38.90735807747748,0.2895720736415061,-9.241351110004285,-4.069807330280086,39.006294711660495,1876.050972044253,7.175895730046138,-7.451168386514229,-4.069807330280086,1.6920381196730807,1.3057008368200838,1125.6305095743814,187.6050849290636,-701.4492411999978,-7.014492411999978,3189.286566547698,1.3292694313262057,9.269553721812043,598,545,83.63954505686789,21.757322175732217,175.61791192267222,,not_modelled_synthetic,FAIL
9309ed8e0d220add,BTCUSDT,15m,LONG_SHORT,"{""adx_period"": 14, ""adx_threshold"": 20.0, ""atr_period"": 14, ""ema_period"": 100, ""ema_slope_lookback"": 3, ""lower_zone"": 0.2, ""max_ema_slope_pct"": 0.1, ""minimum_range_atr"": 3.0, ""range_lookback"": 32, ""stop_atr_buffer"": 0.5, ""upper_zone"": 0.8}",test,adverse,2025-01-01T00:00:00+00:00,2026-09-26T00:00:00+00:00,956,range_mean_reversion_v1,1.0.0,16.631799163179917,-59.28926480600097,0.1211193965173178,-11.48620993434824,-6.201805942050318,59.34648886407295,3134.151078406316,5.138812349490634,-8.464237947514574,-6.201805942050318,1.6915710882835402,1.3057008368200838,1880.4903946784143,313.4150657797357,-600.8699417357113,-6.008699417357113,5328.056538864465,2.646009432656928,14.775326070607791,598,545,83.63954505686789,21.757322175732217,296.41768642528376,,not_modelled_synthetic,FAIL
9309ed8e0d220add,BTCUSDT,15m,LONG_SHORT,"{""adx_period"": 14, ""adx_threshold"": 20.0, ""atr_period"": 14, ""ema_period"": 100, ""ema_slope_lookback"": 3, ""lower_zone"": 0.2, ""max_ema_slope_pct"": 0.1, ""minimum_range_atr"": 3.0, ""range_lookback"": 32, ""stop_atr_buffer"": 0.5, ""upper_zone"": 0.8}",diagnostic_2020,base,2020-02-01T00:00:00+00:00,2021-01-01T00:00:00+00:00,285,range_mean_reversion_v1,1.0.0,25.964912280701757,-13.73611540924994,0.3744660202103999,-5.493539384300965,-4.819689617280697,13.872418959085817,670.2374959851326,11.112038062011392,-10.40712017779072,-4.819689617280697,1.1132246621024875,1.4763157894736842,402.1424729992577,67.02374549987628,-234.20782644071545,-2.3420782644071543,1139.4037144842664,0.9967367272355966,22.87079442924954,157,161,89.62264150943396,21.75438596491228,100.92190226611496,,not_modelled_synthetic,PASS
9309ed8e0d220add,BTCUSDT,15m,LONG_SHORT,"{""adx_period"": 14, ""adx_threshold"": 20.0, ""atr_period"": 14, ""ema_period"": 100, ""ema_slope_lookback"": 3, ""lower_zone"": 0.2, ""max_ema_slope_pct"": 0.1, ""minimum_range_atr"": 3.0, ""range_lookback"": 32, ""stop_atr_buffer"": 0.5, ""upper_zone"": 0.8}",diagnostic_2020,adverse,2020-02-01T00:00:00+00:00,2021-01-01T00:00:00+00:00,285,range_mean_reversion_v1,1.0.0,20.0,-23.571329125410543,0.1822251097930666,-7.677765540886691,-8.270641798389635,23.61886824029254,1263.924009973981,9.21475229808847,-12.64199032250916,-8.270641798389635,1.1129615310494343,1.4763157894736842,758.3543184302655,126.39238640504423,-208.4621977317869,-2.0846219773178687,2148.6707148092905,1.9772254269839225,30.420384232550436,157,161,89.62264150943396,21.75438596491228,193.38568383373143,,not_modelled_synthetic,PASS
9309ed8e0d220add,BTCUSDT,15m,LONG_SHORT,"{""adx_period"": 14, ""adx_threshold"": 20.0, ""atr_period"": 14, ""ema_period"": 100, ""ema_slope_lookback"": 3, ""lower_zone"": 0.2, ""max_ema_slope_pct"": 0.1, ""minimum_range_atr"": 3.0, ""range_lookback"": 32, ""stop_atr_buffer"": 0.5, ""upper_zone"": 0.8}",diagnostic_2021,base,2021-01-01T00:00:00+00:00,2022-01-01T00:00:00+00:00,299,range_mean_reversion_v1,1.0.0,23.411371237458194,-18.46088519865432,0.4014766933717124,-5.344911661873915,-6.17420909653995,18.73129868666967,672.6187297133619,17.690241165671228,-13.46901922035996,-6.17420909653995,0.8453906590975477,1.209030100334448,403.5711640511567,67.26186067519279,-702.63676542571,-7.0263676542571005,1143.4517544397113,0.748868626621372,21.485016435659038,174,169,87.17201166180757,19.39799331103679,153.50570228661778,,not_modelled_synthetic,PASS
9309ed8e0d220add,BTCUSDT,15m,LONG_SHORT,"{""adx_period"": 14, ""adx_threshold"": 20.0, ""atr_period"": 14, ""ema_period"": 100, ""ema_slope_lookback"": 3, ""lower_zone"": 0.2, ""max_ema_slope_pct"": 0.1, ""minimum_range_atr"": 3.0, ""range_lookback"": 32, ""stop_atr_buffer"": 0.5, ""upper_zone"": 0.8}",diagnostic_2021,adverse,2021-01-01T00:00:00+00:00,2022-01-01T00:00:00+00:00,299,range_mean_reversion_v1,1.0.0,21.73913043478261,-28.180166582655698,0.2479951689223219,-7.044457483171279,-9.424804877142394,28.30487807897074,1265.6216475628316,14.297259156433448,-16.01426710869124,-9.424804877142394,0.8451427761546085,1.209030100334448,759.3727086244216,126.5621181040703,-666.4601839742819,-6.66460183974282,2151.5564742913234,1.4903119070929418,25.860723113176377,174,169,87.17201166180757,19.39799331103679,250.0358608756653,,not_modelled_synthetic,FAIL
9309ed8e0d220add,BTCUSDT,15m,LONG_SHORT,"{""adx_period"": 14, ""adx_threshold"": 20.0, ""atr_period"": 14, ""ema_period"": 100, ""ema_slope_lookback"": 3, ""lower_zone"": 0.2, ""max_ema_slope_pct"": 0.1, ""minimum_range_atr"": 3.0, ""range_lookback"": 32, ""stop_atr_buffer"": 0.5, ""upper_zone"": 0.8}",diagnostic_2022,base,2022-01-01T00:00:00+00:00,2023-01-01T00:00:00+00:00,405,range_mean_reversion_v1,1.0.0,27.65432098765432,-17.080655813070212,0.4404229027945129,-5.4545323888522805,-4.2174458797703736,17.576157965530857,917.8920683706212,12.003184529241697,-10.417823374000244,-4.2174458797703736,1.359724984864558,1.3993827160493828,550.735225519219,91.78920425320317,-147.64908316392695,-1.4764908316392695,1560.416498143043,0.8659740917399987,13.2351510779837,207,243,90.0,24.69135802469136,167.423116849576,,not_modelled_synthetic,PASS
9309ed8e0d220add,BTCUSDT,15m,LONG_SHORT,"{""adx_period"": 14, ""adx_threshold"": 20.0, ""atr_period"": 14, ""ema_period"": 100, ""ema_slope_lookback"": 3, ""lower_zone"": 0.2, ""max_ema_slope_pct"": 0.1, ""minimum_range_atr"": 3.0, ""range_lookback"": 32, ""stop_atr_buffer"": 0.5, ""upper_zone"": 0.8}",diagnostic_2022,adverse,2022-01-01T00:00:00+00:00,2023-01-01T00:00:00+00:00,405,range_mean_reversion_v1,1.0.0,21.7283950617284,-30.179186218690575,0.2306712884822989,-8.081800717580624,-7.451650918195191,30.2724022097589,1691.1739965719894,10.28268314575548,-12.374746809765094,-7.451650918195191,1.35935603779159,1.3993827160493828,1014.7043379155766,169.1173896525961,-142.92289772892707,-1.4292289772892708,2874.995724140162,1.7140155804754638,16.46900790239474,207,243,90.0,24.69135802469136,284.36938396952746,,not_modelled_synthetic,FAIL
9309ed8e0d220add,BTCUSDT,15m,LONG_SHORT,"{""adx_period"": 14, ""adx_threshold"": 20.0, ""atr_period"": 14, ""ema_period"": 100, ""ema_slope_lookback"": 3, ""lower_zone"": 0.2, ""max_ema_slope_pct"": 0.1, ""minimum_range_atr"": 3.0, ""range_lookback"": 32, ""stop_atr_buffer"": 0.5, ""upper_zone"": 0.8}",diagnostic_2023,base,2023-01-01T00:00:00+00:00,2024-01-01T00:00:00+00:00,496,range_mean_reversion_v1,1.0.0,24.596774193548388,-21.262761565136145,0.2480258628898405,-9.074058956180783,-4.2868470897452005,21.403719975120566,1107.177485431838,5.74849163454071,-7.560406780555042,-4.2868470897452005,1.427963321488597,1.2429435483870968,664.3064656312843,110.71774427188072,-244.0744611785817,-2.440744611785817,1882.201695335003,1.5080159723091255,16.47324007856997,263,271,92.88389513108616,25.806451612903224,80.0816812474457,,not_modelled_synthetic,PASS
9309ed8e0d220add,BTCUSDT,15m,LONG_SHORT,"{""adx_period"": 14, ""adx_threshold"": 20.0, ""atr_period"": 14, ""ema_period"": 100, ""ema_slope_lookback"": 3, ""lower_zone"": 0.2, ""max_ema_slope_pct"": 0.1, ""minimum_range_atr"": 3.0, ""range_lookback"": 32, ""stop_atr_buffer"": 0.5, ""upper_zone"": 0.8}",diagnostic_2023,adverse,2023-01-01T00:00:00+00:00,2024-01-01T00:00:00+00:00,494,range_mean_reversion_v1,1.0.0,13.360323886639677,-36.09281720411828,0.0811406670755571,-11.307573590801349,-7.306238300428829,36.16628948104166,1998.318947674115,4.829102119765113,-9.177575841860603,-7.306238300428829,1.4239245375005327,1.2444331983805668,1198.9912795058317,199.8318799176386,-212.13961331429468,-2.1213961331429467,3397.142107097585,2.9646861546197534,28.74515785097676,263,271,92.50936329588016,25.910931174089068,155.37253604350605,,not_modelled_synthetic,FAIL
9309ed8e0d220add,BTCUSDT,15m,LONG_SHORT,"{""adx_period"": 14, ""adx_threshold"": 20.0, ""atr_period"": 14, ""ema_period"": 100, ""ema_slope_lookback"": 3, ""lower_zone"": 0.2, ""max_ema_slope_pct"": 0.1, ""minimum_range_atr"": 3.0, ""range_lookback"": 32, ""stop_atr_buffer"": 0.5, ""upper_zone"": 0.8}",diagnostic_2024,base,2024-01-01T00:00:00+00:00,2025-01-01T00:00:00+00:00,446,range_mean_reversion_v1,1.0.0,27.13004484304933,-18.661647959861515,0.3923224352836722,-6.957156248704089,-4.184225999968956,18.778782947757023,1008.6771555915996,9.957138863121283,-9.44916491822717,-4.184225999968956,1.463860108936242,1.382847533632287,605.2062774565264,100.86771290942109,-151.41365002857265,-1.5141365002857263,1714.751145957547,1.0116358974046502,13.444354996800715,270,260,84.15094339622641,23.99103139013453,121.33576128621225,,not_modelled_synthetic,PASS
9309ed8e0d220add,BTCUSDT,15m,LONG_SHORT,"{""adx_period"": 14, ""adx_threshold"": 20.0, ""atr_period"": 14, ""ema_period"": 100, ""ema_slope_lookback"": 3, ""lower_zone"": 0.2, ""max_ema_slope_pct"": 0.1, ""minimum_range_atr"": 3.0, ""range_lookback"": 32, ""stop_atr_buffer"": 0.5, ""upper_zone"": 0.8}",diagnostic_2024,adverse,2024-01-01T00:00:00+00:00,2025-01-01T00:00:00+00:00,446,range_mean_reversion_v1,1.0.0,22.869955156950677,-32.69342604371895,0.1796765521814186,-9.300324979594755,-7.330364583793468,32.76997129165305,1843.6172395350184,7.0204757267135465,-11.585555606094967,-7.330364583793468,1.4635386904269787,1.382847533632287,1106.1702869397984,184.36171448996643,-135.19336340714426,-1.3519336340714423,3134.1492409647835,2.012200504808572,18.85449832603931,270,260,84.15094339622641,23.99103139013453,196.7500474051692,,not_modelled_synthetic,FAIL
9309ed8e0d220add,BTCUSDT,15m,LONG_SHORT,"{""adx_period"": 14, ""adx_threshold"": 20.0, ""atr_period"": 14, ""ema_period"": 100, ""ema_slope_lookback"": 3, ""lower_zone"": 0.2, ""max_ema_slope_pct"": 0.1, ""minimum_range_atr"": 3.0, ""range_lookback"": 32, ""stop_atr_buffer"": 0.5, ""upper_zone"": 0.8}",diagnostic_2025,base,2025-01-01T00:00:00+00:00,2026-01-01T00:00:00+00:00,594,range_mean_reversion_v1,1.0.0,22.39057239057239,-26.68746730326053,0.2905910579269013,-9.527478569624405,-4.492839613343539,26.710023856394937,1270.9191119685047,8.219422538376664,-8.16036860722377,-4.492839613343539,1.9374508423880328,1.3762626262626263,762.551413821751,127.09190230362518,-508.1843022321343,-5.081843022321343,2160.562428093881,1.3286613712502449,13.44727452542512,377,354,81.25854993160054,21.71717171717172,107.89291144519868,,not_modelled_synthetic,FAIL
9309ed8e0d220add,BTCUSDT,15m,LONG_SHORT,"{""adx_period"": 14, ""adx_threshold"": 20.0, ""atr_period"": 14, ""ema_period"": 100, ""ema_slope_lookback"": 3, ""lower_zone"": 0.2, ""max_ema_slope_pct"": 0.1, ""minimum_range_atr"": 3.0, ""range_lookback"": 32, ""stop_atr_buffer"": 0.5, ""upper_zone"": 0.8}",diagnostic_2025,adverse,2025-01-01T00:00:00+00:00,2026-01-01T00:00:00+00:00,594,range_mean_reversion_v1,1.0.0,16.835016835016834,-43.02955223752664,0.1230230847720992,-11.72984255771368,-7.24403236321999,43.03499373964284,2260.677136745625,6.036223030166155,-9.932343171597752,-7.24403236321999,1.936950553122727,1.3762626262626263,1356.4060889295622,226.0676814882604,-459.804316589278,-4.59804316589278,3843.150907163448,2.644142896859189,20.00007753903477,377,354,81.25854993160054,21.71717171717172,189.8329760254784,,not_modelled_synthetic,FAIL
9309ed8e0d220add,BTCUSDT,15m,LONG_SHORT,"{""adx_period"": 14, ""adx_threshold"": 20.0, ""atr_period"": 14, ""ema_period"": 100, ""ema_slope_lookback"": 3, ""lower_zone"": 0.2, ""max_ema_slope_pct"": 0.1, ""minimum_range_atr"": 3.0, ""range_lookback"": 32, ""stop_atr_buffer"": 0.5, ""upper_zone"": 0.8}",diagnostic_2026,base,2026-01-01T00:00:00+00:00,2026-09-26T00:00:00+00:00,362,range_mean_reversion_v1,1.0.0,24.30939226519337,-16.6683262311904,0.2873364953534063,-8.867434326073626,-4.604510008616055,16.818112861035736,825.4193444295615,7.636873394108901,-8.536049203651807,-4.604510008616055,1.3578123229287953,1.1899171270718232,495.251578977661,82.54192982961018,-263.6197698821516,-2.6361976988215163,1403.2128532368326,1.3305475606471149,19.346519520702124,221,191,87.86407766990291,21.823204419889503,92.37865776164324,,not_modelled_synthetic,PASS
9309ed8e0d220add,BTCUSDT,15m,LONG_SHORT,"{""adx_period"": 14, ""adx_threshold"": 20.0, ""atr_period"": 14, ""ema_period"": 100, ""ema_slope_lookback"": 3, ""lower_zone"": 0.2, ""max_ema_slope_pct"": 0.1, ""minimum_range_atr"": 3.0, ""range_lookback"": 32, ""stop_atr_buffer"": 0.5, ""upper_zone"": 0.8}",diagnostic_2026,adverse,2026-01-01T00:00:00+00:00,2026-09-26T00:00:00+00:00,362,range_mean_reversion_v1,1.0.0,16.298342541436465,-28.540866227894547,0.1160409101397896,-11.220354458474,-7.884217190026129,28.641310859408687,1533.219454703052,6.35029789533685,-10.655954450872384,-7.884217190026129,1.35739481408601,1.1899171270718232,919.9315688240893,153.3219281373482,-247.61367112500835,-2.476136711250084,2606.4729516644893,2.650856320553354,27.972298934200865,221,191,87.86407766990291,21.823204419889503,187.0903001509396,,not_modelled_synthetic,FAIL
2ac98d84377c2c0c,ETHUSDT,15m,LONG_ONLY,"{""adx_period"": 14, ""adx_threshold"": 20.0, ""atr_period"": 14, ""ema_period"": 100, ""ema_slope_lookback"": 3, ""lower_zone"": 0.2, ""max_ema_slope_pct"": 0.1, ""minimum_range_atr"": 3.0, ""range_lookback"": 32, ""stop_atr_buffer"": 0.5, ""upper_zone"": 0.8}",train,base,2020-02-01T00:00:00+00:00,2023-01-01T00:00:00+00:00,404,range_mean_reversion_v1,1.0.0,31.683168316831683,-16.709892566919514,0.5522423480887227,-2.512517129046125,-4.136112021514688,17.102301985913744,923.9337174989258,16.10090837517657,-13.521396843168604,-4.136112021514688,0.4935518232507722,1.453589108910891,554.3602199676508,92.39336999460846,-100.3019492307128,-1.003019492307128,1570.6873074611851,0.6041534511718848,12.413187921430424,440,434,91.8181818181818,22.77227722772277,174.17014615656603,,not_modelled_synthetic,PASS
2ac98d84377c2c0c,ETHUSDT,15m,LONG_ONLY,"{""adx_period"": 14, ""adx_threshold"": 20.0, ""atr_period"": 14, ""ema_period"": 100, ""ema_slope_lookback"": 3, ""lower_zone"": 0.2, ""max_ema_slope_pct"": 0.1, ""minimum_range_atr"": 3.0, ""range_lookback"": 32, ""stop_atr_buffer"": 0.5, ""upper_zone"": 0.8}",train,adverse,2020-02-01T00:00:00+00:00,2023-01-01T00:00:00+00:00,404,range_mean_reversion_v1,1.0.0,25.99009900990099,-29.82633442391965,0.3329910320141745,-4.118613201544112,-7.382756045524712,30.097249401435533,1701.9207703814695,14.181149919114633,-14.955365163541876,-7.382756045524712,0.4932376035769892,1.453589108910891,1021.1524246942477,170.1920707823746,-89.36817653392694,-0.8936817653392695,2893.265265858092,1.2058118625915804,14.855781454591716,440,434,91.8181818181818,22.77227722772277,317.7198079288731,,not_modelled_synthetic,FAIL
2ac98d84377c2c0c,ETHUSDT,15m,LONG_ONLY,"{""adx_period"": 14, ""adx_threshold"": 20.0, ""atr_period"": 14, ""ema_period"": 100, ""ema_slope_lookback"": 3, ""lower_zone"": 0.2, ""max_ema_slope_pct"": 0.1, ""minimum_range_atr"": 3.0, ""range_lookback"": 32, ""stop_atr_buffer"": 0.5, ""upper_zone"": 0.8}",validation,base,2023-01-01T00:00:00+00:00,2025-01-01T00:00:00+00:00,467,range_mean_reversion_v1,1.0.0,24.839400428265524,-22.74205793158638,0.307300503953378,-5.683166795094095,-4.869819685564544,22.756522445667777,1035.6660721358885,8.697414599169077,-9.353578024678788,-4.869819685564544,0.7613453502818928,1.372055674518201,621.3995893563118,103.56659822605198,-513.5735334403529,-5.135735334403529,1760.632259718252,1.191517430594632,14.5582470307635,522,481,89.46360153256705,21.41327623126338,68.82024060235719,,not_modelled_synthetic,PASS
2ac98d84377c2c0c,ETHUSDT,15m,LONG_ONLY,"{""adx_period"": 14, ""adx_threshold"": 20.0, ""atr_period"": 14, ""ema_period"": 100, ""ema_slope_lookback"": 3, ""lower_zone"": 0.2, ""max_ema_slope_pct"": 0.1, ""minimum_range_atr"": 3.0, ""range_lookback"": 32, ""stop_atr_buffer"": 0.5, ""upper_zone"": 0.8}",validation,adverse,2023-01-01T00:00:00+00:00,2025-01-01T00:00:00+00:00,467,range_mean_reversion_v1,1.0.0,17.987152034261243,-36.62113114639129,0.1330715304654906,-7.274277944824815,-7.8417839713899555,36.62113114639129,1885.521626080564,6.6919756966310775,-11.029344838527727,-7.8417839713899555,0.7608604926823652,1.372055674518201,1131.3127838231771,188.55213063719617,-456.7265740982106,-4.567265740982106,3205.386540540937,2.3933009004488373,20.63776278369153,522,481,89.46360153256705,21.41327623126338,150.3370517550589,,not_modelled_synthetic,FAIL
2ac98d84377c2c0c,ETHUSDT,15m,LONG_ONLY,"{""adx_period"": 14, ""adx_threshold"": 20.0, ""atr_period"": 14, ""ema_period"": 100, ""ema_slope_lookback"": 3, ""lower_zone"": 0.2, ""max_ema_slope_pct"": 0.1, ""minimum_range_atr"": 3.0, ""range_lookback"": 32, ""stop_atr_buffer"": 0.5, ""upper_zone"": 0.8}",test,base,2025-01-01T00:00:00+00:00,2026-09-26T00:00:00+00:00,378,range_mean_reversion_v1,1.0.0,28.04232804232804,-16.54147528737576,0.4487233281037135,-4.255234148945117,-4.37605166332687,16.638531941362288,858.9990695868354,12.7021550074049,-11.03152926295028,-4.37605166332687,0.7913065264362841,1.4993386243386244,515.3994213979421,85.89990356632369,-193.8491341864313,-1.9384913418643128,1460.2983945511012,0.824195203230329,15.429489166415818,430,433,87.90697674418605,24.867724867724867,108.67741847060844,,not_modelled_synthetic,PASS
2ac98d84377c2c0c,ETHUSDT,15m,LONG_ONLY,"{""adx_period"": 14, ""adx_threshold"": 20.0, ""atr_period"": 14, ""ema_period"": 100, ""ema_slope_lookback"": 3, ""lower_zone"": 0.2, ""max_ema_slope_pct"": 0.1, ""minimum_range_atr"": 3.0, ""range_lookback"": 32, ""stop_atr_buffer"": 0.5, ""upper_zone"": 0.8}",test,adverse,2025-01-01T00:00:00+00:00,2026-09-26T00:00:00+00:00,377,range_mean_reversion_v1,1.0.0,24.93368700265252,-28.83115193742014,0.2357629396961002,-6.310064984810578,-7.647520407803784,28.89871774694735,1586.28067929157,9.461970398612598,-13.330531488380249,-7.647520407803784,0.788338070787407,1.4986737400530503,951.7683292709272,158.6280548784879,-186.438130301074,-1.86438130301074,2696.6770634409854,1.6466240996698032,19.830595406546674,430,433,87.67441860465117,24.93368700265252,173.49394200563353,,not_modelled_synthetic,FAIL
2ac98d84377c2c0c,ETHUSDT,15m,LONG_ONLY,"{""adx_period"": 14, ""adx_threshold"": 20.0, ""atr_period"": 14, ""ema_period"": 100, ""ema_slope_lookback"": 3, ""lower_zone"": 0.2, ""max_ema_slope_pct"": 0.1, ""minimum_range_atr"": 3.0, ""range_lookback"": 32, ""stop_atr_buffer"": 0.5, ""upper_zone"": 0.8}",diagnostic_2020,base,2020-02-01T00:00:00+00:00,2021-01-01T00:00:00+00:00,119,range_mean_reversion_v1,1.0.0,36.134453781512605,-2.7807473599350097,0.7296158999615697,-1.500097599595779,-2.3367624873401693,4.534978616787165,290.6499368555403,17.450433431175078,-13.53214965176327,-2.3367624873401693,0.516223064636403,1.611344537815126,174.3899847964934,29.064997466082232,216.030183124646,2.16030183124646,494.104919118116,0.5243590492237695,25.631812146393,128,115,92.96875,29.41176470588235,30.91151696305769,,not_modelled_synthetic,PASS
2ac98d84377c2c0c,ETHUSDT,15m,LONG_ONLY,"{""adx_period"": 14, ""adx_threshold"": 20.0, ""atr_period"": 14, ""ema_period"": 100, ""ema_slope_lookback"": 3, ""lower_zone"": 0.2, ""max_ema_slope_pct"": 0.1, ""minimum_range_atr"": 3.0, ""range_lookback"": 32, ""stop_atr_buffer"": 0.5, ""upper_zone"": 0.8}",diagnostic_2020,adverse,2020-02-01T00:00:00+00:00,2021-01-01T00:00:00+00:00,119,range_mean_reversion_v1,1.0.0,31.09243697478992,-7.569024705777306,0.427267538496364,-3.665684898469701,-6.360524962838087,8.324382329821987,566.5988540238599,15.261116179442352,-16.116631331915848,-6.360524962838087,0.5158944319423933,1.611344537815126,339.9593990669025,56.65989984448375,206.31568235750305,2.06315682357503,963.2181529352462,1.0527546775343144,29.05152314771039,128,115,92.96875,29.41176470588235,67.30142752605285,,not_modelled_synthetic,PASS
2ac98d84377c2c0c,ETHUSDT,15m,LONG_ONLY,"{""adx_period"": 14, ""adx_threshold"": 20.0, ""atr_period"": 14, ""ema_period"": 100, ""ema_slope_lookback"": 3, ""lower_zone"": 0.2, ""max_ema_slope_pct"": 0.1, ""minimum_range_atr"": 3.0, ""range_lookback"": 32, ""stop_atr_buffer"": 0.5, ""upper_zone"": 0.8}",diagnostic_2021,base,2021-01-01T00:00:00+00:00,2022-01-01T00:00:00+00:00,137,range_mean_reversion_v1,1.0.0,24.817518248175183,-8.675211772749591,0.4300493856343311,-3.147513505350533,-6.3322713669705415,9.45836405397371,325.8466836490417,19.252284625680137,-14.77765878202028,-6.3322713669705415,0.450409628571922,1.3467153284671534,195.5079772633304,32.58466287722173,-313.58185348535807,-3.135818534853581,553.9393237895938,0.6839074206289375,35.727303499753745,157,132,87.26114649681529,16.05839416058394,103.55258562035792,,not_modelled_synthetic,PASS
2ac98d84377c2c0c,ETHUSDT,15m,LONG_ONLY,"{""adx_period"": 14, ""adx_threshold"": 20.0, ""atr_period"": 14, ""ema_period"": 100, ""ema_slope_lookback"": 3, ""lower_zone"": 0.2, ""max_ema_slope_pct"": 0.1, ""minimum_range_atr"": 3.0, ""range_lookback"": 32, ""stop_atr_buffer"": 0.5, ""upper_zone"": 0.8}",diagnostic_2021,adverse,2021-01-01T00:00:00+00:00,2022-01-01T00:00:00+00:00,137,range_mean_reversion_v1,1.0.0,21.16788321167883,-13.827564035136996,0.2719332266100714,-4.297705007188578,-10.093112434406407,14.36582091928787,633.0249951037453,17.808967631401853,-17.58533763726233,-10.093112434406407,0.450122863720706,1.3467153284671534,379.81486828434106,63.30247804739018,-306.6140620782152,-3.066140620782152,1076.1423414354765,1.3652957672102173,40.76577616526578,157,132,87.26114649681529,16.05839416058394,180.5754839462301,,not_modelled_synthetic,PASS
2ac98d84377c2c0c,ETHUSDT,15m,LONG_ONLY,"{""adx_period"": 14, ""adx_threshold"": 20.0, ""atr_period"": 14, ""ema_period"": 100, ""ema_slope_lookback"": 3, ""lower_zone"": 0.2, ""max_ema_slope_pct"": 0.1, ""minimum_range_atr"": 3.0, ""range_lookback"": 32, ""stop_atr_buffer"": 0.5, ""upper_zone"": 0.8}",diagnostic_2022,base,2022-01-01T00:00:00+00:00,2023-01-01T00:00:00+00:00,148,range_mean_reversion_v1,1.0.0,34.45945945945946,-6.189279660052927,0.5509342435090379,-2.6133983012608697,-4.181945716251961,6.2876751385760326,356.4759017829752,14.888802128180291,-14.20883375816995,-4.181945716251961,0.5158862304377971,1.4256756756756757,213.88553971329696,35.64758995221616,-12.918934556786494,-0.1291893455678649,606.0090314484884,0.6183924944777331,25.23103003054254,155,187,95.48387096774194,23.64864864864865,47.96469680767004,,not_modelled_synthetic,PASS
2ac98d84377c2c0c,ETHUSDT,15m,LONG_ONLY,"{""adx_period"": 14, ""adx_threshold"": 20.0, ""atr_period"": 14, ""ema_period"": 100, ""ema_slope_lookback"": 3, ""lower_zone"": 0.2, ""max_ema_slope_pct"": 0.1, ""minimum_range_atr"": 3.0, ""range_lookback"": 32, ""stop_atr_buffer"": 0.5, ""upper_zone"": 0.8}",diagnostic_2022,adverse,2022-01-01T00:00:00+00:00,2023-01-01T00:00:00+00:00,148,range_mean_reversion_v1,1.0.0,26.35135135135135,-11.897497081884556,0.3205090888536966,-4.389013019239919,-8.038849379651609,11.971094014104857,690.7855306949795,14.389566066194837,-16.063695273119603,-8.038849379651609,0.5155577887681864,1.4256756756756757,414.471311942976,69.078551990496,-15.414313560000728,-0.1541431356000072,1174.3353946284517,1.23735896105341,29.3981080310232,155,187,95.48387096774194,23.64864864864865,104.8470943599033,,not_modelled_synthetic,PASS
2ac98d84377c2c0c,ETHUSDT,15m,LONG_ONLY,"{""adx_period"": 14, ""adx_threshold"": 20.0, ""atr_period"": 14, ""ema_period"": 100, ""ema_slope_lookback"": 3, ""lower_zone"": 0.2, ""max_ema_slope_pct"": 0.1, ""minimum_range_atr"": 3.0, ""range_lookback"": 32, ""stop_atr_buffer"": 0.5, ""upper_zone"": 0.8}",diagnostic_2023,base,2023-01-01T00:00:00+00:00,2024-01-01T00:00:00+00:00,248,range_mean_reversion_v1,1.0.0,23.387096774193548,-12.052846919845985,0.2701873309499566,-6.511195666979602,-4.860018919292759,12.069312707052948,581.9181556512643,7.693345386413236,-8.69209854945564,-4.860018919292759,0.923414708812654,1.529233870967742,349.1508707082539,58.19181178470898,-216.0238538403568,-2.160238538403568,989.2608381442273,1.4001895747469093,26.06747516501572,279,264,88.88888888888889,20.161290322580644,43.30447488156239,,not_modelled_synthetic,PASS
2ac98d84377c2c0c,ETHUSDT,15m,LONG_ONLY,"{""adx_period"": 14, ""adx_threshold"": 20.0, ""atr_period"": 14, ""ema_period"": 100, ""ema_slope_lookback"": 3, ""lower_zone"": 0.2, ""max_ema_slope_pct"": 0.1, ""minimum_range_atr"": 3.0, ""range_lookback"": 32, ""stop_atr_buffer"": 0.5, ""upper_zone"": 0.8}",diagnostic_2023,adverse,2023-01-01T00:00:00+00:00,2024-01-01T00:00:00+00:00,248,range_mean_reversion_v1,1.0.0,15.725806451612904,-20.832400781724548,0.1015058394193495,-8.08116133767565,-8.400161605534025,20.832400781724544,1105.22362568757,6.034627717337364,-11.093734732768398,-8.400161605534025,0.922826718791473,1.529233870967742,663.134089581336,110.522348263556,-204.36001463999963,-2.0436001463999967,1878.880063532462,2.7860241561351997,39.43754654985671,279,264,88.88888888888889,20.161290322580644,100.03312577559926,,not_modelled_synthetic,PASS
2ac98d84377c2c0c,ETHUSDT,15m,LONG_ONLY,"{""adx_period"": 14, ""adx_threshold"": 20.0, ""atr_period"": 14, ""ema_period"": 100, ""ema_slope_lookback"": 3, ""lower_zone"": 0.2, ""max_ema_slope_pct"": 0.1, ""minimum_range_atr"": 3.0, ""range_lookback"": 32, ""stop_atr_buffer"": 0.5, ""upper_zone"": 0.8}",diagnostic_2024,base,2024-01-01T00:00:00+00:00,2025-01-01T00:00:00+00:00,219,range_mean_reversion_v1,1.0.0,26.484018264840184,-12.154130579627653,0.3448661277898962,-5.108270067936972,-5.54983131489843,12.154130579627653,515.9324927023389,11.03103825995103,-11.52306383254606,-5.54983131489843,0.5997188724488168,1.1940639269406392,309.55946009697783,51.59324334949631,-338.32786181392413,-3.383278618139241,877.0851961488131,1.00032673844041,23.01649569838093,243,217,90.12345679012346,22.831050228310502,29.012606925812676,,not_modelled_synthetic,PASS
2ac98d84377c2c0c,ETHUSDT,15m,LONG_ONLY,"{""adx_period"": 14, ""adx_threshold"": 20.0, ""atr_period"": 14, ""ema_period"": 100, ""ema_slope_lookback"": 3, ""lower_zone"": 0.2, ""max_ema_slope_pct"": 0.1, ""minimum_range_atr"": 3.0, ""range_lookback"": 32, ""stop_atr_buffer"": 0.5, ""upper_zone"": 0.8}",diagnostic_2024,adverse,2024-01-01T00:00:00+00:00,2025-01-01T00:00:00+00:00,219,range_mean_reversion_v1,1.0.0,20.54794520547945,-19.94342736673036,0.17147733844088,-6.609260931523214,-9.106587838689684,19.94342736673036,985.6281869594208,9.172540214330802,-13.83394854205705,-9.106587838689684,0.5993369867552556,1.1940639269406392,591.3767782901629,98.56279638169384,-318.7749750417816,-3.187749750417816,1675.567761631277,1.994982166116936,29.756118816341207,243,217,90.12345679012346,22.831050228310502,63.54107260565501,,not_modelled_synthetic,PASS
2ac98d84377c2c0c,ETHUSDT,15m,LONG_ONLY,"{""adx_period"": 14, ""adx_threshold"": 20.0, ""atr_period"": 14, ""ema_period"": 100, ""ema_slope_lookback"": 3, ""lower_zone"": 0.2, ""max_ema_slope_pct"": 0.1, ""minimum_range_atr"": 3.0, ""range_lookback"": 32, ""stop_atr_buffer"": 0.5, ""upper_zone"": 0.8}",diagnostic_2025,base,2025-01-01T00:00:00+00:00,2026-01-01T00:00:00+00:00,212,range_mean_reversion_v1,1.0.0,25.0,-11.24868783300642,0.3900675923131259,-4.846905636099423,-5.305984826889698,11.455390508668808,497.9147089900456,13.573259595265691,-11.599066300941493,-5.305984826889698,0.6601626945339788,1.3160377358490567,298.748796160577,49.79146602676284,-278.41381212321625,-2.784138121232162,846.4549711773853,0.8975985404690775,25.87058560654981,243,241,87.24279835390946,21.69811320754717,74.61231751290876,,not_modelled_synthetic,PASS
2ac98d84377c2c0c,ETHUSDT,15m,LONG_ONLY,"{""adx_period"": 14, ""adx_threshold"": 20.0, ""atr_period"": 14, ""ema_period"": 100, ""ema_slope_lookback"": 3, ""lower_zone"": 0.2, ""max_ema_slope_pct"": 0.1, ""minimum_range_atr"": 3.0, ""range_lookback"": 32, ""stop_atr_buffer"": 0.5, ""upper_zone"": 0.8}",diagnostic_2025,adverse,2025-01-01T00:00:00+00:00,2026-01-01T00:00:00+00:00,212,range_mean_reversion_v1,1.0.0,23.58490566037736,-18.87849955500467,0.2048919360314608,-6.668778585729053,-8.904952620285265,18.878499555004677,952.666190721865,9.729626697251176,-14.656365989895278,-8.904952620285265,0.659742320261922,1.3160377358490567,571.5996017397426,95.26660028995713,-268.3175627489305,-2.6831756274893053,1619.5323927515649,1.8011660098700688,32.42350728881411,243,241,87.24279835390946,21.69811320754717,117.63568951145344,,not_modelled_synthetic,PASS
2ac98d84377c2c0c,ETHUSDT,15m,LONG_ONLY,"{""adx_period"": 14, ""adx_threshold"": 20.0, ""atr_period"": 14, ""ema_period"": 100, ""ema_slope_lookback"": 3, ""lower_zone"": 0.2, ""max_ema_slope_pct"": 0.1, ""minimum_range_atr"": 3.0, ""range_lookback"": 32, ""stop_atr_buffer"": 0.5, ""upper_zone"": 0.8}",diagnostic_2026,base,2026-01-01T00:00:00+00:00,2026-09-26T00:00:00+00:00,166,range_mean_reversion_v1,1.0.0,31.32530120481928,-6.157658757579576,0.5264917132738227,-3.573608402499309,-3.7094329864936335,6.519806823173112,405.99976612172986,13.166678468567962,-11.407308387048046,-3.7094329864936335,0.900695325963064,1.6265060240963856,243.59986748858012,40.59997791476336,74.43373576714188,0.7443373576714188,690.1996115250734,0.7574398268645063,25.48984127824508,187,192,88.77005347593582,28.313253012048197,38.30343961266685,,not_modelled_synthetic,PASS
2ac98d84377c2c0c,ETHUSDT,15m,LONG_ONLY,"{""adx_period"": 14, ""adx_threshold"": 20.0, ""atr_period"": 14, ""ema_period"": 100, ""ema_slope_lookback"": 3, ""lower_zone"": 0.2, ""max_ema_slope_pct"": 0.1, ""minimum_range_atr"": 3.0, ""range_lookback"": 32, ""stop_atr_buffer"": 0.5, ""upper_zone"": 0.8}",diagnostic_2026,adverse,2026-01-01T00:00:00+00:00,2026-09-26T00:00:00+00:00,165,range_mean_reversion_v1,1.0.0,26.060606060606062,-12.449624697274595,0.2780843033625547,-5.916168775424032,-7.545227089257281,12.638964407032388,779.4382851938044,11.152642850425549,-14.13545993685041,-7.545227089257281,0.8943006029386672,1.6257575757575755,467.6630047509975,77.94383412516625,80.0826543424991,0.800826543424991,1325.045124069968,1.492343198875987,31.528803820257465,187,192,88.23529411764706,28.484848484848484,68.71562152916847,,not_modelled_synthetic,PASS
ae8d62d63ad07c85,ETHUSDT,15m,SHORT_ONLY,"{""adx_period"": 14, ""adx_threshold"": 20.0, ""atr_period"": 14, ""ema_period"": 100, ""ema_slope_lookback"": 3, ""lower_zone"": 0.2, ""max_ema_slope_pct"": 0.1, ""minimum_range_atr"": 3.0, ""range_lookback"": 32, ""stop_atr_buffer"": 0.5, ""upper_zone"": 0.8}",train,base,2020-02-01T00:00:00+00:00,2023-01-01T00:00:00+00:00,378,range_mean_reversion_v1,1.0.0,29.894179894179896,-15.372106714367929,0.5488953470608628,-2.657998889605465,-4.066694897980984,15.372106714367929,872.3558736335164,16.552636954767006,-12.859089235190504,-4.066694897980984,0.4019601521229625,1.302910052910053,523.413518488512,87.235586414752,-54.20569290000495,-0.5420569290000495,1483.0049785367803,0.6342149726990893,13.733991593622555,440,434,87.09677419354838,23.015873015873016,162.2168064723362,,not_modelled_synthetic,PASS
ae8d62d63ad07c85,ETHUSDT,15m,SHORT_ONLY,"{""adx_period"": 14, ""adx_threshold"": 20.0, ""atr_period"": 14, ""ema_period"": 100, ""ema_slope_lookback"": 3, ""lower_zone"": 0.2, ""max_ema_slope_pct"": 0.1, ""minimum_range_atr"": 3.0, ""range_lookback"": 32, ""stop_atr_buffer"": 0.5, ""upper_zone"": 0.8}",train,adverse,2020-02-01T00:00:00+00:00,2023-01-01T00:00:00+00:00,378,range_mean_reversion_v1,1.0.0,26.455026455026456,-27.93445879209848,0.3256965512442605,-4.333834137059402,-7.390068463518151,27.93445879209849,1615.1503700052008,13.492674412758578,-14.901846476567336,-7.390068463518151,0.4019853892874657,1.302910052910053,969.0902019732056,161.51503366220092,-47.69027356929042,-0.4769027356929042,2745.7556056406074,1.266669716971471,16.262895437898404,440,434,87.09677419354838,23.015873015873016,286.6721613466262,,not_modelled_synthetic,FAIL
ae8d62d63ad07c85,ETHUSDT,15m,SHORT_ONLY,"{""adx_period"": 14, ""adx_threshold"": 20.0, ""atr_period"": 14, ""ema_period"": 100, ""ema_slope_lookback"": 3, ""lower_zone"": 0.2, ""max_ema_slope_pct"": 0.1, ""minimum_range_atr"": 3.0, ""range_lookback"": 32, ""stop_atr_buffer"": 0.5, ""upper_zone"": 0.8}",validation,base,2023-01-01T00:00:00+00:00,2025-01-01T00:00:00+00:00,419,range_mean_reversion_v1,1.0.0,28.878281622911693,-18.875482974574464,0.3535586513414605,-4.881509170483623,-4.504888538084674,18.87548297457446,951.1380916668726,8.53188599240068,-9.798343968248192,-4.504888538084674,0.7681333804688388,1.5167064439140812,570.6828265856982,95.1138044309497,-270.6135747739247,-2.706135747739247,1616.9347226835202,1.0537388963772272,15.05710682529156,522,481,87.11018711018711,26.01431980906921,113.80050066440278,,not_modelled_synthetic,PASS
ae8d62d63ad07c85,ETHUSDT,15m,SHORT_ONLY,"{""adx_period"": 14, ""adx_threshold"": 20.0, ""atr_period"": 14, ""ema_period"": 100, ""ema_slope_lookback"": 3, ""lower_zone"": 0.2, ""max_ema_slope_pct"": 0.1, ""minimum_range_atr"": 3.0, ""range_lookback"": 32, ""stop_atr_buffer"": 0.5, ""upper_zone"": 0.8}",validation,adverse,2023-01-01T00:00:00+00:00,2025-01-01T00:00:00+00:00,419,range_mean_reversion_v1,1.0.0,21.002386634844868,-32.113213648138284,0.149370208641373,-6.752264332855226,-7.664251467336114,32.11321364813828,1748.2441907800785,6.408029395471928,-11.405522512433116,-7.664251467336114,0.768181684538549,1.5167064439140812,1048.9464139593767,174.8244023265628,-239.3063577478538,-2.393063577478538,2972.015007066018,2.1164086071196446,21.50643298539561,522,481,87.11018711018711,26.01431980906921,198.0326082280991,,not_modelled_synthetic,FAIL
ae8d62d63ad07c85,ETHUSDT,15m,SHORT_ONLY,"{""adx_period"": 14, ""adx_threshold"": 20.0, ""atr_period"": 14, ""ema_period"": 100, ""ema_slope_lookback"": 3, ""lower_zone"": 0.2, ""max_ema_slope_pct"": 0.1, ""minimum_range_atr"": 3.0, ""range_lookback"": 32, ""stop_atr_buffer"": 0.5, ""upper_zone"": 0.8}",test,base,2025-01-01T00:00:00+00:00,2026-09-26T00:00:00+00:00,369,range_mean_reversion_v1,1.0.0,24.390243902439025,-19.662602464965907,0.3304103502297608,-5.319211737296516,-5.328618554191351,19.895080546075448,825.2817917522921,10.780611626351668,-10.525144418882649,-5.328618554191351,0.713111909701069,1.3956639566395663,495.1690159068419,82.52816931780698,-563.2812695196411,-5.632812695196411,1402.9789769769409,1.060872800042279,17.699718679462393,430,433,85.21939953810623,18.69918699186992,144.66977734554308,,not_modelled_synthetic,PASS
ae8d62d63ad07c85,ETHUSDT,15m,SHORT_ONLY,"{""adx_period"": 14, ""adx_threshold"": 20.0, ""atr_period"": 14, ""ema_period"": 100, ""ema_slope_lookback"": 3, ""lower_zone"": 0.2, ""max_ema_slope_pct"": 0.1, ""minimum_range_atr"": 3.0, ""range_lookback"": 32, ""stop_atr_buffer"": 0.5, ""upper_zone"": 0.8}",test,adverse,2025-01-01T00:00:00+00:00,2026-09-26T00:00:00+00:00,369,range_mean_reversion_v1,1.0.0,20.05420054200542,-31.330130829217683,0.1626034842759017,-7.026106999428124,-8.4905503602216,31.33013082921769,1532.0438990802886,8.221085910385382,-12.682621831492506,-8.4905503602216,0.7131567062703421,1.3956639566395663,919.2261174619136,153.20435291031893,-528.5387134692841,-5.28538713469284,2604.474369452521,2.1169360770924754,23.665955028600607,430,433,85.21939953810623,18.69918699186992,235.58521430034168,,not_modelled_synthetic,FAIL
ae8d62d63ad07c85,ETHUSDT,15m,SHORT_ONLY,"{""adx_period"": 14, ""adx_threshold"": 20.0, ""atr_period"": 14, ""ema_period"": 100, ""ema_slope_lookback"": 3, ""lower_zone"": 0.2, ""max_ema_slope_pct"": 0.1, ""minimum_range_atr"": 3.0, ""range_lookback"": 32, ""stop_atr_buffer"": 0.5, ""upper_zone"": 0.8}",diagnostic_2020,base,2020-02-01T00:00:00+00:00,2021-01-01T00:00:00+00:00,106,range_mean_reversion_v1,1.0.0,32.075471698113205,-4.216791720502622,0.5335462950883868,-2.61054364332914,-3.978105396700637,4.24437450253672,257.9780035619121,14.186223412598736,-12.55570511220312,-3.978105396700637,0.300775401144454,1.1179245283018868,154.78680390990803,25.79780065165134,16.883436073212124,0.1688343607321212,438.5626081234715,0.6927224923725889,30.98590454409777,128,115,92.17391304347828,22.641509433962263,45.696085569873176,,not_modelled_synthetic,PASS
ae8d62d63ad07c85,ETHUSDT,15m,SHORT_ONLY,"{""adx_period"": 14, ""adx_threshold"": 20.0, ""atr_period"": 14, ""ema_period"": 100, ""ema_slope_lookback"": 3, ""lower_zone"": 0.2, ""max_ema_slope_pct"": 0.1, ""minimum_range_atr"": 3.0, ""range_lookback"": 32, ""stop_atr_buffer"": 0.5, ""upper_zone"": 0.8}",diagnostic_2020,adverse,2020-02-01T00:00:00+00:00,2021-01-01T00:00:00+00:00,106,range_mean_reversion_v1,1.0.0,27.358490566037737,-8.436659844616479,0.2897966692357762,-4.346920326305968,-7.959113060958987,8.443590312907563,504.605479451378,11.870888511721663,-15.427555211708842,-7.959113060958987,0.3007943040571232,1.1179245283018868,302.76329361942857,50.46054893657143,14.163337545712162,0.1416333754571216,857.829322007378,1.3879475262464402,36.61767850701663,128,115,92.17391304347828,22.641509433962263,93.33715780022236,,not_modelled_synthetic,PASS
ae8d62d63ad07c85,ETHUSDT,15m,SHORT_ONLY,"{""adx_period"": 14, ""adx_threshold"": 20.0, ""atr_period"": 14, ""ema_period"": 100, ""ema_slope_lookback"": 3, ""lower_zone"": 0.2, ""max_ema_slope_pct"": 0.1, ""minimum_range_atr"": 3.0, ""range_lookback"": 32, ""stop_atr_buffer"": 0.5, ""upper_zone"": 0.8}",diagnostic_2021,base,2021-01-01T00:00:00+00:00,2022-01-01T00:00:00+00:00,111,range_mean_reversion_v1,1.0.0,29.72972972972973,-4.965886257759744,0.5836268486713656,-2.1410867373123943,-4.473771403387169,5.912120022789693,270.41809209134703,21.09285529264504,-15.290421159400797,-4.473771403387169,0.3193193838161705,1.2252252252252251,162.25085138263145,27.041808563771912,-36.87787373821669,-0.3687787373821669,459.7107520377504,0.5503264146482976,34.707365083146506,157,132,84.0909090909091,22.52252252252252,55.263993712757696,,not_modelled_synthetic,PASS
ae8d62d63ad07c85,ETHUSDT,15m,SHORT_ONLY,"{""adx_period"": 14, ""adx_threshold"": 20.0, ""atr_period"": 14, ""ema_period"": 100, ""ema_slope_lookback"": 3, ""lower_zone"": 0.2, ""max_ema_slope_pct"": 0.1, ""minimum_range_atr"": 3.0, ""range_lookback"": 32, ""stop_atr_buffer"": 0.5, ""upper_zone"": 0.8}",diagnostic_2021,adverse,2021-01-01T00:00:00+00:00,2022-01-01T00:00:00+00:00,111,range_mean_reversion_v1,1.0.0,27.92792792792793,-9.346225221492189,0.3726763326739194,-3.486036544335752,-8.420022722064937,9.621886597533369,528.4391527505147,17.910787814385948,-18.623211804939658,-8.420022722064937,0.3193394741426199,1.2252252252252251,317.06347641439714,52.84391273573286,-36.2759802485738,-0.362759802485738,898.3465419006448,1.0987173014083411,39.39665883299182,157,132,84.0909090909091,22.52252252252252,92.32625863679402,,not_modelled_synthetic,PASS
ae8d62d63ad07c85,ETHUSDT,15m,SHORT_ONLY,"{""adx_period"": 14, ""adx_threshold"": 20.0, ""atr_period"": 14, ""ema_period"": 100, ""ema_slope_lookback"": 3, ""lower_zone"": 0.2, ""max_ema_slope_pct"": 0.1, ""minimum_range_atr"": 3.0, ""range_lookback"": 32, ""stop_atr_buffer"": 0.5, ""upper_zone"": 0.8}",diagnostic_2022,base,2022-01-01T00:00:00+00:00,2023-01-01T00:00:00+00:00,161,range_mean_reversion_v1,1.0.0,28.571428571428573,-7.029618489561473,0.5299424866172525,-3.2900407704299046,-4.366222664323951,7.112548682165354,390.3939024492513,17.22866650341851,-13.004178331420936,-4.366222664323951,0.5774691628414043,1.4782608695652173,234.2363373438677,39.03938955731129,-39.29221960571483,-0.3929221960571483,663.6696293504303,0.6674479110096571,29.4081229977761,155,187,86.09625668449198,23.60248447204969,69.85543955462914,,not_modelled_synthetic,PASS
ae8d62d63ad07c85,ETHUSDT,15m,SHORT_ONLY,"{""adx_period"": 14, ""adx_threshold"": 20.0, ""atr_period"": 14, ""ema_period"": 100, ""ema_slope_lookback"": 3, ""lower_zone"": 0.2, ""max_ema_slope_pct"": 0.1, ""minimum_range_atr"": 3.0, ""range_lookback"": 32, ""stop_atr_buffer"": 0.5, ""upper_zone"": 0.8}",diagnostic_2022,adverse,2022-01-01T00:00:00+00:00,2023-01-01T00:00:00+00:00,161,range_mean_reversion_v1,1.0.0,24.84472049689441,-13.179932239546922,0.3122164930195452,-5.271755320980652,-8.18629331648879,13.238961355553124,754.9952259090447,14.957440024014446,-15.837114255498124,-8.18629331648879,0.5775054524509343,1.4782608695652173,452.99712105485696,75.49952017580951,-34.50135681500052,-0.3450135681500051,1283.491867139711,1.3300678839023723,34.876099338656594,155,187,86.09625668449198,23.60248447204969,131.07307547615582,,not_modelled_synthetic,PASS
ae8d62d63ad07c85,ETHUSDT,15m,SHORT_ONLY,"{""adx_period"": 14, ""adx_threshold"": 20.0, ""atr_period"": 14, ""ema_period"": 100, ""ema_slope_lookback"": 3, ""lower_zone"": 0.2, ""max_ema_slope_pct"": 0.1, ""minimum_range_atr"": 3.0, ""range_lookback"": 32, ""stop_atr_buffer"": 0.5, ""upper_zone"": 0.8}",diagnostic_2023,base,2023-01-01T00:00:00+00:00,2024-01-01T00:00:00+00:00,240,range_mean_reversion_v1,1.0.0,30.83333333333333,-9.978780024774226,0.3423484072561278,-5.61550947049424,-4.157825010322707,10.069407249264025,571.4287716033274,7.019693737973487,-9.140574331852337,-4.157825010322707,0.7724143994484451,1.3604166666666666,342.85726018484155,57.14287669747359,-26.449093991785105,-0.264490939917851,971.4289084856424,1.1509245474947394,20.3655640768733,279,264,90.9090909090909,30.0,73.71887462434738,,not_modelled_synthetic,PASS
ae8d62d63ad07c85,ETHUSDT,15m,SHORT_ONLY,"{""adx_period"": 14, ""adx_threshold"": 20.0, ""atr_period"": 14, ""ema_period"": 100, ""ema_slope_lookback"": 3, ""lower_zone"": 0.2, ""max_ema_slope_pct"": 0.1, ""minimum_range_atr"": 3.0, ""range_lookback"": 32, ""stop_atr_buffer"": 0.5, ""upper_zone"": 0.8}",diagnostic_2023,adverse,2023-01-01T00:00:00+00:00,2024-01-01T00:00:00+00:00,240,range_mean_reversion_v1,1.0.0,19.166666666666668,-18.710034488240023,0.1214407498487024,-7.811638567747188,-7.795847703433364,18.757475265996757,1087.4792553881136,5.622249840727177,-10.9774584613271,-7.795847703433364,0.7724629616023118,1.3604166666666666,652.4875438716034,108.74792397860055,-22.288725585713724,-0.2228872558571372,1848.7147232383172,2.288590440842952,32.04783726681606,279,264,90.9090909090909,30.0,128.1689511989592,,not_modelled_synthetic,PASS
ae8d62d63ad07c85,ETHUSDT,15m,SHORT_ONLY,"{""adx_period"": 14, ""adx_threshold"": 20.0, ""atr_period"": 14, ""ema_period"": 100, ""ema_slope_lookback"": 3, ""lower_zone"": 0.2, ""max_ema_slope_pct"": 0.1, ""minimum_range_atr"": 3.0, ""range_lookback"": 32, ""stop_atr_buffer"": 0.5, ""upper_zone"": 0.8}",diagnostic_2024,base,2024-01-01T00:00:00+00:00,2025-01-01T00:00:00+00:00,179,range_mean_reversion_v1,1.0.0,26.256983240223462,-9.88289584759936,0.3656862047665388,-4.360504830359924,-5.521170864580619,9.882895847599356,421.79984171210776,12.122460596501996,-11.803372975723672,-5.521170864580619,0.7638642377962513,1.7262569832402237,253.0798765481265,42.17997942468775,-271.22988707499644,-2.712298870749964,717.0596976849221,0.9349308266773312,27.796917329197235,243,217,82.48847926267281,20.670391061452516,44.52463799087251,,not_modelled_synthetic,PASS
ae8d62d63ad07c85,ETHUSDT,15m,SHORT_ONLY,"{""adx_period"": 14, ""adx_threshold"": 20.0, ""atr_period"": 14, ""ema_period"": 100, ""ema_slope_lookback"": 3, ""lower_zone"": 0.2, ""max_ema_slope_pct"": 0.1, ""minimum_range_atr"": 3.0, ""range_lookback"": 32, ""stop_atr_buffer"": 0.5, ""upper_zone"": 0.8}",diagnostic_2024,adverse,2024-01-01T00:00:00+00:00,2025-01-01T00:00:00+00:00,179,range_mean_reversion_v1,1.0.0,23.463687150837988,-16.48811345532951,0.1855146368039514,-5.864740162076705,-9.21123656722312,16.48811345532951,812.8494726889767,8.941627488450903,-14.776348175531949,-9.21123656722312,0.7639122355612724,1.7262569832402237,487.7095714870894,81.28492858118157,-266.9673727757109,-2.669673727757109,1381.8439727572477,1.8832262209818236,34.97333400881618,243,217,82.48847926267281,20.670391061452516,85.9437834462206,,not_modelled_synthetic,PASS
ae8d62d63ad07c85,ETHUSDT,15m,SHORT_ONLY,"{""adx_period"": 14, ""adx_threshold"": 20.0, ""atr_period"": 14, ""ema_period"": 100, ""ema_slope_lookback"": 3, ""lower_zone"": 0.2, ""max_ema_slope_pct"": 0.1, ""minimum_range_atr"": 3.0, ""range_lookback"": 32, ""stop_atr_buffer"": 0.5, ""upper_zone"": 0.8}",diagnostic_2025,base,2025-01-01T00:00:00+00:00,2026-01-01T00:00:00+00:00,206,range_mean_reversion_v1,1.0.0,23.78640776699029,-12.193043635277922,0.3246913551753924,-5.040385714003068,-5.9189532210088265,12.447136913751846,482.3847366312445,11.96422204382817,-11.500326392836934,-5.9189532210088265,0.6890987634227259,1.3932038834951457,289.43080005745884,48.23846667624314,-399.250360162856,-3.99250360162856,820.0540033649464,1.0454073914320594,27.52724136041099,243,241,85.47717842323651,17.961165048543688,91.39110884455204,,not_modelled_synthetic,PASS
ae8d62d63ad07c85,ETHUSDT,15m,SHORT_ONLY,"{""adx_period"": 14, ""adx_threshold"": 20.0, ""atr_period"": 14, ""ema_period"": 100, ""ema_slope_lookback"": 3, ""lower_zone"": 0.2, ""max_ema_slope_pct"": 0.1, ""minimum_range_atr"": 3.0, ""range_lookback"": 32, ""stop_atr_buffer"": 0.5, ""upper_zone"": 0.8}",diagnostic_2025,adverse,2025-01-01T00:00:00+00:00,2026-01-01T00:00:00+00:00,206,range_mean_reversion_v1,1.0.0,20.388349514563107,-19.558818562560496,0.1649580521285757,-6.470181310386221,-9.494572117747824,19.5588185625605,924.7169408862138,9.199379915499698,-14.282047638457556,-9.494572117747824,0.6891421110755439,1.3932038834951457,554.8300033091655,92.47166721819426,-383.8632448424988,-3.8386324484249874,1572.0186114135734,2.0892008006328457,35.08151545593106,243,241,85.47717842323651,17.961165048543688,151.32100549680013,,not_modelled_synthetic,PASS
ae8d62d63ad07c85,ETHUSDT,15m,SHORT_ONLY,"{""adx_period"": 14, ""adx_threshold"": 20.0, ""atr_period"": 14, ""ema_period"": 100, ""ema_slope_lookback"": 3, ""lower_zone"": 0.2, ""max_ema_slope_pct"": 0.1, ""minimum_range_atr"": 3.0, ""range_lookback"": 32, ""stop_atr_buffer"": 0.5, ""upper_zone"": 0.8}",diagnostic_2026,base,2026-01-01T00:00:00+00:00,2026-09-26T00:00:00+00:00,163,range_mean_reversion_v1,1.0.0,25.153374233128837,-8.50679701475967,0.3395405543275649,-5.866210323894905,-5.218893874085638,8.506797014759668,390.5124399537802,10.66664179436324,-10.557475533154523,-5.218893874085638,0.7458163943806008,1.3987730061349692,234.3074443573676,39.05124072622793,-186.80857643857087,-1.8680857643857085,663.8711250373756,1.0834205461640924,28.556264781429302,187,192,84.89583333333333,19.6319018404908,60.67705778686628,,not_modelled_synthetic,PASS
ae8d62d63ad07c85,ETHUSDT,15m,SHORT_ONLY,"{""adx_period"": 14, ""adx_threshold"": 20.0, ""atr_period"": 14, ""ema_period"": 100, ""ema_slope_lookback"": 3, ""lower_zone"": 0.2, ""max_ema_slope_pct"": 0.1, ""minimum_range_atr"": 3.0, ""range_lookback"": 32, ""stop_atr_buffer"": 0.5, ""upper_zone"": 0.8}",diagnostic_2026,adverse,2026-01-01T00:00:00+00:00,2026-09-26T00:00:00+00:00,163,range_mean_reversion_v1,1.0.0,19.6319018404908,-14.633441771435896,0.1586617358552297,-8.086532198659473,-8.977571638917755,14.6334417714359,754.9951862352254,8.623787883315567,-13.277140377173223,-8.977571638917755,0.7458633254099902,1.3987730061349692,452.99703620310686,75.49950603385115,-179.85244867142805,-1.798524486714281,1283.4917284721832,2.160609076088296,37.11938296912829,187,192,84.89583333333333,19.6319018404908,104.75257971745468,,not_modelled_synthetic,PASS
da10de485833bcd2,ETHUSDT,15m,LONG_SHORT,"{""adx_period"": 14, ""adx_threshold"": 20.0, ""atr_period"": 14, ""ema_period"": 100, ""ema_slope_lookback"": 3, ""lower_zone"": 0.2, ""max_ema_slope_pct"": 0.1, ""minimum_range_atr"": 3.0, ""range_lookback"": 32, ""stop_atr_buffer"": 0.5, ""upper_zone"": 0.8}",train,base,2020-02-01T00:00:00+00:00,2023-01-01T00:00:00+00:00,778,range_mean_reversion_v1,1.0.0,30.848329048843187,-29.28466962664312,0.5539842164262091,-3.543392200431087,-3.7640963530389753,29.54393533683886,1650.7321949754544,15.155708753197354,-12.20415811046782,-3.7640963530389753,0.8913607230878998,1.3811053984575836,990.4393041519368,165.07321735865614,-122.2222461782176,-1.222222461782176,2806.2447164860478,0.6147007674158259,7.713531893886819,440,434,89.01601830663616,22.87917737789203,310.55600181015325,,not_modelled_synthetic,FAIL
da10de485833bcd2,ETHUSDT,15m,LONG_SHORT,"{""adx_period"": 14, ""adx_threshold"": 20.0, ""atr_period"": 14, ""ema_period"": 100, ""ema_slope_lookback"": 3, ""lower_zone"": 0.2, ""max_ema_slope_pct"": 0.1, ""minimum_range_atr"": 3.0, ""range_lookback"": 32, ""stop_atr_buffer"": 0.5, ""upper_zone"": 0.8}",train,adverse,2020-02-01T00:00:00+00:00,2023-01-01T00:00:00+00:00,778,range_mean_reversion_v1,1.0.0,26.22107969151671,-49.178739625605616,0.3325024435040057,-5.739713613012784,-6.321174759075295,49.33261670139779,2837.557411392651,12.008600245141595,-12.83558956893635,-6.321174759075295,0.8910715129723891,1.3811053984575836,1702.5344073444987,283.7557345574165,-94.02640926607404,-0.9402640926607404,4823.847553294567,1.225628902344314,9.661969907121698,440,434,89.01601830663616,22.87917737789203,518.4704264347077,,not_modelled_synthetic,FAIL
da10de485833bcd2,ETHUSDT,15m,LONG_SHORT,"{""adx_period"": 14, ""adx_threshold"": 20.0, ""atr_period"": 14, ""ema_period"": 100, ""ema_slope_lookback"": 3, ""lower_zone"": 0.2, ""max_ema_slope_pct"": 0.1, ""minimum_range_atr"": 3.0, ""range_lookback"": 32, ""stop_atr_buffer"": 0.5, ""upper_zone"": 0.8}",validation,base,2023-01-01T00:00:00+00:00,2025-01-01T00:00:00+00:00,878,range_mean_reversion_v1,1.0.0,26.765375854214124,-37.12384390902047,0.3276990607869948,-7.693588656876638,-4.228228235651552,37.12384390902047,1780.1404241478174,7.700103352101307,-8.587727338485022,-4.228228235651552,1.518094965186149,1.4421981776765376,1068.0841824433862,178.01403040723105,-686.1457539035652,-6.861457539035652,3026.2386369984347,1.1274866117412314,8.437685914185785,522,481,87.53738783649052,23.57630979498861,165.41846463268865,,not_modelled_synthetic,FAIL
da10de485833bcd2,ETHUSDT,15m,LONG_SHORT,"{""adx_period"": 14, ""adx_threshold"": 20.0, ""atr_period"": 14, ""ema_period"": 100, ""ema_slope_lookback"": 3, ""lower_zone"": 0.2, ""max_ema_slope_pct"": 0.1, ""minimum_range_atr"": 3.0, ""range_lookback"": 32, ""stop_atr_buffer"": 0.5, ""upper_zone"": 0.8}",validation,adverse,2023-01-01T00:00:00+00:00,2025-01-01T00:00:00+00:00,878,range_mean_reversion_v1,1.0.0,19.47608200455581,-56.689347180473206,0.1378716868527683,-9.887930687057306,-6.456645464746392,56.689347180473206,3013.601774170955,5.301619153765429,-9.300582168799462,-6.456645464746392,1.517658807080984,1.4421981776765376,1808.160835261546,301.36013921025767,-545.8119694046384,-5.458119694046384,5123.122748642759,2.26989488606329,12.6355979293247,522,481,87.53738783649052,23.57630979498861,293.13625981330046,,not_modelled_synthetic,FAIL
da10de485833bcd2,ETHUSDT,15m,LONG_SHORT,"{""adx_period"": 14, ""adx_threshold"": 20.0, ""atr_period"": 14, ""ema_period"": 100, ""ema_slope_lookback"": 3, ""lower_zone"": 0.2, ""max_ema_slope_pct"": 0.1, ""minimum_range_atr"": 3.0, ""range_lookback"": 32, ""stop_atr_buffer"": 0.5, ""upper_zone"": 0.8}",test,base,2025-01-01T00:00:00+00:00,2026-09-26T00:00:00+00:00,731,range_mean_reversion_v1,1.0.0,25.85499316005472,-32.69393861267071,0.3859118667919649,-6.934672421818757,-4.472495022253178,32.69393861267072,1493.9083459487065,10.87083407338362,-9.822844098037969,-4.472495022253178,1.4781066472346418,1.4524623803009575,896.3449309454987,149.3908218242498,-729.749762548573,-7.297497625485731,2539.644098718455,0.9296911551442628,10.554758732163569,430,433,84.7045191193511,21.3406292749658,229.93114548174495,,not_modelled_synthetic,FAIL
da10de485833bcd2,ETHUSDT,15m,LONG_SHORT,"{""adx_period"": 14, ""adx_threshold"": 20.0, ""atr_period"": 14, ""ema_period"": 100, ""ema_slope_lookback"": 3, ""lower_zone"": 0.2, ""max_ema_slope_pct"": 0.1, ""minimum_range_atr"": 3.0, ""range_lookback"": 32, ""stop_atr_buffer"": 0.5, ""upper_zone"": 0.8}",test,adverse,2025-01-01T00:00:00+00:00,2026-09-26T00:00:00+00:00,730,range_mean_reversion_v1,1.0.0,22.328767123287676,-50.606019117826776,0.1986829642777813,-9.432873698161966,-6.932331386003647,50.606019117826776,2590.9054347491674,7.69787449099195,-11.138193040236953,-6.932331386003647,1.475184861791507,1.452054794520548,1554.5429853030428,259.0904975505072,-656.0629941800015,-6.560629941800015,4404.538917602717,1.8582803350055093,14.090750308036036,430,433,84.58864426419467,21.36986301369863,347.8426581127334,,not_modelled_synthetic,FAIL
da10de485833bcd2,ETHUSDT,15m,LONG_SHORT,"{""adx_period"": 14, ""adx_threshold"": 20.0, ""atr_period"": 14, ""ema_period"": 100, ""ema_slope_lookback"": 3, ""lower_zone"": 0.2, ""max_ema_slope_pct"": 0.1, ""minimum_range_atr"": 3.0, ""range_lookback"": 32, ""stop_atr_buffer"": 0.5, ""upper_zone"": 0.8}",diagnostic_2020,base,2020-02-01T00:00:00+00:00,2021-01-01T00:00:00+00:00,224,range_mean_reversion_v1,1.0.0,34.375,-6.733026566481803,0.6406468695966752,-2.622758042580367,-3.005815431465134,8.27205609055954,533.2540008212768,15.588950529209136,-12.745930934675464,-3.005815431465134,0.8169984582520681,1.3839285714285714,319.95242498182927,53.32540416363822,233.2291733185723,2.332291733185723,906.5318299667445,0.5907539626093388,15.648941468204592,128,115,92.18106995884774,26.339285714285715,74.57335634742499,,not_modelled_synthetic,PASS
da10de485833bcd2,ETHUSDT,15m,LONG_SHORT,"{""adx_period"": 14, ""adx_threshold"": 20.0, ""atr_period"": 14, ""ema_period"": 100, ""ema_slope_lookback"": 3, ""lower_zone"": 0.2, ""max_ema_slope_pct"": 0.1, ""minimum_range_atr"": 3.0, ""range_lookback"": 32, ""stop_atr_buffer"": 0.5, ""upper_zone"": 0.8}",diagnostic_2020,adverse,2020-02-01T00:00:00+00:00,2021-01-01T00:00:00+00:00,224,range_mean_reversion_v1,1.0.0,29.464285714285715,-15.197438490341977,0.3618231965922136,-5.1996821602844046,-6.784570754616995,15.719671984792887,1017.6459830690702,13.055149534381586,-15.072048850021464,-6.784570754616995,0.8166887410249637,1.3839285714285714,610.5876781483007,101.7646130247168,210.254425207858,2.10254425207858,1729.9982742420875,1.1884197068906424,17.896164070806773,128,115,92.18106995884774,26.339285714285715,152.5105071882636,,not_modelled_synthetic,PASS
da10de485833bcd2,ETHUSDT,15m,LONG_SHORT,"{""adx_period"": 14, ""adx_threshold"": 20.0, ""atr_period"": 14, ""ema_period"": 100, ""ema_slope_lookback"": 3, ""lower_zone"": 0.2, ""max_ema_slope_pct"": 0.1, ""minimum_range_atr"": 3.0, ""range_lookback"": 32, ""stop_atr_buffer"": 0.5, ""upper_zone"": 0.8}",diagnostic_2021,base,2021-01-01T00:00:00+00:00,2022-01-01T00:00:00+00:00,247,range_mean_reversion_v1,1.0.0,27.125506072874494,-13.067457918235482,0.5006279425563641,-3.7882078505483454,-5.290468792807905,13.973500516477428,574.1277123896707,19.552718870178595,-14.537655311808436,-5.290468792807905,0.7633117695406629,1.2874493927125503,344.47659270728667,57.41276545121445,-330.7287212753604,-3.307287212753604,976.017070548172,0.612109221034875,22.357300062613,157,132,85.46712802768167,19.02834008097166,153.80790468466745,,not_modelled_synthetic,PASS
da10de485833bcd2,ETHUSDT,15m,LONG_SHORT,"{""adx_period"": 14, ""adx_threshold"": 20.0, ""atr_period"": 14, ""ema_period"": 100, ""ema_slope_lookback"": 3, ""lower_zone"": 0.2, ""max_ema_slope_pct"": 0.1, ""minimum_range_atr"": 3.0, ""range_lookback"": 32, ""stop_atr_buffer"": 0.5, ""upper_zone"": 0.8}",diagnostic_2021,adverse,2021-01-01T00:00:00+00:00,2022-01-01T00:00:00+00:00,247,range_mean_reversion_v1,1.0.0,24.291497975708506,-21.71948962976976,0.3194457372413786,-5.481594561965902,-8.793315639582909,21.981915210207685,1091.2912265991863,16.99153850755989,-17.066530873960282,-8.793315639582909,0.7630446928954049,1.2874493927125503,654.7746029228181,109.12910048713636,-316.75403296786027,-3.1675403296786024,1855.194930009141,1.2190406015424535,26.41822007879698,157,132,85.46712802768167,19.02834008097166,258.4492419651187,,not_modelled_synthetic,PASS
da10de485833bcd2,ETHUSDT,15m,LONG_SHORT,"{""adx_period"": 14, ""adx_threshold"": 20.0, ""atr_period"": 14, ""ema_period"": 100, ""ema_slope_lookback"": 3, ""lower_zone"": 0.2, ""max_ema_slope_pct"": 0.1, ""minimum_range_atr"": 3.0, ""range_lookback"": 32, ""stop_atr_buffer"": 0.5, ""upper_zone"": 0.8}",diagnostic_2022,base,2022-01-01T00:00:00+00:00,2023-01-01T00:00:00+00:00,307,range_mean_reversion_v1,1.0.0,31.270358306188925,-12.78256611545665,0.5397032918259197,-4.048940083150526,-4.16370231773831,12.78259251397482,717.8236153684551,15.61219663675547,-13.161267718835006,-4.16370231773831,1.0876601204400898,1.4543973941368078,430.69416313564335,71.78236052260723,-57.95647251893,-0.5795647251892999,1220.3001390267057,0.6410048769853739,16.12244843121583,155,187,89.76608187134502,23.452768729641694,114.12365839654667,,not_modelled_synthetic,PASS
da10de485833bcd2,ETHUSDT,15m,LONG_SHORT,"{""adx_period"": 14, ""adx_threshold"": 20.0, ""atr_period"": 14, ""ema_period"": 100, ""ema_slope_lookback"": 3, ""lower_zone"": 0.2, ""max_ema_slope_pct"": 0.1, ""minimum_range_atr"": 3.0, ""range_lookback"": 32, ""stop_atr_buffer"": 0.5, ""upper_zone"": 0.8}",diagnostic_2022,adverse,2022-01-01T00:00:00+00:00,2023-01-01T00:00:00+00:00,307,range_mean_reversion_v1,1.0.0,25.407166123778502,-23.443376603459,0.3173753472678756,-6.529245695767796,-7.636279023928047,23.443376603459,1347.4185887787428,13.973872683677822,-14.99694205097284,-7.636279023928047,1.0873675348253484,1.4543973941368078,808.4511307022897,134.7418551170483,-53.726085747858406,-0.5372608574785841,2290.611574598081,1.278312241371231,19.72219517663907,155,187,89.76608187134502,23.452768729641694,221.1204742798535,,not_modelled_synthetic,PASS
da10de485833bcd2,ETHUSDT,15m,LONG_SHORT,"{""adx_period"": 14, ""adx_threshold"": 20.0, ""atr_period"": 14, ""ema_period"": 100, ""ema_slope_lookback"": 3, ""lower_zone"": 0.2, ""max_ema_slope_pct"": 0.1, ""minimum_range_atr"": 3.0, ""range_lookback"": 32, ""stop_atr_buffer"": 0.5, ""upper_zone"": 0.8}",diagnostic_2023,base,2023-01-01T00:00:00+00:00,2024-01-01T00:00:00+00:00,482,range_mean_reversion_v1,1.0.0,26.970954356846477,-20.69238516279345,0.3050467424382749,-8.560842293380103,-4.293025967384542,20.692385162793453,1081.406744435634,6.986794954033967,-8.458868921317514,-4.293025967384542,1.6737430058858238,1.4450207468879668,648.8440224224371,108.14067040373952,-230.84707901749965,-2.3084707901749963,1838.3914372618103,1.2608203733875158,14.246616617994755,279,264,88.76611418047882,24.896265560165972,110.08187351705392,,not_modelled_synthetic,PASS
da10de485833bcd2,ETHUSDT,15m,LONG_SHORT,"{""adx_period"": 14, ""adx_threshold"": 20.0, ""atr_period"": 14, ""ema_period"": 100, ""ema_slope_lookback"": 3, ""lower_zone"": 0.2, ""max_ema_slope_pct"": 0.1, ""minimum_range_atr"": 3.0, ""range_lookback"": 32, ""stop_atr_buffer"": 0.5, ""upper_zone"": 0.8}",diagnostic_2023,adverse,2023-01-01T00:00:00+00:00,2024-01-01T00:00:00+00:00,482,range_mean_reversion_v1,1.0.0,17.42738589211618,-35.369315967431284,0.1126548171805954,-10.859382604391426,-7.338032358388251,35.36931596743128,1962.6356480615132,5.34569954830972,-10.015000901510437,-7.338032358388251,1.673204136096588,1.4450207468879668,1177.5813046474489,196.26355077457484,-200.45109325964256,-2.0045109325964257,3336.480503483537,2.490789193017607,23.258418820674727,279,264,88.76611418047882,24.896265560165972,205.2049923804564,,not_modelled_synthetic,FAIL
da10de485833bcd2,ETHUSDT,15m,LONG_SHORT,"{""adx_period"": 14, ""adx_threshold"": 20.0, ""atr_period"": 14, ""ema_period"": 100, ""ema_slope_lookback"": 3, ""lower_zone"": 0.2, ""max_ema_slope_pct"": 0.1, ""minimum_range_atr"": 3.0, ""range_lookback"": 32, ""stop_atr_buffer"": 0.5, ""upper_zone"": 0.8}",diagnostic_2024,base,2024-01-01T00:00:00+00:00,2025-01-01T00:00:00+00:00,396,range_mean_reversion_v1,1.0.0,26.51515151515152,-20.71864390881444,0.3542074954175552,-7.036884655405292,-5.231980785054201,20.71864390881444,881.0425037011895,10.822728759167829,-11.024917218536377,-5.231980785054201,1.3628723211391702,1.4387626262626263,528.6254419410321,88.10424032350535,-574.0922049157069,-5.740922049157069,1497.772185965727,0.96890733885129,15.188790571548711,243,217,86.08695652173913,21.96969696969697,69.77463209484652,,not_modelled_synthetic,PASS
da10de485833bcd2,ETHUSDT,15m,LONG_SHORT,"{""adx_period"": 14, ""adx_threshold"": 20.0, ""atr_period"": 14, ""ema_period"": 100, ""ema_slope_lookback"": 3, ""lower_zone"": 0.2, ""max_ema_slope_pct"": 0.1, ""minimum_range_atr"": 3.0, ""range_lookback"": 32, ""stop_atr_buffer"": 0.5, ""upper_zone"": 0.8}",diagnostic_2024,adverse,2024-01-01T00:00:00+00:00,2025-01-01T00:00:00+00:00,396,range_mean_reversion_v1,1.0.0,21.96969696969697,-32.98748616293674,0.176686928433844,-9.021145035168333,-8.330173273468876,32.98748616293674,1626.1106216532462,8.13709485614255,-12.966588572097336,-8.330173273468876,1.362538899310894,1.4387626262626263,975.6661485604028,162.61102476006715,-534.3608213199934,-5.343608213199934,2764.387794973716,1.9473804303734656,19.812020893137426,243,217,86.08695652173913,21.96969696969697,136.05190412249453,,not_modelled_synthetic,FAIL
da10de485833bcd2,ETHUSDT,15m,LONG_SHORT,"{""adx_period"": 14, ""adx_threshold"": 20.0, ""atr_period"": 14, ""ema_period"": 100, ""ema_slope_lookback"": 3, ""lower_zone"": 0.2, ""max_ema_slope_pct"": 0.1, ""minimum_range_atr"": 3.0, ""range_lookback"": 32, ""stop_atr_buffer"": 0.5, ""upper_zone"": 0.8}",diagnostic_2025,base,2025-01-01T00:00:00+00:00,2026-01-01T00:00:00+00:00,407,range_mean_reversion_v1,1.0.0,23.832923832923832,-21.87837400550279,0.3517999006357613,-7.35031708045521,-5.375521868673913,21.89453267339997,899.3986402186176,12.241367245925124,-10.887903301306515,-5.375521868673913,1.313618993566731,1.3531941031941033,539.6391149508922,89.93985249181537,-658.8597928889302,-6.588597928889302,1528.9776076613252,0.9767864178949204,17.2121222216915,243,241,84.0909090909091,19.164619164619165,154.45519481805144,,not_modelled_synthetic,PASS
da10de485833bcd2,ETHUSDT,15m,LONG_SHORT,"{""adx_period"": 14, ""adx_threshold"": 20.0, ""atr_period"": 14, ""ema_period"": 100, ""ema_slope_lookback"": 3, ""lower_zone"": 0.2, ""max_ema_slope_pct"": 0.1, ""minimum_range_atr"": 3.0, ""range_lookback"": 32, ""stop_atr_buffer"": 0.5, ""upper_zone"": 0.8}",diagnostic_2025,adverse,2025-01-01T00:00:00+00:00,2026-01-01T00:00:00+00:00,407,range_mean_reversion_v1,1.0.0,21.375921375921376,-34.27789671697936,0.1834636658822563,-9.390844029252968,-8.422087645449434,34.27789671697936,1657.668652549736,8.852571959920585,-13.118635725659407,-8.422087645449434,1.313245828596603,1.3531941031941033,994.600935433472,165.76682257224533,-609.7532611425014,-6.097532611425014,2818.0364105554536,1.957019684837792,22.184171938196062,243,241,84.0909090909091,19.164619164619165,239.8205915194921,,not_modelled_synthetic,FAIL
da10de485833bcd2,ETHUSDT,15m,LONG_SHORT,"{""adx_period"": 14, ""adx_threshold"": 20.0, ""atr_period"": 14, ""ema_period"": 100, ""ema_slope_lookback"": 3, ""lower_zone"": 0.2, ""max_ema_slope_pct"": 0.1, ""minimum_range_atr"": 3.0, ""range_lookback"": 32, ""stop_atr_buffer"": 0.5, ""upper_zone"": 0.8}",diagnostic_2026,base,2026-01-01T00:00:00+00:00,2026-09-26T00:00:00+00:00,327,range_mean_reversion_v1,1.0.0,28.134556574923547,-14.116529652307086,0.4352701204379869,-6.502581858029475,-4.31698154504803,14.116529652307088,766.08773225969,11.826553651924304,-10.637003834926562,-4.31698154504803,1.6445707269299212,1.5198776758409789,459.65262787891146,76.6087713131519,-109.303833778929,-1.09303833778929,1302.3491314517537,0.883647353871718,16.741358706452555,187,192,86.2796833773087,23.853211009174316,96.30838870748472,,not_modelled_synthetic,PASS
da10de485833bcd2,ETHUSDT,15m,LONG_SHORT,"{""adx_period"": 14, ""adx_threshold"": 20.0, ""atr_period"": 14, ""ema_period"": 100, ""ema_slope_lookback"": 3, ""lower_zone"": 0.2, ""max_ema_slope_pct"": 0.1, ""minimum_range_atr"": 3.0, ""range_lookback"": 32, ""stop_atr_buffer"": 0.5, ""upper_zone"": 0.8}",diagnostic_2026,adverse,2026-01-01T00:00:00+00:00,2026-09-26T00:00:00+00:00,326,range_mean_reversion_v1,1.0.0,23.006134969325156,-25.176736331250137,0.2218923486089112,-9.676147058228402,-7.72292525498481,25.176736331250137,1428.6526182115845,9.572840201671276,-12.890982662352169,-7.72292525498481,1.6382225250789462,1.5191717791411044,857.1915335619758,142.86525559366265,-88.96422575785759,-0.8896422575785758,2428.709407367223,1.7413689162162893,21.734882491098123,187,192,86.01583113456465,23.92638036809816,163.63463431196303,,not_modelled_synthetic,FAIL
