family,experiment_id,run_id,backtest_id,configuration_id,symbol,timeframe,mode,period,year,scenario,closed_trades,winners,losers,breakeven_trades,net_pnl,expectancy,profit_factor,win_rate_pct,median_net_pnl,sample_status,dimension,bucket,trade_share_pct,net_pnl_share_pct,evidence_source
donchian_atr,eth_short_historical_falsification_v1_donchian_atr,20261008T183843Z-788bbf8b61dc,f128848419354982a4745b26307c5749,ff43266d9f6c730a,ETHUSDT,1h,SHORT_ONLY,HISTORICAL_CHALLENGE/year_2020,2020.0,base,42,14,28,0,70.89366214250423,1.6879443367262912,1.0324053823628268,33.333333333333336,-64.59395325159532,DESCRIPTIVE_SAMPLE,trend,bearish,100.0,100.00000000000006,historical
donchian_atr,eth_short_historical_falsification_v1_donchian_atr,20261008T183843Z-788bbf8b61dc,f128848419354982a4745b26307c5749,ff43266d9f6c730a,ETHUSDT,1h,SHORT_ONLY,HISTORICAL_CHALLENGE/year_2020,2020.0,base,0,0,0,0,0.0,,,,,INSUFFICIENT_SAMPLE,trend,bullish,0.0,0.0,historical
donchian_atr,eth_short_historical_falsification_v1_donchian_atr,20261008T183843Z-788bbf8b61dc,f128848419354982a4745b26307c5749,ff43266d9f6c730a,ETHUSDT,1h,SHORT_ONLY,HISTORICAL_CHALLENGE/year_2020,2020.0,base,0,0,0,0,0.0,,,,,INSUFFICIENT_SAMPLE,trend,mixed,0.0,0.0,historical
donchian_atr,eth_short_historical_falsification_v1_donchian_atr,20261008T183843Z-788bbf8b61dc,f128848419354982a4745b26307c5749,ff43266d9f6c730a,ETHUSDT,1h,SHORT_ONLY,HISTORICAL_CHALLENGE/year_2020,2020.0,base,0,0,0,0,0.0,,,,,INSUFFICIENT_SAMPLE,trend,unavailable,0.0,0.0,historical
donchian_atr,eth_short_historical_falsification_v1_donchian_atr,20261008T183843Z-788bbf8b61dc,f128848419354982a4745b26307c5749,ff43266d9f6c730a,ETHUSDT,1h,SHORT_ONLY,HISTORICAL_CHALLENGE/year_2020,2020.0,base,42,14,28,0,70.89366214250423,1.6879443367262912,1.0324053823628268,33.333333333333336,-64.59395325159532,DESCRIPTIVE_SAMPLE,volatility,high,100.0,100.00000000000006,historical
donchian_atr,eth_short_historical_falsification_v1_donchian_atr,20261008T183843Z-788bbf8b61dc,f128848419354982a4745b26307c5749,ff43266d9f6c730a,ETHUSDT,1h,SHORT_ONLY,HISTORICAL_CHALLENGE/year_2020,2020.0,base,0,0,0,0,0.0,,,,,INSUFFICIENT_SAMPLE,volatility,ordinary,0.0,0.0,historical
donchian_atr,eth_short_historical_falsification_v1_donchian_atr,20261008T183843Z-788bbf8b61dc,f128848419354982a4745b26307c5749,ff43266d9f6c730a,ETHUSDT,1h,SHORT_ONLY,HISTORICAL_CHALLENGE/year_2020,2020.0,base,0,0,0,0,0.0,,,,,INSUFFICIENT_SAMPLE,volatility,unavailable,0.0,0.0,historical
donchian_atr,eth_short_historical_falsification_v1_donchian_atr,20261008T183843Z-788bbf8b61dc,f128848419354982a4745b26307c5749,ff43266d9f6c730a,ETHUSDT,1h,SHORT_ONLY,HISTORICAL_CHALLENGE/year_2020,2020.0,base,42,14,28,0,70.89366214250423,1.6879443367262912,1.0324053823628268,33.333333333333336,-64.59395325159532,DESCRIPTIVE_SAMPLE,combined,bearish/high,100.0,100.00000000000006,historical
donchian_atr,eth_short_historical_falsification_v1_donchian_atr,20261008T183843Z-788bbf8b61dc,f128848419354982a4745b26307c5749,ff43266d9f6c730a,ETHUSDT,1h,SHORT_ONLY,HISTORICAL_CHALLENGE/year_2020,2020.0,base,0,0,0,0,0.0,,,,,INSUFFICIENT_SAMPLE,combined,bearish/ordinary,0.0,0.0,historical
donchian_atr,eth_short_historical_falsification_v1_donchian_atr,20261008T183843Z-788bbf8b61dc,f128848419354982a4745b26307c5749,ff43266d9f6c730a,ETHUSDT,1h,SHORT_ONLY,HISTORICAL_CHALLENGE/year_2020,2020.0,base,0,0,0,0,0.0,,,,,INSUFFICIENT_SAMPLE,combined,bearish/unavailable,0.0,0.0,historical
donchian_atr,eth_short_historical_falsification_v1_donchian_atr,20261008T183843Z-788bbf8b61dc,f128848419354982a4745b26307c5749,ff43266d9f6c730a,ETHUSDT,1h,SHORT_ONLY,HISTORICAL_CHALLENGE/year_2020,2020.0,base,0,0,0,0,0.0,,,,,INSUFFICIENT_SAMPLE,combined,bullish/high,0.0,0.0,historical
donchian_atr,eth_short_historical_falsification_v1_donchian_atr,20261008T183843Z-788bbf8b61dc,f128848419354982a4745b26307c5749,ff43266d9f6c730a,ETHUSDT,1h,SHORT_ONLY,HISTORICAL_CHALLENGE/year_2020,2020.0,base,0,0,0,0,0.0,,,,,INSUFFICIENT_SAMPLE,combined,bullish/ordinary,0.0,0.0,historical
donchian_atr,eth_short_historical_falsification_v1_donchian_atr,20261008T183843Z-788bbf8b61dc,f128848419354982a4745b26307c5749,ff43266d9f6c730a,ETHUSDT,1h,SHORT_ONLY,HISTORICAL_CHALLENGE/year_2020,2020.0,base,0,0,0,0,0.0,,,,,INSUFFICIENT_SAMPLE,combined,bullish/unavailable,0.0,0.0,historical
donchian_atr,eth_short_historical_falsification_v1_donchian_atr,20261008T183843Z-788bbf8b61dc,f128848419354982a4745b26307c5749,ff43266d9f6c730a,ETHUSDT,1h,SHORT_ONLY,HISTORICAL_CHALLENGE/year_2020,2020.0,base,0,0,0,0,0.0,,,,,INSUFFICIENT_SAMPLE,combined,mixed/high,0.0,0.0,historical
donchian_atr,eth_short_historical_falsification_v1_donchian_atr,20261008T183843Z-788bbf8b61dc,f128848419354982a4745b26307c5749,ff43266d9f6c730a,ETHUSDT,1h,SHORT_ONLY,HISTORICAL_CHALLENGE/year_2020,2020.0,base,0,0,0,0,0.0,,,,,INSUFFICIENT_SAMPLE,combined,mixed/ordinary,0.0,0.0,historical
donchian_atr,eth_short_historical_falsification_v1_donchian_atr,20261008T183843Z-788bbf8b61dc,f128848419354982a4745b26307c5749,ff43266d9f6c730a,ETHUSDT,1h,SHORT_ONLY,HISTORICAL_CHALLENGE/year_2020,2020.0,base,0,0,0,0,0.0,,,,,INSUFFICIENT_SAMPLE,combined,mixed/unavailable,0.0,0.0,historical
donchian_atr,eth_short_historical_falsification_v1_donchian_atr,20261008T183843Z-788bbf8b61dc,f128848419354982a4745b26307c5749,ff43266d9f6c730a,ETHUSDT,1h,SHORT_ONLY,HISTORICAL_CHALLENGE/year_2020,2020.0,base,0,0,0,0,0.0,,,,,INSUFFICIENT_SAMPLE,combined,unavailable/high,0.0,0.0,historical
donchian_atr,eth_short_historical_falsification_v1_donchian_atr,20261008T183843Z-788bbf8b61dc,f128848419354982a4745b26307c5749,ff43266d9f6c730a,ETHUSDT,1h,SHORT_ONLY,HISTORICAL_CHALLENGE/year_2020,2020.0,base,0,0,0,0,0.0,,,,,INSUFFICIENT_SAMPLE,combined,unavailable/ordinary,0.0,0.0,historical
donchian_atr,eth_short_historical_falsification_v1_donchian_atr,20261008T183843Z-788bbf8b61dc,f128848419354982a4745b26307c5749,ff43266d9f6c730a,ETHUSDT,1h,SHORT_ONLY,HISTORICAL_CHALLENGE/year_2020,2020.0,base,0,0,0,0,0.0,,,,,INSUFFICIENT_SAMPLE,combined,unavailable/unavailable,0.0,0.0,historical
donchian_atr,eth_short_historical_falsification_v1_donchian_atr,20261008T183843Z-788bbf8b61dc,1a07e55ac59042e492bff5effedefc4a,ff43266d9f6c730a,ETHUSDT,1h,SHORT_ONLY,HISTORICAL_CHALLENGE/year_2020,2020.0,adverse,42,14,28,0,-70.0566218516602,-1.6680148059919095,0.9688457944435862,33.333333333333336,-67.22942657942525,DESCRIPTIVE_SAMPLE,trend,bearish,100.0,,historical
donchian_atr,eth_short_historical_falsification_v1_donchian_atr,20261008T183843Z-788bbf8b61dc,1a07e55ac59042e492bff5effedefc4a,ff43266d9f6c730a,ETHUSDT,1h,SHORT_ONLY,HISTORICAL_CHALLENGE/year_2020,2020.0,adverse,0,0,0,0,0.0,,,,,INSUFFICIENT_SAMPLE,trend,bullish,0.0,,historical
donchian_atr,eth_short_historical_falsification_v1_donchian_atr,20261008T183843Z-788bbf8b61dc,1a07e55ac59042e492bff5effedefc4a,ff43266d9f6c730a,ETHUSDT,1h,SHORT_ONLY,HISTORICAL_CHALLENGE/year_2020,2020.0,adverse,0,0,0,0,0.0,,,,,INSUFFICIENT_SAMPLE,trend,mixed,0.0,,historical
donchian_atr,eth_short_historical_falsification_v1_donchian_atr,20261008T183843Z-788bbf8b61dc,1a07e55ac59042e492bff5effedefc4a,ff43266d9f6c730a,ETHUSDT,1h,SHORT_ONLY,HISTORICAL_CHALLENGE/year_2020,2020.0,adverse,0,0,0,0,0.0,,,,,INSUFFICIENT_SAMPLE,trend,unavailable,0.0,,historical
donchian_atr,eth_short_historical_falsification_v1_donchian_atr,20261008T183843Z-788bbf8b61dc,1a07e55ac59042e492bff5effedefc4a,ff43266d9f6c730a,ETHUSDT,1h,SHORT_ONLY,HISTORICAL_CHALLENGE/year_2020,2020.0,adverse,42,14,28,0,-70.0566218516602,-1.6680148059919095,0.9688457944435862,33.333333333333336,-67.22942657942525,DESCRIPTIVE_SAMPLE,volatility,high,100.0,,historical
donchian_atr,eth_short_historical_falsification_v1_donchian_atr,20261008T183843Z-788bbf8b61dc,1a07e55ac59042e492bff5effedefc4a,ff43266d9f6c730a,ETHUSDT,1h,SHORT_ONLY,HISTORICAL_CHALLENGE/year_2020,2020.0,adverse,0,0,0,0,0.0,,,,,INSUFFICIENT_SAMPLE,volatility,ordinary,0.0,,historical
donchian_atr,eth_short_historical_falsification_v1_donchian_atr,20261008T183843Z-788bbf8b61dc,1a07e55ac59042e492bff5effedefc4a,ff43266d9f6c730a,ETHUSDT,1h,SHORT_ONLY,HISTORICAL_CHALLENGE/year_2020,2020.0,adverse,0,0,0,0,0.0,,,,,INSUFFICIENT_SAMPLE,volatility,unavailable,0.0,,historical
donchian_atr,eth_short_historical_falsification_v1_donchian_atr,20261008T183843Z-788bbf8b61dc,1a07e55ac59042e492bff5effedefc4a,ff43266d9f6c730a,ETHUSDT,1h,SHORT_ONLY,HISTORICAL_CHALLENGE/year_2020,2020.0,adverse,42,14,28,0,-70.0566218516602,-1.6680148059919095,0.9688457944435862,33.333333333333336,-67.22942657942525,DESCRIPTIVE_SAMPLE,combined,bearish/high,100.0,,historical
donchian_atr,eth_short_historical_falsification_v1_donchian_atr,20261008T183843Z-788bbf8b61dc,1a07e55ac59042e492bff5effedefc4a,ff43266d9f6c730a,ETHUSDT,1h,SHORT_ONLY,HISTORICAL_CHALLENGE/year_2020,2020.0,adverse,0,0,0,0,0.0,,,,,INSUFFICIENT_SAMPLE,combined,bearish/ordinary,0.0,,historical
donchian_atr,eth_short_historical_falsification_v1_donchian_atr,20261008T183843Z-788bbf8b61dc,1a07e55ac59042e492bff5effedefc4a,ff43266d9f6c730a,ETHUSDT,1h,SHORT_ONLY,HISTORICAL_CHALLENGE/year_2020,2020.0,adverse,0,0,0,0,0.0,,,,,INSUFFICIENT_SAMPLE,combined,bearish/unavailable,0.0,,historical
donchian_atr,eth_short_historical_falsification_v1_donchian_atr,20261008T183843Z-788bbf8b61dc,1a07e55ac59042e492bff5effedefc4a,ff43266d9f6c730a,ETHUSDT,1h,SHORT_ONLY,HISTORICAL_CHALLENGE/year_2020,2020.0,adverse,0,0,0,0,0.0,,,,,INSUFFICIENT_SAMPLE,combined,bullish/high,0.0,,historical
donchian_atr,eth_short_historical_falsification_v1_donchian_atr,20261008T183843Z-788bbf8b61dc,1a07e55ac59042e492bff5effedefc4a,ff43266d9f6c730a,ETHUSDT,1h,SHORT_ONLY,HISTORICAL_CHALLENGE/year_2020,2020.0,adverse,0,0,0,0,0.0,,,,,INSUFFICIENT_SAMPLE,combined,bullish/ordinary,0.0,,historical
donchian_atr,eth_short_historical_falsification_v1_donchian_atr,20261008T183843Z-788bbf8b61dc,1a07e55ac59042e492bff5effedefc4a,ff43266d9f6c730a,ETHUSDT,1h,SHORT_ONLY,HISTORICAL_CHALLENGE/year_2020,2020.0,adverse,0,0,0,0,0.0,,,,,INSUFFICIENT_SAMPLE,combined,bullish/unavailable,0.0,,historical
donchian_atr,eth_short_historical_falsification_v1_donchian_atr,20261008T183843Z-788bbf8b61dc,1a07e55ac59042e492bff5effedefc4a,ff43266d9f6c730a,ETHUSDT,1h,SHORT_ONLY,HISTORICAL_CHALLENGE/year_2020,2020.0,adverse,0,0,0,0,0.0,,,,,INSUFFICIENT_SAMPLE,combined,mixed/high,0.0,,historical
donchian_atr,eth_short_historical_falsification_v1_donchian_atr,20261008T183843Z-788bbf8b61dc,1a07e55ac59042e492bff5effedefc4a,ff43266d9f6c730a,ETHUSDT,1h,SHORT_ONLY,HISTORICAL_CHALLENGE/year_2020,2020.0,adverse,0,0,0,0,0.0,,,,,INSUFFICIENT_SAMPLE,combined,mixed/ordinary,0.0,,historical
donchian_atr,eth_short_historical_falsification_v1_donchian_atr,20261008T183843Z-788bbf8b61dc,1a07e55ac59042e492bff5effedefc4a,ff43266d9f6c730a,ETHUSDT,1h,SHORT_ONLY,HISTORICAL_CHALLENGE/year_2020,2020.0,adverse,0,0,0,0,0.0,,,,,INSUFFICIENT_SAMPLE,combined,mixed/unavailable,0.0,,historical
donchian_atr,eth_short_historical_falsification_v1_donchian_atr,20261008T183843Z-788bbf8b61dc,1a07e55ac59042e492bff5effedefc4a,ff43266d9f6c730a,ETHUSDT,1h,SHORT_ONLY,HISTORICAL_CHALLENGE/year_2020,2020.0,adverse,0,0,0,0,0.0,,,,,INSUFFICIENT_SAMPLE,combined,unavailable/high,0.0,,historical
donchian_atr,eth_short_historical_falsification_v1_donchian_atr,20261008T183843Z-788bbf8b61dc,1a07e55ac59042e492bff5effedefc4a,ff43266d9f6c730a,ETHUSDT,1h,SHORT_ONLY,HISTORICAL_CHALLENGE/year_2020,2020.0,adverse,0,0,0,0,0.0,,,,,INSUFFICIENT_SAMPLE,combined,unavailable/ordinary,0.0,,historical
donchian_atr,eth_short_historical_falsification_v1_donchian_atr,20261008T183843Z-788bbf8b61dc,1a07e55ac59042e492bff5effedefc4a,ff43266d9f6c730a,ETHUSDT,1h,SHORT_ONLY,HISTORICAL_CHALLENGE/year_2020,2020.0,adverse,0,0,0,0,0.0,,,,,INSUFFICIENT_SAMPLE,combined,unavailable/unavailable,0.0,,historical
donchian_atr,eth_short_historical_falsification_v1_donchian_atr,20261008T183843Z-788bbf8b61dc,a76c5e6cb7a840efa3e4c5a9d3bff4f4,ff43266d9f6c730a,ETHUSDT,1h,SHORT_ONLY,HISTORICAL_CHALLENGE/year_2021,2021.0,base,43,18,25,0,544.295322951883,12.65803076632286,1.2347046992819208,41.86046511627907,-74.38048214607832,DESCRIPTIVE_SAMPLE,trend,bearish,100.0,100.0,historical
donchian_atr,eth_short_historical_falsification_v1_donchian_atr,20261008T183843Z-788bbf8b61dc,a76c5e6cb7a840efa3e4c5a9d3bff4f4,ff43266d9f6c730a,ETHUSDT,1h,SHORT_ONLY,HISTORICAL_CHALLENGE/year_2021,2021.0,base,0,0,0,0,0.0,,,,,INSUFFICIENT_SAMPLE,trend,bullish,0.0,0.0,historical
donchian_atr,eth_short_historical_falsification_v1_donchian_atr,20261008T183843Z-788bbf8b61dc,a76c5e6cb7a840efa3e4c5a9d3bff4f4,ff43266d9f6c730a,ETHUSDT,1h,SHORT_ONLY,HISTORICAL_CHALLENGE/year_2021,2021.0,base,0,0,0,0,0.0,,,,,INSUFFICIENT_SAMPLE,trend,mixed,0.0,0.0,historical
donchian_atr,eth_short_historical_falsification_v1_donchian_atr,20261008T183843Z-788bbf8b61dc,a76c5e6cb7a840efa3e4c5a9d3bff4f4,ff43266d9f6c730a,ETHUSDT,1h,SHORT_ONLY,HISTORICAL_CHALLENGE/year_2021,2021.0,base,0,0,0,0,0.0,,,,,INSUFFICIENT_SAMPLE,trend,unavailable,0.0,0.0,historical
donchian_atr,eth_short_historical_falsification_v1_donchian_atr,20261008T183843Z-788bbf8b61dc,a76c5e6cb7a840efa3e4c5a9d3bff4f4,ff43266d9f6c730a,ETHUSDT,1h,SHORT_ONLY,HISTORICAL_CHALLENGE/year_2021,2021.0,base,43,18,25,0,544.295322951883,12.65803076632286,1.2347046992819208,41.86046511627907,-74.38048214607832,DESCRIPTIVE_SAMPLE,volatility,high,100.0,100.0,historical
donchian_atr,eth_short_historical_falsification_v1_donchian_atr,20261008T183843Z-788bbf8b61dc,a76c5e6cb7a840efa3e4c5a9d3bff4f4,ff43266d9f6c730a,ETHUSDT,1h,SHORT_ONLY,HISTORICAL_CHALLENGE/year_2021,2021.0,base,0,0,0,0,0.0,,,,,INSUFFICIENT_SAMPLE,volatility,ordinary,0.0,0.0,historical
donchian_atr,eth_short_historical_falsification_v1_donchian_atr,20261008T183843Z-788bbf8b61dc,a76c5e6cb7a840efa3e4c5a9d3bff4f4,ff43266d9f6c730a,ETHUSDT,1h,SHORT_ONLY,HISTORICAL_CHALLENGE/year_2021,2021.0,base,0,0,0,0,0.0,,,,,INSUFFICIENT_SAMPLE,volatility,unavailable,0.0,0.0,historical
donchian_atr,eth_short_historical_falsification_v1_donchian_atr,20261008T183843Z-788bbf8b61dc,a76c5e6cb7a840efa3e4c5a9d3bff4f4,ff43266d9f6c730a,ETHUSDT,1h,SHORT_ONLY,HISTORICAL_CHALLENGE/year_2021,2021.0,base,43,18,25,0,544.295322951883,12.65803076632286,1.2347046992819208,41.86046511627907,-74.38048214607832,DESCRIPTIVE_SAMPLE,combined,bearish/high,100.0,100.0,historical
donchian_atr,eth_short_historical_falsification_v1_donchian_atr,20261008T183843Z-788bbf8b61dc,a76c5e6cb7a840efa3e4c5a9d3bff4f4,ff43266d9f6c730a,ETHUSDT,1h,SHORT_ONLY,HISTORICAL_CHALLENGE/year_2021,2021.0,base,0,0,0,0,0.0,,,,,INSUFFICIENT_SAMPLE,combined,bearish/ordinary,0.0,0.0,historical
donchian_atr,eth_short_historical_falsification_v1_donchian_atr,20261008T183843Z-788bbf8b61dc,a76c5e6cb7a840efa3e4c5a9d3bff4f4,ff43266d9f6c730a,ETHUSDT,1h,SHORT_ONLY,HISTORICAL_CHALLENGE/year_2021,2021.0,base,0,0,0,0,0.0,,,,,INSUFFICIENT_SAMPLE,combined,bearish/unavailable,0.0,0.0,historical
donchian_atr,eth_short_historical_falsification_v1_donchian_atr,20261008T183843Z-788bbf8b61dc,a76c5e6cb7a840efa3e4c5a9d3bff4f4,ff43266d9f6c730a,ETHUSDT,1h,SHORT_ONLY,HISTORICAL_CHALLENGE/year_2021,2021.0,base,0,0,0,0,0.0,,,,,INSUFFICIENT_SAMPLE,combined,bullish/high,0.0,0.0,historical
donchian_atr,eth_short_historical_falsification_v1_donchian_atr,20261008T183843Z-788bbf8b61dc,a76c5e6cb7a840efa3e4c5a9d3bff4f4,ff43266d9f6c730a,ETHUSDT,1h,SHORT_ONLY,HISTORICAL_CHALLENGE/year_2021,2021.0,base,0,0,0,0,0.0,,,,,INSUFFICIENT_SAMPLE,combined,bullish/ordinary,0.0,0.0,historical
donchian_atr,eth_short_historical_falsification_v1_donchian_atr,20261008T183843Z-788bbf8b61dc,a76c5e6cb7a840efa3e4c5a9d3bff4f4,ff43266d9f6c730a,ETHUSDT,1h,SHORT_ONLY,HISTORICAL_CHALLENGE/year_2021,2021.0,base,0,0,0,0,0.0,,,,,INSUFFICIENT_SAMPLE,combined,bullish/unavailable,0.0,0.0,historical
donchian_atr,eth_short_historical_falsification_v1_donchian_atr,20261008T183843Z-788bbf8b61dc,a76c5e6cb7a840efa3e4c5a9d3bff4f4,ff43266d9f6c730a,ETHUSDT,1h,SHORT_ONLY,HISTORICAL_CHALLENGE/year_2021,2021.0,base,0,0,0,0,0.0,,,,,INSUFFICIENT_SAMPLE,combined,mixed/high,0.0,0.0,historical
donchian_atr,eth_short_historical_falsification_v1_donchian_atr,20261008T183843Z-788bbf8b61dc,a76c5e6cb7a840efa3e4c5a9d3bff4f4,ff43266d9f6c730a,ETHUSDT,1h,SHORT_ONLY,HISTORICAL_CHALLENGE/year_2021,2021.0,base,0,0,0,0,0.0,,,,,INSUFFICIENT_SAMPLE,combined,mixed/ordinary,0.0,0.0,historical
donchian_atr,eth_short_historical_falsification_v1_donchian_atr,20261008T183843Z-788bbf8b61dc,a76c5e6cb7a840efa3e4c5a9d3bff4f4,ff43266d9f6c730a,ETHUSDT,1h,SHORT_ONLY,HISTORICAL_CHALLENGE/year_2021,2021.0,base,0,0,0,0,0.0,,,,,INSUFFICIENT_SAMPLE,combined,mixed/unavailable,0.0,0.0,historical
donchian_atr,eth_short_historical_falsification_v1_donchian_atr,20261008T183843Z-788bbf8b61dc,a76c5e6cb7a840efa3e4c5a9d3bff4f4,ff43266d9f6c730a,ETHUSDT,1h,SHORT_ONLY,HISTORICAL_CHALLENGE/year_2021,2021.0,base,0,0,0,0,0.0,,,,,INSUFFICIENT_SAMPLE,combined,unavailable/high,0.0,0.0,historical
donchian_atr,eth_short_historical_falsification_v1_donchian_atr,20261008T183843Z-788bbf8b61dc,a76c5e6cb7a840efa3e4c5a9d3bff4f4,ff43266d9f6c730a,ETHUSDT,1h,SHORT_ONLY,HISTORICAL_CHALLENGE/year_2021,2021.0,base,0,0,0,0,0.0,,,,,INSUFFICIENT_SAMPLE,combined,unavailable/ordinary,0.0,0.0,historical
donchian_atr,eth_short_historical_falsification_v1_donchian_atr,20261008T183843Z-788bbf8b61dc,a76c5e6cb7a840efa3e4c5a9d3bff4f4,ff43266d9f6c730a,ETHUSDT,1h,SHORT_ONLY,HISTORICAL_CHALLENGE/year_2021,2021.0,base,0,0,0,0,0.0,,,,,INSUFFICIENT_SAMPLE,combined,unavailable/unavailable,0.0,0.0,historical
donchian_atr,eth_short_historical_falsification_v1_donchian_atr,20261008T183843Z-788bbf8b61dc,3c5eac206f334eea806cfab503f61625,ff43266d9f6c730a,ETHUSDT,1h,SHORT_ONLY,HISTORICAL_CHALLENGE/year_2021,2021.0,adverse,44,16,28,0,-128.35720742912736,-2.9172092597528945,0.9498782844263032,36.36363636363637,-76.87659241148094,DESCRIPTIVE_SAMPLE,trend,bearish,100.0,,historical
donchian_atr,eth_short_historical_falsification_v1_donchian_atr,20261008T183843Z-788bbf8b61dc,3c5eac206f334eea806cfab503f61625,ff43266d9f6c730a,ETHUSDT,1h,SHORT_ONLY,HISTORICAL_CHALLENGE/year_2021,2021.0,adverse,0,0,0,0,0.0,,,,,INSUFFICIENT_SAMPLE,trend,bullish,0.0,,historical
donchian_atr,eth_short_historical_falsification_v1_donchian_atr,20261008T183843Z-788bbf8b61dc,3c5eac206f334eea806cfab503f61625,ff43266d9f6c730a,ETHUSDT,1h,SHORT_ONLY,HISTORICAL_CHALLENGE/year_2021,2021.0,adverse,0,0,0,0,0.0,,,,,INSUFFICIENT_SAMPLE,trend,mixed,0.0,,historical
donchian_atr,eth_short_historical_falsification_v1_donchian_atr,20261008T183843Z-788bbf8b61dc,3c5eac206f334eea806cfab503f61625,ff43266d9f6c730a,ETHUSDT,1h,SHORT_ONLY,HISTORICAL_CHALLENGE/year_2021,2021.0,adverse,0,0,0,0,0.0,,,,,INSUFFICIENT_SAMPLE,trend,unavailable,0.0,,historical
donchian_atr,eth_short_historical_falsification_v1_donchian_atr,20261008T183843Z-788bbf8b61dc,3c5eac206f334eea806cfab503f61625,ff43266d9f6c730a,ETHUSDT,1h,SHORT_ONLY,HISTORICAL_CHALLENGE/year_2021,2021.0,adverse,44,16,28,0,-128.35720742912736,-2.9172092597528945,0.9498782844263032,36.36363636363637,-76.87659241148094,DESCRIPTIVE_SAMPLE,volatility,high,100.0,,historical
donchian_atr,eth_short_historical_falsification_v1_donchian_atr,20261008T183843Z-788bbf8b61dc,3c5eac206f334eea806cfab503f61625,ff43266d9f6c730a,ETHUSDT,1h,SHORT_ONLY,HISTORICAL_CHALLENGE/year_2021,2021.0,adverse,0,0,0,0,0.0,,,,,INSUFFICIENT_SAMPLE,volatility,ordinary,0.0,,historical
donchian_atr,eth_short_historical_falsification_v1_donchian_atr,20261008T183843Z-788bbf8b61dc,3c5eac206f334eea806cfab503f61625,ff43266d9f6c730a,ETHUSDT,1h,SHORT_ONLY,HISTORICAL_CHALLENGE/year_2021,2021.0,adverse,0,0,0,0,0.0,,,,,INSUFFICIENT_SAMPLE,volatility,unavailable,0.0,,historical
donchian_atr,eth_short_historical_falsification_v1_donchian_atr,20261008T183843Z-788bbf8b61dc,3c5eac206f334eea806cfab503f61625,ff43266d9f6c730a,ETHUSDT,1h,SHORT_ONLY,HISTORICAL_CHALLENGE/year_2021,2021.0,adverse,44,16,28,0,-128.35720742912736,-2.9172092597528945,0.9498782844263032,36.36363636363637,-76.87659241148094,DESCRIPTIVE_SAMPLE,combined,bearish/high,100.0,,historical
donchian_atr,eth_short_historical_falsification_v1_donchian_atr,20261008T183843Z-788bbf8b61dc,3c5eac206f334eea806cfab503f61625,ff43266d9f6c730a,ETHUSDT,1h,SHORT_ONLY,HISTORICAL_CHALLENGE/year_2021,2021.0,adverse,0,0,0,0,0.0,,,,,INSUFFICIENT_SAMPLE,combined,bearish/ordinary,0.0,,historical
donchian_atr,eth_short_historical_falsification_v1_donchian_atr,20261008T183843Z-788bbf8b61dc,3c5eac206f334eea806cfab503f61625,ff43266d9f6c730a,ETHUSDT,1h,SHORT_ONLY,HISTORICAL_CHALLENGE/year_2021,2021.0,adverse,0,0,0,0,0.0,,,,,INSUFFICIENT_SAMPLE,combined,bearish/unavailable,0.0,,historical
donchian_atr,eth_short_historical_falsification_v1_donchian_atr,20261008T183843Z-788bbf8b61dc,3c5eac206f334eea806cfab503f61625,ff43266d9f6c730a,ETHUSDT,1h,SHORT_ONLY,HISTORICAL_CHALLENGE/year_2021,2021.0,adverse,0,0,0,0,0.0,,,,,INSUFFICIENT_SAMPLE,combined,bullish/high,0.0,,historical
donchian_atr,eth_short_historical_falsification_v1_donchian_atr,20261008T183843Z-788bbf8b61dc,3c5eac206f334eea806cfab503f61625,ff43266d9f6c730a,ETHUSDT,1h,SHORT_ONLY,HISTORICAL_CHALLENGE/year_2021,2021.0,adverse,0,0,0,0,0.0,,,,,INSUFFICIENT_SAMPLE,combined,bullish/ordinary,0.0,,historical
donchian_atr,eth_short_historical_falsification_v1_donchian_atr,20261008T183843Z-788bbf8b61dc,3c5eac206f334eea806cfab503f61625,ff43266d9f6c730a,ETHUSDT,1h,SHORT_ONLY,HISTORICAL_CHALLENGE/year_2021,2021.0,adverse,0,0,0,0,0.0,,,,,INSUFFICIENT_SAMPLE,combined,bullish/unavailable,0.0,,historical
donchian_atr,eth_short_historical_falsification_v1_donchian_atr,20261008T183843Z-788bbf8b61dc,3c5eac206f334eea806cfab503f61625,ff43266d9f6c730a,ETHUSDT,1h,SHORT_ONLY,HISTORICAL_CHALLENGE/year_2021,2021.0,adverse,0,0,0,0,0.0,,,,,INSUFFICIENT_SAMPLE,combined,mixed/high,0.0,,historical
donchian_atr,eth_short_historical_falsification_v1_donchian_atr,20261008T183843Z-788bbf8b61dc,3c5eac206f334eea806cfab503f61625,ff43266d9f6c730a,ETHUSDT,1h,SHORT_ONLY,HISTORICAL_CHALLENGE/year_2021,2021.0,adverse,0,0,0,0,0.0,,,,,INSUFFICIENT_SAMPLE,combined,mixed/ordinary,0.0,,historical
donchian_atr,eth_short_historical_falsification_v1_donchian_atr,20261008T183843Z-788bbf8b61dc,3c5eac206f334eea806cfab503f61625,ff43266d9f6c730a,ETHUSDT,1h,SHORT_ONLY,HISTORICAL_CHALLENGE/year_2021,2021.0,adverse,0,0,0,0,0.0,,,,,INSUFFICIENT_SAMPLE,combined,mixed/unavailable,0.0,,historical
donchian_atr,eth_short_historical_falsification_v1_donchian_atr,20261008T183843Z-788bbf8b61dc,3c5eac206f334eea806cfab503f61625,ff43266d9f6c730a,ETHUSDT,1h,SHORT_ONLY,HISTORICAL_CHALLENGE/year_2021,2021.0,adverse,0,0,0,0,0.0,,,,,INSUFFICIENT_SAMPLE,combined,unavailable/high,0.0,,historical
donchian_atr,eth_short_historical_falsification_v1_donchian_atr,20261008T183843Z-788bbf8b61dc,3c5eac206f334eea806cfab503f61625,ff43266d9f6c730a,ETHUSDT,1h,SHORT_ONLY,HISTORICAL_CHALLENGE/year_2021,2021.0,adverse,0,0,0,0,0.0,,,,,INSUFFICIENT_SAMPLE,combined,unavailable/ordinary,0.0,,historical
donchian_atr,eth_short_historical_falsification_v1_donchian_atr,20261008T183843Z-788bbf8b61dc,3c5eac206f334eea806cfab503f61625,ff43266d9f6c730a,ETHUSDT,1h,SHORT_ONLY,HISTORICAL_CHALLENGE/year_2021,2021.0,adverse,0,0,0,0,0.0,,,,,INSUFFICIENT_SAMPLE,combined,unavailable/unavailable,0.0,,historical
donchian_atr,eth_short_historical_falsification_v1_donchian_atr,20261008T183843Z-788bbf8b61dc,ed6494fe09234f098686612fe164a478,ff43266d9f6c730a,ETHUSDT,1h,SHORT_ONLY,HISTORICAL_CHALLENGE/year_2022,2022.0,base,71,30,41,0,1101.4929688165607,15.513985476289587,1.328001085200891,42.25352112676056,-51.184710645280944,DESCRIPTIVE_SAMPLE,trend,bearish,100.0,100.0,historical
donchian_atr,eth_short_historical_falsification_v1_donchian_atr,20261008T183843Z-788bbf8b61dc,ed6494fe09234f098686612fe164a478,ff43266d9f6c730a,ETHUSDT,1h,SHORT_ONLY,HISTORICAL_CHALLENGE/year_2022,2022.0,base,0,0,0,0,0.0,,,,,INSUFFICIENT_SAMPLE,trend,bullish,0.0,0.0,historical
donchian_atr,eth_short_historical_falsification_v1_donchian_atr,20261008T183843Z-788bbf8b61dc,ed6494fe09234f098686612fe164a478,ff43266d9f6c730a,ETHUSDT,1h,SHORT_ONLY,HISTORICAL_CHALLENGE/year_2022,2022.0,base,0,0,0,0,0.0,,,,,INSUFFICIENT_SAMPLE,trend,mixed,0.0,0.0,historical
donchian_atr,eth_short_historical_falsification_v1_donchian_atr,20261008T183843Z-788bbf8b61dc,ed6494fe09234f098686612fe164a478,ff43266d9f6c730a,ETHUSDT,1h,SHORT_ONLY,HISTORICAL_CHALLENGE/year_2022,2022.0,base,0,0,0,0,0.0,,,,,INSUFFICIENT_SAMPLE,trend,unavailable,0.0,0.0,historical
donchian_atr,eth_short_historical_falsification_v1_donchian_atr,20261008T183843Z-788bbf8b61dc,ed6494fe09234f098686612fe164a478,ff43266d9f6c730a,ETHUSDT,1h,SHORT_ONLY,HISTORICAL_CHALLENGE/year_2022,2022.0,base,71,30,41,0,1101.4929688165607,15.513985476289587,1.328001085200891,42.25352112676056,-51.184710645280944,DESCRIPTIVE_SAMPLE,volatility,high,100.0,100.0,historical
donchian_atr,eth_short_historical_falsification_v1_donchian_atr,20261008T183843Z-788bbf8b61dc,ed6494fe09234f098686612fe164a478,ff43266d9f6c730a,ETHUSDT,1h,SHORT_ONLY,HISTORICAL_CHALLENGE/year_2022,2022.0,base,0,0,0,0,0.0,,,,,INSUFFICIENT_SAMPLE,volatility,ordinary,0.0,0.0,historical
donchian_atr,eth_short_historical_falsification_v1_donchian_atr,20261008T183843Z-788bbf8b61dc,ed6494fe09234f098686612fe164a478,ff43266d9f6c730a,ETHUSDT,1h,SHORT_ONLY,HISTORICAL_CHALLENGE/year_2022,2022.0,base,0,0,0,0,0.0,,,,,INSUFFICIENT_SAMPLE,volatility,unavailable,0.0,0.0,historical
donchian_atr,eth_short_historical_falsification_v1_donchian_atr,20261008T183843Z-788bbf8b61dc,ed6494fe09234f098686612fe164a478,ff43266d9f6c730a,ETHUSDT,1h,SHORT_ONLY,HISTORICAL_CHALLENGE/year_2022,2022.0,base,71,30,41,0,1101.4929688165607,15.513985476289587,1.328001085200891,42.25352112676056,-51.184710645280944,DESCRIPTIVE_SAMPLE,combined,bearish/high,100.0,100.0,historical
donchian_atr,eth_short_historical_falsification_v1_donchian_atr,20261008T183843Z-788bbf8b61dc,ed6494fe09234f098686612fe164a478,ff43266d9f6c730a,ETHUSDT,1h,SHORT_ONLY,HISTORICAL_CHALLENGE/year_2022,2022.0,base,0,0,0,0,0.0,,,,,INSUFFICIENT_SAMPLE,combined,bearish/ordinary,0.0,0.0,historical
donchian_atr,eth_short_historical_falsification_v1_donchian_atr,20261008T183843Z-788bbf8b61dc,ed6494fe09234f098686612fe164a478,ff43266d9f6c730a,ETHUSDT,1h,SHORT_ONLY,HISTORICAL_CHALLENGE/year_2022,2022.0,base,0,0,0,0,0.0,,,,,INSUFFICIENT_SAMPLE,combined,bearish/unavailable,0.0,0.0,historical
donchian_atr,eth_short_historical_falsification_v1_donchian_atr,20261008T183843Z-788bbf8b61dc,ed6494fe09234f098686612fe164a478,ff43266d9f6c730a,ETHUSDT,1h,SHORT_ONLY,HISTORICAL_CHALLENGE/year_2022,2022.0,base,0,0,0,0,0.0,,,,,INSUFFICIENT_SAMPLE,combined,bullish/high,0.0,0.0,historical
donchian_atr,eth_short_historical_falsification_v1_donchian_atr,20261008T183843Z-788bbf8b61dc,ed6494fe09234f098686612fe164a478,ff43266d9f6c730a,ETHUSDT,1h,SHORT_ONLY,HISTORICAL_CHALLENGE/year_2022,2022.0,base,0,0,0,0,0.0,,,,,INSUFFICIENT_SAMPLE,combined,bullish/ordinary,0.0,0.0,historical
donchian_atr,eth_short_historical_falsification_v1_donchian_atr,20261008T183843Z-788bbf8b61dc,ed6494fe09234f098686612fe164a478,ff43266d9f6c730a,ETHUSDT,1h,SHORT_ONLY,HISTORICAL_CHALLENGE/year_2022,2022.0,base,0,0,0,0,0.0,,,,,INSUFFICIENT_SAMPLE,combined,bullish/unavailable,0.0,0.0,historical
donchian_atr,eth_short_historical_falsification_v1_donchian_atr,20261008T183843Z-788bbf8b61dc,ed6494fe09234f098686612fe164a478,ff43266d9f6c730a,ETHUSDT,1h,SHORT_ONLY,HISTORICAL_CHALLENGE/year_2022,2022.0,base,0,0,0,0,0.0,,,,,INSUFFICIENT_SAMPLE,combined,mixed/high,0.0,0.0,historical
donchian_atr,eth_short_historical_falsification_v1_donchian_atr,20261008T183843Z-788bbf8b61dc,ed6494fe09234f098686612fe164a478,ff43266d9f6c730a,ETHUSDT,1h,SHORT_ONLY,HISTORICAL_CHALLENGE/year_2022,2022.0,base,0,0,0,0,0.0,,,,,INSUFFICIENT_SAMPLE,combined,mixed/ordinary,0.0,0.0,historical
donchian_atr,eth_short_historical_falsification_v1_donchian_atr,20261008T183843Z-788bbf8b61dc,ed6494fe09234f098686612fe164a478,ff43266d9f6c730a,ETHUSDT,1h,SHORT_ONLY,HISTORICAL_CHALLENGE/year_2022,2022.0,base,0,0,0,0,0.0,,,,,INSUFFICIENT_SAMPLE,combined,mixed/unavailable,0.0,0.0,historical
donchian_atr,eth_short_historical_falsification_v1_donchian_atr,20261008T183843Z-788bbf8b61dc,ed6494fe09234f098686612fe164a478,ff43266d9f6c730a,ETHUSDT,1h,SHORT_ONLY,HISTORICAL_CHALLENGE/year_2022,2022.0,base,0,0,0,0,0.0,,,,,INSUFFICIENT_SAMPLE,combined,unavailable/high,0.0,0.0,historical
donchian_atr,eth_short_historical_falsification_v1_donchian_atr,20261008T183843Z-788bbf8b61dc,ed6494fe09234f098686612fe164a478,ff43266d9f6c730a,ETHUSDT,1h,SHORT_ONLY,HISTORICAL_CHALLENGE/year_2022,2022.0,base,0,0,0,0,0.0,,,,,INSUFFICIENT_SAMPLE,combined,unavailable/ordinary,0.0,0.0,historical
donchian_atr,eth_short_historical_falsification_v1_donchian_atr,20261008T183843Z-788bbf8b61dc,ed6494fe09234f098686612fe164a478,ff43266d9f6c730a,ETHUSDT,1h,SHORT_ONLY,HISTORICAL_CHALLENGE/year_2022,2022.0,base,0,0,0,0,0.0,,,,,INSUFFICIENT_SAMPLE,combined,unavailable/unavailable,0.0,0.0,historical
donchian_atr,eth_short_historical_falsification_v1_donchian_atr,20261008T183843Z-788bbf8b61dc,b4addf082b38453291a8b591dc00103b,ff43266d9f6c730a,ETHUSDT,1h,SHORT_ONLY,HISTORICAL_CHALLENGE/year_2022,2022.0,adverse,71,30,41,0,824.0248834185716,11.605984273501008,1.2381983284162352,42.25352112676056,-53.92665986718571,DESCRIPTIVE_SAMPLE,trend,bearish,100.0,100.0,historical
donchian_atr,eth_short_historical_falsification_v1_donchian_atr,20261008T183843Z-788bbf8b61dc,b4addf082b38453291a8b591dc00103b,ff43266d9f6c730a,ETHUSDT,1h,SHORT_ONLY,HISTORICAL_CHALLENGE/year_2022,2022.0,adverse,0,0,0,0,0.0,,,,,INSUFFICIENT_SAMPLE,trend,bullish,0.0,0.0,historical
donchian_atr,eth_short_historical_falsification_v1_donchian_atr,20261008T183843Z-788bbf8b61dc,b4addf082b38453291a8b591dc00103b,ff43266d9f6c730a,ETHUSDT,1h,SHORT_ONLY,HISTORICAL_CHALLENGE/year_2022,2022.0,adverse,0,0,0,0,0.0,,,,,INSUFFICIENT_SAMPLE,trend,mixed,0.0,0.0,historical
donchian_atr,eth_short_historical_falsification_v1_donchian_atr,20261008T183843Z-788bbf8b61dc,b4addf082b38453291a8b591dc00103b,ff43266d9f6c730a,ETHUSDT,1h,SHORT_ONLY,HISTORICAL_CHALLENGE/year_2022,2022.0,adverse,0,0,0,0,0.0,,,,,INSUFFICIENT_SAMPLE,trend,unavailable,0.0,0.0,historical
donchian_atr,eth_short_historical_falsification_v1_donchian_atr,20261008T183843Z-788bbf8b61dc,b4addf082b38453291a8b591dc00103b,ff43266d9f6c730a,ETHUSDT,1h,SHORT_ONLY,HISTORICAL_CHALLENGE/year_2022,2022.0,adverse,71,30,41,0,824.0248834185716,11.605984273501008,1.2381983284162352,42.25352112676056,-53.92665986718571,DESCRIPTIVE_SAMPLE,volatility,high,100.0,100.0,historical
donchian_atr,eth_short_historical_falsification_v1_donchian_atr,20261008T183843Z-788bbf8b61dc,b4addf082b38453291a8b591dc00103b,ff43266d9f6c730a,ETHUSDT,1h,SHORT_ONLY,HISTORICAL_CHALLENGE/year_2022,2022.0,adverse,0,0,0,0,0.0,,,,,INSUFFICIENT_SAMPLE,volatility,ordinary,0.0,0.0,historical
donchian_atr,eth_short_historical_falsification_v1_donchian_atr,20261008T183843Z-788bbf8b61dc,b4addf082b38453291a8b591dc00103b,ff43266d9f6c730a,ETHUSDT,1h,SHORT_ONLY,HISTORICAL_CHALLENGE/year_2022,2022.0,adverse,0,0,0,0,0.0,,,,,INSUFFICIENT_SAMPLE,volatility,unavailable,0.0,0.0,historical
donchian_atr,eth_short_historical_falsification_v1_donchian_atr,20261008T183843Z-788bbf8b61dc,b4addf082b38453291a8b591dc00103b,ff43266d9f6c730a,ETHUSDT,1h,SHORT_ONLY,HISTORICAL_CHALLENGE/year_2022,2022.0,adverse,71,30,41,0,824.0248834185716,11.605984273501008,1.2381983284162352,42.25352112676056,-53.92665986718571,DESCRIPTIVE_SAMPLE,combined,bearish/high,100.0,100.0,historical
donchian_atr,eth_short_historical_falsification_v1_donchian_atr,20261008T183843Z-788bbf8b61dc,b4addf082b38453291a8b591dc00103b,ff43266d9f6c730a,ETHUSDT,1h,SHORT_ONLY,HISTORICAL_CHALLENGE/year_2022,2022.0,adverse,0,0,0,0,0.0,,,,,INSUFFICIENT_SAMPLE,combined,bearish/ordinary,0.0,0.0,historical
donchian_atr,eth_short_historical_falsification_v1_donchian_atr,20261008T183843Z-788bbf8b61dc,b4addf082b38453291a8b591dc00103b,ff43266d9f6c730a,ETHUSDT,1h,SHORT_ONLY,HISTORICAL_CHALLENGE/year_2022,2022.0,adverse,0,0,0,0,0.0,,,,,INSUFFICIENT_SAMPLE,combined,bearish/unavailable,0.0,0.0,historical
donchian_atr,eth_short_historical_falsification_v1_donchian_atr,20261008T183843Z-788bbf8b61dc,b4addf082b38453291a8b591dc00103b,ff43266d9f6c730a,ETHUSDT,1h,SHORT_ONLY,HISTORICAL_CHALLENGE/year_2022,2022.0,adverse,0,0,0,0,0.0,,,,,INSUFFICIENT_SAMPLE,combined,bullish/high,0.0,0.0,historical
donchian_atr,eth_short_historical_falsification_v1_donchian_atr,20261008T183843Z-788bbf8b61dc,b4addf082b38453291a8b591dc00103b,ff43266d9f6c730a,ETHUSDT,1h,SHORT_ONLY,HISTORICAL_CHALLENGE/year_2022,2022.0,adverse,0,0,0,0,0.0,,,,,INSUFFICIENT_SAMPLE,combined,bullish/ordinary,0.0,0.0,historical
donchian_atr,eth_short_historical_falsification_v1_donchian_atr,20261008T183843Z-788bbf8b61dc,b4addf082b38453291a8b591dc00103b,ff43266d9f6c730a,ETHUSDT,1h,SHORT_ONLY,HISTORICAL_CHALLENGE/year_2022,2022.0,adverse,0,0,0,0,0.0,,,,,INSUFFICIENT_SAMPLE,combined,bullish/unavailable,0.0,0.0,historical
donchian_atr,eth_short_historical_falsification_v1_donchian_atr,20261008T183843Z-788bbf8b61dc,b4addf082b38453291a8b591dc00103b,ff43266d9f6c730a,ETHUSDT,1h,SHORT_ONLY,HISTORICAL_CHALLENGE/year_2022,2022.0,adverse,0,0,0,0,0.0,,,,,INSUFFICIENT_SAMPLE,combined,mixed/high,0.0,0.0,historical
donchian_atr,eth_short_historical_falsification_v1_donchian_atr,20261008T183843Z-788bbf8b61dc,b4addf082b38453291a8b591dc00103b,ff43266d9f6c730a,ETHUSDT,1h,SHORT_ONLY,HISTORICAL_CHALLENGE/year_2022,2022.0,adverse,0,0,0,0,0.0,,,,,INSUFFICIENT_SAMPLE,combined,mixed/ordinary,0.0,0.0,historical
donchian_atr,eth_short_historical_falsification_v1_donchian_atr,20261008T183843Z-788bbf8b61dc,b4addf082b38453291a8b591dc00103b,ff43266d9f6c730a,ETHUSDT,1h,SHORT_ONLY,HISTORICAL_CHALLENGE/year_2022,2022.0,adverse,0,0,0,0,0.0,,,,,INSUFFICIENT_SAMPLE,combined,mixed/unavailable,0.0,0.0,historical
donchian_atr,eth_short_historical_falsification_v1_donchian_atr,20261008T183843Z-788bbf8b61dc,b4addf082b38453291a8b591dc00103b,ff43266d9f6c730a,ETHUSDT,1h,SHORT_ONLY,HISTORICAL_CHALLENGE/year_2022,2022.0,adverse,0,0,0,0,0.0,,,,,INSUFFICIENT_SAMPLE,combined,unavailable/high,0.0,0.0,historical
donchian_atr,eth_short_historical_falsification_v1_donchian_atr,20261008T183843Z-788bbf8b61dc,b4addf082b38453291a8b591dc00103b,ff43266d9f6c730a,ETHUSDT,1h,SHORT_ONLY,HISTORICAL_CHALLENGE/year_2022,2022.0,adverse,0,0,0,0,0.0,,,,,INSUFFICIENT_SAMPLE,combined,unavailable/ordinary,0.0,0.0,historical
donchian_atr,eth_short_historical_falsification_v1_donchian_atr,20261008T183843Z-788bbf8b61dc,b4addf082b38453291a8b591dc00103b,ff43266d9f6c730a,ETHUSDT,1h,SHORT_ONLY,HISTORICAL_CHALLENGE/year_2022,2022.0,adverse,0,0,0,0,0.0,,,,,INSUFFICIENT_SAMPLE,combined,unavailable/unavailable,0.0,0.0,historical
donchian_atr,eth_short_historical_falsification_v1_donchian_atr,20261008T183843Z-788bbf8b61dc,7592a9fe74ad486997ef272268f65494,e0dd4c731d1d27f0,ETHUSDT,1h,SHORT_ONLY,HISTORICAL_CHALLENGE/year_2020,2020.0,base,40,13,27,0,26.634831315772374,0.6658707828943093,1.0125428886036232,32.5,-64.31007654221098,DESCRIPTIVE_SAMPLE,trend,bearish,100.0,100.00000000000026,historical
donchian_atr,eth_short_historical_falsification_v1_donchian_atr,20261008T183843Z-788bbf8b61dc,7592a9fe74ad486997ef272268f65494,e0dd4c731d1d27f0,ETHUSDT,1h,SHORT_ONLY,HISTORICAL_CHALLENGE/year_2020,2020.0,base,0,0,0,0,0.0,,,,,INSUFFICIENT_SAMPLE,trend,bullish,0.0,0.0,historical
donchian_atr,eth_short_historical_falsification_v1_donchian_atr,20261008T183843Z-788bbf8b61dc,7592a9fe74ad486997ef272268f65494,e0dd4c731d1d27f0,ETHUSDT,1h,SHORT_ONLY,HISTORICAL_CHALLENGE/year_2020,2020.0,base,0,0,0,0,0.0,,,,,INSUFFICIENT_SAMPLE,trend,mixed,0.0,0.0,historical
donchian_atr,eth_short_historical_falsification_v1_donchian_atr,20261008T183843Z-788bbf8b61dc,7592a9fe74ad486997ef272268f65494,e0dd4c731d1d27f0,ETHUSDT,1h,SHORT_ONLY,HISTORICAL_CHALLENGE/year_2020,2020.0,base,0,0,0,0,0.0,,,,,INSUFFICIENT_SAMPLE,trend,unavailable,0.0,0.0,historical
donchian_atr,eth_short_historical_falsification_v1_donchian_atr,20261008T183843Z-788bbf8b61dc,7592a9fe74ad486997ef272268f65494,e0dd4c731d1d27f0,ETHUSDT,1h,SHORT_ONLY,HISTORICAL_CHALLENGE/year_2020,2020.0,base,40,13,27,0,26.634831315772374,0.6658707828943093,1.0125428886036232,32.5,-64.31007654221098,DESCRIPTIVE_SAMPLE,volatility,high,100.0,100.00000000000026,historical
donchian_atr,eth_short_historical_falsification_v1_donchian_atr,20261008T183843Z-788bbf8b61dc,7592a9fe74ad486997ef272268f65494,e0dd4c731d1d27f0,ETHUSDT,1h,SHORT_ONLY,HISTORICAL_CHALLENGE/year_2020,2020.0,base,0,0,0,0,0.0,,,,,INSUFFICIENT_SAMPLE,volatility,ordinary,0.0,0.0,historical
donchian_atr,eth_short_historical_falsification_v1_donchian_atr,20261008T183843Z-788bbf8b61dc,7592a9fe74ad486997ef272268f65494,e0dd4c731d1d27f0,ETHUSDT,1h,SHORT_ONLY,HISTORICAL_CHALLENGE/year_2020,2020.0,base,0,0,0,0,0.0,,,,,INSUFFICIENT_SAMPLE,volatility,unavailable,0.0,0.0,historical
donchian_atr,eth_short_historical_falsification_v1_donchian_atr,20261008T183843Z-788bbf8b61dc,7592a9fe74ad486997ef272268f65494,e0dd4c731d1d27f0,ETHUSDT,1h,SHORT_ONLY,HISTORICAL_CHALLENGE/year_2020,2020.0,base,40,13,27,0,26.634831315772374,0.6658707828943093,1.0125428886036232,32.5,-64.31007654221098,DESCRIPTIVE_SAMPLE,combined,bearish/high,100.0,100.00000000000026,historical
donchian_atr,eth_short_historical_falsification_v1_donchian_atr,20261008T183843Z-788bbf8b61dc,7592a9fe74ad486997ef272268f65494,e0dd4c731d1d27f0,ETHUSDT,1h,SHORT_ONLY,HISTORICAL_CHALLENGE/year_2020,2020.0,base,0,0,0,0,0.0,,,,,INSUFFICIENT_SAMPLE,combined,bearish/ordinary,0.0,0.0,historical
donchian_atr,eth_short_historical_falsification_v1_donchian_atr,20261008T183843Z-788bbf8b61dc,7592a9fe74ad486997ef272268f65494,e0dd4c731d1d27f0,ETHUSDT,1h,SHORT_ONLY,HISTORICAL_CHALLENGE/year_2020,2020.0,base,0,0,0,0,0.0,,,,,INSUFFICIENT_SAMPLE,combined,bearish/unavailable,0.0,0.0,historical
donchian_atr,eth_short_historical_falsification_v1_donchian_atr,20261008T183843Z-788bbf8b61dc,7592a9fe74ad486997ef272268f65494,e0dd4c731d1d27f0,ETHUSDT,1h,SHORT_ONLY,HISTORICAL_CHALLENGE/year_2020,2020.0,base,0,0,0,0,0.0,,,,,INSUFFICIENT_SAMPLE,combined,bullish/high,0.0,0.0,historical
donchian_atr,eth_short_historical_falsification_v1_donchian_atr,20261008T183843Z-788bbf8b61dc,7592a9fe74ad486997ef272268f65494,e0dd4c731d1d27f0,ETHUSDT,1h,SHORT_ONLY,HISTORICAL_CHALLENGE/year_2020,2020.0,base,0,0,0,0,0.0,,,,,INSUFFICIENT_SAMPLE,combined,bullish/ordinary,0.0,0.0,historical
donchian_atr,eth_short_historical_falsification_v1_donchian_atr,20261008T183843Z-788bbf8b61dc,7592a9fe74ad486997ef272268f65494,e0dd4c731d1d27f0,ETHUSDT,1h,SHORT_ONLY,HISTORICAL_CHALLENGE/year_2020,2020.0,base,0,0,0,0,0.0,,,,,INSUFFICIENT_SAMPLE,combined,bullish/unavailable,0.0,0.0,historical
donchian_atr,eth_short_historical_falsification_v1_donchian_atr,20261008T183843Z-788bbf8b61dc,7592a9fe74ad486997ef272268f65494,e0dd4c731d1d27f0,ETHUSDT,1h,SHORT_ONLY,HISTORICAL_CHALLENGE/year_2020,2020.0,base,0,0,0,0,0.0,,,,,INSUFFICIENT_SAMPLE,combined,mixed/high,0.0,0.0,historical
donchian_atr,eth_short_historical_falsification_v1_donchian_atr,20261008T183843Z-788bbf8b61dc,7592a9fe74ad486997ef272268f65494,e0dd4c731d1d27f0,ETHUSDT,1h,SHORT_ONLY,HISTORICAL_CHALLENGE/year_2020,2020.0,base,0,0,0,0,0.0,,,,,INSUFFICIENT_SAMPLE,combined,mixed/ordinary,0.0,0.0,historical
donchian_atr,eth_short_historical_falsification_v1_donchian_atr,20261008T183843Z-788bbf8b61dc,7592a9fe74ad486997ef272268f65494,e0dd4c731d1d27f0,ETHUSDT,1h,SHORT_ONLY,HISTORICAL_CHALLENGE/year_2020,2020.0,base,0,0,0,0,0.0,,,,,INSUFFICIENT_SAMPLE,combined,mixed/unavailable,0.0,0.0,historical
donchian_atr,eth_short_historical_falsification_v1_donchian_atr,20261008T183843Z-788bbf8b61dc,7592a9fe74ad486997ef272268f65494,e0dd4c731d1d27f0,ETHUSDT,1h,SHORT_ONLY,HISTORICAL_CHALLENGE/year_2020,2020.0,base,0,0,0,0,0.0,,,,,INSUFFICIENT_SAMPLE,combined,unavailable/high,0.0,0.0,historical
donchian_atr,eth_short_historical_falsification_v1_donchian_atr,20261008T183843Z-788bbf8b61dc,7592a9fe74ad486997ef272268f65494,e0dd4c731d1d27f0,ETHUSDT,1h,SHORT_ONLY,HISTORICAL_CHALLENGE/year_2020,2020.0,base,0,0,0,0,0.0,,,,,INSUFFICIENT_SAMPLE,combined,unavailable/ordinary,0.0,0.0,historical
donchian_atr,eth_short_historical_falsification_v1_donchian_atr,20261008T183843Z-788bbf8b61dc,7592a9fe74ad486997ef272268f65494,e0dd4c731d1d27f0,ETHUSDT,1h,SHORT_ONLY,HISTORICAL_CHALLENGE/year_2020,2020.0,base,0,0,0,0,0.0,,,,,INSUFFICIENT_SAMPLE,combined,unavailable/unavailable,0.0,0.0,historical
donchian_atr,eth_short_historical_falsification_v1_donchian_atr,20261008T183843Z-788bbf8b61dc,edd4eaf5bf994e1ab5206931bdfc8f2e,e0dd4c731d1d27f0,ETHUSDT,1h,SHORT_ONLY,HISTORICAL_CHALLENGE/year_2020,2020.0,adverse,40,13,27,0,-107.07588413964726,-2.6768971034911813,0.9509286117690476,32.5,-66.99432265342028,DESCRIPTIVE_SAMPLE,trend,bearish,100.0,,historical
donchian_atr,eth_short_historical_falsification_v1_donchian_atr,20261008T183843Z-788bbf8b61dc,edd4eaf5bf994e1ab5206931bdfc8f2e,e0dd4c731d1d27f0,ETHUSDT,1h,SHORT_ONLY,HISTORICAL_CHALLENGE/year_2020,2020.0,adverse,0,0,0,0,0.0,,,,,INSUFFICIENT_SAMPLE,trend,bullish,0.0,,historical
donchian_atr,eth_short_historical_falsification_v1_donchian_atr,20261008T183843Z-788bbf8b61dc,edd4eaf5bf994e1ab5206931bdfc8f2e,e0dd4c731d1d27f0,ETHUSDT,1h,SHORT_ONLY,HISTORICAL_CHALLENGE/year_2020,2020.0,adverse,0,0,0,0,0.0,,,,,INSUFFICIENT_SAMPLE,trend,mixed,0.0,,historical
donchian_atr,eth_short_historical_falsification_v1_donchian_atr,20261008T183843Z-788bbf8b61dc,edd4eaf5bf994e1ab5206931bdfc8f2e,e0dd4c731d1d27f0,ETHUSDT,1h,SHORT_ONLY,HISTORICAL_CHALLENGE/year_2020,2020.0,adverse,0,0,0,0,0.0,,,,,INSUFFICIENT_SAMPLE,trend,unavailable,0.0,,historical
donchian_atr,eth_short_historical_falsification_v1_donchian_atr,20261008T183843Z-788bbf8b61dc,edd4eaf5bf994e1ab5206931bdfc8f2e,e0dd4c731d1d27f0,ETHUSDT,1h,SHORT_ONLY,HISTORICAL_CHALLENGE/year_2020,2020.0,adverse,40,13,27,0,-107.07588413964726,-2.6768971034911813,0.9509286117690476,32.5,-66.99432265342028,DESCRIPTIVE_SAMPLE,volatility,high,100.0,,historical
donchian_atr,eth_short_historical_falsification_v1_donchian_atr,20261008T183843Z-788bbf8b61dc,edd4eaf5bf994e1ab5206931bdfc8f2e,e0dd4c731d1d27f0,ETHUSDT,1h,SHORT_ONLY,HISTORICAL_CHALLENGE/year_2020,2020.0,adverse,0,0,0,0,0.0,,,,,INSUFFICIENT_SAMPLE,volatility,ordinary,0.0,,historical
donchian_atr,eth_short_historical_falsification_v1_donchian_atr,20261008T183843Z-788bbf8b61dc,edd4eaf5bf994e1ab5206931bdfc8f2e,e0dd4c731d1d27f0,ETHUSDT,1h,SHORT_ONLY,HISTORICAL_CHALLENGE/year_2020,2020.0,adverse,0,0,0,0,0.0,,,,,INSUFFICIENT_SAMPLE,volatility,unavailable,0.0,,historical
donchian_atr,eth_short_historical_falsification_v1_donchian_atr,20261008T183843Z-788bbf8b61dc,edd4eaf5bf994e1ab5206931bdfc8f2e,e0dd4c731d1d27f0,ETHUSDT,1h,SHORT_ONLY,HISTORICAL_CHALLENGE/year_2020,2020.0,adverse,40,13,27,0,-107.07588413964726,-2.6768971034911813,0.9509286117690476,32.5,-66.99432265342028,DESCRIPTIVE_SAMPLE,combined,bearish/high,100.0,,historical
donchian_atr,eth_short_historical_falsification_v1_donchian_atr,20261008T183843Z-788bbf8b61dc,edd4eaf5bf994e1ab5206931bdfc8f2e,e0dd4c731d1d27f0,ETHUSDT,1h,SHORT_ONLY,HISTORICAL_CHALLENGE/year_2020,2020.0,adverse,0,0,0,0,0.0,,,,,INSUFFICIENT_SAMPLE,combined,bearish/ordinary,0.0,,historical
donchian_atr,eth_short_historical_falsification_v1_donchian_atr,20261008T183843Z-788bbf8b61dc,edd4eaf5bf994e1ab5206931bdfc8f2e,e0dd4c731d1d27f0,ETHUSDT,1h,SHORT_ONLY,HISTORICAL_CHALLENGE/year_2020,2020.0,adverse,0,0,0,0,0.0,,,,,INSUFFICIENT_SAMPLE,combined,bearish/unavailable,0.0,,historical
donchian_atr,eth_short_historical_falsification_v1_donchian_atr,20261008T183843Z-788bbf8b61dc,edd4eaf5bf994e1ab5206931bdfc8f2e,e0dd4c731d1d27f0,ETHUSDT,1h,SHORT_ONLY,HISTORICAL_CHALLENGE/year_2020,2020.0,adverse,0,0,0,0,0.0,,,,,INSUFFICIENT_SAMPLE,combined,bullish/high,0.0,,historical
donchian_atr,eth_short_historical_falsification_v1_donchian_atr,20261008T183843Z-788bbf8b61dc,edd4eaf5bf994e1ab5206931bdfc8f2e,e0dd4c731d1d27f0,ETHUSDT,1h,SHORT_ONLY,HISTORICAL_CHALLENGE/year_2020,2020.0,adverse,0,0,0,0,0.0,,,,,INSUFFICIENT_SAMPLE,combined,bullish/ordinary,0.0,,historical
donchian_atr,eth_short_historical_falsification_v1_donchian_atr,20261008T183843Z-788bbf8b61dc,edd4eaf5bf994e1ab5206931bdfc8f2e,e0dd4c731d1d27f0,ETHUSDT,1h,SHORT_ONLY,HISTORICAL_CHALLENGE/year_2020,2020.0,adverse,0,0,0,0,0.0,,,,,INSUFFICIENT_SAMPLE,combined,bullish/unavailable,0.0,,historical
donchian_atr,eth_short_historical_falsification_v1_donchian_atr,20261008T183843Z-788bbf8b61dc,edd4eaf5bf994e1ab5206931bdfc8f2e,e0dd4c731d1d27f0,ETHUSDT,1h,SHORT_ONLY,HISTORICAL_CHALLENGE/year_2020,2020.0,adverse,0,0,0,0,0.0,,,,,INSUFFICIENT_SAMPLE,combined,mixed/high,0.0,,historical
donchian_atr,eth_short_historical_falsification_v1_donchian_atr,20261008T183843Z-788bbf8b61dc,edd4eaf5bf994e1ab5206931bdfc8f2e,e0dd4c731d1d27f0,ETHUSDT,1h,SHORT_ONLY,HISTORICAL_CHALLENGE/year_2020,2020.0,adverse,0,0,0,0,0.0,,,,,INSUFFICIENT_SAMPLE,combined,mixed/ordinary,0.0,,historical
donchian_atr,eth_short_historical_falsification_v1_donchian_atr,20261008T183843Z-788bbf8b61dc,edd4eaf5bf994e1ab5206931bdfc8f2e,e0dd4c731d1d27f0,ETHUSDT,1h,SHORT_ONLY,HISTORICAL_CHALLENGE/year_2020,2020.0,adverse,0,0,0,0,0.0,,,,,INSUFFICIENT_SAMPLE,combined,mixed/unavailable,0.0,,historical
donchian_atr,eth_short_historical_falsification_v1_donchian_atr,20261008T183843Z-788bbf8b61dc,edd4eaf5bf994e1ab5206931bdfc8f2e,e0dd4c731d1d27f0,ETHUSDT,1h,SHORT_ONLY,HISTORICAL_CHALLENGE/year_2020,2020.0,adverse,0,0,0,0,0.0,,,,,INSUFFICIENT_SAMPLE,combined,unavailable/high,0.0,,historical
donchian_atr,eth_short_historical_falsification_v1_donchian_atr,20261008T183843Z-788bbf8b61dc,edd4eaf5bf994e1ab5206931bdfc8f2e,e0dd4c731d1d27f0,ETHUSDT,1h,SHORT_ONLY,HISTORICAL_CHALLENGE/year_2020,2020.0,adverse,0,0,0,0,0.0,,,,,INSUFFICIENT_SAMPLE,combined,unavailable/ordinary,0.0,,historical
donchian_atr,eth_short_historical_falsification_v1_donchian_atr,20261008T183843Z-788bbf8b61dc,edd4eaf5bf994e1ab5206931bdfc8f2e,e0dd4c731d1d27f0,ETHUSDT,1h,SHORT_ONLY,HISTORICAL_CHALLENGE/year_2020,2020.0,adverse,0,0,0,0,0.0,,,,,INSUFFICIENT_SAMPLE,combined,unavailable/unavailable,0.0,,historical
donchian_atr,eth_short_historical_falsification_v1_donchian_atr,20261008T183843Z-788bbf8b61dc,5bd2e23d5e364a738a51ea73f4d67f7f,e0dd4c731d1d27f0,ETHUSDT,1h,SHORT_ONLY,HISTORICAL_CHALLENGE/year_2021,2021.0,base,41,17,24,0,525.6865305114734,12.821622695401793,1.2351097540285962,41.46341463414634,-74.59013467064474,DESCRIPTIVE_SAMPLE,trend,bearish,100.0,100.0,historical
donchian_atr,eth_short_historical_falsification_v1_donchian_atr,20261008T183843Z-788bbf8b61dc,5bd2e23d5e364a738a51ea73f4d67f7f,e0dd4c731d1d27f0,ETHUSDT,1h,SHORT_ONLY,HISTORICAL_CHALLENGE/year_2021,2021.0,base,0,0,0,0,0.0,,,,,INSUFFICIENT_SAMPLE,trend,bullish,0.0,0.0,historical
donchian_atr,eth_short_historical_falsification_v1_donchian_atr,20261008T183843Z-788bbf8b61dc,5bd2e23d5e364a738a51ea73f4d67f7f,e0dd4c731d1d27f0,ETHUSDT,1h,SHORT_ONLY,HISTORICAL_CHALLENGE/year_2021,2021.0,base,0,0,0,0,0.0,,,,,INSUFFICIENT_SAMPLE,trend,mixed,0.0,0.0,historical
donchian_atr,eth_short_historical_falsification_v1_donchian_atr,20261008T183843Z-788bbf8b61dc,5bd2e23d5e364a738a51ea73f4d67f7f,e0dd4c731d1d27f0,ETHUSDT,1h,SHORT_ONLY,HISTORICAL_CHALLENGE/year_2021,2021.0,base,0,0,0,0,0.0,,,,,INSUFFICIENT_SAMPLE,trend,unavailable,0.0,0.0,historical
donchian_atr,eth_short_historical_falsification_v1_donchian_atr,20261008T183843Z-788bbf8b61dc,5bd2e23d5e364a738a51ea73f4d67f7f,e0dd4c731d1d27f0,ETHUSDT,1h,SHORT_ONLY,HISTORICAL_CHALLENGE/year_2021,2021.0,base,41,17,24,0,525.6865305114734,12.821622695401793,1.2351097540285962,41.46341463414634,-74.59013467064474,DESCRIPTIVE_SAMPLE,volatility,high,100.0,100.0,historical
donchian_atr,eth_short_historical_falsification_v1_donchian_atr,20261008T183843Z-788bbf8b61dc,5bd2e23d5e364a738a51ea73f4d67f7f,e0dd4c731d1d27f0,ETHUSDT,1h,SHORT_ONLY,HISTORICAL_CHALLENGE/year_2021,2021.0,base,0,0,0,0,0.0,,,,,INSUFFICIENT_SAMPLE,volatility,ordinary,0.0,0.0,historical
donchian_atr,eth_short_historical_falsification_v1_donchian_atr,20261008T183843Z-788bbf8b61dc,5bd2e23d5e364a738a51ea73f4d67f7f,e0dd4c731d1d27f0,ETHUSDT,1h,SHORT_ONLY,HISTORICAL_CHALLENGE/year_2021,2021.0,base,0,0,0,0,0.0,,,,,INSUFFICIENT_SAMPLE,volatility,unavailable,0.0,0.0,historical
donchian_atr,eth_short_historical_falsification_v1_donchian_atr,20261008T183843Z-788bbf8b61dc,5bd2e23d5e364a738a51ea73f4d67f7f,e0dd4c731d1d27f0,ETHUSDT,1h,SHORT_ONLY,HISTORICAL_CHALLENGE/year_2021,2021.0,base,41,17,24,0,525.6865305114734,12.821622695401793,1.2351097540285962,41.46341463414634,-74.59013467064474,DESCRIPTIVE_SAMPLE,combined,bearish/high,100.0,100.0,historical
donchian_atr,eth_short_historical_falsification_v1_donchian_atr,20261008T183843Z-788bbf8b61dc,5bd2e23d5e364a738a51ea73f4d67f7f,e0dd4c731d1d27f0,ETHUSDT,1h,SHORT_ONLY,HISTORICAL_CHALLENGE/year_2021,2021.0,base,0,0,0,0,0.0,,,,,INSUFFICIENT_SAMPLE,combined,bearish/ordinary,0.0,0.0,historical
donchian_atr,eth_short_historical_falsification_v1_donchian_atr,20261008T183843Z-788bbf8b61dc,5bd2e23d5e364a738a51ea73f4d67f7f,e0dd4c731d1d27f0,ETHUSDT,1h,SHORT_ONLY,HISTORICAL_CHALLENGE/year_2021,2021.0,base,0,0,0,0,0.0,,,,,INSUFFICIENT_SAMPLE,combined,bearish/unavailable,0.0,0.0,historical
donchian_atr,eth_short_historical_falsification_v1_donchian_atr,20261008T183843Z-788bbf8b61dc,5bd2e23d5e364a738a51ea73f4d67f7f,e0dd4c731d1d27f0,ETHUSDT,1h,SHORT_ONLY,HISTORICAL_CHALLENGE/year_2021,2021.0,base,0,0,0,0,0.0,,,,,INSUFFICIENT_SAMPLE,combined,bullish/high,0.0,0.0,historical
donchian_atr,eth_short_historical_falsification_v1_donchian_atr,20261008T183843Z-788bbf8b61dc,5bd2e23d5e364a738a51ea73f4d67f7f,e0dd4c731d1d27f0,ETHUSDT,1h,SHORT_ONLY,HISTORICAL_CHALLENGE/year_2021,2021.0,base,0,0,0,0,0.0,,,,,INSUFFICIENT_SAMPLE,combined,bullish/ordinary,0.0,0.0,historical
donchian_atr,eth_short_historical_falsification_v1_donchian_atr,20261008T183843Z-788bbf8b61dc,5bd2e23d5e364a738a51ea73f4d67f7f,e0dd4c731d1d27f0,ETHUSDT,1h,SHORT_ONLY,HISTORICAL_CHALLENGE/year_2021,2021.0,base,0,0,0,0,0.0,,,,,INSUFFICIENT_SAMPLE,combined,bullish/unavailable,0.0,0.0,historical
donchian_atr,eth_short_historical_falsification_v1_donchian_atr,20261008T183843Z-788bbf8b61dc,5bd2e23d5e364a738a51ea73f4d67f7f,e0dd4c731d1d27f0,ETHUSDT,1h,SHORT_ONLY,HISTORICAL_CHALLENGE/year_2021,2021.0,base,0,0,0,0,0.0,,,,,INSUFFICIENT_SAMPLE,combined,mixed/high,0.0,0.0,historical
donchian_atr,eth_short_historical_falsification_v1_donchian_atr,20261008T183843Z-788bbf8b61dc,5bd2e23d5e364a738a51ea73f4d67f7f,e0dd4c731d1d27f0,ETHUSDT,1h,SHORT_ONLY,HISTORICAL_CHALLENGE/year_2021,2021.0,base,0,0,0,0,0.0,,,,,INSUFFICIENT_SAMPLE,combined,mixed/ordinary,0.0,0.0,historical
donchian_atr,eth_short_historical_falsification_v1_donchian_atr,20261008T183843Z-788bbf8b61dc,5bd2e23d5e364a738a51ea73f4d67f7f,e0dd4c731d1d27f0,ETHUSDT,1h,SHORT_ONLY,HISTORICAL_CHALLENGE/year_2021,2021.0,base,0,0,0,0,0.0,,,,,INSUFFICIENT_SAMPLE,combined,mixed/unavailable,0.0,0.0,historical
donchian_atr,eth_short_historical_falsification_v1_donchian_atr,20261008T183843Z-788bbf8b61dc,5bd2e23d5e364a738a51ea73f4d67f7f,e0dd4c731d1d27f0,ETHUSDT,1h,SHORT_ONLY,HISTORICAL_CHALLENGE/year_2021,2021.0,base,0,0,0,0,0.0,,,,,INSUFFICIENT_SAMPLE,combined,unavailable/high,0.0,0.0,historical
donchian_atr,eth_short_historical_falsification_v1_donchian_atr,20261008T183843Z-788bbf8b61dc,5bd2e23d5e364a738a51ea73f4d67f7f,e0dd4c731d1d27f0,ETHUSDT,1h,SHORT_ONLY,HISTORICAL_CHALLENGE/year_2021,2021.0,base,0,0,0,0,0.0,,,,,INSUFFICIENT_SAMPLE,combined,unavailable/ordinary,0.0,0.0,historical
donchian_atr,eth_short_historical_falsification_v1_donchian_atr,20261008T183843Z-788bbf8b61dc,5bd2e23d5e364a738a51ea73f4d67f7f,e0dd4c731d1d27f0,ETHUSDT,1h,SHORT_ONLY,HISTORICAL_CHALLENGE/year_2021,2021.0,base,0,0,0,0,0.0,,,,,INSUFFICIENT_SAMPLE,combined,unavailable/unavailable,0.0,0.0,historical
donchian_atr,eth_short_historical_falsification_v1_donchian_atr,20261008T183843Z-788bbf8b61dc,255e0563367140de9e051fde3160ab09,e0dd4c731d1d27f0,ETHUSDT,1h,SHORT_ONLY,HISTORICAL_CHALLENGE/year_2021,2021.0,adverse,41,16,25,0,119.97160478151795,2.9261367019882427,1.0512571912523128,39.02439024390244,-77.62748103783152,DESCRIPTIVE_SAMPLE,trend,bearish,100.0,100.0000000000001,historical
donchian_atr,eth_short_historical_falsification_v1_donchian_atr,20261008T183843Z-788bbf8b61dc,255e0563367140de9e051fde3160ab09,e0dd4c731d1d27f0,ETHUSDT,1h,SHORT_ONLY,HISTORICAL_CHALLENGE/year_2021,2021.0,adverse,0,0,0,0,0.0,,,,,INSUFFICIENT_SAMPLE,trend,bullish,0.0,0.0,historical
donchian_atr,eth_short_historical_falsification_v1_donchian_atr,20261008T183843Z-788bbf8b61dc,255e0563367140de9e051fde3160ab09,e0dd4c731d1d27f0,ETHUSDT,1h,SHORT_ONLY,HISTORICAL_CHALLENGE/year_2021,2021.0,adverse,0,0,0,0,0.0,,,,,INSUFFICIENT_SAMPLE,trend,mixed,0.0,0.0,historical
donchian_atr,eth_short_historical_falsification_v1_donchian_atr,20261008T183843Z-788bbf8b61dc,255e0563367140de9e051fde3160ab09,e0dd4c731d1d27f0,ETHUSDT,1h,SHORT_ONLY,HISTORICAL_CHALLENGE/year_2021,2021.0,adverse,0,0,0,0,0.0,,,,,INSUFFICIENT_SAMPLE,trend,unavailable,0.0,0.0,historical
donchian_atr,eth_short_historical_falsification_v1_donchian_atr,20261008T183843Z-788bbf8b61dc,255e0563367140de9e051fde3160ab09,e0dd4c731d1d27f0,ETHUSDT,1h,SHORT_ONLY,HISTORICAL_CHALLENGE/year_2021,2021.0,adverse,41,16,25,0,119.97160478151795,2.9261367019882427,1.0512571912523128,39.02439024390244,-77.62748103783152,DESCRIPTIVE_SAMPLE,volatility,high,100.0,100.0000000000001,historical
donchian_atr,eth_short_historical_falsification_v1_donchian_atr,20261008T183843Z-788bbf8b61dc,255e0563367140de9e051fde3160ab09,e0dd4c731d1d27f0,ETHUSDT,1h,SHORT_ONLY,HISTORICAL_CHALLENGE/year_2021,2021.0,adverse,0,0,0,0,0.0,,,,,INSUFFICIENT_SAMPLE,volatility,ordinary,0.0,0.0,historical
donchian_atr,eth_short_historical_falsification_v1_donchian_atr,20261008T183843Z-788bbf8b61dc,255e0563367140de9e051fde3160ab09,e0dd4c731d1d27f0,ETHUSDT,1h,SHORT_ONLY,HISTORICAL_CHALLENGE/year_2021,2021.0,adverse,0,0,0,0,0.0,,,,,INSUFFICIENT_SAMPLE,volatility,unavailable,0.0,0.0,historical
donchian_atr,eth_short_historical_falsification_v1_donchian_atr,20261008T183843Z-788bbf8b61dc,255e0563367140de9e051fde3160ab09,e0dd4c731d1d27f0,ETHUSDT,1h,SHORT_ONLY,HISTORICAL_CHALLENGE/year_2021,2021.0,adverse,41,16,25,0,119.97160478151795,2.9261367019882427,1.0512571912523128,39.02439024390244,-77.62748103783152,DESCRIPTIVE_SAMPLE,combined,bearish/high,100.0,100.0000000000001,historical
donchian_atr,eth_short_historical_falsification_v1_donchian_atr,20261008T183843Z-788bbf8b61dc,255e0563367140de9e051fde3160ab09,e0dd4c731d1d27f0,ETHUSDT,1h,SHORT_ONLY,HISTORICAL_CHALLENGE/year_2021,2021.0,adverse,0,0,0,0,0.0,,,,,INSUFFICIENT_SAMPLE,combined,bearish/ordinary,0.0,0.0,historical
donchian_atr,eth_short_historical_falsification_v1_donchian_atr,20261008T183843Z-788bbf8b61dc,255e0563367140de9e051fde3160ab09,e0dd4c731d1d27f0,ETHUSDT,1h,SHORT_ONLY,HISTORICAL_CHALLENGE/year_2021,2021.0,adverse,0,0,0,0,0.0,,,,,INSUFFICIENT_SAMPLE,combined,bearish/unavailable,0.0,0.0,historical
donchian_atr,eth_short_historical_falsification_v1_donchian_atr,20261008T183843Z-788bbf8b61dc,255e0563367140de9e051fde3160ab09,e0dd4c731d1d27f0,ETHUSDT,1h,SHORT_ONLY,HISTORICAL_CHALLENGE/year_2021,2021.0,adverse,0,0,0,0,0.0,,,,,INSUFFICIENT_SAMPLE,combined,bullish/high,0.0,0.0,historical
donchian_atr,eth_short_historical_falsification_v1_donchian_atr,20261008T183843Z-788bbf8b61dc,255e0563367140de9e051fde3160ab09,e0dd4c731d1d27f0,ETHUSDT,1h,SHORT_ONLY,HISTORICAL_CHALLENGE/year_2021,2021.0,adverse,0,0,0,0,0.0,,,,,INSUFFICIENT_SAMPLE,combined,bullish/ordinary,0.0,0.0,historical
donchian_atr,eth_short_historical_falsification_v1_donchian_atr,20261008T183843Z-788bbf8b61dc,255e0563367140de9e051fde3160ab09,e0dd4c731d1d27f0,ETHUSDT,1h,SHORT_ONLY,HISTORICAL_CHALLENGE/year_2021,2021.0,adverse,0,0,0,0,0.0,,,,,INSUFFICIENT_SAMPLE,combined,bullish/unavailable,0.0,0.0,historical
donchian_atr,eth_short_historical_falsification_v1_donchian_atr,20261008T183843Z-788bbf8b61dc,255e0563367140de9e051fde3160ab09,e0dd4c731d1d27f0,ETHUSDT,1h,SHORT_ONLY,HISTORICAL_CHALLENGE/year_2021,2021.0,adverse,0,0,0,0,0.0,,,,,INSUFFICIENT_SAMPLE,combined,mixed/high,0.0,0.0,historical
donchian_atr,eth_short_historical_falsification_v1_donchian_atr,20261008T183843Z-788bbf8b61dc,255e0563367140de9e051fde3160ab09,e0dd4c731d1d27f0,ETHUSDT,1h,SHORT_ONLY,HISTORICAL_CHALLENGE/year_2021,2021.0,adverse,0,0,0,0,0.0,,,,,INSUFFICIENT_SAMPLE,combined,mixed/ordinary,0.0,0.0,historical
donchian_atr,eth_short_historical_falsification_v1_donchian_atr,20261008T183843Z-788bbf8b61dc,255e0563367140de9e051fde3160ab09,e0dd4c731d1d27f0,ETHUSDT,1h,SHORT_ONLY,HISTORICAL_CHALLENGE/year_2021,2021.0,adverse,0,0,0,0,0.0,,,,,INSUFFICIENT_SAMPLE,combined,mixed/unavailable,0.0,0.0,historical
donchian_atr,eth_short_historical_falsification_v1_donchian_atr,20261008T183843Z-788bbf8b61dc,255e0563367140de9e051fde3160ab09,e0dd4c731d1d27f0,ETHUSDT,1h,SHORT_ONLY,HISTORICAL_CHALLENGE/year_2021,2021.0,adverse,0,0,0,0,0.0,,,,,INSUFFICIENT_SAMPLE,combined,unavailable/high,0.0,0.0,historical
donchian_atr,eth_short_historical_falsification_v1_donchian_atr,20261008T183843Z-788bbf8b61dc,255e0563367140de9e051fde3160ab09,e0dd4c731d1d27f0,ETHUSDT,1h,SHORT_ONLY,HISTORICAL_CHALLENGE/year_2021,2021.0,adverse,0,0,0,0,0.0,,,,,INSUFFICIENT_SAMPLE,combined,unavailable/ordinary,0.0,0.0,historical
donchian_atr,eth_short_historical_falsification_v1_donchian_atr,20261008T183843Z-788bbf8b61dc,255e0563367140de9e051fde3160ab09,e0dd4c731d1d27f0,ETHUSDT,1h,SHORT_ONLY,HISTORICAL_CHALLENGE/year_2021,2021.0,adverse,0,0,0,0,0.0,,,,,INSUFFICIENT_SAMPLE,combined,unavailable/unavailable,0.0,0.0,historical
donchian_atr,eth_short_historical_falsification_v1_donchian_atr,20261008T183843Z-788bbf8b61dc,9e036cc5423f4ced87926ad3081f56bb,e0dd4c731d1d27f0,ETHUSDT,1h,SHORT_ONLY,HISTORICAL_CHALLENGE/year_2022,2022.0,base,69,30,39,0,1300.1627267111353,18.842938068277324,1.4008773374967525,43.47826086956522,-51.69709444471425,DESCRIPTIVE_SAMPLE,trend,bearish,100.0,100.0,historical
donchian_atr,eth_short_historical_falsification_v1_donchian_atr,20261008T183843Z-788bbf8b61dc,9e036cc5423f4ced87926ad3081f56bb,e0dd4c731d1d27f0,ETHUSDT,1h,SHORT_ONLY,HISTORICAL_CHALLENGE/year_2022,2022.0,base,0,0,0,0,0.0,,,,,INSUFFICIENT_SAMPLE,trend,bullish,0.0,0.0,historical
donchian_atr,eth_short_historical_falsification_v1_donchian_atr,20261008T183843Z-788bbf8b61dc,9e036cc5423f4ced87926ad3081f56bb,e0dd4c731d1d27f0,ETHUSDT,1h,SHORT_ONLY,HISTORICAL_CHALLENGE/year_2022,2022.0,base,0,0,0,0,0.0,,,,,INSUFFICIENT_SAMPLE,trend,mixed,0.0,0.0,historical
donchian_atr,eth_short_historical_falsification_v1_donchian_atr,20261008T183843Z-788bbf8b61dc,9e036cc5423f4ced87926ad3081f56bb,e0dd4c731d1d27f0,ETHUSDT,1h,SHORT_ONLY,HISTORICAL_CHALLENGE/year_2022,2022.0,base,0,0,0,0,0.0,,,,,INSUFFICIENT_SAMPLE,trend,unavailable,0.0,0.0,historical
donchian_atr,eth_short_historical_falsification_v1_donchian_atr,20261008T183843Z-788bbf8b61dc,9e036cc5423f4ced87926ad3081f56bb,e0dd4c731d1d27f0,ETHUSDT,1h,SHORT_ONLY,HISTORICAL_CHALLENGE/year_2022,2022.0,base,69,30,39,0,1300.1627267111353,18.842938068277324,1.4008773374967525,43.47826086956522,-51.69709444471425,DESCRIPTIVE_SAMPLE,volatility,high,100.0,100.0,historical
donchian_atr,eth_short_historical_falsification_v1_donchian_atr,20261008T183843Z-788bbf8b61dc,9e036cc5423f4ced87926ad3081f56bb,e0dd4c731d1d27f0,ETHUSDT,1h,SHORT_ONLY,HISTORICAL_CHALLENGE/year_2022,2022.0,base,0,0,0,0,0.0,,,,,INSUFFICIENT_SAMPLE,volatility,ordinary,0.0,0.0,historical
donchian_atr,eth_short_historical_falsification_v1_donchian_atr,20261008T183843Z-788bbf8b61dc,9e036cc5423f4ced87926ad3081f56bb,e0dd4c731d1d27f0,ETHUSDT,1h,SHORT_ONLY,HISTORICAL_CHALLENGE/year_2022,2022.0,base,0,0,0,0,0.0,,,,,INSUFFICIENT_SAMPLE,volatility,unavailable,0.0,0.0,historical
donchian_atr,eth_short_historical_falsification_v1_donchian_atr,20261008T183843Z-788bbf8b61dc,9e036cc5423f4ced87926ad3081f56bb,e0dd4c731d1d27f0,ETHUSDT,1h,SHORT_ONLY,HISTORICAL_CHALLENGE/year_2022,2022.0,base,69,30,39,0,1300.1627267111353,18.842938068277324,1.4008773374967525,43.47826086956522,-51.69709444471425,DESCRIPTIVE_SAMPLE,combined,bearish/high,100.0,100.0,historical
donchian_atr,eth_short_historical_falsification_v1_donchian_atr,20261008T183843Z-788bbf8b61dc,9e036cc5423f4ced87926ad3081f56bb,e0dd4c731d1d27f0,ETHUSDT,1h,SHORT_ONLY,HISTORICAL_CHALLENGE/year_2022,2022.0,base,0,0,0,0,0.0,,,,,INSUFFICIENT_SAMPLE,combined,bearish/ordinary,0.0,0.0,historical
donchian_atr,eth_short_historical_falsification_v1_donchian_atr,20261008T183843Z-788bbf8b61dc,9e036cc5423f4ced87926ad3081f56bb,e0dd4c731d1d27f0,ETHUSDT,1h,SHORT_ONLY,HISTORICAL_CHALLENGE/year_2022,2022.0,base,0,0,0,0,0.0,,,,,INSUFFICIENT_SAMPLE,combined,bearish/unavailable,0.0,0.0,historical
donchian_atr,eth_short_historical_falsification_v1_donchian_atr,20261008T183843Z-788bbf8b61dc,9e036cc5423f4ced87926ad3081f56bb,e0dd4c731d1d27f0,ETHUSDT,1h,SHORT_ONLY,HISTORICAL_CHALLENGE/year_2022,2022.0,base,0,0,0,0,0.0,,,,,INSUFFICIENT_SAMPLE,combined,bullish/high,0.0,0.0,historical
donchian_atr,eth_short_historical_falsification_v1_donchian_atr,20261008T183843Z-788bbf8b61dc,9e036cc5423f4ced87926ad3081f56bb,e0dd4c731d1d27f0,ETHUSDT,1h,SHORT_ONLY,HISTORICAL_CHALLENGE/year_2022,2022.0,base,0,0,0,0,0.0,,,,,INSUFFICIENT_SAMPLE,combined,bullish/ordinary,0.0,0.0,historical
donchian_atr,eth_short_historical_falsification_v1_donchian_atr,20261008T183843Z-788bbf8b61dc,9e036cc5423f4ced87926ad3081f56bb,e0dd4c731d1d27f0,ETHUSDT,1h,SHORT_ONLY,HISTORICAL_CHALLENGE/year_2022,2022.0,base,0,0,0,0,0.0,,,,,INSUFFICIENT_SAMPLE,combined,bullish/unavailable,0.0,0.0,historical
donchian_atr,eth_short_historical_falsification_v1_donchian_atr,20261008T183843Z-788bbf8b61dc,9e036cc5423f4ced87926ad3081f56bb,e0dd4c731d1d27f0,ETHUSDT,1h,SHORT_ONLY,HISTORICAL_CHALLENGE/year_2022,2022.0,base,0,0,0,0,0.0,,,,,INSUFFICIENT_SAMPLE,combined,mixed/high,0.0,0.0,historical
donchian_atr,eth_short_historical_falsification_v1_donchian_atr,20261008T183843Z-788bbf8b61dc,9e036cc5423f4ced87926ad3081f56bb,e0dd4c731d1d27f0,ETHUSDT,1h,SHORT_ONLY,HISTORICAL_CHALLENGE/year_2022,2022.0,base,0,0,0,0,0.0,,,,,INSUFFICIENT_SAMPLE,combined,mixed/ordinary,0.0,0.0,historical
donchian_atr,eth_short_historical_falsification_v1_donchian_atr,20261008T183843Z-788bbf8b61dc,9e036cc5423f4ced87926ad3081f56bb,e0dd4c731d1d27f0,ETHUSDT,1h,SHORT_ONLY,HISTORICAL_CHALLENGE/year_2022,2022.0,base,0,0,0,0,0.0,,,,,INSUFFICIENT_SAMPLE,combined,mixed/unavailable,0.0,0.0,historical
donchian_atr,eth_short_historical_falsification_v1_donchian_atr,20261008T183843Z-788bbf8b61dc,9e036cc5423f4ced87926ad3081f56bb,e0dd4c731d1d27f0,ETHUSDT,1h,SHORT_ONLY,HISTORICAL_CHALLENGE/year_2022,2022.0,base,0,0,0,0,0.0,,,,,INSUFFICIENT_SAMPLE,combined,unavailable/high,0.0,0.0,historical
donchian_atr,eth_short_historical_falsification_v1_donchian_atr,20261008T183843Z-788bbf8b61dc,9e036cc5423f4ced87926ad3081f56bb,e0dd4c731d1d27f0,ETHUSDT,1h,SHORT_ONLY,HISTORICAL_CHALLENGE/year_2022,2022.0,base,0,0,0,0,0.0,,,,,INSUFFICIENT_SAMPLE,combined,unavailable/ordinary,0.0,0.0,historical
donchian_atr,eth_short_historical_falsification_v1_donchian_atr,20261008T183843Z-788bbf8b61dc,9e036cc5423f4ced87926ad3081f56bb,e0dd4c731d1d27f0,ETHUSDT,1h,SHORT_ONLY,HISTORICAL_CHALLENGE/year_2022,2022.0,base,0,0,0,0,0.0,,,,,INSUFFICIENT_SAMPLE,combined,unavailable/unavailable,0.0,0.0,historical
donchian_atr,eth_short_historical_falsification_v1_donchian_atr,20261008T183843Z-788bbf8b61dc,2b162eaa9592480e885052fad853ba89,e0dd4c731d1d27f0,ETHUSDT,1h,SHORT_ONLY,HISTORICAL_CHALLENGE/year_2022,2022.0,adverse,69,30,39,0,1022.7709139702076,14.822766869133442,1.3058427982670735,43.47826086956522,-54.427324222402376,DESCRIPTIVE_SAMPLE,trend,bearish,100.0,100.0,historical
donchian_atr,eth_short_historical_falsification_v1_donchian_atr,20261008T183843Z-788bbf8b61dc,2b162eaa9592480e885052fad853ba89,e0dd4c731d1d27f0,ETHUSDT,1h,SHORT_ONLY,HISTORICAL_CHALLENGE/year_2022,2022.0,adverse,0,0,0,0,0.0,,,,,INSUFFICIENT_SAMPLE,trend,bullish,0.0,0.0,historical
donchian_atr,eth_short_historical_falsification_v1_donchian_atr,20261008T183843Z-788bbf8b61dc,2b162eaa9592480e885052fad853ba89,e0dd4c731d1d27f0,ETHUSDT,1h,SHORT_ONLY,HISTORICAL_CHALLENGE/year_2022,2022.0,adverse,0,0,0,0,0.0,,,,,INSUFFICIENT_SAMPLE,trend,mixed,0.0,0.0,historical
donchian_atr,eth_short_historical_falsification_v1_donchian_atr,20261008T183843Z-788bbf8b61dc,2b162eaa9592480e885052fad853ba89,e0dd4c731d1d27f0,ETHUSDT,1h,SHORT_ONLY,HISTORICAL_CHALLENGE/year_2022,2022.0,adverse,0,0,0,0,0.0,,,,,INSUFFICIENT_SAMPLE,trend,unavailable,0.0,0.0,historical
donchian_atr,eth_short_historical_falsification_v1_donchian_atr,20261008T183843Z-788bbf8b61dc,2b162eaa9592480e885052fad853ba89,e0dd4c731d1d27f0,ETHUSDT,1h,SHORT_ONLY,HISTORICAL_CHALLENGE/year_2022,2022.0,adverse,69,30,39,0,1022.7709139702076,14.822766869133442,1.3058427982670735,43.47826086956522,-54.427324222402376,DESCRIPTIVE_SAMPLE,volatility,high,100.0,100.0,historical
donchian_atr,eth_short_historical_falsification_v1_donchian_atr,20261008T183843Z-788bbf8b61dc,2b162eaa9592480e885052fad853ba89,e0dd4c731d1d27f0,ETHUSDT,1h,SHORT_ONLY,HISTORICAL_CHALLENGE/year_2022,2022.0,adverse,0,0,0,0,0.0,,,,,INSUFFICIENT_SAMPLE,volatility,ordinary,0.0,0.0,historical
donchian_atr,eth_short_historical_falsification_v1_donchian_atr,20261008T183843Z-788bbf8b61dc,2b162eaa9592480e885052fad853ba89,e0dd4c731d1d27f0,ETHUSDT,1h,SHORT_ONLY,HISTORICAL_CHALLENGE/year_2022,2022.0,adverse,0,0,0,0,0.0,,,,,INSUFFICIENT_SAMPLE,volatility,unavailable,0.0,0.0,historical
donchian_atr,eth_short_historical_falsification_v1_donchian_atr,20261008T183843Z-788bbf8b61dc,2b162eaa9592480e885052fad853ba89,e0dd4c731d1d27f0,ETHUSDT,1h,SHORT_ONLY,HISTORICAL_CHALLENGE/year_2022,2022.0,adverse,69,30,39,0,1022.7709139702076,14.822766869133442,1.3058427982670735,43.47826086956522,-54.427324222402376,DESCRIPTIVE_SAMPLE,combined,bearish/high,100.0,100.0,historical
donchian_atr,eth_short_historical_falsification_v1_donchian_atr,20261008T183843Z-788bbf8b61dc,2b162eaa9592480e885052fad853ba89,e0dd4c731d1d27f0,ETHUSDT,1h,SHORT_ONLY,HISTORICAL_CHALLENGE/year_2022,2022.0,adverse,0,0,0,0,0.0,,,,,INSUFFICIENT_SAMPLE,combined,bearish/ordinary,0.0,0.0,historical
donchian_atr,eth_short_historical_falsification_v1_donchian_atr,20261008T183843Z-788bbf8b61dc,2b162eaa9592480e885052fad853ba89,e0dd4c731d1d27f0,ETHUSDT,1h,SHORT_ONLY,HISTORICAL_CHALLENGE/year_2022,2022.0,adverse,0,0,0,0,0.0,,,,,INSUFFICIENT_SAMPLE,combined,bearish/unavailable,0.0,0.0,historical
donchian_atr,eth_short_historical_falsification_v1_donchian_atr,20261008T183843Z-788bbf8b61dc,2b162eaa9592480e885052fad853ba89,e0dd4c731d1d27f0,ETHUSDT,1h,SHORT_ONLY,HISTORICAL_CHALLENGE/year_2022,2022.0,adverse,0,0,0,0,0.0,,,,,INSUFFICIENT_SAMPLE,combined,bullish/high,0.0,0.0,historical
donchian_atr,eth_short_historical_falsification_v1_donchian_atr,20261008T183843Z-788bbf8b61dc,2b162eaa9592480e885052fad853ba89,e0dd4c731d1d27f0,ETHUSDT,1h,SHORT_ONLY,HISTORICAL_CHALLENGE/year_2022,2022.0,adverse,0,0,0,0,0.0,,,,,INSUFFICIENT_SAMPLE,combined,bullish/ordinary,0.0,0.0,historical
donchian_atr,eth_short_historical_falsification_v1_donchian_atr,20261008T183843Z-788bbf8b61dc,2b162eaa9592480e885052fad853ba89,e0dd4c731d1d27f0,ETHUSDT,1h,SHORT_ONLY,HISTORICAL_CHALLENGE/year_2022,2022.0,adverse,0,0,0,0,0.0,,,,,INSUFFICIENT_SAMPLE,combined,bullish/unavailable,0.0,0.0,historical
donchian_atr,eth_short_historical_falsification_v1_donchian_atr,20261008T183843Z-788bbf8b61dc,2b162eaa9592480e885052fad853ba89,e0dd4c731d1d27f0,ETHUSDT,1h,SHORT_ONLY,HISTORICAL_CHALLENGE/year_2022,2022.0,adverse,0,0,0,0,0.0,,,,,INSUFFICIENT_SAMPLE,combined,mixed/high,0.0,0.0,historical
donchian_atr,eth_short_historical_falsification_v1_donchian_atr,20261008T183843Z-788bbf8b61dc,2b162eaa9592480e885052fad853ba89,e0dd4c731d1d27f0,ETHUSDT,1h,SHORT_ONLY,HISTORICAL_CHALLENGE/year_2022,2022.0,adverse,0,0,0,0,0.0,,,,,INSUFFICIENT_SAMPLE,combined,mixed/ordinary,0.0,0.0,historical
donchian_atr,eth_short_historical_falsification_v1_donchian_atr,20261008T183843Z-788bbf8b61dc,2b162eaa9592480e885052fad853ba89,e0dd4c731d1d27f0,ETHUSDT,1h,SHORT_ONLY,HISTORICAL_CHALLENGE/year_2022,2022.0,adverse,0,0,0,0,0.0,,,,,INSUFFICIENT_SAMPLE,combined,mixed/unavailable,0.0,0.0,historical
donchian_atr,eth_short_historical_falsification_v1_donchian_atr,20261008T183843Z-788bbf8b61dc,2b162eaa9592480e885052fad853ba89,e0dd4c731d1d27f0,ETHUSDT,1h,SHORT_ONLY,HISTORICAL_CHALLENGE/year_2022,2022.0,adverse,0,0,0,0,0.0,,,,,INSUFFICIENT_SAMPLE,combined,unavailable/high,0.0,0.0,historical
donchian_atr,eth_short_historical_falsification_v1_donchian_atr,20261008T183843Z-788bbf8b61dc,2b162eaa9592480e885052fad853ba89,e0dd4c731d1d27f0,ETHUSDT,1h,SHORT_ONLY,HISTORICAL_CHALLENGE/year_2022,2022.0,adverse,0,0,0,0,0.0,,,,,INSUFFICIENT_SAMPLE,combined,unavailable/ordinary,0.0,0.0,historical
donchian_atr,eth_short_historical_falsification_v1_donchian_atr,20261008T183843Z-788bbf8b61dc,2b162eaa9592480e885052fad853ba89,e0dd4c731d1d27f0,ETHUSDT,1h,SHORT_ONLY,HISTORICAL_CHALLENGE/year_2022,2022.0,adverse,0,0,0,0,0.0,,,,,INSUFFICIENT_SAMPLE,combined,unavailable/unavailable,0.0,0.0,historical
donchian_atr,eth_short_historical_falsification_v1_donchian_atr,20261008T183843Z-788bbf8b61dc,fab433c8757b48d2bd471dcd7a04f1ba,827790540ac7604f,ETHUSDT,1h,SHORT_ONLY,HISTORICAL_CHALLENGE/year_2020,2020.0,base,38,13,25,0,144.7924731992185,3.810328242084698,1.072419242536645,34.21052631578947,-64.6412279336913,DESCRIPTIVE_SAMPLE,trend,bearish,100.0,100.0,historical
donchian_atr,eth_short_historical_falsification_v1_donchian_atr,20261008T183843Z-788bbf8b61dc,fab433c8757b48d2bd471dcd7a04f1ba,827790540ac7604f,ETHUSDT,1h,SHORT_ONLY,HISTORICAL_CHALLENGE/year_2020,2020.0,base,0,0,0,0,0.0,,,,,INSUFFICIENT_SAMPLE,trend,bullish,0.0,0.0,historical
donchian_atr,eth_short_historical_falsification_v1_donchian_atr,20261008T183843Z-788bbf8b61dc,fab433c8757b48d2bd471dcd7a04f1ba,827790540ac7604f,ETHUSDT,1h,SHORT_ONLY,HISTORICAL_CHALLENGE/year_2020,2020.0,base,0,0,0,0,0.0,,,,,INSUFFICIENT_SAMPLE,trend,mixed,0.0,0.0,historical
donchian_atr,eth_short_historical_falsification_v1_donchian_atr,20261008T183843Z-788bbf8b61dc,fab433c8757b48d2bd471dcd7a04f1ba,827790540ac7604f,ETHUSDT,1h,SHORT_ONLY,HISTORICAL_CHALLENGE/year_2020,2020.0,base,0,0,0,0,0.0,,,,,INSUFFICIENT_SAMPLE,trend,unavailable,0.0,0.0,historical
donchian_atr,eth_short_historical_falsification_v1_donchian_atr,20261008T183843Z-788bbf8b61dc,fab433c8757b48d2bd471dcd7a04f1ba,827790540ac7604f,ETHUSDT,1h,SHORT_ONLY,HISTORICAL_CHALLENGE/year_2020,2020.0,base,38,13,25,0,144.7924731992185,3.810328242084698,1.072419242536645,34.21052631578947,-64.6412279336913,DESCRIPTIVE_SAMPLE,volatility,high,100.0,100.0,historical
donchian_atr,eth_short_historical_falsification_v1_donchian_atr,20261008T183843Z-788bbf8b61dc,fab433c8757b48d2bd471dcd7a04f1ba,827790540ac7604f,ETHUSDT,1h,SHORT_ONLY,HISTORICAL_CHALLENGE/year_2020,2020.0,base,0,0,0,0,0.0,,,,,INSUFFICIENT_SAMPLE,volatility,ordinary,0.0,0.0,historical
donchian_atr,eth_short_historical_falsification_v1_donchian_atr,20261008T183843Z-788bbf8b61dc,fab433c8757b48d2bd471dcd7a04f1ba,827790540ac7604f,ETHUSDT,1h,SHORT_ONLY,HISTORICAL_CHALLENGE/year_2020,2020.0,base,0,0,0,0,0.0,,,,,INSUFFICIENT_SAMPLE,volatility,unavailable,0.0,0.0,historical
donchian_atr,eth_short_historical_falsification_v1_donchian_atr,20261008T183843Z-788bbf8b61dc,fab433c8757b48d2bd471dcd7a04f1ba,827790540ac7604f,ETHUSDT,1h,SHORT_ONLY,HISTORICAL_CHALLENGE/year_2020,2020.0,base,38,13,25,0,144.7924731992185,3.810328242084698,1.072419242536645,34.21052631578947,-64.6412279336913,DESCRIPTIVE_SAMPLE,combined,bearish/high,100.0,100.0,historical
donchian_atr,eth_short_historical_falsification_v1_donchian_atr,20261008T183843Z-788bbf8b61dc,fab433c8757b48d2bd471dcd7a04f1ba,827790540ac7604f,ETHUSDT,1h,SHORT_ONLY,HISTORICAL_CHALLENGE/year_2020,2020.0,base,0,0,0,0,0.0,,,,,INSUFFICIENT_SAMPLE,combined,bearish/ordinary,0.0,0.0,historical
donchian_atr,eth_short_historical_falsification_v1_donchian_atr,20261008T183843Z-788bbf8b61dc,fab433c8757b48d2bd471dcd7a04f1ba,827790540ac7604f,ETHUSDT,1h,SHORT_ONLY,HISTORICAL_CHALLENGE/year_2020,2020.0,base,0,0,0,0,0.0,,,,,INSUFFICIENT_SAMPLE,combined,bearish/unavailable,0.0,0.0,historical
donchian_atr,eth_short_historical_falsification_v1_donchian_atr,20261008T183843Z-788bbf8b61dc,fab433c8757b48d2bd471dcd7a04f1ba,827790540ac7604f,ETHUSDT,1h,SHORT_ONLY,HISTORICAL_CHALLENGE/year_2020,2020.0,base,0,0,0,0,0.0,,,,,INSUFFICIENT_SAMPLE,combined,bullish/high,0.0,0.0,historical
donchian_atr,eth_short_historical_falsification_v1_donchian_atr,20261008T183843Z-788bbf8b61dc,fab433c8757b48d2bd471dcd7a04f1ba,827790540ac7604f,ETHUSDT,1h,SHORT_ONLY,HISTORICAL_CHALLENGE/year_2020,2020.0,base,0,0,0,0,0.0,,,,,INSUFFICIENT_SAMPLE,combined,bullish/ordinary,0.0,0.0,historical
donchian_atr,eth_short_historical_falsification_v1_donchian_atr,20261008T183843Z-788bbf8b61dc,fab433c8757b48d2bd471dcd7a04f1ba,827790540ac7604f,ETHUSDT,1h,SHORT_ONLY,HISTORICAL_CHALLENGE/year_2020,2020.0,base,0,0,0,0,0.0,,,,,INSUFFICIENT_SAMPLE,combined,bullish/unavailable,0.0,0.0,historical
donchian_atr,eth_short_historical_falsification_v1_donchian_atr,20261008T183843Z-788bbf8b61dc,fab433c8757b48d2bd471dcd7a04f1ba,827790540ac7604f,ETHUSDT,1h,SHORT_ONLY,HISTORICAL_CHALLENGE/year_2020,2020.0,base,0,0,0,0,0.0,,,,,INSUFFICIENT_SAMPLE,combined,mixed/high,0.0,0.0,historical
donchian_atr,eth_short_historical_falsification_v1_donchian_atr,20261008T183843Z-788bbf8b61dc,fab433c8757b48d2bd471dcd7a04f1ba,827790540ac7604f,ETHUSDT,1h,SHORT_ONLY,HISTORICAL_CHALLENGE/year_2020,2020.0,base,0,0,0,0,0.0,,,,,INSUFFICIENT_SAMPLE,combined,mixed/ordinary,0.0,0.0,historical
donchian_atr,eth_short_historical_falsification_v1_donchian_atr,20261008T183843Z-788bbf8b61dc,fab433c8757b48d2bd471dcd7a04f1ba,827790540ac7604f,ETHUSDT,1h,SHORT_ONLY,HISTORICAL_CHALLENGE/year_2020,2020.0,base,0,0,0,0,0.0,,,,,INSUFFICIENT_SAMPLE,combined,mixed/unavailable,0.0,0.0,historical
donchian_atr,eth_short_historical_falsification_v1_donchian_atr,20261008T183843Z-788bbf8b61dc,fab433c8757b48d2bd471dcd7a04f1ba,827790540ac7604f,ETHUSDT,1h,SHORT_ONLY,HISTORICAL_CHALLENGE/year_2020,2020.0,base,0,0,0,0,0.0,,,,,INSUFFICIENT_SAMPLE,combined,unavailable/high,0.0,0.0,historical
donchian_atr,eth_short_historical_falsification_v1_donchian_atr,20261008T183843Z-788bbf8b61dc,fab433c8757b48d2bd471dcd7a04f1ba,827790540ac7604f,ETHUSDT,1h,SHORT_ONLY,HISTORICAL_CHALLENGE/year_2020,2020.0,base,0,0,0,0,0.0,,,,,INSUFFICIENT_SAMPLE,combined,unavailable/ordinary,0.0,0.0,historical
donchian_atr,eth_short_historical_falsification_v1_donchian_atr,20261008T183843Z-788bbf8b61dc,fab433c8757b48d2bd471dcd7a04f1ba,827790540ac7604f,ETHUSDT,1h,SHORT_ONLY,HISTORICAL_CHALLENGE/year_2020,2020.0,base,0,0,0,0,0.0,,,,,INSUFFICIENT_SAMPLE,combined,unavailable/unavailable,0.0,0.0,historical
donchian_atr,eth_short_historical_falsification_v1_donchian_atr,20261008T183843Z-788bbf8b61dc,db6ba185c03c4ba794ad8b491b248f36,827790540ac7604f,ETHUSDT,1h,SHORT_ONLY,HISTORICAL_CHALLENGE/year_2020,2020.0,adverse,38,13,25,0,16.37594942065759,0.430946037385726,1.0079776113248824,34.21052631578947,-67.62999661617965,DESCRIPTIVE_SAMPLE,trend,bearish,100.0,99.99999999999966,historical
donchian_atr,eth_short_historical_falsification_v1_donchian_atr,20261008T183843Z-788bbf8b61dc,db6ba185c03c4ba794ad8b491b248f36,827790540ac7604f,ETHUSDT,1h,SHORT_ONLY,HISTORICAL_CHALLENGE/year_2020,2020.0,adverse,0,0,0,0,0.0,,,,,INSUFFICIENT_SAMPLE,trend,bullish,0.0,0.0,historical
donchian_atr,eth_short_historical_falsification_v1_donchian_atr,20261008T183843Z-788bbf8b61dc,db6ba185c03c4ba794ad8b491b248f36,827790540ac7604f,ETHUSDT,1h,SHORT_ONLY,HISTORICAL_CHALLENGE/year_2020,2020.0,adverse,0,0,0,0,0.0,,,,,INSUFFICIENT_SAMPLE,trend,mixed,0.0,0.0,historical
donchian_atr,eth_short_historical_falsification_v1_donchian_atr,20261008T183843Z-788bbf8b61dc,db6ba185c03c4ba794ad8b491b248f36,827790540ac7604f,ETHUSDT,1h,SHORT_ONLY,HISTORICAL_CHALLENGE/year_2020,2020.0,adverse,0,0,0,0,0.0,,,,,INSUFFICIENT_SAMPLE,trend,unavailable,0.0,0.0,historical
donchian_atr,eth_short_historical_falsification_v1_donchian_atr,20261008T183843Z-788bbf8b61dc,db6ba185c03c4ba794ad8b491b248f36,827790540ac7604f,ETHUSDT,1h,SHORT_ONLY,HISTORICAL_CHALLENGE/year_2020,2020.0,adverse,38,13,25,0,16.37594942065759,0.430946037385726,1.0079776113248824,34.21052631578947,-67.62999661617965,DESCRIPTIVE_SAMPLE,volatility,high,100.0,99.99999999999966,historical
donchian_atr,eth_short_historical_falsification_v1_donchian_atr,20261008T183843Z-788bbf8b61dc,db6ba185c03c4ba794ad8b491b248f36,827790540ac7604f,ETHUSDT,1h,SHORT_ONLY,HISTORICAL_CHALLENGE/year_2020,2020.0,adverse,0,0,0,0,0.0,,,,,INSUFFICIENT_SAMPLE,volatility,ordinary,0.0,0.0,historical
donchian_atr,eth_short_historical_falsification_v1_donchian_atr,20261008T183843Z-788bbf8b61dc,db6ba185c03c4ba794ad8b491b248f36,827790540ac7604f,ETHUSDT,1h,SHORT_ONLY,HISTORICAL_CHALLENGE/year_2020,2020.0,adverse,0,0,0,0,0.0,,,,,INSUFFICIENT_SAMPLE,volatility,unavailable,0.0,0.0,historical
donchian_atr,eth_short_historical_falsification_v1_donchian_atr,20261008T183843Z-788bbf8b61dc,db6ba185c03c4ba794ad8b491b248f36,827790540ac7604f,ETHUSDT,1h,SHORT_ONLY,HISTORICAL_CHALLENGE/year_2020,2020.0,adverse,38,13,25,0,16.37594942065759,0.430946037385726,1.0079776113248824,34.21052631578947,-67.62999661617965,DESCRIPTIVE_SAMPLE,combined,bearish/high,100.0,99.99999999999966,historical
donchian_atr,eth_short_historical_falsification_v1_donchian_atr,20261008T183843Z-788bbf8b61dc,db6ba185c03c4ba794ad8b491b248f36,827790540ac7604f,ETHUSDT,1h,SHORT_ONLY,HISTORICAL_CHALLENGE/year_2020,2020.0,adverse,0,0,0,0,0.0,,,,,INSUFFICIENT_SAMPLE,combined,bearish/ordinary,0.0,0.0,historical
donchian_atr,eth_short_historical_falsification_v1_donchian_atr,20261008T183843Z-788bbf8b61dc,db6ba185c03c4ba794ad8b491b248f36,827790540ac7604f,ETHUSDT,1h,SHORT_ONLY,HISTORICAL_CHALLENGE/year_2020,2020.0,adverse,0,0,0,0,0.0,,,,,INSUFFICIENT_SAMPLE,combined,bearish/unavailable,0.0,0.0,historical
donchian_atr,eth_short_historical_falsification_v1_donchian_atr,20261008T183843Z-788bbf8b61dc,db6ba185c03c4ba794ad8b491b248f36,827790540ac7604f,ETHUSDT,1h,SHORT_ONLY,HISTORICAL_CHALLENGE/year_2020,2020.0,adverse,0,0,0,0,0.0,,,,,INSUFFICIENT_SAMPLE,combined,bullish/high,0.0,0.0,historical
donchian_atr,eth_short_historical_falsification_v1_donchian_atr,20261008T183843Z-788bbf8b61dc,db6ba185c03c4ba794ad8b491b248f36,827790540ac7604f,ETHUSDT,1h,SHORT_ONLY,HISTORICAL_CHALLENGE/year_2020,2020.0,adverse,0,0,0,0,0.0,,,,,INSUFFICIENT_SAMPLE,combined,bullish/ordinary,0.0,0.0,historical
donchian_atr,eth_short_historical_falsification_v1_donchian_atr,20261008T183843Z-788bbf8b61dc,db6ba185c03c4ba794ad8b491b248f36,827790540ac7604f,ETHUSDT,1h,SHORT_ONLY,HISTORICAL_CHALLENGE/year_2020,2020.0,adverse,0,0,0,0,0.0,,,,,INSUFFICIENT_SAMPLE,combined,bullish/unavailable,0.0,0.0,historical
donchian_atr,eth_short_historical_falsification_v1_donchian_atr,20261008T183843Z-788bbf8b61dc,db6ba185c03c4ba794ad8b491b248f36,827790540ac7604f,ETHUSDT,1h,SHORT_ONLY,HISTORICAL_CHALLENGE/year_2020,2020.0,adverse,0,0,0,0,0.0,,,,,INSUFFICIENT_SAMPLE,combined,mixed/high,0.0,0.0,historical
donchian_atr,eth_short_historical_falsification_v1_donchian_atr,20261008T183843Z-788bbf8b61dc,db6ba185c03c4ba794ad8b491b248f36,827790540ac7604f,ETHUSDT,1h,SHORT_ONLY,HISTORICAL_CHALLENGE/year_2020,2020.0,adverse,0,0,0,0,0.0,,,,,INSUFFICIENT_SAMPLE,combined,mixed/ordinary,0.0,0.0,historical
donchian_atr,eth_short_historical_falsification_v1_donchian_atr,20261008T183843Z-788bbf8b61dc,db6ba185c03c4ba794ad8b491b248f36,827790540ac7604f,ETHUSDT,1h,SHORT_ONLY,HISTORICAL_CHALLENGE/year_2020,2020.0,adverse,0,0,0,0,0.0,,,,,INSUFFICIENT_SAMPLE,combined,mixed/unavailable,0.0,0.0,historical
donchian_atr,eth_short_historical_falsification_v1_donchian_atr,20261008T183843Z-788bbf8b61dc,db6ba185c03c4ba794ad8b491b248f36,827790540ac7604f,ETHUSDT,1h,SHORT_ONLY,HISTORICAL_CHALLENGE/year_2020,2020.0,adverse,0,0,0,0,0.0,,,,,INSUFFICIENT_SAMPLE,combined,unavailable/high,0.0,0.0,historical
donchian_atr,eth_short_historical_falsification_v1_donchian_atr,20261008T183843Z-788bbf8b61dc,db6ba185c03c4ba794ad8b491b248f36,827790540ac7604f,ETHUSDT,1h,SHORT_ONLY,HISTORICAL_CHALLENGE/year_2020,2020.0,adverse,0,0,0,0,0.0,,,,,INSUFFICIENT_SAMPLE,combined,unavailable/ordinary,0.0,0.0,historical
donchian_atr,eth_short_historical_falsification_v1_donchian_atr,20261008T183843Z-788bbf8b61dc,db6ba185c03c4ba794ad8b491b248f36,827790540ac7604f,ETHUSDT,1h,SHORT_ONLY,HISTORICAL_CHALLENGE/year_2020,2020.0,adverse,0,0,0,0,0.0,,,,,INSUFFICIENT_SAMPLE,combined,unavailable/unavailable,0.0,0.0,historical
donchian_atr,eth_short_historical_falsification_v1_donchian_atr,20261008T183843Z-788bbf8b61dc,ebad6daa3d29470faad12e967fc573b8,827790540ac7604f,ETHUSDT,1h,SHORT_ONLY,HISTORICAL_CHALLENGE/year_2021,2021.0,base,40,16,24,0,329.0909922448122,8.227274806120304,1.149146601486828,40.0,-73.46650459935421,DESCRIPTIVE_SAMPLE,trend,bearish,100.0,100.0,historical
donchian_atr,eth_short_historical_falsification_v1_donchian_atr,20261008T183843Z-788bbf8b61dc,ebad6daa3d29470faad12e967fc573b8,827790540ac7604f,ETHUSDT,1h,SHORT_ONLY,HISTORICAL_CHALLENGE/year_2021,2021.0,base,0,0,0,0,0.0,,,,,INSUFFICIENT_SAMPLE,trend,bullish,0.0,0.0,historical
donchian_atr,eth_short_historical_falsification_v1_donchian_atr,20261008T183843Z-788bbf8b61dc,ebad6daa3d29470faad12e967fc573b8,827790540ac7604f,ETHUSDT,1h,SHORT_ONLY,HISTORICAL_CHALLENGE/year_2021,2021.0,base,0,0,0,0,0.0,,,,,INSUFFICIENT_SAMPLE,trend,mixed,0.0,0.0,historical
donchian_atr,eth_short_historical_falsification_v1_donchian_atr,20261008T183843Z-788bbf8b61dc,ebad6daa3d29470faad12e967fc573b8,827790540ac7604f,ETHUSDT,1h,SHORT_ONLY,HISTORICAL_CHALLENGE/year_2021,2021.0,base,0,0,0,0,0.0,,,,,INSUFFICIENT_SAMPLE,trend,unavailable,0.0,0.0,historical
donchian_atr,eth_short_historical_falsification_v1_donchian_atr,20261008T183843Z-788bbf8b61dc,ebad6daa3d29470faad12e967fc573b8,827790540ac7604f,ETHUSDT,1h,SHORT_ONLY,HISTORICAL_CHALLENGE/year_2021,2021.0,base,40,16,24,0,329.0909922448122,8.227274806120304,1.149146601486828,40.0,-73.46650459935421,DESCRIPTIVE_SAMPLE,volatility,high,100.0,100.0,historical
donchian_atr,eth_short_historical_falsification_v1_donchian_atr,20261008T183843Z-788bbf8b61dc,ebad6daa3d29470faad12e967fc573b8,827790540ac7604f,ETHUSDT,1h,SHORT_ONLY,HISTORICAL_CHALLENGE/year_2021,2021.0,base,0,0,0,0,0.0,,,,,INSUFFICIENT_SAMPLE,volatility,ordinary,0.0,0.0,historical
donchian_atr,eth_short_historical_falsification_v1_donchian_atr,20261008T183843Z-788bbf8b61dc,ebad6daa3d29470faad12e967fc573b8,827790540ac7604f,ETHUSDT,1h,SHORT_ONLY,HISTORICAL_CHALLENGE/year_2021,2021.0,base,0,0,0,0,0.0,,,,,INSUFFICIENT_SAMPLE,volatility,unavailable,0.0,0.0,historical
donchian_atr,eth_short_historical_falsification_v1_donchian_atr,20261008T183843Z-788bbf8b61dc,ebad6daa3d29470faad12e967fc573b8,827790540ac7604f,ETHUSDT,1h,SHORT_ONLY,HISTORICAL_CHALLENGE/year_2021,2021.0,base,40,16,24,0,329.0909922448122,8.227274806120304,1.149146601486828,40.0,-73.46650459935421,DESCRIPTIVE_SAMPLE,combined,bearish/high,100.0,100.0,historical
donchian_atr,eth_short_historical_falsification_v1_donchian_atr,20261008T183843Z-788bbf8b61dc,ebad6daa3d29470faad12e967fc573b8,827790540ac7604f,ETHUSDT,1h,SHORT_ONLY,HISTORICAL_CHALLENGE/year_2021,2021.0,base,0,0,0,0,0.0,,,,,INSUFFICIENT_SAMPLE,combined,bearish/ordinary,0.0,0.0,historical
donchian_atr,eth_short_historical_falsification_v1_donchian_atr,20261008T183843Z-788bbf8b61dc,ebad6daa3d29470faad12e967fc573b8,827790540ac7604f,ETHUSDT,1h,SHORT_ONLY,HISTORICAL_CHALLENGE/year_2021,2021.0,base,0,0,0,0,0.0,,,,,INSUFFICIENT_SAMPLE,combined,bearish/unavailable,0.0,0.0,historical
donchian_atr,eth_short_historical_falsification_v1_donchian_atr,20261008T183843Z-788bbf8b61dc,ebad6daa3d29470faad12e967fc573b8,827790540ac7604f,ETHUSDT,1h,SHORT_ONLY,HISTORICAL_CHALLENGE/year_2021,2021.0,base,0,0,0,0,0.0,,,,,INSUFFICIENT_SAMPLE,combined,bullish/high,0.0,0.0,historical
donchian_atr,eth_short_historical_falsification_v1_donchian_atr,20261008T183843Z-788bbf8b61dc,ebad6daa3d29470faad12e967fc573b8,827790540ac7604f,ETHUSDT,1h,SHORT_ONLY,HISTORICAL_CHALLENGE/year_2021,2021.0,base,0,0,0,0,0.0,,,,,INSUFFICIENT_SAMPLE,combined,bullish/ordinary,0.0,0.0,historical
donchian_atr,eth_short_historical_falsification_v1_donchian_atr,20261008T183843Z-788bbf8b61dc,ebad6daa3d29470faad12e967fc573b8,827790540ac7604f,ETHUSDT,1h,SHORT_ONLY,HISTORICAL_CHALLENGE/year_2021,2021.0,base,0,0,0,0,0.0,,,,,INSUFFICIENT_SAMPLE,combined,bullish/unavailable,0.0,0.0,historical
donchian_atr,eth_short_historical_falsification_v1_donchian_atr,20261008T183843Z-788bbf8b61dc,ebad6daa3d29470faad12e967fc573b8,827790540ac7604f,ETHUSDT,1h,SHORT_ONLY,HISTORICAL_CHALLENGE/year_2021,2021.0,base,0,0,0,0,0.0,,,,,INSUFFICIENT_SAMPLE,combined,mixed/high,0.0,0.0,historical
donchian_atr,eth_short_historical_falsification_v1_donchian_atr,20261008T183843Z-788bbf8b61dc,ebad6daa3d29470faad12e967fc573b8,827790540ac7604f,ETHUSDT,1h,SHORT_ONLY,HISTORICAL_CHALLENGE/year_2021,2021.0,base,0,0,0,0,0.0,,,,,INSUFFICIENT_SAMPLE,combined,mixed/ordinary,0.0,0.0,historical
donchian_atr,eth_short_historical_falsification_v1_donchian_atr,20261008T183843Z-788bbf8b61dc,ebad6daa3d29470faad12e967fc573b8,827790540ac7604f,ETHUSDT,1h,SHORT_ONLY,HISTORICAL_CHALLENGE/year_2021,2021.0,base,0,0,0,0,0.0,,,,,INSUFFICIENT_SAMPLE,combined,mixed/unavailable,0.0,0.0,historical
donchian_atr,eth_short_historical_falsification_v1_donchian_atr,20261008T183843Z-788bbf8b61dc,ebad6daa3d29470faad12e967fc573b8,827790540ac7604f,ETHUSDT,1h,SHORT_ONLY,HISTORICAL_CHALLENGE/year_2021,2021.0,base,0,0,0,0,0.0,,,,,INSUFFICIENT_SAMPLE,combined,unavailable/high,0.0,0.0,historical
donchian_atr,eth_short_historical_falsification_v1_donchian_atr,20261008T183843Z-788bbf8b61dc,ebad6daa3d29470faad12e967fc573b8,827790540ac7604f,ETHUSDT,1h,SHORT_ONLY,HISTORICAL_CHALLENGE/year_2021,2021.0,base,0,0,0,0,0.0,,,,,INSUFFICIENT_SAMPLE,combined,unavailable/ordinary,0.0,0.0,historical
donchian_atr,eth_short_historical_falsification_v1_donchian_atr,20261008T183843Z-788bbf8b61dc,ebad6daa3d29470faad12e967fc573b8,827790540ac7604f,ETHUSDT,1h,SHORT_ONLY,HISTORICAL_CHALLENGE/year_2021,2021.0,base,0,0,0,0,0.0,,,,,INSUFFICIENT_SAMPLE,combined,unavailable/unavailable,0.0,0.0,historical
donchian_atr,eth_short_historical_falsification_v1_donchian_atr,20261008T183843Z-788bbf8b61dc,ef1fd455fff24c578e4389ea9f9edf84,827790540ac7604f,ETHUSDT,1h,SHORT_ONLY,HISTORICAL_CHALLENGE/year_2021,2021.0,adverse,40,15,25,0,-60.22338362761516,-1.505584590690379,0.9739373121225366,37.5,-76.85262223798924,DESCRIPTIVE_SAMPLE,trend,bearish,100.0,,historical
donchian_atr,eth_short_historical_falsification_v1_donchian_atr,20261008T183843Z-788bbf8b61dc,ef1fd455fff24c578e4389ea9f9edf84,827790540ac7604f,ETHUSDT,1h,SHORT_ONLY,HISTORICAL_CHALLENGE/year_2021,2021.0,adverse,0,0,0,0,0.0,,,,,INSUFFICIENT_SAMPLE,trend,bullish,0.0,,historical
donchian_atr,eth_short_historical_falsification_v1_donchian_atr,20261008T183843Z-788bbf8b61dc,ef1fd455fff24c578e4389ea9f9edf84,827790540ac7604f,ETHUSDT,1h,SHORT_ONLY,HISTORICAL_CHALLENGE/year_2021,2021.0,adverse,0,0,0,0,0.0,,,,,INSUFFICIENT_SAMPLE,trend,mixed,0.0,,historical
donchian_atr,eth_short_historical_falsification_v1_donchian_atr,20261008T183843Z-788bbf8b61dc,ef1fd455fff24c578e4389ea9f9edf84,827790540ac7604f,ETHUSDT,1h,SHORT_ONLY,HISTORICAL_CHALLENGE/year_2021,2021.0,adverse,0,0,0,0,0.0,,,,,INSUFFICIENT_SAMPLE,trend,unavailable,0.0,,historical
donchian_atr,eth_short_historical_falsification_v1_donchian_atr,20261008T183843Z-788bbf8b61dc,ef1fd455fff24c578e4389ea9f9edf84,827790540ac7604f,ETHUSDT,1h,SHORT_ONLY,HISTORICAL_CHALLENGE/year_2021,2021.0,adverse,40,15,25,0,-60.22338362761516,-1.505584590690379,0.9739373121225366,37.5,-76.85262223798924,DESCRIPTIVE_SAMPLE,volatility,high,100.0,,historical
donchian_atr,eth_short_historical_falsification_v1_donchian_atr,20261008T183843Z-788bbf8b61dc,ef1fd455fff24c578e4389ea9f9edf84,827790540ac7604f,ETHUSDT,1h,SHORT_ONLY,HISTORICAL_CHALLENGE/year_2021,2021.0,adverse,0,0,0,0,0.0,,,,,INSUFFICIENT_SAMPLE,volatility,ordinary,0.0,,historical
donchian_atr,eth_short_historical_falsification_v1_donchian_atr,20261008T183843Z-788bbf8b61dc,ef1fd455fff24c578e4389ea9f9edf84,827790540ac7604f,ETHUSDT,1h,SHORT_ONLY,HISTORICAL_CHALLENGE/year_2021,2021.0,adverse,0,0,0,0,0.0,,,,,INSUFFICIENT_SAMPLE,volatility,unavailable,0.0,,historical
donchian_atr,eth_short_historical_falsification_v1_donchian_atr,20261008T183843Z-788bbf8b61dc,ef1fd455fff24c578e4389ea9f9edf84,827790540ac7604f,ETHUSDT,1h,SHORT_ONLY,HISTORICAL_CHALLENGE/year_2021,2021.0,adverse,40,15,25,0,-60.22338362761516,-1.505584590690379,0.9739373121225366,37.5,-76.85262223798924,DESCRIPTIVE_SAMPLE,combined,bearish/high,100.0,,historical
donchian_atr,eth_short_historical_falsification_v1_donchian_atr,20261008T183843Z-788bbf8b61dc,ef1fd455fff24c578e4389ea9f9edf84,827790540ac7604f,ETHUSDT,1h,SHORT_ONLY,HISTORICAL_CHALLENGE/year_2021,2021.0,adverse,0,0,0,0,0.0,,,,,INSUFFICIENT_SAMPLE,combined,bearish/ordinary,0.0,,historical
donchian_atr,eth_short_historical_falsification_v1_donchian_atr,20261008T183843Z-788bbf8b61dc,ef1fd455fff24c578e4389ea9f9edf84,827790540ac7604f,ETHUSDT,1h,SHORT_ONLY,HISTORICAL_CHALLENGE/year_2021,2021.0,adverse,0,0,0,0,0.0,,,,,INSUFFICIENT_SAMPLE,combined,bearish/unavailable,0.0,,historical
donchian_atr,eth_short_historical_falsification_v1_donchian_atr,20261008T183843Z-788bbf8b61dc,ef1fd455fff24c578e4389ea9f9edf84,827790540ac7604f,ETHUSDT,1h,SHORT_ONLY,HISTORICAL_CHALLENGE/year_2021,2021.0,adverse,0,0,0,0,0.0,,,,,INSUFFICIENT_SAMPLE,combined,bullish/high,0.0,,historical
donchian_atr,eth_short_historical_falsification_v1_donchian_atr,20261008T183843Z-788bbf8b61dc,ef1fd455fff24c578e4389ea9f9edf84,827790540ac7604f,ETHUSDT,1h,SHORT_ONLY,HISTORICAL_CHALLENGE/year_2021,2021.0,adverse,0,0,0,0,0.0,,,,,INSUFFICIENT_SAMPLE,combined,bullish/ordinary,0.0,,historical
donchian_atr,eth_short_historical_falsification_v1_donchian_atr,20261008T183843Z-788bbf8b61dc,ef1fd455fff24c578e4389ea9f9edf84,827790540ac7604f,ETHUSDT,1h,SHORT_ONLY,HISTORICAL_CHALLENGE/year_2021,2021.0,adverse,0,0,0,0,0.0,,,,,INSUFFICIENT_SAMPLE,combined,bullish/unavailable,0.0,,historical
donchian_atr,eth_short_historical_falsification_v1_donchian_atr,20261008T183843Z-788bbf8b61dc,ef1fd455fff24c578e4389ea9f9edf84,827790540ac7604f,ETHUSDT,1h,SHORT_ONLY,HISTORICAL_CHALLENGE/year_2021,2021.0,adverse,0,0,0,0,0.0,,,,,INSUFFICIENT_SAMPLE,combined,mixed/high,0.0,,historical
donchian_atr,eth_short_historical_falsification_v1_donchian_atr,20261008T183843Z-788bbf8b61dc,ef1fd455fff24c578e4389ea9f9edf84,827790540ac7604f,ETHUSDT,1h,SHORT_ONLY,HISTORICAL_CHALLENGE/year_2021,2021.0,adverse,0,0,0,0,0.0,,,,,INSUFFICIENT_SAMPLE,combined,mixed/ordinary,0.0,,historical
donchian_atr,eth_short_historical_falsification_v1_donchian_atr,20261008T183843Z-788bbf8b61dc,ef1fd455fff24c578e4389ea9f9edf84,827790540ac7604f,ETHUSDT,1h,SHORT_ONLY,HISTORICAL_CHALLENGE/year_2021,2021.0,adverse,0,0,0,0,0.0,,,,,INSUFFICIENT_SAMPLE,combined,mixed/unavailable,0.0,,historical
donchian_atr,eth_short_historical_falsification_v1_donchian_atr,20261008T183843Z-788bbf8b61dc,ef1fd455fff24c578e4389ea9f9edf84,827790540ac7604f,ETHUSDT,1h,SHORT_ONLY,HISTORICAL_CHALLENGE/year_2021,2021.0,adverse,0,0,0,0,0.0,,,,,INSUFFICIENT_SAMPLE,combined,unavailable/high,0.0,,historical
donchian_atr,eth_short_historical_falsification_v1_donchian_atr,20261008T183843Z-788bbf8b61dc,ef1fd455fff24c578e4389ea9f9edf84,827790540ac7604f,ETHUSDT,1h,SHORT_ONLY,HISTORICAL_CHALLENGE/year_2021,2021.0,adverse,0,0,0,0,0.0,,,,,INSUFFICIENT_SAMPLE,combined,unavailable/ordinary,0.0,,historical
donchian_atr,eth_short_historical_falsification_v1_donchian_atr,20261008T183843Z-788bbf8b61dc,ef1fd455fff24c578e4389ea9f9edf84,827790540ac7604f,ETHUSDT,1h,SHORT_ONLY,HISTORICAL_CHALLENGE/year_2021,2021.0,adverse,0,0,0,0,0.0,,,,,INSUFFICIENT_SAMPLE,combined,unavailable/unavailable,0.0,,historical
donchian_atr,eth_short_historical_falsification_v1_donchian_atr,20261008T183843Z-788bbf8b61dc,5563a5789bbc460a8bc4f7a9e0fae65d,827790540ac7604f,ETHUSDT,1h,SHORT_ONLY,HISTORICAL_CHALLENGE/year_2022,2022.0,base,67,29,38,0,1311.2355947316823,19.57068051838332,1.4102438659611458,43.28358208955224,-52.33116144723435,DESCRIPTIVE_SAMPLE,trend,bearish,100.0,100.0,historical
donchian_atr,eth_short_historical_falsification_v1_donchian_atr,20261008T183843Z-788bbf8b61dc,5563a5789bbc460a8bc4f7a9e0fae65d,827790540ac7604f,ETHUSDT,1h,SHORT_ONLY,HISTORICAL_CHALLENGE/year_2022,2022.0,base,0,0,0,0,0.0,,,,,INSUFFICIENT_SAMPLE,trend,bullish,0.0,0.0,historical
donchian_atr,eth_short_historical_falsification_v1_donchian_atr,20261008T183843Z-788bbf8b61dc,5563a5789bbc460a8bc4f7a9e0fae65d,827790540ac7604f,ETHUSDT,1h,SHORT_ONLY,HISTORICAL_CHALLENGE/year_2022,2022.0,base,0,0,0,0,0.0,,,,,INSUFFICIENT_SAMPLE,trend,mixed,0.0,0.0,historical
donchian_atr,eth_short_historical_falsification_v1_donchian_atr,20261008T183843Z-788bbf8b61dc,5563a5789bbc460a8bc4f7a9e0fae65d,827790540ac7604f,ETHUSDT,1h,SHORT_ONLY,HISTORICAL_CHALLENGE/year_2022,2022.0,base,0,0,0,0,0.0,,,,,INSUFFICIENT_SAMPLE,trend,unavailable,0.0,0.0,historical
donchian_atr,eth_short_historical_falsification_v1_donchian_atr,20261008T183843Z-788bbf8b61dc,5563a5789bbc460a8bc4f7a9e0fae65d,827790540ac7604f,ETHUSDT,1h,SHORT_ONLY,HISTORICAL_CHALLENGE/year_2022,2022.0,base,67,29,38,0,1311.2355947316823,19.57068051838332,1.4102438659611458,43.28358208955224,-52.33116144723435,DESCRIPTIVE_SAMPLE,volatility,high,100.0,100.0,historical
donchian_atr,eth_short_historical_falsification_v1_donchian_atr,20261008T183843Z-788bbf8b61dc,5563a5789bbc460a8bc4f7a9e0fae65d,827790540ac7604f,ETHUSDT,1h,SHORT_ONLY,HISTORICAL_CHALLENGE/year_2022,2022.0,base,0,0,0,0,0.0,,,,,INSUFFICIENT_SAMPLE,volatility,ordinary,0.0,0.0,historical
donchian_atr,eth_short_historical_falsification_v1_donchian_atr,20261008T183843Z-788bbf8b61dc,5563a5789bbc460a8bc4f7a9e0fae65d,827790540ac7604f,ETHUSDT,1h,SHORT_ONLY,HISTORICAL_CHALLENGE/year_2022,2022.0,base,0,0,0,0,0.0,,,,,INSUFFICIENT_SAMPLE,volatility,unavailable,0.0,0.0,historical
donchian_atr,eth_short_historical_falsification_v1_donchian_atr,20261008T183843Z-788bbf8b61dc,5563a5789bbc460a8bc4f7a9e0fae65d,827790540ac7604f,ETHUSDT,1h,SHORT_ONLY,HISTORICAL_CHALLENGE/year_2022,2022.0,base,67,29,38,0,1311.2355947316823,19.57068051838332,1.4102438659611458,43.28358208955224,-52.33116144723435,DESCRIPTIVE_SAMPLE,combined,bearish/high,100.0,100.0,historical
donchian_atr,eth_short_historical_falsification_v1_donchian_atr,20261008T183843Z-788bbf8b61dc,5563a5789bbc460a8bc4f7a9e0fae65d,827790540ac7604f,ETHUSDT,1h,SHORT_ONLY,HISTORICAL_CHALLENGE/year_2022,2022.0,base,0,0,0,0,0.0,,,,,INSUFFICIENT_SAMPLE,combined,bearish/ordinary,0.0,0.0,historical
donchian_atr,eth_short_historical_falsification_v1_donchian_atr,20261008T183843Z-788bbf8b61dc,5563a5789bbc460a8bc4f7a9e0fae65d,827790540ac7604f,ETHUSDT,1h,SHORT_ONLY,HISTORICAL_CHALLENGE/year_2022,2022.0,base,0,0,0,0,0.0,,,,,INSUFFICIENT_SAMPLE,combined,bearish/unavailable,0.0,0.0,historical
donchian_atr,eth_short_historical_falsification_v1_donchian_atr,20261008T183843Z-788bbf8b61dc,5563a5789bbc460a8bc4f7a9e0fae65d,827790540ac7604f,ETHUSDT,1h,SHORT_ONLY,HISTORICAL_CHALLENGE/year_2022,2022.0,base,0,0,0,0,0.0,,,,,INSUFFICIENT_SAMPLE,combined,bullish/high,0.0,0.0,historical
donchian_atr,eth_short_historical_falsification_v1_donchian_atr,20261008T183843Z-788bbf8b61dc,5563a5789bbc460a8bc4f7a9e0fae65d,827790540ac7604f,ETHUSDT,1h,SHORT_ONLY,HISTORICAL_CHALLENGE/year_2022,2022.0,base,0,0,0,0,0.0,,,,,INSUFFICIENT_SAMPLE,combined,bullish/ordinary,0.0,0.0,historical
donchian_atr,eth_short_historical_falsification_v1_donchian_atr,20261008T183843Z-788bbf8b61dc,5563a5789bbc460a8bc4f7a9e0fae65d,827790540ac7604f,ETHUSDT,1h,SHORT_ONLY,HISTORICAL_CHALLENGE/year_2022,2022.0,base,0,0,0,0,0.0,,,,,INSUFFICIENT_SAMPLE,combined,bullish/unavailable,0.0,0.0,historical
donchian_atr,eth_short_historical_falsification_v1_donchian_atr,20261008T183843Z-788bbf8b61dc,5563a5789bbc460a8bc4f7a9e0fae65d,827790540ac7604f,ETHUSDT,1h,SHORT_ONLY,HISTORICAL_CHALLENGE/year_2022,2022.0,base,0,0,0,0,0.0,,,,,INSUFFICIENT_SAMPLE,combined,mixed/high,0.0,0.0,historical
donchian_atr,eth_short_historical_falsification_v1_donchian_atr,20261008T183843Z-788bbf8b61dc,5563a5789bbc460a8bc4f7a9e0fae65d,827790540ac7604f,ETHUSDT,1h,SHORT_ONLY,HISTORICAL_CHALLENGE/year_2022,2022.0,base,0,0,0,0,0.0,,,,,INSUFFICIENT_SAMPLE,combined,mixed/ordinary,0.0,0.0,historical
donchian_atr,eth_short_historical_falsification_v1_donchian_atr,20261008T183843Z-788bbf8b61dc,5563a5789bbc460a8bc4f7a9e0fae65d,827790540ac7604f,ETHUSDT,1h,SHORT_ONLY,HISTORICAL_CHALLENGE/year_2022,2022.0,base,0,0,0,0,0.0,,,,,INSUFFICIENT_SAMPLE,combined,mixed/unavailable,0.0,0.0,historical
donchian_atr,eth_short_historical_falsification_v1_donchian_atr,20261008T183843Z-788bbf8b61dc,5563a5789bbc460a8bc4f7a9e0fae65d,827790540ac7604f,ETHUSDT,1h,SHORT_ONLY,HISTORICAL_CHALLENGE/year_2022,2022.0,base,0,0,0,0,0.0,,,,,INSUFFICIENT_SAMPLE,combined,unavailable/high,0.0,0.0,historical
donchian_atr,eth_short_historical_falsification_v1_donchian_atr,20261008T183843Z-788bbf8b61dc,5563a5789bbc460a8bc4f7a9e0fae65d,827790540ac7604f,ETHUSDT,1h,SHORT_ONLY,HISTORICAL_CHALLENGE/year_2022,2022.0,base,0,0,0,0,0.0,,,,,INSUFFICIENT_SAMPLE,combined,unavailable/ordinary,0.0,0.0,historical
donchian_atr,eth_short_historical_falsification_v1_donchian_atr,20261008T183843Z-788bbf8b61dc,5563a5789bbc460a8bc4f7a9e0fae65d,827790540ac7604f,ETHUSDT,1h,SHORT_ONLY,HISTORICAL_CHALLENGE/year_2022,2022.0,base,0,0,0,0,0.0,,,,,INSUFFICIENT_SAMPLE,combined,unavailable/unavailable,0.0,0.0,historical
donchian_atr,eth_short_historical_falsification_v1_donchian_atr,20261008T183843Z-788bbf8b61dc,cc2a40eda1b843f7979ebac7290e90cc,827790540ac7604f,ETHUSDT,1h,SHORT_ONLY,HISTORICAL_CHALLENGE/year_2022,2022.0,adverse,67,29,38,0,1041.0216355432608,15.537636351391953,1.315994040338892,43.28358208955224,-55.178609465728165,DESCRIPTIVE_SAMPLE,trend,bearish,100.0,100.0,historical
donchian_atr,eth_short_historical_falsification_v1_donchian_atr,20261008T183843Z-788bbf8b61dc,cc2a40eda1b843f7979ebac7290e90cc,827790540ac7604f,ETHUSDT,1h,SHORT_ONLY,HISTORICAL_CHALLENGE/year_2022,2022.0,adverse,0,0,0,0,0.0,,,,,INSUFFICIENT_SAMPLE,trend,bullish,0.0,0.0,historical
donchian_atr,eth_short_historical_falsification_v1_donchian_atr,20261008T183843Z-788bbf8b61dc,cc2a40eda1b843f7979ebac7290e90cc,827790540ac7604f,ETHUSDT,1h,SHORT_ONLY,HISTORICAL_CHALLENGE/year_2022,2022.0,adverse,0,0,0,0,0.0,,,,,INSUFFICIENT_SAMPLE,trend,mixed,0.0,0.0,historical
donchian_atr,eth_short_historical_falsification_v1_donchian_atr,20261008T183843Z-788bbf8b61dc,cc2a40eda1b843f7979ebac7290e90cc,827790540ac7604f,ETHUSDT,1h,SHORT_ONLY,HISTORICAL_CHALLENGE/year_2022,2022.0,adverse,0,0,0,0,0.0,,,,,INSUFFICIENT_SAMPLE,trend,unavailable,0.0,0.0,historical
donchian_atr,eth_short_historical_falsification_v1_donchian_atr,20261008T183843Z-788bbf8b61dc,cc2a40eda1b843f7979ebac7290e90cc,827790540ac7604f,ETHUSDT,1h,SHORT_ONLY,HISTORICAL_CHALLENGE/year_2022,2022.0,adverse,67,29,38,0,1041.0216355432608,15.537636351391953,1.315994040338892,43.28358208955224,-55.178609465728165,DESCRIPTIVE_SAMPLE,volatility,high,100.0,100.0,historical
donchian_atr,eth_short_historical_falsification_v1_donchian_atr,20261008T183843Z-788bbf8b61dc,cc2a40eda1b843f7979ebac7290e90cc,827790540ac7604f,ETHUSDT,1h,SHORT_ONLY,HISTORICAL_CHALLENGE/year_2022,2022.0,adverse,0,0,0,0,0.0,,,,,INSUFFICIENT_SAMPLE,volatility,ordinary,0.0,0.0,historical
donchian_atr,eth_short_historical_falsification_v1_donchian_atr,20261008T183843Z-788bbf8b61dc,cc2a40eda1b843f7979ebac7290e90cc,827790540ac7604f,ETHUSDT,1h,SHORT_ONLY,HISTORICAL_CHALLENGE/year_2022,2022.0,adverse,0,0,0,0,0.0,,,,,INSUFFICIENT_SAMPLE,volatility,unavailable,0.0,0.0,historical
donchian_atr,eth_short_historical_falsification_v1_donchian_atr,20261008T183843Z-788bbf8b61dc,cc2a40eda1b843f7979ebac7290e90cc,827790540ac7604f,ETHUSDT,1h,SHORT_ONLY,HISTORICAL_CHALLENGE/year_2022,2022.0,adverse,67,29,38,0,1041.0216355432608,15.537636351391953,1.315994040338892,43.28358208955224,-55.178609465728165,DESCRIPTIVE_SAMPLE,combined,bearish/high,100.0,100.0,historical
donchian_atr,eth_short_historical_falsification_v1_donchian_atr,20261008T183843Z-788bbf8b61dc,cc2a40eda1b843f7979ebac7290e90cc,827790540ac7604f,ETHUSDT,1h,SHORT_ONLY,HISTORICAL_CHALLENGE/year_2022,2022.0,adverse,0,0,0,0,0.0,,,,,INSUFFICIENT_SAMPLE,combined,bearish/ordinary,0.0,0.0,historical
donchian_atr,eth_short_historical_falsification_v1_donchian_atr,20261008T183843Z-788bbf8b61dc,cc2a40eda1b843f7979ebac7290e90cc,827790540ac7604f,ETHUSDT,1h,SHORT_ONLY,HISTORICAL_CHALLENGE/year_2022,2022.0,adverse,0,0,0,0,0.0,,,,,INSUFFICIENT_SAMPLE,combined,bearish/unavailable,0.0,0.0,historical
donchian_atr,eth_short_historical_falsification_v1_donchian_atr,20261008T183843Z-788bbf8b61dc,cc2a40eda1b843f7979ebac7290e90cc,827790540ac7604f,ETHUSDT,1h,SHORT_ONLY,HISTORICAL_CHALLENGE/year_2022,2022.0,adverse,0,0,0,0,0.0,,,,,INSUFFICIENT_SAMPLE,combined,bullish/high,0.0,0.0,historical
donchian_atr,eth_short_historical_falsification_v1_donchian_atr,20261008T183843Z-788bbf8b61dc,cc2a40eda1b843f7979ebac7290e90cc,827790540ac7604f,ETHUSDT,1h,SHORT_ONLY,HISTORICAL_CHALLENGE/year_2022,2022.0,adverse,0,0,0,0,0.0,,,,,INSUFFICIENT_SAMPLE,combined,bullish/ordinary,0.0,0.0,historical
donchian_atr,eth_short_historical_falsification_v1_donchian_atr,20261008T183843Z-788bbf8b61dc,cc2a40eda1b843f7979ebac7290e90cc,827790540ac7604f,ETHUSDT,1h,SHORT_ONLY,HISTORICAL_CHALLENGE/year_2022,2022.0,adverse,0,0,0,0,0.0,,,,,INSUFFICIENT_SAMPLE,combined,bullish/unavailable,0.0,0.0,historical
donchian_atr,eth_short_historical_falsification_v1_donchian_atr,20261008T183843Z-788bbf8b61dc,cc2a40eda1b843f7979ebac7290e90cc,827790540ac7604f,ETHUSDT,1h,SHORT_ONLY,HISTORICAL_CHALLENGE/year_2022,2022.0,adverse,0,0,0,0,0.0,,,,,INSUFFICIENT_SAMPLE,combined,mixed/high,0.0,0.0,historical
donchian_atr,eth_short_historical_falsification_v1_donchian_atr,20261008T183843Z-788bbf8b61dc,cc2a40eda1b843f7979ebac7290e90cc,827790540ac7604f,ETHUSDT,1h,SHORT_ONLY,HISTORICAL_CHALLENGE/year_2022,2022.0,adverse,0,0,0,0,0.0,,,,,INSUFFICIENT_SAMPLE,combined,mixed/ordinary,0.0,0.0,historical
donchian_atr,eth_short_historical_falsification_v1_donchian_atr,20261008T183843Z-788bbf8b61dc,cc2a40eda1b843f7979ebac7290e90cc,827790540ac7604f,ETHUSDT,1h,SHORT_ONLY,HISTORICAL_CHALLENGE/year_2022,2022.0,adverse,0,0,0,0,0.0,,,,,INSUFFICIENT_SAMPLE,combined,mixed/unavailable,0.0,0.0,historical
donchian_atr,eth_short_historical_falsification_v1_donchian_atr,20261008T183843Z-788bbf8b61dc,cc2a40eda1b843f7979ebac7290e90cc,827790540ac7604f,ETHUSDT,1h,SHORT_ONLY,HISTORICAL_CHALLENGE/year_2022,2022.0,adverse,0,0,0,0,0.0,,,,,INSUFFICIENT_SAMPLE,combined,unavailable/high,0.0,0.0,historical
donchian_atr,eth_short_historical_falsification_v1_donchian_atr,20261008T183843Z-788bbf8b61dc,cc2a40eda1b843f7979ebac7290e90cc,827790540ac7604f,ETHUSDT,1h,SHORT_ONLY,HISTORICAL_CHALLENGE/year_2022,2022.0,adverse,0,0,0,0,0.0,,,,,INSUFFICIENT_SAMPLE,combined,unavailable/ordinary,0.0,0.0,historical
donchian_atr,eth_short_historical_falsification_v1_donchian_atr,20261008T183843Z-788bbf8b61dc,cc2a40eda1b843f7979ebac7290e90cc,827790540ac7604f,ETHUSDT,1h,SHORT_ONLY,HISTORICAL_CHALLENGE/year_2022,2022.0,adverse,0,0,0,0,0.0,,,,,INSUFFICIENT_SAMPLE,combined,unavailable/unavailable,0.0,0.0,historical
donchian_atr,eth_short_historical_falsification_v1_donchian_atr,20261008T183843Z-788bbf8b61dc,7066f8176f9f4b638706be6913b9c541,6719be4e317770b6,ETHUSDT,1h,SHORT_ONLY,HISTORICAL_CHALLENGE/year_2020,2020.0,base,34,10,24,0,-283.72326666093863,-8.344801960615841,0.8466065549902414,29.41176470588235,-65.72609043670901,DESCRIPTIVE_SAMPLE,trend,bearish,100.0,,historical
donchian_atr,eth_short_historical_falsification_v1_donchian_atr,20261008T183843Z-788bbf8b61dc,7066f8176f9f4b638706be6913b9c541,6719be4e317770b6,ETHUSDT,1h,SHORT_ONLY,HISTORICAL_CHALLENGE/year_2020,2020.0,base,0,0,0,0,0.0,,,,,INSUFFICIENT_SAMPLE,trend,bullish,0.0,,historical
donchian_atr,eth_short_historical_falsification_v1_donchian_atr,20261008T183843Z-788bbf8b61dc,7066f8176f9f4b638706be6913b9c541,6719be4e317770b6,ETHUSDT,1h,SHORT_ONLY,HISTORICAL_CHALLENGE/year_2020,2020.0,base,0,0,0,0,0.0,,,,,INSUFFICIENT_SAMPLE,trend,mixed,0.0,,historical
donchian_atr,eth_short_historical_falsification_v1_donchian_atr,20261008T183843Z-788bbf8b61dc,7066f8176f9f4b638706be6913b9c541,6719be4e317770b6,ETHUSDT,1h,SHORT_ONLY,HISTORICAL_CHALLENGE/year_2020,2020.0,base,0,0,0,0,0.0,,,,,INSUFFICIENT_SAMPLE,trend,unavailable,0.0,,historical
donchian_atr,eth_short_historical_falsification_v1_donchian_atr,20261008T183843Z-788bbf8b61dc,7066f8176f9f4b638706be6913b9c541,6719be4e317770b6,ETHUSDT,1h,SHORT_ONLY,HISTORICAL_CHALLENGE/year_2020,2020.0,base,34,10,24,0,-283.72326666093863,-8.344801960615841,0.8466065549902414,29.41176470588235,-65.72609043670901,DESCRIPTIVE_SAMPLE,volatility,high,100.0,,historical
donchian_atr,eth_short_historical_falsification_v1_donchian_atr,20261008T183843Z-788bbf8b61dc,7066f8176f9f4b638706be6913b9c541,6719be4e317770b6,ETHUSDT,1h,SHORT_ONLY,HISTORICAL_CHALLENGE/year_2020,2020.0,base,0,0,0,0,0.0,,,,,INSUFFICIENT_SAMPLE,volatility,ordinary,0.0,,historical
donchian_atr,eth_short_historical_falsification_v1_donchian_atr,20261008T183843Z-788bbf8b61dc,7066f8176f9f4b638706be6913b9c541,6719be4e317770b6,ETHUSDT,1h,SHORT_ONLY,HISTORICAL_CHALLENGE/year_2020,2020.0,base,0,0,0,0,0.0,,,,,INSUFFICIENT_SAMPLE,volatility,unavailable,0.0,,historical
donchian_atr,eth_short_historical_falsification_v1_donchian_atr,20261008T183843Z-788bbf8b61dc,7066f8176f9f4b638706be6913b9c541,6719be4e317770b6,ETHUSDT,1h,SHORT_ONLY,HISTORICAL_CHALLENGE/year_2020,2020.0,base,34,10,24,0,-283.72326666093863,-8.344801960615841,0.8466065549902414,29.41176470588235,-65.72609043670901,DESCRIPTIVE_SAMPLE,combined,bearish/high,100.0,,historical
donchian_atr,eth_short_historical_falsification_v1_donchian_atr,20261008T183843Z-788bbf8b61dc,7066f8176f9f4b638706be6913b9c541,6719be4e317770b6,ETHUSDT,1h,SHORT_ONLY,HISTORICAL_CHALLENGE/year_2020,2020.0,base,0,0,0,0,0.0,,,,,INSUFFICIENT_SAMPLE,combined,bearish/ordinary,0.0,,historical
donchian_atr,eth_short_historical_falsification_v1_donchian_atr,20261008T183843Z-788bbf8b61dc,7066f8176f9f4b638706be6913b9c541,6719be4e317770b6,ETHUSDT,1h,SHORT_ONLY,HISTORICAL_CHALLENGE/year_2020,2020.0,base,0,0,0,0,0.0,,,,,INSUFFICIENT_SAMPLE,combined,bearish/unavailable,0.0,,historical
donchian_atr,eth_short_historical_falsification_v1_donchian_atr,20261008T183843Z-788bbf8b61dc,7066f8176f9f4b638706be6913b9c541,6719be4e317770b6,ETHUSDT,1h,SHORT_ONLY,HISTORICAL_CHALLENGE/year_2020,2020.0,base,0,0,0,0,0.0,,,,,INSUFFICIENT_SAMPLE,combined,bullish/high,0.0,,historical
donchian_atr,eth_short_historical_falsification_v1_donchian_atr,20261008T183843Z-788bbf8b61dc,7066f8176f9f4b638706be6913b9c541,6719be4e317770b6,ETHUSDT,1h,SHORT_ONLY,HISTORICAL_CHALLENGE/year_2020,2020.0,base,0,0,0,0,0.0,,,,,INSUFFICIENT_SAMPLE,combined,bullish/ordinary,0.0,,historical
donchian_atr,eth_short_historical_falsification_v1_donchian_atr,20261008T183843Z-788bbf8b61dc,7066f8176f9f4b638706be6913b9c541,6719be4e317770b6,ETHUSDT,1h,SHORT_ONLY,HISTORICAL_CHALLENGE/year_2020,2020.0,base,0,0,0,0,0.0,,,,,INSUFFICIENT_SAMPLE,combined,bullish/unavailable,0.0,,historical
donchian_atr,eth_short_historical_falsification_v1_donchian_atr,20261008T183843Z-788bbf8b61dc,7066f8176f9f4b638706be6913b9c541,6719be4e317770b6,ETHUSDT,1h,SHORT_ONLY,HISTORICAL_CHALLENGE/year_2020,2020.0,base,0,0,0,0,0.0,,,,,INSUFFICIENT_SAMPLE,combined,mixed/high,0.0,,historical
donchian_atr,eth_short_historical_falsification_v1_donchian_atr,20261008T183843Z-788bbf8b61dc,7066f8176f9f4b638706be6913b9c541,6719be4e317770b6,ETHUSDT,1h,SHORT_ONLY,HISTORICAL_CHALLENGE/year_2020,2020.0,base,0,0,0,0,0.0,,,,,INSUFFICIENT_SAMPLE,combined,mixed/ordinary,0.0,,historical
donchian_atr,eth_short_historical_falsification_v1_donchian_atr,20261008T183843Z-788bbf8b61dc,7066f8176f9f4b638706be6913b9c541,6719be4e317770b6,ETHUSDT,1h,SHORT_ONLY,HISTORICAL_CHALLENGE/year_2020,2020.0,base,0,0,0,0,0.0,,,,,INSUFFICIENT_SAMPLE,combined,mixed/unavailable,0.0,,historical
donchian_atr,eth_short_historical_falsification_v1_donchian_atr,20261008T183843Z-788bbf8b61dc,7066f8176f9f4b638706be6913b9c541,6719be4e317770b6,ETHUSDT,1h,SHORT_ONLY,HISTORICAL_CHALLENGE/year_2020,2020.0,base,0,0,0,0,0.0,,,,,INSUFFICIENT_SAMPLE,combined,unavailable/high,0.0,,historical
donchian_atr,eth_short_historical_falsification_v1_donchian_atr,20261008T183843Z-788bbf8b61dc,7066f8176f9f4b638706be6913b9c541,6719be4e317770b6,ETHUSDT,1h,SHORT_ONLY,HISTORICAL_CHALLENGE/year_2020,2020.0,base,0,0,0,0,0.0,,,,,INSUFFICIENT_SAMPLE,combined,unavailable/ordinary,0.0,,historical
donchian_atr,eth_short_historical_falsification_v1_donchian_atr,20261008T183843Z-788bbf8b61dc,7066f8176f9f4b638706be6913b9c541,6719be4e317770b6,ETHUSDT,1h,SHORT_ONLY,HISTORICAL_CHALLENGE/year_2020,2020.0,base,0,0,0,0,0.0,,,,,INSUFFICIENT_SAMPLE,combined,unavailable/unavailable,0.0,,historical
donchian_atr,eth_short_historical_falsification_v1_donchian_atr,20261008T183843Z-788bbf8b61dc,06cecb1fff224f57aafe73198a6670ac,6719be4e317770b6,ETHUSDT,1h,SHORT_ONLY,HISTORICAL_CHALLENGE/year_2020,2020.0,adverse,34,10,24,0,-383.5271492588896,-11.280210272320282,0.7979495839131644,29.41176470588235,-68.68768642855935,DESCRIPTIVE_SAMPLE,trend,bearish,100.0,,historical
donchian_atr,eth_short_historical_falsification_v1_donchian_atr,20261008T183843Z-788bbf8b61dc,06cecb1fff224f57aafe73198a6670ac,6719be4e317770b6,ETHUSDT,1h,SHORT_ONLY,HISTORICAL_CHALLENGE/year_2020,2020.0,adverse,0,0,0,0,0.0,,,,,INSUFFICIENT_SAMPLE,trend,bullish,0.0,,historical
donchian_atr,eth_short_historical_falsification_v1_donchian_atr,20261008T183843Z-788bbf8b61dc,06cecb1fff224f57aafe73198a6670ac,6719be4e317770b6,ETHUSDT,1h,SHORT_ONLY,HISTORICAL_CHALLENGE/year_2020,2020.0,adverse,0,0,0,0,0.0,,,,,INSUFFICIENT_SAMPLE,trend,mixed,0.0,,historical
donchian_atr,eth_short_historical_falsification_v1_donchian_atr,20261008T183843Z-788bbf8b61dc,06cecb1fff224f57aafe73198a6670ac,6719be4e317770b6,ETHUSDT,1h,SHORT_ONLY,HISTORICAL_CHALLENGE/year_2020,2020.0,adverse,0,0,0,0,0.0,,,,,INSUFFICIENT_SAMPLE,trend,unavailable,0.0,,historical
donchian_atr,eth_short_historical_falsification_v1_donchian_atr,20261008T183843Z-788bbf8b61dc,06cecb1fff224f57aafe73198a6670ac,6719be4e317770b6,ETHUSDT,1h,SHORT_ONLY,HISTORICAL_CHALLENGE/year_2020,2020.0,adverse,34,10,24,0,-383.5271492588896,-11.280210272320282,0.7979495839131644,29.41176470588235,-68.68768642855935,DESCRIPTIVE_SAMPLE,volatility,high,100.0,,historical
donchian_atr,eth_short_historical_falsification_v1_donchian_atr,20261008T183843Z-788bbf8b61dc,06cecb1fff224f57aafe73198a6670ac,6719be4e317770b6,ETHUSDT,1h,SHORT_ONLY,HISTORICAL_CHALLENGE/year_2020,2020.0,adverse,0,0,0,0,0.0,,,,,INSUFFICIENT_SAMPLE,volatility,ordinary,0.0,,historical
donchian_atr,eth_short_historical_falsification_v1_donchian_atr,20261008T183843Z-788bbf8b61dc,06cecb1fff224f57aafe73198a6670ac,6719be4e317770b6,ETHUSDT,1h,SHORT_ONLY,HISTORICAL_CHALLENGE/year_2020,2020.0,adverse,0,0,0,0,0.0,,,,,INSUFFICIENT_SAMPLE,volatility,unavailable,0.0,,historical
donchian_atr,eth_short_historical_falsification_v1_donchian_atr,20261008T183843Z-788bbf8b61dc,06cecb1fff224f57aafe73198a6670ac,6719be4e317770b6,ETHUSDT,1h,SHORT_ONLY,HISTORICAL_CHALLENGE/year_2020,2020.0,adverse,34,10,24,0,-383.5271492588896,-11.280210272320282,0.7979495839131644,29.41176470588235,-68.68768642855935,DESCRIPTIVE_SAMPLE,combined,bearish/high,100.0,,historical
donchian_atr,eth_short_historical_falsification_v1_donchian_atr,20261008T183843Z-788bbf8b61dc,06cecb1fff224f57aafe73198a6670ac,6719be4e317770b6,ETHUSDT,1h,SHORT_ONLY,HISTORICAL_CHALLENGE/year_2020,2020.0,adverse,0,0,0,0,0.0,,,,,INSUFFICIENT_SAMPLE,combined,bearish/ordinary,0.0,,historical
donchian_atr,eth_short_historical_falsification_v1_donchian_atr,20261008T183843Z-788bbf8b61dc,06cecb1fff224f57aafe73198a6670ac,6719be4e317770b6,ETHUSDT,1h,SHORT_ONLY,HISTORICAL_CHALLENGE/year_2020,2020.0,adverse,0,0,0,0,0.0,,,,,INSUFFICIENT_SAMPLE,combined,bearish/unavailable,0.0,,historical
donchian_atr,eth_short_historical_falsification_v1_donchian_atr,20261008T183843Z-788bbf8b61dc,06cecb1fff224f57aafe73198a6670ac,6719be4e317770b6,ETHUSDT,1h,SHORT_ONLY,HISTORICAL_CHALLENGE/year_2020,2020.0,adverse,0,0,0,0,0.0,,,,,INSUFFICIENT_SAMPLE,combined,bullish/high,0.0,,historical
donchian_atr,eth_short_historical_falsification_v1_donchian_atr,20261008T183843Z-788bbf8b61dc,06cecb1fff224f57aafe73198a6670ac,6719be4e317770b6,ETHUSDT,1h,SHORT_ONLY,HISTORICAL_CHALLENGE/year_2020,2020.0,adverse,0,0,0,0,0.0,,,,,INSUFFICIENT_SAMPLE,combined,bullish/ordinary,0.0,,historical
donchian_atr,eth_short_historical_falsification_v1_donchian_atr,20261008T183843Z-788bbf8b61dc,06cecb1fff224f57aafe73198a6670ac,6719be4e317770b6,ETHUSDT,1h,SHORT_ONLY,HISTORICAL_CHALLENGE/year_2020,2020.0,adverse,0,0,0,0,0.0,,,,,INSUFFICIENT_SAMPLE,combined,bullish/unavailable,0.0,,historical
donchian_atr,eth_short_historical_falsification_v1_donchian_atr,20261008T183843Z-788bbf8b61dc,06cecb1fff224f57aafe73198a6670ac,6719be4e317770b6,ETHUSDT,1h,SHORT_ONLY,HISTORICAL_CHALLENGE/year_2020,2020.0,adverse,0,0,0,0,0.0,,,,,INSUFFICIENT_SAMPLE,combined,mixed/high,0.0,,historical
donchian_atr,eth_short_historical_falsification_v1_donchian_atr,20261008T183843Z-788bbf8b61dc,06cecb1fff224f57aafe73198a6670ac,6719be4e317770b6,ETHUSDT,1h,SHORT_ONLY,HISTORICAL_CHALLENGE/year_2020,2020.0,adverse,0,0,0,0,0.0,,,,,INSUFFICIENT_SAMPLE,combined,mixed/ordinary,0.0,,historical
donchian_atr,eth_short_historical_falsification_v1_donchian_atr,20261008T183843Z-788bbf8b61dc,06cecb1fff224f57aafe73198a6670ac,6719be4e317770b6,ETHUSDT,1h,SHORT_ONLY,HISTORICAL_CHALLENGE/year_2020,2020.0,adverse,0,0,0,0,0.0,,,,,INSUFFICIENT_SAMPLE,combined,mixed/unavailable,0.0,,historical
donchian_atr,eth_short_historical_falsification_v1_donchian_atr,20261008T183843Z-788bbf8b61dc,06cecb1fff224f57aafe73198a6670ac,6719be4e317770b6,ETHUSDT,1h,SHORT_ONLY,HISTORICAL_CHALLENGE/year_2020,2020.0,adverse,0,0,0,0,0.0,,,,,INSUFFICIENT_SAMPLE,combined,unavailable/high,0.0,,historical
donchian_atr,eth_short_historical_falsification_v1_donchian_atr,20261008T183843Z-788bbf8b61dc,06cecb1fff224f57aafe73198a6670ac,6719be4e317770b6,ETHUSDT,1h,SHORT_ONLY,HISTORICAL_CHALLENGE/year_2020,2020.0,adverse,0,0,0,0,0.0,,,,,INSUFFICIENT_SAMPLE,combined,unavailable/ordinary,0.0,,historical
donchian_atr,eth_short_historical_falsification_v1_donchian_atr,20261008T183843Z-788bbf8b61dc,06cecb1fff224f57aafe73198a6670ac,6719be4e317770b6,ETHUSDT,1h,SHORT_ONLY,HISTORICAL_CHALLENGE/year_2020,2020.0,adverse,0,0,0,0,0.0,,,,,INSUFFICIENT_SAMPLE,combined,unavailable/unavailable,0.0,,historical
donchian_atr,eth_short_historical_falsification_v1_donchian_atr,20261008T183843Z-788bbf8b61dc,d687beda999142ecade9c5552874d30a,6719be4e317770b6,ETHUSDT,1h,SHORT_ONLY,HISTORICAL_CHALLENGE/year_2021,2021.0,base,25,11,14,0,552.3313985126792,22.09325594050717,1.412356136824218,44.0,-74.43722015719715,DESCRIPTIVE_SAMPLE,trend,bearish,100.0,100.0,historical
donchian_atr,eth_short_historical_falsification_v1_donchian_atr,20261008T183843Z-788bbf8b61dc,d687beda999142ecade9c5552874d30a,6719be4e317770b6,ETHUSDT,1h,SHORT_ONLY,HISTORICAL_CHALLENGE/year_2021,2021.0,base,0,0,0,0,0.0,,,,,INSUFFICIENT_SAMPLE,trend,bullish,0.0,0.0,historical
donchian_atr,eth_short_historical_falsification_v1_donchian_atr,20261008T183843Z-788bbf8b61dc,d687beda999142ecade9c5552874d30a,6719be4e317770b6,ETHUSDT,1h,SHORT_ONLY,HISTORICAL_CHALLENGE/year_2021,2021.0,base,0,0,0,0,0.0,,,,,INSUFFICIENT_SAMPLE,trend,mixed,0.0,0.0,historical
donchian_atr,eth_short_historical_falsification_v1_donchian_atr,20261008T183843Z-788bbf8b61dc,d687beda999142ecade9c5552874d30a,6719be4e317770b6,ETHUSDT,1h,SHORT_ONLY,HISTORICAL_CHALLENGE/year_2021,2021.0,base,0,0,0,0,0.0,,,,,INSUFFICIENT_SAMPLE,trend,unavailable,0.0,0.0,historical
donchian_atr,eth_short_historical_falsification_v1_donchian_atr,20261008T183843Z-788bbf8b61dc,d687beda999142ecade9c5552874d30a,6719be4e317770b6,ETHUSDT,1h,SHORT_ONLY,HISTORICAL_CHALLENGE/year_2021,2021.0,base,25,11,14,0,552.3313985126792,22.09325594050717,1.412356136824218,44.0,-74.43722015719715,DESCRIPTIVE_SAMPLE,volatility,high,100.0,100.0,historical
donchian_atr,eth_short_historical_falsification_v1_donchian_atr,20261008T183843Z-788bbf8b61dc,d687beda999142ecade9c5552874d30a,6719be4e317770b6,ETHUSDT,1h,SHORT_ONLY,HISTORICAL_CHALLENGE/year_2021,2021.0,base,0,0,0,0,0.0,,,,,INSUFFICIENT_SAMPLE,volatility,ordinary,0.0,0.0,historical
donchian_atr,eth_short_historical_falsification_v1_donchian_atr,20261008T183843Z-788bbf8b61dc,d687beda999142ecade9c5552874d30a,6719be4e317770b6,ETHUSDT,1h,SHORT_ONLY,HISTORICAL_CHALLENGE/year_2021,2021.0,base,0,0,0,0,0.0,,,,,INSUFFICIENT_SAMPLE,volatility,unavailable,0.0,0.0,historical
donchian_atr,eth_short_historical_falsification_v1_donchian_atr,20261008T183843Z-788bbf8b61dc,d687beda999142ecade9c5552874d30a,6719be4e317770b6,ETHUSDT,1h,SHORT_ONLY,HISTORICAL_CHALLENGE/year_2021,2021.0,base,25,11,14,0,552.3313985126792,22.09325594050717,1.412356136824218,44.0,-74.43722015719715,DESCRIPTIVE_SAMPLE,combined,bearish/high,100.0,100.0,historical
donchian_atr,eth_short_historical_falsification_v1_donchian_atr,20261008T183843Z-788bbf8b61dc,d687beda999142ecade9c5552874d30a,6719be4e317770b6,ETHUSDT,1h,SHORT_ONLY,HISTORICAL_CHALLENGE/year_2021,2021.0,base,0,0,0,0,0.0,,,,,INSUFFICIENT_SAMPLE,combined,bearish/ordinary,0.0,0.0,historical
donchian_atr,eth_short_historical_falsification_v1_donchian_atr,20261008T183843Z-788bbf8b61dc,d687beda999142ecade9c5552874d30a,6719be4e317770b6,ETHUSDT,1h,SHORT_ONLY,HISTORICAL_CHALLENGE/year_2021,2021.0,base,0,0,0,0,0.0,,,,,INSUFFICIENT_SAMPLE,combined,bearish/unavailable,0.0,0.0,historical
donchian_atr,eth_short_historical_falsification_v1_donchian_atr,20261008T183843Z-788bbf8b61dc,d687beda999142ecade9c5552874d30a,6719be4e317770b6,ETHUSDT,1h,SHORT_ONLY,HISTORICAL_CHALLENGE/year_2021,2021.0,base,0,0,0,0,0.0,,,,,INSUFFICIENT_SAMPLE,combined,bullish/high,0.0,0.0,historical
donchian_atr,eth_short_historical_falsification_v1_donchian_atr,20261008T183843Z-788bbf8b61dc,d687beda999142ecade9c5552874d30a,6719be4e317770b6,ETHUSDT,1h,SHORT_ONLY,HISTORICAL_CHALLENGE/year_2021,2021.0,base,0,0,0,0,0.0,,,,,INSUFFICIENT_SAMPLE,combined,bullish/ordinary,0.0,0.0,historical
donchian_atr,eth_short_historical_falsification_v1_donchian_atr,20261008T183843Z-788bbf8b61dc,d687beda999142ecade9c5552874d30a,6719be4e317770b6,ETHUSDT,1h,SHORT_ONLY,HISTORICAL_CHALLENGE/year_2021,2021.0,base,0,0,0,0,0.0,,,,,INSUFFICIENT_SAMPLE,combined,bullish/unavailable,0.0,0.0,historical
donchian_atr,eth_short_historical_falsification_v1_donchian_atr,20261008T183843Z-788bbf8b61dc,d687beda999142ecade9c5552874d30a,6719be4e317770b6,ETHUSDT,1h,SHORT_ONLY,HISTORICAL_CHALLENGE/year_2021,2021.0,base,0,0,0,0,0.0,,,,,INSUFFICIENT_SAMPLE,combined,mixed/high,0.0,0.0,historical
donchian_atr,eth_short_historical_falsification_v1_donchian_atr,20261008T183843Z-788bbf8b61dc,d687beda999142ecade9c5552874d30a,6719be4e317770b6,ETHUSDT,1h,SHORT_ONLY,HISTORICAL_CHALLENGE/year_2021,2021.0,base,0,0,0,0,0.0,,,,,INSUFFICIENT_SAMPLE,combined,mixed/ordinary,0.0,0.0,historical
donchian_atr,eth_short_historical_falsification_v1_donchian_atr,20261008T183843Z-788bbf8b61dc,d687beda999142ecade9c5552874d30a,6719be4e317770b6,ETHUSDT,1h,SHORT_ONLY,HISTORICAL_CHALLENGE/year_2021,2021.0,base,0,0,0,0,0.0,,,,,INSUFFICIENT_SAMPLE,combined,mixed/unavailable,0.0,0.0,historical
donchian_atr,eth_short_historical_falsification_v1_donchian_atr,20261008T183843Z-788bbf8b61dc,d687beda999142ecade9c5552874d30a,6719be4e317770b6,ETHUSDT,1h,SHORT_ONLY,HISTORICAL_CHALLENGE/year_2021,2021.0,base,0,0,0,0,0.0,,,,,INSUFFICIENT_SAMPLE,combined,unavailable/high,0.0,0.0,historical
donchian_atr,eth_short_historical_falsification_v1_donchian_atr,20261008T183843Z-788bbf8b61dc,d687beda999142ecade9c5552874d30a,6719be4e317770b6,ETHUSDT,1h,SHORT_ONLY,HISTORICAL_CHALLENGE/year_2021,2021.0,base,0,0,0,0,0.0,,,,,INSUFFICIENT_SAMPLE,combined,unavailable/ordinary,0.0,0.0,historical
donchian_atr,eth_short_historical_falsification_v1_donchian_atr,20261008T183843Z-788bbf8b61dc,d687beda999142ecade9c5552874d30a,6719be4e317770b6,ETHUSDT,1h,SHORT_ONLY,HISTORICAL_CHALLENGE/year_2021,2021.0,base,0,0,0,0,0.0,,,,,INSUFFICIENT_SAMPLE,combined,unavailable/unavailable,0.0,0.0,historical
donchian_atr,eth_short_historical_falsification_v1_donchian_atr,20261008T183843Z-788bbf8b61dc,c059caf3840f4efd960a96c7b3669bbc,6719be4e317770b6,ETHUSDT,1h,SHORT_ONLY,HISTORICAL_CHALLENGE/year_2021,2021.0,adverse,25,10,15,0,180.56382212675825,7.222552885070329,1.1249841536899148,40.0,-84.8656698749943,DESCRIPTIVE_SAMPLE,trend,bearish,100.0,100.0,historical
donchian_atr,eth_short_historical_falsification_v1_donchian_atr,20261008T183843Z-788bbf8b61dc,c059caf3840f4efd960a96c7b3669bbc,6719be4e317770b6,ETHUSDT,1h,SHORT_ONLY,HISTORICAL_CHALLENGE/year_2021,2021.0,adverse,0,0,0,0,0.0,,,,,INSUFFICIENT_SAMPLE,trend,bullish,0.0,0.0,historical
donchian_atr,eth_short_historical_falsification_v1_donchian_atr,20261008T183843Z-788bbf8b61dc,c059caf3840f4efd960a96c7b3669bbc,6719be4e317770b6,ETHUSDT,1h,SHORT_ONLY,HISTORICAL_CHALLENGE/year_2021,2021.0,adverse,0,0,0,0,0.0,,,,,INSUFFICIENT_SAMPLE,trend,mixed,0.0,0.0,historical
donchian_atr,eth_short_historical_falsification_v1_donchian_atr,20261008T183843Z-788bbf8b61dc,c059caf3840f4efd960a96c7b3669bbc,6719be4e317770b6,ETHUSDT,1h,SHORT_ONLY,HISTORICAL_CHALLENGE/year_2021,2021.0,adverse,0,0,0,0,0.0,,,,,INSUFFICIENT_SAMPLE,trend,unavailable,0.0,0.0,historical
donchian_atr,eth_short_historical_falsification_v1_donchian_atr,20261008T183843Z-788bbf8b61dc,c059caf3840f4efd960a96c7b3669bbc,6719be4e317770b6,ETHUSDT,1h,SHORT_ONLY,HISTORICAL_CHALLENGE/year_2021,2021.0,adverse,25,10,15,0,180.56382212675825,7.222552885070329,1.1249841536899148,40.0,-84.8656698749943,DESCRIPTIVE_SAMPLE,volatility,high,100.0,100.0,historical
donchian_atr,eth_short_historical_falsification_v1_donchian_atr,20261008T183843Z-788bbf8b61dc,c059caf3840f4efd960a96c7b3669bbc,6719be4e317770b6,ETHUSDT,1h,SHORT_ONLY,HISTORICAL_CHALLENGE/year_2021,2021.0,adverse,0,0,0,0,0.0,,,,,INSUFFICIENT_SAMPLE,volatility,ordinary,0.0,0.0,historical
donchian_atr,eth_short_historical_falsification_v1_donchian_atr,20261008T183843Z-788bbf8b61dc,c059caf3840f4efd960a96c7b3669bbc,6719be4e317770b6,ETHUSDT,1h,SHORT_ONLY,HISTORICAL_CHALLENGE/year_2021,2021.0,adverse,0,0,0,0,0.0,,,,,INSUFFICIENT_SAMPLE,volatility,unavailable,0.0,0.0,historical
donchian_atr,eth_short_historical_falsification_v1_donchian_atr,20261008T183843Z-788bbf8b61dc,c059caf3840f4efd960a96c7b3669bbc,6719be4e317770b6,ETHUSDT,1h,SHORT_ONLY,HISTORICAL_CHALLENGE/year_2021,2021.0,adverse,25,10,15,0,180.56382212675825,7.222552885070329,1.1249841536899148,40.0,-84.8656698749943,DESCRIPTIVE_SAMPLE,combined,bearish/high,100.0,100.0,historical
donchian_atr,eth_short_historical_falsification_v1_donchian_atr,20261008T183843Z-788bbf8b61dc,c059caf3840f4efd960a96c7b3669bbc,6719be4e317770b6,ETHUSDT,1h,SHORT_ONLY,HISTORICAL_CHALLENGE/year_2021,2021.0,adverse,0,0,0,0,0.0,,,,,INSUFFICIENT_SAMPLE,combined,bearish/ordinary,0.0,0.0,historical
donchian_atr,eth_short_historical_falsification_v1_donchian_atr,20261008T183843Z-788bbf8b61dc,c059caf3840f4efd960a96c7b3669bbc,6719be4e317770b6,ETHUSDT,1h,SHORT_ONLY,HISTORICAL_CHALLENGE/year_2021,2021.0,adverse,0,0,0,0,0.0,,,,,INSUFFICIENT_SAMPLE,combined,bearish/unavailable,0.0,0.0,historical
donchian_atr,eth_short_historical_falsification_v1_donchian_atr,20261008T183843Z-788bbf8b61dc,c059caf3840f4efd960a96c7b3669bbc,6719be4e317770b6,ETHUSDT,1h,SHORT_ONLY,HISTORICAL_CHALLENGE/year_2021,2021.0,adverse,0,0,0,0,0.0,,,,,INSUFFICIENT_SAMPLE,combined,bullish/high,0.0,0.0,historical
donchian_atr,eth_short_historical_falsification_v1_donchian_atr,20261008T183843Z-788bbf8b61dc,c059caf3840f4efd960a96c7b3669bbc,6719be4e317770b6,ETHUSDT,1h,SHORT_ONLY,HISTORICAL_CHALLENGE/year_2021,2021.0,adverse,0,0,0,0,0.0,,,,,INSUFFICIENT_SAMPLE,combined,bullish/ordinary,0.0,0.0,historical
donchian_atr,eth_short_historical_falsification_v1_donchian_atr,20261008T183843Z-788bbf8b61dc,c059caf3840f4efd960a96c7b3669bbc,6719be4e317770b6,ETHUSDT,1h,SHORT_ONLY,HISTORICAL_CHALLENGE/year_2021,2021.0,adverse,0,0,0,0,0.0,,,,,INSUFFICIENT_SAMPLE,combined,bullish/unavailable,0.0,0.0,historical
donchian_atr,eth_short_historical_falsification_v1_donchian_atr,20261008T183843Z-788bbf8b61dc,c059caf3840f4efd960a96c7b3669bbc,6719be4e317770b6,ETHUSDT,1h,SHORT_ONLY,HISTORICAL_CHALLENGE/year_2021,2021.0,adverse,0,0,0,0,0.0,,,,,INSUFFICIENT_SAMPLE,combined,mixed/high,0.0,0.0,historical
donchian_atr,eth_short_historical_falsification_v1_donchian_atr,20261008T183843Z-788bbf8b61dc,c059caf3840f4efd960a96c7b3669bbc,6719be4e317770b6,ETHUSDT,1h,SHORT_ONLY,HISTORICAL_CHALLENGE/year_2021,2021.0,adverse,0,0,0,0,0.0,,,,,INSUFFICIENT_SAMPLE,combined,mixed/ordinary,0.0,0.0,historical
donchian_atr,eth_short_historical_falsification_v1_donchian_atr,20261008T183843Z-788bbf8b61dc,c059caf3840f4efd960a96c7b3669bbc,6719be4e317770b6,ETHUSDT,1h,SHORT_ONLY,HISTORICAL_CHALLENGE/year_2021,2021.0,adverse,0,0,0,0,0.0,,,,,INSUFFICIENT_SAMPLE,combined,mixed/unavailable,0.0,0.0,historical
donchian_atr,eth_short_historical_falsification_v1_donchian_atr,20261008T183843Z-788bbf8b61dc,c059caf3840f4efd960a96c7b3669bbc,6719be4e317770b6,ETHUSDT,1h,SHORT_ONLY,HISTORICAL_CHALLENGE/year_2021,2021.0,adverse,0,0,0,0,0.0,,,,,INSUFFICIENT_SAMPLE,combined,unavailable/high,0.0,0.0,historical
donchian_atr,eth_short_historical_falsification_v1_donchian_atr,20261008T183843Z-788bbf8b61dc,c059caf3840f4efd960a96c7b3669bbc,6719be4e317770b6,ETHUSDT,1h,SHORT_ONLY,HISTORICAL_CHALLENGE/year_2021,2021.0,adverse,0,0,0,0,0.0,,,,,INSUFFICIENT_SAMPLE,combined,unavailable/ordinary,0.0,0.0,historical
donchian_atr,eth_short_historical_falsification_v1_donchian_atr,20261008T183843Z-788bbf8b61dc,c059caf3840f4efd960a96c7b3669bbc,6719be4e317770b6,ETHUSDT,1h,SHORT_ONLY,HISTORICAL_CHALLENGE/year_2021,2021.0,adverse,0,0,0,0,0.0,,,,,INSUFFICIENT_SAMPLE,combined,unavailable/unavailable,0.0,0.0,historical
donchian_atr,eth_short_historical_falsification_v1_donchian_atr,20261008T183843Z-788bbf8b61dc,3b393bde9e7444238d714bee0e77b54f,6719be4e317770b6,ETHUSDT,1h,SHORT_ONLY,HISTORICAL_CHALLENGE/year_2022,2022.0,base,51,24,27,0,1590.6559032181433,31.18933143564987,1.6744052185574634,47.05882352941177,-42.449103965580726,DESCRIPTIVE_SAMPLE,trend,bearish,100.0,100.0,historical
donchian_atr,eth_short_historical_falsification_v1_donchian_atr,20261008T183843Z-788bbf8b61dc,3b393bde9e7444238d714bee0e77b54f,6719be4e317770b6,ETHUSDT,1h,SHORT_ONLY,HISTORICAL_CHALLENGE/year_2022,2022.0,base,0,0,0,0,0.0,,,,,INSUFFICIENT_SAMPLE,trend,bullish,0.0,0.0,historical
donchian_atr,eth_short_historical_falsification_v1_donchian_atr,20261008T183843Z-788bbf8b61dc,3b393bde9e7444238d714bee0e77b54f,6719be4e317770b6,ETHUSDT,1h,SHORT_ONLY,HISTORICAL_CHALLENGE/year_2022,2022.0,base,0,0,0,0,0.0,,,,,INSUFFICIENT_SAMPLE,trend,mixed,0.0,0.0,historical
donchian_atr,eth_short_historical_falsification_v1_donchian_atr,20261008T183843Z-788bbf8b61dc,3b393bde9e7444238d714bee0e77b54f,6719be4e317770b6,ETHUSDT,1h,SHORT_ONLY,HISTORICAL_CHALLENGE/year_2022,2022.0,base,0,0,0,0,0.0,,,,,INSUFFICIENT_SAMPLE,trend,unavailable,0.0,0.0,historical
donchian_atr,eth_short_historical_falsification_v1_donchian_atr,20261008T183843Z-788bbf8b61dc,3b393bde9e7444238d714bee0e77b54f,6719be4e317770b6,ETHUSDT,1h,SHORT_ONLY,HISTORICAL_CHALLENGE/year_2022,2022.0,base,51,24,27,0,1590.6559032181433,31.18933143564987,1.6744052185574634,47.05882352941177,-42.449103965580726,DESCRIPTIVE_SAMPLE,volatility,high,100.0,100.0,historical
donchian_atr,eth_short_historical_falsification_v1_donchian_atr,20261008T183843Z-788bbf8b61dc,3b393bde9e7444238d714bee0e77b54f,6719be4e317770b6,ETHUSDT,1h,SHORT_ONLY,HISTORICAL_CHALLENGE/year_2022,2022.0,base,0,0,0,0,0.0,,,,,INSUFFICIENT_SAMPLE,volatility,ordinary,0.0,0.0,historical
donchian_atr,eth_short_historical_falsification_v1_donchian_atr,20261008T183843Z-788bbf8b61dc,3b393bde9e7444238d714bee0e77b54f,6719be4e317770b6,ETHUSDT,1h,SHORT_ONLY,HISTORICAL_CHALLENGE/year_2022,2022.0,base,0,0,0,0,0.0,,,,,INSUFFICIENT_SAMPLE,volatility,unavailable,0.0,0.0,historical
donchian_atr,eth_short_historical_falsification_v1_donchian_atr,20261008T183843Z-788bbf8b61dc,3b393bde9e7444238d714bee0e77b54f,6719be4e317770b6,ETHUSDT,1h,SHORT_ONLY,HISTORICAL_CHALLENGE/year_2022,2022.0,base,51,24,27,0,1590.6559032181433,31.18933143564987,1.6744052185574634,47.05882352941177,-42.449103965580726,DESCRIPTIVE_SAMPLE,combined,bearish/high,100.0,100.0,historical
donchian_atr,eth_short_historical_falsification_v1_donchian_atr,20261008T183843Z-788bbf8b61dc,3b393bde9e7444238d714bee0e77b54f,6719be4e317770b6,ETHUSDT,1h,SHORT_ONLY,HISTORICAL_CHALLENGE/year_2022,2022.0,base,0,0,0,0,0.0,,,,,INSUFFICIENT_SAMPLE,combined,bearish/ordinary,0.0,0.0,historical
donchian_atr,eth_short_historical_falsification_v1_donchian_atr,20261008T183843Z-788bbf8b61dc,3b393bde9e7444238d714bee0e77b54f,6719be4e317770b6,ETHUSDT,1h,SHORT_ONLY,HISTORICAL_CHALLENGE/year_2022,2022.0,base,0,0,0,0,0.0,,,,,INSUFFICIENT_SAMPLE,combined,bearish/unavailable,0.0,0.0,historical
donchian_atr,eth_short_historical_falsification_v1_donchian_atr,20261008T183843Z-788bbf8b61dc,3b393bde9e7444238d714bee0e77b54f,6719be4e317770b6,ETHUSDT,1h,SHORT_ONLY,HISTORICAL_CHALLENGE/year_2022,2022.0,base,0,0,0,0,0.0,,,,,INSUFFICIENT_SAMPLE,combined,bullish/high,0.0,0.0,historical
donchian_atr,eth_short_historical_falsification_v1_donchian_atr,20261008T183843Z-788bbf8b61dc,3b393bde9e7444238d714bee0e77b54f,6719be4e317770b6,ETHUSDT,1h,SHORT_ONLY,HISTORICAL_CHALLENGE/year_2022,2022.0,base,0,0,0,0,0.0,,,,,INSUFFICIENT_SAMPLE,combined,bullish/ordinary,0.0,0.0,historical
donchian_atr,eth_short_historical_falsification_v1_donchian_atr,20261008T183843Z-788bbf8b61dc,3b393bde9e7444238d714bee0e77b54f,6719be4e317770b6,ETHUSDT,1h,SHORT_ONLY,HISTORICAL_CHALLENGE/year_2022,2022.0,base,0,0,0,0,0.0,,,,,INSUFFICIENT_SAMPLE,combined,bullish/unavailable,0.0,0.0,historical
donchian_atr,eth_short_historical_falsification_v1_donchian_atr,20261008T183843Z-788bbf8b61dc,3b393bde9e7444238d714bee0e77b54f,6719be4e317770b6,ETHUSDT,1h,SHORT_ONLY,HISTORICAL_CHALLENGE/year_2022,2022.0,base,0,0,0,0,0.0,,,,,INSUFFICIENT_SAMPLE,combined,mixed/high,0.0,0.0,historical
donchian_atr,eth_short_historical_falsification_v1_donchian_atr,20261008T183843Z-788bbf8b61dc,3b393bde9e7444238d714bee0e77b54f,6719be4e317770b6,ETHUSDT,1h,SHORT_ONLY,HISTORICAL_CHALLENGE/year_2022,2022.0,base,0,0,0,0,0.0,,,,,INSUFFICIENT_SAMPLE,combined,mixed/ordinary,0.0,0.0,historical
donchian_atr,eth_short_historical_falsification_v1_donchian_atr,20261008T183843Z-788bbf8b61dc,3b393bde9e7444238d714bee0e77b54f,6719be4e317770b6,ETHUSDT,1h,SHORT_ONLY,HISTORICAL_CHALLENGE/year_2022,2022.0,base,0,0,0,0,0.0,,,,,INSUFFICIENT_SAMPLE,combined,mixed/unavailable,0.0,0.0,historical
donchian_atr,eth_short_historical_falsification_v1_donchian_atr,20261008T183843Z-788bbf8b61dc,3b393bde9e7444238d714bee0e77b54f,6719be4e317770b6,ETHUSDT,1h,SHORT_ONLY,HISTORICAL_CHALLENGE/year_2022,2022.0,base,0,0,0,0,0.0,,,,,INSUFFICIENT_SAMPLE,combined,unavailable/high,0.0,0.0,historical
donchian_atr,eth_short_historical_falsification_v1_donchian_atr,20261008T183843Z-788bbf8b61dc,3b393bde9e7444238d714bee0e77b54f,6719be4e317770b6,ETHUSDT,1h,SHORT_ONLY,HISTORICAL_CHALLENGE/year_2022,2022.0,base,0,0,0,0,0.0,,,,,INSUFFICIENT_SAMPLE,combined,unavailable/ordinary,0.0,0.0,historical
donchian_atr,eth_short_historical_falsification_v1_donchian_atr,20261008T183843Z-788bbf8b61dc,3b393bde9e7444238d714bee0e77b54f,6719be4e317770b6,ETHUSDT,1h,SHORT_ONLY,HISTORICAL_CHALLENGE/year_2022,2022.0,base,0,0,0,0,0.0,,,,,INSUFFICIENT_SAMPLE,combined,unavailable/unavailable,0.0,0.0,historical
donchian_atr,eth_short_historical_falsification_v1_donchian_atr,20261008T183843Z-788bbf8b61dc,0e043474e48648aa9c1164c32059f035,6719be4e317770b6,ETHUSDT,1h,SHORT_ONLY,HISTORICAL_CHALLENGE/year_2022,2022.0,adverse,51,24,27,0,1367.939480296366,26.82234275090914,1.5601992392419617,47.05882352941177,-46.45476864005213,DESCRIPTIVE_SAMPLE,trend,bearish,100.0,100.0,historical
donchian_atr,eth_short_historical_falsification_v1_donchian_atr,20261008T183843Z-788bbf8b61dc,0e043474e48648aa9c1164c32059f035,6719be4e317770b6,ETHUSDT,1h,SHORT_ONLY,HISTORICAL_CHALLENGE/year_2022,2022.0,adverse,0,0,0,0,0.0,,,,,INSUFFICIENT_SAMPLE,trend,bullish,0.0,0.0,historical
donchian_atr,eth_short_historical_falsification_v1_donchian_atr,20261008T183843Z-788bbf8b61dc,0e043474e48648aa9c1164c32059f035,6719be4e317770b6,ETHUSDT,1h,SHORT_ONLY,HISTORICAL_CHALLENGE/year_2022,2022.0,adverse,0,0,0,0,0.0,,,,,INSUFFICIENT_SAMPLE,trend,mixed,0.0,0.0,historical
donchian_atr,eth_short_historical_falsification_v1_donchian_atr,20261008T183843Z-788bbf8b61dc,0e043474e48648aa9c1164c32059f035,6719be4e317770b6,ETHUSDT,1h,SHORT_ONLY,HISTORICAL_CHALLENGE/year_2022,2022.0,adverse,0,0,0,0,0.0,,,,,INSUFFICIENT_SAMPLE,trend,unavailable,0.0,0.0,historical
donchian_atr,eth_short_historical_falsification_v1_donchian_atr,20261008T183843Z-788bbf8b61dc,0e043474e48648aa9c1164c32059f035,6719be4e317770b6,ETHUSDT,1h,SHORT_ONLY,HISTORICAL_CHALLENGE/year_2022,2022.0,adverse,51,24,27,0,1367.939480296366,26.82234275090914,1.5601992392419617,47.05882352941177,-46.45476864005213,DESCRIPTIVE_SAMPLE,volatility,high,100.0,100.0,historical
donchian_atr,eth_short_historical_falsification_v1_donchian_atr,20261008T183843Z-788bbf8b61dc,0e043474e48648aa9c1164c32059f035,6719be4e317770b6,ETHUSDT,1h,SHORT_ONLY,HISTORICAL_CHALLENGE/year_2022,2022.0,adverse,0,0,0,0,0.0,,,,,INSUFFICIENT_SAMPLE,volatility,ordinary,0.0,0.0,historical
donchian_atr,eth_short_historical_falsification_v1_donchian_atr,20261008T183843Z-788bbf8b61dc,0e043474e48648aa9c1164c32059f035,6719be4e317770b6,ETHUSDT,1h,SHORT_ONLY,HISTORICAL_CHALLENGE/year_2022,2022.0,adverse,0,0,0,0,0.0,,,,,INSUFFICIENT_SAMPLE,volatility,unavailable,0.0,0.0,historical
donchian_atr,eth_short_historical_falsification_v1_donchian_atr,20261008T183843Z-788bbf8b61dc,0e043474e48648aa9c1164c32059f035,6719be4e317770b6,ETHUSDT,1h,SHORT_ONLY,HISTORICAL_CHALLENGE/year_2022,2022.0,adverse,51,24,27,0,1367.939480296366,26.82234275090914,1.5601992392419617,47.05882352941177,-46.45476864005213,DESCRIPTIVE_SAMPLE,combined,bearish/high,100.0,100.0,historical
donchian_atr,eth_short_historical_falsification_v1_donchian_atr,20261008T183843Z-788bbf8b61dc,0e043474e48648aa9c1164c32059f035,6719be4e317770b6,ETHUSDT,1h,SHORT_ONLY,HISTORICAL_CHALLENGE/year_2022,2022.0,adverse,0,0,0,0,0.0,,,,,INSUFFICIENT_SAMPLE,combined,bearish/ordinary,0.0,0.0,historical
donchian_atr,eth_short_historical_falsification_v1_donchian_atr,20261008T183843Z-788bbf8b61dc,0e043474e48648aa9c1164c32059f035,6719be4e317770b6,ETHUSDT,1h,SHORT_ONLY,HISTORICAL_CHALLENGE/year_2022,2022.0,adverse,0,0,0,0,0.0,,,,,INSUFFICIENT_SAMPLE,combined,bearish/unavailable,0.0,0.0,historical
donchian_atr,eth_short_historical_falsification_v1_donchian_atr,20261008T183843Z-788bbf8b61dc,0e043474e48648aa9c1164c32059f035,6719be4e317770b6,ETHUSDT,1h,SHORT_ONLY,HISTORICAL_CHALLENGE/year_2022,2022.0,adverse,0,0,0,0,0.0,,,,,INSUFFICIENT_SAMPLE,combined,bullish/high,0.0,0.0,historical
donchian_atr,eth_short_historical_falsification_v1_donchian_atr,20261008T183843Z-788bbf8b61dc,0e043474e48648aa9c1164c32059f035,6719be4e317770b6,ETHUSDT,1h,SHORT_ONLY,HISTORICAL_CHALLENGE/year_2022,2022.0,adverse,0,0,0,0,0.0,,,,,INSUFFICIENT_SAMPLE,combined,bullish/ordinary,0.0,0.0,historical
donchian_atr,eth_short_historical_falsification_v1_donchian_atr,20261008T183843Z-788bbf8b61dc,0e043474e48648aa9c1164c32059f035,6719be4e317770b6,ETHUSDT,1h,SHORT_ONLY,HISTORICAL_CHALLENGE/year_2022,2022.0,adverse,0,0,0,0,0.0,,,,,INSUFFICIENT_SAMPLE,combined,bullish/unavailable,0.0,0.0,historical
donchian_atr,eth_short_historical_falsification_v1_donchian_atr,20261008T183843Z-788bbf8b61dc,0e043474e48648aa9c1164c32059f035,6719be4e317770b6,ETHUSDT,1h,SHORT_ONLY,HISTORICAL_CHALLENGE/year_2022,2022.0,adverse,0,0,0,0,0.0,,,,,INSUFFICIENT_SAMPLE,combined,mixed/high,0.0,0.0,historical
donchian_atr,eth_short_historical_falsification_v1_donchian_atr,20261008T183843Z-788bbf8b61dc,0e043474e48648aa9c1164c32059f035,6719be4e317770b6,ETHUSDT,1h,SHORT_ONLY,HISTORICAL_CHALLENGE/year_2022,2022.0,adverse,0,0,0,0,0.0,,,,,INSUFFICIENT_SAMPLE,combined,mixed/ordinary,0.0,0.0,historical
donchian_atr,eth_short_historical_falsification_v1_donchian_atr,20261008T183843Z-788bbf8b61dc,0e043474e48648aa9c1164c32059f035,6719be4e317770b6,ETHUSDT,1h,SHORT_ONLY,HISTORICAL_CHALLENGE/year_2022,2022.0,adverse,0,0,0,0,0.0,,,,,INSUFFICIENT_SAMPLE,combined,mixed/unavailable,0.0,0.0,historical
donchian_atr,eth_short_historical_falsification_v1_donchian_atr,20261008T183843Z-788bbf8b61dc,0e043474e48648aa9c1164c32059f035,6719be4e317770b6,ETHUSDT,1h,SHORT_ONLY,HISTORICAL_CHALLENGE/year_2022,2022.0,adverse,0,0,0,0,0.0,,,,,INSUFFICIENT_SAMPLE,combined,unavailable/high,0.0,0.0,historical
donchian_atr,eth_short_historical_falsification_v1_donchian_atr,20261008T183843Z-788bbf8b61dc,0e043474e48648aa9c1164c32059f035,6719be4e317770b6,ETHUSDT,1h,SHORT_ONLY,HISTORICAL_CHALLENGE/year_2022,2022.0,adverse,0,0,0,0,0.0,,,,,INSUFFICIENT_SAMPLE,combined,unavailable/ordinary,0.0,0.0,historical
donchian_atr,eth_short_historical_falsification_v1_donchian_atr,20261008T183843Z-788bbf8b61dc,0e043474e48648aa9c1164c32059f035,6719be4e317770b6,ETHUSDT,1h,SHORT_ONLY,HISTORICAL_CHALLENGE/year_2022,2022.0,adverse,0,0,0,0,0.0,,,,,INSUFFICIENT_SAMPLE,combined,unavailable/unavailable,0.0,0.0,historical
donchian_atr,eth_short_historical_falsification_v1_donchian_atr,20261008T183843Z-788bbf8b61dc,73d6708bc6f84f538b65a3789a121669,4c4aa07c4c65af74,ETHUSDT,1h,SHORT_ONLY,HISTORICAL_CHALLENGE/year_2020,2020.0,base,33,10,23,0,-241.2619992386524,-7.310969673898557,0.8666790324950236,30.303030303030305,-67.9081858353885,DESCRIPTIVE_SAMPLE,trend,bearish,100.0,,historical
donchian_atr,eth_short_historical_falsification_v1_donchian_atr,20261008T183843Z-788bbf8b61dc,73d6708bc6f84f538b65a3789a121669,4c4aa07c4c65af74,ETHUSDT,1h,SHORT_ONLY,HISTORICAL_CHALLENGE/year_2020,2020.0,base,0,0,0,0,0.0,,,,,INSUFFICIENT_SAMPLE,trend,bullish,0.0,,historical
donchian_atr,eth_short_historical_falsification_v1_donchian_atr,20261008T183843Z-788bbf8b61dc,73d6708bc6f84f538b65a3789a121669,4c4aa07c4c65af74,ETHUSDT,1h,SHORT_ONLY,HISTORICAL_CHALLENGE/year_2020,2020.0,base,0,0,0,0,0.0,,,,,INSUFFICIENT_SAMPLE,trend,mixed,0.0,,historical
donchian_atr,eth_short_historical_falsification_v1_donchian_atr,20261008T183843Z-788bbf8b61dc,73d6708bc6f84f538b65a3789a121669,4c4aa07c4c65af74,ETHUSDT,1h,SHORT_ONLY,HISTORICAL_CHALLENGE/year_2020,2020.0,base,0,0,0,0,0.0,,,,,INSUFFICIENT_SAMPLE,trend,unavailable,0.0,,historical
donchian_atr,eth_short_historical_falsification_v1_donchian_atr,20261008T183843Z-788bbf8b61dc,73d6708bc6f84f538b65a3789a121669,4c4aa07c4c65af74,ETHUSDT,1h,SHORT_ONLY,HISTORICAL_CHALLENGE/year_2020,2020.0,base,33,10,23,0,-241.2619992386524,-7.310969673898557,0.8666790324950236,30.303030303030305,-67.9081858353885,DESCRIPTIVE_SAMPLE,volatility,high,100.0,,historical
donchian_atr,eth_short_historical_falsification_v1_donchian_atr,20261008T183843Z-788bbf8b61dc,73d6708bc6f84f538b65a3789a121669,4c4aa07c4c65af74,ETHUSDT,1h,SHORT_ONLY,HISTORICAL_CHALLENGE/year_2020,2020.0,base,0,0,0,0,0.0,,,,,INSUFFICIENT_SAMPLE,volatility,ordinary,0.0,,historical
donchian_atr,eth_short_historical_falsification_v1_donchian_atr,20261008T183843Z-788bbf8b61dc,73d6708bc6f84f538b65a3789a121669,4c4aa07c4c65af74,ETHUSDT,1h,SHORT_ONLY,HISTORICAL_CHALLENGE/year_2020,2020.0,base,0,0,0,0,0.0,,,,,INSUFFICIENT_SAMPLE,volatility,unavailable,0.0,,historical
donchian_atr,eth_short_historical_falsification_v1_donchian_atr,20261008T183843Z-788bbf8b61dc,73d6708bc6f84f538b65a3789a121669,4c4aa07c4c65af74,ETHUSDT,1h,SHORT_ONLY,HISTORICAL_CHALLENGE/year_2020,2020.0,base,33,10,23,0,-241.2619992386524,-7.310969673898557,0.8666790324950236,30.303030303030305,-67.9081858353885,DESCRIPTIVE_SAMPLE,combined,bearish/high,100.0,,historical
donchian_atr,eth_short_historical_falsification_v1_donchian_atr,20261008T183843Z-788bbf8b61dc,73d6708bc6f84f538b65a3789a121669,4c4aa07c4c65af74,ETHUSDT,1h,SHORT_ONLY,HISTORICAL_CHALLENGE/year_2020,2020.0,base,0,0,0,0,0.0,,,,,INSUFFICIENT_SAMPLE,combined,bearish/ordinary,0.0,,historical
donchian_atr,eth_short_historical_falsification_v1_donchian_atr,20261008T183843Z-788bbf8b61dc,73d6708bc6f84f538b65a3789a121669,4c4aa07c4c65af74,ETHUSDT,1h,SHORT_ONLY,HISTORICAL_CHALLENGE/year_2020,2020.0,base,0,0,0,0,0.0,,,,,INSUFFICIENT_SAMPLE,combined,bearish/unavailable,0.0,,historical
donchian_atr,eth_short_historical_falsification_v1_donchian_atr,20261008T183843Z-788bbf8b61dc,73d6708bc6f84f538b65a3789a121669,4c4aa07c4c65af74,ETHUSDT,1h,SHORT_ONLY,HISTORICAL_CHALLENGE/year_2020,2020.0,base,0,0,0,0,0.0,,,,,INSUFFICIENT_SAMPLE,combined,bullish/high,0.0,,historical
donchian_atr,eth_short_historical_falsification_v1_donchian_atr,20261008T183843Z-788bbf8b61dc,73d6708bc6f84f538b65a3789a121669,4c4aa07c4c65af74,ETHUSDT,1h,SHORT_ONLY,HISTORICAL_CHALLENGE/year_2020,2020.0,base,0,0,0,0,0.0,,,,,INSUFFICIENT_SAMPLE,combined,bullish/ordinary,0.0,,historical
donchian_atr,eth_short_historical_falsification_v1_donchian_atr,20261008T183843Z-788bbf8b61dc,73d6708bc6f84f538b65a3789a121669,4c4aa07c4c65af74,ETHUSDT,1h,SHORT_ONLY,HISTORICAL_CHALLENGE/year_2020,2020.0,base,0,0,0,0,0.0,,,,,INSUFFICIENT_SAMPLE,combined,bullish/unavailable,0.0,,historical
donchian_atr,eth_short_historical_falsification_v1_donchian_atr,20261008T183843Z-788bbf8b61dc,73d6708bc6f84f538b65a3789a121669,4c4aa07c4c65af74,ETHUSDT,1h,SHORT_ONLY,HISTORICAL_CHALLENGE/year_2020,2020.0,base,0,0,0,0,0.0,,,,,INSUFFICIENT_SAMPLE,combined,mixed/high,0.0,,historical
donchian_atr,eth_short_historical_falsification_v1_donchian_atr,20261008T183843Z-788bbf8b61dc,73d6708bc6f84f538b65a3789a121669,4c4aa07c4c65af74,ETHUSDT,1h,SHORT_ONLY,HISTORICAL_CHALLENGE/year_2020,2020.0,base,0,0,0,0,0.0,,,,,INSUFFICIENT_SAMPLE,combined,mixed/ordinary,0.0,,historical
donchian_atr,eth_short_historical_falsification_v1_donchian_atr,20261008T183843Z-788bbf8b61dc,73d6708bc6f84f538b65a3789a121669,4c4aa07c4c65af74,ETHUSDT,1h,SHORT_ONLY,HISTORICAL_CHALLENGE/year_2020,2020.0,base,0,0,0,0,0.0,,,,,INSUFFICIENT_SAMPLE,combined,mixed/unavailable,0.0,,historical
donchian_atr,eth_short_historical_falsification_v1_donchian_atr,20261008T183843Z-788bbf8b61dc,73d6708bc6f84f538b65a3789a121669,4c4aa07c4c65af74,ETHUSDT,1h,SHORT_ONLY,HISTORICAL_CHALLENGE/year_2020,2020.0,base,0,0,0,0,0.0,,,,,INSUFFICIENT_SAMPLE,combined,unavailable/high,0.0,,historical
donchian_atr,eth_short_historical_falsification_v1_donchian_atr,20261008T183843Z-788bbf8b61dc,73d6708bc6f84f538b65a3789a121669,4c4aa07c4c65af74,ETHUSDT,1h,SHORT_ONLY,HISTORICAL_CHALLENGE/year_2020,2020.0,base,0,0,0,0,0.0,,,,,INSUFFICIENT_SAMPLE,combined,unavailable/ordinary,0.0,,historical
donchian_atr,eth_short_historical_falsification_v1_donchian_atr,20261008T183843Z-788bbf8b61dc,73d6708bc6f84f538b65a3789a121669,4c4aa07c4c65af74,ETHUSDT,1h,SHORT_ONLY,HISTORICAL_CHALLENGE/year_2020,2020.0,base,0,0,0,0,0.0,,,,,INSUFFICIENT_SAMPLE,combined,unavailable/unavailable,0.0,,historical
donchian_atr,eth_short_historical_falsification_v1_donchian_atr,20261008T183843Z-788bbf8b61dc,9b6840ae5fb6434e9864ce82e48ef93c,4c4aa07c4c65af74,ETHUSDT,1h,SHORT_ONLY,HISTORICAL_CHALLENGE/year_2020,2020.0,adverse,33,10,23,0,-338.2032849534855,-10.248584392529864,0.8177197492616362,30.303030303030305,-70.59932153822747,DESCRIPTIVE_SAMPLE,trend,bearish,100.0,,historical
donchian_atr,eth_short_historical_falsification_v1_donchian_atr,20261008T183843Z-788bbf8b61dc,9b6840ae5fb6434e9864ce82e48ef93c,4c4aa07c4c65af74,ETHUSDT,1h,SHORT_ONLY,HISTORICAL_CHALLENGE/year_2020,2020.0,adverse,0,0,0,0,0.0,,,,,INSUFFICIENT_SAMPLE,trend,bullish,0.0,,historical
donchian_atr,eth_short_historical_falsification_v1_donchian_atr,20261008T183843Z-788bbf8b61dc,9b6840ae5fb6434e9864ce82e48ef93c,4c4aa07c4c65af74,ETHUSDT,1h,SHORT_ONLY,HISTORICAL_CHALLENGE/year_2020,2020.0,adverse,0,0,0,0,0.0,,,,,INSUFFICIENT_SAMPLE,trend,mixed,0.0,,historical
donchian_atr,eth_short_historical_falsification_v1_donchian_atr,20261008T183843Z-788bbf8b61dc,9b6840ae5fb6434e9864ce82e48ef93c,4c4aa07c4c65af74,ETHUSDT,1h,SHORT_ONLY,HISTORICAL_CHALLENGE/year_2020,2020.0,adverse,0,0,0,0,0.0,,,,,INSUFFICIENT_SAMPLE,trend,unavailable,0.0,,historical
donchian_atr,eth_short_historical_falsification_v1_donchian_atr,20261008T183843Z-788bbf8b61dc,9b6840ae5fb6434e9864ce82e48ef93c,4c4aa07c4c65af74,ETHUSDT,1h,SHORT_ONLY,HISTORICAL_CHALLENGE/year_2020,2020.0,adverse,33,10,23,0,-338.2032849534855,-10.248584392529864,0.8177197492616362,30.303030303030305,-70.59932153822747,DESCRIPTIVE_SAMPLE,volatility,high,100.0,,historical
donchian_atr,eth_short_historical_falsification_v1_donchian_atr,20261008T183843Z-788bbf8b61dc,9b6840ae5fb6434e9864ce82e48ef93c,4c4aa07c4c65af74,ETHUSDT,1h,SHORT_ONLY,HISTORICAL_CHALLENGE/year_2020,2020.0,adverse,0,0,0,0,0.0,,,,,INSUFFICIENT_SAMPLE,volatility,ordinary,0.0,,historical
donchian_atr,eth_short_historical_falsification_v1_donchian_atr,20261008T183843Z-788bbf8b61dc,9b6840ae5fb6434e9864ce82e48ef93c,4c4aa07c4c65af74,ETHUSDT,1h,SHORT_ONLY,HISTORICAL_CHALLENGE/year_2020,2020.0,adverse,0,0,0,0,0.0,,,,,INSUFFICIENT_SAMPLE,volatility,unavailable,0.0,,historical
donchian_atr,eth_short_historical_falsification_v1_donchian_atr,20261008T183843Z-788bbf8b61dc,9b6840ae5fb6434e9864ce82e48ef93c,4c4aa07c4c65af74,ETHUSDT,1h,SHORT_ONLY,HISTORICAL_CHALLENGE/year_2020,2020.0,adverse,33,10,23,0,-338.2032849534855,-10.248584392529864,0.8177197492616362,30.303030303030305,-70.59932153822747,DESCRIPTIVE_SAMPLE,combined,bearish/high,100.0,,historical
donchian_atr,eth_short_historical_falsification_v1_donchian_atr,20261008T183843Z-788bbf8b61dc,9b6840ae5fb6434e9864ce82e48ef93c,4c4aa07c4c65af74,ETHUSDT,1h,SHORT_ONLY,HISTORICAL_CHALLENGE/year_2020,2020.0,adverse,0,0,0,0,0.0,,,,,INSUFFICIENT_SAMPLE,combined,bearish/ordinary,0.0,,historical
donchian_atr,eth_short_historical_falsification_v1_donchian_atr,20261008T183843Z-788bbf8b61dc,9b6840ae5fb6434e9864ce82e48ef93c,4c4aa07c4c65af74,ETHUSDT,1h,SHORT_ONLY,HISTORICAL_CHALLENGE/year_2020,2020.0,adverse,0,0,0,0,0.0,,,,,INSUFFICIENT_SAMPLE,combined,bearish/unavailable,0.0,,historical
donchian_atr,eth_short_historical_falsification_v1_donchian_atr,20261008T183843Z-788bbf8b61dc,9b6840ae5fb6434e9864ce82e48ef93c,4c4aa07c4c65af74,ETHUSDT,1h,SHORT_ONLY,HISTORICAL_CHALLENGE/year_2020,2020.0,adverse,0,0,0,0,0.0,,,,,INSUFFICIENT_SAMPLE,combined,bullish/high,0.0,,historical
donchian_atr,eth_short_historical_falsification_v1_donchian_atr,20261008T183843Z-788bbf8b61dc,9b6840ae5fb6434e9864ce82e48ef93c,4c4aa07c4c65af74,ETHUSDT,1h,SHORT_ONLY,HISTORICAL_CHALLENGE/year_2020,2020.0,adverse,0,0,0,0,0.0,,,,,INSUFFICIENT_SAMPLE,combined,bullish/ordinary,0.0,,historical
donchian_atr,eth_short_historical_falsification_v1_donchian_atr,20261008T183843Z-788bbf8b61dc,9b6840ae5fb6434e9864ce82e48ef93c,4c4aa07c4c65af74,ETHUSDT,1h,SHORT_ONLY,HISTORICAL_CHALLENGE/year_2020,2020.0,adverse,0,0,0,0,0.0,,,,,INSUFFICIENT_SAMPLE,combined,bullish/unavailable,0.0,,historical
donchian_atr,eth_short_historical_falsification_v1_donchian_atr,20261008T183843Z-788bbf8b61dc,9b6840ae5fb6434e9864ce82e48ef93c,4c4aa07c4c65af74,ETHUSDT,1h,SHORT_ONLY,HISTORICAL_CHALLENGE/year_2020,2020.0,adverse,0,0,0,0,0.0,,,,,INSUFFICIENT_SAMPLE,combined,mixed/high,0.0,,historical
donchian_atr,eth_short_historical_falsification_v1_donchian_atr,20261008T183843Z-788bbf8b61dc,9b6840ae5fb6434e9864ce82e48ef93c,4c4aa07c4c65af74,ETHUSDT,1h,SHORT_ONLY,HISTORICAL_CHALLENGE/year_2020,2020.0,adverse,0,0,0,0,0.0,,,,,INSUFFICIENT_SAMPLE,combined,mixed/ordinary,0.0,,historical
donchian_atr,eth_short_historical_falsification_v1_donchian_atr,20261008T183843Z-788bbf8b61dc,9b6840ae5fb6434e9864ce82e48ef93c,4c4aa07c4c65af74,ETHUSDT,1h,SHORT_ONLY,HISTORICAL_CHALLENGE/year_2020,2020.0,adverse,0,0,0,0,0.0,,,,,INSUFFICIENT_SAMPLE,combined,mixed/unavailable,0.0,,historical
donchian_atr,eth_short_historical_falsification_v1_donchian_atr,20261008T183843Z-788bbf8b61dc,9b6840ae5fb6434e9864ce82e48ef93c,4c4aa07c4c65af74,ETHUSDT,1h,SHORT_ONLY,HISTORICAL_CHALLENGE/year_2020,2020.0,adverse,0,0,0,0,0.0,,,,,INSUFFICIENT_SAMPLE,combined,unavailable/high,0.0,,historical
donchian_atr,eth_short_historical_falsification_v1_donchian_atr,20261008T183843Z-788bbf8b61dc,9b6840ae5fb6434e9864ce82e48ef93c,4c4aa07c4c65af74,ETHUSDT,1h,SHORT_ONLY,HISTORICAL_CHALLENGE/year_2020,2020.0,adverse,0,0,0,0,0.0,,,,,INSUFFICIENT_SAMPLE,combined,unavailable/ordinary,0.0,,historical
donchian_atr,eth_short_historical_falsification_v1_donchian_atr,20261008T183843Z-788bbf8b61dc,9b6840ae5fb6434e9864ce82e48ef93c,4c4aa07c4c65af74,ETHUSDT,1h,SHORT_ONLY,HISTORICAL_CHALLENGE/year_2020,2020.0,adverse,0,0,0,0,0.0,,,,,INSUFFICIENT_SAMPLE,combined,unavailable/unavailable,0.0,,historical
donchian_atr,eth_short_historical_falsification_v1_donchian_atr,20261008T183843Z-788bbf8b61dc,e4d8aca87a294bfbb031fe97dc9f83ac,4c4aa07c4c65af74,ETHUSDT,1h,SHORT_ONLY,HISTORICAL_CHALLENGE/year_2021,2021.0,base,25,11,14,0,552.3313985126792,22.09325594050717,1.412356136824218,44.0,-74.43722015719715,DESCRIPTIVE_SAMPLE,trend,bearish,100.0,100.0,historical
donchian_atr,eth_short_historical_falsification_v1_donchian_atr,20261008T183843Z-788bbf8b61dc,e4d8aca87a294bfbb031fe97dc9f83ac,4c4aa07c4c65af74,ETHUSDT,1h,SHORT_ONLY,HISTORICAL_CHALLENGE/year_2021,2021.0,base,0,0,0,0,0.0,,,,,INSUFFICIENT_SAMPLE,trend,bullish,0.0,0.0,historical
donchian_atr,eth_short_historical_falsification_v1_donchian_atr,20261008T183843Z-788bbf8b61dc,e4d8aca87a294bfbb031fe97dc9f83ac,4c4aa07c4c65af74,ETHUSDT,1h,SHORT_ONLY,HISTORICAL_CHALLENGE/year_2021,2021.0,base,0,0,0,0,0.0,,,,,INSUFFICIENT_SAMPLE,trend,mixed,0.0,0.0,historical
donchian_atr,eth_short_historical_falsification_v1_donchian_atr,20261008T183843Z-788bbf8b61dc,e4d8aca87a294bfbb031fe97dc9f83ac,4c4aa07c4c65af74,ETHUSDT,1h,SHORT_ONLY,HISTORICAL_CHALLENGE/year_2021,2021.0,base,0,0,0,0,0.0,,,,,INSUFFICIENT_SAMPLE,trend,unavailable,0.0,0.0,historical
donchian_atr,eth_short_historical_falsification_v1_donchian_atr,20261008T183843Z-788bbf8b61dc,e4d8aca87a294bfbb031fe97dc9f83ac,4c4aa07c4c65af74,ETHUSDT,1h,SHORT_ONLY,HISTORICAL_CHALLENGE/year_2021,2021.0,base,25,11,14,0,552.3313985126792,22.09325594050717,1.412356136824218,44.0,-74.43722015719715,DESCRIPTIVE_SAMPLE,volatility,high,100.0,100.0,historical
donchian_atr,eth_short_historical_falsification_v1_donchian_atr,20261008T183843Z-788bbf8b61dc,e4d8aca87a294bfbb031fe97dc9f83ac,4c4aa07c4c65af74,ETHUSDT,1h,SHORT_ONLY,HISTORICAL_CHALLENGE/year_2021,2021.0,base,0,0,0,0,0.0,,,,,INSUFFICIENT_SAMPLE,volatility,ordinary,0.0,0.0,historical
donchian_atr,eth_short_historical_falsification_v1_donchian_atr,20261008T183843Z-788bbf8b61dc,e4d8aca87a294bfbb031fe97dc9f83ac,4c4aa07c4c65af74,ETHUSDT,1h,SHORT_ONLY,HISTORICAL_CHALLENGE/year_2021,2021.0,base,0,0,0,0,0.0,,,,,INSUFFICIENT_SAMPLE,volatility,unavailable,0.0,0.0,historical
donchian_atr,eth_short_historical_falsification_v1_donchian_atr,20261008T183843Z-788bbf8b61dc,e4d8aca87a294bfbb031fe97dc9f83ac,4c4aa07c4c65af74,ETHUSDT,1h,SHORT_ONLY,HISTORICAL_CHALLENGE/year_2021,2021.0,base,25,11,14,0,552.3313985126792,22.09325594050717,1.412356136824218,44.0,-74.43722015719715,DESCRIPTIVE_SAMPLE,combined,bearish/high,100.0,100.0,historical
donchian_atr,eth_short_historical_falsification_v1_donchian_atr,20261008T183843Z-788bbf8b61dc,e4d8aca87a294bfbb031fe97dc9f83ac,4c4aa07c4c65af74,ETHUSDT,1h,SHORT_ONLY,HISTORICAL_CHALLENGE/year_2021,2021.0,base,0,0,0,0,0.0,,,,,INSUFFICIENT_SAMPLE,combined,bearish/ordinary,0.0,0.0,historical
donchian_atr,eth_short_historical_falsification_v1_donchian_atr,20261008T183843Z-788bbf8b61dc,e4d8aca87a294bfbb031fe97dc9f83ac,4c4aa07c4c65af74,ETHUSDT,1h,SHORT_ONLY,HISTORICAL_CHALLENGE/year_2021,2021.0,base,0,0,0,0,0.0,,,,,INSUFFICIENT_SAMPLE,combined,bearish/unavailable,0.0,0.0,historical
donchian_atr,eth_short_historical_falsification_v1_donchian_atr,20261008T183843Z-788bbf8b61dc,e4d8aca87a294bfbb031fe97dc9f83ac,4c4aa07c4c65af74,ETHUSDT,1h,SHORT_ONLY,HISTORICAL_CHALLENGE/year_2021,2021.0,base,0,0,0,0,0.0,,,,,INSUFFICIENT_SAMPLE,combined,bullish/high,0.0,0.0,historical
donchian_atr,eth_short_historical_falsification_v1_donchian_atr,20261008T183843Z-788bbf8b61dc,e4d8aca87a294bfbb031fe97dc9f83ac,4c4aa07c4c65af74,ETHUSDT,1h,SHORT_ONLY,HISTORICAL_CHALLENGE/year_2021,2021.0,base,0,0,0,0,0.0,,,,,INSUFFICIENT_SAMPLE,combined,bullish/ordinary,0.0,0.0,historical
donchian_atr,eth_short_historical_falsification_v1_donchian_atr,20261008T183843Z-788bbf8b61dc,e4d8aca87a294bfbb031fe97dc9f83ac,4c4aa07c4c65af74,ETHUSDT,1h,SHORT_ONLY,HISTORICAL_CHALLENGE/year_2021,2021.0,base,0,0,0,0,0.0,,,,,INSUFFICIENT_SAMPLE,combined,bullish/unavailable,0.0,0.0,historical
donchian_atr,eth_short_historical_falsification_v1_donchian_atr,20261008T183843Z-788bbf8b61dc,e4d8aca87a294bfbb031fe97dc9f83ac,4c4aa07c4c65af74,ETHUSDT,1h,SHORT_ONLY,HISTORICAL_CHALLENGE/year_2021,2021.0,base,0,0,0,0,0.0,,,,,INSUFFICIENT_SAMPLE,combined,mixed/high,0.0,0.0,historical
donchian_atr,eth_short_historical_falsification_v1_donchian_atr,20261008T183843Z-788bbf8b61dc,e4d8aca87a294bfbb031fe97dc9f83ac,4c4aa07c4c65af74,ETHUSDT,1h,SHORT_ONLY,HISTORICAL_CHALLENGE/year_2021,2021.0,base,0,0,0,0,0.0,,,,,INSUFFICIENT_SAMPLE,combined,mixed/ordinary,0.0,0.0,historical
donchian_atr,eth_short_historical_falsification_v1_donchian_atr,20261008T183843Z-788bbf8b61dc,e4d8aca87a294bfbb031fe97dc9f83ac,4c4aa07c4c65af74,ETHUSDT,1h,SHORT_ONLY,HISTORICAL_CHALLENGE/year_2021,2021.0,base,0,0,0,0,0.0,,,,,INSUFFICIENT_SAMPLE,combined,mixed/unavailable,0.0,0.0,historical
donchian_atr,eth_short_historical_falsification_v1_donchian_atr,20261008T183843Z-788bbf8b61dc,e4d8aca87a294bfbb031fe97dc9f83ac,4c4aa07c4c65af74,ETHUSDT,1h,SHORT_ONLY,HISTORICAL_CHALLENGE/year_2021,2021.0,base,0,0,0,0,0.0,,,,,INSUFFICIENT_SAMPLE,combined,unavailable/high,0.0,0.0,historical
donchian_atr,eth_short_historical_falsification_v1_donchian_atr,20261008T183843Z-788bbf8b61dc,e4d8aca87a294bfbb031fe97dc9f83ac,4c4aa07c4c65af74,ETHUSDT,1h,SHORT_ONLY,HISTORICAL_CHALLENGE/year_2021,2021.0,base,0,0,0,0,0.0,,,,,INSUFFICIENT_SAMPLE,combined,unavailable/ordinary,0.0,0.0,historical
donchian_atr,eth_short_historical_falsification_v1_donchian_atr,20261008T183843Z-788bbf8b61dc,e4d8aca87a294bfbb031fe97dc9f83ac,4c4aa07c4c65af74,ETHUSDT,1h,SHORT_ONLY,HISTORICAL_CHALLENGE/year_2021,2021.0,base,0,0,0,0,0.0,,,,,INSUFFICIENT_SAMPLE,combined,unavailable/unavailable,0.0,0.0,historical
donchian_atr,eth_short_historical_falsification_v1_donchian_atr,20261008T183843Z-788bbf8b61dc,03ae0370e1c44d5cb95addf3e33b1c51,4c4aa07c4c65af74,ETHUSDT,1h,SHORT_ONLY,HISTORICAL_CHALLENGE/year_2021,2021.0,adverse,25,10,15,0,180.56382212675825,7.222552885070329,1.1249841536899148,40.0,-84.8656698749943,DESCRIPTIVE_SAMPLE,trend,bearish,100.0,100.0,historical
donchian_atr,eth_short_historical_falsification_v1_donchian_atr,20261008T183843Z-788bbf8b61dc,03ae0370e1c44d5cb95addf3e33b1c51,4c4aa07c4c65af74,ETHUSDT,1h,SHORT_ONLY,HISTORICAL_CHALLENGE/year_2021,2021.0,adverse,0,0,0,0,0.0,,,,,INSUFFICIENT_SAMPLE,trend,bullish,0.0,0.0,historical
donchian_atr,eth_short_historical_falsification_v1_donchian_atr,20261008T183843Z-788bbf8b61dc,03ae0370e1c44d5cb95addf3e33b1c51,4c4aa07c4c65af74,ETHUSDT,1h,SHORT_ONLY,HISTORICAL_CHALLENGE/year_2021,2021.0,adverse,0,0,0,0,0.0,,,,,INSUFFICIENT_SAMPLE,trend,mixed,0.0,0.0,historical
donchian_atr,eth_short_historical_falsification_v1_donchian_atr,20261008T183843Z-788bbf8b61dc,03ae0370e1c44d5cb95addf3e33b1c51,4c4aa07c4c65af74,ETHUSDT,1h,SHORT_ONLY,HISTORICAL_CHALLENGE/year_2021,2021.0,adverse,0,0,0,0,0.0,,,,,INSUFFICIENT_SAMPLE,trend,unavailable,0.0,0.0,historical
donchian_atr,eth_short_historical_falsification_v1_donchian_atr,20261008T183843Z-788bbf8b61dc,03ae0370e1c44d5cb95addf3e33b1c51,4c4aa07c4c65af74,ETHUSDT,1h,SHORT_ONLY,HISTORICAL_CHALLENGE/year_2021,2021.0,adverse,25,10,15,0,180.56382212675825,7.222552885070329,1.1249841536899148,40.0,-84.8656698749943,DESCRIPTIVE_SAMPLE,volatility,high,100.0,100.0,historical
donchian_atr,eth_short_historical_falsification_v1_donchian_atr,20261008T183843Z-788bbf8b61dc,03ae0370e1c44d5cb95addf3e33b1c51,4c4aa07c4c65af74,ETHUSDT,1h,SHORT_ONLY,HISTORICAL_CHALLENGE/year_2021,2021.0,adverse,0,0,0,0,0.0,,,,,INSUFFICIENT_SAMPLE,volatility,ordinary,0.0,0.0,historical
donchian_atr,eth_short_historical_falsification_v1_donchian_atr,20261008T183843Z-788bbf8b61dc,03ae0370e1c44d5cb95addf3e33b1c51,4c4aa07c4c65af74,ETHUSDT,1h,SHORT_ONLY,HISTORICAL_CHALLENGE/year_2021,2021.0,adverse,0,0,0,0,0.0,,,,,INSUFFICIENT_SAMPLE,volatility,unavailable,0.0,0.0,historical
donchian_atr,eth_short_historical_falsification_v1_donchian_atr,20261008T183843Z-788bbf8b61dc,03ae0370e1c44d5cb95addf3e33b1c51,4c4aa07c4c65af74,ETHUSDT,1h,SHORT_ONLY,HISTORICAL_CHALLENGE/year_2021,2021.0,adverse,25,10,15,0,180.56382212675825,7.222552885070329,1.1249841536899148,40.0,-84.8656698749943,DESCRIPTIVE_SAMPLE,combined,bearish/high,100.0,100.0,historical
donchian_atr,eth_short_historical_falsification_v1_donchian_atr,20261008T183843Z-788bbf8b61dc,03ae0370e1c44d5cb95addf3e33b1c51,4c4aa07c4c65af74,ETHUSDT,1h,SHORT_ONLY,HISTORICAL_CHALLENGE/year_2021,2021.0,adverse,0,0,0,0,0.0,,,,,INSUFFICIENT_SAMPLE,combined,bearish/ordinary,0.0,0.0,historical
donchian_atr,eth_short_historical_falsification_v1_donchian_atr,20261008T183843Z-788bbf8b61dc,03ae0370e1c44d5cb95addf3e33b1c51,4c4aa07c4c65af74,ETHUSDT,1h,SHORT_ONLY,HISTORICAL_CHALLENGE/year_2021,2021.0,adverse,0,0,0,0,0.0,,,,,INSUFFICIENT_SAMPLE,combined,bearish/unavailable,0.0,0.0,historical
donchian_atr,eth_short_historical_falsification_v1_donchian_atr,20261008T183843Z-788bbf8b61dc,03ae0370e1c44d5cb95addf3e33b1c51,4c4aa07c4c65af74,ETHUSDT,1h,SHORT_ONLY,HISTORICAL_CHALLENGE/year_2021,2021.0,adverse,0,0,0,0,0.0,,,,,INSUFFICIENT_SAMPLE,combined,bullish/high,0.0,0.0,historical
donchian_atr,eth_short_historical_falsification_v1_donchian_atr,20261008T183843Z-788bbf8b61dc,03ae0370e1c44d5cb95addf3e33b1c51,4c4aa07c4c65af74,ETHUSDT,1h,SHORT_ONLY,HISTORICAL_CHALLENGE/year_2021,2021.0,adverse,0,0,0,0,0.0,,,,,INSUFFICIENT_SAMPLE,combined,bullish/ordinary,0.0,0.0,historical
donchian_atr,eth_short_historical_falsification_v1_donchian_atr,20261008T183843Z-788bbf8b61dc,03ae0370e1c44d5cb95addf3e33b1c51,4c4aa07c4c65af74,ETHUSDT,1h,SHORT_ONLY,HISTORICAL_CHALLENGE/year_2021,2021.0,adverse,0,0,0,0,0.0,,,,,INSUFFICIENT_SAMPLE,combined,bullish/unavailable,0.0,0.0,historical
donchian_atr,eth_short_historical_falsification_v1_donchian_atr,20261008T183843Z-788bbf8b61dc,03ae0370e1c44d5cb95addf3e33b1c51,4c4aa07c4c65af74,ETHUSDT,1h,SHORT_ONLY,HISTORICAL_CHALLENGE/year_2021,2021.0,adverse,0,0,0,0,0.0,,,,,INSUFFICIENT_SAMPLE,combined,mixed/high,0.0,0.0,historical
donchian_atr,eth_short_historical_falsification_v1_donchian_atr,20261008T183843Z-788bbf8b61dc,03ae0370e1c44d5cb95addf3e33b1c51,4c4aa07c4c65af74,ETHUSDT,1h,SHORT_ONLY,HISTORICAL_CHALLENGE/year_2021,2021.0,adverse,0,0,0,0,0.0,,,,,INSUFFICIENT_SAMPLE,combined,mixed/ordinary,0.0,0.0,historical
donchian_atr,eth_short_historical_falsification_v1_donchian_atr,20261008T183843Z-788bbf8b61dc,03ae0370e1c44d5cb95addf3e33b1c51,4c4aa07c4c65af74,ETHUSDT,1h,SHORT_ONLY,HISTORICAL_CHALLENGE/year_2021,2021.0,adverse,0,0,0,0,0.0,,,,,INSUFFICIENT_SAMPLE,combined,mixed/unavailable,0.0,0.0,historical
donchian_atr,eth_short_historical_falsification_v1_donchian_atr,20261008T183843Z-788bbf8b61dc,03ae0370e1c44d5cb95addf3e33b1c51,4c4aa07c4c65af74,ETHUSDT,1h,SHORT_ONLY,HISTORICAL_CHALLENGE/year_2021,2021.0,adverse,0,0,0,0,0.0,,,,,INSUFFICIENT_SAMPLE,combined,unavailable/high,0.0,0.0,historical
donchian_atr,eth_short_historical_falsification_v1_donchian_atr,20261008T183843Z-788bbf8b61dc,03ae0370e1c44d5cb95addf3e33b1c51,4c4aa07c4c65af74,ETHUSDT,1h,SHORT_ONLY,HISTORICAL_CHALLENGE/year_2021,2021.0,adverse,0,0,0,0,0.0,,,,,INSUFFICIENT_SAMPLE,combined,unavailable/ordinary,0.0,0.0,historical
donchian_atr,eth_short_historical_falsification_v1_donchian_atr,20261008T183843Z-788bbf8b61dc,03ae0370e1c44d5cb95addf3e33b1c51,4c4aa07c4c65af74,ETHUSDT,1h,SHORT_ONLY,HISTORICAL_CHALLENGE/year_2021,2021.0,adverse,0,0,0,0,0.0,,,,,INSUFFICIENT_SAMPLE,combined,unavailable/unavailable,0.0,0.0,historical
donchian_atr,eth_short_historical_falsification_v1_donchian_atr,20261008T183843Z-788bbf8b61dc,eaca7db6a6ab45188064bf0567542641,4c4aa07c4c65af74,ETHUSDT,1h,SHORT_ONLY,HISTORICAL_CHALLENGE/year_2022,2022.0,base,49,24,25,0,1779.440507267664,36.31511239321763,1.7997619410976236,48.97959183673469,-2.765829910004444,DESCRIPTIVE_SAMPLE,trend,bearish,100.0,100.0,historical
donchian_atr,eth_short_historical_falsification_v1_donchian_atr,20261008T183843Z-788bbf8b61dc,eaca7db6a6ab45188064bf0567542641,4c4aa07c4c65af74,ETHUSDT,1h,SHORT_ONLY,HISTORICAL_CHALLENGE/year_2022,2022.0,base,0,0,0,0,0.0,,,,,INSUFFICIENT_SAMPLE,trend,bullish,0.0,0.0,historical
donchian_atr,eth_short_historical_falsification_v1_donchian_atr,20261008T183843Z-788bbf8b61dc,eaca7db6a6ab45188064bf0567542641,4c4aa07c4c65af74,ETHUSDT,1h,SHORT_ONLY,HISTORICAL_CHALLENGE/year_2022,2022.0,base,0,0,0,0,0.0,,,,,INSUFFICIENT_SAMPLE,trend,mixed,0.0,0.0,historical
donchian_atr,eth_short_historical_falsification_v1_donchian_atr,20261008T183843Z-788bbf8b61dc,eaca7db6a6ab45188064bf0567542641,4c4aa07c4c65af74,ETHUSDT,1h,SHORT_ONLY,HISTORICAL_CHALLENGE/year_2022,2022.0,base,0,0,0,0,0.0,,,,,INSUFFICIENT_SAMPLE,trend,unavailable,0.0,0.0,historical
donchian_atr,eth_short_historical_falsification_v1_donchian_atr,20261008T183843Z-788bbf8b61dc,eaca7db6a6ab45188064bf0567542641,4c4aa07c4c65af74,ETHUSDT,1h,SHORT_ONLY,HISTORICAL_CHALLENGE/year_2022,2022.0,base,49,24,25,0,1779.440507267664,36.31511239321763,1.7997619410976236,48.97959183673469,-2.765829910004444,DESCRIPTIVE_SAMPLE,volatility,high,100.0,100.0,historical
donchian_atr,eth_short_historical_falsification_v1_donchian_atr,20261008T183843Z-788bbf8b61dc,eaca7db6a6ab45188064bf0567542641,4c4aa07c4c65af74,ETHUSDT,1h,SHORT_ONLY,HISTORICAL_CHALLENGE/year_2022,2022.0,base,0,0,0,0,0.0,,,,,INSUFFICIENT_SAMPLE,volatility,ordinary,0.0,0.0,historical
donchian_atr,eth_short_historical_falsification_v1_donchian_atr,20261008T183843Z-788bbf8b61dc,eaca7db6a6ab45188064bf0567542641,4c4aa07c4c65af74,ETHUSDT,1h,SHORT_ONLY,HISTORICAL_CHALLENGE/year_2022,2022.0,base,0,0,0,0,0.0,,,,,INSUFFICIENT_SAMPLE,volatility,unavailable,0.0,0.0,historical
donchian_atr,eth_short_historical_falsification_v1_donchian_atr,20261008T183843Z-788bbf8b61dc,eaca7db6a6ab45188064bf0567542641,4c4aa07c4c65af74,ETHUSDT,1h,SHORT_ONLY,HISTORICAL_CHALLENGE/year_2022,2022.0,base,49,24,25,0,1779.440507267664,36.31511239321763,1.7997619410976236,48.97959183673469,-2.765829910004444,DESCRIPTIVE_SAMPLE,combined,bearish/high,100.0,100.0,historical
donchian_atr,eth_short_historical_falsification_v1_donchian_atr,20261008T183843Z-788bbf8b61dc,eaca7db6a6ab45188064bf0567542641,4c4aa07c4c65af74,ETHUSDT,1h,SHORT_ONLY,HISTORICAL_CHALLENGE/year_2022,2022.0,base,0,0,0,0,0.0,,,,,INSUFFICIENT_SAMPLE,combined,bearish/ordinary,0.0,0.0,historical
donchian_atr,eth_short_historical_falsification_v1_donchian_atr,20261008T183843Z-788bbf8b61dc,eaca7db6a6ab45188064bf0567542641,4c4aa07c4c65af74,ETHUSDT,1h,SHORT_ONLY,HISTORICAL_CHALLENGE/year_2022,2022.0,base,0,0,0,0,0.0,,,,,INSUFFICIENT_SAMPLE,combined,bearish/unavailable,0.0,0.0,historical
donchian_atr,eth_short_historical_falsification_v1_donchian_atr,20261008T183843Z-788bbf8b61dc,eaca7db6a6ab45188064bf0567542641,4c4aa07c4c65af74,ETHUSDT,1h,SHORT_ONLY,HISTORICAL_CHALLENGE/year_2022,2022.0,base,0,0,0,0,0.0,,,,,INSUFFICIENT_SAMPLE,combined,bullish/high,0.0,0.0,historical
donchian_atr,eth_short_historical_falsification_v1_donchian_atr,20261008T183843Z-788bbf8b61dc,eaca7db6a6ab45188064bf0567542641,4c4aa07c4c65af74,ETHUSDT,1h,SHORT_ONLY,HISTORICAL_CHALLENGE/year_2022,2022.0,base,0,0,0,0,0.0,,,,,INSUFFICIENT_SAMPLE,combined,bullish/ordinary,0.0,0.0,historical
donchian_atr,eth_short_historical_falsification_v1_donchian_atr,20261008T183843Z-788bbf8b61dc,eaca7db6a6ab45188064bf0567542641,4c4aa07c4c65af74,ETHUSDT,1h,SHORT_ONLY,HISTORICAL_CHALLENGE/year_2022,2022.0,base,0,0,0,0,0.0,,,,,INSUFFICIENT_SAMPLE,combined,bullish/unavailable,0.0,0.0,historical
donchian_atr,eth_short_historical_falsification_v1_donchian_atr,20261008T183843Z-788bbf8b61dc,eaca7db6a6ab45188064bf0567542641,4c4aa07c4c65af74,ETHUSDT,1h,SHORT_ONLY,HISTORICAL_CHALLENGE/year_2022,2022.0,base,0,0,0,0,0.0,,,,,INSUFFICIENT_SAMPLE,combined,mixed/high,0.0,0.0,historical
donchian_atr,eth_short_historical_falsification_v1_donchian_atr,20261008T183843Z-788bbf8b61dc,eaca7db6a6ab45188064bf0567542641,4c4aa07c4c65af74,ETHUSDT,1h,SHORT_ONLY,HISTORICAL_CHALLENGE/year_2022,2022.0,base,0,0,0,0,0.0,,,,,INSUFFICIENT_SAMPLE,combined,mixed/ordinary,0.0,0.0,historical
donchian_atr,eth_short_historical_falsification_v1_donchian_atr,20261008T183843Z-788bbf8b61dc,eaca7db6a6ab45188064bf0567542641,4c4aa07c4c65af74,ETHUSDT,1h,SHORT_ONLY,HISTORICAL_CHALLENGE/year_2022,2022.0,base,0,0,0,0,0.0,,,,,INSUFFICIENT_SAMPLE,combined,mixed/unavailable,0.0,0.0,historical
donchian_atr,eth_short_historical_falsification_v1_donchian_atr,20261008T183843Z-788bbf8b61dc,eaca7db6a6ab45188064bf0567542641,4c4aa07c4c65af74,ETHUSDT,1h,SHORT_ONLY,HISTORICAL_CHALLENGE/year_2022,2022.0,base,0,0,0,0,0.0,,,,,INSUFFICIENT_SAMPLE,combined,unavailable/high,0.0,0.0,historical
donchian_atr,eth_short_historical_falsification_v1_donchian_atr,20261008T183843Z-788bbf8b61dc,eaca7db6a6ab45188064bf0567542641,4c4aa07c4c65af74,ETHUSDT,1h,SHORT_ONLY,HISTORICAL_CHALLENGE/year_2022,2022.0,base,0,0,0,0,0.0,,,,,INSUFFICIENT_SAMPLE,combined,unavailable/ordinary,0.0,0.0,historical
donchian_atr,eth_short_historical_falsification_v1_donchian_atr,20261008T183843Z-788bbf8b61dc,eaca7db6a6ab45188064bf0567542641,4c4aa07c4c65af74,ETHUSDT,1h,SHORT_ONLY,HISTORICAL_CHALLENGE/year_2022,2022.0,base,0,0,0,0,0.0,,,,,INSUFFICIENT_SAMPLE,combined,unavailable/unavailable,0.0,0.0,historical
donchian_atr,eth_short_historical_falsification_v1_donchian_atr,20261008T183843Z-788bbf8b61dc,ba2f313f37c6439980de7694627ca91a,4c4aa07c4c65af74,ETHUSDT,1h,SHORT_ONLY,HISTORICAL_CHALLENGE/year_2022,2022.0,adverse,49,24,25,0,1557.0638321669346,31.77681290136601,1.6750311517115686,48.97959183673469,-46.51144318581432,DESCRIPTIVE_SAMPLE,trend,bearish,100.0,100.00000000000004,historical
donchian_atr,eth_short_historical_falsification_v1_donchian_atr,20261008T183843Z-788bbf8b61dc,ba2f313f37c6439980de7694627ca91a,4c4aa07c4c65af74,ETHUSDT,1h,SHORT_ONLY,HISTORICAL_CHALLENGE/year_2022,2022.0,adverse,0,0,0,0,0.0,,,,,INSUFFICIENT_SAMPLE,trend,bullish,0.0,0.0,historical
donchian_atr,eth_short_historical_falsification_v1_donchian_atr,20261008T183843Z-788bbf8b61dc,ba2f313f37c6439980de7694627ca91a,4c4aa07c4c65af74,ETHUSDT,1h,SHORT_ONLY,HISTORICAL_CHALLENGE/year_2022,2022.0,adverse,0,0,0,0,0.0,,,,,INSUFFICIENT_SAMPLE,trend,mixed,0.0,0.0,historical
donchian_atr,eth_short_historical_falsification_v1_donchian_atr,20261008T183843Z-788bbf8b61dc,ba2f313f37c6439980de7694627ca91a,4c4aa07c4c65af74,ETHUSDT,1h,SHORT_ONLY,HISTORICAL_CHALLENGE/year_2022,2022.0,adverse,0,0,0,0,0.0,,,,,INSUFFICIENT_SAMPLE,trend,unavailable,0.0,0.0,historical
donchian_atr,eth_short_historical_falsification_v1_donchian_atr,20261008T183843Z-788bbf8b61dc,ba2f313f37c6439980de7694627ca91a,4c4aa07c4c65af74,ETHUSDT,1h,SHORT_ONLY,HISTORICAL_CHALLENGE/year_2022,2022.0,adverse,49,24,25,0,1557.0638321669346,31.77681290136601,1.6750311517115686,48.97959183673469,-46.51144318581432,DESCRIPTIVE_SAMPLE,volatility,high,100.0,100.00000000000004,historical
donchian_atr,eth_short_historical_falsification_v1_donchian_atr,20261008T183843Z-788bbf8b61dc,ba2f313f37c6439980de7694627ca91a,4c4aa07c4c65af74,ETHUSDT,1h,SHORT_ONLY,HISTORICAL_CHALLENGE/year_2022,2022.0,adverse,0,0,0,0,0.0,,,,,INSUFFICIENT_SAMPLE,volatility,ordinary,0.0,0.0,historical
donchian_atr,eth_short_historical_falsification_v1_donchian_atr,20261008T183843Z-788bbf8b61dc,ba2f313f37c6439980de7694627ca91a,4c4aa07c4c65af74,ETHUSDT,1h,SHORT_ONLY,HISTORICAL_CHALLENGE/year_2022,2022.0,adverse,0,0,0,0,0.0,,,,,INSUFFICIENT_SAMPLE,volatility,unavailable,0.0,0.0,historical
donchian_atr,eth_short_historical_falsification_v1_donchian_atr,20261008T183843Z-788bbf8b61dc,ba2f313f37c6439980de7694627ca91a,4c4aa07c4c65af74,ETHUSDT,1h,SHORT_ONLY,HISTORICAL_CHALLENGE/year_2022,2022.0,adverse,49,24,25,0,1557.0638321669346,31.77681290136601,1.6750311517115686,48.97959183673469,-46.51144318581432,DESCRIPTIVE_SAMPLE,combined,bearish/high,100.0,100.00000000000004,historical
donchian_atr,eth_short_historical_falsification_v1_donchian_atr,20261008T183843Z-788bbf8b61dc,ba2f313f37c6439980de7694627ca91a,4c4aa07c4c65af74,ETHUSDT,1h,SHORT_ONLY,HISTORICAL_CHALLENGE/year_2022,2022.0,adverse,0,0,0,0,0.0,,,,,INSUFFICIENT_SAMPLE,combined,bearish/ordinary,0.0,0.0,historical
donchian_atr,eth_short_historical_falsification_v1_donchian_atr,20261008T183843Z-788bbf8b61dc,ba2f313f37c6439980de7694627ca91a,4c4aa07c4c65af74,ETHUSDT,1h,SHORT_ONLY,HISTORICAL_CHALLENGE/year_2022,2022.0,adverse,0,0,0,0,0.0,,,,,INSUFFICIENT_SAMPLE,combined,bearish/unavailable,0.0,0.0,historical
donchian_atr,eth_short_historical_falsification_v1_donchian_atr,20261008T183843Z-788bbf8b61dc,ba2f313f37c6439980de7694627ca91a,4c4aa07c4c65af74,ETHUSDT,1h,SHORT_ONLY,HISTORICAL_CHALLENGE/year_2022,2022.0,adverse,0,0,0,0,0.0,,,,,INSUFFICIENT_SAMPLE,combined,bullish/high,0.0,0.0,historical
donchian_atr,eth_short_historical_falsification_v1_donchian_atr,20261008T183843Z-788bbf8b61dc,ba2f313f37c6439980de7694627ca91a,4c4aa07c4c65af74,ETHUSDT,1h,SHORT_ONLY,HISTORICAL_CHALLENGE/year_2022,2022.0,adverse,0,0,0,0,0.0,,,,,INSUFFICIENT_SAMPLE,combined,bullish/ordinary,0.0,0.0,historical
donchian_atr,eth_short_historical_falsification_v1_donchian_atr,20261008T183843Z-788bbf8b61dc,ba2f313f37c6439980de7694627ca91a,4c4aa07c4c65af74,ETHUSDT,1h,SHORT_ONLY,HISTORICAL_CHALLENGE/year_2022,2022.0,adverse,0,0,0,0,0.0,,,,,INSUFFICIENT_SAMPLE,combined,bullish/unavailable,0.0,0.0,historical
donchian_atr,eth_short_historical_falsification_v1_donchian_atr,20261008T183843Z-788bbf8b61dc,ba2f313f37c6439980de7694627ca91a,4c4aa07c4c65af74,ETHUSDT,1h,SHORT_ONLY,HISTORICAL_CHALLENGE/year_2022,2022.0,adverse,0,0,0,0,0.0,,,,,INSUFFICIENT_SAMPLE,combined,mixed/high,0.0,0.0,historical
donchian_atr,eth_short_historical_falsification_v1_donchian_atr,20261008T183843Z-788bbf8b61dc,ba2f313f37c6439980de7694627ca91a,4c4aa07c4c65af74,ETHUSDT,1h,SHORT_ONLY,HISTORICAL_CHALLENGE/year_2022,2022.0,adverse,0,0,0,0,0.0,,,,,INSUFFICIENT_SAMPLE,combined,mixed/ordinary,0.0,0.0,historical
donchian_atr,eth_short_historical_falsification_v1_donchian_atr,20261008T183843Z-788bbf8b61dc,ba2f313f37c6439980de7694627ca91a,4c4aa07c4c65af74,ETHUSDT,1h,SHORT_ONLY,HISTORICAL_CHALLENGE/year_2022,2022.0,adverse,0,0,0,0,0.0,,,,,INSUFFICIENT_SAMPLE,combined,mixed/unavailable,0.0,0.0,historical
donchian_atr,eth_short_historical_falsification_v1_donchian_atr,20261008T183843Z-788bbf8b61dc,ba2f313f37c6439980de7694627ca91a,4c4aa07c4c65af74,ETHUSDT,1h,SHORT_ONLY,HISTORICAL_CHALLENGE/year_2022,2022.0,adverse,0,0,0,0,0.0,,,,,INSUFFICIENT_SAMPLE,combined,unavailable/high,0.0,0.0,historical
donchian_atr,eth_short_historical_falsification_v1_donchian_atr,20261008T183843Z-788bbf8b61dc,ba2f313f37c6439980de7694627ca91a,4c4aa07c4c65af74,ETHUSDT,1h,SHORT_ONLY,HISTORICAL_CHALLENGE/year_2022,2022.0,adverse,0,0,0,0,0.0,,,,,INSUFFICIENT_SAMPLE,combined,unavailable/ordinary,0.0,0.0,historical
donchian_atr,eth_short_historical_falsification_v1_donchian_atr,20261008T183843Z-788bbf8b61dc,ba2f313f37c6439980de7694627ca91a,4c4aa07c4c65af74,ETHUSDT,1h,SHORT_ONLY,HISTORICAL_CHALLENGE/year_2022,2022.0,adverse,0,0,0,0,0.0,,,,,INSUFFICIENT_SAMPLE,combined,unavailable/unavailable,0.0,0.0,historical
donchian_atr,eth_short_historical_falsification_v1_donchian_atr,20261008T183843Z-788bbf8b61dc,b6dd09936bc743d0b57065372c4614d4,db2f1a56c8656a10,ETHUSDT,1h,SHORT_ONLY,HISTORICAL_CHALLENGE/year_2020,2020.0,base,33,10,23,0,-241.2619992386524,-7.310969673898557,0.8666790324950236,30.303030303030305,-67.9081858353885,DESCRIPTIVE_SAMPLE,trend,bearish,100.0,,historical
donchian_atr,eth_short_historical_falsification_v1_donchian_atr,20261008T183843Z-788bbf8b61dc,b6dd09936bc743d0b57065372c4614d4,db2f1a56c8656a10,ETHUSDT,1h,SHORT_ONLY,HISTORICAL_CHALLENGE/year_2020,2020.0,base,0,0,0,0,0.0,,,,,INSUFFICIENT_SAMPLE,trend,bullish,0.0,,historical
donchian_atr,eth_short_historical_falsification_v1_donchian_atr,20261008T183843Z-788bbf8b61dc,b6dd09936bc743d0b57065372c4614d4,db2f1a56c8656a10,ETHUSDT,1h,SHORT_ONLY,HISTORICAL_CHALLENGE/year_2020,2020.0,base,0,0,0,0,0.0,,,,,INSUFFICIENT_SAMPLE,trend,mixed,0.0,,historical
donchian_atr,eth_short_historical_falsification_v1_donchian_atr,20261008T183843Z-788bbf8b61dc,b6dd09936bc743d0b57065372c4614d4,db2f1a56c8656a10,ETHUSDT,1h,SHORT_ONLY,HISTORICAL_CHALLENGE/year_2020,2020.0,base,0,0,0,0,0.0,,,,,INSUFFICIENT_SAMPLE,trend,unavailable,0.0,,historical
donchian_atr,eth_short_historical_falsification_v1_donchian_atr,20261008T183843Z-788bbf8b61dc,b6dd09936bc743d0b57065372c4614d4,db2f1a56c8656a10,ETHUSDT,1h,SHORT_ONLY,HISTORICAL_CHALLENGE/year_2020,2020.0,base,33,10,23,0,-241.2619992386524,-7.310969673898557,0.8666790324950236,30.303030303030305,-67.9081858353885,DESCRIPTIVE_SAMPLE,volatility,high,100.0,,historical
donchian_atr,eth_short_historical_falsification_v1_donchian_atr,20261008T183843Z-788bbf8b61dc,b6dd09936bc743d0b57065372c4614d4,db2f1a56c8656a10,ETHUSDT,1h,SHORT_ONLY,HISTORICAL_CHALLENGE/year_2020,2020.0,base,0,0,0,0,0.0,,,,,INSUFFICIENT_SAMPLE,volatility,ordinary,0.0,,historical
donchian_atr,eth_short_historical_falsification_v1_donchian_atr,20261008T183843Z-788bbf8b61dc,b6dd09936bc743d0b57065372c4614d4,db2f1a56c8656a10,ETHUSDT,1h,SHORT_ONLY,HISTORICAL_CHALLENGE/year_2020,2020.0,base,0,0,0,0,0.0,,,,,INSUFFICIENT_SAMPLE,volatility,unavailable,0.0,,historical
donchian_atr,eth_short_historical_falsification_v1_donchian_atr,20261008T183843Z-788bbf8b61dc,b6dd09936bc743d0b57065372c4614d4,db2f1a56c8656a10,ETHUSDT,1h,SHORT_ONLY,HISTORICAL_CHALLENGE/year_2020,2020.0,base,33,10,23,0,-241.2619992386524,-7.310969673898557,0.8666790324950236,30.303030303030305,-67.9081858353885,DESCRIPTIVE_SAMPLE,combined,bearish/high,100.0,,historical
donchian_atr,eth_short_historical_falsification_v1_donchian_atr,20261008T183843Z-788bbf8b61dc,b6dd09936bc743d0b57065372c4614d4,db2f1a56c8656a10,ETHUSDT,1h,SHORT_ONLY,HISTORICAL_CHALLENGE/year_2020,2020.0,base,0,0,0,0,0.0,,,,,INSUFFICIENT_SAMPLE,combined,bearish/ordinary,0.0,,historical
donchian_atr,eth_short_historical_falsification_v1_donchian_atr,20261008T183843Z-788bbf8b61dc,b6dd09936bc743d0b57065372c4614d4,db2f1a56c8656a10,ETHUSDT,1h,SHORT_ONLY,HISTORICAL_CHALLENGE/year_2020,2020.0,base,0,0,0,0,0.0,,,,,INSUFFICIENT_SAMPLE,combined,bearish/unavailable,0.0,,historical
donchian_atr,eth_short_historical_falsification_v1_donchian_atr,20261008T183843Z-788bbf8b61dc,b6dd09936bc743d0b57065372c4614d4,db2f1a56c8656a10,ETHUSDT,1h,SHORT_ONLY,HISTORICAL_CHALLENGE/year_2020,2020.0,base,0,0,0,0,0.0,,,,,INSUFFICIENT_SAMPLE,combined,bullish/high,0.0,,historical
donchian_atr,eth_short_historical_falsification_v1_donchian_atr,20261008T183843Z-788bbf8b61dc,b6dd09936bc743d0b57065372c4614d4,db2f1a56c8656a10,ETHUSDT,1h,SHORT_ONLY,HISTORICAL_CHALLENGE/year_2020,2020.0,base,0,0,0,0,0.0,,,,,INSUFFICIENT_SAMPLE,combined,bullish/ordinary,0.0,,historical
donchian_atr,eth_short_historical_falsification_v1_donchian_atr,20261008T183843Z-788bbf8b61dc,b6dd09936bc743d0b57065372c4614d4,db2f1a56c8656a10,ETHUSDT,1h,SHORT_ONLY,HISTORICAL_CHALLENGE/year_2020,2020.0,base,0,0,0,0,0.0,,,,,INSUFFICIENT_SAMPLE,combined,bullish/unavailable,0.0,,historical
donchian_atr,eth_short_historical_falsification_v1_donchian_atr,20261008T183843Z-788bbf8b61dc,b6dd09936bc743d0b57065372c4614d4,db2f1a56c8656a10,ETHUSDT,1h,SHORT_ONLY,HISTORICAL_CHALLENGE/year_2020,2020.0,base,0,0,0,0,0.0,,,,,INSUFFICIENT_SAMPLE,combined,mixed/high,0.0,,historical
donchian_atr,eth_short_historical_falsification_v1_donchian_atr,20261008T183843Z-788bbf8b61dc,b6dd09936bc743d0b57065372c4614d4,db2f1a56c8656a10,ETHUSDT,1h,SHORT_ONLY,HISTORICAL_CHALLENGE/year_2020,2020.0,base,0,0,0,0,0.0,,,,,INSUFFICIENT_SAMPLE,combined,mixed/ordinary,0.0,,historical
donchian_atr,eth_short_historical_falsification_v1_donchian_atr,20261008T183843Z-788bbf8b61dc,b6dd09936bc743d0b57065372c4614d4,db2f1a56c8656a10,ETHUSDT,1h,SHORT_ONLY,HISTORICAL_CHALLENGE/year_2020,2020.0,base,0,0,0,0,0.0,,,,,INSUFFICIENT_SAMPLE,combined,mixed/unavailable,0.0,,historical
donchian_atr,eth_short_historical_falsification_v1_donchian_atr,20261008T183843Z-788bbf8b61dc,b6dd09936bc743d0b57065372c4614d4,db2f1a56c8656a10,ETHUSDT,1h,SHORT_ONLY,HISTORICAL_CHALLENGE/year_2020,2020.0,base,0,0,0,0,0.0,,,,,INSUFFICIENT_SAMPLE,combined,unavailable/high,0.0,,historical
donchian_atr,eth_short_historical_falsification_v1_donchian_atr,20261008T183843Z-788bbf8b61dc,b6dd09936bc743d0b57065372c4614d4,db2f1a56c8656a10,ETHUSDT,1h,SHORT_ONLY,HISTORICAL_CHALLENGE/year_2020,2020.0,base,0,0,0,0,0.0,,,,,INSUFFICIENT_SAMPLE,combined,unavailable/ordinary,0.0,,historical
donchian_atr,eth_short_historical_falsification_v1_donchian_atr,20261008T183843Z-788bbf8b61dc,b6dd09936bc743d0b57065372c4614d4,db2f1a56c8656a10,ETHUSDT,1h,SHORT_ONLY,HISTORICAL_CHALLENGE/year_2020,2020.0,base,0,0,0,0,0.0,,,,,INSUFFICIENT_SAMPLE,combined,unavailable/unavailable,0.0,,historical
donchian_atr,eth_short_historical_falsification_v1_donchian_atr,20261008T183843Z-788bbf8b61dc,f9984a271dd641b2b84e50494dcb45d7,db2f1a56c8656a10,ETHUSDT,1h,SHORT_ONLY,HISTORICAL_CHALLENGE/year_2020,2020.0,adverse,33,10,23,0,-338.2032849534855,-10.248584392529864,0.8177197492616362,30.303030303030305,-70.59932153822747,DESCRIPTIVE_SAMPLE,trend,bearish,100.0,,historical
donchian_atr,eth_short_historical_falsification_v1_donchian_atr,20261008T183843Z-788bbf8b61dc,f9984a271dd641b2b84e50494dcb45d7,db2f1a56c8656a10,ETHUSDT,1h,SHORT_ONLY,HISTORICAL_CHALLENGE/year_2020,2020.0,adverse,0,0,0,0,0.0,,,,,INSUFFICIENT_SAMPLE,trend,bullish,0.0,,historical
donchian_atr,eth_short_historical_falsification_v1_donchian_atr,20261008T183843Z-788bbf8b61dc,f9984a271dd641b2b84e50494dcb45d7,db2f1a56c8656a10,ETHUSDT,1h,SHORT_ONLY,HISTORICAL_CHALLENGE/year_2020,2020.0,adverse,0,0,0,0,0.0,,,,,INSUFFICIENT_SAMPLE,trend,mixed,0.0,,historical
donchian_atr,eth_short_historical_falsification_v1_donchian_atr,20261008T183843Z-788bbf8b61dc,f9984a271dd641b2b84e50494dcb45d7,db2f1a56c8656a10,ETHUSDT,1h,SHORT_ONLY,HISTORICAL_CHALLENGE/year_2020,2020.0,adverse,0,0,0,0,0.0,,,,,INSUFFICIENT_SAMPLE,trend,unavailable,0.0,,historical
donchian_atr,eth_short_historical_falsification_v1_donchian_atr,20261008T183843Z-788bbf8b61dc,f9984a271dd641b2b84e50494dcb45d7,db2f1a56c8656a10,ETHUSDT,1h,SHORT_ONLY,HISTORICAL_CHALLENGE/year_2020,2020.0,adverse,33,10,23,0,-338.2032849534855,-10.248584392529864,0.8177197492616362,30.303030303030305,-70.59932153822747,DESCRIPTIVE_SAMPLE,volatility,high,100.0,,historical
donchian_atr,eth_short_historical_falsification_v1_donchian_atr,20261008T183843Z-788bbf8b61dc,f9984a271dd641b2b84e50494dcb45d7,db2f1a56c8656a10,ETHUSDT,1h,SHORT_ONLY,HISTORICAL_CHALLENGE/year_2020,2020.0,adverse,0,0,0,0,0.0,,,,,INSUFFICIENT_SAMPLE,volatility,ordinary,0.0,,historical
donchian_atr,eth_short_historical_falsification_v1_donchian_atr,20261008T183843Z-788bbf8b61dc,f9984a271dd641b2b84e50494dcb45d7,db2f1a56c8656a10,ETHUSDT,1h,SHORT_ONLY,HISTORICAL_CHALLENGE/year_2020,2020.0,adverse,0,0,0,0,0.0,,,,,INSUFFICIENT_SAMPLE,volatility,unavailable,0.0,,historical
donchian_atr,eth_short_historical_falsification_v1_donchian_atr,20261008T183843Z-788bbf8b61dc,f9984a271dd641b2b84e50494dcb45d7,db2f1a56c8656a10,ETHUSDT,1h,SHORT_ONLY,HISTORICAL_CHALLENGE/year_2020,2020.0,adverse,33,10,23,0,-338.2032849534855,-10.248584392529864,0.8177197492616362,30.303030303030305,-70.59932153822747,DESCRIPTIVE_SAMPLE,combined,bearish/high,100.0,,historical
donchian_atr,eth_short_historical_falsification_v1_donchian_atr,20261008T183843Z-788bbf8b61dc,f9984a271dd641b2b84e50494dcb45d7,db2f1a56c8656a10,ETHUSDT,1h,SHORT_ONLY,HISTORICAL_CHALLENGE/year_2020,2020.0,adverse,0,0,0,0,0.0,,,,,INSUFFICIENT_SAMPLE,combined,bearish/ordinary,0.0,,historical
donchian_atr,eth_short_historical_falsification_v1_donchian_atr,20261008T183843Z-788bbf8b61dc,f9984a271dd641b2b84e50494dcb45d7,db2f1a56c8656a10,ETHUSDT,1h,SHORT_ONLY,HISTORICAL_CHALLENGE/year_2020,2020.0,adverse,0,0,0,0,0.0,,,,,INSUFFICIENT_SAMPLE,combined,bearish/unavailable,0.0,,historical
donchian_atr,eth_short_historical_falsification_v1_donchian_atr,20261008T183843Z-788bbf8b61dc,f9984a271dd641b2b84e50494dcb45d7,db2f1a56c8656a10,ETHUSDT,1h,SHORT_ONLY,HISTORICAL_CHALLENGE/year_2020,2020.0,adverse,0,0,0,0,0.0,,,,,INSUFFICIENT_SAMPLE,combined,bullish/high,0.0,,historical
donchian_atr,eth_short_historical_falsification_v1_donchian_atr,20261008T183843Z-788bbf8b61dc,f9984a271dd641b2b84e50494dcb45d7,db2f1a56c8656a10,ETHUSDT,1h,SHORT_ONLY,HISTORICAL_CHALLENGE/year_2020,2020.0,adverse,0,0,0,0,0.0,,,,,INSUFFICIENT_SAMPLE,combined,bullish/ordinary,0.0,,historical
donchian_atr,eth_short_historical_falsification_v1_donchian_atr,20261008T183843Z-788bbf8b61dc,f9984a271dd641b2b84e50494dcb45d7,db2f1a56c8656a10,ETHUSDT,1h,SHORT_ONLY,HISTORICAL_CHALLENGE/year_2020,2020.0,adverse,0,0,0,0,0.0,,,,,INSUFFICIENT_SAMPLE,combined,bullish/unavailable,0.0,,historical
donchian_atr,eth_short_historical_falsification_v1_donchian_atr,20261008T183843Z-788bbf8b61dc,f9984a271dd641b2b84e50494dcb45d7,db2f1a56c8656a10,ETHUSDT,1h,SHORT_ONLY,HISTORICAL_CHALLENGE/year_2020,2020.0,adverse,0,0,0,0,0.0,,,,,INSUFFICIENT_SAMPLE,combined,mixed/high,0.0,,historical
donchian_atr,eth_short_historical_falsification_v1_donchian_atr,20261008T183843Z-788bbf8b61dc,f9984a271dd641b2b84e50494dcb45d7,db2f1a56c8656a10,ETHUSDT,1h,SHORT_ONLY,HISTORICAL_CHALLENGE/year_2020,2020.0,adverse,0,0,0,0,0.0,,,,,INSUFFICIENT_SAMPLE,combined,mixed/ordinary,0.0,,historical
donchian_atr,eth_short_historical_falsification_v1_donchian_atr,20261008T183843Z-788bbf8b61dc,f9984a271dd641b2b84e50494dcb45d7,db2f1a56c8656a10,ETHUSDT,1h,SHORT_ONLY,HISTORICAL_CHALLENGE/year_2020,2020.0,adverse,0,0,0,0,0.0,,,,,INSUFFICIENT_SAMPLE,combined,mixed/unavailable,0.0,,historical
donchian_atr,eth_short_historical_falsification_v1_donchian_atr,20261008T183843Z-788bbf8b61dc,f9984a271dd641b2b84e50494dcb45d7,db2f1a56c8656a10,ETHUSDT,1h,SHORT_ONLY,HISTORICAL_CHALLENGE/year_2020,2020.0,adverse,0,0,0,0,0.0,,,,,INSUFFICIENT_SAMPLE,combined,unavailable/high,0.0,,historical
donchian_atr,eth_short_historical_falsification_v1_donchian_atr,20261008T183843Z-788bbf8b61dc,f9984a271dd641b2b84e50494dcb45d7,db2f1a56c8656a10,ETHUSDT,1h,SHORT_ONLY,HISTORICAL_CHALLENGE/year_2020,2020.0,adverse,0,0,0,0,0.0,,,,,INSUFFICIENT_SAMPLE,combined,unavailable/ordinary,0.0,,historical
donchian_atr,eth_short_historical_falsification_v1_donchian_atr,20261008T183843Z-788bbf8b61dc,f9984a271dd641b2b84e50494dcb45d7,db2f1a56c8656a10,ETHUSDT,1h,SHORT_ONLY,HISTORICAL_CHALLENGE/year_2020,2020.0,adverse,0,0,0,0,0.0,,,,,INSUFFICIENT_SAMPLE,combined,unavailable/unavailable,0.0,,historical
donchian_atr,eth_short_historical_falsification_v1_donchian_atr,20261008T183843Z-788bbf8b61dc,7002c16fe536428faa6f80031796ed39,db2f1a56c8656a10,ETHUSDT,1h,SHORT_ONLY,HISTORICAL_CHALLENGE/year_2021,2021.0,base,24,10,14,0,355.23858410779707,14.80160767115821,1.2688345141716704,41.66666666666666,-76.55074220478535,DESCRIPTIVE_SAMPLE,trend,bearish,100.0,100.0,historical
donchian_atr,eth_short_historical_falsification_v1_donchian_atr,20261008T183843Z-788bbf8b61dc,7002c16fe536428faa6f80031796ed39,db2f1a56c8656a10,ETHUSDT,1h,SHORT_ONLY,HISTORICAL_CHALLENGE/year_2021,2021.0,base,0,0,0,0,0.0,,,,,INSUFFICIENT_SAMPLE,trend,bullish,0.0,0.0,historical
donchian_atr,eth_short_historical_falsification_v1_donchian_atr,20261008T183843Z-788bbf8b61dc,7002c16fe536428faa6f80031796ed39,db2f1a56c8656a10,ETHUSDT,1h,SHORT_ONLY,HISTORICAL_CHALLENGE/year_2021,2021.0,base,0,0,0,0,0.0,,,,,INSUFFICIENT_SAMPLE,trend,mixed,0.0,0.0,historical
donchian_atr,eth_short_historical_falsification_v1_donchian_atr,20261008T183843Z-788bbf8b61dc,7002c16fe536428faa6f80031796ed39,db2f1a56c8656a10,ETHUSDT,1h,SHORT_ONLY,HISTORICAL_CHALLENGE/year_2021,2021.0,base,0,0,0,0,0.0,,,,,INSUFFICIENT_SAMPLE,trend,unavailable,0.0,0.0,historical
donchian_atr,eth_short_historical_falsification_v1_donchian_atr,20261008T183843Z-788bbf8b61dc,7002c16fe536428faa6f80031796ed39,db2f1a56c8656a10,ETHUSDT,1h,SHORT_ONLY,HISTORICAL_CHALLENGE/year_2021,2021.0,base,24,10,14,0,355.23858410779707,14.80160767115821,1.2688345141716704,41.66666666666666,-76.55074220478535,DESCRIPTIVE_SAMPLE,volatility,high,100.0,100.0,historical
donchian_atr,eth_short_historical_falsification_v1_donchian_atr,20261008T183843Z-788bbf8b61dc,7002c16fe536428faa6f80031796ed39,db2f1a56c8656a10,ETHUSDT,1h,SHORT_ONLY,HISTORICAL_CHALLENGE/year_2021,2021.0,base,0,0,0,0,0.0,,,,,INSUFFICIENT_SAMPLE,volatility,ordinary,0.0,0.0,historical
donchian_atr,eth_short_historical_falsification_v1_donchian_atr,20261008T183843Z-788bbf8b61dc,7002c16fe536428faa6f80031796ed39,db2f1a56c8656a10,ETHUSDT,1h,SHORT_ONLY,HISTORICAL_CHALLENGE/year_2021,2021.0,base,0,0,0,0,0.0,,,,,INSUFFICIENT_SAMPLE,volatility,unavailable,0.0,0.0,historical
donchian_atr,eth_short_historical_falsification_v1_donchian_atr,20261008T183843Z-788bbf8b61dc,7002c16fe536428faa6f80031796ed39,db2f1a56c8656a10,ETHUSDT,1h,SHORT_ONLY,HISTORICAL_CHALLENGE/year_2021,2021.0,base,24,10,14,0,355.23858410779707,14.80160767115821,1.2688345141716704,41.66666666666666,-76.55074220478535,DESCRIPTIVE_SAMPLE,combined,bearish/high,100.0,100.0,historical
donchian_atr,eth_short_historical_falsification_v1_donchian_atr,20261008T183843Z-788bbf8b61dc,7002c16fe536428faa6f80031796ed39,db2f1a56c8656a10,ETHUSDT,1h,SHORT_ONLY,HISTORICAL_CHALLENGE/year_2021,2021.0,base,0,0,0,0,0.0,,,,,INSUFFICIENT_SAMPLE,combined,bearish/ordinary,0.0,0.0,historical
donchian_atr,eth_short_historical_falsification_v1_donchian_atr,20261008T183843Z-788bbf8b61dc,7002c16fe536428faa6f80031796ed39,db2f1a56c8656a10,ETHUSDT,1h,SHORT_ONLY,HISTORICAL_CHALLENGE/year_2021,2021.0,base,0,0,0,0,0.0,,,,,INSUFFICIENT_SAMPLE,combined,bearish/unavailable,0.0,0.0,historical
donchian_atr,eth_short_historical_falsification_v1_donchian_atr,20261008T183843Z-788bbf8b61dc,7002c16fe536428faa6f80031796ed39,db2f1a56c8656a10,ETHUSDT,1h,SHORT_ONLY,HISTORICAL_CHALLENGE/year_2021,2021.0,base,0,0,0,0,0.0,,,,,INSUFFICIENT_SAMPLE,combined,bullish/high,0.0,0.0,historical
donchian_atr,eth_short_historical_falsification_v1_donchian_atr,20261008T183843Z-788bbf8b61dc,7002c16fe536428faa6f80031796ed39,db2f1a56c8656a10,ETHUSDT,1h,SHORT_ONLY,HISTORICAL_CHALLENGE/year_2021,2021.0,base,0,0,0,0,0.0,,,,,INSUFFICIENT_SAMPLE,combined,bullish/ordinary,0.0,0.0,historical
donchian_atr,eth_short_historical_falsification_v1_donchian_atr,20261008T183843Z-788bbf8b61dc,7002c16fe536428faa6f80031796ed39,db2f1a56c8656a10,ETHUSDT,1h,SHORT_ONLY,HISTORICAL_CHALLENGE/year_2021,2021.0,base,0,0,0,0,0.0,,,,,INSUFFICIENT_SAMPLE,combined,bullish/unavailable,0.0,0.0,historical
donchian_atr,eth_short_historical_falsification_v1_donchian_atr,20261008T183843Z-788bbf8b61dc,7002c16fe536428faa6f80031796ed39,db2f1a56c8656a10,ETHUSDT,1h,SHORT_ONLY,HISTORICAL_CHALLENGE/year_2021,2021.0,base,0,0,0,0,0.0,,,,,INSUFFICIENT_SAMPLE,combined,mixed/high,0.0,0.0,historical
donchian_atr,eth_short_historical_falsification_v1_donchian_atr,20261008T183843Z-788bbf8b61dc,7002c16fe536428faa6f80031796ed39,db2f1a56c8656a10,ETHUSDT,1h,SHORT_ONLY,HISTORICAL_CHALLENGE/year_2021,2021.0,base,0,0,0,0,0.0,,,,,INSUFFICIENT_SAMPLE,combined,mixed/ordinary,0.0,0.0,historical
donchian_atr,eth_short_historical_falsification_v1_donchian_atr,20261008T183843Z-788bbf8b61dc,7002c16fe536428faa6f80031796ed39,db2f1a56c8656a10,ETHUSDT,1h,SHORT_ONLY,HISTORICAL_CHALLENGE/year_2021,2021.0,base,0,0,0,0,0.0,,,,,INSUFFICIENT_SAMPLE,combined,mixed/unavailable,0.0,0.0,historical
donchian_atr,eth_short_historical_falsification_v1_donchian_atr,20261008T183843Z-788bbf8b61dc,7002c16fe536428faa6f80031796ed39,db2f1a56c8656a10,ETHUSDT,1h,SHORT_ONLY,HISTORICAL_CHALLENGE/year_2021,2021.0,base,0,0,0,0,0.0,,,,,INSUFFICIENT_SAMPLE,combined,unavailable/high,0.0,0.0,historical
donchian_atr,eth_short_historical_falsification_v1_donchian_atr,20261008T183843Z-788bbf8b61dc,7002c16fe536428faa6f80031796ed39,db2f1a56c8656a10,ETHUSDT,1h,SHORT_ONLY,HISTORICAL_CHALLENGE/year_2021,2021.0,base,0,0,0,0,0.0,,,,,INSUFFICIENT_SAMPLE,combined,unavailable/ordinary,0.0,0.0,historical
donchian_atr,eth_short_historical_falsification_v1_donchian_atr,20261008T183843Z-788bbf8b61dc,7002c16fe536428faa6f80031796ed39,db2f1a56c8656a10,ETHUSDT,1h,SHORT_ONLY,HISTORICAL_CHALLENGE/year_2021,2021.0,base,0,0,0,0,0.0,,,,,INSUFFICIENT_SAMPLE,combined,unavailable/unavailable,0.0,0.0,historical
donchian_atr,eth_short_historical_falsification_v1_donchian_atr,20261008T183843Z-788bbf8b61dc,63de382bc4e047ca991fbd0b51e4e476,db2f1a56c8656a10,ETHUSDT,1h,SHORT_ONLY,HISTORICAL_CHALLENGE/year_2021,2021.0,adverse,24,9,15,0,-0.7096189873978034,-0.0295674578082418,0.9995022551496764,37.5,-85.14664633972444,DESCRIPTIVE_SAMPLE,trend,bearish,100.0,,historical
donchian_atr,eth_short_historical_falsification_v1_donchian_atr,20261008T183843Z-788bbf8b61dc,63de382bc4e047ca991fbd0b51e4e476,db2f1a56c8656a10,ETHUSDT,1h,SHORT_ONLY,HISTORICAL_CHALLENGE/year_2021,2021.0,adverse,0,0,0,0,0.0,,,,,INSUFFICIENT_SAMPLE,trend,bullish,0.0,,historical
donchian_atr,eth_short_historical_falsification_v1_donchian_atr,20261008T183843Z-788bbf8b61dc,63de382bc4e047ca991fbd0b51e4e476,db2f1a56c8656a10,ETHUSDT,1h,SHORT_ONLY,HISTORICAL_CHALLENGE/year_2021,2021.0,adverse,0,0,0,0,0.0,,,,,INSUFFICIENT_SAMPLE,trend,mixed,0.0,,historical
donchian_atr,eth_short_historical_falsification_v1_donchian_atr,20261008T183843Z-788bbf8b61dc,63de382bc4e047ca991fbd0b51e4e476,db2f1a56c8656a10,ETHUSDT,1h,SHORT_ONLY,HISTORICAL_CHALLENGE/year_2021,2021.0,adverse,0,0,0,0,0.0,,,,,INSUFFICIENT_SAMPLE,trend,unavailable,0.0,,historical
donchian_atr,eth_short_historical_falsification_v1_donchian_atr,20261008T183843Z-788bbf8b61dc,63de382bc4e047ca991fbd0b51e4e476,db2f1a56c8656a10,ETHUSDT,1h,SHORT_ONLY,HISTORICAL_CHALLENGE/year_2021,2021.0,adverse,24,9,15,0,-0.7096189873978034,-0.0295674578082418,0.9995022551496764,37.5,-85.14664633972444,DESCRIPTIVE_SAMPLE,volatility,high,100.0,,historical
donchian_atr,eth_short_historical_falsification_v1_donchian_atr,20261008T183843Z-788bbf8b61dc,63de382bc4e047ca991fbd0b51e4e476,db2f1a56c8656a10,ETHUSDT,1h,SHORT_ONLY,HISTORICAL_CHALLENGE/year_2021,2021.0,adverse,0,0,0,0,0.0,,,,,INSUFFICIENT_SAMPLE,volatility,ordinary,0.0,,historical
donchian_atr,eth_short_historical_falsification_v1_donchian_atr,20261008T183843Z-788bbf8b61dc,63de382bc4e047ca991fbd0b51e4e476,db2f1a56c8656a10,ETHUSDT,1h,SHORT_ONLY,HISTORICAL_CHALLENGE/year_2021,2021.0,adverse,0,0,0,0,0.0,,,,,INSUFFICIENT_SAMPLE,volatility,unavailable,0.0,,historical
donchian_atr,eth_short_historical_falsification_v1_donchian_atr,20261008T183843Z-788bbf8b61dc,63de382bc4e047ca991fbd0b51e4e476,db2f1a56c8656a10,ETHUSDT,1h,SHORT_ONLY,HISTORICAL_CHALLENGE/year_2021,2021.0,adverse,24,9,15,0,-0.7096189873978034,-0.0295674578082418,0.9995022551496764,37.5,-85.14664633972444,DESCRIPTIVE_SAMPLE,combined,bearish/high,100.0,,historical
donchian_atr,eth_short_historical_falsification_v1_donchian_atr,20261008T183843Z-788bbf8b61dc,63de382bc4e047ca991fbd0b51e4e476,db2f1a56c8656a10,ETHUSDT,1h,SHORT_ONLY,HISTORICAL_CHALLENGE/year_2021,2021.0,adverse,0,0,0,0,0.0,,,,,INSUFFICIENT_SAMPLE,combined,bearish/ordinary,0.0,,historical
donchian_atr,eth_short_historical_falsification_v1_donchian_atr,20261008T183843Z-788bbf8b61dc,63de382bc4e047ca991fbd0b51e4e476,db2f1a56c8656a10,ETHUSDT,1h,SHORT_ONLY,HISTORICAL_CHALLENGE/year_2021,2021.0,adverse,0,0,0,0,0.0,,,,,INSUFFICIENT_SAMPLE,combined,bearish/unavailable,0.0,,historical
donchian_atr,eth_short_historical_falsification_v1_donchian_atr,20261008T183843Z-788bbf8b61dc,63de382bc4e047ca991fbd0b51e4e476,db2f1a56c8656a10,ETHUSDT,1h,SHORT_ONLY,HISTORICAL_CHALLENGE/year_2021,2021.0,adverse,0,0,0,0,0.0,,,,,INSUFFICIENT_SAMPLE,combined,bullish/high,0.0,,historical
donchian_atr,eth_short_historical_falsification_v1_donchian_atr,20261008T183843Z-788bbf8b61dc,63de382bc4e047ca991fbd0b51e4e476,db2f1a56c8656a10,ETHUSDT,1h,SHORT_ONLY,HISTORICAL_CHALLENGE/year_2021,2021.0,adverse,0,0,0,0,0.0,,,,,INSUFFICIENT_SAMPLE,combined,bullish/ordinary,0.0,,historical
donchian_atr,eth_short_historical_falsification_v1_donchian_atr,20261008T183843Z-788bbf8b61dc,63de382bc4e047ca991fbd0b51e4e476,db2f1a56c8656a10,ETHUSDT,1h,SHORT_ONLY,HISTORICAL_CHALLENGE/year_2021,2021.0,adverse,0,0,0,0,0.0,,,,,INSUFFICIENT_SAMPLE,combined,bullish/unavailable,0.0,,historical
donchian_atr,eth_short_historical_falsification_v1_donchian_atr,20261008T183843Z-788bbf8b61dc,63de382bc4e047ca991fbd0b51e4e476,db2f1a56c8656a10,ETHUSDT,1h,SHORT_ONLY,HISTORICAL_CHALLENGE/year_2021,2021.0,adverse,0,0,0,0,0.0,,,,,INSUFFICIENT_SAMPLE,combined,mixed/high,0.0,,historical
donchian_atr,eth_short_historical_falsification_v1_donchian_atr,20261008T183843Z-788bbf8b61dc,63de382bc4e047ca991fbd0b51e4e476,db2f1a56c8656a10,ETHUSDT,1h,SHORT_ONLY,HISTORICAL_CHALLENGE/year_2021,2021.0,adverse,0,0,0,0,0.0,,,,,INSUFFICIENT_SAMPLE,combined,mixed/ordinary,0.0,,historical
donchian_atr,eth_short_historical_falsification_v1_donchian_atr,20261008T183843Z-788bbf8b61dc,63de382bc4e047ca991fbd0b51e4e476,db2f1a56c8656a10,ETHUSDT,1h,SHORT_ONLY,HISTORICAL_CHALLENGE/year_2021,2021.0,adverse,0,0,0,0,0.0,,,,,INSUFFICIENT_SAMPLE,combined,mixed/unavailable,0.0,,historical
donchian_atr,eth_short_historical_falsification_v1_donchian_atr,20261008T183843Z-788bbf8b61dc,63de382bc4e047ca991fbd0b51e4e476,db2f1a56c8656a10,ETHUSDT,1h,SHORT_ONLY,HISTORICAL_CHALLENGE/year_2021,2021.0,adverse,0,0,0,0,0.0,,,,,INSUFFICIENT_SAMPLE,combined,unavailable/high,0.0,,historical
donchian_atr,eth_short_historical_falsification_v1_donchian_atr,20261008T183843Z-788bbf8b61dc,63de382bc4e047ca991fbd0b51e4e476,db2f1a56c8656a10,ETHUSDT,1h,SHORT_ONLY,HISTORICAL_CHALLENGE/year_2021,2021.0,adverse,0,0,0,0,0.0,,,,,INSUFFICIENT_SAMPLE,combined,unavailable/ordinary,0.0,,historical
donchian_atr,eth_short_historical_falsification_v1_donchian_atr,20261008T183843Z-788bbf8b61dc,63de382bc4e047ca991fbd0b51e4e476,db2f1a56c8656a10,ETHUSDT,1h,SHORT_ONLY,HISTORICAL_CHALLENGE/year_2021,2021.0,adverse,0,0,0,0,0.0,,,,,INSUFFICIENT_SAMPLE,combined,unavailable/unavailable,0.0,,historical
donchian_atr,eth_short_historical_falsification_v1_donchian_atr,20261008T183843Z-788bbf8b61dc,882c2a05fee748ce94a0bd31db0d53d5,db2f1a56c8656a10,ETHUSDT,1h,SHORT_ONLY,HISTORICAL_CHALLENGE/year_2022,2022.0,base,49,24,25,0,1779.440507267664,36.31511239321763,1.7997619410976236,48.97959183673469,-2.765829910004444,DESCRIPTIVE_SAMPLE,trend,bearish,100.0,100.0,historical
donchian_atr,eth_short_historical_falsification_v1_donchian_atr,20261008T183843Z-788bbf8b61dc,882c2a05fee748ce94a0bd31db0d53d5,db2f1a56c8656a10,ETHUSDT,1h,SHORT_ONLY,HISTORICAL_CHALLENGE/year_2022,2022.0,base,0,0,0,0,0.0,,,,,INSUFFICIENT_SAMPLE,trend,bullish,0.0,0.0,historical
donchian_atr,eth_short_historical_falsification_v1_donchian_atr,20261008T183843Z-788bbf8b61dc,882c2a05fee748ce94a0bd31db0d53d5,db2f1a56c8656a10,ETHUSDT,1h,SHORT_ONLY,HISTORICAL_CHALLENGE/year_2022,2022.0,base,0,0,0,0,0.0,,,,,INSUFFICIENT_SAMPLE,trend,mixed,0.0,0.0,historical
donchian_atr,eth_short_historical_falsification_v1_donchian_atr,20261008T183843Z-788bbf8b61dc,882c2a05fee748ce94a0bd31db0d53d5,db2f1a56c8656a10,ETHUSDT,1h,SHORT_ONLY,HISTORICAL_CHALLENGE/year_2022,2022.0,base,0,0,0,0,0.0,,,,,INSUFFICIENT_SAMPLE,trend,unavailable,0.0,0.0,historical
donchian_atr,eth_short_historical_falsification_v1_donchian_atr,20261008T183843Z-788bbf8b61dc,882c2a05fee748ce94a0bd31db0d53d5,db2f1a56c8656a10,ETHUSDT,1h,SHORT_ONLY,HISTORICAL_CHALLENGE/year_2022,2022.0,base,49,24,25,0,1779.440507267664,36.31511239321763,1.7997619410976236,48.97959183673469,-2.765829910004444,DESCRIPTIVE_SAMPLE,volatility,high,100.0,100.0,historical
donchian_atr,eth_short_historical_falsification_v1_donchian_atr,20261008T183843Z-788bbf8b61dc,882c2a05fee748ce94a0bd31db0d53d5,db2f1a56c8656a10,ETHUSDT,1h,SHORT_ONLY,HISTORICAL_CHALLENGE/year_2022,2022.0,base,0,0,0,0,0.0,,,,,INSUFFICIENT_SAMPLE,volatility,ordinary,0.0,0.0,historical
donchian_atr,eth_short_historical_falsification_v1_donchian_atr,20261008T183843Z-788bbf8b61dc,882c2a05fee748ce94a0bd31db0d53d5,db2f1a56c8656a10,ETHUSDT,1h,SHORT_ONLY,HISTORICAL_CHALLENGE/year_2022,2022.0,base,0,0,0,0,0.0,,,,,INSUFFICIENT_SAMPLE,volatility,unavailable,0.0,0.0,historical
donchian_atr,eth_short_historical_falsification_v1_donchian_atr,20261008T183843Z-788bbf8b61dc,882c2a05fee748ce94a0bd31db0d53d5,db2f1a56c8656a10,ETHUSDT,1h,SHORT_ONLY,HISTORICAL_CHALLENGE/year_2022,2022.0,base,49,24,25,0,1779.440507267664,36.31511239321763,1.7997619410976236,48.97959183673469,-2.765829910004444,DESCRIPTIVE_SAMPLE,combined,bearish/high,100.0,100.0,historical
donchian_atr,eth_short_historical_falsification_v1_donchian_atr,20261008T183843Z-788bbf8b61dc,882c2a05fee748ce94a0bd31db0d53d5,db2f1a56c8656a10,ETHUSDT,1h,SHORT_ONLY,HISTORICAL_CHALLENGE/year_2022,2022.0,base,0,0,0,0,0.0,,,,,INSUFFICIENT_SAMPLE,combined,bearish/ordinary,0.0,0.0,historical
donchian_atr,eth_short_historical_falsification_v1_donchian_atr,20261008T183843Z-788bbf8b61dc,882c2a05fee748ce94a0bd31db0d53d5,db2f1a56c8656a10,ETHUSDT,1h,SHORT_ONLY,HISTORICAL_CHALLENGE/year_2022,2022.0,base,0,0,0,0,0.0,,,,,INSUFFICIENT_SAMPLE,combined,bearish/unavailable,0.0,0.0,historical
donchian_atr,eth_short_historical_falsification_v1_donchian_atr,20261008T183843Z-788bbf8b61dc,882c2a05fee748ce94a0bd31db0d53d5,db2f1a56c8656a10,ETHUSDT,1h,SHORT_ONLY,HISTORICAL_CHALLENGE/year_2022,2022.0,base,0,0,0,0,0.0,,,,,INSUFFICIENT_SAMPLE,combined,bullish/high,0.0,0.0,historical
donchian_atr,eth_short_historical_falsification_v1_donchian_atr,20261008T183843Z-788bbf8b61dc,882c2a05fee748ce94a0bd31db0d53d5,db2f1a56c8656a10,ETHUSDT,1h,SHORT_ONLY,HISTORICAL_CHALLENGE/year_2022,2022.0,base,0,0,0,0,0.0,,,,,INSUFFICIENT_SAMPLE,combined,bullish/ordinary,0.0,0.0,historical
donchian_atr,eth_short_historical_falsification_v1_donchian_atr,20261008T183843Z-788bbf8b61dc,882c2a05fee748ce94a0bd31db0d53d5,db2f1a56c8656a10,ETHUSDT,1h,SHORT_ONLY,HISTORICAL_CHALLENGE/year_2022,2022.0,base,0,0,0,0,0.0,,,,,INSUFFICIENT_SAMPLE,combined,bullish/unavailable,0.0,0.0,historical
donchian_atr,eth_short_historical_falsification_v1_donchian_atr,20261008T183843Z-788bbf8b61dc,882c2a05fee748ce94a0bd31db0d53d5,db2f1a56c8656a10,ETHUSDT,1h,SHORT_ONLY,HISTORICAL_CHALLENGE/year_2022,2022.0,base,0,0,0,0,0.0,,,,,INSUFFICIENT_SAMPLE,combined,mixed/high,0.0,0.0,historical
donchian_atr,eth_short_historical_falsification_v1_donchian_atr,20261008T183843Z-788bbf8b61dc,882c2a05fee748ce94a0bd31db0d53d5,db2f1a56c8656a10,ETHUSDT,1h,SHORT_ONLY,HISTORICAL_CHALLENGE/year_2022,2022.0,base,0,0,0,0,0.0,,,,,INSUFFICIENT_SAMPLE,combined,mixed/ordinary,0.0,0.0,historical
donchian_atr,eth_short_historical_falsification_v1_donchian_atr,20261008T183843Z-788bbf8b61dc,882c2a05fee748ce94a0bd31db0d53d5,db2f1a56c8656a10,ETHUSDT,1h,SHORT_ONLY,HISTORICAL_CHALLENGE/year_2022,2022.0,base,0,0,0,0,0.0,,,,,INSUFFICIENT_SAMPLE,combined,mixed/unavailable,0.0,0.0,historical
donchian_atr,eth_short_historical_falsification_v1_donchian_atr,20261008T183843Z-788bbf8b61dc,882c2a05fee748ce94a0bd31db0d53d5,db2f1a56c8656a10,ETHUSDT,1h,SHORT_ONLY,HISTORICAL_CHALLENGE/year_2022,2022.0,base,0,0,0,0,0.0,,,,,INSUFFICIENT_SAMPLE,combined,unavailable/high,0.0,0.0,historical
donchian_atr,eth_short_historical_falsification_v1_donchian_atr,20261008T183843Z-788bbf8b61dc,882c2a05fee748ce94a0bd31db0d53d5,db2f1a56c8656a10,ETHUSDT,1h,SHORT_ONLY,HISTORICAL_CHALLENGE/year_2022,2022.0,base,0,0,0,0,0.0,,,,,INSUFFICIENT_SAMPLE,combined,unavailable/ordinary,0.0,0.0,historical
donchian_atr,eth_short_historical_falsification_v1_donchian_atr,20261008T183843Z-788bbf8b61dc,882c2a05fee748ce94a0bd31db0d53d5,db2f1a56c8656a10,ETHUSDT,1h,SHORT_ONLY,HISTORICAL_CHALLENGE/year_2022,2022.0,base,0,0,0,0,0.0,,,,,INSUFFICIENT_SAMPLE,combined,unavailable/unavailable,0.0,0.0,historical
donchian_atr,eth_short_historical_falsification_v1_donchian_atr,20261008T183843Z-788bbf8b61dc,cb971eab73f64d958b17655ba5999276,db2f1a56c8656a10,ETHUSDT,1h,SHORT_ONLY,HISTORICAL_CHALLENGE/year_2022,2022.0,adverse,49,24,25,0,1557.0638321669346,31.77681290136601,1.6750311517115686,48.97959183673469,-46.51144318581432,DESCRIPTIVE_SAMPLE,trend,bearish,100.0,100.00000000000004,historical
donchian_atr,eth_short_historical_falsification_v1_donchian_atr,20261008T183843Z-788bbf8b61dc,cb971eab73f64d958b17655ba5999276,db2f1a56c8656a10,ETHUSDT,1h,SHORT_ONLY,HISTORICAL_CHALLENGE/year_2022,2022.0,adverse,0,0,0,0,0.0,,,,,INSUFFICIENT_SAMPLE,trend,bullish,0.0,0.0,historical
donchian_atr,eth_short_historical_falsification_v1_donchian_atr,20261008T183843Z-788bbf8b61dc,cb971eab73f64d958b17655ba5999276,db2f1a56c8656a10,ETHUSDT,1h,SHORT_ONLY,HISTORICAL_CHALLENGE/year_2022,2022.0,adverse,0,0,0,0,0.0,,,,,INSUFFICIENT_SAMPLE,trend,mixed,0.0,0.0,historical
donchian_atr,eth_short_historical_falsification_v1_donchian_atr,20261008T183843Z-788bbf8b61dc,cb971eab73f64d958b17655ba5999276,db2f1a56c8656a10,ETHUSDT,1h,SHORT_ONLY,HISTORICAL_CHALLENGE/year_2022,2022.0,adverse,0,0,0,0,0.0,,,,,INSUFFICIENT_SAMPLE,trend,unavailable,0.0,0.0,historical
donchian_atr,eth_short_historical_falsification_v1_donchian_atr,20261008T183843Z-788bbf8b61dc,cb971eab73f64d958b17655ba5999276,db2f1a56c8656a10,ETHUSDT,1h,SHORT_ONLY,HISTORICAL_CHALLENGE/year_2022,2022.0,adverse,49,24,25,0,1557.0638321669346,31.77681290136601,1.6750311517115686,48.97959183673469,-46.51144318581432,DESCRIPTIVE_SAMPLE,volatility,high,100.0,100.00000000000004,historical
donchian_atr,eth_short_historical_falsification_v1_donchian_atr,20261008T183843Z-788bbf8b61dc,cb971eab73f64d958b17655ba5999276,db2f1a56c8656a10,ETHUSDT,1h,SHORT_ONLY,HISTORICAL_CHALLENGE/year_2022,2022.0,adverse,0,0,0,0,0.0,,,,,INSUFFICIENT_SAMPLE,volatility,ordinary,0.0,0.0,historical
donchian_atr,eth_short_historical_falsification_v1_donchian_atr,20261008T183843Z-788bbf8b61dc,cb971eab73f64d958b17655ba5999276,db2f1a56c8656a10,ETHUSDT,1h,SHORT_ONLY,HISTORICAL_CHALLENGE/year_2022,2022.0,adverse,0,0,0,0,0.0,,,,,INSUFFICIENT_SAMPLE,volatility,unavailable,0.0,0.0,historical
donchian_atr,eth_short_historical_falsification_v1_donchian_atr,20261008T183843Z-788bbf8b61dc,cb971eab73f64d958b17655ba5999276,db2f1a56c8656a10,ETHUSDT,1h,SHORT_ONLY,HISTORICAL_CHALLENGE/year_2022,2022.0,adverse,49,24,25,0,1557.0638321669346,31.77681290136601,1.6750311517115686,48.97959183673469,-46.51144318581432,DESCRIPTIVE_SAMPLE,combined,bearish/high,100.0,100.00000000000004,historical
donchian_atr,eth_short_historical_falsification_v1_donchian_atr,20261008T183843Z-788bbf8b61dc,cb971eab73f64d958b17655ba5999276,db2f1a56c8656a10,ETHUSDT,1h,SHORT_ONLY,HISTORICAL_CHALLENGE/year_2022,2022.0,adverse,0,0,0,0,0.0,,,,,INSUFFICIENT_SAMPLE,combined,bearish/ordinary,0.0,0.0,historical
donchian_atr,eth_short_historical_falsification_v1_donchian_atr,20261008T183843Z-788bbf8b61dc,cb971eab73f64d958b17655ba5999276,db2f1a56c8656a10,ETHUSDT,1h,SHORT_ONLY,HISTORICAL_CHALLENGE/year_2022,2022.0,adverse,0,0,0,0,0.0,,,,,INSUFFICIENT_SAMPLE,combined,bearish/unavailable,0.0,0.0,historical
donchian_atr,eth_short_historical_falsification_v1_donchian_atr,20261008T183843Z-788bbf8b61dc,cb971eab73f64d958b17655ba5999276,db2f1a56c8656a10,ETHUSDT,1h,SHORT_ONLY,HISTORICAL_CHALLENGE/year_2022,2022.0,adverse,0,0,0,0,0.0,,,,,INSUFFICIENT_SAMPLE,combined,bullish/high,0.0,0.0,historical
donchian_atr,eth_short_historical_falsification_v1_donchian_atr,20261008T183843Z-788bbf8b61dc,cb971eab73f64d958b17655ba5999276,db2f1a56c8656a10,ETHUSDT,1h,SHORT_ONLY,HISTORICAL_CHALLENGE/year_2022,2022.0,adverse,0,0,0,0,0.0,,,,,INSUFFICIENT_SAMPLE,combined,bullish/ordinary,0.0,0.0,historical
donchian_atr,eth_short_historical_falsification_v1_donchian_atr,20261008T183843Z-788bbf8b61dc,cb971eab73f64d958b17655ba5999276,db2f1a56c8656a10,ETHUSDT,1h,SHORT_ONLY,HISTORICAL_CHALLENGE/year_2022,2022.0,adverse,0,0,0,0,0.0,,,,,INSUFFICIENT_SAMPLE,combined,bullish/unavailable,0.0,0.0,historical
donchian_atr,eth_short_historical_falsification_v1_donchian_atr,20261008T183843Z-788bbf8b61dc,cb971eab73f64d958b17655ba5999276,db2f1a56c8656a10,ETHUSDT,1h,SHORT_ONLY,HISTORICAL_CHALLENGE/year_2022,2022.0,adverse,0,0,0,0,0.0,,,,,INSUFFICIENT_SAMPLE,combined,mixed/high,0.0,0.0,historical
donchian_atr,eth_short_historical_falsification_v1_donchian_atr,20261008T183843Z-788bbf8b61dc,cb971eab73f64d958b17655ba5999276,db2f1a56c8656a10,ETHUSDT,1h,SHORT_ONLY,HISTORICAL_CHALLENGE/year_2022,2022.0,adverse,0,0,0,0,0.0,,,,,INSUFFICIENT_SAMPLE,combined,mixed/ordinary,0.0,0.0,historical
donchian_atr,eth_short_historical_falsification_v1_donchian_atr,20261008T183843Z-788bbf8b61dc,cb971eab73f64d958b17655ba5999276,db2f1a56c8656a10,ETHUSDT,1h,SHORT_ONLY,HISTORICAL_CHALLENGE/year_2022,2022.0,adverse,0,0,0,0,0.0,,,,,INSUFFICIENT_SAMPLE,combined,mixed/unavailable,0.0,0.0,historical
donchian_atr,eth_short_historical_falsification_v1_donchian_atr,20261008T183843Z-788bbf8b61dc,cb971eab73f64d958b17655ba5999276,db2f1a56c8656a10,ETHUSDT,1h,SHORT_ONLY,HISTORICAL_CHALLENGE/year_2022,2022.0,adverse,0,0,0,0,0.0,,,,,INSUFFICIENT_SAMPLE,combined,unavailable/high,0.0,0.0,historical
donchian_atr,eth_short_historical_falsification_v1_donchian_atr,20261008T183843Z-788bbf8b61dc,cb971eab73f64d958b17655ba5999276,db2f1a56c8656a10,ETHUSDT,1h,SHORT_ONLY,HISTORICAL_CHALLENGE/year_2022,2022.0,adverse,0,0,0,0,0.0,,,,,INSUFFICIENT_SAMPLE,combined,unavailable/ordinary,0.0,0.0,historical
donchian_atr,eth_short_historical_falsification_v1_donchian_atr,20261008T183843Z-788bbf8b61dc,cb971eab73f64d958b17655ba5999276,db2f1a56c8656a10,ETHUSDT,1h,SHORT_ONLY,HISTORICAL_CHALLENGE/year_2022,2022.0,adverse,0,0,0,0,0.0,,,,,INSUFFICIENT_SAMPLE,combined,unavailable/unavailable,0.0,0.0,historical
donchian_atr,eth_short_regime_challenge_v1_donchian_atr,20261007T203647Z-194d4424b93c,b8723678ab154b20b0a084d4473e110a,ff43266d9f6c730a,ETHUSDT,1h,SHORT_ONLY,train,,base,61,17,44,0,-818.1380913309061,-13.412099857883709,0.6168569569616714,27.868852459016395,-34.67459753417308,DESCRIPTIVE_SAMPLE,trend,bearish,100.0,,recent
donchian_atr,eth_short_regime_challenge_v1_donchian_atr,20261007T203647Z-194d4424b93c,b8723678ab154b20b0a084d4473e110a,ff43266d9f6c730a,ETHUSDT,1h,SHORT_ONLY,train,,base,0,0,0,0,0.0,,,,,INSUFFICIENT_SAMPLE,trend,bullish,0.0,,recent
donchian_atr,eth_short_regime_challenge_v1_donchian_atr,20261007T203647Z-194d4424b93c,b8723678ab154b20b0a084d4473e110a,ff43266d9f6c730a,ETHUSDT,1h,SHORT_ONLY,train,,base,0,0,0,0,0.0,,,,,INSUFFICIENT_SAMPLE,trend,mixed,0.0,,recent
donchian_atr,eth_short_regime_challenge_v1_donchian_atr,20261007T203647Z-194d4424b93c,b8723678ab154b20b0a084d4473e110a,ff43266d9f6c730a,ETHUSDT,1h,SHORT_ONLY,train,,base,0,0,0,0,0.0,,,,,INSUFFICIENT_SAMPLE,trend,unavailable,0.0,,recent
donchian_atr,eth_short_regime_challenge_v1_donchian_atr,20261007T203647Z-194d4424b93c,b8723678ab154b20b0a084d4473e110a,ff43266d9f6c730a,ETHUSDT,1h,SHORT_ONLY,train,,base,61,17,44,0,-818.1380913309061,-13.412099857883709,0.6168569569616714,27.868852459016395,-34.67459753417308,DESCRIPTIVE_SAMPLE,volatility,high,100.0,,recent
donchian_atr,eth_short_regime_challenge_v1_donchian_atr,20261007T203647Z-194d4424b93c,b8723678ab154b20b0a084d4473e110a,ff43266d9f6c730a,ETHUSDT,1h,SHORT_ONLY,train,,base,0,0,0,0,0.0,,,,,INSUFFICIENT_SAMPLE,volatility,ordinary,0.0,,recent
donchian_atr,eth_short_regime_challenge_v1_donchian_atr,20261007T203647Z-194d4424b93c,b8723678ab154b20b0a084d4473e110a,ff43266d9f6c730a,ETHUSDT,1h,SHORT_ONLY,train,,base,0,0,0,0,0.0,,,,,INSUFFICIENT_SAMPLE,volatility,unavailable,0.0,,recent
donchian_atr,eth_short_regime_challenge_v1_donchian_atr,20261007T203647Z-194d4424b93c,b8723678ab154b20b0a084d4473e110a,ff43266d9f6c730a,ETHUSDT,1h,SHORT_ONLY,train,,base,61,17,44,0,-818.1380913309061,-13.412099857883709,0.6168569569616714,27.868852459016395,-34.67459753417308,DESCRIPTIVE_SAMPLE,combined,bearish/high,100.0,,recent
donchian_atr,eth_short_regime_challenge_v1_donchian_atr,20261007T203647Z-194d4424b93c,b8723678ab154b20b0a084d4473e110a,ff43266d9f6c730a,ETHUSDT,1h,SHORT_ONLY,train,,base,0,0,0,0,0.0,,,,,INSUFFICIENT_SAMPLE,combined,bearish/ordinary,0.0,,recent
donchian_atr,eth_short_regime_challenge_v1_donchian_atr,20261007T203647Z-194d4424b93c,b8723678ab154b20b0a084d4473e110a,ff43266d9f6c730a,ETHUSDT,1h,SHORT_ONLY,train,,base,0,0,0,0,0.0,,,,,INSUFFICIENT_SAMPLE,combined,bearish/unavailable,0.0,,recent
donchian_atr,eth_short_regime_challenge_v1_donchian_atr,20261007T203647Z-194d4424b93c,b8723678ab154b20b0a084d4473e110a,ff43266d9f6c730a,ETHUSDT,1h,SHORT_ONLY,train,,base,0,0,0,0,0.0,,,,,INSUFFICIENT_SAMPLE,combined,bullish/high,0.0,,recent
donchian_atr,eth_short_regime_challenge_v1_donchian_atr,20261007T203647Z-194d4424b93c,b8723678ab154b20b0a084d4473e110a,ff43266d9f6c730a,ETHUSDT,1h,SHORT_ONLY,train,,base,0,0,0,0,0.0,,,,,INSUFFICIENT_SAMPLE,combined,bullish/ordinary,0.0,,recent
donchian_atr,eth_short_regime_challenge_v1_donchian_atr,20261007T203647Z-194d4424b93c,b8723678ab154b20b0a084d4473e110a,ff43266d9f6c730a,ETHUSDT,1h,SHORT_ONLY,train,,base,0,0,0,0,0.0,,,,,INSUFFICIENT_SAMPLE,combined,bullish/unavailable,0.0,,recent
donchian_atr,eth_short_regime_challenge_v1_donchian_atr,20261007T203647Z-194d4424b93c,b8723678ab154b20b0a084d4473e110a,ff43266d9f6c730a,ETHUSDT,1h,SHORT_ONLY,train,,base,0,0,0,0,0.0,,,,,INSUFFICIENT_SAMPLE,combined,mixed/high,0.0,,recent
donchian_atr,eth_short_regime_challenge_v1_donchian_atr,20261007T203647Z-194d4424b93c,b8723678ab154b20b0a084d4473e110a,ff43266d9f6c730a,ETHUSDT,1h,SHORT_ONLY,train,,base,0,0,0,0,0.0,,,,,INSUFFICIENT_SAMPLE,combined,mixed/ordinary,0.0,,recent
donchian_atr,eth_short_regime_challenge_v1_donchian_atr,20261007T203647Z-194d4424b93c,b8723678ab154b20b0a084d4473e110a,ff43266d9f6c730a,ETHUSDT,1h,SHORT_ONLY,train,,base,0,0,0,0,0.0,,,,,INSUFFICIENT_SAMPLE,combined,mixed/unavailable,0.0,,recent
donchian_atr,eth_short_regime_challenge_v1_donchian_atr,20261007T203647Z-194d4424b93c,b8723678ab154b20b0a084d4473e110a,ff43266d9f6c730a,ETHUSDT,1h,SHORT_ONLY,train,,base,0,0,0,0,0.0,,,,,INSUFFICIENT_SAMPLE,combined,unavailable/high,0.0,,recent
donchian_atr,eth_short_regime_challenge_v1_donchian_atr,20261007T203647Z-194d4424b93c,b8723678ab154b20b0a084d4473e110a,ff43266d9f6c730a,ETHUSDT,1h,SHORT_ONLY,train,,base,0,0,0,0,0.0,,,,,INSUFFICIENT_SAMPLE,combined,unavailable/ordinary,0.0,,recent
donchian_atr,eth_short_regime_challenge_v1_donchian_atr,20261007T203647Z-194d4424b93c,b8723678ab154b20b0a084d4473e110a,ff43266d9f6c730a,ETHUSDT,1h,SHORT_ONLY,train,,base,0,0,0,0,0.0,,,,,INSUFFICIENT_SAMPLE,combined,unavailable/unavailable,0.0,,recent
donchian_atr,eth_short_regime_challenge_v1_donchian_atr,20261007T203647Z-194d4424b93c,6ebeceed1be44ea48dcc281a80fddd38,ff43266d9f6c730a,ETHUSDT,1h,SHORT_ONLY,train,,adverse,59,16,43,0,-970.2188534255532,-16.444387346195814,0.5516620587058368,27.11864406779661,-38.06777811205114,DESCRIPTIVE_SAMPLE,trend,bearish,100.0,,recent
donchian_atr,eth_short_regime_challenge_v1_donchian_atr,20261007T203647Z-194d4424b93c,6ebeceed1be44ea48dcc281a80fddd38,ff43266d9f6c730a,ETHUSDT,1h,SHORT_ONLY,train,,adverse,0,0,0,0,0.0,,,,,INSUFFICIENT_SAMPLE,trend,bullish,0.0,,recent
donchian_atr,eth_short_regime_challenge_v1_donchian_atr,20261007T203647Z-194d4424b93c,6ebeceed1be44ea48dcc281a80fddd38,ff43266d9f6c730a,ETHUSDT,1h,SHORT_ONLY,train,,adverse,0,0,0,0,0.0,,,,,INSUFFICIENT_SAMPLE,trend,mixed,0.0,,recent
donchian_atr,eth_short_regime_challenge_v1_donchian_atr,20261007T203647Z-194d4424b93c,6ebeceed1be44ea48dcc281a80fddd38,ff43266d9f6c730a,ETHUSDT,1h,SHORT_ONLY,train,,adverse,0,0,0,0,0.0,,,,,INSUFFICIENT_SAMPLE,trend,unavailable,0.0,,recent
donchian_atr,eth_short_regime_challenge_v1_donchian_atr,20261007T203647Z-194d4424b93c,6ebeceed1be44ea48dcc281a80fddd38,ff43266d9f6c730a,ETHUSDT,1h,SHORT_ONLY,train,,adverse,59,16,43,0,-970.2188534255532,-16.444387346195814,0.5516620587058368,27.11864406779661,-38.06777811205114,DESCRIPTIVE_SAMPLE,volatility,high,100.0,,recent
donchian_atr,eth_short_regime_challenge_v1_donchian_atr,20261007T203647Z-194d4424b93c,6ebeceed1be44ea48dcc281a80fddd38,ff43266d9f6c730a,ETHUSDT,1h,SHORT_ONLY,train,,adverse,0,0,0,0,0.0,,,,,INSUFFICIENT_SAMPLE,volatility,ordinary,0.0,,recent
donchian_atr,eth_short_regime_challenge_v1_donchian_atr,20261007T203647Z-194d4424b93c,6ebeceed1be44ea48dcc281a80fddd38,ff43266d9f6c730a,ETHUSDT,1h,SHORT_ONLY,train,,adverse,0,0,0,0,0.0,,,,,INSUFFICIENT_SAMPLE,volatility,unavailable,0.0,,recent
donchian_atr,eth_short_regime_challenge_v1_donchian_atr,20261007T203647Z-194d4424b93c,6ebeceed1be44ea48dcc281a80fddd38,ff43266d9f6c730a,ETHUSDT,1h,SHORT_ONLY,train,,adverse,59,16,43,0,-970.2188534255532,-16.444387346195814,0.5516620587058368,27.11864406779661,-38.06777811205114,DESCRIPTIVE_SAMPLE,combined,bearish/high,100.0,,recent
donchian_atr,eth_short_regime_challenge_v1_donchian_atr,20261007T203647Z-194d4424b93c,6ebeceed1be44ea48dcc281a80fddd38,ff43266d9f6c730a,ETHUSDT,1h,SHORT_ONLY,train,,adverse,0,0,0,0,0.0,,,,,INSUFFICIENT_SAMPLE,combined,bearish/ordinary,0.0,,recent
donchian_atr,eth_short_regime_challenge_v1_donchian_atr,20261007T203647Z-194d4424b93c,6ebeceed1be44ea48dcc281a80fddd38,ff43266d9f6c730a,ETHUSDT,1h,SHORT_ONLY,train,,adverse,0,0,0,0,0.0,,,,,INSUFFICIENT_SAMPLE,combined,bearish/unavailable,0.0,,recent
donchian_atr,eth_short_regime_challenge_v1_donchian_atr,20261007T203647Z-194d4424b93c,6ebeceed1be44ea48dcc281a80fddd38,ff43266d9f6c730a,ETHUSDT,1h,SHORT_ONLY,train,,adverse,0,0,0,0,0.0,,,,,INSUFFICIENT_SAMPLE,combined,bullish/high,0.0,,recent
donchian_atr,eth_short_regime_challenge_v1_donchian_atr,20261007T203647Z-194d4424b93c,6ebeceed1be44ea48dcc281a80fddd38,ff43266d9f6c730a,ETHUSDT,1h,SHORT_ONLY,train,,adverse,0,0,0,0,0.0,,,,,INSUFFICIENT_SAMPLE,combined,bullish/ordinary,0.0,,recent
donchian_atr,eth_short_regime_challenge_v1_donchian_atr,20261007T203647Z-194d4424b93c,6ebeceed1be44ea48dcc281a80fddd38,ff43266d9f6c730a,ETHUSDT,1h,SHORT_ONLY,train,,adverse,0,0,0,0,0.0,,,,,INSUFFICIENT_SAMPLE,combined,bullish/unavailable,0.0,,recent
donchian_atr,eth_short_regime_challenge_v1_donchian_atr,20261007T203647Z-194d4424b93c,6ebeceed1be44ea48dcc281a80fddd38,ff43266d9f6c730a,ETHUSDT,1h,SHORT_ONLY,train,,adverse,0,0,0,0,0.0,,,,,INSUFFICIENT_SAMPLE,combined,mixed/high,0.0,,recent
donchian_atr,eth_short_regime_challenge_v1_donchian_atr,20261007T203647Z-194d4424b93c,6ebeceed1be44ea48dcc281a80fddd38,ff43266d9f6c730a,ETHUSDT,1h,SHORT_ONLY,train,,adverse,0,0,0,0,0.0,,,,,INSUFFICIENT_SAMPLE,combined,mixed/ordinary,0.0,,recent
donchian_atr,eth_short_regime_challenge_v1_donchian_atr,20261007T203647Z-194d4424b93c,6ebeceed1be44ea48dcc281a80fddd38,ff43266d9f6c730a,ETHUSDT,1h,SHORT_ONLY,train,,adverse,0,0,0,0,0.0,,,,,INSUFFICIENT_SAMPLE,combined,mixed/unavailable,0.0,,recent
donchian_atr,eth_short_regime_challenge_v1_donchian_atr,20261007T203647Z-194d4424b93c,6ebeceed1be44ea48dcc281a80fddd38,ff43266d9f6c730a,ETHUSDT,1h,SHORT_ONLY,train,,adverse,0,0,0,0,0.0,,,,,INSUFFICIENT_SAMPLE,combined,unavailable/high,0.0,,recent
donchian_atr,eth_short_regime_challenge_v1_donchian_atr,20261007T203647Z-194d4424b93c,6ebeceed1be44ea48dcc281a80fddd38,ff43266d9f6c730a,ETHUSDT,1h,SHORT_ONLY,train,,adverse,0,0,0,0,0.0,,,,,INSUFFICIENT_SAMPLE,combined,unavailable/ordinary,0.0,,recent
donchian_atr,eth_short_regime_challenge_v1_donchian_atr,20261007T203647Z-194d4424b93c,6ebeceed1be44ea48dcc281a80fddd38,ff43266d9f6c730a,ETHUSDT,1h,SHORT_ONLY,train,,adverse,0,0,0,0,0.0,,,,,INSUFFICIENT_SAMPLE,combined,unavailable/unavailable,0.0,,recent
donchian_atr,eth_short_regime_challenge_v1_donchian_atr,20261007T203647Z-194d4424b93c,a3bf8e8b459c457294c431e6b4c51375,e0dd4c731d1d27f0,ETHUSDT,1h,SHORT_ONLY,train,,base,58,17,41,0,-722.4264234718647,-12.45562799089422,0.6478411689414839,29.310344827586206,-35.69272562377231,DESCRIPTIVE_SAMPLE,trend,bearish,100.0,,recent
donchian_atr,eth_short_regime_challenge_v1_donchian_atr,20261007T203647Z-194d4424b93c,a3bf8e8b459c457294c431e6b4c51375,e0dd4c731d1d27f0,ETHUSDT,1h,SHORT_ONLY,train,,base,0,0,0,0,0.0,,,,,INSUFFICIENT_SAMPLE,trend,bullish,0.0,,recent
donchian_atr,eth_short_regime_challenge_v1_donchian_atr,20261007T203647Z-194d4424b93c,a3bf8e8b459c457294c431e6b4c51375,e0dd4c731d1d27f0,ETHUSDT,1h,SHORT_ONLY,train,,base,0,0,0,0,0.0,,,,,INSUFFICIENT_SAMPLE,trend,mixed,0.0,,recent
donchian_atr,eth_short_regime_challenge_v1_donchian_atr,20261007T203647Z-194d4424b93c,a3bf8e8b459c457294c431e6b4c51375,e0dd4c731d1d27f0,ETHUSDT,1h,SHORT_ONLY,train,,base,0,0,0,0,0.0,,,,,INSUFFICIENT_SAMPLE,trend,unavailable,0.0,,recent
donchian_atr,eth_short_regime_challenge_v1_donchian_atr,20261007T203647Z-194d4424b93c,a3bf8e8b459c457294c431e6b4c51375,e0dd4c731d1d27f0,ETHUSDT,1h,SHORT_ONLY,train,,base,58,17,41,0,-722.4264234718647,-12.45562799089422,0.6478411689414839,29.310344827586206,-35.69272562377231,DESCRIPTIVE_SAMPLE,volatility,high,100.0,,recent
donchian_atr,eth_short_regime_challenge_v1_donchian_atr,20261007T203647Z-194d4424b93c,a3bf8e8b459c457294c431e6b4c51375,e0dd4c731d1d27f0,ETHUSDT,1h,SHORT_ONLY,train,,base,0,0,0,0,0.0,,,,,INSUFFICIENT_SAMPLE,volatility,ordinary,0.0,,recent
donchian_atr,eth_short_regime_challenge_v1_donchian_atr,20261007T203647Z-194d4424b93c,a3bf8e8b459c457294c431e6b4c51375,e0dd4c731d1d27f0,ETHUSDT,1h,SHORT_ONLY,train,,base,0,0,0,0,0.0,,,,,INSUFFICIENT_SAMPLE,volatility,unavailable,0.0,,recent
donchian_atr,eth_short_regime_challenge_v1_donchian_atr,20261007T203647Z-194d4424b93c,a3bf8e8b459c457294c431e6b4c51375,e0dd4c731d1d27f0,ETHUSDT,1h,SHORT_ONLY,train,,base,58,17,41,0,-722.4264234718647,-12.45562799089422,0.6478411689414839,29.310344827586206,-35.69272562377231,DESCRIPTIVE_SAMPLE,combined,bearish/high,100.0,,recent
donchian_atr,eth_short_regime_challenge_v1_donchian_atr,20261007T203647Z-194d4424b93c,a3bf8e8b459c457294c431e6b4c51375,e0dd4c731d1d27f0,ETHUSDT,1h,SHORT_ONLY,train,,base,0,0,0,0,0.0,,,,,INSUFFICIENT_SAMPLE,combined,bearish/ordinary,0.0,,recent
donchian_atr,eth_short_regime_challenge_v1_donchian_atr,20261007T203647Z-194d4424b93c,a3bf8e8b459c457294c431e6b4c51375,e0dd4c731d1d27f0,ETHUSDT,1h,SHORT_ONLY,train,,base,0,0,0,0,0.0,,,,,INSUFFICIENT_SAMPLE,combined,bearish/unavailable,0.0,,recent
donchian_atr,eth_short_regime_challenge_v1_donchian_atr,20261007T203647Z-194d4424b93c,a3bf8e8b459c457294c431e6b4c51375,e0dd4c731d1d27f0,ETHUSDT,1h,SHORT_ONLY,train,,base,0,0,0,0,0.0,,,,,INSUFFICIENT_SAMPLE,combined,bullish/high,0.0,,recent
donchian_atr,eth_short_regime_challenge_v1_donchian_atr,20261007T203647Z-194d4424b93c,a3bf8e8b459c457294c431e6b4c51375,e0dd4c731d1d27f0,ETHUSDT,1h,SHORT_ONLY,train,,base,0,0,0,0,0.0,,,,,INSUFFICIENT_SAMPLE,combined,bullish/ordinary,0.0,,recent
donchian_atr,eth_short_regime_challenge_v1_donchian_atr,20261007T203647Z-194d4424b93c,a3bf8e8b459c457294c431e6b4c51375,e0dd4c731d1d27f0,ETHUSDT,1h,SHORT_ONLY,train,,base,0,0,0,0,0.0,,,,,INSUFFICIENT_SAMPLE,combined,bullish/unavailable,0.0,,recent
donchian_atr,eth_short_regime_challenge_v1_donchian_atr,20261007T203647Z-194d4424b93c,a3bf8e8b459c457294c431e6b4c51375,e0dd4c731d1d27f0,ETHUSDT,1h,SHORT_ONLY,train,,base,0,0,0,0,0.0,,,,,INSUFFICIENT_SAMPLE,combined,mixed/high,0.0,,recent
donchian_atr,eth_short_regime_challenge_v1_donchian_atr,20261007T203647Z-194d4424b93c,a3bf8e8b459c457294c431e6b4c51375,e0dd4c731d1d27f0,ETHUSDT,1h,SHORT_ONLY,train,,base,0,0,0,0,0.0,,,,,INSUFFICIENT_SAMPLE,combined,mixed/ordinary,0.0,,recent
donchian_atr,eth_short_regime_challenge_v1_donchian_atr,20261007T203647Z-194d4424b93c,a3bf8e8b459c457294c431e6b4c51375,e0dd4c731d1d27f0,ETHUSDT,1h,SHORT_ONLY,train,,base,0,0,0,0,0.0,,,,,INSUFFICIENT_SAMPLE,combined,mixed/unavailable,0.0,,recent
donchian_atr,eth_short_regime_challenge_v1_donchian_atr,20261007T203647Z-194d4424b93c,a3bf8e8b459c457294c431e6b4c51375,e0dd4c731d1d27f0,ETHUSDT,1h,SHORT_ONLY,train,,base,0,0,0,0,0.0,,,,,INSUFFICIENT_SAMPLE,combined,unavailable/high,0.0,,recent
donchian_atr,eth_short_regime_challenge_v1_donchian_atr,20261007T203647Z-194d4424b93c,a3bf8e8b459c457294c431e6b4c51375,e0dd4c731d1d27f0,ETHUSDT,1h,SHORT_ONLY,train,,base,0,0,0,0,0.0,,,,,INSUFFICIENT_SAMPLE,combined,unavailable/ordinary,0.0,,recent
donchian_atr,eth_short_regime_challenge_v1_donchian_atr,20261007T203647Z-194d4424b93c,a3bf8e8b459c457294c431e6b4c51375,e0dd4c731d1d27f0,ETHUSDT,1h,SHORT_ONLY,train,,base,0,0,0,0,0.0,,,,,INSUFFICIENT_SAMPLE,combined,unavailable/unavailable,0.0,,recent
donchian_atr,eth_short_regime_challenge_v1_donchian_atr,20261007T203647Z-194d4424b93c,ff049b6d0b4a42d191e26cc3afc9e1fc,e0dd4c731d1d27f0,ETHUSDT,1h,SHORT_ONLY,train,,adverse,56,16,40,0,-866.7656290178877,-15.47795766103371,0.5817659918027002,28.571428571428573,-38.96111270444278,DESCRIPTIVE_SAMPLE,trend,bearish,100.0,,recent
donchian_atr,eth_short_regime_challenge_v1_donchian_atr,20261007T203647Z-194d4424b93c,ff049b6d0b4a42d191e26cc3afc9e1fc,e0dd4c731d1d27f0,ETHUSDT,1h,SHORT_ONLY,train,,adverse,0,0,0,0,0.0,,,,,INSUFFICIENT_SAMPLE,trend,bullish,0.0,,recent
donchian_atr,eth_short_regime_challenge_v1_donchian_atr,20261007T203647Z-194d4424b93c,ff049b6d0b4a42d191e26cc3afc9e1fc,e0dd4c731d1d27f0,ETHUSDT,1h,SHORT_ONLY,train,,adverse,0,0,0,0,0.0,,,,,INSUFFICIENT_SAMPLE,trend,mixed,0.0,,recent
donchian_atr,eth_short_regime_challenge_v1_donchian_atr,20261007T203647Z-194d4424b93c,ff049b6d0b4a42d191e26cc3afc9e1fc,e0dd4c731d1d27f0,ETHUSDT,1h,SHORT_ONLY,train,,adverse,0,0,0,0,0.0,,,,,INSUFFICIENT_SAMPLE,trend,unavailable,0.0,,recent
donchian_atr,eth_short_regime_challenge_v1_donchian_atr,20261007T203647Z-194d4424b93c,ff049b6d0b4a42d191e26cc3afc9e1fc,e0dd4c731d1d27f0,ETHUSDT,1h,SHORT_ONLY,train,,adverse,56,16,40,0,-866.7656290178877,-15.47795766103371,0.5817659918027002,28.571428571428573,-38.96111270444278,DESCRIPTIVE_SAMPLE,volatility,high,100.0,,recent
donchian_atr,eth_short_regime_challenge_v1_donchian_atr,20261007T203647Z-194d4424b93c,ff049b6d0b4a42d191e26cc3afc9e1fc,e0dd4c731d1d27f0,ETHUSDT,1h,SHORT_ONLY,train,,adverse,0,0,0,0,0.0,,,,,INSUFFICIENT_SAMPLE,volatility,ordinary,0.0,,recent
donchian_atr,eth_short_regime_challenge_v1_donchian_atr,20261007T203647Z-194d4424b93c,ff049b6d0b4a42d191e26cc3afc9e1fc,e0dd4c731d1d27f0,ETHUSDT,1h,SHORT_ONLY,train,,adverse,0,0,0,0,0.0,,,,,INSUFFICIENT_SAMPLE,volatility,unavailable,0.0,,recent
donchian_atr,eth_short_regime_challenge_v1_donchian_atr,20261007T203647Z-194d4424b93c,ff049b6d0b4a42d191e26cc3afc9e1fc,e0dd4c731d1d27f0,ETHUSDT,1h,SHORT_ONLY,train,,adverse,56,16,40,0,-866.7656290178877,-15.47795766103371,0.5817659918027002,28.571428571428573,-38.96111270444278,DESCRIPTIVE_SAMPLE,combined,bearish/high,100.0,,recent
donchian_atr,eth_short_regime_challenge_v1_donchian_atr,20261007T203647Z-194d4424b93c,ff049b6d0b4a42d191e26cc3afc9e1fc,e0dd4c731d1d27f0,ETHUSDT,1h,SHORT_ONLY,train,,adverse,0,0,0,0,0.0,,,,,INSUFFICIENT_SAMPLE,combined,bearish/ordinary,0.0,,recent
donchian_atr,eth_short_regime_challenge_v1_donchian_atr,20261007T203647Z-194d4424b93c,ff049b6d0b4a42d191e26cc3afc9e1fc,e0dd4c731d1d27f0,ETHUSDT,1h,SHORT_ONLY,train,,adverse,0,0,0,0,0.0,,,,,INSUFFICIENT_SAMPLE,combined,bearish/unavailable,0.0,,recent
donchian_atr,eth_short_regime_challenge_v1_donchian_atr,20261007T203647Z-194d4424b93c,ff049b6d0b4a42d191e26cc3afc9e1fc,e0dd4c731d1d27f0,ETHUSDT,1h,SHORT_ONLY,train,,adverse,0,0,0,0,0.0,,,,,INSUFFICIENT_SAMPLE,combined,bullish/high,0.0,,recent
donchian_atr,eth_short_regime_challenge_v1_donchian_atr,20261007T203647Z-194d4424b93c,ff049b6d0b4a42d191e26cc3afc9e1fc,e0dd4c731d1d27f0,ETHUSDT,1h,SHORT_ONLY,train,,adverse,0,0,0,0,0.0,,,,,INSUFFICIENT_SAMPLE,combined,bullish/ordinary,0.0,,recent
donchian_atr,eth_short_regime_challenge_v1_donchian_atr,20261007T203647Z-194d4424b93c,ff049b6d0b4a42d191e26cc3afc9e1fc,e0dd4c731d1d27f0,ETHUSDT,1h,SHORT_ONLY,train,,adverse,0,0,0,0,0.0,,,,,INSUFFICIENT_SAMPLE,combined,bullish/unavailable,0.0,,recent
donchian_atr,eth_short_regime_challenge_v1_donchian_atr,20261007T203647Z-194d4424b93c,ff049b6d0b4a42d191e26cc3afc9e1fc,e0dd4c731d1d27f0,ETHUSDT,1h,SHORT_ONLY,train,,adverse,0,0,0,0,0.0,,,,,INSUFFICIENT_SAMPLE,combined,mixed/high,0.0,,recent
donchian_atr,eth_short_regime_challenge_v1_donchian_atr,20261007T203647Z-194d4424b93c,ff049b6d0b4a42d191e26cc3afc9e1fc,e0dd4c731d1d27f0,ETHUSDT,1h,SHORT_ONLY,train,,adverse,0,0,0,0,0.0,,,,,INSUFFICIENT_SAMPLE,combined,mixed/ordinary,0.0,,recent
donchian_atr,eth_short_regime_challenge_v1_donchian_atr,20261007T203647Z-194d4424b93c,ff049b6d0b4a42d191e26cc3afc9e1fc,e0dd4c731d1d27f0,ETHUSDT,1h,SHORT_ONLY,train,,adverse,0,0,0,0,0.0,,,,,INSUFFICIENT_SAMPLE,combined,mixed/unavailable,0.0,,recent
donchian_atr,eth_short_regime_challenge_v1_donchian_atr,20261007T203647Z-194d4424b93c,ff049b6d0b4a42d191e26cc3afc9e1fc,e0dd4c731d1d27f0,ETHUSDT,1h,SHORT_ONLY,train,,adverse,0,0,0,0,0.0,,,,,INSUFFICIENT_SAMPLE,combined,unavailable/high,0.0,,recent
donchian_atr,eth_short_regime_challenge_v1_donchian_atr,20261007T203647Z-194d4424b93c,ff049b6d0b4a42d191e26cc3afc9e1fc,e0dd4c731d1d27f0,ETHUSDT,1h,SHORT_ONLY,train,,adverse,0,0,0,0,0.0,,,,,INSUFFICIENT_SAMPLE,combined,unavailable/ordinary,0.0,,recent
donchian_atr,eth_short_regime_challenge_v1_donchian_atr,20261007T203647Z-194d4424b93c,ff049b6d0b4a42d191e26cc3afc9e1fc,e0dd4c731d1d27f0,ETHUSDT,1h,SHORT_ONLY,train,,adverse,0,0,0,0,0.0,,,,,INSUFFICIENT_SAMPLE,combined,unavailable/unavailable,0.0,,recent
donchian_atr,eth_short_regime_challenge_v1_donchian_atr,20261007T203647Z-194d4424b93c,6def503865814554987af189861dcdd2,827790540ac7604f,ETHUSDT,1h,SHORT_ONLY,train,,base,56,16,40,0,-722.3233074312305,-12.898630489843402,0.6351177296885511,28.571428571428573,-35.818699219624804,DESCRIPTIVE_SAMPLE,trend,bearish,100.0,,recent
donchian_atr,eth_short_regime_challenge_v1_donchian_atr,20261007T203647Z-194d4424b93c,6def503865814554987af189861dcdd2,827790540ac7604f,ETHUSDT,1h,SHORT_ONLY,train,,base,0,0,0,0,0.0,,,,,INSUFFICIENT_SAMPLE,trend,bullish,0.0,,recent
donchian_atr,eth_short_regime_challenge_v1_donchian_atr,20261007T203647Z-194d4424b93c,6def503865814554987af189861dcdd2,827790540ac7604f,ETHUSDT,1h,SHORT_ONLY,train,,base,0,0,0,0,0.0,,,,,INSUFFICIENT_SAMPLE,trend,mixed,0.0,,recent
donchian_atr,eth_short_regime_challenge_v1_donchian_atr,20261007T203647Z-194d4424b93c,6def503865814554987af189861dcdd2,827790540ac7604f,ETHUSDT,1h,SHORT_ONLY,train,,base,0,0,0,0,0.0,,,,,INSUFFICIENT_SAMPLE,trend,unavailable,0.0,,recent
donchian_atr,eth_short_regime_challenge_v1_donchian_atr,20261007T203647Z-194d4424b93c,6def503865814554987af189861dcdd2,827790540ac7604f,ETHUSDT,1h,SHORT_ONLY,train,,base,56,16,40,0,-722.3233074312305,-12.898630489843402,0.6351177296885511,28.571428571428573,-35.818699219624804,DESCRIPTIVE_SAMPLE,volatility,high,100.0,,recent
donchian_atr,eth_short_regime_challenge_v1_donchian_atr,20261007T203647Z-194d4424b93c,6def503865814554987af189861dcdd2,827790540ac7604f,ETHUSDT,1h,SHORT_ONLY,train,,base,0,0,0,0,0.0,,,,,INSUFFICIENT_SAMPLE,volatility,ordinary,0.0,,recent
donchian_atr,eth_short_regime_challenge_v1_donchian_atr,20261007T203647Z-194d4424b93c,6def503865814554987af189861dcdd2,827790540ac7604f,ETHUSDT,1h,SHORT_ONLY,train,,base,0,0,0,0,0.0,,,,,INSUFFICIENT_SAMPLE,volatility,unavailable,0.0,,recent
donchian_atr,eth_short_regime_challenge_v1_donchian_atr,20261007T203647Z-194d4424b93c,6def503865814554987af189861dcdd2,827790540ac7604f,ETHUSDT,1h,SHORT_ONLY,train,,base,56,16,40,0,-722.3233074312305,-12.898630489843402,0.6351177296885511,28.571428571428573,-35.818699219624804,DESCRIPTIVE_SAMPLE,combined,bearish/high,100.0,,recent
donchian_atr,eth_short_regime_challenge_v1_donchian_atr,20261007T203647Z-194d4424b93c,6def503865814554987af189861dcdd2,827790540ac7604f,ETHUSDT,1h,SHORT_ONLY,train,,base,0,0,0,0,0.0,,,,,INSUFFICIENT_SAMPLE,combined,bearish/ordinary,0.0,,recent
donchian_atr,eth_short_regime_challenge_v1_donchian_atr,20261007T203647Z-194d4424b93c,6def503865814554987af189861dcdd2,827790540ac7604f,ETHUSDT,1h,SHORT_ONLY,train,,base,0,0,0,0,0.0,,,,,INSUFFICIENT_SAMPLE,combined,bearish/unavailable,0.0,,recent
donchian_atr,eth_short_regime_challenge_v1_donchian_atr,20261007T203647Z-194d4424b93c,6def503865814554987af189861dcdd2,827790540ac7604f,ETHUSDT,1h,SHORT_ONLY,train,,base,0,0,0,0,0.0,,,,,INSUFFICIENT_SAMPLE,combined,bullish/high,0.0,,recent
donchian_atr,eth_short_regime_challenge_v1_donchian_atr,20261007T203647Z-194d4424b93c,6def503865814554987af189861dcdd2,827790540ac7604f,ETHUSDT,1h,SHORT_ONLY,train,,base,0,0,0,0,0.0,,,,,INSUFFICIENT_SAMPLE,combined,bullish/ordinary,0.0,,recent
donchian_atr,eth_short_regime_challenge_v1_donchian_atr,20261007T203647Z-194d4424b93c,6def503865814554987af189861dcdd2,827790540ac7604f,ETHUSDT,1h,SHORT_ONLY,train,,base,0,0,0,0,0.0,,,,,INSUFFICIENT_SAMPLE,combined,bullish/unavailable,0.0,,recent
donchian_atr,eth_short_regime_challenge_v1_donchian_atr,20261007T203647Z-194d4424b93c,6def503865814554987af189861dcdd2,827790540ac7604f,ETHUSDT,1h,SHORT_ONLY,train,,base,0,0,0,0,0.0,,,,,INSUFFICIENT_SAMPLE,combined,mixed/high,0.0,,recent
donchian_atr,eth_short_regime_challenge_v1_donchian_atr,20261007T203647Z-194d4424b93c,6def503865814554987af189861dcdd2,827790540ac7604f,ETHUSDT,1h,SHORT_ONLY,train,,base,0,0,0,0,0.0,,,,,INSUFFICIENT_SAMPLE,combined,mixed/ordinary,0.0,,recent
donchian_atr,eth_short_regime_challenge_v1_donchian_atr,20261007T203647Z-194d4424b93c,6def503865814554987af189861dcdd2,827790540ac7604f,ETHUSDT,1h,SHORT_ONLY,train,,base,0,0,0,0,0.0,,,,,INSUFFICIENT_SAMPLE,combined,mixed/unavailable,0.0,,recent
donchian_atr,eth_short_regime_challenge_v1_donchian_atr,20261007T203647Z-194d4424b93c,6def503865814554987af189861dcdd2,827790540ac7604f,ETHUSDT,1h,SHORT_ONLY,train,,base,0,0,0,0,0.0,,,,,INSUFFICIENT_SAMPLE,combined,unavailable/high,0.0,,recent
donchian_atr,eth_short_regime_challenge_v1_donchian_atr,20261007T203647Z-194d4424b93c,6def503865814554987af189861dcdd2,827790540ac7604f,ETHUSDT,1h,SHORT_ONLY,train,,base,0,0,0,0,0.0,,,,,INSUFFICIENT_SAMPLE,combined,unavailable/ordinary,0.0,,recent
donchian_atr,eth_short_regime_challenge_v1_donchian_atr,20261007T203647Z-194d4424b93c,6def503865814554987af189861dcdd2,827790540ac7604f,ETHUSDT,1h,SHORT_ONLY,train,,base,0,0,0,0,0.0,,,,,INSUFFICIENT_SAMPLE,combined,unavailable/unavailable,0.0,,recent
donchian_atr,eth_short_regime_challenge_v1_donchian_atr,20261007T203647Z-194d4424b93c,d12d689d659b4cf2843638024096038e,827790540ac7604f,ETHUSDT,1h,SHORT_ONLY,train,,adverse,54,15,39,0,-860.507193509671,-15.93531839832724,0.5694866340289972,27.77777777777778,-38.96111270444278,DESCRIPTIVE_SAMPLE,trend,bearish,100.0,,recent
donchian_atr,eth_short_regime_challenge_v1_donchian_atr,20261007T203647Z-194d4424b93c,d12d689d659b4cf2843638024096038e,827790540ac7604f,ETHUSDT,1h,SHORT_ONLY,train,,adverse,0,0,0,0,0.0,,,,,INSUFFICIENT_SAMPLE,trend,bullish,0.0,,recent
donchian_atr,eth_short_regime_challenge_v1_donchian_atr,20261007T203647Z-194d4424b93c,d12d689d659b4cf2843638024096038e,827790540ac7604f,ETHUSDT,1h,SHORT_ONLY,train,,adverse,0,0,0,0,0.0,,,,,INSUFFICIENT_SAMPLE,trend,mixed,0.0,,recent
donchian_atr,eth_short_regime_challenge_v1_donchian_atr,20261007T203647Z-194d4424b93c,d12d689d659b4cf2843638024096038e,827790540ac7604f,ETHUSDT,1h,SHORT_ONLY,train,,adverse,0,0,0,0,0.0,,,,,INSUFFICIENT_SAMPLE,trend,unavailable,0.0,,recent
donchian_atr,eth_short_regime_challenge_v1_donchian_atr,20261007T203647Z-194d4424b93c,d12d689d659b4cf2843638024096038e,827790540ac7604f,ETHUSDT,1h,SHORT_ONLY,train,,adverse,54,15,39,0,-860.507193509671,-15.93531839832724,0.5694866340289972,27.77777777777778,-38.96111270444278,DESCRIPTIVE_SAMPLE,volatility,high,100.0,,recent
donchian_atr,eth_short_regime_challenge_v1_donchian_atr,20261007T203647Z-194d4424b93c,d12d689d659b4cf2843638024096038e,827790540ac7604f,ETHUSDT,1h,SHORT_ONLY,train,,adverse,0,0,0,0,0.0,,,,,INSUFFICIENT_SAMPLE,volatility,ordinary,0.0,,recent
donchian_atr,eth_short_regime_challenge_v1_donchian_atr,20261007T203647Z-194d4424b93c,d12d689d659b4cf2843638024096038e,827790540ac7604f,ETHUSDT,1h,SHORT_ONLY,train,,adverse,0,0,0,0,0.0,,,,,INSUFFICIENT_SAMPLE,volatility,unavailable,0.0,,recent
donchian_atr,eth_short_regime_challenge_v1_donchian_atr,20261007T203647Z-194d4424b93c,d12d689d659b4cf2843638024096038e,827790540ac7604f,ETHUSDT,1h,SHORT_ONLY,train,,adverse,54,15,39,0,-860.507193509671,-15.93531839832724,0.5694866340289972,27.77777777777778,-38.96111270444278,DESCRIPTIVE_SAMPLE,combined,bearish/high,100.0,,recent
donchian_atr,eth_short_regime_challenge_v1_donchian_atr,20261007T203647Z-194d4424b93c,d12d689d659b4cf2843638024096038e,827790540ac7604f,ETHUSDT,1h,SHORT_ONLY,train,,adverse,0,0,0,0,0.0,,,,,INSUFFICIENT_SAMPLE,combined,bearish/ordinary,0.0,,recent
donchian_atr,eth_short_regime_challenge_v1_donchian_atr,20261007T203647Z-194d4424b93c,d12d689d659b4cf2843638024096038e,827790540ac7604f,ETHUSDT,1h,SHORT_ONLY,train,,adverse,0,0,0,0,0.0,,,,,INSUFFICIENT_SAMPLE,combined,bearish/unavailable,0.0,,recent
donchian_atr,eth_short_regime_challenge_v1_donchian_atr,20261007T203647Z-194d4424b93c,d12d689d659b4cf2843638024096038e,827790540ac7604f,ETHUSDT,1h,SHORT_ONLY,train,,adverse,0,0,0,0,0.0,,,,,INSUFFICIENT_SAMPLE,combined,bullish/high,0.0,,recent
donchian_atr,eth_short_regime_challenge_v1_donchian_atr,20261007T203647Z-194d4424b93c,d12d689d659b4cf2843638024096038e,827790540ac7604f,ETHUSDT,1h,SHORT_ONLY,train,,adverse,0,0,0,0,0.0,,,,,INSUFFICIENT_SAMPLE,combined,bullish/ordinary,0.0,,recent
donchian_atr,eth_short_regime_challenge_v1_donchian_atr,20261007T203647Z-194d4424b93c,d12d689d659b4cf2843638024096038e,827790540ac7604f,ETHUSDT,1h,SHORT_ONLY,train,,adverse,0,0,0,0,0.0,,,,,INSUFFICIENT_SAMPLE,combined,bullish/unavailable,0.0,,recent
donchian_atr,eth_short_regime_challenge_v1_donchian_atr,20261007T203647Z-194d4424b93c,d12d689d659b4cf2843638024096038e,827790540ac7604f,ETHUSDT,1h,SHORT_ONLY,train,,adverse,0,0,0,0,0.0,,,,,INSUFFICIENT_SAMPLE,combined,mixed/high,0.0,,recent
donchian_atr,eth_short_regime_challenge_v1_donchian_atr,20261007T203647Z-194d4424b93c,d12d689d659b4cf2843638024096038e,827790540ac7604f,ETHUSDT,1h,SHORT_ONLY,train,,adverse,0,0,0,0,0.0,,,,,INSUFFICIENT_SAMPLE,combined,mixed/ordinary,0.0,,recent
donchian_atr,eth_short_regime_challenge_v1_donchian_atr,20261007T203647Z-194d4424b93c,d12d689d659b4cf2843638024096038e,827790540ac7604f,ETHUSDT,1h,SHORT_ONLY,train,,adverse,0,0,0,0,0.0,,,,,INSUFFICIENT_SAMPLE,combined,mixed/unavailable,0.0,,recent
donchian_atr,eth_short_regime_challenge_v1_donchian_atr,20261007T203647Z-194d4424b93c,d12d689d659b4cf2843638024096038e,827790540ac7604f,ETHUSDT,1h,SHORT_ONLY,train,,adverse,0,0,0,0,0.0,,,,,INSUFFICIENT_SAMPLE,combined,unavailable/high,0.0,,recent
donchian_atr,eth_short_regime_challenge_v1_donchian_atr,20261007T203647Z-194d4424b93c,d12d689d659b4cf2843638024096038e,827790540ac7604f,ETHUSDT,1h,SHORT_ONLY,train,,adverse,0,0,0,0,0.0,,,,,INSUFFICIENT_SAMPLE,combined,unavailable/ordinary,0.0,,recent
donchian_atr,eth_short_regime_challenge_v1_donchian_atr,20261007T203647Z-194d4424b93c,d12d689d659b4cf2843638024096038e,827790540ac7604f,ETHUSDT,1h,SHORT_ONLY,train,,adverse,0,0,0,0,0.0,,,,,INSUFFICIENT_SAMPLE,combined,unavailable/unavailable,0.0,,recent
donchian_atr,eth_short_regime_challenge_v1_donchian_atr,20261007T203647Z-194d4424b93c,88919b3ba6d9468ca662e541ef7e19dd,6719be4e317770b6,ETHUSDT,1h,SHORT_ONLY,train,,base,46,13,33,0,-709.8193110290216,-15.430854587587426,0.5760228904332436,28.26086956521739,-37.64775124196507,DESCRIPTIVE_SAMPLE,trend,bearish,100.0,,recent
donchian_atr,eth_short_regime_challenge_v1_donchian_atr,20261007T203647Z-194d4424b93c,88919b3ba6d9468ca662e541ef7e19dd,6719be4e317770b6,ETHUSDT,1h,SHORT_ONLY,train,,base,0,0,0,0,0.0,,,,,INSUFFICIENT_SAMPLE,trend,bullish,0.0,,recent
donchian_atr,eth_short_regime_challenge_v1_donchian_atr,20261007T203647Z-194d4424b93c,88919b3ba6d9468ca662e541ef7e19dd,6719be4e317770b6,ETHUSDT,1h,SHORT_ONLY,train,,base,0,0,0,0,0.0,,,,,INSUFFICIENT_SAMPLE,trend,mixed,0.0,,recent
donchian_atr,eth_short_regime_challenge_v1_donchian_atr,20261007T203647Z-194d4424b93c,88919b3ba6d9468ca662e541ef7e19dd,6719be4e317770b6,ETHUSDT,1h,SHORT_ONLY,train,,base,0,0,0,0,0.0,,,,,INSUFFICIENT_SAMPLE,trend,unavailable,0.0,,recent
donchian_atr,eth_short_regime_challenge_v1_donchian_atr,20261007T203647Z-194d4424b93c,88919b3ba6d9468ca662e541ef7e19dd,6719be4e317770b6,ETHUSDT,1h,SHORT_ONLY,train,,base,46,13,33,0,-709.8193110290216,-15.430854587587426,0.5760228904332436,28.26086956521739,-37.64775124196507,DESCRIPTIVE_SAMPLE,volatility,high,100.0,,recent
donchian_atr,eth_short_regime_challenge_v1_donchian_atr,20261007T203647Z-194d4424b93c,88919b3ba6d9468ca662e541ef7e19dd,6719be4e317770b6,ETHUSDT,1h,SHORT_ONLY,train,,base,0,0,0,0,0.0,,,,,INSUFFICIENT_SAMPLE,volatility,ordinary,0.0,,recent
donchian_atr,eth_short_regime_challenge_v1_donchian_atr,20261007T203647Z-194d4424b93c,88919b3ba6d9468ca662e541ef7e19dd,6719be4e317770b6,ETHUSDT,1h,SHORT_ONLY,train,,base,0,0,0,0,0.0,,,,,INSUFFICIENT_SAMPLE,volatility,unavailable,0.0,,recent
donchian_atr,eth_short_regime_challenge_v1_donchian_atr,20261007T203647Z-194d4424b93c,88919b3ba6d9468ca662e541ef7e19dd,6719be4e317770b6,ETHUSDT,1h,SHORT_ONLY,train,,base,46,13,33,0,-709.8193110290216,-15.430854587587426,0.5760228904332436,28.26086956521739,-37.64775124196507,DESCRIPTIVE_SAMPLE,combined,bearish/high,100.0,,recent
donchian_atr,eth_short_regime_challenge_v1_donchian_atr,20261007T203647Z-194d4424b93c,88919b3ba6d9468ca662e541ef7e19dd,6719be4e317770b6,ETHUSDT,1h,SHORT_ONLY,train,,base,0,0,0,0,0.0,,,,,INSUFFICIENT_SAMPLE,combined,bearish/ordinary,0.0,,recent
donchian_atr,eth_short_regime_challenge_v1_donchian_atr,20261007T203647Z-194d4424b93c,88919b3ba6d9468ca662e541ef7e19dd,6719be4e317770b6,ETHUSDT,1h,SHORT_ONLY,train,,base,0,0,0,0,0.0,,,,,INSUFFICIENT_SAMPLE,combined,bearish/unavailable,0.0,,recent
donchian_atr,eth_short_regime_challenge_v1_donchian_atr,20261007T203647Z-194d4424b93c,88919b3ba6d9468ca662e541ef7e19dd,6719be4e317770b6,ETHUSDT,1h,SHORT_ONLY,train,,base,0,0,0,0,0.0,,,,,INSUFFICIENT_SAMPLE,combined,bullish/high,0.0,,recent
donchian_atr,eth_short_regime_challenge_v1_donchian_atr,20261007T203647Z-194d4424b93c,88919b3ba6d9468ca662e541ef7e19dd,6719be4e317770b6,ETHUSDT,1h,SHORT_ONLY,train,,base,0,0,0,0,0.0,,,,,INSUFFICIENT_SAMPLE,combined,bullish/ordinary,0.0,,recent
donchian_atr,eth_short_regime_challenge_v1_donchian_atr,20261007T203647Z-194d4424b93c,88919b3ba6d9468ca662e541ef7e19dd,6719be4e317770b6,ETHUSDT,1h,SHORT_ONLY,train,,base,0,0,0,0,0.0,,,,,INSUFFICIENT_SAMPLE,combined,bullish/unavailable,0.0,,recent
donchian_atr,eth_short_regime_challenge_v1_donchian_atr,20261007T203647Z-194d4424b93c,88919b3ba6d9468ca662e541ef7e19dd,6719be4e317770b6,ETHUSDT,1h,SHORT_ONLY,train,,base,0,0,0,0,0.0,,,,,INSUFFICIENT_SAMPLE,combined,mixed/high,0.0,,recent
donchian_atr,eth_short_regime_challenge_v1_donchian_atr,20261007T203647Z-194d4424b93c,88919b3ba6d9468ca662e541ef7e19dd,6719be4e317770b6,ETHUSDT,1h,SHORT_ONLY,train,,base,0,0,0,0,0.0,,,,,INSUFFICIENT_SAMPLE,combined,mixed/ordinary,0.0,,recent
donchian_atr,eth_short_regime_challenge_v1_donchian_atr,20261007T203647Z-194d4424b93c,88919b3ba6d9468ca662e541ef7e19dd,6719be4e317770b6,ETHUSDT,1h,SHORT_ONLY,train,,base,0,0,0,0,0.0,,,,,INSUFFICIENT_SAMPLE,combined,mixed/unavailable,0.0,,recent
donchian_atr,eth_short_regime_challenge_v1_donchian_atr,20261007T203647Z-194d4424b93c,88919b3ba6d9468ca662e541ef7e19dd,6719be4e317770b6,ETHUSDT,1h,SHORT_ONLY,train,,base,0,0,0,0,0.0,,,,,INSUFFICIENT_SAMPLE,combined,unavailable/high,0.0,,recent
donchian_atr,eth_short_regime_challenge_v1_donchian_atr,20261007T203647Z-194d4424b93c,88919b3ba6d9468ca662e541ef7e19dd,6719be4e317770b6,ETHUSDT,1h,SHORT_ONLY,train,,base,0,0,0,0,0.0,,,,,INSUFFICIENT_SAMPLE,combined,unavailable/ordinary,0.0,,recent
donchian_atr,eth_short_regime_challenge_v1_donchian_atr,20261007T203647Z-194d4424b93c,88919b3ba6d9468ca662e541ef7e19dd,6719be4e317770b6,ETHUSDT,1h,SHORT_ONLY,train,,base,0,0,0,0,0.0,,,,,INSUFFICIENT_SAMPLE,combined,unavailable/unavailable,0.0,,recent
donchian_atr,eth_short_regime_challenge_v1_donchian_atr,20261007T203647Z-194d4424b93c,f12833c236a64fc8987cecca6468164d,6719be4e317770b6,ETHUSDT,1h,SHORT_ONLY,train,,adverse,45,12,33,0,-895.4140423196584,-19.89808982932574,0.4896492954203184,26.666666666666668,-41.75799978714812,DESCRIPTIVE_SAMPLE,trend,bearish,100.0,,recent
donchian_atr,eth_short_regime_challenge_v1_donchian_atr,20261007T203647Z-194d4424b93c,f12833c236a64fc8987cecca6468164d,6719be4e317770b6,ETHUSDT,1h,SHORT_ONLY,train,,adverse,0,0,0,0,0.0,,,,,INSUFFICIENT_SAMPLE,trend,bullish,0.0,,recent
donchian_atr,eth_short_regime_challenge_v1_donchian_atr,20261007T203647Z-194d4424b93c,f12833c236a64fc8987cecca6468164d,6719be4e317770b6,ETHUSDT,1h,SHORT_ONLY,train,,adverse,0,0,0,0,0.0,,,,,INSUFFICIENT_SAMPLE,trend,mixed,0.0,,recent
donchian_atr,eth_short_regime_challenge_v1_donchian_atr,20261007T203647Z-194d4424b93c,f12833c236a64fc8987cecca6468164d,6719be4e317770b6,ETHUSDT,1h,SHORT_ONLY,train,,adverse,0,0,0,0,0.0,,,,,INSUFFICIENT_SAMPLE,trend,unavailable,0.0,,recent
donchian_atr,eth_short_regime_challenge_v1_donchian_atr,20261007T203647Z-194d4424b93c,f12833c236a64fc8987cecca6468164d,6719be4e317770b6,ETHUSDT,1h,SHORT_ONLY,train,,adverse,45,12,33,0,-895.4140423196584,-19.89808982932574,0.4896492954203184,26.666666666666668,-41.75799978714812,DESCRIPTIVE_SAMPLE,volatility,high,100.0,,recent
donchian_atr,eth_short_regime_challenge_v1_donchian_atr,20261007T203647Z-194d4424b93c,f12833c236a64fc8987cecca6468164d,6719be4e317770b6,ETHUSDT,1h,SHORT_ONLY,train,,adverse,0,0,0,0,0.0,,,,,INSUFFICIENT_SAMPLE,volatility,ordinary,0.0,,recent
donchian_atr,eth_short_regime_challenge_v1_donchian_atr,20261007T203647Z-194d4424b93c,f12833c236a64fc8987cecca6468164d,6719be4e317770b6,ETHUSDT,1h,SHORT_ONLY,train,,adverse,0,0,0,0,0.0,,,,,INSUFFICIENT_SAMPLE,volatility,unavailable,0.0,,recent
donchian_atr,eth_short_regime_challenge_v1_donchian_atr,20261007T203647Z-194d4424b93c,f12833c236a64fc8987cecca6468164d,6719be4e317770b6,ETHUSDT,1h,SHORT_ONLY,train,,adverse,45,12,33,0,-895.4140423196584,-19.89808982932574,0.4896492954203184,26.666666666666668,-41.75799978714812,DESCRIPTIVE_SAMPLE,combined,bearish/high,100.0,,recent
donchian_atr,eth_short_regime_challenge_v1_donchian_atr,20261007T203647Z-194d4424b93c,f12833c236a64fc8987cecca6468164d,6719be4e317770b6,ETHUSDT,1h,SHORT_ONLY,train,,adverse,0,0,0,0,0.0,,,,,INSUFFICIENT_SAMPLE,combined,bearish/ordinary,0.0,,recent
donchian_atr,eth_short_regime_challenge_v1_donchian_atr,20261007T203647Z-194d4424b93c,f12833c236a64fc8987cecca6468164d,6719be4e317770b6,ETHUSDT,1h,SHORT_ONLY,train,,adverse,0,0,0,0,0.0,,,,,INSUFFICIENT_SAMPLE,combined,bearish/unavailable,0.0,,recent
donchian_atr,eth_short_regime_challenge_v1_donchian_atr,20261007T203647Z-194d4424b93c,f12833c236a64fc8987cecca6468164d,6719be4e317770b6,ETHUSDT,1h,SHORT_ONLY,train,,adverse,0,0,0,0,0.0,,,,,INSUFFICIENT_SAMPLE,combined,bullish/high,0.0,,recent
donchian_atr,eth_short_regime_challenge_v1_donchian_atr,20261007T203647Z-194d4424b93c,f12833c236a64fc8987cecca6468164d,6719be4e317770b6,ETHUSDT,1h,SHORT_ONLY,train,,adverse,0,0,0,0,0.0,,,,,INSUFFICIENT_SAMPLE,combined,bullish/ordinary,0.0,,recent
donchian_atr,eth_short_regime_challenge_v1_donchian_atr,20261007T203647Z-194d4424b93c,f12833c236a64fc8987cecca6468164d,6719be4e317770b6,ETHUSDT,1h,SHORT_ONLY,train,,adverse,0,0,0,0,0.0,,,,,INSUFFICIENT_SAMPLE,combined,bullish/unavailable,0.0,,recent
donchian_atr,eth_short_regime_challenge_v1_donchian_atr,20261007T203647Z-194d4424b93c,f12833c236a64fc8987cecca6468164d,6719be4e317770b6,ETHUSDT,1h,SHORT_ONLY,train,,adverse,0,0,0,0,0.0,,,,,INSUFFICIENT_SAMPLE,combined,mixed/high,0.0,,recent
donchian_atr,eth_short_regime_challenge_v1_donchian_atr,20261007T203647Z-194d4424b93c,f12833c236a64fc8987cecca6468164d,6719be4e317770b6,ETHUSDT,1h,SHORT_ONLY,train,,adverse,0,0,0,0,0.0,,,,,INSUFFICIENT_SAMPLE,combined,mixed/ordinary,0.0,,recent
donchian_atr,eth_short_regime_challenge_v1_donchian_atr,20261007T203647Z-194d4424b93c,f12833c236a64fc8987cecca6468164d,6719be4e317770b6,ETHUSDT,1h,SHORT_ONLY,train,,adverse,0,0,0,0,0.0,,,,,INSUFFICIENT_SAMPLE,combined,mixed/unavailable,0.0,,recent
donchian_atr,eth_short_regime_challenge_v1_donchian_atr,20261007T203647Z-194d4424b93c,f12833c236a64fc8987cecca6468164d,6719be4e317770b6,ETHUSDT,1h,SHORT_ONLY,train,,adverse,0,0,0,0,0.0,,,,,INSUFFICIENT_SAMPLE,combined,unavailable/high,0.0,,recent
donchian_atr,eth_short_regime_challenge_v1_donchian_atr,20261007T203647Z-194d4424b93c,f12833c236a64fc8987cecca6468164d,6719be4e317770b6,ETHUSDT,1h,SHORT_ONLY,train,,adverse,0,0,0,0,0.0,,,,,INSUFFICIENT_SAMPLE,combined,unavailable/ordinary,0.0,,recent
donchian_atr,eth_short_regime_challenge_v1_donchian_atr,20261007T203647Z-194d4424b93c,f12833c236a64fc8987cecca6468164d,6719be4e317770b6,ETHUSDT,1h,SHORT_ONLY,train,,adverse,0,0,0,0,0.0,,,,,INSUFFICIENT_SAMPLE,combined,unavailable/unavailable,0.0,,recent
donchian_atr,eth_short_regime_challenge_v1_donchian_atr,20261007T203647Z-194d4424b93c,a829314d04e64ce8bf44aa4b3a74b597,4c4aa07c4c65af74,ETHUSDT,1h,SHORT_ONLY,train,,base,45,13,32,0,-680.2999514086013,-15.117776697968916,0.5870815020361595,28.88888888888889,-38.84969043189473,DESCRIPTIVE_SAMPLE,trend,bearish,100.0,,recent
donchian_atr,eth_short_regime_challenge_v1_donchian_atr,20261007T203647Z-194d4424b93c,a829314d04e64ce8bf44aa4b3a74b597,4c4aa07c4c65af74,ETHUSDT,1h,SHORT_ONLY,train,,base,0,0,0,0,0.0,,,,,INSUFFICIENT_SAMPLE,trend,bullish,0.0,,recent
donchian_atr,eth_short_regime_challenge_v1_donchian_atr,20261007T203647Z-194d4424b93c,a829314d04e64ce8bf44aa4b3a74b597,4c4aa07c4c65af74,ETHUSDT,1h,SHORT_ONLY,train,,base,0,0,0,0,0.0,,,,,INSUFFICIENT_SAMPLE,trend,mixed,0.0,,recent
donchian_atr,eth_short_regime_challenge_v1_donchian_atr,20261007T203647Z-194d4424b93c,a829314d04e64ce8bf44aa4b3a74b597,4c4aa07c4c65af74,ETHUSDT,1h,SHORT_ONLY,train,,base,0,0,0,0,0.0,,,,,INSUFFICIENT_SAMPLE,trend,unavailable,0.0,,recent
donchian_atr,eth_short_regime_challenge_v1_donchian_atr,20261007T203647Z-194d4424b93c,a829314d04e64ce8bf44aa4b3a74b597,4c4aa07c4c65af74,ETHUSDT,1h,SHORT_ONLY,train,,base,45,13,32,0,-680.2999514086013,-15.117776697968916,0.5870815020361595,28.88888888888889,-38.84969043189473,DESCRIPTIVE_SAMPLE,volatility,high,100.0,,recent
donchian_atr,eth_short_regime_challenge_v1_donchian_atr,20261007T203647Z-194d4424b93c,a829314d04e64ce8bf44aa4b3a74b597,4c4aa07c4c65af74,ETHUSDT,1h,SHORT_ONLY,train,,base,0,0,0,0,0.0,,,,,INSUFFICIENT_SAMPLE,volatility,ordinary,0.0,,recent
donchian_atr,eth_short_regime_challenge_v1_donchian_atr,20261007T203647Z-194d4424b93c,a829314d04e64ce8bf44aa4b3a74b597,4c4aa07c4c65af74,ETHUSDT,1h,SHORT_ONLY,train,,base,0,0,0,0,0.0,,,,,INSUFFICIENT_SAMPLE,volatility,unavailable,0.0,,recent
donchian_atr,eth_short_regime_challenge_v1_donchian_atr,20261007T203647Z-194d4424b93c,a829314d04e64ce8bf44aa4b3a74b597,4c4aa07c4c65af74,ETHUSDT,1h,SHORT_ONLY,train,,base,45,13,32,0,-680.2999514086013,-15.117776697968916,0.5870815020361595,28.88888888888889,-38.84969043189473,DESCRIPTIVE_SAMPLE,combined,bearish/high,100.0,,recent
donchian_atr,eth_short_regime_challenge_v1_donchian_atr,20261007T203647Z-194d4424b93c,a829314d04e64ce8bf44aa4b3a74b597,4c4aa07c4c65af74,ETHUSDT,1h,SHORT_ONLY,train,,base,0,0,0,0,0.0,,,,,INSUFFICIENT_SAMPLE,combined,bearish/ordinary,0.0,,recent
donchian_atr,eth_short_regime_challenge_v1_donchian_atr,20261007T203647Z-194d4424b93c,a829314d04e64ce8bf44aa4b3a74b597,4c4aa07c4c65af74,ETHUSDT,1h,SHORT_ONLY,train,,base,0,0,0,0,0.0,,,,,INSUFFICIENT_SAMPLE,combined,bearish/unavailable,0.0,,recent
donchian_atr,eth_short_regime_challenge_v1_donchian_atr,20261007T203647Z-194d4424b93c,a829314d04e64ce8bf44aa4b3a74b597,4c4aa07c4c65af74,ETHUSDT,1h,SHORT_ONLY,train,,base,0,0,0,0,0.0,,,,,INSUFFICIENT_SAMPLE,combined,bullish/high,0.0,,recent
donchian_atr,eth_short_regime_challenge_v1_donchian_atr,20261007T203647Z-194d4424b93c,a829314d04e64ce8bf44aa4b3a74b597,4c4aa07c4c65af74,ETHUSDT,1h,SHORT_ONLY,train,,base,0,0,0,0,0.0,,,,,INSUFFICIENT_SAMPLE,combined,bullish/ordinary,0.0,,recent
donchian_atr,eth_short_regime_challenge_v1_donchian_atr,20261007T203647Z-194d4424b93c,a829314d04e64ce8bf44aa4b3a74b597,4c4aa07c4c65af74,ETHUSDT,1h,SHORT_ONLY,train,,base,0,0,0,0,0.0,,,,,INSUFFICIENT_SAMPLE,combined,bullish/unavailable,0.0,,recent
donchian_atr,eth_short_regime_challenge_v1_donchian_atr,20261007T203647Z-194d4424b93c,a829314d04e64ce8bf44aa4b3a74b597,4c4aa07c4c65af74,ETHUSDT,1h,SHORT_ONLY,train,,base,0,0,0,0,0.0,,,,,INSUFFICIENT_SAMPLE,combined,mixed/high,0.0,,recent
donchian_atr,eth_short_regime_challenge_v1_donchian_atr,20261007T203647Z-194d4424b93c,a829314d04e64ce8bf44aa4b3a74b597,4c4aa07c4c65af74,ETHUSDT,1h,SHORT_ONLY,train,,base,0,0,0,0,0.0,,,,,INSUFFICIENT_SAMPLE,combined,mixed/ordinary,0.0,,recent
donchian_atr,eth_short_regime_challenge_v1_donchian_atr,20261007T203647Z-194d4424b93c,a829314d04e64ce8bf44aa4b3a74b597,4c4aa07c4c65af74,ETHUSDT,1h,SHORT_ONLY,train,,base,0,0,0,0,0.0,,,,,INSUFFICIENT_SAMPLE,combined,mixed/unavailable,0.0,,recent
donchian_atr,eth_short_regime_challenge_v1_donchian_atr,20261007T203647Z-194d4424b93c,a829314d04e64ce8bf44aa4b3a74b597,4c4aa07c4c65af74,ETHUSDT,1h,SHORT_ONLY,train,,base,0,0,0,0,0.0,,,,,INSUFFICIENT_SAMPLE,combined,unavailable/high,0.0,,recent
donchian_atr,eth_short_regime_challenge_v1_donchian_atr,20261007T203647Z-194d4424b93c,a829314d04e64ce8bf44aa4b3a74b597,4c4aa07c4c65af74,ETHUSDT,1h,SHORT_ONLY,train,,base,0,0,0,0,0.0,,,,,INSUFFICIENT_SAMPLE,combined,unavailable/ordinary,0.0,,recent
donchian_atr,eth_short_regime_challenge_v1_donchian_atr,20261007T203647Z-194d4424b93c,a829314d04e64ce8bf44aa4b3a74b597,4c4aa07c4c65af74,ETHUSDT,1h,SHORT_ONLY,train,,base,0,0,0,0,0.0,,,,,INSUFFICIENT_SAMPLE,combined,unavailable/unavailable,0.0,,recent
donchian_atr,eth_short_regime_challenge_v1_donchian_atr,20261007T203647Z-194d4424b93c,2a6d5ea759914484b47565b472844415,4c4aa07c4c65af74,ETHUSDT,1h,SHORT_ONLY,train,,adverse,44,12,32,0,-863.3762814136328,-19.6221882139462,0.4995749822168934,27.272727272727277,-42.587161700768746,DESCRIPTIVE_SAMPLE,trend,bearish,100.0,,recent
donchian_atr,eth_short_regime_challenge_v1_donchian_atr,20261007T203647Z-194d4424b93c,2a6d5ea759914484b47565b472844415,4c4aa07c4c65af74,ETHUSDT,1h,SHORT_ONLY,train,,adverse,0,0,0,0,0.0,,,,,INSUFFICIENT_SAMPLE,trend,bullish,0.0,,recent
donchian_atr,eth_short_regime_challenge_v1_donchian_atr,20261007T203647Z-194d4424b93c,2a6d5ea759914484b47565b472844415,4c4aa07c4c65af74,ETHUSDT,1h,SHORT_ONLY,train,,adverse,0,0,0,0,0.0,,,,,INSUFFICIENT_SAMPLE,trend,mixed,0.0,,recent
donchian_atr,eth_short_regime_challenge_v1_donchian_atr,20261007T203647Z-194d4424b93c,2a6d5ea759914484b47565b472844415,4c4aa07c4c65af74,ETHUSDT,1h,SHORT_ONLY,train,,adverse,0,0,0,0,0.0,,,,,INSUFFICIENT_SAMPLE,trend,unavailable,0.0,,recent
donchian_atr,eth_short_regime_challenge_v1_donchian_atr,20261007T203647Z-194d4424b93c,2a6d5ea759914484b47565b472844415,4c4aa07c4c65af74,ETHUSDT,1h,SHORT_ONLY,train,,adverse,44,12,32,0,-863.3762814136328,-19.6221882139462,0.4995749822168934,27.272727272727277,-42.587161700768746,DESCRIPTIVE_SAMPLE,volatility,high,100.0,,recent
donchian_atr,eth_short_regime_challenge_v1_donchian_atr,20261007T203647Z-194d4424b93c,2a6d5ea759914484b47565b472844415,4c4aa07c4c65af74,ETHUSDT,1h,SHORT_ONLY,train,,adverse,0,0,0,0,0.0,,,,,INSUFFICIENT_SAMPLE,volatility,ordinary,0.0,,recent
donchian_atr,eth_short_regime_challenge_v1_donchian_atr,20261007T203647Z-194d4424b93c,2a6d5ea759914484b47565b472844415,4c4aa07c4c65af74,ETHUSDT,1h,SHORT_ONLY,train,,adverse,0,0,0,0,0.0,,,,,INSUFFICIENT_SAMPLE,volatility,unavailable,0.0,,recent
donchian_atr,eth_short_regime_challenge_v1_donchian_atr,20261007T203647Z-194d4424b93c,2a6d5ea759914484b47565b472844415,4c4aa07c4c65af74,ETHUSDT,1h,SHORT_ONLY,train,,adverse,44,12,32,0,-863.3762814136328,-19.6221882139462,0.4995749822168934,27.272727272727277,-42.587161700768746,DESCRIPTIVE_SAMPLE,combined,bearish/high,100.0,,recent
donchian_atr,eth_short_regime_challenge_v1_donchian_atr,20261007T203647Z-194d4424b93c,2a6d5ea759914484b47565b472844415,4c4aa07c4c65af74,ETHUSDT,1h,SHORT_ONLY,train,,adverse,0,0,0,0,0.0,,,,,INSUFFICIENT_SAMPLE,combined,bearish/ordinary,0.0,,recent
donchian_atr,eth_short_regime_challenge_v1_donchian_atr,20261007T203647Z-194d4424b93c,2a6d5ea759914484b47565b472844415,4c4aa07c4c65af74,ETHUSDT,1h,SHORT_ONLY,train,,adverse,0,0,0,0,0.0,,,,,INSUFFICIENT_SAMPLE,combined,bearish/unavailable,0.0,,recent
donchian_atr,eth_short_regime_challenge_v1_donchian_atr,20261007T203647Z-194d4424b93c,2a6d5ea759914484b47565b472844415,4c4aa07c4c65af74,ETHUSDT,1h,SHORT_ONLY,train,,adverse,0,0,0,0,0.0,,,,,INSUFFICIENT_SAMPLE,combined,bullish/high,0.0,,recent
donchian_atr,eth_short_regime_challenge_v1_donchian_atr,20261007T203647Z-194d4424b93c,2a6d5ea759914484b47565b472844415,4c4aa07c4c65af74,ETHUSDT,1h,SHORT_ONLY,train,,adverse,0,0,0,0,0.0,,,,,INSUFFICIENT_SAMPLE,combined,bullish/ordinary,0.0,,recent
donchian_atr,eth_short_regime_challenge_v1_donchian_atr,20261007T203647Z-194d4424b93c,2a6d5ea759914484b47565b472844415,4c4aa07c4c65af74,ETHUSDT,1h,SHORT_ONLY,train,,adverse,0,0,0,0,0.0,,,,,INSUFFICIENT_SAMPLE,combined,bullish/unavailable,0.0,,recent
donchian_atr,eth_short_regime_challenge_v1_donchian_atr,20261007T203647Z-194d4424b93c,2a6d5ea759914484b47565b472844415,4c4aa07c4c65af74,ETHUSDT,1h,SHORT_ONLY,train,,adverse,0,0,0,0,0.0,,,,,INSUFFICIENT_SAMPLE,combined,mixed/high,0.0,,recent
donchian_atr,eth_short_regime_challenge_v1_donchian_atr,20261007T203647Z-194d4424b93c,2a6d5ea759914484b47565b472844415,4c4aa07c4c65af74,ETHUSDT,1h,SHORT_ONLY,train,,adverse,0,0,0,0,0.0,,,,,INSUFFICIENT_SAMPLE,combined,mixed/ordinary,0.0,,recent
donchian_atr,eth_short_regime_challenge_v1_donchian_atr,20261007T203647Z-194d4424b93c,2a6d5ea759914484b47565b472844415,4c4aa07c4c65af74,ETHUSDT,1h,SHORT_ONLY,train,,adverse,0,0,0,0,0.0,,,,,INSUFFICIENT_SAMPLE,combined,mixed/unavailable,0.0,,recent
donchian_atr,eth_short_regime_challenge_v1_donchian_atr,20261007T203647Z-194d4424b93c,2a6d5ea759914484b47565b472844415,4c4aa07c4c65af74,ETHUSDT,1h,SHORT_ONLY,train,,adverse,0,0,0,0,0.0,,,,,INSUFFICIENT_SAMPLE,combined,unavailable/high,0.0,,recent
donchian_atr,eth_short_regime_challenge_v1_donchian_atr,20261007T203647Z-194d4424b93c,2a6d5ea759914484b47565b472844415,4c4aa07c4c65af74,ETHUSDT,1h,SHORT_ONLY,train,,adverse,0,0,0,0,0.0,,,,,INSUFFICIENT_SAMPLE,combined,unavailable/ordinary,0.0,,recent
donchian_atr,eth_short_regime_challenge_v1_donchian_atr,20261007T203647Z-194d4424b93c,2a6d5ea759914484b47565b472844415,4c4aa07c4c65af74,ETHUSDT,1h,SHORT_ONLY,train,,adverse,0,0,0,0,0.0,,,,,INSUFFICIENT_SAMPLE,combined,unavailable/unavailable,0.0,,recent
donchian_atr,eth_short_regime_challenge_v1_donchian_atr,20261007T203647Z-194d4424b93c,e000f7d1c3e341fa96ca8272a60bcf2f,db2f1a56c8656a10,ETHUSDT,1h,SHORT_ONLY,train,,base,43,12,31,0,-680.1966375259431,-15.8185264540917,0.5681875662208974,27.906976744186046,-38.84969043189473,DESCRIPTIVE_SAMPLE,trend,bearish,100.0,,recent
donchian_atr,eth_short_regime_challenge_v1_donchian_atr,20261007T203647Z-194d4424b93c,e000f7d1c3e341fa96ca8272a60bcf2f,db2f1a56c8656a10,ETHUSDT,1h,SHORT_ONLY,train,,base,0,0,0,0,0.0,,,,,INSUFFICIENT_SAMPLE,trend,bullish,0.0,,recent
donchian_atr,eth_short_regime_challenge_v1_donchian_atr,20261007T203647Z-194d4424b93c,e000f7d1c3e341fa96ca8272a60bcf2f,db2f1a56c8656a10,ETHUSDT,1h,SHORT_ONLY,train,,base,0,0,0,0,0.0,,,,,INSUFFICIENT_SAMPLE,trend,mixed,0.0,,recent
donchian_atr,eth_short_regime_challenge_v1_donchian_atr,20261007T203647Z-194d4424b93c,e000f7d1c3e341fa96ca8272a60bcf2f,db2f1a56c8656a10,ETHUSDT,1h,SHORT_ONLY,train,,base,0,0,0,0,0.0,,,,,INSUFFICIENT_SAMPLE,trend,unavailable,0.0,,recent
donchian_atr,eth_short_regime_challenge_v1_donchian_atr,20261007T203647Z-194d4424b93c,e000f7d1c3e341fa96ca8272a60bcf2f,db2f1a56c8656a10,ETHUSDT,1h,SHORT_ONLY,train,,base,43,12,31,0,-680.1966375259431,-15.8185264540917,0.5681875662208974,27.906976744186046,-38.84969043189473,DESCRIPTIVE_SAMPLE,volatility,high,100.0,,recent
donchian_atr,eth_short_regime_challenge_v1_donchian_atr,20261007T203647Z-194d4424b93c,e000f7d1c3e341fa96ca8272a60bcf2f,db2f1a56c8656a10,ETHUSDT,1h,SHORT_ONLY,train,,base,0,0,0,0,0.0,,,,,INSUFFICIENT_SAMPLE,volatility,ordinary,0.0,,recent
donchian_atr,eth_short_regime_challenge_v1_donchian_atr,20261007T203647Z-194d4424b93c,e000f7d1c3e341fa96ca8272a60bcf2f,db2f1a56c8656a10,ETHUSDT,1h,SHORT_ONLY,train,,base,0,0,0,0,0.0,,,,,INSUFFICIENT_SAMPLE,volatility,unavailable,0.0,,recent
donchian_atr,eth_short_regime_challenge_v1_donchian_atr,20261007T203647Z-194d4424b93c,e000f7d1c3e341fa96ca8272a60bcf2f,db2f1a56c8656a10,ETHUSDT,1h,SHORT_ONLY,train,,base,43,12,31,0,-680.1966375259431,-15.8185264540917,0.5681875662208974,27.906976744186046,-38.84969043189473,DESCRIPTIVE_SAMPLE,combined,bearish/high,100.0,,recent
donchian_atr,eth_short_regime_challenge_v1_donchian_atr,20261007T203647Z-194d4424b93c,e000f7d1c3e341fa96ca8272a60bcf2f,db2f1a56c8656a10,ETHUSDT,1h,SHORT_ONLY,train,,base,0,0,0,0,0.0,,,,,INSUFFICIENT_SAMPLE,combined,bearish/ordinary,0.0,,recent
donchian_atr,eth_short_regime_challenge_v1_donchian_atr,20261007T203647Z-194d4424b93c,e000f7d1c3e341fa96ca8272a60bcf2f,db2f1a56c8656a10,ETHUSDT,1h,SHORT_ONLY,train,,base,0,0,0,0,0.0,,,,,INSUFFICIENT_SAMPLE,combined,bearish/unavailable,0.0,,recent
donchian_atr,eth_short_regime_challenge_v1_donchian_atr,20261007T203647Z-194d4424b93c,e000f7d1c3e341fa96ca8272a60bcf2f,db2f1a56c8656a10,ETHUSDT,1h,SHORT_ONLY,train,,base,0,0,0,0,0.0,,,,,INSUFFICIENT_SAMPLE,combined,bullish/high,0.0,,recent
donchian_atr,eth_short_regime_challenge_v1_donchian_atr,20261007T203647Z-194d4424b93c,e000f7d1c3e341fa96ca8272a60bcf2f,db2f1a56c8656a10,ETHUSDT,1h,SHORT_ONLY,train,,base,0,0,0,0,0.0,,,,,INSUFFICIENT_SAMPLE,combined,bullish/ordinary,0.0,,recent
donchian_atr,eth_short_regime_challenge_v1_donchian_atr,20261007T203647Z-194d4424b93c,e000f7d1c3e341fa96ca8272a60bcf2f,db2f1a56c8656a10,ETHUSDT,1h,SHORT_ONLY,train,,base,0,0,0,0,0.0,,,,,INSUFFICIENT_SAMPLE,combined,bullish/unavailable,0.0,,recent
donchian_atr,eth_short_regime_challenge_v1_donchian_atr,20261007T203647Z-194d4424b93c,e000f7d1c3e341fa96ca8272a60bcf2f,db2f1a56c8656a10,ETHUSDT,1h,SHORT_ONLY,train,,base,0,0,0,0,0.0,,,,,INSUFFICIENT_SAMPLE,combined,mixed/high,0.0,,recent
donchian_atr,eth_short_regime_challenge_v1_donchian_atr,20261007T203647Z-194d4424b93c,e000f7d1c3e341fa96ca8272a60bcf2f,db2f1a56c8656a10,ETHUSDT,1h,SHORT_ONLY,train,,base,0,0,0,0,0.0,,,,,INSUFFICIENT_SAMPLE,combined,mixed/ordinary,0.0,,recent
donchian_atr,eth_short_regime_challenge_v1_donchian_atr,20261007T203647Z-194d4424b93c,e000f7d1c3e341fa96ca8272a60bcf2f,db2f1a56c8656a10,ETHUSDT,1h,SHORT_ONLY,train,,base,0,0,0,0,0.0,,,,,INSUFFICIENT_SAMPLE,combined,mixed/unavailable,0.0,,recent
donchian_atr,eth_short_regime_challenge_v1_donchian_atr,20261007T203647Z-194d4424b93c,e000f7d1c3e341fa96ca8272a60bcf2f,db2f1a56c8656a10,ETHUSDT,1h,SHORT_ONLY,train,,base,0,0,0,0,0.0,,,,,INSUFFICIENT_SAMPLE,combined,unavailable/high,0.0,,recent
donchian_atr,eth_short_regime_challenge_v1_donchian_atr,20261007T203647Z-194d4424b93c,e000f7d1c3e341fa96ca8272a60bcf2f,db2f1a56c8656a10,ETHUSDT,1h,SHORT_ONLY,train,,base,0,0,0,0,0.0,,,,,INSUFFICIENT_SAMPLE,combined,unavailable/ordinary,0.0,,recent
donchian_atr,eth_short_regime_challenge_v1_donchian_atr,20261007T203647Z-194d4424b93c,e000f7d1c3e341fa96ca8272a60bcf2f,db2f1a56c8656a10,ETHUSDT,1h,SHORT_ONLY,train,,base,0,0,0,0,0.0,,,,,INSUFFICIENT_SAMPLE,combined,unavailable/unavailable,0.0,,recent
donchian_atr,eth_short_regime_challenge_v1_donchian_atr,20261007T203647Z-194d4424b93c,3d9f21bb838441a0a26d75dc77778fc9,db2f1a56c8656a10,ETHUSDT,1h,SHORT_ONLY,train,,adverse,42,11,31,0,-857.1149346587475,-20.407498444255893,0.4808004057380953,26.19047619047619,-42.60198583237133,DESCRIPTIVE_SAMPLE,trend,bearish,100.0,,recent
donchian_atr,eth_short_regime_challenge_v1_donchian_atr,20261007T203647Z-194d4424b93c,3d9f21bb838441a0a26d75dc77778fc9,db2f1a56c8656a10,ETHUSDT,1h,SHORT_ONLY,train,,adverse,0,0,0,0,0.0,,,,,INSUFFICIENT_SAMPLE,trend,bullish,0.0,,recent
donchian_atr,eth_short_regime_challenge_v1_donchian_atr,20261007T203647Z-194d4424b93c,3d9f21bb838441a0a26d75dc77778fc9,db2f1a56c8656a10,ETHUSDT,1h,SHORT_ONLY,train,,adverse,0,0,0,0,0.0,,,,,INSUFFICIENT_SAMPLE,trend,mixed,0.0,,recent
donchian_atr,eth_short_regime_challenge_v1_donchian_atr,20261007T203647Z-194d4424b93c,3d9f21bb838441a0a26d75dc77778fc9,db2f1a56c8656a10,ETHUSDT,1h,SHORT_ONLY,train,,adverse,0,0,0,0,0.0,,,,,INSUFFICIENT_SAMPLE,trend,unavailable,0.0,,recent
donchian_atr,eth_short_regime_challenge_v1_donchian_atr,20261007T203647Z-194d4424b93c,3d9f21bb838441a0a26d75dc77778fc9,db2f1a56c8656a10,ETHUSDT,1h,SHORT_ONLY,train,,adverse,42,11,31,0,-857.1149346587475,-20.407498444255893,0.4808004057380953,26.19047619047619,-42.60198583237133,DESCRIPTIVE_SAMPLE,volatility,high,100.0,,recent
donchian_atr,eth_short_regime_challenge_v1_donchian_atr,20261007T203647Z-194d4424b93c,3d9f21bb838441a0a26d75dc77778fc9,db2f1a56c8656a10,ETHUSDT,1h,SHORT_ONLY,train,,adverse,0,0,0,0,0.0,,,,,INSUFFICIENT_SAMPLE,volatility,ordinary,0.0,,recent
donchian_atr,eth_short_regime_challenge_v1_donchian_atr,20261007T203647Z-194d4424b93c,3d9f21bb838441a0a26d75dc77778fc9,db2f1a56c8656a10,ETHUSDT,1h,SHORT_ONLY,train,,adverse,0,0,0,0,0.0,,,,,INSUFFICIENT_SAMPLE,volatility,unavailable,0.0,,recent
donchian_atr,eth_short_regime_challenge_v1_donchian_atr,20261007T203647Z-194d4424b93c,3d9f21bb838441a0a26d75dc77778fc9,db2f1a56c8656a10,ETHUSDT,1h,SHORT_ONLY,train,,adverse,42,11,31,0,-857.1149346587475,-20.407498444255893,0.4808004057380953,26.19047619047619,-42.60198583237133,DESCRIPTIVE_SAMPLE,combined,bearish/high,100.0,,recent
donchian_atr,eth_short_regime_challenge_v1_donchian_atr,20261007T203647Z-194d4424b93c,3d9f21bb838441a0a26d75dc77778fc9,db2f1a56c8656a10,ETHUSDT,1h,SHORT_ONLY,train,,adverse,0,0,0,0,0.0,,,,,INSUFFICIENT_SAMPLE,combined,bearish/ordinary,0.0,,recent
donchian_atr,eth_short_regime_challenge_v1_donchian_atr,20261007T203647Z-194d4424b93c,3d9f21bb838441a0a26d75dc77778fc9,db2f1a56c8656a10,ETHUSDT,1h,SHORT_ONLY,train,,adverse,0,0,0,0,0.0,,,,,INSUFFICIENT_SAMPLE,combined,bearish/unavailable,0.0,,recent
donchian_atr,eth_short_regime_challenge_v1_donchian_atr,20261007T203647Z-194d4424b93c,3d9f21bb838441a0a26d75dc77778fc9,db2f1a56c8656a10,ETHUSDT,1h,SHORT_ONLY,train,,adverse,0,0,0,0,0.0,,,,,INSUFFICIENT_SAMPLE,combined,bullish/high,0.0,,recent
donchian_atr,eth_short_regime_challenge_v1_donchian_atr,20261007T203647Z-194d4424b93c,3d9f21bb838441a0a26d75dc77778fc9,db2f1a56c8656a10,ETHUSDT,1h,SHORT_ONLY,train,,adverse,0,0,0,0,0.0,,,,,INSUFFICIENT_SAMPLE,combined,bullish/ordinary,0.0,,recent
donchian_atr,eth_short_regime_challenge_v1_donchian_atr,20261007T203647Z-194d4424b93c,3d9f21bb838441a0a26d75dc77778fc9,db2f1a56c8656a10,ETHUSDT,1h,SHORT_ONLY,train,,adverse,0,0,0,0,0.0,,,,,INSUFFICIENT_SAMPLE,combined,bullish/unavailable,0.0,,recent
donchian_atr,eth_short_regime_challenge_v1_donchian_atr,20261007T203647Z-194d4424b93c,3d9f21bb838441a0a26d75dc77778fc9,db2f1a56c8656a10,ETHUSDT,1h,SHORT_ONLY,train,,adverse,0,0,0,0,0.0,,,,,INSUFFICIENT_SAMPLE,combined,mixed/high,0.0,,recent
donchian_atr,eth_short_regime_challenge_v1_donchian_atr,20261007T203647Z-194d4424b93c,3d9f21bb838441a0a26d75dc77778fc9,db2f1a56c8656a10,ETHUSDT,1h,SHORT_ONLY,train,,adverse,0,0,0,0,0.0,,,,,INSUFFICIENT_SAMPLE,combined,mixed/ordinary,0.0,,recent
donchian_atr,eth_short_regime_challenge_v1_donchian_atr,20261007T203647Z-194d4424b93c,3d9f21bb838441a0a26d75dc77778fc9,db2f1a56c8656a10,ETHUSDT,1h,SHORT_ONLY,train,,adverse,0,0,0,0,0.0,,,,,INSUFFICIENT_SAMPLE,combined,mixed/unavailable,0.0,,recent
donchian_atr,eth_short_regime_challenge_v1_donchian_atr,20261007T203647Z-194d4424b93c,3d9f21bb838441a0a26d75dc77778fc9,db2f1a56c8656a10,ETHUSDT,1h,SHORT_ONLY,train,,adverse,0,0,0,0,0.0,,,,,INSUFFICIENT_SAMPLE,combined,unavailable/high,0.0,,recent
donchian_atr,eth_short_regime_challenge_v1_donchian_atr,20261007T203647Z-194d4424b93c,3d9f21bb838441a0a26d75dc77778fc9,db2f1a56c8656a10,ETHUSDT,1h,SHORT_ONLY,train,,adverse,0,0,0,0,0.0,,,,,INSUFFICIENT_SAMPLE,combined,unavailable/ordinary,0.0,,recent
donchian_atr,eth_short_regime_challenge_v1_donchian_atr,20261007T203647Z-194d4424b93c,3d9f21bb838441a0a26d75dc77778fc9,db2f1a56c8656a10,ETHUSDT,1h,SHORT_ONLY,train,,adverse,0,0,0,0,0.0,,,,,INSUFFICIENT_SAMPLE,combined,unavailable/unavailable,0.0,,recent
donchian_atr,eth_short_regime_challenge_v1_donchian_atr,20261007T203647Z-194d4424b93c,95e401341ff947939d9fa3ac4554378a,ff43266d9f6c730a,ETHUSDT,1h,SHORT_ONLY,validation,,base,34,14,20,0,211.59040341452496,6.223247159250735,1.1548642622001584,41.1764705882353,-49.13150640808647,DESCRIPTIVE_SAMPLE,trend,bearish,100.0,100.0,recent
donchian_atr,eth_short_regime_challenge_v1_donchian_atr,20261007T203647Z-194d4424b93c,95e401341ff947939d9fa3ac4554378a,ff43266d9f6c730a,ETHUSDT,1h,SHORT_ONLY,validation,,base,0,0,0,0,0.0,,,,,INSUFFICIENT_SAMPLE,trend,bullish,0.0,0.0,recent
donchian_atr,eth_short_regime_challenge_v1_donchian_atr,20261007T203647Z-194d4424b93c,95e401341ff947939d9fa3ac4554378a,ff43266d9f6c730a,ETHUSDT,1h,SHORT_ONLY,validation,,base,0,0,0,0,0.0,,,,,INSUFFICIENT_SAMPLE,trend,mixed,0.0,0.0,recent
donchian_atr,eth_short_regime_challenge_v1_donchian_atr,20261007T203647Z-194d4424b93c,95e401341ff947939d9fa3ac4554378a,ff43266d9f6c730a,ETHUSDT,1h,SHORT_ONLY,validation,,base,0,0,0,0,0.0,,,,,INSUFFICIENT_SAMPLE,trend,unavailable,0.0,0.0,recent
donchian_atr,eth_short_regime_challenge_v1_donchian_atr,20261007T203647Z-194d4424b93c,95e401341ff947939d9fa3ac4554378a,ff43266d9f6c730a,ETHUSDT,1h,SHORT_ONLY,validation,,base,34,14,20,0,211.59040341452496,6.223247159250735,1.1548642622001584,41.1764705882353,-49.13150640808647,DESCRIPTIVE_SAMPLE,volatility,high,100.0,100.0,recent
donchian_atr,eth_short_regime_challenge_v1_donchian_atr,20261007T203647Z-194d4424b93c,95e401341ff947939d9fa3ac4554378a,ff43266d9f6c730a,ETHUSDT,1h,SHORT_ONLY,validation,,base,0,0,0,0,0.0,,,,,INSUFFICIENT_SAMPLE,volatility,ordinary,0.0,0.0,recent
donchian_atr,eth_short_regime_challenge_v1_donchian_atr,20261007T203647Z-194d4424b93c,95e401341ff947939d9fa3ac4554378a,ff43266d9f6c730a,ETHUSDT,1h,SHORT_ONLY,validation,,base,0,0,0,0,0.0,,,,,INSUFFICIENT_SAMPLE,volatility,unavailable,0.0,0.0,recent
donchian_atr,eth_short_regime_challenge_v1_donchian_atr,20261007T203647Z-194d4424b93c,95e401341ff947939d9fa3ac4554378a,ff43266d9f6c730a,ETHUSDT,1h,SHORT_ONLY,validation,,base,34,14,20,0,211.59040341452496,6.223247159250735,1.1548642622001584,41.1764705882353,-49.13150640808647,DESCRIPTIVE_SAMPLE,combined,bearish/high,100.0,100.0,recent
donchian_atr,eth_short_regime_challenge_v1_donchian_atr,20261007T203647Z-194d4424b93c,95e401341ff947939d9fa3ac4554378a,ff43266d9f6c730a,ETHUSDT,1h,SHORT_ONLY,validation,,base,0,0,0,0,0.0,,,,,INSUFFICIENT_SAMPLE,combined,bearish/ordinary,0.0,0.0,recent
donchian_atr,eth_short_regime_challenge_v1_donchian_atr,20261007T203647Z-194d4424b93c,95e401341ff947939d9fa3ac4554378a,ff43266d9f6c730a,ETHUSDT,1h,SHORT_ONLY,validation,,base,0,0,0,0,0.0,,,,,INSUFFICIENT_SAMPLE,combined,bearish/unavailable,0.0,0.0,recent
donchian_atr,eth_short_regime_challenge_v1_donchian_atr,20261007T203647Z-194d4424b93c,95e401341ff947939d9fa3ac4554378a,ff43266d9f6c730a,ETHUSDT,1h,SHORT_ONLY,validation,,base,0,0,0,0,0.0,,,,,INSUFFICIENT_SAMPLE,combined,bullish/high,0.0,0.0,recent
donchian_atr,eth_short_regime_challenge_v1_donchian_atr,20261007T203647Z-194d4424b93c,95e401341ff947939d9fa3ac4554378a,ff43266d9f6c730a,ETHUSDT,1h,SHORT_ONLY,validation,,base,0,0,0,0,0.0,,,,,INSUFFICIENT_SAMPLE,combined,bullish/ordinary,0.0,0.0,recent
donchian_atr,eth_short_regime_challenge_v1_donchian_atr,20261007T203647Z-194d4424b93c,95e401341ff947939d9fa3ac4554378a,ff43266d9f6c730a,ETHUSDT,1h,SHORT_ONLY,validation,,base,0,0,0,0,0.0,,,,,INSUFFICIENT_SAMPLE,combined,bullish/unavailable,0.0,0.0,recent
donchian_atr,eth_short_regime_challenge_v1_donchian_atr,20261007T203647Z-194d4424b93c,95e401341ff947939d9fa3ac4554378a,ff43266d9f6c730a,ETHUSDT,1h,SHORT_ONLY,validation,,base,0,0,0,0,0.0,,,,,INSUFFICIENT_SAMPLE,combined,mixed/high,0.0,0.0,recent
donchian_atr,eth_short_regime_challenge_v1_donchian_atr,20261007T203647Z-194d4424b93c,95e401341ff947939d9fa3ac4554378a,ff43266d9f6c730a,ETHUSDT,1h,SHORT_ONLY,validation,,base,0,0,0,0,0.0,,,,,INSUFFICIENT_SAMPLE,combined,mixed/ordinary,0.0,0.0,recent
donchian_atr,eth_short_regime_challenge_v1_donchian_atr,20261007T203647Z-194d4424b93c,95e401341ff947939d9fa3ac4554378a,ff43266d9f6c730a,ETHUSDT,1h,SHORT_ONLY,validation,,base,0,0,0,0,0.0,,,,,INSUFFICIENT_SAMPLE,combined,mixed/unavailable,0.0,0.0,recent
donchian_atr,eth_short_regime_challenge_v1_donchian_atr,20261007T203647Z-194d4424b93c,95e401341ff947939d9fa3ac4554378a,ff43266d9f6c730a,ETHUSDT,1h,SHORT_ONLY,validation,,base,0,0,0,0,0.0,,,,,INSUFFICIENT_SAMPLE,combined,unavailable/high,0.0,0.0,recent
donchian_atr,eth_short_regime_challenge_v1_donchian_atr,20261007T203647Z-194d4424b93c,95e401341ff947939d9fa3ac4554378a,ff43266d9f6c730a,ETHUSDT,1h,SHORT_ONLY,validation,,base,0,0,0,0,0.0,,,,,INSUFFICIENT_SAMPLE,combined,unavailable/ordinary,0.0,0.0,recent
donchian_atr,eth_short_regime_challenge_v1_donchian_atr,20261007T203647Z-194d4424b93c,95e401341ff947939d9fa3ac4554378a,ff43266d9f6c730a,ETHUSDT,1h,SHORT_ONLY,validation,,base,0,0,0,0,0.0,,,,,INSUFFICIENT_SAMPLE,combined,unavailable/unavailable,0.0,0.0,recent
donchian_atr,eth_short_regime_challenge_v1_donchian_atr,20261007T203647Z-194d4424b93c,81765cc7b3cd40c9b383fd691ff66219,ff43266d9f6c730a,ETHUSDT,1h,SHORT_ONLY,validation,,adverse,34,14,20,0,100.7312289793403,2.9626832052747147,1.0710226528270617,41.1764705882353,-52.33660159533393,DESCRIPTIVE_SAMPLE,trend,bearish,100.0,99.99999999999994,recent
donchian_atr,eth_short_regime_challenge_v1_donchian_atr,20261007T203647Z-194d4424b93c,81765cc7b3cd40c9b383fd691ff66219,ff43266d9f6c730a,ETHUSDT,1h,SHORT_ONLY,validation,,adverse,0,0,0,0,0.0,,,,,INSUFFICIENT_SAMPLE,trend,bullish,0.0,0.0,recent
donchian_atr,eth_short_regime_challenge_v1_donchian_atr,20261007T203647Z-194d4424b93c,81765cc7b3cd40c9b383fd691ff66219,ff43266d9f6c730a,ETHUSDT,1h,SHORT_ONLY,validation,,adverse,0,0,0,0,0.0,,,,,INSUFFICIENT_SAMPLE,trend,mixed,0.0,0.0,recent
donchian_atr,eth_short_regime_challenge_v1_donchian_atr,20261007T203647Z-194d4424b93c,81765cc7b3cd40c9b383fd691ff66219,ff43266d9f6c730a,ETHUSDT,1h,SHORT_ONLY,validation,,adverse,0,0,0,0,0.0,,,,,INSUFFICIENT_SAMPLE,trend,unavailable,0.0,0.0,recent
donchian_atr,eth_short_regime_challenge_v1_donchian_atr,20261007T203647Z-194d4424b93c,81765cc7b3cd40c9b383fd691ff66219,ff43266d9f6c730a,ETHUSDT,1h,SHORT_ONLY,validation,,adverse,34,14,20,0,100.7312289793403,2.9626832052747147,1.0710226528270617,41.1764705882353,-52.33660159533393,DESCRIPTIVE_SAMPLE,volatility,high,100.0,99.99999999999994,recent
donchian_atr,eth_short_regime_challenge_v1_donchian_atr,20261007T203647Z-194d4424b93c,81765cc7b3cd40c9b383fd691ff66219,ff43266d9f6c730a,ETHUSDT,1h,SHORT_ONLY,validation,,adverse,0,0,0,0,0.0,,,,,INSUFFICIENT_SAMPLE,volatility,ordinary,0.0,0.0,recent
donchian_atr,eth_short_regime_challenge_v1_donchian_atr,20261007T203647Z-194d4424b93c,81765cc7b3cd40c9b383fd691ff66219,ff43266d9f6c730a,ETHUSDT,1h,SHORT_ONLY,validation,,adverse,0,0,0,0,0.0,,,,,INSUFFICIENT_SAMPLE,volatility,unavailable,0.0,0.0,recent
donchian_atr,eth_short_regime_challenge_v1_donchian_atr,20261007T203647Z-194d4424b93c,81765cc7b3cd40c9b383fd691ff66219,ff43266d9f6c730a,ETHUSDT,1h,SHORT_ONLY,validation,,adverse,34,14,20,0,100.7312289793403,2.9626832052747147,1.0710226528270617,41.1764705882353,-52.33660159533393,DESCRIPTIVE_SAMPLE,combined,bearish/high,100.0,99.99999999999994,recent
donchian_atr,eth_short_regime_challenge_v1_donchian_atr,20261007T203647Z-194d4424b93c,81765cc7b3cd40c9b383fd691ff66219,ff43266d9f6c730a,ETHUSDT,1h,SHORT_ONLY,validation,,adverse,0,0,0,0,0.0,,,,,INSUFFICIENT_SAMPLE,combined,bearish/ordinary,0.0,0.0,recent
donchian_atr,eth_short_regime_challenge_v1_donchian_atr,20261007T203647Z-194d4424b93c,81765cc7b3cd40c9b383fd691ff66219,ff43266d9f6c730a,ETHUSDT,1h,SHORT_ONLY,validation,,adverse,0,0,0,0,0.0,,,,,INSUFFICIENT_SAMPLE,combined,bearish/unavailable,0.0,0.0,recent
donchian_atr,eth_short_regime_challenge_v1_donchian_atr,20261007T203647Z-194d4424b93c,81765cc7b3cd40c9b383fd691ff66219,ff43266d9f6c730a,ETHUSDT,1h,SHORT_ONLY,validation,,adverse,0,0,0,0,0.0,,,,,INSUFFICIENT_SAMPLE,combined,bullish/high,0.0,0.0,recent
donchian_atr,eth_short_regime_challenge_v1_donchian_atr,20261007T203647Z-194d4424b93c,81765cc7b3cd40c9b383fd691ff66219,ff43266d9f6c730a,ETHUSDT,1h,SHORT_ONLY,validation,,adverse,0,0,0,0,0.0,,,,,INSUFFICIENT_SAMPLE,combined,bullish/ordinary,0.0,0.0,recent
donchian_atr,eth_short_regime_challenge_v1_donchian_atr,20261007T203647Z-194d4424b93c,81765cc7b3cd40c9b383fd691ff66219,ff43266d9f6c730a,ETHUSDT,1h,SHORT_ONLY,validation,,adverse,0,0,0,0,0.0,,,,,INSUFFICIENT_SAMPLE,combined,bullish/unavailable,0.0,0.0,recent
donchian_atr,eth_short_regime_challenge_v1_donchian_atr,20261007T203647Z-194d4424b93c,81765cc7b3cd40c9b383fd691ff66219,ff43266d9f6c730a,ETHUSDT,1h,SHORT_ONLY,validation,,adverse,0,0,0,0,0.0,,,,,INSUFFICIENT_SAMPLE,combined,mixed/high,0.0,0.0,recent
donchian_atr,eth_short_regime_challenge_v1_donchian_atr,20261007T203647Z-194d4424b93c,81765cc7b3cd40c9b383fd691ff66219,ff43266d9f6c730a,ETHUSDT,1h,SHORT_ONLY,validation,,adverse,0,0,0,0,0.0,,,,,INSUFFICIENT_SAMPLE,combined,mixed/ordinary,0.0,0.0,recent
donchian_atr,eth_short_regime_challenge_v1_donchian_atr,20261007T203647Z-194d4424b93c,81765cc7b3cd40c9b383fd691ff66219,ff43266d9f6c730a,ETHUSDT,1h,SHORT_ONLY,validation,,adverse,0,0,0,0,0.0,,,,,INSUFFICIENT_SAMPLE,combined,mixed/unavailable,0.0,0.0,recent
donchian_atr,eth_short_regime_challenge_v1_donchian_atr,20261007T203647Z-194d4424b93c,81765cc7b3cd40c9b383fd691ff66219,ff43266d9f6c730a,ETHUSDT,1h,SHORT_ONLY,validation,,adverse,0,0,0,0,0.0,,,,,INSUFFICIENT_SAMPLE,combined,unavailable/high,0.0,0.0,recent
donchian_atr,eth_short_regime_challenge_v1_donchian_atr,20261007T203647Z-194d4424b93c,81765cc7b3cd40c9b383fd691ff66219,ff43266d9f6c730a,ETHUSDT,1h,SHORT_ONLY,validation,,adverse,0,0,0,0,0.0,,,,,INSUFFICIENT_SAMPLE,combined,unavailable/ordinary,0.0,0.0,recent
donchian_atr,eth_short_regime_challenge_v1_donchian_atr,20261007T203647Z-194d4424b93c,81765cc7b3cd40c9b383fd691ff66219,ff43266d9f6c730a,ETHUSDT,1h,SHORT_ONLY,validation,,adverse,0,0,0,0,0.0,,,,,INSUFFICIENT_SAMPLE,combined,unavailable/unavailable,0.0,0.0,recent
donchian_atr,eth_short_regime_challenge_v1_donchian_atr,20261007T203647Z-194d4424b93c,c122df20c69a4f22ac5a2010df9ee60a,e0dd4c731d1d27f0,ETHUSDT,1h,SHORT_ONLY,validation,,base,34,14,20,0,211.59040341452496,6.223247159250735,1.1548642622001584,41.1764705882353,-49.13150640808647,DESCRIPTIVE_SAMPLE,trend,bearish,100.0,100.0,recent
donchian_atr,eth_short_regime_challenge_v1_donchian_atr,20261007T203647Z-194d4424b93c,c122df20c69a4f22ac5a2010df9ee60a,e0dd4c731d1d27f0,ETHUSDT,1h,SHORT_ONLY,validation,,base,0,0,0,0,0.0,,,,,INSUFFICIENT_SAMPLE,trend,bullish,0.0,0.0,recent
donchian_atr,eth_short_regime_challenge_v1_donchian_atr,20261007T203647Z-194d4424b93c,c122df20c69a4f22ac5a2010df9ee60a,e0dd4c731d1d27f0,ETHUSDT,1h,SHORT_ONLY,validation,,base,0,0,0,0,0.0,,,,,INSUFFICIENT_SAMPLE,trend,mixed,0.0,0.0,recent
donchian_atr,eth_short_regime_challenge_v1_donchian_atr,20261007T203647Z-194d4424b93c,c122df20c69a4f22ac5a2010df9ee60a,e0dd4c731d1d27f0,ETHUSDT,1h,SHORT_ONLY,validation,,base,0,0,0,0,0.0,,,,,INSUFFICIENT_SAMPLE,trend,unavailable,0.0,0.0,recent
donchian_atr,eth_short_regime_challenge_v1_donchian_atr,20261007T203647Z-194d4424b93c,c122df20c69a4f22ac5a2010df9ee60a,e0dd4c731d1d27f0,ETHUSDT,1h,SHORT_ONLY,validation,,base,34,14,20,0,211.59040341452496,6.223247159250735,1.1548642622001584,41.1764705882353,-49.13150640808647,DESCRIPTIVE_SAMPLE,volatility,high,100.0,100.0,recent
donchian_atr,eth_short_regime_challenge_v1_donchian_atr,20261007T203647Z-194d4424b93c,c122df20c69a4f22ac5a2010df9ee60a,e0dd4c731d1d27f0,ETHUSDT,1h,SHORT_ONLY,validation,,base,0,0,0,0,0.0,,,,,INSUFFICIENT_SAMPLE,volatility,ordinary,0.0,0.0,recent
donchian_atr,eth_short_regime_challenge_v1_donchian_atr,20261007T203647Z-194d4424b93c,c122df20c69a4f22ac5a2010df9ee60a,e0dd4c731d1d27f0,ETHUSDT,1h,SHORT_ONLY,validation,,base,0,0,0,0,0.0,,,,,INSUFFICIENT_SAMPLE,volatility,unavailable,0.0,0.0,recent
donchian_atr,eth_short_regime_challenge_v1_donchian_atr,20261007T203647Z-194d4424b93c,c122df20c69a4f22ac5a2010df9ee60a,e0dd4c731d1d27f0,ETHUSDT,1h,SHORT_ONLY,validation,,base,34,14,20,0,211.59040341452496,6.223247159250735,1.1548642622001584,41.1764705882353,-49.13150640808647,DESCRIPTIVE_SAMPLE,combined,bearish/high,100.0,100.0,recent
donchian_atr,eth_short_regime_challenge_v1_donchian_atr,20261007T203647Z-194d4424b93c,c122df20c69a4f22ac5a2010df9ee60a,e0dd4c731d1d27f0,ETHUSDT,1h,SHORT_ONLY,validation,,base,0,0,0,0,0.0,,,,,INSUFFICIENT_SAMPLE,combined,bearish/ordinary,0.0,0.0,recent
donchian_atr,eth_short_regime_challenge_v1_donchian_atr,20261007T203647Z-194d4424b93c,c122df20c69a4f22ac5a2010df9ee60a,e0dd4c731d1d27f0,ETHUSDT,1h,SHORT_ONLY,validation,,base,0,0,0,0,0.0,,,,,INSUFFICIENT_SAMPLE,combined,bearish/unavailable,0.0,0.0,recent
donchian_atr,eth_short_regime_challenge_v1_donchian_atr,20261007T203647Z-194d4424b93c,c122df20c69a4f22ac5a2010df9ee60a,e0dd4c731d1d27f0,ETHUSDT,1h,SHORT_ONLY,validation,,base,0,0,0,0,0.0,,,,,INSUFFICIENT_SAMPLE,combined,bullish/high,0.0,0.0,recent
donchian_atr,eth_short_regime_challenge_v1_donchian_atr,20261007T203647Z-194d4424b93c,c122df20c69a4f22ac5a2010df9ee60a,e0dd4c731d1d27f0,ETHUSDT,1h,SHORT_ONLY,validation,,base,0,0,0,0,0.0,,,,,INSUFFICIENT_SAMPLE,combined,bullish/ordinary,0.0,0.0,recent
donchian_atr,eth_short_regime_challenge_v1_donchian_atr,20261007T203647Z-194d4424b93c,c122df20c69a4f22ac5a2010df9ee60a,e0dd4c731d1d27f0,ETHUSDT,1h,SHORT_ONLY,validation,,base,0,0,0,0,0.0,,,,,INSUFFICIENT_SAMPLE,combined,bullish/unavailable,0.0,0.0,recent
donchian_atr,eth_short_regime_challenge_v1_donchian_atr,20261007T203647Z-194d4424b93c,c122df20c69a4f22ac5a2010df9ee60a,e0dd4c731d1d27f0,ETHUSDT,1h,SHORT_ONLY,validation,,base,0,0,0,0,0.0,,,,,INSUFFICIENT_SAMPLE,combined,mixed/high,0.0,0.0,recent
donchian_atr,eth_short_regime_challenge_v1_donchian_atr,20261007T203647Z-194d4424b93c,c122df20c69a4f22ac5a2010df9ee60a,e0dd4c731d1d27f0,ETHUSDT,1h,SHORT_ONLY,validation,,base,0,0,0,0,0.0,,,,,INSUFFICIENT_SAMPLE,combined,mixed/ordinary,0.0,0.0,recent
donchian_atr,eth_short_regime_challenge_v1_donchian_atr,20261007T203647Z-194d4424b93c,c122df20c69a4f22ac5a2010df9ee60a,e0dd4c731d1d27f0,ETHUSDT,1h,SHORT_ONLY,validation,,base,0,0,0,0,0.0,,,,,INSUFFICIENT_SAMPLE,combined,mixed/unavailable,0.0,0.0,recent
donchian_atr,eth_short_regime_challenge_v1_donchian_atr,20261007T203647Z-194d4424b93c,c122df20c69a4f22ac5a2010df9ee60a,e0dd4c731d1d27f0,ETHUSDT,1h,SHORT_ONLY,validation,,base,0,0,0,0,0.0,,,,,INSUFFICIENT_SAMPLE,combined,unavailable/high,0.0,0.0,recent
donchian_atr,eth_short_regime_challenge_v1_donchian_atr,20261007T203647Z-194d4424b93c,c122df20c69a4f22ac5a2010df9ee60a,e0dd4c731d1d27f0,ETHUSDT,1h,SHORT_ONLY,validation,,base,0,0,0,0,0.0,,,,,INSUFFICIENT_SAMPLE,combined,unavailable/ordinary,0.0,0.0,recent
donchian_atr,eth_short_regime_challenge_v1_donchian_atr,20261007T203647Z-194d4424b93c,c122df20c69a4f22ac5a2010df9ee60a,e0dd4c731d1d27f0,ETHUSDT,1h,SHORT_ONLY,validation,,base,0,0,0,0,0.0,,,,,INSUFFICIENT_SAMPLE,combined,unavailable/unavailable,0.0,0.0,recent
donchian_atr,eth_short_regime_challenge_v1_donchian_atr,20261007T203647Z-194d4424b93c,4d746512f47a43a7b714d58cdb0ebdb3,e0dd4c731d1d27f0,ETHUSDT,1h,SHORT_ONLY,validation,,adverse,34,14,20,0,100.7312289793403,2.9626832052747147,1.0710226528270617,41.1764705882353,-52.33660159533393,DESCRIPTIVE_SAMPLE,trend,bearish,100.0,99.99999999999994,recent
donchian_atr,eth_short_regime_challenge_v1_donchian_atr,20261007T203647Z-194d4424b93c,4d746512f47a43a7b714d58cdb0ebdb3,e0dd4c731d1d27f0,ETHUSDT,1h,SHORT_ONLY,validation,,adverse,0,0,0,0,0.0,,,,,INSUFFICIENT_SAMPLE,trend,bullish,0.0,0.0,recent
donchian_atr,eth_short_regime_challenge_v1_donchian_atr,20261007T203647Z-194d4424b93c,4d746512f47a43a7b714d58cdb0ebdb3,e0dd4c731d1d27f0,ETHUSDT,1h,SHORT_ONLY,validation,,adverse,0,0,0,0,0.0,,,,,INSUFFICIENT_SAMPLE,trend,mixed,0.0,0.0,recent
donchian_atr,eth_short_regime_challenge_v1_donchian_atr,20261007T203647Z-194d4424b93c,4d746512f47a43a7b714d58cdb0ebdb3,e0dd4c731d1d27f0,ETHUSDT,1h,SHORT_ONLY,validation,,adverse,0,0,0,0,0.0,,,,,INSUFFICIENT_SAMPLE,trend,unavailable,0.0,0.0,recent
donchian_atr,eth_short_regime_challenge_v1_donchian_atr,20261007T203647Z-194d4424b93c,4d746512f47a43a7b714d58cdb0ebdb3,e0dd4c731d1d27f0,ETHUSDT,1h,SHORT_ONLY,validation,,adverse,34,14,20,0,100.7312289793403,2.9626832052747147,1.0710226528270617,41.1764705882353,-52.33660159533393,DESCRIPTIVE_SAMPLE,volatility,high,100.0,99.99999999999994,recent
donchian_atr,eth_short_regime_challenge_v1_donchian_atr,20261007T203647Z-194d4424b93c,4d746512f47a43a7b714d58cdb0ebdb3,e0dd4c731d1d27f0,ETHUSDT,1h,SHORT_ONLY,validation,,adverse,0,0,0,0,0.0,,,,,INSUFFICIENT_SAMPLE,volatility,ordinary,0.0,0.0,recent
donchian_atr,eth_short_regime_challenge_v1_donchian_atr,20261007T203647Z-194d4424b93c,4d746512f47a43a7b714d58cdb0ebdb3,e0dd4c731d1d27f0,ETHUSDT,1h,SHORT_ONLY,validation,,adverse,0,0,0,0,0.0,,,,,INSUFFICIENT_SAMPLE,volatility,unavailable,0.0,0.0,recent
donchian_atr,eth_short_regime_challenge_v1_donchian_atr,20261007T203647Z-194d4424b93c,4d746512f47a43a7b714d58cdb0ebdb3,e0dd4c731d1d27f0,ETHUSDT,1h,SHORT_ONLY,validation,,adverse,34,14,20,0,100.7312289793403,2.9626832052747147,1.0710226528270617,41.1764705882353,-52.33660159533393,DESCRIPTIVE_SAMPLE,combined,bearish/high,100.0,99.99999999999994,recent
donchian_atr,eth_short_regime_challenge_v1_donchian_atr,20261007T203647Z-194d4424b93c,4d746512f47a43a7b714d58cdb0ebdb3,e0dd4c731d1d27f0,ETHUSDT,1h,SHORT_ONLY,validation,,adverse,0,0,0,0,0.0,,,,,INSUFFICIENT_SAMPLE,combined,bearish/ordinary,0.0,0.0,recent
donchian_atr,eth_short_regime_challenge_v1_donchian_atr,20261007T203647Z-194d4424b93c,4d746512f47a43a7b714d58cdb0ebdb3,e0dd4c731d1d27f0,ETHUSDT,1h,SHORT_ONLY,validation,,adverse,0,0,0,0,0.0,,,,,INSUFFICIENT_SAMPLE,combined,bearish/unavailable,0.0,0.0,recent
donchian_atr,eth_short_regime_challenge_v1_donchian_atr,20261007T203647Z-194d4424b93c,4d746512f47a43a7b714d58cdb0ebdb3,e0dd4c731d1d27f0,ETHUSDT,1h,SHORT_ONLY,validation,,adverse,0,0,0,0,0.0,,,,,INSUFFICIENT_SAMPLE,combined,bullish/high,0.0,0.0,recent
donchian_atr,eth_short_regime_challenge_v1_donchian_atr,20261007T203647Z-194d4424b93c,4d746512f47a43a7b714d58cdb0ebdb3,e0dd4c731d1d27f0,ETHUSDT,1h,SHORT_ONLY,validation,,adverse,0,0,0,0,0.0,,,,,INSUFFICIENT_SAMPLE,combined,bullish/ordinary,0.0,0.0,recent
donchian_atr,eth_short_regime_challenge_v1_donchian_atr,20261007T203647Z-194d4424b93c,4d746512f47a43a7b714d58cdb0ebdb3,e0dd4c731d1d27f0,ETHUSDT,1h,SHORT_ONLY,validation,,adverse,0,0,0,0,0.0,,,,,INSUFFICIENT_SAMPLE,combined,bullish/unavailable,0.0,0.0,recent
donchian_atr,eth_short_regime_challenge_v1_donchian_atr,20261007T203647Z-194d4424b93c,4d746512f47a43a7b714d58cdb0ebdb3,e0dd4c731d1d27f0,ETHUSDT,1h,SHORT_ONLY,validation,,adverse,0,0,0,0,0.0,,,,,INSUFFICIENT_SAMPLE,combined,mixed/high,0.0,0.0,recent
donchian_atr,eth_short_regime_challenge_v1_donchian_atr,20261007T203647Z-194d4424b93c,4d746512f47a43a7b714d58cdb0ebdb3,e0dd4c731d1d27f0,ETHUSDT,1h,SHORT_ONLY,validation,,adverse,0,0,0,0,0.0,,,,,INSUFFICIENT_SAMPLE,combined,mixed/ordinary,0.0,0.0,recent
donchian_atr,eth_short_regime_challenge_v1_donchian_atr,20261007T203647Z-194d4424b93c,4d746512f47a43a7b714d58cdb0ebdb3,e0dd4c731d1d27f0,ETHUSDT,1h,SHORT_ONLY,validation,,adverse,0,0,0,0,0.0,,,,,INSUFFICIENT_SAMPLE,combined,mixed/unavailable,0.0,0.0,recent
donchian_atr,eth_short_regime_challenge_v1_donchian_atr,20261007T203647Z-194d4424b93c,4d746512f47a43a7b714d58cdb0ebdb3,e0dd4c731d1d27f0,ETHUSDT,1h,SHORT_ONLY,validation,,adverse,0,0,0,0,0.0,,,,,INSUFFICIENT_SAMPLE,combined,unavailable/high,0.0,0.0,recent
donchian_atr,eth_short_regime_challenge_v1_donchian_atr,20261007T203647Z-194d4424b93c,4d746512f47a43a7b714d58cdb0ebdb3,e0dd4c731d1d27f0,ETHUSDT,1h,SHORT_ONLY,validation,,adverse,0,0,0,0,0.0,,,,,INSUFFICIENT_SAMPLE,combined,unavailable/ordinary,0.0,0.0,recent
donchian_atr,eth_short_regime_challenge_v1_donchian_atr,20261007T203647Z-194d4424b93c,4d746512f47a43a7b714d58cdb0ebdb3,e0dd4c731d1d27f0,ETHUSDT,1h,SHORT_ONLY,validation,,adverse,0,0,0,0,0.0,,,,,INSUFFICIENT_SAMPLE,combined,unavailable/unavailable,0.0,0.0,recent
donchian_atr,eth_short_regime_challenge_v1_donchian_atr,20261007T203647Z-194d4424b93c,88add49ff8394e3e8ba1ca1eafc80c6f,827790540ac7604f,ETHUSDT,1h,SHORT_ONLY,validation,,base,33,14,19,0,269.60981807225943,8.169994487038165,1.205592138278561,42.42424242424242,-49.0730618556308,DESCRIPTIVE_SAMPLE,trend,bearish,100.0,100.0,recent
donchian_atr,eth_short_regime_challenge_v1_donchian_atr,20261007T203647Z-194d4424b93c,88add49ff8394e3e8ba1ca1eafc80c6f,827790540ac7604f,ETHUSDT,1h,SHORT_ONLY,validation,,base,0,0,0,0,0.0,,,,,INSUFFICIENT_SAMPLE,trend,bullish,0.0,0.0,recent
donchian_atr,eth_short_regime_challenge_v1_donchian_atr,20261007T203647Z-194d4424b93c,88add49ff8394e3e8ba1ca1eafc80c6f,827790540ac7604f,ETHUSDT,1h,SHORT_ONLY,validation,,base,0,0,0,0,0.0,,,,,INSUFFICIENT_SAMPLE,trend,mixed,0.0,0.0,recent
donchian_atr,eth_short_regime_challenge_v1_donchian_atr,20261007T203647Z-194d4424b93c,88add49ff8394e3e8ba1ca1eafc80c6f,827790540ac7604f,ETHUSDT,1h,SHORT_ONLY,validation,,base,0,0,0,0,0.0,,,,,INSUFFICIENT_SAMPLE,trend,unavailable,0.0,0.0,recent
donchian_atr,eth_short_regime_challenge_v1_donchian_atr,20261007T203647Z-194d4424b93c,88add49ff8394e3e8ba1ca1eafc80c6f,827790540ac7604f,ETHUSDT,1h,SHORT_ONLY,validation,,base,33,14,19,0,269.60981807225943,8.169994487038165,1.205592138278561,42.42424242424242,-49.0730618556308,DESCRIPTIVE_SAMPLE,volatility,high,100.0,100.0,recent
donchian_atr,eth_short_regime_challenge_v1_donchian_atr,20261007T203647Z-194d4424b93c,88add49ff8394e3e8ba1ca1eafc80c6f,827790540ac7604f,ETHUSDT,1h,SHORT_ONLY,validation,,base,0,0,0,0,0.0,,,,,INSUFFICIENT_SAMPLE,volatility,ordinary,0.0,0.0,recent
donchian_atr,eth_short_regime_challenge_v1_donchian_atr,20261007T203647Z-194d4424b93c,88add49ff8394e3e8ba1ca1eafc80c6f,827790540ac7604f,ETHUSDT,1h,SHORT_ONLY,validation,,base,0,0,0,0,0.0,,,,,INSUFFICIENT_SAMPLE,volatility,unavailable,0.0,0.0,recent
donchian_atr,eth_short_regime_challenge_v1_donchian_atr,20261007T203647Z-194d4424b93c,88add49ff8394e3e8ba1ca1eafc80c6f,827790540ac7604f,ETHUSDT,1h,SHORT_ONLY,validation,,base,33,14,19,0,269.60981807225943,8.169994487038165,1.205592138278561,42.42424242424242,-49.0730618556308,DESCRIPTIVE_SAMPLE,combined,bearish/high,100.0,100.0,recent
donchian_atr,eth_short_regime_challenge_v1_donchian_atr,20261007T203647Z-194d4424b93c,88add49ff8394e3e8ba1ca1eafc80c6f,827790540ac7604f,ETHUSDT,1h,SHORT_ONLY,validation,,base,0,0,0,0,0.0,,,,,INSUFFICIENT_SAMPLE,combined,bearish/ordinary,0.0,0.0,recent
donchian_atr,eth_short_regime_challenge_v1_donchian_atr,20261007T203647Z-194d4424b93c,88add49ff8394e3e8ba1ca1eafc80c6f,827790540ac7604f,ETHUSDT,1h,SHORT_ONLY,validation,,base,0,0,0,0,0.0,,,,,INSUFFICIENT_SAMPLE,combined,bearish/unavailable,0.0,0.0,recent
donchian_atr,eth_short_regime_challenge_v1_donchian_atr,20261007T203647Z-194d4424b93c,88add49ff8394e3e8ba1ca1eafc80c6f,827790540ac7604f,ETHUSDT,1h,SHORT_ONLY,validation,,base,0,0,0,0,0.0,,,,,INSUFFICIENT_SAMPLE,combined,bullish/high,0.0,0.0,recent
donchian_atr,eth_short_regime_challenge_v1_donchian_atr,20261007T203647Z-194d4424b93c,88add49ff8394e3e8ba1ca1eafc80c6f,827790540ac7604f,ETHUSDT,1h,SHORT_ONLY,validation,,base,0,0,0,0,0.0,,,,,INSUFFICIENT_SAMPLE,combined,bullish/ordinary,0.0,0.0,recent
donchian_atr,eth_short_regime_challenge_v1_donchian_atr,20261007T203647Z-194d4424b93c,88add49ff8394e3e8ba1ca1eafc80c6f,827790540ac7604f,ETHUSDT,1h,SHORT_ONLY,validation,,base,0,0,0,0,0.0,,,,,INSUFFICIENT_SAMPLE,combined,bullish/unavailable,0.0,0.0,recent
donchian_atr,eth_short_regime_challenge_v1_donchian_atr,20261007T203647Z-194d4424b93c,88add49ff8394e3e8ba1ca1eafc80c6f,827790540ac7604f,ETHUSDT,1h,SHORT_ONLY,validation,,base,0,0,0,0,0.0,,,,,INSUFFICIENT_SAMPLE,combined,mixed/high,0.0,0.0,recent
donchian_atr,eth_short_regime_challenge_v1_donchian_atr,20261007T203647Z-194d4424b93c,88add49ff8394e3e8ba1ca1eafc80c6f,827790540ac7604f,ETHUSDT,1h,SHORT_ONLY,validation,,base,0,0,0,0,0.0,,,,,INSUFFICIENT_SAMPLE,combined,mixed/ordinary,0.0,0.0,recent
donchian_atr,eth_short_regime_challenge_v1_donchian_atr,20261007T203647Z-194d4424b93c,88add49ff8394e3e8ba1ca1eafc80c6f,827790540ac7604f,ETHUSDT,1h,SHORT_ONLY,validation,,base,0,0,0,0,0.0,,,,,INSUFFICIENT_SAMPLE,combined,mixed/unavailable,0.0,0.0,recent
donchian_atr,eth_short_regime_challenge_v1_donchian_atr,20261007T203647Z-194d4424b93c,88add49ff8394e3e8ba1ca1eafc80c6f,827790540ac7604f,ETHUSDT,1h,SHORT_ONLY,validation,,base,0,0,0,0,0.0,,,,,INSUFFICIENT_SAMPLE,combined,unavailable/high,0.0,0.0,recent
donchian_atr,eth_short_regime_challenge_v1_donchian_atr,20261007T203647Z-194d4424b93c,88add49ff8394e3e8ba1ca1eafc80c6f,827790540ac7604f,ETHUSDT,1h,SHORT_ONLY,validation,,base,0,0,0,0,0.0,,,,,INSUFFICIENT_SAMPLE,combined,unavailable/ordinary,0.0,0.0,recent
donchian_atr,eth_short_regime_challenge_v1_donchian_atr,20261007T203647Z-194d4424b93c,88add49ff8394e3e8ba1ca1eafc80c6f,827790540ac7604f,ETHUSDT,1h,SHORT_ONLY,validation,,base,0,0,0,0,0.0,,,,,INSUFFICIENT_SAMPLE,combined,unavailable/unavailable,0.0,0.0,recent
donchian_atr,eth_short_regime_challenge_v1_donchian_atr,20261007T203647Z-194d4424b93c,3fc7dd5681b44cc1b70af38fb8fa57f6,827790540ac7604f,ETHUSDT,1h,SHORT_ONLY,validation,,adverse,33,14,19,0,161.6038120550857,4.897085213790476,1.1187749802816582,42.42424242424242,-52.40048264531353,DESCRIPTIVE_SAMPLE,trend,bearish,100.0,99.99999999999996,recent
donchian_atr,eth_short_regime_challenge_v1_donchian_atr,20261007T203647Z-194d4424b93c,3fc7dd5681b44cc1b70af38fb8fa57f6,827790540ac7604f,ETHUSDT,1h,SHORT_ONLY,validation,,adverse,0,0,0,0,0.0,,,,,INSUFFICIENT_SAMPLE,trend,bullish,0.0,0.0,recent
donchian_atr,eth_short_regime_challenge_v1_donchian_atr,20261007T203647Z-194d4424b93c,3fc7dd5681b44cc1b70af38fb8fa57f6,827790540ac7604f,ETHUSDT,1h,SHORT_ONLY,validation,,adverse,0,0,0,0,0.0,,,,,INSUFFICIENT_SAMPLE,trend,mixed,0.0,0.0,recent
donchian_atr,eth_short_regime_challenge_v1_donchian_atr,20261007T203647Z-194d4424b93c,3fc7dd5681b44cc1b70af38fb8fa57f6,827790540ac7604f,ETHUSDT,1h,SHORT_ONLY,validation,,adverse,0,0,0,0,0.0,,,,,INSUFFICIENT_SAMPLE,trend,unavailable,0.0,0.0,recent
donchian_atr,eth_short_regime_challenge_v1_donchian_atr,20261007T203647Z-194d4424b93c,3fc7dd5681b44cc1b70af38fb8fa57f6,827790540ac7604f,ETHUSDT,1h,SHORT_ONLY,validation,,adverse,33,14,19,0,161.6038120550857,4.897085213790476,1.1187749802816582,42.42424242424242,-52.40048264531353,DESCRIPTIVE_SAMPLE,volatility,high,100.0,99.99999999999996,recent
donchian_atr,eth_short_regime_challenge_v1_donchian_atr,20261007T203647Z-194d4424b93c,3fc7dd5681b44cc1b70af38fb8fa57f6,827790540ac7604f,ETHUSDT,1h,SHORT_ONLY,validation,,adverse,0,0,0,0,0.0,,,,,INSUFFICIENT_SAMPLE,volatility,ordinary,0.0,0.0,recent
donchian_atr,eth_short_regime_challenge_v1_donchian_atr,20261007T203647Z-194d4424b93c,3fc7dd5681b44cc1b70af38fb8fa57f6,827790540ac7604f,ETHUSDT,1h,SHORT_ONLY,validation,,adverse,0,0,0,0,0.0,,,,,INSUFFICIENT_SAMPLE,volatility,unavailable,0.0,0.0,recent
donchian_atr,eth_short_regime_challenge_v1_donchian_atr,20261007T203647Z-194d4424b93c,3fc7dd5681b44cc1b70af38fb8fa57f6,827790540ac7604f,ETHUSDT,1h,SHORT_ONLY,validation,,adverse,33,14,19,0,161.6038120550857,4.897085213790476,1.1187749802816582,42.42424242424242,-52.40048264531353,DESCRIPTIVE_SAMPLE,combined,bearish/high,100.0,99.99999999999996,recent
donchian_atr,eth_short_regime_challenge_v1_donchian_atr,20261007T203647Z-194d4424b93c,3fc7dd5681b44cc1b70af38fb8fa57f6,827790540ac7604f,ETHUSDT,1h,SHORT_ONLY,validation,,adverse,0,0,0,0,0.0,,,,,INSUFFICIENT_SAMPLE,combined,bearish/ordinary,0.0,0.0,recent
donchian_atr,eth_short_regime_challenge_v1_donchian_atr,20261007T203647Z-194d4424b93c,3fc7dd5681b44cc1b70af38fb8fa57f6,827790540ac7604f,ETHUSDT,1h,SHORT_ONLY,validation,,adverse,0,0,0,0,0.0,,,,,INSUFFICIENT_SAMPLE,combined,bearish/unavailable,0.0,0.0,recent
donchian_atr,eth_short_regime_challenge_v1_donchian_atr,20261007T203647Z-194d4424b93c,3fc7dd5681b44cc1b70af38fb8fa57f6,827790540ac7604f,ETHUSDT,1h,SHORT_ONLY,validation,,adverse,0,0,0,0,0.0,,,,,INSUFFICIENT_SAMPLE,combined,bullish/high,0.0,0.0,recent
donchian_atr,eth_short_regime_challenge_v1_donchian_atr,20261007T203647Z-194d4424b93c,3fc7dd5681b44cc1b70af38fb8fa57f6,827790540ac7604f,ETHUSDT,1h,SHORT_ONLY,validation,,adverse,0,0,0,0,0.0,,,,,INSUFFICIENT_SAMPLE,combined,bullish/ordinary,0.0,0.0,recent
donchian_atr,eth_short_regime_challenge_v1_donchian_atr,20261007T203647Z-194d4424b93c,3fc7dd5681b44cc1b70af38fb8fa57f6,827790540ac7604f,ETHUSDT,1h,SHORT_ONLY,validation,,adverse,0,0,0,0,0.0,,,,,INSUFFICIENT_SAMPLE,combined,bullish/unavailable,0.0,0.0,recent
donchian_atr,eth_short_regime_challenge_v1_donchian_atr,20261007T203647Z-194d4424b93c,3fc7dd5681b44cc1b70af38fb8fa57f6,827790540ac7604f,ETHUSDT,1h,SHORT_ONLY,validation,,adverse,0,0,0,0,0.0,,,,,INSUFFICIENT_SAMPLE,combined,mixed/high,0.0,0.0,recent
donchian_atr,eth_short_regime_challenge_v1_donchian_atr,20261007T203647Z-194d4424b93c,3fc7dd5681b44cc1b70af38fb8fa57f6,827790540ac7604f,ETHUSDT,1h,SHORT_ONLY,validation,,adverse,0,0,0,0,0.0,,,,,INSUFFICIENT_SAMPLE,combined,mixed/ordinary,0.0,0.0,recent
donchian_atr,eth_short_regime_challenge_v1_donchian_atr,20261007T203647Z-194d4424b93c,3fc7dd5681b44cc1b70af38fb8fa57f6,827790540ac7604f,ETHUSDT,1h,SHORT_ONLY,validation,,adverse,0,0,0,0,0.0,,,,,INSUFFICIENT_SAMPLE,combined,mixed/unavailable,0.0,0.0,recent
donchian_atr,eth_short_regime_challenge_v1_donchian_atr,20261007T203647Z-194d4424b93c,3fc7dd5681b44cc1b70af38fb8fa57f6,827790540ac7604f,ETHUSDT,1h,SHORT_ONLY,validation,,adverse,0,0,0,0,0.0,,,,,INSUFFICIENT_SAMPLE,combined,unavailable/high,0.0,0.0,recent
donchian_atr,eth_short_regime_challenge_v1_donchian_atr,20261007T203647Z-194d4424b93c,3fc7dd5681b44cc1b70af38fb8fa57f6,827790540ac7604f,ETHUSDT,1h,SHORT_ONLY,validation,,adverse,0,0,0,0,0.0,,,,,INSUFFICIENT_SAMPLE,combined,unavailable/ordinary,0.0,0.0,recent
donchian_atr,eth_short_regime_challenge_v1_donchian_atr,20261007T203647Z-194d4424b93c,3fc7dd5681b44cc1b70af38fb8fa57f6,827790540ac7604f,ETHUSDT,1h,SHORT_ONLY,validation,,adverse,0,0,0,0,0.0,,,,,INSUFFICIENT_SAMPLE,combined,unavailable/unavailable,0.0,0.0,recent
donchian_atr,eth_short_regime_challenge_v1_donchian_atr,20261007T203647Z-194d4424b93c,bb884692d73849d99ead7a0bd625d129,6719be4e317770b6,ETHUSDT,1h,SHORT_ONLY,validation,,base,26,10,16,0,84.45079687169486,3.248107571988264,1.074193613020432,38.46153846153846,-49.61981466837587,DESCRIPTIVE_SAMPLE,trend,bearish,100.0,100.00000000000004,recent
donchian_atr,eth_short_regime_challenge_v1_donchian_atr,20261007T203647Z-194d4424b93c,bb884692d73849d99ead7a0bd625d129,6719be4e317770b6,ETHUSDT,1h,SHORT_ONLY,validation,,base,0,0,0,0,0.0,,,,,INSUFFICIENT_SAMPLE,trend,bullish,0.0,0.0,recent
donchian_atr,eth_short_regime_challenge_v1_donchian_atr,20261007T203647Z-194d4424b93c,bb884692d73849d99ead7a0bd625d129,6719be4e317770b6,ETHUSDT,1h,SHORT_ONLY,validation,,base,0,0,0,0,0.0,,,,,INSUFFICIENT_SAMPLE,trend,mixed,0.0,0.0,recent
donchian_atr,eth_short_regime_challenge_v1_donchian_atr,20261007T203647Z-194d4424b93c,bb884692d73849d99ead7a0bd625d129,6719be4e317770b6,ETHUSDT,1h,SHORT_ONLY,validation,,base,0,0,0,0,0.0,,,,,INSUFFICIENT_SAMPLE,trend,unavailable,0.0,0.0,recent
donchian_atr,eth_short_regime_challenge_v1_donchian_atr,20261007T203647Z-194d4424b93c,bb884692d73849d99ead7a0bd625d129,6719be4e317770b6,ETHUSDT,1h,SHORT_ONLY,validation,,base,26,10,16,0,84.45079687169486,3.248107571988264,1.074193613020432,38.46153846153846,-49.61981466837587,DESCRIPTIVE_SAMPLE,volatility,high,100.0,100.00000000000004,recent
donchian_atr,eth_short_regime_challenge_v1_donchian_atr,20261007T203647Z-194d4424b93c,bb884692d73849d99ead7a0bd625d129,6719be4e317770b6,ETHUSDT,1h,SHORT_ONLY,validation,,base,0,0,0,0,0.0,,,,,INSUFFICIENT_SAMPLE,volatility,ordinary,0.0,0.0,recent
donchian_atr,eth_short_regime_challenge_v1_donchian_atr,20261007T203647Z-194d4424b93c,bb884692d73849d99ead7a0bd625d129,6719be4e317770b6,ETHUSDT,1h,SHORT_ONLY,validation,,base,0,0,0,0,0.0,,,,,INSUFFICIENT_SAMPLE,volatility,unavailable,0.0,0.0,recent
donchian_atr,eth_short_regime_challenge_v1_donchian_atr,20261007T203647Z-194d4424b93c,bb884692d73849d99ead7a0bd625d129,6719be4e317770b6,ETHUSDT,1h,SHORT_ONLY,validation,,base,26,10,16,0,84.45079687169486,3.248107571988264,1.074193613020432,38.46153846153846,-49.61981466837587,DESCRIPTIVE_SAMPLE,combined,bearish/high,100.0,100.00000000000004,recent
donchian_atr,eth_short_regime_challenge_v1_donchian_atr,20261007T203647Z-194d4424b93c,bb884692d73849d99ead7a0bd625d129,6719be4e317770b6,ETHUSDT,1h,SHORT_ONLY,validation,,base,0,0,0,0,0.0,,,,,INSUFFICIENT_SAMPLE,combined,bearish/ordinary,0.0,0.0,recent
donchian_atr,eth_short_regime_challenge_v1_donchian_atr,20261007T203647Z-194d4424b93c,bb884692d73849d99ead7a0bd625d129,6719be4e317770b6,ETHUSDT,1h,SHORT_ONLY,validation,,base,0,0,0,0,0.0,,,,,INSUFFICIENT_SAMPLE,combined,bearish/unavailable,0.0,0.0,recent
donchian_atr,eth_short_regime_challenge_v1_donchian_atr,20261007T203647Z-194d4424b93c,bb884692d73849d99ead7a0bd625d129,6719be4e317770b6,ETHUSDT,1h,SHORT_ONLY,validation,,base,0,0,0,0,0.0,,,,,INSUFFICIENT_SAMPLE,combined,bullish/high,0.0,0.0,recent
donchian_atr,eth_short_regime_challenge_v1_donchian_atr,20261007T203647Z-194d4424b93c,bb884692d73849d99ead7a0bd625d129,6719be4e317770b6,ETHUSDT,1h,SHORT_ONLY,validation,,base,0,0,0,0,0.0,,,,,INSUFFICIENT_SAMPLE,combined,bullish/ordinary,0.0,0.0,recent
donchian_atr,eth_short_regime_challenge_v1_donchian_atr,20261007T203647Z-194d4424b93c,bb884692d73849d99ead7a0bd625d129,6719be4e317770b6,ETHUSDT,1h,SHORT_ONLY,validation,,base,0,0,0,0,0.0,,,,,INSUFFICIENT_SAMPLE,combined,bullish/unavailable,0.0,0.0,recent
donchian_atr,eth_short_regime_challenge_v1_donchian_atr,20261007T203647Z-194d4424b93c,bb884692d73849d99ead7a0bd625d129,6719be4e317770b6,ETHUSDT,1h,SHORT_ONLY,validation,,base,0,0,0,0,0.0,,,,,INSUFFICIENT_SAMPLE,combined,mixed/high,0.0,0.0,recent
donchian_atr,eth_short_regime_challenge_v1_donchian_atr,20261007T203647Z-194d4424b93c,bb884692d73849d99ead7a0bd625d129,6719be4e317770b6,ETHUSDT,1h,SHORT_ONLY,validation,,base,0,0,0,0,0.0,,,,,INSUFFICIENT_SAMPLE,combined,mixed/ordinary,0.0,0.0,recent
donchian_atr,eth_short_regime_challenge_v1_donchian_atr,20261007T203647Z-194d4424b93c,bb884692d73849d99ead7a0bd625d129,6719be4e317770b6,ETHUSDT,1h,SHORT_ONLY,validation,,base,0,0,0,0,0.0,,,,,INSUFFICIENT_SAMPLE,combined,mixed/unavailable,0.0,0.0,recent
donchian_atr,eth_short_regime_challenge_v1_donchian_atr,20261007T203647Z-194d4424b93c,bb884692d73849d99ead7a0bd625d129,6719be4e317770b6,ETHUSDT,1h,SHORT_ONLY,validation,,base,0,0,0,0,0.0,,,,,INSUFFICIENT_SAMPLE,combined,unavailable/high,0.0,0.0,recent
donchian_atr,eth_short_regime_challenge_v1_donchian_atr,20261007T203647Z-194d4424b93c,bb884692d73849d99ead7a0bd625d129,6719be4e317770b6,ETHUSDT,1h,SHORT_ONLY,validation,,base,0,0,0,0,0.0,,,,,INSUFFICIENT_SAMPLE,combined,unavailable/ordinary,0.0,0.0,recent
donchian_atr,eth_short_regime_challenge_v1_donchian_atr,20261007T203647Z-194d4424b93c,bb884692d73849d99ead7a0bd625d129,6719be4e317770b6,ETHUSDT,1h,SHORT_ONLY,validation,,base,0,0,0,0,0.0,,,,,INSUFFICIENT_SAMPLE,combined,unavailable/unavailable,0.0,0.0,recent
donchian_atr,eth_short_regime_challenge_v1_donchian_atr,20261007T203647Z-194d4424b93c,08b5fbc540c645219a9bcd0e226fb43c,6719be4e317770b6,ETHUSDT,1h,SHORT_ONLY,validation,,adverse,26,10,16,0,1.7681670750832978,0.0680064259647422,1.001499778094394,38.46153846153846,-52.7831678494542,DESCRIPTIVE_SAMPLE,trend,bearish,100.0,99.999999999998,recent
donchian_atr,eth_short_regime_challenge_v1_donchian_atr,20261007T203647Z-194d4424b93c,08b5fbc540c645219a9bcd0e226fb43c,6719be4e317770b6,ETHUSDT,1h,SHORT_ONLY,validation,,adverse,0,0,0,0,0.0,,,,,INSUFFICIENT_SAMPLE,trend,bullish,0.0,0.0,recent
donchian_atr,eth_short_regime_challenge_v1_donchian_atr,20261007T203647Z-194d4424b93c,08b5fbc540c645219a9bcd0e226fb43c,6719be4e317770b6,ETHUSDT,1h,SHORT_ONLY,validation,,adverse,0,0,0,0,0.0,,,,,INSUFFICIENT_SAMPLE,trend,mixed,0.0,0.0,recent
donchian_atr,eth_short_regime_challenge_v1_donchian_atr,20261007T203647Z-194d4424b93c,08b5fbc540c645219a9bcd0e226fb43c,6719be4e317770b6,ETHUSDT,1h,SHORT_ONLY,validation,,adverse,0,0,0,0,0.0,,,,,INSUFFICIENT_SAMPLE,trend,unavailable,0.0,0.0,recent
donchian_atr,eth_short_regime_challenge_v1_donchian_atr,20261007T203647Z-194d4424b93c,08b5fbc540c645219a9bcd0e226fb43c,6719be4e317770b6,ETHUSDT,1h,SHORT_ONLY,validation,,adverse,26,10,16,0,1.7681670750832978,0.0680064259647422,1.001499778094394,38.46153846153846,-52.7831678494542,DESCRIPTIVE_SAMPLE,volatility,high,100.0,99.999999999998,recent
donchian_atr,eth_short_regime_challenge_v1_donchian_atr,20261007T203647Z-194d4424b93c,08b5fbc540c645219a9bcd0e226fb43c,6719be4e317770b6,ETHUSDT,1h,SHORT_ONLY,validation,,adverse,0,0,0,0,0.0,,,,,INSUFFICIENT_SAMPLE,volatility,ordinary,0.0,0.0,recent
donchian_atr,eth_short_regime_challenge_v1_donchian_atr,20261007T203647Z-194d4424b93c,08b5fbc540c645219a9bcd0e226fb43c,6719be4e317770b6,ETHUSDT,1h,SHORT_ONLY,validation,,adverse,0,0,0,0,0.0,,,,,INSUFFICIENT_SAMPLE,volatility,unavailable,0.0,0.0,recent
donchian_atr,eth_short_regime_challenge_v1_donchian_atr,20261007T203647Z-194d4424b93c,08b5fbc540c645219a9bcd0e226fb43c,6719be4e317770b6,ETHUSDT,1h,SHORT_ONLY,validation,,adverse,26,10,16,0,1.7681670750832978,0.0680064259647422,1.001499778094394,38.46153846153846,-52.7831678494542,DESCRIPTIVE_SAMPLE,combined,bearish/high,100.0,99.999999999998,recent
donchian_atr,eth_short_regime_challenge_v1_donchian_atr,20261007T203647Z-194d4424b93c,08b5fbc540c645219a9bcd0e226fb43c,6719be4e317770b6,ETHUSDT,1h,SHORT_ONLY,validation,,adverse,0,0,0,0,0.0,,,,,INSUFFICIENT_SAMPLE,combined,bearish/ordinary,0.0,0.0,recent
donchian_atr,eth_short_regime_challenge_v1_donchian_atr,20261007T203647Z-194d4424b93c,08b5fbc540c645219a9bcd0e226fb43c,6719be4e317770b6,ETHUSDT,1h,SHORT_ONLY,validation,,adverse,0,0,0,0,0.0,,,,,INSUFFICIENT_SAMPLE,combined,bearish/unavailable,0.0,0.0,recent
donchian_atr,eth_short_regime_challenge_v1_donchian_atr,20261007T203647Z-194d4424b93c,08b5fbc540c645219a9bcd0e226fb43c,6719be4e317770b6,ETHUSDT,1h,SHORT_ONLY,validation,,adverse,0,0,0,0,0.0,,,,,INSUFFICIENT_SAMPLE,combined,bullish/high,0.0,0.0,recent
donchian_atr,eth_short_regime_challenge_v1_donchian_atr,20261007T203647Z-194d4424b93c,08b5fbc540c645219a9bcd0e226fb43c,6719be4e317770b6,ETHUSDT,1h,SHORT_ONLY,validation,,adverse,0,0,0,0,0.0,,,,,INSUFFICIENT_SAMPLE,combined,bullish/ordinary,0.0,0.0,recent
donchian_atr,eth_short_regime_challenge_v1_donchian_atr,20261007T203647Z-194d4424b93c,08b5fbc540c645219a9bcd0e226fb43c,6719be4e317770b6,ETHUSDT,1h,SHORT_ONLY,validation,,adverse,0,0,0,0,0.0,,,,,INSUFFICIENT_SAMPLE,combined,bullish/unavailable,0.0,0.0,recent
donchian_atr,eth_short_regime_challenge_v1_donchian_atr,20261007T203647Z-194d4424b93c,08b5fbc540c645219a9bcd0e226fb43c,6719be4e317770b6,ETHUSDT,1h,SHORT_ONLY,validation,,adverse,0,0,0,0,0.0,,,,,INSUFFICIENT_SAMPLE,combined,mixed/high,0.0,0.0,recent
donchian_atr,eth_short_regime_challenge_v1_donchian_atr,20261007T203647Z-194d4424b93c,08b5fbc540c645219a9bcd0e226fb43c,6719be4e317770b6,ETHUSDT,1h,SHORT_ONLY,validation,,adverse,0,0,0,0,0.0,,,,,INSUFFICIENT_SAMPLE,combined,mixed/ordinary,0.0,0.0,recent
donchian_atr,eth_short_regime_challenge_v1_donchian_atr,20261007T203647Z-194d4424b93c,08b5fbc540c645219a9bcd0e226fb43c,6719be4e317770b6,ETHUSDT,1h,SHORT_ONLY,validation,,adverse,0,0,0,0,0.0,,,,,INSUFFICIENT_SAMPLE,combined,mixed/unavailable,0.0,0.0,recent
donchian_atr,eth_short_regime_challenge_v1_donchian_atr,20261007T203647Z-194d4424b93c,08b5fbc540c645219a9bcd0e226fb43c,6719be4e317770b6,ETHUSDT,1h,SHORT_ONLY,validation,,adverse,0,0,0,0,0.0,,,,,INSUFFICIENT_SAMPLE,combined,unavailable/high,0.0,0.0,recent
donchian_atr,eth_short_regime_challenge_v1_donchian_atr,20261007T203647Z-194d4424b93c,08b5fbc540c645219a9bcd0e226fb43c,6719be4e317770b6,ETHUSDT,1h,SHORT_ONLY,validation,,adverse,0,0,0,0,0.0,,,,,INSUFFICIENT_SAMPLE,combined,unavailable/ordinary,0.0,0.0,recent
donchian_atr,eth_short_regime_challenge_v1_donchian_atr,20261007T203647Z-194d4424b93c,08b5fbc540c645219a9bcd0e226fb43c,6719be4e317770b6,ETHUSDT,1h,SHORT_ONLY,validation,,adverse,0,0,0,0,0.0,,,,,INSUFFICIENT_SAMPLE,combined,unavailable/unavailable,0.0,0.0,recent
donchian_atr,eth_short_regime_challenge_v1_donchian_atr,20261007T203647Z-194d4424b93c,f96dc49ebcac4155a00123c436ee4eff,4c4aa07c4c65af74,ETHUSDT,1h,SHORT_ONLY,validation,,base,26,10,16,0,84.45079687169486,3.248107571988264,1.074193613020432,38.46153846153846,-49.61981466837587,DESCRIPTIVE_SAMPLE,trend,bearish,100.0,100.00000000000004,recent
donchian_atr,eth_short_regime_challenge_v1_donchian_atr,20261007T203647Z-194d4424b93c,f96dc49ebcac4155a00123c436ee4eff,4c4aa07c4c65af74,ETHUSDT,1h,SHORT_ONLY,validation,,base,0,0,0,0,0.0,,,,,INSUFFICIENT_SAMPLE,trend,bullish,0.0,0.0,recent
donchian_atr,eth_short_regime_challenge_v1_donchian_atr,20261007T203647Z-194d4424b93c,f96dc49ebcac4155a00123c436ee4eff,4c4aa07c4c65af74,ETHUSDT,1h,SHORT_ONLY,validation,,base,0,0,0,0,0.0,,,,,INSUFFICIENT_SAMPLE,trend,mixed,0.0,0.0,recent
donchian_atr,eth_short_regime_challenge_v1_donchian_atr,20261007T203647Z-194d4424b93c,f96dc49ebcac4155a00123c436ee4eff,4c4aa07c4c65af74,ETHUSDT,1h,SHORT_ONLY,validation,,base,0,0,0,0,0.0,,,,,INSUFFICIENT_SAMPLE,trend,unavailable,0.0,0.0,recent
donchian_atr,eth_short_regime_challenge_v1_donchian_atr,20261007T203647Z-194d4424b93c,f96dc49ebcac4155a00123c436ee4eff,4c4aa07c4c65af74,ETHUSDT,1h,SHORT_ONLY,validation,,base,26,10,16,0,84.45079687169486,3.248107571988264,1.074193613020432,38.46153846153846,-49.61981466837587,DESCRIPTIVE_SAMPLE,volatility,high,100.0,100.00000000000004,recent
donchian_atr,eth_short_regime_challenge_v1_donchian_atr,20261007T203647Z-194d4424b93c,f96dc49ebcac4155a00123c436ee4eff,4c4aa07c4c65af74,ETHUSDT,1h,SHORT_ONLY,validation,,base,0,0,0,0,0.0,,,,,INSUFFICIENT_SAMPLE,volatility,ordinary,0.0,0.0,recent
donchian_atr,eth_short_regime_challenge_v1_donchian_atr,20261007T203647Z-194d4424b93c,f96dc49ebcac4155a00123c436ee4eff,4c4aa07c4c65af74,ETHUSDT,1h,SHORT_ONLY,validation,,base,0,0,0,0,0.0,,,,,INSUFFICIENT_SAMPLE,volatility,unavailable,0.0,0.0,recent
donchian_atr,eth_short_regime_challenge_v1_donchian_atr,20261007T203647Z-194d4424b93c,f96dc49ebcac4155a00123c436ee4eff,4c4aa07c4c65af74,ETHUSDT,1h,SHORT_ONLY,validation,,base,26,10,16,0,84.45079687169486,3.248107571988264,1.074193613020432,38.46153846153846,-49.61981466837587,DESCRIPTIVE_SAMPLE,combined,bearish/high,100.0,100.00000000000004,recent
donchian_atr,eth_short_regime_challenge_v1_donchian_atr,20261007T203647Z-194d4424b93c,f96dc49ebcac4155a00123c436ee4eff,4c4aa07c4c65af74,ETHUSDT,1h,SHORT_ONLY,validation,,base,0,0,0,0,0.0,,,,,INSUFFICIENT_SAMPLE,combined,bearish/ordinary,0.0,0.0,recent
donchian_atr,eth_short_regime_challenge_v1_donchian_atr,20261007T203647Z-194d4424b93c,f96dc49ebcac4155a00123c436ee4eff,4c4aa07c4c65af74,ETHUSDT,1h,SHORT_ONLY,validation,,base,0,0,0,0,0.0,,,,,INSUFFICIENT_SAMPLE,combined,bearish/unavailable,0.0,0.0,recent
donchian_atr,eth_short_regime_challenge_v1_donchian_atr,20261007T203647Z-194d4424b93c,f96dc49ebcac4155a00123c436ee4eff,4c4aa07c4c65af74,ETHUSDT,1h,SHORT_ONLY,validation,,base,0,0,0,0,0.0,,,,,INSUFFICIENT_SAMPLE,combined,bullish/high,0.0,0.0,recent
donchian_atr,eth_short_regime_challenge_v1_donchian_atr,20261007T203647Z-194d4424b93c,f96dc49ebcac4155a00123c436ee4eff,4c4aa07c4c65af74,ETHUSDT,1h,SHORT_ONLY,validation,,base,0,0,0,0,0.0,,,,,INSUFFICIENT_SAMPLE,combined,bullish/ordinary,0.0,0.0,recent
donchian_atr,eth_short_regime_challenge_v1_donchian_atr,20261007T203647Z-194d4424b93c,f96dc49ebcac4155a00123c436ee4eff,4c4aa07c4c65af74,ETHUSDT,1h,SHORT_ONLY,validation,,base,0,0,0,0,0.0,,,,,INSUFFICIENT_SAMPLE,combined,bullish/unavailable,0.0,0.0,recent
donchian_atr,eth_short_regime_challenge_v1_donchian_atr,20261007T203647Z-194d4424b93c,f96dc49ebcac4155a00123c436ee4eff,4c4aa07c4c65af74,ETHUSDT,1h,SHORT_ONLY,validation,,base,0,0,0,0,0.0,,,,,INSUFFICIENT_SAMPLE,combined,mixed/high,0.0,0.0,recent
donchian_atr,eth_short_regime_challenge_v1_donchian_atr,20261007T203647Z-194d4424b93c,f96dc49ebcac4155a00123c436ee4eff,4c4aa07c4c65af74,ETHUSDT,1h,SHORT_ONLY,validation,,base,0,0,0,0,0.0,,,,,INSUFFICIENT_SAMPLE,combined,mixed/ordinary,0.0,0.0,recent
donchian_atr,eth_short_regime_challenge_v1_donchian_atr,20261007T203647Z-194d4424b93c,f96dc49ebcac4155a00123c436ee4eff,4c4aa07c4c65af74,ETHUSDT,1h,SHORT_ONLY,validation,,base,0,0,0,0,0.0,,,,,INSUFFICIENT_SAMPLE,combined,mixed/unavailable,0.0,0.0,recent
donchian_atr,eth_short_regime_challenge_v1_donchian_atr,20261007T203647Z-194d4424b93c,f96dc49ebcac4155a00123c436ee4eff,4c4aa07c4c65af74,ETHUSDT,1h,SHORT_ONLY,validation,,base,0,0,0,0,0.0,,,,,INSUFFICIENT_SAMPLE,combined,unavailable/high,0.0,0.0,recent
donchian_atr,eth_short_regime_challenge_v1_donchian_atr,20261007T203647Z-194d4424b93c,f96dc49ebcac4155a00123c436ee4eff,4c4aa07c4c65af74,ETHUSDT,1h,SHORT_ONLY,validation,,base,0,0,0,0,0.0,,,,,INSUFFICIENT_SAMPLE,combined,unavailable/ordinary,0.0,0.0,recent
donchian_atr,eth_short_regime_challenge_v1_donchian_atr,20261007T203647Z-194d4424b93c,f96dc49ebcac4155a00123c436ee4eff,4c4aa07c4c65af74,ETHUSDT,1h,SHORT_ONLY,validation,,base,0,0,0,0,0.0,,,,,INSUFFICIENT_SAMPLE,combined,unavailable/unavailable,0.0,0.0,recent
donchian_atr,eth_short_regime_challenge_v1_donchian_atr,20261007T203647Z-194d4424b93c,c90476a092114b7185d5fa04f2801b68,4c4aa07c4c65af74,ETHUSDT,1h,SHORT_ONLY,validation,,adverse,26,10,16,0,1.7681670750832978,0.0680064259647422,1.001499778094394,38.46153846153846,-52.7831678494542,DESCRIPTIVE_SAMPLE,trend,bearish,100.0,99.999999999998,recent
donchian_atr,eth_short_regime_challenge_v1_donchian_atr,20261007T203647Z-194d4424b93c,c90476a092114b7185d5fa04f2801b68,4c4aa07c4c65af74,ETHUSDT,1h,SHORT_ONLY,validation,,adverse,0,0,0,0,0.0,,,,,INSUFFICIENT_SAMPLE,trend,bullish,0.0,0.0,recent
donchian_atr,eth_short_regime_challenge_v1_donchian_atr,20261007T203647Z-194d4424b93c,c90476a092114b7185d5fa04f2801b68,4c4aa07c4c65af74,ETHUSDT,1h,SHORT_ONLY,validation,,adverse,0,0,0,0,0.0,,,,,INSUFFICIENT_SAMPLE,trend,mixed,0.0,0.0,recent
donchian_atr,eth_short_regime_challenge_v1_donchian_atr,20261007T203647Z-194d4424b93c,c90476a092114b7185d5fa04f2801b68,4c4aa07c4c65af74,ETHUSDT,1h,SHORT_ONLY,validation,,adverse,0,0,0,0,0.0,,,,,INSUFFICIENT_SAMPLE,trend,unavailable,0.0,0.0,recent
donchian_atr,eth_short_regime_challenge_v1_donchian_atr,20261007T203647Z-194d4424b93c,c90476a092114b7185d5fa04f2801b68,4c4aa07c4c65af74,ETHUSDT,1h,SHORT_ONLY,validation,,adverse,26,10,16,0,1.7681670750832978,0.0680064259647422,1.001499778094394,38.46153846153846,-52.7831678494542,DESCRIPTIVE_SAMPLE,volatility,high,100.0,99.999999999998,recent
donchian_atr,eth_short_regime_challenge_v1_donchian_atr,20261007T203647Z-194d4424b93c,c90476a092114b7185d5fa04f2801b68,4c4aa07c4c65af74,ETHUSDT,1h,SHORT_ONLY,validation,,adverse,0,0,0,0,0.0,,,,,INSUFFICIENT_SAMPLE,volatility,ordinary,0.0,0.0,recent
donchian_atr,eth_short_regime_challenge_v1_donchian_atr,20261007T203647Z-194d4424b93c,c90476a092114b7185d5fa04f2801b68,4c4aa07c4c65af74,ETHUSDT,1h,SHORT_ONLY,validation,,adverse,0,0,0,0,0.0,,,,,INSUFFICIENT_SAMPLE,volatility,unavailable,0.0,0.0,recent
donchian_atr,eth_short_regime_challenge_v1_donchian_atr,20261007T203647Z-194d4424b93c,c90476a092114b7185d5fa04f2801b68,4c4aa07c4c65af74,ETHUSDT,1h,SHORT_ONLY,validation,,adverse,26,10,16,0,1.7681670750832978,0.0680064259647422,1.001499778094394,38.46153846153846,-52.7831678494542,DESCRIPTIVE_SAMPLE,combined,bearish/high,100.0,99.999999999998,recent
donchian_atr,eth_short_regime_challenge_v1_donchian_atr,20261007T203647Z-194d4424b93c,c90476a092114b7185d5fa04f2801b68,4c4aa07c4c65af74,ETHUSDT,1h,SHORT_ONLY,validation,,adverse,0,0,0,0,0.0,,,,,INSUFFICIENT_SAMPLE,combined,bearish/ordinary,0.0,0.0,recent
donchian_atr,eth_short_regime_challenge_v1_donchian_atr,20261007T203647Z-194d4424b93c,c90476a092114b7185d5fa04f2801b68,4c4aa07c4c65af74,ETHUSDT,1h,SHORT_ONLY,validation,,adverse,0,0,0,0,0.0,,,,,INSUFFICIENT_SAMPLE,combined,bearish/unavailable,0.0,0.0,recent
donchian_atr,eth_short_regime_challenge_v1_donchian_atr,20261007T203647Z-194d4424b93c,c90476a092114b7185d5fa04f2801b68,4c4aa07c4c65af74,ETHUSDT,1h,SHORT_ONLY,validation,,adverse,0,0,0,0,0.0,,,,,INSUFFICIENT_SAMPLE,combined,bullish/high,0.0,0.0,recent
donchian_atr,eth_short_regime_challenge_v1_donchian_atr,20261007T203647Z-194d4424b93c,c90476a092114b7185d5fa04f2801b68,4c4aa07c4c65af74,ETHUSDT,1h,SHORT_ONLY,validation,,adverse,0,0,0,0,0.0,,,,,INSUFFICIENT_SAMPLE,combined,bullish/ordinary,0.0,0.0,recent
donchian_atr,eth_short_regime_challenge_v1_donchian_atr,20261007T203647Z-194d4424b93c,c90476a092114b7185d5fa04f2801b68,4c4aa07c4c65af74,ETHUSDT,1h,SHORT_ONLY,validation,,adverse,0,0,0,0,0.0,,,,,INSUFFICIENT_SAMPLE,combined,bullish/unavailable,0.0,0.0,recent
donchian_atr,eth_short_regime_challenge_v1_donchian_atr,20261007T203647Z-194d4424b93c,c90476a092114b7185d5fa04f2801b68,4c4aa07c4c65af74,ETHUSDT,1h,SHORT_ONLY,validation,,adverse,0,0,0,0,0.0,,,,,INSUFFICIENT_SAMPLE,combined,mixed/high,0.0,0.0,recent
donchian_atr,eth_short_regime_challenge_v1_donchian_atr,20261007T203647Z-194d4424b93c,c90476a092114b7185d5fa04f2801b68,4c4aa07c4c65af74,ETHUSDT,1h,SHORT_ONLY,validation,,adverse,0,0,0,0,0.0,,,,,INSUFFICIENT_SAMPLE,combined,mixed/ordinary,0.0,0.0,recent
donchian_atr,eth_short_regime_challenge_v1_donchian_atr,20261007T203647Z-194d4424b93c,c90476a092114b7185d5fa04f2801b68,4c4aa07c4c65af74,ETHUSDT,1h,SHORT_ONLY,validation,,adverse,0,0,0,0,0.0,,,,,INSUFFICIENT_SAMPLE,combined,mixed/unavailable,0.0,0.0,recent
donchian_atr,eth_short_regime_challenge_v1_donchian_atr,20261007T203647Z-194d4424b93c,c90476a092114b7185d5fa04f2801b68,4c4aa07c4c65af74,ETHUSDT,1h,SHORT_ONLY,validation,,adverse,0,0,0,0,0.0,,,,,INSUFFICIENT_SAMPLE,combined,unavailable/high,0.0,0.0,recent
donchian_atr,eth_short_regime_challenge_v1_donchian_atr,20261007T203647Z-194d4424b93c,c90476a092114b7185d5fa04f2801b68,4c4aa07c4c65af74,ETHUSDT,1h,SHORT_ONLY,validation,,adverse,0,0,0,0,0.0,,,,,INSUFFICIENT_SAMPLE,combined,unavailable/ordinary,0.0,0.0,recent
donchian_atr,eth_short_regime_challenge_v1_donchian_atr,20261007T203647Z-194d4424b93c,c90476a092114b7185d5fa04f2801b68,4c4aa07c4c65af74,ETHUSDT,1h,SHORT_ONLY,validation,,adverse,0,0,0,0,0.0,,,,,INSUFFICIENT_SAMPLE,combined,unavailable/unavailable,0.0,0.0,recent
donchian_atr,eth_short_regime_challenge_v1_donchian_atr,20261007T203647Z-194d4424b93c,18c6eed06b064a25a6ca315c76e6f172,db2f1a56c8656a10,ETHUSDT,1h,SHORT_ONLY,validation,,base,26,10,16,0,84.45079687169486,3.248107571988264,1.074193613020432,38.46153846153846,-49.61981466837587,DESCRIPTIVE_SAMPLE,trend,bearish,100.0,100.00000000000004,recent
donchian_atr,eth_short_regime_challenge_v1_donchian_atr,20261007T203647Z-194d4424b93c,18c6eed06b064a25a6ca315c76e6f172,db2f1a56c8656a10,ETHUSDT,1h,SHORT_ONLY,validation,,base,0,0,0,0,0.0,,,,,INSUFFICIENT_SAMPLE,trend,bullish,0.0,0.0,recent
donchian_atr,eth_short_regime_challenge_v1_donchian_atr,20261007T203647Z-194d4424b93c,18c6eed06b064a25a6ca315c76e6f172,db2f1a56c8656a10,ETHUSDT,1h,SHORT_ONLY,validation,,base,0,0,0,0,0.0,,,,,INSUFFICIENT_SAMPLE,trend,mixed,0.0,0.0,recent
donchian_atr,eth_short_regime_challenge_v1_donchian_atr,20261007T203647Z-194d4424b93c,18c6eed06b064a25a6ca315c76e6f172,db2f1a56c8656a10,ETHUSDT,1h,SHORT_ONLY,validation,,base,0,0,0,0,0.0,,,,,INSUFFICIENT_SAMPLE,trend,unavailable,0.0,0.0,recent
donchian_atr,eth_short_regime_challenge_v1_donchian_atr,20261007T203647Z-194d4424b93c,18c6eed06b064a25a6ca315c76e6f172,db2f1a56c8656a10,ETHUSDT,1h,SHORT_ONLY,validation,,base,26,10,16,0,84.45079687169486,3.248107571988264,1.074193613020432,38.46153846153846,-49.61981466837587,DESCRIPTIVE_SAMPLE,volatility,high,100.0,100.00000000000004,recent
donchian_atr,eth_short_regime_challenge_v1_donchian_atr,20261007T203647Z-194d4424b93c,18c6eed06b064a25a6ca315c76e6f172,db2f1a56c8656a10,ETHUSDT,1h,SHORT_ONLY,validation,,base,0,0,0,0,0.0,,,,,INSUFFICIENT_SAMPLE,volatility,ordinary,0.0,0.0,recent
donchian_atr,eth_short_regime_challenge_v1_donchian_atr,20261007T203647Z-194d4424b93c,18c6eed06b064a25a6ca315c76e6f172,db2f1a56c8656a10,ETHUSDT,1h,SHORT_ONLY,validation,,base,0,0,0,0,0.0,,,,,INSUFFICIENT_SAMPLE,volatility,unavailable,0.0,0.0,recent
donchian_atr,eth_short_regime_challenge_v1_donchian_atr,20261007T203647Z-194d4424b93c,18c6eed06b064a25a6ca315c76e6f172,db2f1a56c8656a10,ETHUSDT,1h,SHORT_ONLY,validation,,base,26,10,16,0,84.45079687169486,3.248107571988264,1.074193613020432,38.46153846153846,-49.61981466837587,DESCRIPTIVE_SAMPLE,combined,bearish/high,100.0,100.00000000000004,recent
donchian_atr,eth_short_regime_challenge_v1_donchian_atr,20261007T203647Z-194d4424b93c,18c6eed06b064a25a6ca315c76e6f172,db2f1a56c8656a10,ETHUSDT,1h,SHORT_ONLY,validation,,base,0,0,0,0,0.0,,,,,INSUFFICIENT_SAMPLE,combined,bearish/ordinary,0.0,0.0,recent
donchian_atr,eth_short_regime_challenge_v1_donchian_atr,20261007T203647Z-194d4424b93c,18c6eed06b064a25a6ca315c76e6f172,db2f1a56c8656a10,ETHUSDT,1h,SHORT_ONLY,validation,,base,0,0,0,0,0.0,,,,,INSUFFICIENT_SAMPLE,combined,bearish/unavailable,0.0,0.0,recent
donchian_atr,eth_short_regime_challenge_v1_donchian_atr,20261007T203647Z-194d4424b93c,18c6eed06b064a25a6ca315c76e6f172,db2f1a56c8656a10,ETHUSDT,1h,SHORT_ONLY,validation,,base,0,0,0,0,0.0,,,,,INSUFFICIENT_SAMPLE,combined,bullish/high,0.0,0.0,recent
donchian_atr,eth_short_regime_challenge_v1_donchian_atr,20261007T203647Z-194d4424b93c,18c6eed06b064a25a6ca315c76e6f172,db2f1a56c8656a10,ETHUSDT,1h,SHORT_ONLY,validation,,base,0,0,0,0,0.0,,,,,INSUFFICIENT_SAMPLE,combined,bullish/ordinary,0.0,0.0,recent
donchian_atr,eth_short_regime_challenge_v1_donchian_atr,20261007T203647Z-194d4424b93c,18c6eed06b064a25a6ca315c76e6f172,db2f1a56c8656a10,ETHUSDT,1h,SHORT_ONLY,validation,,base,0,0,0,0,0.0,,,,,INSUFFICIENT_SAMPLE,combined,bullish/unavailable,0.0,0.0,recent
donchian_atr,eth_short_regime_challenge_v1_donchian_atr,20261007T203647Z-194d4424b93c,18c6eed06b064a25a6ca315c76e6f172,db2f1a56c8656a10,ETHUSDT,1h,SHORT_ONLY,validation,,base,0,0,0,0,0.0,,,,,INSUFFICIENT_SAMPLE,combined,mixed/high,0.0,0.0,recent
donchian_atr,eth_short_regime_challenge_v1_donchian_atr,20261007T203647Z-194d4424b93c,18c6eed06b064a25a6ca315c76e6f172,db2f1a56c8656a10,ETHUSDT,1h,SHORT_ONLY,validation,,base,0,0,0,0,0.0,,,,,INSUFFICIENT_SAMPLE,combined,mixed/ordinary,0.0,0.0,recent
donchian_atr,eth_short_regime_challenge_v1_donchian_atr,20261007T203647Z-194d4424b93c,18c6eed06b064a25a6ca315c76e6f172,db2f1a56c8656a10,ETHUSDT,1h,SHORT_ONLY,validation,,base,0,0,0,0,0.0,,,,,INSUFFICIENT_SAMPLE,combined,mixed/unavailable,0.0,0.0,recent
donchian_atr,eth_short_regime_challenge_v1_donchian_atr,20261007T203647Z-194d4424b93c,18c6eed06b064a25a6ca315c76e6f172,db2f1a56c8656a10,ETHUSDT,1h,SHORT_ONLY,validation,,base,0,0,0,0,0.0,,,,,INSUFFICIENT_SAMPLE,combined,unavailable/high,0.0,0.0,recent
donchian_atr,eth_short_regime_challenge_v1_donchian_atr,20261007T203647Z-194d4424b93c,18c6eed06b064a25a6ca315c76e6f172,db2f1a56c8656a10,ETHUSDT,1h,SHORT_ONLY,validation,,base,0,0,0,0,0.0,,,,,INSUFFICIENT_SAMPLE,combined,unavailable/ordinary,0.0,0.0,recent
donchian_atr,eth_short_regime_challenge_v1_donchian_atr,20261007T203647Z-194d4424b93c,18c6eed06b064a25a6ca315c76e6f172,db2f1a56c8656a10,ETHUSDT,1h,SHORT_ONLY,validation,,base,0,0,0,0,0.0,,,,,INSUFFICIENT_SAMPLE,combined,unavailable/unavailable,0.0,0.0,recent
donchian_atr,eth_short_regime_challenge_v1_donchian_atr,20261007T203647Z-194d4424b93c,034a34fd5f8d4dd494a004e85e033662,db2f1a56c8656a10,ETHUSDT,1h,SHORT_ONLY,validation,,adverse,26,10,16,0,1.7681670750832978,0.0680064259647422,1.001499778094394,38.46153846153846,-52.7831678494542,DESCRIPTIVE_SAMPLE,trend,bearish,100.0,99.999999999998,recent
donchian_atr,eth_short_regime_challenge_v1_donchian_atr,20261007T203647Z-194d4424b93c,034a34fd5f8d4dd494a004e85e033662,db2f1a56c8656a10,ETHUSDT,1h,SHORT_ONLY,validation,,adverse,0,0,0,0,0.0,,,,,INSUFFICIENT_SAMPLE,trend,bullish,0.0,0.0,recent
donchian_atr,eth_short_regime_challenge_v1_donchian_atr,20261007T203647Z-194d4424b93c,034a34fd5f8d4dd494a004e85e033662,db2f1a56c8656a10,ETHUSDT,1h,SHORT_ONLY,validation,,adverse,0,0,0,0,0.0,,,,,INSUFFICIENT_SAMPLE,trend,mixed,0.0,0.0,recent
donchian_atr,eth_short_regime_challenge_v1_donchian_atr,20261007T203647Z-194d4424b93c,034a34fd5f8d4dd494a004e85e033662,db2f1a56c8656a10,ETHUSDT,1h,SHORT_ONLY,validation,,adverse,0,0,0,0,0.0,,,,,INSUFFICIENT_SAMPLE,trend,unavailable,0.0,0.0,recent
donchian_atr,eth_short_regime_challenge_v1_donchian_atr,20261007T203647Z-194d4424b93c,034a34fd5f8d4dd494a004e85e033662,db2f1a56c8656a10,ETHUSDT,1h,SHORT_ONLY,validation,,adverse,26,10,16,0,1.7681670750832978,0.0680064259647422,1.001499778094394,38.46153846153846,-52.7831678494542,DESCRIPTIVE_SAMPLE,volatility,high,100.0,99.999999999998,recent
donchian_atr,eth_short_regime_challenge_v1_donchian_atr,20261007T203647Z-194d4424b93c,034a34fd5f8d4dd494a004e85e033662,db2f1a56c8656a10,ETHUSDT,1h,SHORT_ONLY,validation,,adverse,0,0,0,0,0.0,,,,,INSUFFICIENT_SAMPLE,volatility,ordinary,0.0,0.0,recent
donchian_atr,eth_short_regime_challenge_v1_donchian_atr,20261007T203647Z-194d4424b93c,034a34fd5f8d4dd494a004e85e033662,db2f1a56c8656a10,ETHUSDT,1h,SHORT_ONLY,validation,,adverse,0,0,0,0,0.0,,,,,INSUFFICIENT_SAMPLE,volatility,unavailable,0.0,0.0,recent
donchian_atr,eth_short_regime_challenge_v1_donchian_atr,20261007T203647Z-194d4424b93c,034a34fd5f8d4dd494a004e85e033662,db2f1a56c8656a10,ETHUSDT,1h,SHORT_ONLY,validation,,adverse,26,10,16,0,1.7681670750832978,0.0680064259647422,1.001499778094394,38.46153846153846,-52.7831678494542,DESCRIPTIVE_SAMPLE,combined,bearish/high,100.0,99.999999999998,recent
donchian_atr,eth_short_regime_challenge_v1_donchian_atr,20261007T203647Z-194d4424b93c,034a34fd5f8d4dd494a004e85e033662,db2f1a56c8656a10,ETHUSDT,1h,SHORT_ONLY,validation,,adverse,0,0,0,0,0.0,,,,,INSUFFICIENT_SAMPLE,combined,bearish/ordinary,0.0,0.0,recent
donchian_atr,eth_short_regime_challenge_v1_donchian_atr,20261007T203647Z-194d4424b93c,034a34fd5f8d4dd494a004e85e033662,db2f1a56c8656a10,ETHUSDT,1h,SHORT_ONLY,validation,,adverse,0,0,0,0,0.0,,,,,INSUFFICIENT_SAMPLE,combined,bearish/unavailable,0.0,0.0,recent
donchian_atr,eth_short_regime_challenge_v1_donchian_atr,20261007T203647Z-194d4424b93c,034a34fd5f8d4dd494a004e85e033662,db2f1a56c8656a10,ETHUSDT,1h,SHORT_ONLY,validation,,adverse,0,0,0,0,0.0,,,,,INSUFFICIENT_SAMPLE,combined,bullish/high,0.0,0.0,recent
donchian_atr,eth_short_regime_challenge_v1_donchian_atr,20261007T203647Z-194d4424b93c,034a34fd5f8d4dd494a004e85e033662,db2f1a56c8656a10,ETHUSDT,1h,SHORT_ONLY,validation,,adverse,0,0,0,0,0.0,,,,,INSUFFICIENT_SAMPLE,combined,bullish/ordinary,0.0,0.0,recent
donchian_atr,eth_short_regime_challenge_v1_donchian_atr,20261007T203647Z-194d4424b93c,034a34fd5f8d4dd494a004e85e033662,db2f1a56c8656a10,ETHUSDT,1h,SHORT_ONLY,validation,,adverse,0,0,0,0,0.0,,,,,INSUFFICIENT_SAMPLE,combined,bullish/unavailable,0.0,0.0,recent
donchian_atr,eth_short_regime_challenge_v1_donchian_atr,20261007T203647Z-194d4424b93c,034a34fd5f8d4dd494a004e85e033662,db2f1a56c8656a10,ETHUSDT,1h,SHORT_ONLY,validation,,adverse,0,0,0,0,0.0,,,,,INSUFFICIENT_SAMPLE,combined,mixed/high,0.0,0.0,recent
donchian_atr,eth_short_regime_challenge_v1_donchian_atr,20261007T203647Z-194d4424b93c,034a34fd5f8d4dd494a004e85e033662,db2f1a56c8656a10,ETHUSDT,1h,SHORT_ONLY,validation,,adverse,0,0,0,0,0.0,,,,,INSUFFICIENT_SAMPLE,combined,mixed/ordinary,0.0,0.0,recent
donchian_atr,eth_short_regime_challenge_v1_donchian_atr,20261007T203647Z-194d4424b93c,034a34fd5f8d4dd494a004e85e033662,db2f1a56c8656a10,ETHUSDT,1h,SHORT_ONLY,validation,,adverse,0,0,0,0,0.0,,,,,INSUFFICIENT_SAMPLE,combined,mixed/unavailable,0.0,0.0,recent
donchian_atr,eth_short_regime_challenge_v1_donchian_atr,20261007T203647Z-194d4424b93c,034a34fd5f8d4dd494a004e85e033662,db2f1a56c8656a10,ETHUSDT,1h,SHORT_ONLY,validation,,adverse,0,0,0,0,0.0,,,,,INSUFFICIENT_SAMPLE,combined,unavailable/high,0.0,0.0,recent
donchian_atr,eth_short_regime_challenge_v1_donchian_atr,20261007T203647Z-194d4424b93c,034a34fd5f8d4dd494a004e85e033662,db2f1a56c8656a10,ETHUSDT,1h,SHORT_ONLY,validation,,adverse,0,0,0,0,0.0,,,,,INSUFFICIENT_SAMPLE,combined,unavailable/ordinary,0.0,0.0,recent
donchian_atr,eth_short_regime_challenge_v1_donchian_atr,20261007T203647Z-194d4424b93c,034a34fd5f8d4dd494a004e85e033662,db2f1a56c8656a10,ETHUSDT,1h,SHORT_ONLY,validation,,adverse,0,0,0,0,0.0,,,,,INSUFFICIENT_SAMPLE,combined,unavailable/unavailable,0.0,0.0,recent
donchian_atr,eth_short_regime_challenge_v1_donchian_atr,20261007T203647Z-194d4424b93c,9834fe4e38f64f3fbfa74408923bc63a,ff43266d9f6c730a,ETHUSDT,1h,SHORT_ONLY,test,,base,68,27,41,0,266.83040533953374,3.9239765491107903,1.0953903197802872,39.70588235294117,-46.402502636815946,DESCRIPTIVE_SAMPLE,trend,bearish,100.0,100.00000000000004,recent
donchian_atr,eth_short_regime_challenge_v1_donchian_atr,20261007T203647Z-194d4424b93c,9834fe4e38f64f3fbfa74408923bc63a,ff43266d9f6c730a,ETHUSDT,1h,SHORT_ONLY,test,,base,0,0,0,0,0.0,,,,,INSUFFICIENT_SAMPLE,trend,bullish,0.0,0.0,recent
donchian_atr,eth_short_regime_challenge_v1_donchian_atr,20261007T203647Z-194d4424b93c,9834fe4e38f64f3fbfa74408923bc63a,ff43266d9f6c730a,ETHUSDT,1h,SHORT_ONLY,test,,base,0,0,0,0,0.0,,,,,INSUFFICIENT_SAMPLE,trend,mixed,0.0,0.0,recent
donchian_atr,eth_short_regime_challenge_v1_donchian_atr,20261007T203647Z-194d4424b93c,9834fe4e38f64f3fbfa74408923bc63a,ff43266d9f6c730a,ETHUSDT,1h,SHORT_ONLY,test,,base,0,0,0,0,0.0,,,,,INSUFFICIENT_SAMPLE,trend,unavailable,0.0,0.0,recent
donchian_atr,eth_short_regime_challenge_v1_donchian_atr,20261007T203647Z-194d4424b93c,9834fe4e38f64f3fbfa74408923bc63a,ff43266d9f6c730a,ETHUSDT,1h,SHORT_ONLY,test,,base,68,27,41,0,266.83040533953374,3.9239765491107903,1.0953903197802872,39.70588235294117,-46.402502636815946,DESCRIPTIVE_SAMPLE,volatility,high,100.0,100.00000000000004,recent
donchian_atr,eth_short_regime_challenge_v1_donchian_atr,20261007T203647Z-194d4424b93c,9834fe4e38f64f3fbfa74408923bc63a,ff43266d9f6c730a,ETHUSDT,1h,SHORT_ONLY,test,,base,0,0,0,0,0.0,,,,,INSUFFICIENT_SAMPLE,volatility,ordinary,0.0,0.0,recent
donchian_atr,eth_short_regime_challenge_v1_donchian_atr,20261007T203647Z-194d4424b93c,9834fe4e38f64f3fbfa74408923bc63a,ff43266d9f6c730a,ETHUSDT,1h,SHORT_ONLY,test,,base,0,0,0,0,0.0,,,,,INSUFFICIENT_SAMPLE,volatility,unavailable,0.0,0.0,recent
donchian_atr,eth_short_regime_challenge_v1_donchian_atr,20261007T203647Z-194d4424b93c,9834fe4e38f64f3fbfa74408923bc63a,ff43266d9f6c730a,ETHUSDT,1h,SHORT_ONLY,test,,base,68,27,41,0,266.83040533953374,3.9239765491107903,1.0953903197802872,39.70588235294117,-46.402502636815946,DESCRIPTIVE_SAMPLE,combined,bearish/high,100.0,100.00000000000004,recent
donchian_atr,eth_short_regime_challenge_v1_donchian_atr,20261007T203647Z-194d4424b93c,9834fe4e38f64f3fbfa74408923bc63a,ff43266d9f6c730a,ETHUSDT,1h,SHORT_ONLY,test,,base,0,0,0,0,0.0,,,,,INSUFFICIENT_SAMPLE,combined,bearish/ordinary,0.0,0.0,recent
donchian_atr,eth_short_regime_challenge_v1_donchian_atr,20261007T203647Z-194d4424b93c,9834fe4e38f64f3fbfa74408923bc63a,ff43266d9f6c730a,ETHUSDT,1h,SHORT_ONLY,test,,base,0,0,0,0,0.0,,,,,INSUFFICIENT_SAMPLE,combined,bearish/unavailable,0.0,0.0,recent
donchian_atr,eth_short_regime_challenge_v1_donchian_atr,20261007T203647Z-194d4424b93c,9834fe4e38f64f3fbfa74408923bc63a,ff43266d9f6c730a,ETHUSDT,1h,SHORT_ONLY,test,,base,0,0,0,0,0.0,,,,,INSUFFICIENT_SAMPLE,combined,bullish/high,0.0,0.0,recent
donchian_atr,eth_short_regime_challenge_v1_donchian_atr,20261007T203647Z-194d4424b93c,9834fe4e38f64f3fbfa74408923bc63a,ff43266d9f6c730a,ETHUSDT,1h,SHORT_ONLY,test,,base,0,0,0,0,0.0,,,,,INSUFFICIENT_SAMPLE,combined,bullish/ordinary,0.0,0.0,recent
donchian_atr,eth_short_regime_challenge_v1_donchian_atr,20261007T203647Z-194d4424b93c,9834fe4e38f64f3fbfa74408923bc63a,ff43266d9f6c730a,ETHUSDT,1h,SHORT_ONLY,test,,base,0,0,0,0,0.0,,,,,INSUFFICIENT_SAMPLE,combined,bullish/unavailable,0.0,0.0,recent
donchian_atr,eth_short_regime_challenge_v1_donchian_atr,20261007T203647Z-194d4424b93c,9834fe4e38f64f3fbfa74408923bc63a,ff43266d9f6c730a,ETHUSDT,1h,SHORT_ONLY,test,,base,0,0,0,0,0.0,,,,,INSUFFICIENT_SAMPLE,combined,mixed/high,0.0,0.0,recent
donchian_atr,eth_short_regime_challenge_v1_donchian_atr,20261007T203647Z-194d4424b93c,9834fe4e38f64f3fbfa74408923bc63a,ff43266d9f6c730a,ETHUSDT,1h,SHORT_ONLY,test,,base,0,0,0,0,0.0,,,,,INSUFFICIENT_SAMPLE,combined,mixed/ordinary,0.0,0.0,recent
donchian_atr,eth_short_regime_challenge_v1_donchian_atr,20261007T203647Z-194d4424b93c,9834fe4e38f64f3fbfa74408923bc63a,ff43266d9f6c730a,ETHUSDT,1h,SHORT_ONLY,test,,base,0,0,0,0,0.0,,,,,INSUFFICIENT_SAMPLE,combined,mixed/unavailable,0.0,0.0,recent
donchian_atr,eth_short_regime_challenge_v1_donchian_atr,20261007T203647Z-194d4424b93c,9834fe4e38f64f3fbfa74408923bc63a,ff43266d9f6c730a,ETHUSDT,1h,SHORT_ONLY,test,,base,0,0,0,0,0.0,,,,,INSUFFICIENT_SAMPLE,combined,unavailable/high,0.0,0.0,recent
donchian_atr,eth_short_regime_challenge_v1_donchian_atr,20261007T203647Z-194d4424b93c,9834fe4e38f64f3fbfa74408923bc63a,ff43266d9f6c730a,ETHUSDT,1h,SHORT_ONLY,test,,base,0,0,0,0,0.0,,,,,INSUFFICIENT_SAMPLE,combined,unavailable/ordinary,0.0,0.0,recent
donchian_atr,eth_short_regime_challenge_v1_donchian_atr,20261007T203647Z-194d4424b93c,9834fe4e38f64f3fbfa74408923bc63a,ff43266d9f6c730a,ETHUSDT,1h,SHORT_ONLY,test,,base,0,0,0,0,0.0,,,,,INSUFFICIENT_SAMPLE,combined,unavailable/unavailable,0.0,0.0,recent
donchian_atr,eth_short_regime_challenge_v1_donchian_atr,20261007T203647Z-194d4424b93c,42c07221b11145e09ab067a2e33c0acd,ff43266d9f6c730a,ETHUSDT,1h,SHORT_ONLY,test,,adverse,67,27,40,0,113.83787881737166,1.6990728181697263,1.0401252475794698,40.298507462686565,-48.82651140373518,DESCRIPTIVE_SAMPLE,trend,bearish,100.0,100.00000000000004,recent
donchian_atr,eth_short_regime_challenge_v1_donchian_atr,20261007T203647Z-194d4424b93c,42c07221b11145e09ab067a2e33c0acd,ff43266d9f6c730a,ETHUSDT,1h,SHORT_ONLY,test,,adverse,0,0,0,0,0.0,,,,,INSUFFICIENT_SAMPLE,trend,bullish,0.0,0.0,recent
donchian_atr,eth_short_regime_challenge_v1_donchian_atr,20261007T203647Z-194d4424b93c,42c07221b11145e09ab067a2e33c0acd,ff43266d9f6c730a,ETHUSDT,1h,SHORT_ONLY,test,,adverse,0,0,0,0,0.0,,,,,INSUFFICIENT_SAMPLE,trend,mixed,0.0,0.0,recent
donchian_atr,eth_short_regime_challenge_v1_donchian_atr,20261007T203647Z-194d4424b93c,42c07221b11145e09ab067a2e33c0acd,ff43266d9f6c730a,ETHUSDT,1h,SHORT_ONLY,test,,adverse,0,0,0,0,0.0,,,,,INSUFFICIENT_SAMPLE,trend,unavailable,0.0,0.0,recent
donchian_atr,eth_short_regime_challenge_v1_donchian_atr,20261007T203647Z-194d4424b93c,42c07221b11145e09ab067a2e33c0acd,ff43266d9f6c730a,ETHUSDT,1h,SHORT_ONLY,test,,adverse,67,27,40,0,113.83787881737166,1.6990728181697263,1.0401252475794698,40.298507462686565,-48.82651140373518,DESCRIPTIVE_SAMPLE,volatility,high,100.0,100.00000000000004,recent
donchian_atr,eth_short_regime_challenge_v1_donchian_atr,20261007T203647Z-194d4424b93c,42c07221b11145e09ab067a2e33c0acd,ff43266d9f6c730a,ETHUSDT,1h,SHORT_ONLY,test,,adverse,0,0,0,0,0.0,,,,,INSUFFICIENT_SAMPLE,volatility,ordinary,0.0,0.0,recent
donchian_atr,eth_short_regime_challenge_v1_donchian_atr,20261007T203647Z-194d4424b93c,42c07221b11145e09ab067a2e33c0acd,ff43266d9f6c730a,ETHUSDT,1h,SHORT_ONLY,test,,adverse,0,0,0,0,0.0,,,,,INSUFFICIENT_SAMPLE,volatility,unavailable,0.0,0.0,recent
donchian_atr,eth_short_regime_challenge_v1_donchian_atr,20261007T203647Z-194d4424b93c,42c07221b11145e09ab067a2e33c0acd,ff43266d9f6c730a,ETHUSDT,1h,SHORT_ONLY,test,,adverse,67,27,40,0,113.83787881737166,1.6990728181697263,1.0401252475794698,40.298507462686565,-48.82651140373518,DESCRIPTIVE_SAMPLE,combined,bearish/high,100.0,100.00000000000004,recent
donchian_atr,eth_short_regime_challenge_v1_donchian_atr,20261007T203647Z-194d4424b93c,42c07221b11145e09ab067a2e33c0acd,ff43266d9f6c730a,ETHUSDT,1h,SHORT_ONLY,test,,adverse,0,0,0,0,0.0,,,,,INSUFFICIENT_SAMPLE,combined,bearish/ordinary,0.0,0.0,recent
donchian_atr,eth_short_regime_challenge_v1_donchian_atr,20261007T203647Z-194d4424b93c,42c07221b11145e09ab067a2e33c0acd,ff43266d9f6c730a,ETHUSDT,1h,SHORT_ONLY,test,,adverse,0,0,0,0,0.0,,,,,INSUFFICIENT_SAMPLE,combined,bearish/unavailable,0.0,0.0,recent
donchian_atr,eth_short_regime_challenge_v1_donchian_atr,20261007T203647Z-194d4424b93c,42c07221b11145e09ab067a2e33c0acd,ff43266d9f6c730a,ETHUSDT,1h,SHORT_ONLY,test,,adverse,0,0,0,0,0.0,,,,,INSUFFICIENT_SAMPLE,combined,bullish/high,0.0,0.0,recent
donchian_atr,eth_short_regime_challenge_v1_donchian_atr,20261007T203647Z-194d4424b93c,42c07221b11145e09ab067a2e33c0acd,ff43266d9f6c730a,ETHUSDT,1h,SHORT_ONLY,test,,adverse,0,0,0,0,0.0,,,,,INSUFFICIENT_SAMPLE,combined,bullish/ordinary,0.0,0.0,recent
donchian_atr,eth_short_regime_challenge_v1_donchian_atr,20261007T203647Z-194d4424b93c,42c07221b11145e09ab067a2e33c0acd,ff43266d9f6c730a,ETHUSDT,1h,SHORT_ONLY,test,,adverse,0,0,0,0,0.0,,,,,INSUFFICIENT_SAMPLE,combined,bullish/unavailable,0.0,0.0,recent
donchian_atr,eth_short_regime_challenge_v1_donchian_atr,20261007T203647Z-194d4424b93c,42c07221b11145e09ab067a2e33c0acd,ff43266d9f6c730a,ETHUSDT,1h,SHORT_ONLY,test,,adverse,0,0,0,0,0.0,,,,,INSUFFICIENT_SAMPLE,combined,mixed/high,0.0,0.0,recent
donchian_atr,eth_short_regime_challenge_v1_donchian_atr,20261007T203647Z-194d4424b93c,42c07221b11145e09ab067a2e33c0acd,ff43266d9f6c730a,ETHUSDT,1h,SHORT_ONLY,test,,adverse,0,0,0,0,0.0,,,,,INSUFFICIENT_SAMPLE,combined,mixed/ordinary,0.0,0.0,recent
donchian_atr,eth_short_regime_challenge_v1_donchian_atr,20261007T203647Z-194d4424b93c,42c07221b11145e09ab067a2e33c0acd,ff43266d9f6c730a,ETHUSDT,1h,SHORT_ONLY,test,,adverse,0,0,0,0,0.0,,,,,INSUFFICIENT_SAMPLE,combined,mixed/unavailable,0.0,0.0,recent
donchian_atr,eth_short_regime_challenge_v1_donchian_atr,20261007T203647Z-194d4424b93c,42c07221b11145e09ab067a2e33c0acd,ff43266d9f6c730a,ETHUSDT,1h,SHORT_ONLY,test,,adverse,0,0,0,0,0.0,,,,,INSUFFICIENT_SAMPLE,combined,unavailable/high,0.0,0.0,recent
donchian_atr,eth_short_regime_challenge_v1_donchian_atr,20261007T203647Z-194d4424b93c,42c07221b11145e09ab067a2e33c0acd,ff43266d9f6c730a,ETHUSDT,1h,SHORT_ONLY,test,,adverse,0,0,0,0,0.0,,,,,INSUFFICIENT_SAMPLE,combined,unavailable/ordinary,0.0,0.0,recent
donchian_atr,eth_short_regime_challenge_v1_donchian_atr,20261007T203647Z-194d4424b93c,42c07221b11145e09ab067a2e33c0acd,ff43266d9f6c730a,ETHUSDT,1h,SHORT_ONLY,test,,adverse,0,0,0,0,0.0,,,,,INSUFFICIENT_SAMPLE,combined,unavailable/unavailable,0.0,0.0,recent
donchian_atr,eth_short_regime_challenge_v1_donchian_atr,20261007T203647Z-194d4424b93c,8ed2a467f3f5407a92cc7a47bcbcce92,e0dd4c731d1d27f0,ETHUSDT,1h,SHORT_ONLY,test,,base,65,27,38,0,401.6734424838231,6.179591422828048,1.1504456720477512,41.53846153846154,-45.92389155731907,DESCRIPTIVE_SAMPLE,trend,bearish,100.0,100.00000000000004,recent
donchian_atr,eth_short_regime_challenge_v1_donchian_atr,20261007T203647Z-194d4424b93c,8ed2a467f3f5407a92cc7a47bcbcce92,e0dd4c731d1d27f0,ETHUSDT,1h,SHORT_ONLY,test,,base,0,0,0,0,0.0,,,,,INSUFFICIENT_SAMPLE,trend,bullish,0.0,0.0,recent
donchian_atr,eth_short_regime_challenge_v1_donchian_atr,20261007T203647Z-194d4424b93c,8ed2a467f3f5407a92cc7a47bcbcce92,e0dd4c731d1d27f0,ETHUSDT,1h,SHORT_ONLY,test,,base,0,0,0,0,0.0,,,,,INSUFFICIENT_SAMPLE,trend,mixed,0.0,0.0,recent
donchian_atr,eth_short_regime_challenge_v1_donchian_atr,20261007T203647Z-194d4424b93c,8ed2a467f3f5407a92cc7a47bcbcce92,e0dd4c731d1d27f0,ETHUSDT,1h,SHORT_ONLY,test,,base,0,0,0,0,0.0,,,,,INSUFFICIENT_SAMPLE,trend,unavailable,0.0,0.0,recent
donchian_atr,eth_short_regime_challenge_v1_donchian_atr,20261007T203647Z-194d4424b93c,8ed2a467f3f5407a92cc7a47bcbcce92,e0dd4c731d1d27f0,ETHUSDT,1h,SHORT_ONLY,test,,base,65,27,38,0,401.6734424838231,6.179591422828048,1.1504456720477512,41.53846153846154,-45.92389155731907,DESCRIPTIVE_SAMPLE,volatility,high,100.0,100.00000000000004,recent
donchian_atr,eth_short_regime_challenge_v1_donchian_atr,20261007T203647Z-194d4424b93c,8ed2a467f3f5407a92cc7a47bcbcce92,e0dd4c731d1d27f0,ETHUSDT,1h,SHORT_ONLY,test,,base,0,0,0,0,0.0,,,,,INSUFFICIENT_SAMPLE,volatility,ordinary,0.0,0.0,recent
donchian_atr,eth_short_regime_challenge_v1_donchian_atr,20261007T203647Z-194d4424b93c,8ed2a467f3f5407a92cc7a47bcbcce92,e0dd4c731d1d27f0,ETHUSDT,1h,SHORT_ONLY,test,,base,0,0,0,0,0.0,,,,,INSUFFICIENT_SAMPLE,volatility,unavailable,0.0,0.0,recent
donchian_atr,eth_short_regime_challenge_v1_donchian_atr,20261007T203647Z-194d4424b93c,8ed2a467f3f5407a92cc7a47bcbcce92,e0dd4c731d1d27f0,ETHUSDT,1h,SHORT_ONLY,test,,base,65,27,38,0,401.6734424838231,6.179591422828048,1.1504456720477512,41.53846153846154,-45.92389155731907,DESCRIPTIVE_SAMPLE,combined,bearish/high,100.0,100.00000000000004,recent
donchian_atr,eth_short_regime_challenge_v1_donchian_atr,20261007T203647Z-194d4424b93c,8ed2a467f3f5407a92cc7a47bcbcce92,e0dd4c731d1d27f0,ETHUSDT,1h,SHORT_ONLY,test,,base,0,0,0,0,0.0,,,,,INSUFFICIENT_SAMPLE,combined,bearish/ordinary,0.0,0.0,recent
donchian_atr,eth_short_regime_challenge_v1_donchian_atr,20261007T203647Z-194d4424b93c,8ed2a467f3f5407a92cc7a47bcbcce92,e0dd4c731d1d27f0,ETHUSDT,1h,SHORT_ONLY,test,,base,0,0,0,0,0.0,,,,,INSUFFICIENT_SAMPLE,combined,bearish/unavailable,0.0,0.0,recent
donchian_atr,eth_short_regime_challenge_v1_donchian_atr,20261007T203647Z-194d4424b93c,8ed2a467f3f5407a92cc7a47bcbcce92,e0dd4c731d1d27f0,ETHUSDT,1h,SHORT_ONLY,test,,base,0,0,0,0,0.0,,,,,INSUFFICIENT_SAMPLE,combined,bullish/high,0.0,0.0,recent
donchian_atr,eth_short_regime_challenge_v1_donchian_atr,20261007T203647Z-194d4424b93c,8ed2a467f3f5407a92cc7a47bcbcce92,e0dd4c731d1d27f0,ETHUSDT,1h,SHORT_ONLY,test,,base,0,0,0,0,0.0,,,,,INSUFFICIENT_SAMPLE,combined,bullish/ordinary,0.0,0.0,recent
donchian_atr,eth_short_regime_challenge_v1_donchian_atr,20261007T203647Z-194d4424b93c,8ed2a467f3f5407a92cc7a47bcbcce92,e0dd4c731d1d27f0,ETHUSDT,1h,SHORT_ONLY,test,,base,0,0,0,0,0.0,,,,,INSUFFICIENT_SAMPLE,combined,bullish/unavailable,0.0,0.0,recent
donchian_atr,eth_short_regime_challenge_v1_donchian_atr,20261007T203647Z-194d4424b93c,8ed2a467f3f5407a92cc7a47bcbcce92,e0dd4c731d1d27f0,ETHUSDT,1h,SHORT_ONLY,test,,base,0,0,0,0,0.0,,,,,INSUFFICIENT_SAMPLE,combined,mixed/high,0.0,0.0,recent
donchian_atr,eth_short_regime_challenge_v1_donchian_atr,20261007T203647Z-194d4424b93c,8ed2a467f3f5407a92cc7a47bcbcce92,e0dd4c731d1d27f0,ETHUSDT,1h,SHORT_ONLY,test,,base,0,0,0,0,0.0,,,,,INSUFFICIENT_SAMPLE,combined,mixed/ordinary,0.0,0.0,recent
donchian_atr,eth_short_regime_challenge_v1_donchian_atr,20261007T203647Z-194d4424b93c,8ed2a467f3f5407a92cc7a47bcbcce92,e0dd4c731d1d27f0,ETHUSDT,1h,SHORT_ONLY,test,,base,0,0,0,0,0.0,,,,,INSUFFICIENT_SAMPLE,combined,mixed/unavailable,0.0,0.0,recent
donchian_atr,eth_short_regime_challenge_v1_donchian_atr,20261007T203647Z-194d4424b93c,8ed2a467f3f5407a92cc7a47bcbcce92,e0dd4c731d1d27f0,ETHUSDT,1h,SHORT_ONLY,test,,base,0,0,0,0,0.0,,,,,INSUFFICIENT_SAMPLE,combined,unavailable/high,0.0,0.0,recent
donchian_atr,eth_short_regime_challenge_v1_donchian_atr,20261007T203647Z-194d4424b93c,8ed2a467f3f5407a92cc7a47bcbcce92,e0dd4c731d1d27f0,ETHUSDT,1h,SHORT_ONLY,test,,base,0,0,0,0,0.0,,,,,INSUFFICIENT_SAMPLE,combined,unavailable/ordinary,0.0,0.0,recent
donchian_atr,eth_short_regime_challenge_v1_donchian_atr,20261007T203647Z-194d4424b93c,8ed2a467f3f5407a92cc7a47bcbcce92,e0dd4c731d1d27f0,ETHUSDT,1h,SHORT_ONLY,test,,base,0,0,0,0,0.0,,,,,INSUFFICIENT_SAMPLE,combined,unavailable/unavailable,0.0,0.0,recent
donchian_atr,eth_short_regime_challenge_v1_donchian_atr,20261007T203647Z-194d4424b93c,cef759945c584deea3664286ef19e0ce,e0dd4c731d1d27f0,ETHUSDT,1h,SHORT_ONLY,test,,adverse,64,27,37,0,257.1735897304634,4.0183373395384905,1.0951998283587585,42.1875,-48.8822953292004,DESCRIPTIVE_SAMPLE,trend,bearish,100.0,100.0,recent
donchian_atr,eth_short_regime_challenge_v1_donchian_atr,20261007T203647Z-194d4424b93c,cef759945c584deea3664286ef19e0ce,e0dd4c731d1d27f0,ETHUSDT,1h,SHORT_ONLY,test,,adverse,0,0,0,0,0.0,,,,,INSUFFICIENT_SAMPLE,trend,bullish,0.0,0.0,recent
donchian_atr,eth_short_regime_challenge_v1_donchian_atr,20261007T203647Z-194d4424b93c,cef759945c584deea3664286ef19e0ce,e0dd4c731d1d27f0,ETHUSDT,1h,SHORT_ONLY,test,,adverse,0,0,0,0,0.0,,,,,INSUFFICIENT_SAMPLE,trend,mixed,0.0,0.0,recent
donchian_atr,eth_short_regime_challenge_v1_donchian_atr,20261007T203647Z-194d4424b93c,cef759945c584deea3664286ef19e0ce,e0dd4c731d1d27f0,ETHUSDT,1h,SHORT_ONLY,test,,adverse,0,0,0,0,0.0,,,,,INSUFFICIENT_SAMPLE,trend,unavailable,0.0,0.0,recent
donchian_atr,eth_short_regime_challenge_v1_donchian_atr,20261007T203647Z-194d4424b93c,cef759945c584deea3664286ef19e0ce,e0dd4c731d1d27f0,ETHUSDT,1h,SHORT_ONLY,test,,adverse,64,27,37,0,257.1735897304634,4.0183373395384905,1.0951998283587585,42.1875,-48.8822953292004,DESCRIPTIVE_SAMPLE,volatility,high,100.0,100.0,recent
donchian_atr,eth_short_regime_challenge_v1_donchian_atr,20261007T203647Z-194d4424b93c,cef759945c584deea3664286ef19e0ce,e0dd4c731d1d27f0,ETHUSDT,1h,SHORT_ONLY,test,,adverse,0,0,0,0,0.0,,,,,INSUFFICIENT_SAMPLE,volatility,ordinary,0.0,0.0,recent
donchian_atr,eth_short_regime_challenge_v1_donchian_atr,20261007T203647Z-194d4424b93c,cef759945c584deea3664286ef19e0ce,e0dd4c731d1d27f0,ETHUSDT,1h,SHORT_ONLY,test,,adverse,0,0,0,0,0.0,,,,,INSUFFICIENT_SAMPLE,volatility,unavailable,0.0,0.0,recent
donchian_atr,eth_short_regime_challenge_v1_donchian_atr,20261007T203647Z-194d4424b93c,cef759945c584deea3664286ef19e0ce,e0dd4c731d1d27f0,ETHUSDT,1h,SHORT_ONLY,test,,adverse,64,27,37,0,257.1735897304634,4.0183373395384905,1.0951998283587585,42.1875,-48.8822953292004,DESCRIPTIVE_SAMPLE,combined,bearish/high,100.0,100.0,recent
donchian_atr,eth_short_regime_challenge_v1_donchian_atr,20261007T203647Z-194d4424b93c,cef759945c584deea3664286ef19e0ce,e0dd4c731d1d27f0,ETHUSDT,1h,SHORT_ONLY,test,,adverse,0,0,0,0,0.0,,,,,INSUFFICIENT_SAMPLE,combined,bearish/ordinary,0.0,0.0,recent
donchian_atr,eth_short_regime_challenge_v1_donchian_atr,20261007T203647Z-194d4424b93c,cef759945c584deea3664286ef19e0ce,e0dd4c731d1d27f0,ETHUSDT,1h,SHORT_ONLY,test,,adverse,0,0,0,0,0.0,,,,,INSUFFICIENT_SAMPLE,combined,bearish/unavailable,0.0,0.0,recent
donchian_atr,eth_short_regime_challenge_v1_donchian_atr,20261007T203647Z-194d4424b93c,cef759945c584deea3664286ef19e0ce,e0dd4c731d1d27f0,ETHUSDT,1h,SHORT_ONLY,test,,adverse,0,0,0,0,0.0,,,,,INSUFFICIENT_SAMPLE,combined,bullish/high,0.0,0.0,recent
donchian_atr,eth_short_regime_challenge_v1_donchian_atr,20261007T203647Z-194d4424b93c,cef759945c584deea3664286ef19e0ce,e0dd4c731d1d27f0,ETHUSDT,1h,SHORT_ONLY,test,,adverse,0,0,0,0,0.0,,,,,INSUFFICIENT_SAMPLE,combined,bullish/ordinary,0.0,0.0,recent
donchian_atr,eth_short_regime_challenge_v1_donchian_atr,20261007T203647Z-194d4424b93c,cef759945c584deea3664286ef19e0ce,e0dd4c731d1d27f0,ETHUSDT,1h,SHORT_ONLY,test,,adverse,0,0,0,0,0.0,,,,,INSUFFICIENT_SAMPLE,combined,bullish/unavailable,0.0,0.0,recent
donchian_atr,eth_short_regime_challenge_v1_donchian_atr,20261007T203647Z-194d4424b93c,cef759945c584deea3664286ef19e0ce,e0dd4c731d1d27f0,ETHUSDT,1h,SHORT_ONLY,test,,adverse,0,0,0,0,0.0,,,,,INSUFFICIENT_SAMPLE,combined,mixed/high,0.0,0.0,recent
donchian_atr,eth_short_regime_challenge_v1_donchian_atr,20261007T203647Z-194d4424b93c,cef759945c584deea3664286ef19e0ce,e0dd4c731d1d27f0,ETHUSDT,1h,SHORT_ONLY,test,,adverse,0,0,0,0,0.0,,,,,INSUFFICIENT_SAMPLE,combined,mixed/ordinary,0.0,0.0,recent
donchian_atr,eth_short_regime_challenge_v1_donchian_atr,20261007T203647Z-194d4424b93c,cef759945c584deea3664286ef19e0ce,e0dd4c731d1d27f0,ETHUSDT,1h,SHORT_ONLY,test,,adverse,0,0,0,0,0.0,,,,,INSUFFICIENT_SAMPLE,combined,mixed/unavailable,0.0,0.0,recent
donchian_atr,eth_short_regime_challenge_v1_donchian_atr,20261007T203647Z-194d4424b93c,cef759945c584deea3664286ef19e0ce,e0dd4c731d1d27f0,ETHUSDT,1h,SHORT_ONLY,test,,adverse,0,0,0,0,0.0,,,,,INSUFFICIENT_SAMPLE,combined,unavailable/high,0.0,0.0,recent
donchian_atr,eth_short_regime_challenge_v1_donchian_atr,20261007T203647Z-194d4424b93c,cef759945c584deea3664286ef19e0ce,e0dd4c731d1d27f0,ETHUSDT,1h,SHORT_ONLY,test,,adverse,0,0,0,0,0.0,,,,,INSUFFICIENT_SAMPLE,combined,unavailable/ordinary,0.0,0.0,recent
donchian_atr,eth_short_regime_challenge_v1_donchian_atr,20261007T203647Z-194d4424b93c,cef759945c584deea3664286ef19e0ce,e0dd4c731d1d27f0,ETHUSDT,1h,SHORT_ONLY,test,,adverse,0,0,0,0,0.0,,,,,INSUFFICIENT_SAMPLE,combined,unavailable/unavailable,0.0,0.0,recent
donchian_atr,eth_short_regime_challenge_v1_donchian_atr,20261007T203647Z-194d4424b93c,b8636398bdbf45098f420601b59391d6,827790540ac7604f,ETHUSDT,1h,SHORT_ONLY,test,,base,63,25,38,0,190.73274989862531,3.0275039666448467,1.0713816670128105,39.68253968253968,-47.04783494226106,DESCRIPTIVE_SAMPLE,trend,bearish,100.0,99.99999999999991,recent
donchian_atr,eth_short_regime_challenge_v1_donchian_atr,20261007T203647Z-194d4424b93c,b8636398bdbf45098f420601b59391d6,827790540ac7604f,ETHUSDT,1h,SHORT_ONLY,test,,base,0,0,0,0,0.0,,,,,INSUFFICIENT_SAMPLE,trend,bullish,0.0,0.0,recent
donchian_atr,eth_short_regime_challenge_v1_donchian_atr,20261007T203647Z-194d4424b93c,b8636398bdbf45098f420601b59391d6,827790540ac7604f,ETHUSDT,1h,SHORT_ONLY,test,,base,0,0,0,0,0.0,,,,,INSUFFICIENT_SAMPLE,trend,mixed,0.0,0.0,recent
donchian_atr,eth_short_regime_challenge_v1_donchian_atr,20261007T203647Z-194d4424b93c,b8636398bdbf45098f420601b59391d6,827790540ac7604f,ETHUSDT,1h,SHORT_ONLY,test,,base,0,0,0,0,0.0,,,,,INSUFFICIENT_SAMPLE,trend,unavailable,0.0,0.0,recent
donchian_atr,eth_short_regime_challenge_v1_donchian_atr,20261007T203647Z-194d4424b93c,b8636398bdbf45098f420601b59391d6,827790540ac7604f,ETHUSDT,1h,SHORT_ONLY,test,,base,63,25,38,0,190.73274989862531,3.0275039666448467,1.0713816670128105,39.68253968253968,-47.04783494226106,DESCRIPTIVE_SAMPLE,volatility,high,100.0,99.99999999999991,recent
donchian_atr,eth_short_regime_challenge_v1_donchian_atr,20261007T203647Z-194d4424b93c,b8636398bdbf45098f420601b59391d6,827790540ac7604f,ETHUSDT,1h,SHORT_ONLY,test,,base,0,0,0,0,0.0,,,,,INSUFFICIENT_SAMPLE,volatility,ordinary,0.0,0.0,recent
donchian_atr,eth_short_regime_challenge_v1_donchian_atr,20261007T203647Z-194d4424b93c,b8636398bdbf45098f420601b59391d6,827790540ac7604f,ETHUSDT,1h,SHORT_ONLY,test,,base,0,0,0,0,0.0,,,,,INSUFFICIENT_SAMPLE,volatility,unavailable,0.0,0.0,recent
donchian_atr,eth_short_regime_challenge_v1_donchian_atr,20261007T203647Z-194d4424b93c,b8636398bdbf45098f420601b59391d6,827790540ac7604f,ETHUSDT,1h,SHORT_ONLY,test,,base,63,25,38,0,190.73274989862531,3.0275039666448467,1.0713816670128105,39.68253968253968,-47.04783494226106,DESCRIPTIVE_SAMPLE,combined,bearish/high,100.0,99.99999999999991,recent
donchian_atr,eth_short_regime_challenge_v1_donchian_atr,20261007T203647Z-194d4424b93c,b8636398bdbf45098f420601b59391d6,827790540ac7604f,ETHUSDT,1h,SHORT_ONLY,test,,base,0,0,0,0,0.0,,,,,INSUFFICIENT_SAMPLE,combined,bearish/ordinary,0.0,0.0,recent
donchian_atr,eth_short_regime_challenge_v1_donchian_atr,20261007T203647Z-194d4424b93c,b8636398bdbf45098f420601b59391d6,827790540ac7604f,ETHUSDT,1h,SHORT_ONLY,test,,base,0,0,0,0,0.0,,,,,INSUFFICIENT_SAMPLE,combined,bearish/unavailable,0.0,0.0,recent
donchian_atr,eth_short_regime_challenge_v1_donchian_atr,20261007T203647Z-194d4424b93c,b8636398bdbf45098f420601b59391d6,827790540ac7604f,ETHUSDT,1h,SHORT_ONLY,test,,base,0,0,0,0,0.0,,,,,INSUFFICIENT_SAMPLE,combined,bullish/high,0.0,0.0,recent
donchian_atr,eth_short_regime_challenge_v1_donchian_atr,20261007T203647Z-194d4424b93c,b8636398bdbf45098f420601b59391d6,827790540ac7604f,ETHUSDT,1h,SHORT_ONLY,test,,base,0,0,0,0,0.0,,,,,INSUFFICIENT_SAMPLE,combined,bullish/ordinary,0.0,0.0,recent
donchian_atr,eth_short_regime_challenge_v1_donchian_atr,20261007T203647Z-194d4424b93c,b8636398bdbf45098f420601b59391d6,827790540ac7604f,ETHUSDT,1h,SHORT_ONLY,test,,base,0,0,0,0,0.0,,,,,INSUFFICIENT_SAMPLE,combined,bullish/unavailable,0.0,0.0,recent
donchian_atr,eth_short_regime_challenge_v1_donchian_atr,20261007T203647Z-194d4424b93c,b8636398bdbf45098f420601b59391d6,827790540ac7604f,ETHUSDT,1h,SHORT_ONLY,test,,base,0,0,0,0,0.0,,,,,INSUFFICIENT_SAMPLE,combined,mixed/high,0.0,0.0,recent
donchian_atr,eth_short_regime_challenge_v1_donchian_atr,20261007T203647Z-194d4424b93c,b8636398bdbf45098f420601b59391d6,827790540ac7604f,ETHUSDT,1h,SHORT_ONLY,test,,base,0,0,0,0,0.0,,,,,INSUFFICIENT_SAMPLE,combined,mixed/ordinary,0.0,0.0,recent
donchian_atr,eth_short_regime_challenge_v1_donchian_atr,20261007T203647Z-194d4424b93c,b8636398bdbf45098f420601b59391d6,827790540ac7604f,ETHUSDT,1h,SHORT_ONLY,test,,base,0,0,0,0,0.0,,,,,INSUFFICIENT_SAMPLE,combined,mixed/unavailable,0.0,0.0,recent
donchian_atr,eth_short_regime_challenge_v1_donchian_atr,20261007T203647Z-194d4424b93c,b8636398bdbf45098f420601b59391d6,827790540ac7604f,ETHUSDT,1h,SHORT_ONLY,test,,base,0,0,0,0,0.0,,,,,INSUFFICIENT_SAMPLE,combined,unavailable/high,0.0,0.0,recent
donchian_atr,eth_short_regime_challenge_v1_donchian_atr,20261007T203647Z-194d4424b93c,b8636398bdbf45098f420601b59391d6,827790540ac7604f,ETHUSDT,1h,SHORT_ONLY,test,,base,0,0,0,0,0.0,,,,,INSUFFICIENT_SAMPLE,combined,unavailable/ordinary,0.0,0.0,recent
donchian_atr,eth_short_regime_challenge_v1_donchian_atr,20261007T203647Z-194d4424b93c,b8636398bdbf45098f420601b59391d6,827790540ac7604f,ETHUSDT,1h,SHORT_ONLY,test,,base,0,0,0,0,0.0,,,,,INSUFFICIENT_SAMPLE,combined,unavailable/unavailable,0.0,0.0,recent
donchian_atr,eth_short_regime_challenge_v1_donchian_atr,20261007T203647Z-194d4424b93c,63d214cdd8f14054af6a580504d9090d,827790540ac7604f,ETHUSDT,1h,SHORT_ONLY,test,,adverse,62,25,37,0,55.72479320443092,0.8987869871682406,1.0206144697383173,40.32258064516129,-49.01658312675803,DESCRIPTIVE_SAMPLE,trend,bearish,100.0,99.99999999999989,recent
donchian_atr,eth_short_regime_challenge_v1_donchian_atr,20261007T203647Z-194d4424b93c,63d214cdd8f14054af6a580504d9090d,827790540ac7604f,ETHUSDT,1h,SHORT_ONLY,test,,adverse,0,0,0,0,0.0,,,,,INSUFFICIENT_SAMPLE,trend,bullish,0.0,0.0,recent
donchian_atr,eth_short_regime_challenge_v1_donchian_atr,20261007T203647Z-194d4424b93c,63d214cdd8f14054af6a580504d9090d,827790540ac7604f,ETHUSDT,1h,SHORT_ONLY,test,,adverse,0,0,0,0,0.0,,,,,INSUFFICIENT_SAMPLE,trend,mixed,0.0,0.0,recent
donchian_atr,eth_short_regime_challenge_v1_donchian_atr,20261007T203647Z-194d4424b93c,63d214cdd8f14054af6a580504d9090d,827790540ac7604f,ETHUSDT,1h,SHORT_ONLY,test,,adverse,0,0,0,0,0.0,,,,,INSUFFICIENT_SAMPLE,trend,unavailable,0.0,0.0,recent
donchian_atr,eth_short_regime_challenge_v1_donchian_atr,20261007T203647Z-194d4424b93c,63d214cdd8f14054af6a580504d9090d,827790540ac7604f,ETHUSDT,1h,SHORT_ONLY,test,,adverse,62,25,37,0,55.72479320443092,0.8987869871682406,1.0206144697383173,40.32258064516129,-49.01658312675803,DESCRIPTIVE_SAMPLE,volatility,high,100.0,99.99999999999989,recent
donchian_atr,eth_short_regime_challenge_v1_donchian_atr,20261007T203647Z-194d4424b93c,63d214cdd8f14054af6a580504d9090d,827790540ac7604f,ETHUSDT,1h,SHORT_ONLY,test,,adverse,0,0,0,0,0.0,,,,,INSUFFICIENT_SAMPLE,volatility,ordinary,0.0,0.0,recent
donchian_atr,eth_short_regime_challenge_v1_donchian_atr,20261007T203647Z-194d4424b93c,63d214cdd8f14054af6a580504d9090d,827790540ac7604f,ETHUSDT,1h,SHORT_ONLY,test,,adverse,0,0,0,0,0.0,,,,,INSUFFICIENT_SAMPLE,volatility,unavailable,0.0,0.0,recent
donchian_atr,eth_short_regime_challenge_v1_donchian_atr,20261007T203647Z-194d4424b93c,63d214cdd8f14054af6a580504d9090d,827790540ac7604f,ETHUSDT,1h,SHORT_ONLY,test,,adverse,62,25,37,0,55.72479320443092,0.8987869871682406,1.0206144697383173,40.32258064516129,-49.01658312675803,DESCRIPTIVE_SAMPLE,combined,bearish/high,100.0,99.99999999999989,recent
donchian_atr,eth_short_regime_challenge_v1_donchian_atr,20261007T203647Z-194d4424b93c,63d214cdd8f14054af6a580504d9090d,827790540ac7604f,ETHUSDT,1h,SHORT_ONLY,test,,adverse,0,0,0,0,0.0,,,,,INSUFFICIENT_SAMPLE,combined,bearish/ordinary,0.0,0.0,recent
donchian_atr,eth_short_regime_challenge_v1_donchian_atr,20261007T203647Z-194d4424b93c,63d214cdd8f14054af6a580504d9090d,827790540ac7604f,ETHUSDT,1h,SHORT_ONLY,test,,adverse,0,0,0,0,0.0,,,,,INSUFFICIENT_SAMPLE,combined,bearish/unavailable,0.0,0.0,recent
donchian_atr,eth_short_regime_challenge_v1_donchian_atr,20261007T203647Z-194d4424b93c,63d214cdd8f14054af6a580504d9090d,827790540ac7604f,ETHUSDT,1h,SHORT_ONLY,test,,adverse,0,0,0,0,0.0,,,,,INSUFFICIENT_SAMPLE,combined,bullish/high,0.0,0.0,recent
donchian_atr,eth_short_regime_challenge_v1_donchian_atr,20261007T203647Z-194d4424b93c,63d214cdd8f14054af6a580504d9090d,827790540ac7604f,ETHUSDT,1h,SHORT_ONLY,test,,adverse,0,0,0,0,0.0,,,,,INSUFFICIENT_SAMPLE,combined,bullish/ordinary,0.0,0.0,recent
donchian_atr,eth_short_regime_challenge_v1_donchian_atr,20261007T203647Z-194d4424b93c,63d214cdd8f14054af6a580504d9090d,827790540ac7604f,ETHUSDT,1h,SHORT_ONLY,test,,adverse,0,0,0,0,0.0,,,,,INSUFFICIENT_SAMPLE,combined,bullish/unavailable,0.0,0.0,recent
donchian_atr,eth_short_regime_challenge_v1_donchian_atr,20261007T203647Z-194d4424b93c,63d214cdd8f14054af6a580504d9090d,827790540ac7604f,ETHUSDT,1h,SHORT_ONLY,test,,adverse,0,0,0,0,0.0,,,,,INSUFFICIENT_SAMPLE,combined,mixed/high,0.0,0.0,recent
donchian_atr,eth_short_regime_challenge_v1_donchian_atr,20261007T203647Z-194d4424b93c,63d214cdd8f14054af6a580504d9090d,827790540ac7604f,ETHUSDT,1h,SHORT_ONLY,test,,adverse,0,0,0,0,0.0,,,,,INSUFFICIENT_SAMPLE,combined,mixed/ordinary,0.0,0.0,recent
donchian_atr,eth_short_regime_challenge_v1_donchian_atr,20261007T203647Z-194d4424b93c,63d214cdd8f14054af6a580504d9090d,827790540ac7604f,ETHUSDT,1h,SHORT_ONLY,test,,adverse,0,0,0,0,0.0,,,,,INSUFFICIENT_SAMPLE,combined,mixed/unavailable,0.0,0.0,recent
donchian_atr,eth_short_regime_challenge_v1_donchian_atr,20261007T203647Z-194d4424b93c,63d214cdd8f14054af6a580504d9090d,827790540ac7604f,ETHUSDT,1h,SHORT_ONLY,test,,adverse,0,0,0,0,0.0,,,,,INSUFFICIENT_SAMPLE,combined,unavailable/high,0.0,0.0,recent
donchian_atr,eth_short_regime_challenge_v1_donchian_atr,20261007T203647Z-194d4424b93c,63d214cdd8f14054af6a580504d9090d,827790540ac7604f,ETHUSDT,1h,SHORT_ONLY,test,,adverse,0,0,0,0,0.0,,,,,INSUFFICIENT_SAMPLE,combined,unavailable/ordinary,0.0,0.0,recent
donchian_atr,eth_short_regime_challenge_v1_donchian_atr,20261007T203647Z-194d4424b93c,63d214cdd8f14054af6a580504d9090d,827790540ac7604f,ETHUSDT,1h,SHORT_ONLY,test,,adverse,0,0,0,0,0.0,,,,,INSUFFICIENT_SAMPLE,combined,unavailable/unavailable,0.0,0.0,recent
donchian_atr,eth_short_regime_challenge_v1_donchian_atr,20261007T203647Z-194d4424b93c,02f807b3e6734ceb8632cec814aface1,6719be4e317770b6,ETHUSDT,1h,SHORT_ONLY,test,,base,52,22,30,0,508.3593588693285,9.776141516717855,1.2436629687311889,42.30769230769231,-46.46145503619801,DESCRIPTIVE_SAMPLE,trend,bearish,100.0,100.0,recent
donchian_atr,eth_short_regime_challenge_v1_donchian_atr,20261007T203647Z-194d4424b93c,02f807b3e6734ceb8632cec814aface1,6719be4e317770b6,ETHUSDT,1h,SHORT_ONLY,test,,base,0,0,0,0,0.0,,,,,INSUFFICIENT_SAMPLE,trend,bullish,0.0,0.0,recent
donchian_atr,eth_short_regime_challenge_v1_donchian_atr,20261007T203647Z-194d4424b93c,02f807b3e6734ceb8632cec814aface1,6719be4e317770b6,ETHUSDT,1h,SHORT_ONLY,test,,base,0,0,0,0,0.0,,,,,INSUFFICIENT_SAMPLE,trend,mixed,0.0,0.0,recent
donchian_atr,eth_short_regime_challenge_v1_donchian_atr,20261007T203647Z-194d4424b93c,02f807b3e6734ceb8632cec814aface1,6719be4e317770b6,ETHUSDT,1h,SHORT_ONLY,test,,base,0,0,0,0,0.0,,,,,INSUFFICIENT_SAMPLE,trend,unavailable,0.0,0.0,recent
donchian_atr,eth_short_regime_challenge_v1_donchian_atr,20261007T203647Z-194d4424b93c,02f807b3e6734ceb8632cec814aface1,6719be4e317770b6,ETHUSDT,1h,SHORT_ONLY,test,,base,52,22,30,0,508.3593588693285,9.776141516717855,1.2436629687311889,42.30769230769231,-46.46145503619801,DESCRIPTIVE_SAMPLE,volatility,high,100.0,100.0,recent
donchian_atr,eth_short_regime_challenge_v1_donchian_atr,20261007T203647Z-194d4424b93c,02f807b3e6734ceb8632cec814aface1,6719be4e317770b6,ETHUSDT,1h,SHORT_ONLY,test,,base,0,0,0,0,0.0,,,,,INSUFFICIENT_SAMPLE,volatility,ordinary,0.0,0.0,recent
donchian_atr,eth_short_regime_challenge_v1_donchian_atr,20261007T203647Z-194d4424b93c,02f807b3e6734ceb8632cec814aface1,6719be4e317770b6,ETHUSDT,1h,SHORT_ONLY,test,,base,0,0,0,0,0.0,,,,,INSUFFICIENT_SAMPLE,volatility,unavailable,0.0,0.0,recent
donchian_atr,eth_short_regime_challenge_v1_donchian_atr,20261007T203647Z-194d4424b93c,02f807b3e6734ceb8632cec814aface1,6719be4e317770b6,ETHUSDT,1h,SHORT_ONLY,test,,base,52,22,30,0,508.3593588693285,9.776141516717855,1.2436629687311889,42.30769230769231,-46.46145503619801,DESCRIPTIVE_SAMPLE,combined,bearish/high,100.0,100.0,recent
donchian_atr,eth_short_regime_challenge_v1_donchian_atr,20261007T203647Z-194d4424b93c,02f807b3e6734ceb8632cec814aface1,6719be4e317770b6,ETHUSDT,1h,SHORT_ONLY,test,,base,0,0,0,0,0.0,,,,,INSUFFICIENT_SAMPLE,combined,bearish/ordinary,0.0,0.0,recent
donchian_atr,eth_short_regime_challenge_v1_donchian_atr,20261007T203647Z-194d4424b93c,02f807b3e6734ceb8632cec814aface1,6719be4e317770b6,ETHUSDT,1h,SHORT_ONLY,test,,base,0,0,0,0,0.0,,,,,INSUFFICIENT_SAMPLE,combined,bearish/unavailable,0.0,0.0,recent
donchian_atr,eth_short_regime_challenge_v1_donchian_atr,20261007T203647Z-194d4424b93c,02f807b3e6734ceb8632cec814aface1,6719be4e317770b6,ETHUSDT,1h,SHORT_ONLY,test,,base,0,0,0,0,0.0,,,,,INSUFFICIENT_SAMPLE,combined,bullish/high,0.0,0.0,recent
donchian_atr,eth_short_regime_challenge_v1_donchian_atr,20261007T203647Z-194d4424b93c,02f807b3e6734ceb8632cec814aface1,6719be4e317770b6,ETHUSDT,1h,SHORT_ONLY,test,,base,0,0,0,0,0.0,,,,,INSUFFICIENT_SAMPLE,combined,bullish/ordinary,0.0,0.0,recent
donchian_atr,eth_short_regime_challenge_v1_donchian_atr,20261007T203647Z-194d4424b93c,02f807b3e6734ceb8632cec814aface1,6719be4e317770b6,ETHUSDT,1h,SHORT_ONLY,test,,base,0,0,0,0,0.0,,,,,INSUFFICIENT_SAMPLE,combined,bullish/unavailable,0.0,0.0,recent
donchian_atr,eth_short_regime_challenge_v1_donchian_atr,20261007T203647Z-194d4424b93c,02f807b3e6734ceb8632cec814aface1,6719be4e317770b6,ETHUSDT,1h,SHORT_ONLY,test,,base,0,0,0,0,0.0,,,,,INSUFFICIENT_SAMPLE,combined,mixed/high,0.0,0.0,recent
donchian_atr,eth_short_regime_challenge_v1_donchian_atr,20261007T203647Z-194d4424b93c,02f807b3e6734ceb8632cec814aface1,6719be4e317770b6,ETHUSDT,1h,SHORT_ONLY,test,,base,0,0,0,0,0.0,,,,,INSUFFICIENT_SAMPLE,combined,mixed/ordinary,0.0,0.0,recent
donchian_atr,eth_short_regime_challenge_v1_donchian_atr,20261007T203647Z-194d4424b93c,02f807b3e6734ceb8632cec814aface1,6719be4e317770b6,ETHUSDT,1h,SHORT_ONLY,test,,base,0,0,0,0,0.0,,,,,INSUFFICIENT_SAMPLE,combined,mixed/unavailable,0.0,0.0,recent
donchian_atr,eth_short_regime_challenge_v1_donchian_atr,20261007T203647Z-194d4424b93c,02f807b3e6734ceb8632cec814aface1,6719be4e317770b6,ETHUSDT,1h,SHORT_ONLY,test,,base,0,0,0,0,0.0,,,,,INSUFFICIENT_SAMPLE,combined,unavailable/high,0.0,0.0,recent
donchian_atr,eth_short_regime_challenge_v1_donchian_atr,20261007T203647Z-194d4424b93c,02f807b3e6734ceb8632cec814aface1,6719be4e317770b6,ETHUSDT,1h,SHORT_ONLY,test,,base,0,0,0,0,0.0,,,,,INSUFFICIENT_SAMPLE,combined,unavailable/ordinary,0.0,0.0,recent
donchian_atr,eth_short_regime_challenge_v1_donchian_atr,20261007T203647Z-194d4424b93c,02f807b3e6734ceb8632cec814aface1,6719be4e317770b6,ETHUSDT,1h,SHORT_ONLY,test,,base,0,0,0,0,0.0,,,,,INSUFFICIENT_SAMPLE,combined,unavailable/unavailable,0.0,0.0,recent
donchian_atr,eth_short_regime_challenge_v1_donchian_atr,20261007T203647Z-194d4424b93c,e824997c9f554815b58efb97889618e3,6719be4e317770b6,ETHUSDT,1h,SHORT_ONLY,test,,adverse,51,22,29,0,404.3683076162877,7.928790345417406,1.1923622414734616,43.13725490196079,-48.785454909299965,DESCRIPTIVE_SAMPLE,trend,bearish,100.0,100.0,recent
donchian_atr,eth_short_regime_challenge_v1_donchian_atr,20261007T203647Z-194d4424b93c,e824997c9f554815b58efb97889618e3,6719be4e317770b6,ETHUSDT,1h,SHORT_ONLY,test,,adverse,0,0,0,0,0.0,,,,,INSUFFICIENT_SAMPLE,trend,bullish,0.0,0.0,recent
donchian_atr,eth_short_regime_challenge_v1_donchian_atr,20261007T203647Z-194d4424b93c,e824997c9f554815b58efb97889618e3,6719be4e317770b6,ETHUSDT,1h,SHORT_ONLY,test,,adverse,0,0,0,0,0.0,,,,,INSUFFICIENT_SAMPLE,trend,mixed,0.0,0.0,recent
donchian_atr,eth_short_regime_challenge_v1_donchian_atr,20261007T203647Z-194d4424b93c,e824997c9f554815b58efb97889618e3,6719be4e317770b6,ETHUSDT,1h,SHORT_ONLY,test,,adverse,0,0,0,0,0.0,,,,,INSUFFICIENT_SAMPLE,trend,unavailable,0.0,0.0,recent
donchian_atr,eth_short_regime_challenge_v1_donchian_atr,20261007T203647Z-194d4424b93c,e824997c9f554815b58efb97889618e3,6719be4e317770b6,ETHUSDT,1h,SHORT_ONLY,test,,adverse,51,22,29,0,404.3683076162877,7.928790345417406,1.1923622414734616,43.13725490196079,-48.785454909299965,DESCRIPTIVE_SAMPLE,volatility,high,100.0,100.0,recent
donchian_atr,eth_short_regime_challenge_v1_donchian_atr,20261007T203647Z-194d4424b93c,e824997c9f554815b58efb97889618e3,6719be4e317770b6,ETHUSDT,1h,SHORT_ONLY,test,,adverse,0,0,0,0,0.0,,,,,INSUFFICIENT_SAMPLE,volatility,ordinary,0.0,0.0,recent
donchian_atr,eth_short_regime_challenge_v1_donchian_atr,20261007T203647Z-194d4424b93c,e824997c9f554815b58efb97889618e3,6719be4e317770b6,ETHUSDT,1h,SHORT_ONLY,test,,adverse,0,0,0,0,0.0,,,,,INSUFFICIENT_SAMPLE,volatility,unavailable,0.0,0.0,recent
donchian_atr,eth_short_regime_challenge_v1_donchian_atr,20261007T203647Z-194d4424b93c,e824997c9f554815b58efb97889618e3,6719be4e317770b6,ETHUSDT,1h,SHORT_ONLY,test,,adverse,51,22,29,0,404.3683076162877,7.928790345417406,1.1923622414734616,43.13725490196079,-48.785454909299965,DESCRIPTIVE_SAMPLE,combined,bearish/high,100.0,100.0,recent
donchian_atr,eth_short_regime_challenge_v1_donchian_atr,20261007T203647Z-194d4424b93c,e824997c9f554815b58efb97889618e3,6719be4e317770b6,ETHUSDT,1h,SHORT_ONLY,test,,adverse,0,0,0,0,0.0,,,,,INSUFFICIENT_SAMPLE,combined,bearish/ordinary,0.0,0.0,recent
donchian_atr,eth_short_regime_challenge_v1_donchian_atr,20261007T203647Z-194d4424b93c,e824997c9f554815b58efb97889618e3,6719be4e317770b6,ETHUSDT,1h,SHORT_ONLY,test,,adverse,0,0,0,0,0.0,,,,,INSUFFICIENT_SAMPLE,combined,bearish/unavailable,0.0,0.0,recent
donchian_atr,eth_short_regime_challenge_v1_donchian_atr,20261007T203647Z-194d4424b93c,e824997c9f554815b58efb97889618e3,6719be4e317770b6,ETHUSDT,1h,SHORT_ONLY,test,,adverse,0,0,0,0,0.0,,,,,INSUFFICIENT_SAMPLE,combined,bullish/high,0.0,0.0,recent
donchian_atr,eth_short_regime_challenge_v1_donchian_atr,20261007T203647Z-194d4424b93c,e824997c9f554815b58efb97889618e3,6719be4e317770b6,ETHUSDT,1h,SHORT_ONLY,test,,adverse,0,0,0,0,0.0,,,,,INSUFFICIENT_SAMPLE,combined,bullish/ordinary,0.0,0.0,recent
donchian_atr,eth_short_regime_challenge_v1_donchian_atr,20261007T203647Z-194d4424b93c,e824997c9f554815b58efb97889618e3,6719be4e317770b6,ETHUSDT,1h,SHORT_ONLY,test,,adverse,0,0,0,0,0.0,,,,,INSUFFICIENT_SAMPLE,combined,bullish/unavailable,0.0,0.0,recent
donchian_atr,eth_short_regime_challenge_v1_donchian_atr,20261007T203647Z-194d4424b93c,e824997c9f554815b58efb97889618e3,6719be4e317770b6,ETHUSDT,1h,SHORT_ONLY,test,,adverse,0,0,0,0,0.0,,,,,INSUFFICIENT_SAMPLE,combined,mixed/high,0.0,0.0,recent
donchian_atr,eth_short_regime_challenge_v1_donchian_atr,20261007T203647Z-194d4424b93c,e824997c9f554815b58efb97889618e3,6719be4e317770b6,ETHUSDT,1h,SHORT_ONLY,test,,adverse,0,0,0,0,0.0,,,,,INSUFFICIENT_SAMPLE,combined,mixed/ordinary,0.0,0.0,recent
donchian_atr,eth_short_regime_challenge_v1_donchian_atr,20261007T203647Z-194d4424b93c,e824997c9f554815b58efb97889618e3,6719be4e317770b6,ETHUSDT,1h,SHORT_ONLY,test,,adverse,0,0,0,0,0.0,,,,,INSUFFICIENT_SAMPLE,combined,mixed/unavailable,0.0,0.0,recent
donchian_atr,eth_short_regime_challenge_v1_donchian_atr,20261007T203647Z-194d4424b93c,e824997c9f554815b58efb97889618e3,6719be4e317770b6,ETHUSDT,1h,SHORT_ONLY,test,,adverse,0,0,0,0,0.0,,,,,INSUFFICIENT_SAMPLE,combined,unavailable/high,0.0,0.0,recent
donchian_atr,eth_short_regime_challenge_v1_donchian_atr,20261007T203647Z-194d4424b93c,e824997c9f554815b58efb97889618e3,6719be4e317770b6,ETHUSDT,1h,SHORT_ONLY,test,,adverse,0,0,0,0,0.0,,,,,INSUFFICIENT_SAMPLE,combined,unavailable/ordinary,0.0,0.0,recent
donchian_atr,eth_short_regime_challenge_v1_donchian_atr,20261007T203647Z-194d4424b93c,e824997c9f554815b58efb97889618e3,6719be4e317770b6,ETHUSDT,1h,SHORT_ONLY,test,,adverse,0,0,0,0,0.0,,,,,INSUFFICIENT_SAMPLE,combined,unavailable/unavailable,0.0,0.0,recent
donchian_atr,eth_short_regime_challenge_v1_donchian_atr,20261007T203647Z-194d4424b93c,580f19ae128a465b87ff6e842de746eb,4c4aa07c4c65af74,ETHUSDT,1h,SHORT_ONLY,test,,base,50,22,28,0,594.5175966289555,11.89035193257911,1.2972344929791908,44.0,-46.46145503619801,DESCRIPTIVE_SAMPLE,trend,bearish,100.0,100.0,recent
donchian_atr,eth_short_regime_challenge_v1_donchian_atr,20261007T203647Z-194d4424b93c,580f19ae128a465b87ff6e842de746eb,4c4aa07c4c65af74,ETHUSDT,1h,SHORT_ONLY,test,,base,0,0,0,0,0.0,,,,,INSUFFICIENT_SAMPLE,trend,bullish,0.0,0.0,recent
donchian_atr,eth_short_regime_challenge_v1_donchian_atr,20261007T203647Z-194d4424b93c,580f19ae128a465b87ff6e842de746eb,4c4aa07c4c65af74,ETHUSDT,1h,SHORT_ONLY,test,,base,0,0,0,0,0.0,,,,,INSUFFICIENT_SAMPLE,trend,mixed,0.0,0.0,recent
donchian_atr,eth_short_regime_challenge_v1_donchian_atr,20261007T203647Z-194d4424b93c,580f19ae128a465b87ff6e842de746eb,4c4aa07c4c65af74,ETHUSDT,1h,SHORT_ONLY,test,,base,0,0,0,0,0.0,,,,,INSUFFICIENT_SAMPLE,trend,unavailable,0.0,0.0,recent
donchian_atr,eth_short_regime_challenge_v1_donchian_atr,20261007T203647Z-194d4424b93c,580f19ae128a465b87ff6e842de746eb,4c4aa07c4c65af74,ETHUSDT,1h,SHORT_ONLY,test,,base,50,22,28,0,594.5175966289555,11.89035193257911,1.2972344929791908,44.0,-46.46145503619801,DESCRIPTIVE_SAMPLE,volatility,high,100.0,100.0,recent
donchian_atr,eth_short_regime_challenge_v1_donchian_atr,20261007T203647Z-194d4424b93c,580f19ae128a465b87ff6e842de746eb,4c4aa07c4c65af74,ETHUSDT,1h,SHORT_ONLY,test,,base,0,0,0,0,0.0,,,,,INSUFFICIENT_SAMPLE,volatility,ordinary,0.0,0.0,recent
donchian_atr,eth_short_regime_challenge_v1_donchian_atr,20261007T203647Z-194d4424b93c,580f19ae128a465b87ff6e842de746eb,4c4aa07c4c65af74,ETHUSDT,1h,SHORT_ONLY,test,,base,0,0,0,0,0.0,,,,,INSUFFICIENT_SAMPLE,volatility,unavailable,0.0,0.0,recent
donchian_atr,eth_short_regime_challenge_v1_donchian_atr,20261007T203647Z-194d4424b93c,580f19ae128a465b87ff6e842de746eb,4c4aa07c4c65af74,ETHUSDT,1h,SHORT_ONLY,test,,base,50,22,28,0,594.5175966289555,11.89035193257911,1.2972344929791908,44.0,-46.46145503619801,DESCRIPTIVE_SAMPLE,combined,bearish/high,100.0,100.0,recent
donchian_atr,eth_short_regime_challenge_v1_donchian_atr,20261007T203647Z-194d4424b93c,580f19ae128a465b87ff6e842de746eb,4c4aa07c4c65af74,ETHUSDT,1h,SHORT_ONLY,test,,base,0,0,0,0,0.0,,,,,INSUFFICIENT_SAMPLE,combined,bearish/ordinary,0.0,0.0,recent
donchian_atr,eth_short_regime_challenge_v1_donchian_atr,20261007T203647Z-194d4424b93c,580f19ae128a465b87ff6e842de746eb,4c4aa07c4c65af74,ETHUSDT,1h,SHORT_ONLY,test,,base,0,0,0,0,0.0,,,,,INSUFFICIENT_SAMPLE,combined,bearish/unavailable,0.0,0.0,recent
donchian_atr,eth_short_regime_challenge_v1_donchian_atr,20261007T203647Z-194d4424b93c,580f19ae128a465b87ff6e842de746eb,4c4aa07c4c65af74,ETHUSDT,1h,SHORT_ONLY,test,,base,0,0,0,0,0.0,,,,,INSUFFICIENT_SAMPLE,combined,bullish/high,0.0,0.0,recent
donchian_atr,eth_short_regime_challenge_v1_donchian_atr,20261007T203647Z-194d4424b93c,580f19ae128a465b87ff6e842de746eb,4c4aa07c4c65af74,ETHUSDT,1h,SHORT_ONLY,test,,base,0,0,0,0,0.0,,,,,INSUFFICIENT_SAMPLE,combined,bullish/ordinary,0.0,0.0,recent
donchian_atr,eth_short_regime_challenge_v1_donchian_atr,20261007T203647Z-194d4424b93c,580f19ae128a465b87ff6e842de746eb,4c4aa07c4c65af74,ETHUSDT,1h,SHORT_ONLY,test,,base,0,0,0,0,0.0,,,,,INSUFFICIENT_SAMPLE,combined,bullish/unavailable,0.0,0.0,recent
donchian_atr,eth_short_regime_challenge_v1_donchian_atr,20261007T203647Z-194d4424b93c,580f19ae128a465b87ff6e842de746eb,4c4aa07c4c65af74,ETHUSDT,1h,SHORT_ONLY,test,,base,0,0,0,0,0.0,,,,,INSUFFICIENT_SAMPLE,combined,mixed/high,0.0,0.0,recent
donchian_atr,eth_short_regime_challenge_v1_donchian_atr,20261007T203647Z-194d4424b93c,580f19ae128a465b87ff6e842de746eb,4c4aa07c4c65af74,ETHUSDT,1h,SHORT_ONLY,test,,base,0,0,0,0,0.0,,,,,INSUFFICIENT_SAMPLE,combined,mixed/ordinary,0.0,0.0,recent
donchian_atr,eth_short_regime_challenge_v1_donchian_atr,20261007T203647Z-194d4424b93c,580f19ae128a465b87ff6e842de746eb,4c4aa07c4c65af74,ETHUSDT,1h,SHORT_ONLY,test,,base,0,0,0,0,0.0,,,,,INSUFFICIENT_SAMPLE,combined,mixed/unavailable,0.0,0.0,recent
donchian_atr,eth_short_regime_challenge_v1_donchian_atr,20261007T203647Z-194d4424b93c,580f19ae128a465b87ff6e842de746eb,4c4aa07c4c65af74,ETHUSDT,1h,SHORT_ONLY,test,,base,0,0,0,0,0.0,,,,,INSUFFICIENT_SAMPLE,combined,unavailable/high,0.0,0.0,recent
donchian_atr,eth_short_regime_challenge_v1_donchian_atr,20261007T203647Z-194d4424b93c,580f19ae128a465b87ff6e842de746eb,4c4aa07c4c65af74,ETHUSDT,1h,SHORT_ONLY,test,,base,0,0,0,0,0.0,,,,,INSUFFICIENT_SAMPLE,combined,unavailable/ordinary,0.0,0.0,recent
donchian_atr,eth_short_regime_challenge_v1_donchian_atr,20261007T203647Z-194d4424b93c,580f19ae128a465b87ff6e842de746eb,4c4aa07c4c65af74,ETHUSDT,1h,SHORT_ONLY,test,,base,0,0,0,0,0.0,,,,,INSUFFICIENT_SAMPLE,combined,unavailable/unavailable,0.0,0.0,recent
donchian_atr,eth_short_regime_challenge_v1_donchian_atr,20261007T203647Z-194d4424b93c,9f4ba9c7bc62470fa03a7645c8ad745d,4c4aa07c4c65af74,ETHUSDT,1h,SHORT_ONLY,test,,adverse,49,22,27,0,496.83431870071627,10.139475891851353,1.2472239440371118,44.89795918367347,-48.785454909299965,DESCRIPTIVE_SAMPLE,trend,bearish,100.0,100.0,recent
donchian_atr,eth_short_regime_challenge_v1_donchian_atr,20261007T203647Z-194d4424b93c,9f4ba9c7bc62470fa03a7645c8ad745d,4c4aa07c4c65af74,ETHUSDT,1h,SHORT_ONLY,test,,adverse,0,0,0,0,0.0,,,,,INSUFFICIENT_SAMPLE,trend,bullish,0.0,0.0,recent
donchian_atr,eth_short_regime_challenge_v1_donchian_atr,20261007T203647Z-194d4424b93c,9f4ba9c7bc62470fa03a7645c8ad745d,4c4aa07c4c65af74,ETHUSDT,1h,SHORT_ONLY,test,,adverse,0,0,0,0,0.0,,,,,INSUFFICIENT_SAMPLE,trend,mixed,0.0,0.0,recent
donchian_atr,eth_short_regime_challenge_v1_donchian_atr,20261007T203647Z-194d4424b93c,9f4ba9c7bc62470fa03a7645c8ad745d,4c4aa07c4c65af74,ETHUSDT,1h,SHORT_ONLY,test,,adverse,0,0,0,0,0.0,,,,,INSUFFICIENT_SAMPLE,trend,unavailable,0.0,0.0,recent
donchian_atr,eth_short_regime_challenge_v1_donchian_atr,20261007T203647Z-194d4424b93c,9f4ba9c7bc62470fa03a7645c8ad745d,4c4aa07c4c65af74,ETHUSDT,1h,SHORT_ONLY,test,,adverse,49,22,27,0,496.83431870071627,10.139475891851353,1.2472239440371118,44.89795918367347,-48.785454909299965,DESCRIPTIVE_SAMPLE,volatility,high,100.0,100.0,recent
donchian_atr,eth_short_regime_challenge_v1_donchian_atr,20261007T203647Z-194d4424b93c,9f4ba9c7bc62470fa03a7645c8ad745d,4c4aa07c4c65af74,ETHUSDT,1h,SHORT_ONLY,test,,adverse,0,0,0,0,0.0,,,,,INSUFFICIENT_SAMPLE,volatility,ordinary,0.0,0.0,recent
donchian_atr,eth_short_regime_challenge_v1_donchian_atr,20261007T203647Z-194d4424b93c,9f4ba9c7bc62470fa03a7645c8ad745d,4c4aa07c4c65af74,ETHUSDT,1h,SHORT_ONLY,test,,adverse,0,0,0,0,0.0,,,,,INSUFFICIENT_SAMPLE,volatility,unavailable,0.0,0.0,recent
donchian_atr,eth_short_regime_challenge_v1_donchian_atr,20261007T203647Z-194d4424b93c,9f4ba9c7bc62470fa03a7645c8ad745d,4c4aa07c4c65af74,ETHUSDT,1h,SHORT_ONLY,test,,adverse,49,22,27,0,496.83431870071627,10.139475891851353,1.2472239440371118,44.89795918367347,-48.785454909299965,DESCRIPTIVE_SAMPLE,combined,bearish/high,100.0,100.0,recent
donchian_atr,eth_short_regime_challenge_v1_donchian_atr,20261007T203647Z-194d4424b93c,9f4ba9c7bc62470fa03a7645c8ad745d,4c4aa07c4c65af74,ETHUSDT,1h,SHORT_ONLY,test,,adverse,0,0,0,0,0.0,,,,,INSUFFICIENT_SAMPLE,combined,bearish/ordinary,0.0,0.0,recent
donchian_atr,eth_short_regime_challenge_v1_donchian_atr,20261007T203647Z-194d4424b93c,9f4ba9c7bc62470fa03a7645c8ad745d,4c4aa07c4c65af74,ETHUSDT,1h,SHORT_ONLY,test,,adverse,0,0,0,0,0.0,,,,,INSUFFICIENT_SAMPLE,combined,bearish/unavailable,0.0,0.0,recent
donchian_atr,eth_short_regime_challenge_v1_donchian_atr,20261007T203647Z-194d4424b93c,9f4ba9c7bc62470fa03a7645c8ad745d,4c4aa07c4c65af74,ETHUSDT,1h,SHORT_ONLY,test,,adverse,0,0,0,0,0.0,,,,,INSUFFICIENT_SAMPLE,combined,bullish/high,0.0,0.0,recent
donchian_atr,eth_short_regime_challenge_v1_donchian_atr,20261007T203647Z-194d4424b93c,9f4ba9c7bc62470fa03a7645c8ad745d,4c4aa07c4c65af74,ETHUSDT,1h,SHORT_ONLY,test,,adverse,0,0,0,0,0.0,,,,,INSUFFICIENT_SAMPLE,combined,bullish/ordinary,0.0,0.0,recent
donchian_atr,eth_short_regime_challenge_v1_donchian_atr,20261007T203647Z-194d4424b93c,9f4ba9c7bc62470fa03a7645c8ad745d,4c4aa07c4c65af74,ETHUSDT,1h,SHORT_ONLY,test,,adverse,0,0,0,0,0.0,,,,,INSUFFICIENT_SAMPLE,combined,bullish/unavailable,0.0,0.0,recent
donchian_atr,eth_short_regime_challenge_v1_donchian_atr,20261007T203647Z-194d4424b93c,9f4ba9c7bc62470fa03a7645c8ad745d,4c4aa07c4c65af74,ETHUSDT,1h,SHORT_ONLY,test,,adverse,0,0,0,0,0.0,,,,,INSUFFICIENT_SAMPLE,combined,mixed/high,0.0,0.0,recent
donchian_atr,eth_short_regime_challenge_v1_donchian_atr,20261007T203647Z-194d4424b93c,9f4ba9c7bc62470fa03a7645c8ad745d,4c4aa07c4c65af74,ETHUSDT,1h,SHORT_ONLY,test,,adverse,0,0,0,0,0.0,,,,,INSUFFICIENT_SAMPLE,combined,mixed/ordinary,0.0,0.0,recent
donchian_atr,eth_short_regime_challenge_v1_donchian_atr,20261007T203647Z-194d4424b93c,9f4ba9c7bc62470fa03a7645c8ad745d,4c4aa07c4c65af74,ETHUSDT,1h,SHORT_ONLY,test,,adverse,0,0,0,0,0.0,,,,,INSUFFICIENT_SAMPLE,combined,mixed/unavailable,0.0,0.0,recent
donchian_atr,eth_short_regime_challenge_v1_donchian_atr,20261007T203647Z-194d4424b93c,9f4ba9c7bc62470fa03a7645c8ad745d,4c4aa07c4c65af74,ETHUSDT,1h,SHORT_ONLY,test,,adverse,0,0,0,0,0.0,,,,,INSUFFICIENT_SAMPLE,combined,unavailable/high,0.0,0.0,recent
donchian_atr,eth_short_regime_challenge_v1_donchian_atr,20261007T203647Z-194d4424b93c,9f4ba9c7bc62470fa03a7645c8ad745d,4c4aa07c4c65af74,ETHUSDT,1h,SHORT_ONLY,test,,adverse,0,0,0,0,0.0,,,,,INSUFFICIENT_SAMPLE,combined,unavailable/ordinary,0.0,0.0,recent
donchian_atr,eth_short_regime_challenge_v1_donchian_atr,20261007T203647Z-194d4424b93c,9f4ba9c7bc62470fa03a7645c8ad745d,4c4aa07c4c65af74,ETHUSDT,1h,SHORT_ONLY,test,,adverse,0,0,0,0,0.0,,,,,INSUFFICIENT_SAMPLE,combined,unavailable/unavailable,0.0,0.0,recent
donchian_atr,eth_short_regime_challenge_v1_donchian_atr,20261007T203647Z-194d4424b93c,68838f625a7845f0a14cf745f2537bef,db2f1a56c8656a10,ETHUSDT,1h,SHORT_ONLY,test,,base,47,20,27,0,447.09114080478327,9.512577463931558,1.2302763910321255,42.5531914893617,-46.70099743242199,DESCRIPTIVE_SAMPLE,trend,bearish,100.0,100.00000000000004,recent
donchian_atr,eth_short_regime_challenge_v1_donchian_atr,20261007T203647Z-194d4424b93c,68838f625a7845f0a14cf745f2537bef,db2f1a56c8656a10,ETHUSDT,1h,SHORT_ONLY,test,,base,0,0,0,0,0.0,,,,,INSUFFICIENT_SAMPLE,trend,bullish,0.0,0.0,recent
donchian_atr,eth_short_regime_challenge_v1_donchian_atr,20261007T203647Z-194d4424b93c,68838f625a7845f0a14cf745f2537bef,db2f1a56c8656a10,ETHUSDT,1h,SHORT_ONLY,test,,base,0,0,0,0,0.0,,,,,INSUFFICIENT_SAMPLE,trend,mixed,0.0,0.0,recent
donchian_atr,eth_short_regime_challenge_v1_donchian_atr,20261007T203647Z-194d4424b93c,68838f625a7845f0a14cf745f2537bef,db2f1a56c8656a10,ETHUSDT,1h,SHORT_ONLY,test,,base,0,0,0,0,0.0,,,,,INSUFFICIENT_SAMPLE,trend,unavailable,0.0,0.0,recent
donchian_atr,eth_short_regime_challenge_v1_donchian_atr,20261007T203647Z-194d4424b93c,68838f625a7845f0a14cf745f2537bef,db2f1a56c8656a10,ETHUSDT,1h,SHORT_ONLY,test,,base,47,20,27,0,447.09114080478327,9.512577463931558,1.2302763910321255,42.5531914893617,-46.70099743242199,DESCRIPTIVE_SAMPLE,volatility,high,100.0,100.00000000000004,recent
donchian_atr,eth_short_regime_challenge_v1_donchian_atr,20261007T203647Z-194d4424b93c,68838f625a7845f0a14cf745f2537bef,db2f1a56c8656a10,ETHUSDT,1h,SHORT_ONLY,test,,base,0,0,0,0,0.0,,,,,INSUFFICIENT_SAMPLE,volatility,ordinary,0.0,0.0,recent
donchian_atr,eth_short_regime_challenge_v1_donchian_atr,20261007T203647Z-194d4424b93c,68838f625a7845f0a14cf745f2537bef,db2f1a56c8656a10,ETHUSDT,1h,SHORT_ONLY,test,,base,0,0,0,0,0.0,,,,,INSUFFICIENT_SAMPLE,volatility,unavailable,0.0,0.0,recent
donchian_atr,eth_short_regime_challenge_v1_donchian_atr,20261007T203647Z-194d4424b93c,68838f625a7845f0a14cf745f2537bef,db2f1a56c8656a10,ETHUSDT,1h,SHORT_ONLY,test,,base,47,20,27,0,447.09114080478327,9.512577463931558,1.2302763910321255,42.5531914893617,-46.70099743242199,DESCRIPTIVE_SAMPLE,combined,bearish/high,100.0,100.00000000000004,recent
donchian_atr,eth_short_regime_challenge_v1_donchian_atr,20261007T203647Z-194d4424b93c,68838f625a7845f0a14cf745f2537bef,db2f1a56c8656a10,ETHUSDT,1h,SHORT_ONLY,test,,base,0,0,0,0,0.0,,,,,INSUFFICIENT_SAMPLE,combined,bearish/ordinary,0.0,0.0,recent
donchian_atr,eth_short_regime_challenge_v1_donchian_atr,20261007T203647Z-194d4424b93c,68838f625a7845f0a14cf745f2537bef,db2f1a56c8656a10,ETHUSDT,1h,SHORT_ONLY,test,,base,0,0,0,0,0.0,,,,,INSUFFICIENT_SAMPLE,combined,bearish/unavailable,0.0,0.0,recent
donchian_atr,eth_short_regime_challenge_v1_donchian_atr,20261007T203647Z-194d4424b93c,68838f625a7845f0a14cf745f2537bef,db2f1a56c8656a10,ETHUSDT,1h,SHORT_ONLY,test,,base,0,0,0,0,0.0,,,,,INSUFFICIENT_SAMPLE,combined,bullish/high,0.0,0.0,recent
donchian_atr,eth_short_regime_challenge_v1_donchian_atr,20261007T203647Z-194d4424b93c,68838f625a7845f0a14cf745f2537bef,db2f1a56c8656a10,ETHUSDT,1h,SHORT_ONLY,test,,base,0,0,0,0,0.0,,,,,INSUFFICIENT_SAMPLE,combined,bullish/ordinary,0.0,0.0,recent
donchian_atr,eth_short_regime_challenge_v1_donchian_atr,20261007T203647Z-194d4424b93c,68838f625a7845f0a14cf745f2537bef,db2f1a56c8656a10,ETHUSDT,1h,SHORT_ONLY,test,,base,0,0,0,0,0.0,,,,,INSUFFICIENT_SAMPLE,combined,bullish/unavailable,0.0,0.0,recent
donchian_atr,eth_short_regime_challenge_v1_donchian_atr,20261007T203647Z-194d4424b93c,68838f625a7845f0a14cf745f2537bef,db2f1a56c8656a10,ETHUSDT,1h,SHORT_ONLY,test,,base,0,0,0,0,0.0,,,,,INSUFFICIENT_SAMPLE,combined,mixed/high,0.0,0.0,recent
donchian_atr,eth_short_regime_challenge_v1_donchian_atr,20261007T203647Z-194d4424b93c,68838f625a7845f0a14cf745f2537bef,db2f1a56c8656a10,ETHUSDT,1h,SHORT_ONLY,test,,base,0,0,0,0,0.0,,,,,INSUFFICIENT_SAMPLE,combined,mixed/ordinary,0.0,0.0,recent
donchian_atr,eth_short_regime_challenge_v1_donchian_atr,20261007T203647Z-194d4424b93c,68838f625a7845f0a14cf745f2537bef,db2f1a56c8656a10,ETHUSDT,1h,SHORT_ONLY,test,,base,0,0,0,0,0.0,,,,,INSUFFICIENT_SAMPLE,combined,mixed/unavailable,0.0,0.0,recent
donchian_atr,eth_short_regime_challenge_v1_donchian_atr,20261007T203647Z-194d4424b93c,68838f625a7845f0a14cf745f2537bef,db2f1a56c8656a10,ETHUSDT,1h,SHORT_ONLY,test,,base,0,0,0,0,0.0,,,,,INSUFFICIENT_SAMPLE,combined,unavailable/high,0.0,0.0,recent
donchian_atr,eth_short_regime_challenge_v1_donchian_atr,20261007T203647Z-194d4424b93c,68838f625a7845f0a14cf745f2537bef,db2f1a56c8656a10,ETHUSDT,1h,SHORT_ONLY,test,,base,0,0,0,0,0.0,,,,,INSUFFICIENT_SAMPLE,combined,unavailable/ordinary,0.0,0.0,recent
donchian_atr,eth_short_regime_challenge_v1_donchian_atr,20261007T203647Z-194d4424b93c,68838f625a7845f0a14cf745f2537bef,db2f1a56c8656a10,ETHUSDT,1h,SHORT_ONLY,test,,base,0,0,0,0,0.0,,,,,INSUFFICIENT_SAMPLE,combined,unavailable/unavailable,0.0,0.0,recent
donchian_atr,eth_short_regime_challenge_v1_donchian_atr,20261007T203647Z-194d4424b93c,92ccb6abe203436aa45e8b53d3f9fde6,db2f1a56c8656a10,ETHUSDT,1h,SHORT_ONLY,test,,adverse,46,20,26,0,361.0856631892639,7.8496883302013885,1.1853805391238537,43.47826086956522,-49.02859994173095,DESCRIPTIVE_SAMPLE,trend,bearish,100.0,100.00000000000004,recent
donchian_atr,eth_short_regime_challenge_v1_donchian_atr,20261007T203647Z-194d4424b93c,92ccb6abe203436aa45e8b53d3f9fde6,db2f1a56c8656a10,ETHUSDT,1h,SHORT_ONLY,test,,adverse,0,0,0,0,0.0,,,,,INSUFFICIENT_SAMPLE,trend,bullish,0.0,0.0,recent
donchian_atr,eth_short_regime_challenge_v1_donchian_atr,20261007T203647Z-194d4424b93c,92ccb6abe203436aa45e8b53d3f9fde6,db2f1a56c8656a10,ETHUSDT,1h,SHORT_ONLY,test,,adverse,0,0,0,0,0.0,,,,,INSUFFICIENT_SAMPLE,trend,mixed,0.0,0.0,recent
donchian_atr,eth_short_regime_challenge_v1_donchian_atr,20261007T203647Z-194d4424b93c,92ccb6abe203436aa45e8b53d3f9fde6,db2f1a56c8656a10,ETHUSDT,1h,SHORT_ONLY,test,,adverse,0,0,0,0,0.0,,,,,INSUFFICIENT_SAMPLE,trend,unavailable,0.0,0.0,recent
donchian_atr,eth_short_regime_challenge_v1_donchian_atr,20261007T203647Z-194d4424b93c,92ccb6abe203436aa45e8b53d3f9fde6,db2f1a56c8656a10,ETHUSDT,1h,SHORT_ONLY,test,,adverse,46,20,26,0,361.0856631892639,7.8496883302013885,1.1853805391238537,43.47826086956522,-49.02859994173095,DESCRIPTIVE_SAMPLE,volatility,high,100.0,100.00000000000004,recent
donchian_atr,eth_short_regime_challenge_v1_donchian_atr,20261007T203647Z-194d4424b93c,92ccb6abe203436aa45e8b53d3f9fde6,db2f1a56c8656a10,ETHUSDT,1h,SHORT_ONLY,test,,adverse,0,0,0,0,0.0,,,,,INSUFFICIENT_SAMPLE,volatility,ordinary,0.0,0.0,recent
donchian_atr,eth_short_regime_challenge_v1_donchian_atr,20261007T203647Z-194d4424b93c,92ccb6abe203436aa45e8b53d3f9fde6,db2f1a56c8656a10,ETHUSDT,1h,SHORT_ONLY,test,,adverse,0,0,0,0,0.0,,,,,INSUFFICIENT_SAMPLE,volatility,unavailable,0.0,0.0,recent
donchian_atr,eth_short_regime_challenge_v1_donchian_atr,20261007T203647Z-194d4424b93c,92ccb6abe203436aa45e8b53d3f9fde6,db2f1a56c8656a10,ETHUSDT,1h,SHORT_ONLY,test,,adverse,46,20,26,0,361.0856631892639,7.8496883302013885,1.1853805391238537,43.47826086956522,-49.02859994173095,DESCRIPTIVE_SAMPLE,combined,bearish/high,100.0,100.00000000000004,recent
donchian_atr,eth_short_regime_challenge_v1_donchian_atr,20261007T203647Z-194d4424b93c,92ccb6abe203436aa45e8b53d3f9fde6,db2f1a56c8656a10,ETHUSDT,1h,SHORT_ONLY,test,,adverse,0,0,0,0,0.0,,,,,INSUFFICIENT_SAMPLE,combined,bearish/ordinary,0.0,0.0,recent
donchian_atr,eth_short_regime_challenge_v1_donchian_atr,20261007T203647Z-194d4424b93c,92ccb6abe203436aa45e8b53d3f9fde6,db2f1a56c8656a10,ETHUSDT,1h,SHORT_ONLY,test,,adverse,0,0,0,0,0.0,,,,,INSUFFICIENT_SAMPLE,combined,bearish/unavailable,0.0,0.0,recent
donchian_atr,eth_short_regime_challenge_v1_donchian_atr,20261007T203647Z-194d4424b93c,92ccb6abe203436aa45e8b53d3f9fde6,db2f1a56c8656a10,ETHUSDT,1h,SHORT_ONLY,test,,adverse,0,0,0,0,0.0,,,,,INSUFFICIENT_SAMPLE,combined,bullish/high,0.0,0.0,recent
donchian_atr,eth_short_regime_challenge_v1_donchian_atr,20261007T203647Z-194d4424b93c,92ccb6abe203436aa45e8b53d3f9fde6,db2f1a56c8656a10,ETHUSDT,1h,SHORT_ONLY,test,,adverse,0,0,0,0,0.0,,,,,INSUFFICIENT_SAMPLE,combined,bullish/ordinary,0.0,0.0,recent
donchian_atr,eth_short_regime_challenge_v1_donchian_atr,20261007T203647Z-194d4424b93c,92ccb6abe203436aa45e8b53d3f9fde6,db2f1a56c8656a10,ETHUSDT,1h,SHORT_ONLY,test,,adverse,0,0,0,0,0.0,,,,,INSUFFICIENT_SAMPLE,combined,bullish/unavailable,0.0,0.0,recent
donchian_atr,eth_short_regime_challenge_v1_donchian_atr,20261007T203647Z-194d4424b93c,92ccb6abe203436aa45e8b53d3f9fde6,db2f1a56c8656a10,ETHUSDT,1h,SHORT_ONLY,test,,adverse,0,0,0,0,0.0,,,,,INSUFFICIENT_SAMPLE,combined,mixed/high,0.0,0.0,recent
donchian_atr,eth_short_regime_challenge_v1_donchian_atr,20261007T203647Z-194d4424b93c,92ccb6abe203436aa45e8b53d3f9fde6,db2f1a56c8656a10,ETHUSDT,1h,SHORT_ONLY,test,,adverse,0,0,0,0,0.0,,,,,INSUFFICIENT_SAMPLE,combined,mixed/ordinary,0.0,0.0,recent
donchian_atr,eth_short_regime_challenge_v1_donchian_atr,20261007T203647Z-194d4424b93c,92ccb6abe203436aa45e8b53d3f9fde6,db2f1a56c8656a10,ETHUSDT,1h,SHORT_ONLY,test,,adverse,0,0,0,0,0.0,,,,,INSUFFICIENT_SAMPLE,combined,mixed/unavailable,0.0,0.0,recent
donchian_atr,eth_short_regime_challenge_v1_donchian_atr,20261007T203647Z-194d4424b93c,92ccb6abe203436aa45e8b53d3f9fde6,db2f1a56c8656a10,ETHUSDT,1h,SHORT_ONLY,test,,adverse,0,0,0,0,0.0,,,,,INSUFFICIENT_SAMPLE,combined,unavailable/high,0.0,0.0,recent
donchian_atr,eth_short_regime_challenge_v1_donchian_atr,20261007T203647Z-194d4424b93c,92ccb6abe203436aa45e8b53d3f9fde6,db2f1a56c8656a10,ETHUSDT,1h,SHORT_ONLY,test,,adverse,0,0,0,0,0.0,,,,,INSUFFICIENT_SAMPLE,combined,unavailable/ordinary,0.0,0.0,recent
donchian_atr,eth_short_regime_challenge_v1_donchian_atr,20261007T203647Z-194d4424b93c,92ccb6abe203436aa45e8b53d3f9fde6,db2f1a56c8656a10,ETHUSDT,1h,SHORT_ONLY,test,,adverse,0,0,0,0,0.0,,,,,INSUFFICIENT_SAMPLE,combined,unavailable/unavailable,0.0,0.0,recent
donchian_atr,eth_short_regime_challenge_v1_donchian_atr,20261007T203647Z-194d4424b93c,946d16c82eef44b7a02127159454c4c4,ff43266d9f6c730a,ETHUSDT,1h,SHORT_ONLY,diagnostic_year_2023,,base,33,7,26,0,-709.2726908633531,-21.493111844344032,0.3355693772261435,21.21212121212121,-33.78507332609613,DESCRIPTIVE_SAMPLE,trend,bearish,100.0,,recent
donchian_atr,eth_short_regime_challenge_v1_donchian_atr,20261007T203647Z-194d4424b93c,946d16c82eef44b7a02127159454c4c4,ff43266d9f6c730a,ETHUSDT,1h,SHORT_ONLY,diagnostic_year_2023,,base,0,0,0,0,0.0,,,,,INSUFFICIENT_SAMPLE,trend,bullish,0.0,,recent
donchian_atr,eth_short_regime_challenge_v1_donchian_atr,20261007T203647Z-194d4424b93c,946d16c82eef44b7a02127159454c4c4,ff43266d9f6c730a,ETHUSDT,1h,SHORT_ONLY,diagnostic_year_2023,,base,0,0,0,0,0.0,,,,,INSUFFICIENT_SAMPLE,trend,mixed,0.0,,recent
donchian_atr,eth_short_regime_challenge_v1_donchian_atr,20261007T203647Z-194d4424b93c,946d16c82eef44b7a02127159454c4c4,ff43266d9f6c730a,ETHUSDT,1h,SHORT_ONLY,diagnostic_year_2023,,base,0,0,0,0,0.0,,,,,INSUFFICIENT_SAMPLE,trend,unavailable,0.0,,recent
donchian_atr,eth_short_regime_challenge_v1_donchian_atr,20261007T203647Z-194d4424b93c,946d16c82eef44b7a02127159454c4c4,ff43266d9f6c730a,ETHUSDT,1h,SHORT_ONLY,diagnostic_year_2023,,base,33,7,26,0,-709.2726908633531,-21.493111844344032,0.3355693772261435,21.21212121212121,-33.78507332609613,DESCRIPTIVE_SAMPLE,volatility,high,100.0,,recent
donchian_atr,eth_short_regime_challenge_v1_donchian_atr,20261007T203647Z-194d4424b93c,946d16c82eef44b7a02127159454c4c4,ff43266d9f6c730a,ETHUSDT,1h,SHORT_ONLY,diagnostic_year_2023,,base,0,0,0,0,0.0,,,,,INSUFFICIENT_SAMPLE,volatility,ordinary,0.0,,recent
donchian_atr,eth_short_regime_challenge_v1_donchian_atr,20261007T203647Z-194d4424b93c,946d16c82eef44b7a02127159454c4c4,ff43266d9f6c730a,ETHUSDT,1h,SHORT_ONLY,diagnostic_year_2023,,base,0,0,0,0,0.0,,,,,INSUFFICIENT_SAMPLE,volatility,unavailable,0.0,,recent
donchian_atr,eth_short_regime_challenge_v1_donchian_atr,20261007T203647Z-194d4424b93c,946d16c82eef44b7a02127159454c4c4,ff43266d9f6c730a,ETHUSDT,1h,SHORT_ONLY,diagnostic_year_2023,,base,33,7,26,0,-709.2726908633531,-21.493111844344032,0.3355693772261435,21.21212121212121,-33.78507332609613,DESCRIPTIVE_SAMPLE,combined,bearish/high,100.0,,recent
donchian_atr,eth_short_regime_challenge_v1_donchian_atr,20261007T203647Z-194d4424b93c,946d16c82eef44b7a02127159454c4c4,ff43266d9f6c730a,ETHUSDT,1h,SHORT_ONLY,diagnostic_year_2023,,base,0,0,0,0,0.0,,,,,INSUFFICIENT_SAMPLE,combined,bearish/ordinary,0.0,,recent
donchian_atr,eth_short_regime_challenge_v1_donchian_atr,20261007T203647Z-194d4424b93c,946d16c82eef44b7a02127159454c4c4,ff43266d9f6c730a,ETHUSDT,1h,SHORT_ONLY,diagnostic_year_2023,,base,0,0,0,0,0.0,,,,,INSUFFICIENT_SAMPLE,combined,bearish/unavailable,0.0,,recent
donchian_atr,eth_short_regime_challenge_v1_donchian_atr,20261007T203647Z-194d4424b93c,946d16c82eef44b7a02127159454c4c4,ff43266d9f6c730a,ETHUSDT,1h,SHORT_ONLY,diagnostic_year_2023,,base,0,0,0,0,0.0,,,,,INSUFFICIENT_SAMPLE,combined,bullish/high,0.0,,recent
donchian_atr,eth_short_regime_challenge_v1_donchian_atr,20261007T203647Z-194d4424b93c,946d16c82eef44b7a02127159454c4c4,ff43266d9f6c730a,ETHUSDT,1h,SHORT_ONLY,diagnostic_year_2023,,base,0,0,0,0,0.0,,,,,INSUFFICIENT_SAMPLE,combined,bullish/ordinary,0.0,,recent
donchian_atr,eth_short_regime_challenge_v1_donchian_atr,20261007T203647Z-194d4424b93c,946d16c82eef44b7a02127159454c4c4,ff43266d9f6c730a,ETHUSDT,1h,SHORT_ONLY,diagnostic_year_2023,,base,0,0,0,0,0.0,,,,,INSUFFICIENT_SAMPLE,combined,bullish/unavailable,0.0,,recent
donchian_atr,eth_short_regime_challenge_v1_donchian_atr,20261007T203647Z-194d4424b93c,946d16c82eef44b7a02127159454c4c4,ff43266d9f6c730a,ETHUSDT,1h,SHORT_ONLY,diagnostic_year_2023,,base,0,0,0,0,0.0,,,,,INSUFFICIENT_SAMPLE,combined,mixed/high,0.0,,recent
donchian_atr,eth_short_regime_challenge_v1_donchian_atr,20261007T203647Z-194d4424b93c,946d16c82eef44b7a02127159454c4c4,ff43266d9f6c730a,ETHUSDT,1h,SHORT_ONLY,diagnostic_year_2023,,base,0,0,0,0,0.0,,,,,INSUFFICIENT_SAMPLE,combined,mixed/ordinary,0.0,,recent
donchian_atr,eth_short_regime_challenge_v1_donchian_atr,20261007T203647Z-194d4424b93c,946d16c82eef44b7a02127159454c4c4,ff43266d9f6c730a,ETHUSDT,1h,SHORT_ONLY,diagnostic_year_2023,,base,0,0,0,0,0.0,,,,,INSUFFICIENT_SAMPLE,combined,mixed/unavailable,0.0,,recent
donchian_atr,eth_short_regime_challenge_v1_donchian_atr,20261007T203647Z-194d4424b93c,946d16c82eef44b7a02127159454c4c4,ff43266d9f6c730a,ETHUSDT,1h,SHORT_ONLY,diagnostic_year_2023,,base,0,0,0,0,0.0,,,,,INSUFFICIENT_SAMPLE,combined,unavailable/high,0.0,,recent
donchian_atr,eth_short_regime_challenge_v1_donchian_atr,20261007T203647Z-194d4424b93c,946d16c82eef44b7a02127159454c4c4,ff43266d9f6c730a,ETHUSDT,1h,SHORT_ONLY,diagnostic_year_2023,,base,0,0,0,0,0.0,,,,,INSUFFICIENT_SAMPLE,combined,unavailable/ordinary,0.0,,recent
donchian_atr,eth_short_regime_challenge_v1_donchian_atr,20261007T203647Z-194d4424b93c,946d16c82eef44b7a02127159454c4c4,ff43266d9f6c730a,ETHUSDT,1h,SHORT_ONLY,diagnostic_year_2023,,base,0,0,0,0,0.0,,,,,INSUFFICIENT_SAMPLE,combined,unavailable/unavailable,0.0,,recent
donchian_atr,eth_short_regime_challenge_v1_donchian_atr,20261007T203647Z-194d4424b93c,9c7fa1ce81fa4270bea9724bfe791569,ff43266d9f6c730a,ETHUSDT,1h,SHORT_ONLY,diagnostic_year_2023,,adverse,33,7,26,0,-809.5186529880885,-24.53086827236632,0.2919757384453408,21.21212121212121,-36.79441447720882,DESCRIPTIVE_SAMPLE,trend,bearish,100.0,,recent
donchian_atr,eth_short_regime_challenge_v1_donchian_atr,20261007T203647Z-194d4424b93c,9c7fa1ce81fa4270bea9724bfe791569,ff43266d9f6c730a,ETHUSDT,1h,SHORT_ONLY,diagnostic_year_2023,,adverse,0,0,0,0,0.0,,,,,INSUFFICIENT_SAMPLE,trend,bullish,0.0,,recent
donchian_atr,eth_short_regime_challenge_v1_donchian_atr,20261007T203647Z-194d4424b93c,9c7fa1ce81fa4270bea9724bfe791569,ff43266d9f6c730a,ETHUSDT,1h,SHORT_ONLY,diagnostic_year_2023,,adverse,0,0,0,0,0.0,,,,,INSUFFICIENT_SAMPLE,trend,mixed,0.0,,recent
donchian_atr,eth_short_regime_challenge_v1_donchian_atr,20261007T203647Z-194d4424b93c,9c7fa1ce81fa4270bea9724bfe791569,ff43266d9f6c730a,ETHUSDT,1h,SHORT_ONLY,diagnostic_year_2023,,adverse,0,0,0,0,0.0,,,,,INSUFFICIENT_SAMPLE,trend,unavailable,0.0,,recent
donchian_atr,eth_short_regime_challenge_v1_donchian_atr,20261007T203647Z-194d4424b93c,9c7fa1ce81fa4270bea9724bfe791569,ff43266d9f6c730a,ETHUSDT,1h,SHORT_ONLY,diagnostic_year_2023,,adverse,33,7,26,0,-809.5186529880885,-24.53086827236632,0.2919757384453408,21.21212121212121,-36.79441447720882,DESCRIPTIVE_SAMPLE,volatility,high,100.0,,recent
donchian_atr,eth_short_regime_challenge_v1_donchian_atr,20261007T203647Z-194d4424b93c,9c7fa1ce81fa4270bea9724bfe791569,ff43266d9f6c730a,ETHUSDT,1h,SHORT_ONLY,diagnostic_year_2023,,adverse,0,0,0,0,0.0,,,,,INSUFFICIENT_SAMPLE,volatility,ordinary,0.0,,recent
donchian_atr,eth_short_regime_challenge_v1_donchian_atr,20261007T203647Z-194d4424b93c,9c7fa1ce81fa4270bea9724bfe791569,ff43266d9f6c730a,ETHUSDT,1h,SHORT_ONLY,diagnostic_year_2023,,adverse,0,0,0,0,0.0,,,,,INSUFFICIENT_SAMPLE,volatility,unavailable,0.0,,recent
donchian_atr,eth_short_regime_challenge_v1_donchian_atr,20261007T203647Z-194d4424b93c,9c7fa1ce81fa4270bea9724bfe791569,ff43266d9f6c730a,ETHUSDT,1h,SHORT_ONLY,diagnostic_year_2023,,adverse,33,7,26,0,-809.5186529880885,-24.53086827236632,0.2919757384453408,21.21212121212121,-36.79441447720882,DESCRIPTIVE_SAMPLE,combined,bearish/high,100.0,,recent
donchian_atr,eth_short_regime_challenge_v1_donchian_atr,20261007T203647Z-194d4424b93c,9c7fa1ce81fa4270bea9724bfe791569,ff43266d9f6c730a,ETHUSDT,1h,SHORT_ONLY,diagnostic_year_2023,,adverse,0,0,0,0,0.0,,,,,INSUFFICIENT_SAMPLE,combined,bearish/ordinary,0.0,,recent
donchian_atr,eth_short_regime_challenge_v1_donchian_atr,20261007T203647Z-194d4424b93c,9c7fa1ce81fa4270bea9724bfe791569,ff43266d9f6c730a,ETHUSDT,1h,SHORT_ONLY,diagnostic_year_2023,,adverse,0,0,0,0,0.0,,,,,INSUFFICIENT_SAMPLE,combined,bearish/unavailable,0.0,,recent
donchian_atr,eth_short_regime_challenge_v1_donchian_atr,20261007T203647Z-194d4424b93c,9c7fa1ce81fa4270bea9724bfe791569,ff43266d9f6c730a,ETHUSDT,1h,SHORT_ONLY,diagnostic_year_2023,,adverse,0,0,0,0,0.0,,,,,INSUFFICIENT_SAMPLE,combined,bullish/high,0.0,,recent
donchian_atr,eth_short_regime_challenge_v1_donchian_atr,20261007T203647Z-194d4424b93c,9c7fa1ce81fa4270bea9724bfe791569,ff43266d9f6c730a,ETHUSDT,1h,SHORT_ONLY,diagnostic_year_2023,,adverse,0,0,0,0,0.0,,,,,INSUFFICIENT_SAMPLE,combined,bullish/ordinary,0.0,,recent
donchian_atr,eth_short_regime_challenge_v1_donchian_atr,20261007T203647Z-194d4424b93c,9c7fa1ce81fa4270bea9724bfe791569,ff43266d9f6c730a,ETHUSDT,1h,SHORT_ONLY,diagnostic_year_2023,,adverse,0,0,0,0,0.0,,,,,INSUFFICIENT_SAMPLE,combined,bullish/unavailable,0.0,,recent
donchian_atr,eth_short_regime_challenge_v1_donchian_atr,20261007T203647Z-194d4424b93c,9c7fa1ce81fa4270bea9724bfe791569,ff43266d9f6c730a,ETHUSDT,1h,SHORT_ONLY,diagnostic_year_2023,,adverse,0,0,0,0,0.0,,,,,INSUFFICIENT_SAMPLE,combined,mixed/high,0.0,,recent
donchian_atr,eth_short_regime_challenge_v1_donchian_atr,20261007T203647Z-194d4424b93c,9c7fa1ce81fa4270bea9724bfe791569,ff43266d9f6c730a,ETHUSDT,1h,SHORT_ONLY,diagnostic_year_2023,,adverse,0,0,0,0,0.0,,,,,INSUFFICIENT_SAMPLE,combined,mixed/ordinary,0.0,,recent
donchian_atr,eth_short_regime_challenge_v1_donchian_atr,20261007T203647Z-194d4424b93c,9c7fa1ce81fa4270bea9724bfe791569,ff43266d9f6c730a,ETHUSDT,1h,SHORT_ONLY,diagnostic_year_2023,,adverse,0,0,0,0,0.0,,,,,INSUFFICIENT_SAMPLE,combined,mixed/unavailable,0.0,,recent
donchian_atr,eth_short_regime_challenge_v1_donchian_atr,20261007T203647Z-194d4424b93c,9c7fa1ce81fa4270bea9724bfe791569,ff43266d9f6c730a,ETHUSDT,1h,SHORT_ONLY,diagnostic_year_2023,,adverse,0,0,0,0,0.0,,,,,INSUFFICIENT_SAMPLE,combined,unavailable/high,0.0,,recent
donchian_atr,eth_short_regime_challenge_v1_donchian_atr,20261007T203647Z-194d4424b93c,9c7fa1ce81fa4270bea9724bfe791569,ff43266d9f6c730a,ETHUSDT,1h,SHORT_ONLY,diagnostic_year_2023,,adverse,0,0,0,0,0.0,,,,,INSUFFICIENT_SAMPLE,combined,unavailable/ordinary,0.0,,recent
donchian_atr,eth_short_regime_challenge_v1_donchian_atr,20261007T203647Z-194d4424b93c,9c7fa1ce81fa4270bea9724bfe791569,ff43266d9f6c730a,ETHUSDT,1h,SHORT_ONLY,diagnostic_year_2023,,adverse,0,0,0,0,0.0,,,,,INSUFFICIENT_SAMPLE,combined,unavailable/unavailable,0.0,,recent
donchian_atr,eth_short_regime_challenge_v1_donchian_atr,20261007T203647Z-194d4424b93c,d0c4a346080848e19cff62348d7477e1,e0dd4c731d1d27f0,ETHUSDT,1h,SHORT_ONLY,diagnostic_year_2023,,base,31,7,24,0,-637.6422506601425,-20.5691048600046,0.3613511624768943,22.580645161290324,-34.04555411949144,DESCRIPTIVE_SAMPLE,trend,bearish,100.0,,recent
donchian_atr,eth_short_regime_challenge_v1_donchian_atr,20261007T203647Z-194d4424b93c,d0c4a346080848e19cff62348d7477e1,e0dd4c731d1d27f0,ETHUSDT,1h,SHORT_ONLY,diagnostic_year_2023,,base,0,0,0,0,0.0,,,,,INSUFFICIENT_SAMPLE,trend,bullish,0.0,,recent
donchian_atr,eth_short_regime_challenge_v1_donchian_atr,20261007T203647Z-194d4424b93c,d0c4a346080848e19cff62348d7477e1,e0dd4c731d1d27f0,ETHUSDT,1h,SHORT_ONLY,diagnostic_year_2023,,base,0,0,0,0,0.0,,,,,INSUFFICIENT_SAMPLE,trend,mixed,0.0,,recent
donchian_atr,eth_short_regime_challenge_v1_donchian_atr,20261007T203647Z-194d4424b93c,d0c4a346080848e19cff62348d7477e1,e0dd4c731d1d27f0,ETHUSDT,1h,SHORT_ONLY,diagnostic_year_2023,,base,0,0,0,0,0.0,,,,,INSUFFICIENT_SAMPLE,trend,unavailable,0.0,,recent
donchian_atr,eth_short_regime_challenge_v1_donchian_atr,20261007T203647Z-194d4424b93c,d0c4a346080848e19cff62348d7477e1,e0dd4c731d1d27f0,ETHUSDT,1h,SHORT_ONLY,diagnostic_year_2023,,base,31,7,24,0,-637.6422506601425,-20.5691048600046,0.3613511624768943,22.580645161290324,-34.04555411949144,DESCRIPTIVE_SAMPLE,volatility,high,100.0,,recent
donchian_atr,eth_short_regime_challenge_v1_donchian_atr,20261007T203647Z-194d4424b93c,d0c4a346080848e19cff62348d7477e1,e0dd4c731d1d27f0,ETHUSDT,1h,SHORT_ONLY,diagnostic_year_2023,,base,0,0,0,0,0.0,,,,,INSUFFICIENT_SAMPLE,volatility,ordinary,0.0,,recent
donchian_atr,eth_short_regime_challenge_v1_donchian_atr,20261007T203647Z-194d4424b93c,d0c4a346080848e19cff62348d7477e1,e0dd4c731d1d27f0,ETHUSDT,1h,SHORT_ONLY,diagnostic_year_2023,,base,0,0,0,0,0.0,,,,,INSUFFICIENT_SAMPLE,volatility,unavailable,0.0,,recent
donchian_atr,eth_short_regime_challenge_v1_donchian_atr,20261007T203647Z-194d4424b93c,d0c4a346080848e19cff62348d7477e1,e0dd4c731d1d27f0,ETHUSDT,1h,SHORT_ONLY,diagnostic_year_2023,,base,31,7,24,0,-637.6422506601425,-20.5691048600046,0.3613511624768943,22.580645161290324,-34.04555411949144,DESCRIPTIVE_SAMPLE,combined,bearish/high,100.0,,recent
donchian_atr,eth_short_regime_challenge_v1_donchian_atr,20261007T203647Z-194d4424b93c,d0c4a346080848e19cff62348d7477e1,e0dd4c731d1d27f0,ETHUSDT,1h,SHORT_ONLY,diagnostic_year_2023,,base,0,0,0,0,0.0,,,,,INSUFFICIENT_SAMPLE,combined,bearish/ordinary,0.0,,recent
donchian_atr,eth_short_regime_challenge_v1_donchian_atr,20261007T203647Z-194d4424b93c,d0c4a346080848e19cff62348d7477e1,e0dd4c731d1d27f0,ETHUSDT,1h,SHORT_ONLY,diagnostic_year_2023,,base,0,0,0,0,0.0,,,,,INSUFFICIENT_SAMPLE,combined,bearish/unavailable,0.0,,recent
donchian_atr,eth_short_regime_challenge_v1_donchian_atr,20261007T203647Z-194d4424b93c,d0c4a346080848e19cff62348d7477e1,e0dd4c731d1d27f0,ETHUSDT,1h,SHORT_ONLY,diagnostic_year_2023,,base,0,0,0,0,0.0,,,,,INSUFFICIENT_SAMPLE,combined,bullish/high,0.0,,recent
donchian_atr,eth_short_regime_challenge_v1_donchian_atr,20261007T203647Z-194d4424b93c,d0c4a346080848e19cff62348d7477e1,e0dd4c731d1d27f0,ETHUSDT,1h,SHORT_ONLY,diagnostic_year_2023,,base,0,0,0,0,0.0,,,,,INSUFFICIENT_SAMPLE,combined,bullish/ordinary,0.0,,recent
donchian_atr,eth_short_regime_challenge_v1_donchian_atr,20261007T203647Z-194d4424b93c,d0c4a346080848e19cff62348d7477e1,e0dd4c731d1d27f0,ETHUSDT,1h,SHORT_ONLY,diagnostic_year_2023,,base,0,0,0,0,0.0,,,,,INSUFFICIENT_SAMPLE,combined,bullish/unavailable,0.0,,recent
donchian_atr,eth_short_regime_challenge_v1_donchian_atr,20261007T203647Z-194d4424b93c,d0c4a346080848e19cff62348d7477e1,e0dd4c731d1d27f0,ETHUSDT,1h,SHORT_ONLY,diagnostic_year_2023,,base,0,0,0,0,0.0,,,,,INSUFFICIENT_SAMPLE,combined,mixed/high,0.0,,recent
donchian_atr,eth_short_regime_challenge_v1_donchian_atr,20261007T203647Z-194d4424b93c,d0c4a346080848e19cff62348d7477e1,e0dd4c731d1d27f0,ETHUSDT,1h,SHORT_ONLY,diagnostic_year_2023,,base,0,0,0,0,0.0,,,,,INSUFFICIENT_SAMPLE,combined,mixed/ordinary,0.0,,recent
donchian_atr,eth_short_regime_challenge_v1_donchian_atr,20261007T203647Z-194d4424b93c,d0c4a346080848e19cff62348d7477e1,e0dd4c731d1d27f0,ETHUSDT,1h,SHORT_ONLY,diagnostic_year_2023,,base,0,0,0,0,0.0,,,,,INSUFFICIENT_SAMPLE,combined,mixed/unavailable,0.0,,recent
donchian_atr,eth_short_regime_challenge_v1_donchian_atr,20261007T203647Z-194d4424b93c,d0c4a346080848e19cff62348d7477e1,e0dd4c731d1d27f0,ETHUSDT,1h,SHORT_ONLY,diagnostic_year_2023,,base,0,0,0,0,0.0,,,,,INSUFFICIENT_SAMPLE,combined,unavailable/high,0.0,,recent
donchian_atr,eth_short_regime_challenge_v1_donchian_atr,20261007T203647Z-194d4424b93c,d0c4a346080848e19cff62348d7477e1,e0dd4c731d1d27f0,ETHUSDT,1h,SHORT_ONLY,diagnostic_year_2023,,base,0,0,0,0,0.0,,,,,INSUFFICIENT_SAMPLE,combined,unavailable/ordinary,0.0,,recent
donchian_atr,eth_short_regime_challenge_v1_donchian_atr,20261007T203647Z-194d4424b93c,d0c4a346080848e19cff62348d7477e1,e0dd4c731d1d27f0,ETHUSDT,1h,SHORT_ONLY,diagnostic_year_2023,,base,0,0,0,0,0.0,,,,,INSUFFICIENT_SAMPLE,combined,unavailable/unavailable,0.0,,recent
donchian_atr,eth_short_regime_challenge_v1_donchian_atr,20261007T203647Z-194d4424b93c,f161b4cd17da437c9dac74dca88d555a,e0dd4c731d1d27f0,ETHUSDT,1h,SHORT_ONLY,diagnostic_year_2023,,adverse,31,7,24,0,-732.3435594401417,-23.623985788391668,0.3147793781649536,22.580645161290324,-37.10339331616902,DESCRIPTIVE_SAMPLE,trend,bearish,100.0,,recent
donchian_atr,eth_short_regime_challenge_v1_donchian_atr,20261007T203647Z-194d4424b93c,f161b4cd17da437c9dac74dca88d555a,e0dd4c731d1d27f0,ETHUSDT,1h,SHORT_ONLY,diagnostic_year_2023,,adverse,0,0,0,0,0.0,,,,,INSUFFICIENT_SAMPLE,trend,bullish,0.0,,recent
donchian_atr,eth_short_regime_challenge_v1_donchian_atr,20261007T203647Z-194d4424b93c,f161b4cd17da437c9dac74dca88d555a,e0dd4c731d1d27f0,ETHUSDT,1h,SHORT_ONLY,diagnostic_year_2023,,adverse,0,0,0,0,0.0,,,,,INSUFFICIENT_SAMPLE,trend,mixed,0.0,,recent
donchian_atr,eth_short_regime_challenge_v1_donchian_atr,20261007T203647Z-194d4424b93c,f161b4cd17da437c9dac74dca88d555a,e0dd4c731d1d27f0,ETHUSDT,1h,SHORT_ONLY,diagnostic_year_2023,,adverse,0,0,0,0,0.0,,,,,INSUFFICIENT_SAMPLE,trend,unavailable,0.0,,recent
donchian_atr,eth_short_regime_challenge_v1_donchian_atr,20261007T203647Z-194d4424b93c,f161b4cd17da437c9dac74dca88d555a,e0dd4c731d1d27f0,ETHUSDT,1h,SHORT_ONLY,diagnostic_year_2023,,adverse,31,7,24,0,-732.3435594401417,-23.623985788391668,0.3147793781649536,22.580645161290324,-37.10339331616902,DESCRIPTIVE_SAMPLE,volatility,high,100.0,,recent
donchian_atr,eth_short_regime_challenge_v1_donchian_atr,20261007T203647Z-194d4424b93c,f161b4cd17da437c9dac74dca88d555a,e0dd4c731d1d27f0,ETHUSDT,1h,SHORT_ONLY,diagnostic_year_2023,,adverse,0,0,0,0,0.0,,,,,INSUFFICIENT_SAMPLE,volatility,ordinary,0.0,,recent
donchian_atr,eth_short_regime_challenge_v1_donchian_atr,20261007T203647Z-194d4424b93c,f161b4cd17da437c9dac74dca88d555a,e0dd4c731d1d27f0,ETHUSDT,1h,SHORT_ONLY,diagnostic_year_2023,,adverse,0,0,0,0,0.0,,,,,INSUFFICIENT_SAMPLE,volatility,unavailable,0.0,,recent
donchian_atr,eth_short_regime_challenge_v1_donchian_atr,20261007T203647Z-194d4424b93c,f161b4cd17da437c9dac74dca88d555a,e0dd4c731d1d27f0,ETHUSDT,1h,SHORT_ONLY,diagnostic_year_2023,,adverse,31,7,24,0,-732.3435594401417,-23.623985788391668,0.3147793781649536,22.580645161290324,-37.10339331616902,DESCRIPTIVE_SAMPLE,combined,bearish/high,100.0,,recent
donchian_atr,eth_short_regime_challenge_v1_donchian_atr,20261007T203647Z-194d4424b93c,f161b4cd17da437c9dac74dca88d555a,e0dd4c731d1d27f0,ETHUSDT,1h,SHORT_ONLY,diagnostic_year_2023,,adverse,0,0,0,0,0.0,,,,,INSUFFICIENT_SAMPLE,combined,bearish/ordinary,0.0,,recent
donchian_atr,eth_short_regime_challenge_v1_donchian_atr,20261007T203647Z-194d4424b93c,f161b4cd17da437c9dac74dca88d555a,e0dd4c731d1d27f0,ETHUSDT,1h,SHORT_ONLY,diagnostic_year_2023,,adverse,0,0,0,0,0.0,,,,,INSUFFICIENT_SAMPLE,combined,bearish/unavailable,0.0,,recent
donchian_atr,eth_short_regime_challenge_v1_donchian_atr,20261007T203647Z-194d4424b93c,f161b4cd17da437c9dac74dca88d555a,e0dd4c731d1d27f0,ETHUSDT,1h,SHORT_ONLY,diagnostic_year_2023,,adverse,0,0,0,0,0.0,,,,,INSUFFICIENT_SAMPLE,combined,bullish/high,0.0,,recent
donchian_atr,eth_short_regime_challenge_v1_donchian_atr,20261007T203647Z-194d4424b93c,f161b4cd17da437c9dac74dca88d555a,e0dd4c731d1d27f0,ETHUSDT,1h,SHORT_ONLY,diagnostic_year_2023,,adverse,0,0,0,0,0.0,,,,,INSUFFICIENT_SAMPLE,combined,bullish/ordinary,0.0,,recent
donchian_atr,eth_short_regime_challenge_v1_donchian_atr,20261007T203647Z-194d4424b93c,f161b4cd17da437c9dac74dca88d555a,e0dd4c731d1d27f0,ETHUSDT,1h,SHORT_ONLY,diagnostic_year_2023,,adverse,0,0,0,0,0.0,,,,,INSUFFICIENT_SAMPLE,combined,bullish/unavailable,0.0,,recent
donchian_atr,eth_short_regime_challenge_v1_donchian_atr,20261007T203647Z-194d4424b93c,f161b4cd17da437c9dac74dca88d555a,e0dd4c731d1d27f0,ETHUSDT,1h,SHORT_ONLY,diagnostic_year_2023,,adverse,0,0,0,0,0.0,,,,,INSUFFICIENT_SAMPLE,combined,mixed/high,0.0,,recent
donchian_atr,eth_short_regime_challenge_v1_donchian_atr,20261007T203647Z-194d4424b93c,f161b4cd17da437c9dac74dca88d555a,e0dd4c731d1d27f0,ETHUSDT,1h,SHORT_ONLY,diagnostic_year_2023,,adverse,0,0,0,0,0.0,,,,,INSUFFICIENT_SAMPLE,combined,mixed/ordinary,0.0,,recent
donchian_atr,eth_short_regime_challenge_v1_donchian_atr,20261007T203647Z-194d4424b93c,f161b4cd17da437c9dac74dca88d555a,e0dd4c731d1d27f0,ETHUSDT,1h,SHORT_ONLY,diagnostic_year_2023,,adverse,0,0,0,0,0.0,,,,,INSUFFICIENT_SAMPLE,combined,mixed/unavailable,0.0,,recent
donchian_atr,eth_short_regime_challenge_v1_donchian_atr,20261007T203647Z-194d4424b93c,f161b4cd17da437c9dac74dca88d555a,e0dd4c731d1d27f0,ETHUSDT,1h,SHORT_ONLY,diagnostic_year_2023,,adverse,0,0,0,0,0.0,,,,,INSUFFICIENT_SAMPLE,combined,unavailable/high,0.0,,recent
donchian_atr,eth_short_regime_challenge_v1_donchian_atr,20261007T203647Z-194d4424b93c,f161b4cd17da437c9dac74dca88d555a,e0dd4c731d1d27f0,ETHUSDT,1h,SHORT_ONLY,diagnostic_year_2023,,adverse,0,0,0,0,0.0,,,,,INSUFFICIENT_SAMPLE,combined,unavailable/ordinary,0.0,,recent
donchian_atr,eth_short_regime_challenge_v1_donchian_atr,20261007T203647Z-194d4424b93c,f161b4cd17da437c9dac74dca88d555a,e0dd4c731d1d27f0,ETHUSDT,1h,SHORT_ONLY,diagnostic_year_2023,,adverse,0,0,0,0,0.0,,,,,INSUFFICIENT_SAMPLE,combined,unavailable/unavailable,0.0,,recent
donchian_atr,eth_short_regime_challenge_v1_donchian_atr,20261007T203647Z-194d4424b93c,8dd2d5f360144ceea988ae35e5efde9b,827790540ac7604f,ETHUSDT,1h,SHORT_ONLY,diagnostic_year_2023,,base,29,6,23,0,-637.538405934654,-21.98408296326393,0.311957046449505,20.689655172413797,-34.04555411949144,DESCRIPTIVE_SAMPLE,trend,bearish,100.0,,recent
donchian_atr,eth_short_regime_challenge_v1_donchian_atr,20261007T203647Z-194d4424b93c,8dd2d5f360144ceea988ae35e5efde9b,827790540ac7604f,ETHUSDT,1h,SHORT_ONLY,diagnostic_year_2023,,base,0,0,0,0,0.0,,,,,INSUFFICIENT_SAMPLE,trend,bullish,0.0,,recent
donchian_atr,eth_short_regime_challenge_v1_donchian_atr,20261007T203647Z-194d4424b93c,8dd2d5f360144ceea988ae35e5efde9b,827790540ac7604f,ETHUSDT,1h,SHORT_ONLY,diagnostic_year_2023,,base,0,0,0,0,0.0,,,,,INSUFFICIENT_SAMPLE,trend,mixed,0.0,,recent
donchian_atr,eth_short_regime_challenge_v1_donchian_atr,20261007T203647Z-194d4424b93c,8dd2d5f360144ceea988ae35e5efde9b,827790540ac7604f,ETHUSDT,1h,SHORT_ONLY,diagnostic_year_2023,,base,0,0,0,0,0.0,,,,,INSUFFICIENT_SAMPLE,trend,unavailable,0.0,,recent
donchian_atr,eth_short_regime_challenge_v1_donchian_atr,20261007T203647Z-194d4424b93c,8dd2d5f360144ceea988ae35e5efde9b,827790540ac7604f,ETHUSDT,1h,SHORT_ONLY,diagnostic_year_2023,,base,29,6,23,0,-637.538405934654,-21.98408296326393,0.311957046449505,20.689655172413797,-34.04555411949144,DESCRIPTIVE_SAMPLE,volatility,high,100.0,,recent
donchian_atr,eth_short_regime_challenge_v1_donchian_atr,20261007T203647Z-194d4424b93c,8dd2d5f360144ceea988ae35e5efde9b,827790540ac7604f,ETHUSDT,1h,SHORT_ONLY,diagnostic_year_2023,,base,0,0,0,0,0.0,,,,,INSUFFICIENT_SAMPLE,volatility,ordinary,0.0,,recent
donchian_atr,eth_short_regime_challenge_v1_donchian_atr,20261007T203647Z-194d4424b93c,8dd2d5f360144ceea988ae35e5efde9b,827790540ac7604f,ETHUSDT,1h,SHORT_ONLY,diagnostic_year_2023,,base,0,0,0,0,0.0,,,,,INSUFFICIENT_SAMPLE,volatility,unavailable,0.0,,recent
donchian_atr,eth_short_regime_challenge_v1_donchian_atr,20261007T203647Z-194d4424b93c,8dd2d5f360144ceea988ae35e5efde9b,827790540ac7604f,ETHUSDT,1h,SHORT_ONLY,diagnostic_year_2023,,base,29,6,23,0,-637.538405934654,-21.98408296326393,0.311957046449505,20.689655172413797,-34.04555411949144,DESCRIPTIVE_SAMPLE,combined,bearish/high,100.0,,recent
donchian_atr,eth_short_regime_challenge_v1_donchian_atr,20261007T203647Z-194d4424b93c,8dd2d5f360144ceea988ae35e5efde9b,827790540ac7604f,ETHUSDT,1h,SHORT_ONLY,diagnostic_year_2023,,base,0,0,0,0,0.0,,,,,INSUFFICIENT_SAMPLE,combined,bearish/ordinary,0.0,,recent
donchian_atr,eth_short_regime_challenge_v1_donchian_atr,20261007T203647Z-194d4424b93c,8dd2d5f360144ceea988ae35e5efde9b,827790540ac7604f,ETHUSDT,1h,SHORT_ONLY,diagnostic_year_2023,,base,0,0,0,0,0.0,,,,,INSUFFICIENT_SAMPLE,combined,bearish/unavailable,0.0,,recent
donchian_atr,eth_short_regime_challenge_v1_donchian_atr,20261007T203647Z-194d4424b93c,8dd2d5f360144ceea988ae35e5efde9b,827790540ac7604f,ETHUSDT,1h,SHORT_ONLY,diagnostic_year_2023,,base,0,0,0,0,0.0,,,,,INSUFFICIENT_SAMPLE,combined,bullish/high,0.0,,recent
donchian_atr,eth_short_regime_challenge_v1_donchian_atr,20261007T203647Z-194d4424b93c,8dd2d5f360144ceea988ae35e5efde9b,827790540ac7604f,ETHUSDT,1h,SHORT_ONLY,diagnostic_year_2023,,base,0,0,0,0,0.0,,,,,INSUFFICIENT_SAMPLE,combined,bullish/ordinary,0.0,,recent
donchian_atr,eth_short_regime_challenge_v1_donchian_atr,20261007T203647Z-194d4424b93c,8dd2d5f360144ceea988ae35e5efde9b,827790540ac7604f,ETHUSDT,1h,SHORT_ONLY,diagnostic_year_2023,,base,0,0,0,0,0.0,,,,,INSUFFICIENT_SAMPLE,combined,bullish/unavailable,0.0,,recent
donchian_atr,eth_short_regime_challenge_v1_donchian_atr,20261007T203647Z-194d4424b93c,8dd2d5f360144ceea988ae35e5efde9b,827790540ac7604f,ETHUSDT,1h,SHORT_ONLY,diagnostic_year_2023,,base,0,0,0,0,0.0,,,,,INSUFFICIENT_SAMPLE,combined,mixed/high,0.0,,recent
donchian_atr,eth_short_regime_challenge_v1_donchian_atr,20261007T203647Z-194d4424b93c,8dd2d5f360144ceea988ae35e5efde9b,827790540ac7604f,ETHUSDT,1h,SHORT_ONLY,diagnostic_year_2023,,base,0,0,0,0,0.0,,,,,INSUFFICIENT_SAMPLE,combined,mixed/ordinary,0.0,,recent
donchian_atr,eth_short_regime_challenge_v1_donchian_atr,20261007T203647Z-194d4424b93c,8dd2d5f360144ceea988ae35e5efde9b,827790540ac7604f,ETHUSDT,1h,SHORT_ONLY,diagnostic_year_2023,,base,0,0,0,0,0.0,,,,,INSUFFICIENT_SAMPLE,combined,mixed/unavailable,0.0,,recent
donchian_atr,eth_short_regime_challenge_v1_donchian_atr,20261007T203647Z-194d4424b93c,8dd2d5f360144ceea988ae35e5efde9b,827790540ac7604f,ETHUSDT,1h,SHORT_ONLY,diagnostic_year_2023,,base,0,0,0,0,0.0,,,,,INSUFFICIENT_SAMPLE,combined,unavailable/high,0.0,,recent
donchian_atr,eth_short_regime_challenge_v1_donchian_atr,20261007T203647Z-194d4424b93c,8dd2d5f360144ceea988ae35e5efde9b,827790540ac7604f,ETHUSDT,1h,SHORT_ONLY,diagnostic_year_2023,,base,0,0,0,0,0.0,,,,,INSUFFICIENT_SAMPLE,combined,unavailable/ordinary,0.0,,recent
donchian_atr,eth_short_regime_challenge_v1_donchian_atr,20261007T203647Z-194d4424b93c,8dd2d5f360144ceea988ae35e5efde9b,827790540ac7604f,ETHUSDT,1h,SHORT_ONLY,diagnostic_year_2023,,base,0,0,0,0,0.0,,,,,INSUFFICIENT_SAMPLE,combined,unavailable/unavailable,0.0,,recent
donchian_atr,eth_short_regime_challenge_v1_donchian_atr,20261007T203647Z-194d4424b93c,a217dacd32e54b0eb6d555c7cc612073,827790540ac7604f,ETHUSDT,1h,SHORT_ONLY,diagnostic_year_2023,,adverse,29,6,23,0,-725.9927116193289,-25.034231435149277,0.269943861150807,20.689655172413797,-37.10339331616902,DESCRIPTIVE_SAMPLE,trend,bearish,100.0,,recent
donchian_atr,eth_short_regime_challenge_v1_donchian_atr,20261007T203647Z-194d4424b93c,a217dacd32e54b0eb6d555c7cc612073,827790540ac7604f,ETHUSDT,1h,SHORT_ONLY,diagnostic_year_2023,,adverse,0,0,0,0,0.0,,,,,INSUFFICIENT_SAMPLE,trend,bullish,0.0,,recent
donchian_atr,eth_short_regime_challenge_v1_donchian_atr,20261007T203647Z-194d4424b93c,a217dacd32e54b0eb6d555c7cc612073,827790540ac7604f,ETHUSDT,1h,SHORT_ONLY,diagnostic_year_2023,,adverse,0,0,0,0,0.0,,,,,INSUFFICIENT_SAMPLE,trend,mixed,0.0,,recent
donchian_atr,eth_short_regime_challenge_v1_donchian_atr,20261007T203647Z-194d4424b93c,a217dacd32e54b0eb6d555c7cc612073,827790540ac7604f,ETHUSDT,1h,SHORT_ONLY,diagnostic_year_2023,,adverse,0,0,0,0,0.0,,,,,INSUFFICIENT_SAMPLE,trend,unavailable,0.0,,recent
donchian_atr,eth_short_regime_challenge_v1_donchian_atr,20261007T203647Z-194d4424b93c,a217dacd32e54b0eb6d555c7cc612073,827790540ac7604f,ETHUSDT,1h,SHORT_ONLY,diagnostic_year_2023,,adverse,29,6,23,0,-725.9927116193289,-25.034231435149277,0.269943861150807,20.689655172413797,-37.10339331616902,DESCRIPTIVE_SAMPLE,volatility,high,100.0,,recent
donchian_atr,eth_short_regime_challenge_v1_donchian_atr,20261007T203647Z-194d4424b93c,a217dacd32e54b0eb6d555c7cc612073,827790540ac7604f,ETHUSDT,1h,SHORT_ONLY,diagnostic_year_2023,,adverse,0,0,0,0,0.0,,,,,INSUFFICIENT_SAMPLE,volatility,ordinary,0.0,,recent
donchian_atr,eth_short_regime_challenge_v1_donchian_atr,20261007T203647Z-194d4424b93c,a217dacd32e54b0eb6d555c7cc612073,827790540ac7604f,ETHUSDT,1h,SHORT_ONLY,diagnostic_year_2023,,adverse,0,0,0,0,0.0,,,,,INSUFFICIENT_SAMPLE,volatility,unavailable,0.0,,recent
donchian_atr,eth_short_regime_challenge_v1_donchian_atr,20261007T203647Z-194d4424b93c,a217dacd32e54b0eb6d555c7cc612073,827790540ac7604f,ETHUSDT,1h,SHORT_ONLY,diagnostic_year_2023,,adverse,29,6,23,0,-725.9927116193289,-25.034231435149277,0.269943861150807,20.689655172413797,-37.10339331616902,DESCRIPTIVE_SAMPLE,combined,bearish/high,100.0,,recent
donchian_atr,eth_short_regime_challenge_v1_donchian_atr,20261007T203647Z-194d4424b93c,a217dacd32e54b0eb6d555c7cc612073,827790540ac7604f,ETHUSDT,1h,SHORT_ONLY,diagnostic_year_2023,,adverse,0,0,0,0,0.0,,,,,INSUFFICIENT_SAMPLE,combined,bearish/ordinary,0.0,,recent
donchian_atr,eth_short_regime_challenge_v1_donchian_atr,20261007T203647Z-194d4424b93c,a217dacd32e54b0eb6d555c7cc612073,827790540ac7604f,ETHUSDT,1h,SHORT_ONLY,diagnostic_year_2023,,adverse,0,0,0,0,0.0,,,,,INSUFFICIENT_SAMPLE,combined,bearish/unavailable,0.0,,recent
donchian_atr,eth_short_regime_challenge_v1_donchian_atr,20261007T203647Z-194d4424b93c,a217dacd32e54b0eb6d555c7cc612073,827790540ac7604f,ETHUSDT,1h,SHORT_ONLY,diagnostic_year_2023,,adverse,0,0,0,0,0.0,,,,,INSUFFICIENT_SAMPLE,combined,bullish/high,0.0,,recent
donchian_atr,eth_short_regime_challenge_v1_donchian_atr,20261007T203647Z-194d4424b93c,a217dacd32e54b0eb6d555c7cc612073,827790540ac7604f,ETHUSDT,1h,SHORT_ONLY,diagnostic_year_2023,,adverse,0,0,0,0,0.0,,,,,INSUFFICIENT_SAMPLE,combined,bullish/ordinary,0.0,,recent
donchian_atr,eth_short_regime_challenge_v1_donchian_atr,20261007T203647Z-194d4424b93c,a217dacd32e54b0eb6d555c7cc612073,827790540ac7604f,ETHUSDT,1h,SHORT_ONLY,diagnostic_year_2023,,adverse,0,0,0,0,0.0,,,,,INSUFFICIENT_SAMPLE,combined,bullish/unavailable,0.0,,recent
donchian_atr,eth_short_regime_challenge_v1_donchian_atr,20261007T203647Z-194d4424b93c,a217dacd32e54b0eb6d555c7cc612073,827790540ac7604f,ETHUSDT,1h,SHORT_ONLY,diagnostic_year_2023,,adverse,0,0,0,0,0.0,,,,,INSUFFICIENT_SAMPLE,combined,mixed/high,0.0,,recent
donchian_atr,eth_short_regime_challenge_v1_donchian_atr,20261007T203647Z-194d4424b93c,a217dacd32e54b0eb6d555c7cc612073,827790540ac7604f,ETHUSDT,1h,SHORT_ONLY,diagnostic_year_2023,,adverse,0,0,0,0,0.0,,,,,INSUFFICIENT_SAMPLE,combined,mixed/ordinary,0.0,,recent
donchian_atr,eth_short_regime_challenge_v1_donchian_atr,20261007T203647Z-194d4424b93c,a217dacd32e54b0eb6d555c7cc612073,827790540ac7604f,ETHUSDT,1h,SHORT_ONLY,diagnostic_year_2023,,adverse,0,0,0,0,0.0,,,,,INSUFFICIENT_SAMPLE,combined,mixed/unavailable,0.0,,recent
donchian_atr,eth_short_regime_challenge_v1_donchian_atr,20261007T203647Z-194d4424b93c,a217dacd32e54b0eb6d555c7cc612073,827790540ac7604f,ETHUSDT,1h,SHORT_ONLY,diagnostic_year_2023,,adverse,0,0,0,0,0.0,,,,,INSUFFICIENT_SAMPLE,combined,unavailable/high,0.0,,recent
donchian_atr,eth_short_regime_challenge_v1_donchian_atr,20261007T203647Z-194d4424b93c,a217dacd32e54b0eb6d555c7cc612073,827790540ac7604f,ETHUSDT,1h,SHORT_ONLY,diagnostic_year_2023,,adverse,0,0,0,0,0.0,,,,,INSUFFICIENT_SAMPLE,combined,unavailable/ordinary,0.0,,recent
donchian_atr,eth_short_regime_challenge_v1_donchian_atr,20261007T203647Z-194d4424b93c,a217dacd32e54b0eb6d555c7cc612073,827790540ac7604f,ETHUSDT,1h,SHORT_ONLY,diagnostic_year_2023,,adverse,0,0,0,0,0.0,,,,,INSUFFICIENT_SAMPLE,combined,unavailable/unavailable,0.0,,recent
donchian_atr,eth_short_regime_challenge_v1_donchian_atr,20261007T203647Z-194d4424b93c,b731f0f30d754845b8abe858d82dd2d3,6719be4e317770b6,ETHUSDT,1h,SHORT_ONLY,diagnostic_year_2023,,base,27,6,21,0,-601.1683524737593,-22.26549453606516,0.334447913820641,22.22222222222222,-34.67459753417308,DESCRIPTIVE_SAMPLE,trend,bearish,100.0,,recent
donchian_atr,eth_short_regime_challenge_v1_donchian_atr,20261007T203647Z-194d4424b93c,b731f0f30d754845b8abe858d82dd2d3,6719be4e317770b6,ETHUSDT,1h,SHORT_ONLY,diagnostic_year_2023,,base,0,0,0,0,0.0,,,,,INSUFFICIENT_SAMPLE,trend,bullish,0.0,,recent
donchian_atr,eth_short_regime_challenge_v1_donchian_atr,20261007T203647Z-194d4424b93c,b731f0f30d754845b8abe858d82dd2d3,6719be4e317770b6,ETHUSDT,1h,SHORT_ONLY,diagnostic_year_2023,,base,0,0,0,0,0.0,,,,,INSUFFICIENT_SAMPLE,trend,mixed,0.0,,recent
donchian_atr,eth_short_regime_challenge_v1_donchian_atr,20261007T203647Z-194d4424b93c,b731f0f30d754845b8abe858d82dd2d3,6719be4e317770b6,ETHUSDT,1h,SHORT_ONLY,diagnostic_year_2023,,base,0,0,0,0,0.0,,,,,INSUFFICIENT_SAMPLE,trend,unavailable,0.0,,recent
donchian_atr,eth_short_regime_challenge_v1_donchian_atr,20261007T203647Z-194d4424b93c,b731f0f30d754845b8abe858d82dd2d3,6719be4e317770b6,ETHUSDT,1h,SHORT_ONLY,diagnostic_year_2023,,base,27,6,21,0,-601.1683524737593,-22.26549453606516,0.334447913820641,22.22222222222222,-34.67459753417308,DESCRIPTIVE_SAMPLE,volatility,high,100.0,,recent
donchian_atr,eth_short_regime_challenge_v1_donchian_atr,20261007T203647Z-194d4424b93c,b731f0f30d754845b8abe858d82dd2d3,6719be4e317770b6,ETHUSDT,1h,SHORT_ONLY,diagnostic_year_2023,,base,0,0,0,0,0.0,,,,,INSUFFICIENT_SAMPLE,volatility,ordinary,0.0,,recent
donchian_atr,eth_short_regime_challenge_v1_donchian_atr,20261007T203647Z-194d4424b93c,b731f0f30d754845b8abe858d82dd2d3,6719be4e317770b6,ETHUSDT,1h,SHORT_ONLY,diagnostic_year_2023,,base,0,0,0,0,0.0,,,,,INSUFFICIENT_SAMPLE,volatility,unavailable,0.0,,recent
donchian_atr,eth_short_regime_challenge_v1_donchian_atr,20261007T203647Z-194d4424b93c,b731f0f30d754845b8abe858d82dd2d3,6719be4e317770b6,ETHUSDT,1h,SHORT_ONLY,diagnostic_year_2023,,base,27,6,21,0,-601.1683524737593,-22.26549453606516,0.334447913820641,22.22222222222222,-34.67459753417308,DESCRIPTIVE_SAMPLE,combined,bearish/high,100.0,,recent
donchian_atr,eth_short_regime_challenge_v1_donchian_atr,20261007T203647Z-194d4424b93c,b731f0f30d754845b8abe858d82dd2d3,6719be4e317770b6,ETHUSDT,1h,SHORT_ONLY,diagnostic_year_2023,,base,0,0,0,0,0.0,,,,,INSUFFICIENT_SAMPLE,combined,bearish/ordinary,0.0,,recent
donchian_atr,eth_short_regime_challenge_v1_donchian_atr,20261007T203647Z-194d4424b93c,b731f0f30d754845b8abe858d82dd2d3,6719be4e317770b6,ETHUSDT,1h,SHORT_ONLY,diagnostic_year_2023,,base,0,0,0,0,0.0,,,,,INSUFFICIENT_SAMPLE,combined,bearish/unavailable,0.0,,recent
donchian_atr,eth_short_regime_challenge_v1_donchian_atr,20261007T203647Z-194d4424b93c,b731f0f30d754845b8abe858d82dd2d3,6719be4e317770b6,ETHUSDT,1h,SHORT_ONLY,diagnostic_year_2023,,base,0,0,0,0,0.0,,,,,INSUFFICIENT_SAMPLE,combined,bullish/high,0.0,,recent
donchian_atr,eth_short_regime_challenge_v1_donchian_atr,20261007T203647Z-194d4424b93c,b731f0f30d754845b8abe858d82dd2d3,6719be4e317770b6,ETHUSDT,1h,SHORT_ONLY,diagnostic_year_2023,,base,0,0,0,0,0.0,,,,,INSUFFICIENT_SAMPLE,combined,bullish/ordinary,0.0,,recent
donchian_atr,eth_short_regime_challenge_v1_donchian_atr,20261007T203647Z-194d4424b93c,b731f0f30d754845b8abe858d82dd2d3,6719be4e317770b6,ETHUSDT,1h,SHORT_ONLY,diagnostic_year_2023,,base,0,0,0,0,0.0,,,,,INSUFFICIENT_SAMPLE,combined,bullish/unavailable,0.0,,recent
donchian_atr,eth_short_regime_challenge_v1_donchian_atr,20261007T203647Z-194d4424b93c,b731f0f30d754845b8abe858d82dd2d3,6719be4e317770b6,ETHUSDT,1h,SHORT_ONLY,diagnostic_year_2023,,base,0,0,0,0,0.0,,,,,INSUFFICIENT_SAMPLE,combined,mixed/high,0.0,,recent
donchian_atr,eth_short_regime_challenge_v1_donchian_atr,20261007T203647Z-194d4424b93c,b731f0f30d754845b8abe858d82dd2d3,6719be4e317770b6,ETHUSDT,1h,SHORT_ONLY,diagnostic_year_2023,,base,0,0,0,0,0.0,,,,,INSUFFICIENT_SAMPLE,combined,mixed/ordinary,0.0,,recent
donchian_atr,eth_short_regime_challenge_v1_donchian_atr,20261007T203647Z-194d4424b93c,b731f0f30d754845b8abe858d82dd2d3,6719be4e317770b6,ETHUSDT,1h,SHORT_ONLY,diagnostic_year_2023,,base,0,0,0,0,0.0,,,,,INSUFFICIENT_SAMPLE,combined,mixed/unavailable,0.0,,recent
donchian_atr,eth_short_regime_challenge_v1_donchian_atr,20261007T203647Z-194d4424b93c,b731f0f30d754845b8abe858d82dd2d3,6719be4e317770b6,ETHUSDT,1h,SHORT_ONLY,diagnostic_year_2023,,base,0,0,0,0,0.0,,,,,INSUFFICIENT_SAMPLE,combined,unavailable/high,0.0,,recent
donchian_atr,eth_short_regime_challenge_v1_donchian_atr,20261007T203647Z-194d4424b93c,b731f0f30d754845b8abe858d82dd2d3,6719be4e317770b6,ETHUSDT,1h,SHORT_ONLY,diagnostic_year_2023,,base,0,0,0,0,0.0,,,,,INSUFFICIENT_SAMPLE,combined,unavailable/ordinary,0.0,,recent
donchian_atr,eth_short_regime_challenge_v1_donchian_atr,20261007T203647Z-194d4424b93c,b731f0f30d754845b8abe858d82dd2d3,6719be4e317770b6,ETHUSDT,1h,SHORT_ONLY,diagnostic_year_2023,,base,0,0,0,0,0.0,,,,,INSUFFICIENT_SAMPLE,combined,unavailable/unavailable,0.0,,recent
donchian_atr,eth_short_regime_challenge_v1_donchian_atr,20261007T203647Z-194d4424b93c,464a0801913a4d58a4bd3807be367099,6719be4e317770b6,ETHUSDT,1h,SHORT_ONLY,diagnostic_year_2023,,adverse,27,6,21,0,-683.6529060400069,-25.32047800148173,0.2915974548532967,22.22222222222222,-37.87995652850381,DESCRIPTIVE_SAMPLE,trend,bearish,100.0,,recent
donchian_atr,eth_short_regime_challenge_v1_donchian_atr,20261007T203647Z-194d4424b93c,464a0801913a4d58a4bd3807be367099,6719be4e317770b6,ETHUSDT,1h,SHORT_ONLY,diagnostic_year_2023,,adverse,0,0,0,0,0.0,,,,,INSUFFICIENT_SAMPLE,trend,bullish,0.0,,recent
donchian_atr,eth_short_regime_challenge_v1_donchian_atr,20261007T203647Z-194d4424b93c,464a0801913a4d58a4bd3807be367099,6719be4e317770b6,ETHUSDT,1h,SHORT_ONLY,diagnostic_year_2023,,adverse,0,0,0,0,0.0,,,,,INSUFFICIENT_SAMPLE,trend,mixed,0.0,,recent
donchian_atr,eth_short_regime_challenge_v1_donchian_atr,20261007T203647Z-194d4424b93c,464a0801913a4d58a4bd3807be367099,6719be4e317770b6,ETHUSDT,1h,SHORT_ONLY,diagnostic_year_2023,,adverse,0,0,0,0,0.0,,,,,INSUFFICIENT_SAMPLE,trend,unavailable,0.0,,recent
donchian_atr,eth_short_regime_challenge_v1_donchian_atr,20261007T203647Z-194d4424b93c,464a0801913a4d58a4bd3807be367099,6719be4e317770b6,ETHUSDT,1h,SHORT_ONLY,diagnostic_year_2023,,adverse,27,6,21,0,-683.6529060400069,-25.32047800148173,0.2915974548532967,22.22222222222222,-37.87995652850381,DESCRIPTIVE_SAMPLE,volatility,high,100.0,,recent
donchian_atr,eth_short_regime_challenge_v1_donchian_atr,20261007T203647Z-194d4424b93c,464a0801913a4d58a4bd3807be367099,6719be4e317770b6,ETHUSDT,1h,SHORT_ONLY,diagnostic_year_2023,,adverse,0,0,0,0,0.0,,,,,INSUFFICIENT_SAMPLE,volatility,ordinary,0.0,,recent
donchian_atr,eth_short_regime_challenge_v1_donchian_atr,20261007T203647Z-194d4424b93c,464a0801913a4d58a4bd3807be367099,6719be4e317770b6,ETHUSDT,1h,SHORT_ONLY,diagnostic_year_2023,,adverse,0,0,0,0,0.0,,,,,INSUFFICIENT_SAMPLE,volatility,unavailable,0.0,,recent
donchian_atr,eth_short_regime_challenge_v1_donchian_atr,20261007T203647Z-194d4424b93c,464a0801913a4d58a4bd3807be367099,6719be4e317770b6,ETHUSDT,1h,SHORT_ONLY,diagnostic_year_2023,,adverse,27,6,21,0,-683.6529060400069,-25.32047800148173,0.2915974548532967,22.22222222222222,-37.87995652850381,DESCRIPTIVE_SAMPLE,combined,bearish/high,100.0,,recent
donchian_atr,eth_short_regime_challenge_v1_donchian_atr,20261007T203647Z-194d4424b93c,464a0801913a4d58a4bd3807be367099,6719be4e317770b6,ETHUSDT,1h,SHORT_ONLY,diagnostic_year_2023,,adverse,0,0,0,0,0.0,,,,,INSUFFICIENT_SAMPLE,combined,bearish/ordinary,0.0,,recent
donchian_atr,eth_short_regime_challenge_v1_donchian_atr,20261007T203647Z-194d4424b93c,464a0801913a4d58a4bd3807be367099,6719be4e317770b6,ETHUSDT,1h,SHORT_ONLY,diagnostic_year_2023,,adverse,0,0,0,0,0.0,,,,,INSUFFICIENT_SAMPLE,combined,bearish/unavailable,0.0,,recent
donchian_atr,eth_short_regime_challenge_v1_donchian_atr,20261007T203647Z-194d4424b93c,464a0801913a4d58a4bd3807be367099,6719be4e317770b6,ETHUSDT,1h,SHORT_ONLY,diagnostic_year_2023,,adverse,0,0,0,0,0.0,,,,,INSUFFICIENT_SAMPLE,combined,bullish/high,0.0,,recent
donchian_atr,eth_short_regime_challenge_v1_donchian_atr,20261007T203647Z-194d4424b93c,464a0801913a4d58a4bd3807be367099,6719be4e317770b6,ETHUSDT,1h,SHORT_ONLY,diagnostic_year_2023,,adverse,0,0,0,0,0.0,,,,,INSUFFICIENT_SAMPLE,combined,bullish/ordinary,0.0,,recent
donchian_atr,eth_short_regime_challenge_v1_donchian_atr,20261007T203647Z-194d4424b93c,464a0801913a4d58a4bd3807be367099,6719be4e317770b6,ETHUSDT,1h,SHORT_ONLY,diagnostic_year_2023,,adverse,0,0,0,0,0.0,,,,,INSUFFICIENT_SAMPLE,combined,bullish/unavailable,0.0,,recent
donchian_atr,eth_short_regime_challenge_v1_donchian_atr,20261007T203647Z-194d4424b93c,464a0801913a4d58a4bd3807be367099,6719be4e317770b6,ETHUSDT,1h,SHORT_ONLY,diagnostic_year_2023,,adverse,0,0,0,0,0.0,,,,,INSUFFICIENT_SAMPLE,combined,mixed/high,0.0,,recent
donchian_atr,eth_short_regime_challenge_v1_donchian_atr,20261007T203647Z-194d4424b93c,464a0801913a4d58a4bd3807be367099,6719be4e317770b6,ETHUSDT,1h,SHORT_ONLY,diagnostic_year_2023,,adverse,0,0,0,0,0.0,,,,,INSUFFICIENT_SAMPLE,combined,mixed/ordinary,0.0,,recent
donchian_atr,eth_short_regime_challenge_v1_donchian_atr,20261007T203647Z-194d4424b93c,464a0801913a4d58a4bd3807be367099,6719be4e317770b6,ETHUSDT,1h,SHORT_ONLY,diagnostic_year_2023,,adverse,0,0,0,0,0.0,,,,,INSUFFICIENT_SAMPLE,combined,mixed/unavailable,0.0,,recent
donchian_atr,eth_short_regime_challenge_v1_donchian_atr,20261007T203647Z-194d4424b93c,464a0801913a4d58a4bd3807be367099,6719be4e317770b6,ETHUSDT,1h,SHORT_ONLY,diagnostic_year_2023,,adverse,0,0,0,0,0.0,,,,,INSUFFICIENT_SAMPLE,combined,unavailable/high,0.0,,recent
donchian_atr,eth_short_regime_challenge_v1_donchian_atr,20261007T203647Z-194d4424b93c,464a0801913a4d58a4bd3807be367099,6719be4e317770b6,ETHUSDT,1h,SHORT_ONLY,diagnostic_year_2023,,adverse,0,0,0,0,0.0,,,,,INSUFFICIENT_SAMPLE,combined,unavailable/ordinary,0.0,,recent
donchian_atr,eth_short_regime_challenge_v1_donchian_atr,20261007T203647Z-194d4424b93c,464a0801913a4d58a4bd3807be367099,6719be4e317770b6,ETHUSDT,1h,SHORT_ONLY,diagnostic_year_2023,,adverse,0,0,0,0,0.0,,,,,INSUFFICIENT_SAMPLE,combined,unavailable/unavailable,0.0,,recent
donchian_atr,eth_short_regime_challenge_v1_donchian_atr,20261007T203647Z-194d4424b93c,92e00c2580ab45798e9beb94eac6eeaa,4c4aa07c4c65af74,ETHUSDT,1h,SHORT_ONLY,diagnostic_year_2023,,base,26,6,20,0,-571.3035276487648,-21.973212601875566,0.3464548851378017,23.07692307692308,-34.8689333887411,DESCRIPTIVE_SAMPLE,trend,bearish,100.0,,recent
donchian_atr,eth_short_regime_challenge_v1_donchian_atr,20261007T203647Z-194d4424b93c,92e00c2580ab45798e9beb94eac6eeaa,4c4aa07c4c65af74,ETHUSDT,1h,SHORT_ONLY,diagnostic_year_2023,,base,0,0,0,0,0.0,,,,,INSUFFICIENT_SAMPLE,trend,bullish,0.0,,recent
donchian_atr,eth_short_regime_challenge_v1_donchian_atr,20261007T203647Z-194d4424b93c,92e00c2580ab45798e9beb94eac6eeaa,4c4aa07c4c65af74,ETHUSDT,1h,SHORT_ONLY,diagnostic_year_2023,,base,0,0,0,0,0.0,,,,,INSUFFICIENT_SAMPLE,trend,mixed,0.0,,recent
donchian_atr,eth_short_regime_challenge_v1_donchian_atr,20261007T203647Z-194d4424b93c,92e00c2580ab45798e9beb94eac6eeaa,4c4aa07c4c65af74,ETHUSDT,1h,SHORT_ONLY,diagnostic_year_2023,,base,0,0,0,0,0.0,,,,,INSUFFICIENT_SAMPLE,trend,unavailable,0.0,,recent
donchian_atr,eth_short_regime_challenge_v1_donchian_atr,20261007T203647Z-194d4424b93c,92e00c2580ab45798e9beb94eac6eeaa,4c4aa07c4c65af74,ETHUSDT,1h,SHORT_ONLY,diagnostic_year_2023,,base,26,6,20,0,-571.3035276487648,-21.973212601875566,0.3464548851378017,23.07692307692308,-34.8689333887411,DESCRIPTIVE_SAMPLE,volatility,high,100.0,,recent
donchian_atr,eth_short_regime_challenge_v1_donchian_atr,20261007T203647Z-194d4424b93c,92e00c2580ab45798e9beb94eac6eeaa,4c4aa07c4c65af74,ETHUSDT,1h,SHORT_ONLY,diagnostic_year_2023,,base,0,0,0,0,0.0,,,,,INSUFFICIENT_SAMPLE,volatility,ordinary,0.0,,recent
donchian_atr,eth_short_regime_challenge_v1_donchian_atr,20261007T203647Z-194d4424b93c,92e00c2580ab45798e9beb94eac6eeaa,4c4aa07c4c65af74,ETHUSDT,1h,SHORT_ONLY,diagnostic_year_2023,,base,0,0,0,0,0.0,,,,,INSUFFICIENT_SAMPLE,volatility,unavailable,0.0,,recent
donchian_atr,eth_short_regime_challenge_v1_donchian_atr,20261007T203647Z-194d4424b93c,92e00c2580ab45798e9beb94eac6eeaa,4c4aa07c4c65af74,ETHUSDT,1h,SHORT_ONLY,diagnostic_year_2023,,base,26,6,20,0,-571.3035276487648,-21.973212601875566,0.3464548851378017,23.07692307692308,-34.8689333887411,DESCRIPTIVE_SAMPLE,combined,bearish/high,100.0,,recent
donchian_atr,eth_short_regime_challenge_v1_donchian_atr,20261007T203647Z-194d4424b93c,92e00c2580ab45798e9beb94eac6eeaa,4c4aa07c4c65af74,ETHUSDT,1h,SHORT_ONLY,diagnostic_year_2023,,base,0,0,0,0,0.0,,,,,INSUFFICIENT_SAMPLE,combined,bearish/ordinary,0.0,,recent
donchian_atr,eth_short_regime_challenge_v1_donchian_atr,20261007T203647Z-194d4424b93c,92e00c2580ab45798e9beb94eac6eeaa,4c4aa07c4c65af74,ETHUSDT,1h,SHORT_ONLY,diagnostic_year_2023,,base,0,0,0,0,0.0,,,,,INSUFFICIENT_SAMPLE,combined,bearish/unavailable,0.0,,recent
donchian_atr,eth_short_regime_challenge_v1_donchian_atr,20261007T203647Z-194d4424b93c,92e00c2580ab45798e9beb94eac6eeaa,4c4aa07c4c65af74,ETHUSDT,1h,SHORT_ONLY,diagnostic_year_2023,,base,0,0,0,0,0.0,,,,,INSUFFICIENT_SAMPLE,combined,bullish/high,0.0,,recent
donchian_atr,eth_short_regime_challenge_v1_donchian_atr,20261007T203647Z-194d4424b93c,92e00c2580ab45798e9beb94eac6eeaa,4c4aa07c4c65af74,ETHUSDT,1h,SHORT_ONLY,diagnostic_year_2023,,base,0,0,0,0,0.0,,,,,INSUFFICIENT_SAMPLE,combined,bullish/ordinary,0.0,,recent
donchian_atr,eth_short_regime_challenge_v1_donchian_atr,20261007T203647Z-194d4424b93c,92e00c2580ab45798e9beb94eac6eeaa,4c4aa07c4c65af74,ETHUSDT,1h,SHORT_ONLY,diagnostic_year_2023,,base,0,0,0,0,0.0,,,,,INSUFFICIENT_SAMPLE,combined,bullish/unavailable,0.0,,recent
donchian_atr,eth_short_regime_challenge_v1_donchian_atr,20261007T203647Z-194d4424b93c,92e00c2580ab45798e9beb94eac6eeaa,4c4aa07c4c65af74,ETHUSDT,1h,SHORT_ONLY,diagnostic_year_2023,,base,0,0,0,0,0.0,,,,,INSUFFICIENT_SAMPLE,combined,mixed/high,0.0,,recent
donchian_atr,eth_short_regime_challenge_v1_donchian_atr,20261007T203647Z-194d4424b93c,92e00c2580ab45798e9beb94eac6eeaa,4c4aa07c4c65af74,ETHUSDT,1h,SHORT_ONLY,diagnostic_year_2023,,base,0,0,0,0,0.0,,,,,INSUFFICIENT_SAMPLE,combined,mixed/ordinary,0.0,,recent
donchian_atr,eth_short_regime_challenge_v1_donchian_atr,20261007T203647Z-194d4424b93c,92e00c2580ab45798e9beb94eac6eeaa,4c4aa07c4c65af74,ETHUSDT,1h,SHORT_ONLY,diagnostic_year_2023,,base,0,0,0,0,0.0,,,,,INSUFFICIENT_SAMPLE,combined,mixed/unavailable,0.0,,recent
donchian_atr,eth_short_regime_challenge_v1_donchian_atr,20261007T203647Z-194d4424b93c,92e00c2580ab45798e9beb94eac6eeaa,4c4aa07c4c65af74,ETHUSDT,1h,SHORT_ONLY,diagnostic_year_2023,,base,0,0,0,0,0.0,,,,,INSUFFICIENT_SAMPLE,combined,unavailable/high,0.0,,recent
donchian_atr,eth_short_regime_challenge_v1_donchian_atr,20261007T203647Z-194d4424b93c,92e00c2580ab45798e9beb94eac6eeaa,4c4aa07c4c65af74,ETHUSDT,1h,SHORT_ONLY,diagnostic_year_2023,,base,0,0,0,0,0.0,,,,,INSUFFICIENT_SAMPLE,combined,unavailable/ordinary,0.0,,recent
donchian_atr,eth_short_regime_challenge_v1_donchian_atr,20261007T203647Z-194d4424b93c,92e00c2580ab45798e9beb94eac6eeaa,4c4aa07c4c65af74,ETHUSDT,1h,SHORT_ONLY,diagnostic_year_2023,,base,0,0,0,0,0.0,,,,,INSUFFICIENT_SAMPLE,combined,unavailable/unavailable,0.0,,recent
donchian_atr,eth_short_regime_challenge_v1_donchian_atr,20261007T203647Z-194d4424b93c,546c20d21f384d9a8fcbd5646e528f44,4c4aa07c4c65af74,ETHUSDT,1h,SHORT_ONLY,diagnostic_year_2023,,adverse,26,6,20,0,-650.8698107307525,-25.033454258875096,0.3024378543775045,23.07692307692308,-38.04051124614936,DESCRIPTIVE_SAMPLE,trend,bearish,100.0,,recent
donchian_atr,eth_short_regime_challenge_v1_donchian_atr,20261007T203647Z-194d4424b93c,546c20d21f384d9a8fcbd5646e528f44,4c4aa07c4c65af74,ETHUSDT,1h,SHORT_ONLY,diagnostic_year_2023,,adverse,0,0,0,0,0.0,,,,,INSUFFICIENT_SAMPLE,trend,bullish,0.0,,recent
donchian_atr,eth_short_regime_challenge_v1_donchian_atr,20261007T203647Z-194d4424b93c,546c20d21f384d9a8fcbd5646e528f44,4c4aa07c4c65af74,ETHUSDT,1h,SHORT_ONLY,diagnostic_year_2023,,adverse,0,0,0,0,0.0,,,,,INSUFFICIENT_SAMPLE,trend,mixed,0.0,,recent
donchian_atr,eth_short_regime_challenge_v1_donchian_atr,20261007T203647Z-194d4424b93c,546c20d21f384d9a8fcbd5646e528f44,4c4aa07c4c65af74,ETHUSDT,1h,SHORT_ONLY,diagnostic_year_2023,,adverse,0,0,0,0,0.0,,,,,INSUFFICIENT_SAMPLE,trend,unavailable,0.0,,recent
donchian_atr,eth_short_regime_challenge_v1_donchian_atr,20261007T203647Z-194d4424b93c,546c20d21f384d9a8fcbd5646e528f44,4c4aa07c4c65af74,ETHUSDT,1h,SHORT_ONLY,diagnostic_year_2023,,adverse,26,6,20,0,-650.8698107307525,-25.033454258875096,0.3024378543775045,23.07692307692308,-38.04051124614936,DESCRIPTIVE_SAMPLE,volatility,high,100.0,,recent
donchian_atr,eth_short_regime_challenge_v1_donchian_atr,20261007T203647Z-194d4424b93c,546c20d21f384d9a8fcbd5646e528f44,4c4aa07c4c65af74,ETHUSDT,1h,SHORT_ONLY,diagnostic_year_2023,,adverse,0,0,0,0,0.0,,,,,INSUFFICIENT_SAMPLE,volatility,ordinary,0.0,,recent
donchian_atr,eth_short_regime_challenge_v1_donchian_atr,20261007T203647Z-194d4424b93c,546c20d21f384d9a8fcbd5646e528f44,4c4aa07c4c65af74,ETHUSDT,1h,SHORT_ONLY,diagnostic_year_2023,,adverse,0,0,0,0,0.0,,,,,INSUFFICIENT_SAMPLE,volatility,unavailable,0.0,,recent
donchian_atr,eth_short_regime_challenge_v1_donchian_atr,20261007T203647Z-194d4424b93c,546c20d21f384d9a8fcbd5646e528f44,4c4aa07c4c65af74,ETHUSDT,1h,SHORT_ONLY,diagnostic_year_2023,,adverse,26,6,20,0,-650.8698107307525,-25.033454258875096,0.3024378543775045,23.07692307692308,-38.04051124614936,DESCRIPTIVE_SAMPLE,combined,bearish/high,100.0,,recent
donchian_atr,eth_short_regime_challenge_v1_donchian_atr,20261007T203647Z-194d4424b93c,546c20d21f384d9a8fcbd5646e528f44,4c4aa07c4c65af74,ETHUSDT,1h,SHORT_ONLY,diagnostic_year_2023,,adverse,0,0,0,0,0.0,,,,,INSUFFICIENT_SAMPLE,combined,bearish/ordinary,0.0,,recent
donchian_atr,eth_short_regime_challenge_v1_donchian_atr,20261007T203647Z-194d4424b93c,546c20d21f384d9a8fcbd5646e528f44,4c4aa07c4c65af74,ETHUSDT,1h,SHORT_ONLY,diagnostic_year_2023,,adverse,0,0,0,0,0.0,,,,,INSUFFICIENT_SAMPLE,combined,bearish/unavailable,0.0,,recent
donchian_atr,eth_short_regime_challenge_v1_donchian_atr,20261007T203647Z-194d4424b93c,546c20d21f384d9a8fcbd5646e528f44,4c4aa07c4c65af74,ETHUSDT,1h,SHORT_ONLY,diagnostic_year_2023,,adverse,0,0,0,0,0.0,,,,,INSUFFICIENT_SAMPLE,combined,bullish/high,0.0,,recent
donchian_atr,eth_short_regime_challenge_v1_donchian_atr,20261007T203647Z-194d4424b93c,546c20d21f384d9a8fcbd5646e528f44,4c4aa07c4c65af74,ETHUSDT,1h,SHORT_ONLY,diagnostic_year_2023,,adverse,0,0,0,0,0.0,,,,,INSUFFICIENT_SAMPLE,combined,bullish/ordinary,0.0,,recent
donchian_atr,eth_short_regime_challenge_v1_donchian_atr,20261007T203647Z-194d4424b93c,546c20d21f384d9a8fcbd5646e528f44,4c4aa07c4c65af74,ETHUSDT,1h,SHORT_ONLY,diagnostic_year_2023,,adverse,0,0,0,0,0.0,,,,,INSUFFICIENT_SAMPLE,combined,bullish/unavailable,0.0,,recent
donchian_atr,eth_short_regime_challenge_v1_donchian_atr,20261007T203647Z-194d4424b93c,546c20d21f384d9a8fcbd5646e528f44,4c4aa07c4c65af74,ETHUSDT,1h,SHORT_ONLY,diagnostic_year_2023,,adverse,0,0,0,0,0.0,,,,,INSUFFICIENT_SAMPLE,combined,mixed/high,0.0,,recent
donchian_atr,eth_short_regime_challenge_v1_donchian_atr,20261007T203647Z-194d4424b93c,546c20d21f384d9a8fcbd5646e528f44,4c4aa07c4c65af74,ETHUSDT,1h,SHORT_ONLY,diagnostic_year_2023,,adverse,0,0,0,0,0.0,,,,,INSUFFICIENT_SAMPLE,combined,mixed/ordinary,0.0,,recent
donchian_atr,eth_short_regime_challenge_v1_donchian_atr,20261007T203647Z-194d4424b93c,546c20d21f384d9a8fcbd5646e528f44,4c4aa07c4c65af74,ETHUSDT,1h,SHORT_ONLY,diagnostic_year_2023,,adverse,0,0,0,0,0.0,,,,,INSUFFICIENT_SAMPLE,combined,mixed/unavailable,0.0,,recent
donchian_atr,eth_short_regime_challenge_v1_donchian_atr,20261007T203647Z-194d4424b93c,546c20d21f384d9a8fcbd5646e528f44,4c4aa07c4c65af74,ETHUSDT,1h,SHORT_ONLY,diagnostic_year_2023,,adverse,0,0,0,0,0.0,,,,,INSUFFICIENT_SAMPLE,combined,unavailable/high,0.0,,recent
donchian_atr,eth_short_regime_challenge_v1_donchian_atr,20261007T203647Z-194d4424b93c,546c20d21f384d9a8fcbd5646e528f44,4c4aa07c4c65af74,ETHUSDT,1h,SHORT_ONLY,diagnostic_year_2023,,adverse,0,0,0,0,0.0,,,,,INSUFFICIENT_SAMPLE,combined,unavailable/ordinary,0.0,,recent
donchian_atr,eth_short_regime_challenge_v1_donchian_atr,20261007T203647Z-194d4424b93c,546c20d21f384d9a8fcbd5646e528f44,4c4aa07c4c65af74,ETHUSDT,1h,SHORT_ONLY,diagnostic_year_2023,,adverse,0,0,0,0,0.0,,,,,INSUFFICIENT_SAMPLE,combined,unavailable/unavailable,0.0,,recent
donchian_atr,eth_short_regime_challenge_v1_donchian_atr,20261007T203647Z-194d4424b93c,322502fb5ae44d189dcfb40ea1f360c3,db2f1a56c8656a10,ETHUSDT,1h,SHORT_ONLY,diagnostic_year_2023,,base,24,5,19,0,-571.1990280175229,-23.79995950073012,0.2876262286260941,20.83333333333333,-34.995819619907955,DESCRIPTIVE_SAMPLE,trend,bearish,100.0,,recent
donchian_atr,eth_short_regime_challenge_v1_donchian_atr,20261007T203647Z-194d4424b93c,322502fb5ae44d189dcfb40ea1f360c3,db2f1a56c8656a10,ETHUSDT,1h,SHORT_ONLY,diagnostic_year_2023,,base,0,0,0,0,0.0,,,,,INSUFFICIENT_SAMPLE,trend,bullish,0.0,,recent
donchian_atr,eth_short_regime_challenge_v1_donchian_atr,20261007T203647Z-194d4424b93c,322502fb5ae44d189dcfb40ea1f360c3,db2f1a56c8656a10,ETHUSDT,1h,SHORT_ONLY,diagnostic_year_2023,,base,0,0,0,0,0.0,,,,,INSUFFICIENT_SAMPLE,trend,mixed,0.0,,recent
donchian_atr,eth_short_regime_challenge_v1_donchian_atr,20261007T203647Z-194d4424b93c,322502fb5ae44d189dcfb40ea1f360c3,db2f1a56c8656a10,ETHUSDT,1h,SHORT_ONLY,diagnostic_year_2023,,base,0,0,0,0,0.0,,,,,INSUFFICIENT_SAMPLE,trend,unavailable,0.0,,recent
donchian_atr,eth_short_regime_challenge_v1_donchian_atr,20261007T203647Z-194d4424b93c,322502fb5ae44d189dcfb40ea1f360c3,db2f1a56c8656a10,ETHUSDT,1h,SHORT_ONLY,diagnostic_year_2023,,base,24,5,19,0,-571.1990280175229,-23.79995950073012,0.2876262286260941,20.83333333333333,-34.995819619907955,DESCRIPTIVE_SAMPLE,volatility,high,100.0,,recent
donchian_atr,eth_short_regime_challenge_v1_donchian_atr,20261007T203647Z-194d4424b93c,322502fb5ae44d189dcfb40ea1f360c3,db2f1a56c8656a10,ETHUSDT,1h,SHORT_ONLY,diagnostic_year_2023,,base,0,0,0,0,0.0,,,,,INSUFFICIENT_SAMPLE,volatility,ordinary,0.0,,recent
donchian_atr,eth_short_regime_challenge_v1_donchian_atr,20261007T203647Z-194d4424b93c,322502fb5ae44d189dcfb40ea1f360c3,db2f1a56c8656a10,ETHUSDT,1h,SHORT_ONLY,diagnostic_year_2023,,base,0,0,0,0,0.0,,,,,INSUFFICIENT_SAMPLE,volatility,unavailable,0.0,,recent
donchian_atr,eth_short_regime_challenge_v1_donchian_atr,20261007T203647Z-194d4424b93c,322502fb5ae44d189dcfb40ea1f360c3,db2f1a56c8656a10,ETHUSDT,1h,SHORT_ONLY,diagnostic_year_2023,,base,24,5,19,0,-571.1990280175229,-23.79995950073012,0.2876262286260941,20.83333333333333,-34.995819619907955,DESCRIPTIVE_SAMPLE,combined,bearish/high,100.0,,recent
donchian_atr,eth_short_regime_challenge_v1_donchian_atr,20261007T203647Z-194d4424b93c,322502fb5ae44d189dcfb40ea1f360c3,db2f1a56c8656a10,ETHUSDT,1h,SHORT_ONLY,diagnostic_year_2023,,base,0,0,0,0,0.0,,,,,INSUFFICIENT_SAMPLE,combined,bearish/ordinary,0.0,,recent
donchian_atr,eth_short_regime_challenge_v1_donchian_atr,20261007T203647Z-194d4424b93c,322502fb5ae44d189dcfb40ea1f360c3,db2f1a56c8656a10,ETHUSDT,1h,SHORT_ONLY,diagnostic_year_2023,,base,0,0,0,0,0.0,,,,,INSUFFICIENT_SAMPLE,combined,bearish/unavailable,0.0,,recent
donchian_atr,eth_short_regime_challenge_v1_donchian_atr,20261007T203647Z-194d4424b93c,322502fb5ae44d189dcfb40ea1f360c3,db2f1a56c8656a10,ETHUSDT,1h,SHORT_ONLY,diagnostic_year_2023,,base,0,0,0,0,0.0,,,,,INSUFFICIENT_SAMPLE,combined,bullish/high,0.0,,recent
donchian_atr,eth_short_regime_challenge_v1_donchian_atr,20261007T203647Z-194d4424b93c,322502fb5ae44d189dcfb40ea1f360c3,db2f1a56c8656a10,ETHUSDT,1h,SHORT_ONLY,diagnostic_year_2023,,base,0,0,0,0,0.0,,,,,INSUFFICIENT_SAMPLE,combined,bullish/ordinary,0.0,,recent
donchian_atr,eth_short_regime_challenge_v1_donchian_atr,20261007T203647Z-194d4424b93c,322502fb5ae44d189dcfb40ea1f360c3,db2f1a56c8656a10,ETHUSDT,1h,SHORT_ONLY,diagnostic_year_2023,,base,0,0,0,0,0.0,,,,,INSUFFICIENT_SAMPLE,combined,bullish/unavailable,0.0,,recent
donchian_atr,eth_short_regime_challenge_v1_donchian_atr,20261007T203647Z-194d4424b93c,322502fb5ae44d189dcfb40ea1f360c3,db2f1a56c8656a10,ETHUSDT,1h,SHORT_ONLY,diagnostic_year_2023,,base,0,0,0,0,0.0,,,,,INSUFFICIENT_SAMPLE,combined,mixed/high,0.0,,recent
donchian_atr,eth_short_regime_challenge_v1_donchian_atr,20261007T203647Z-194d4424b93c,322502fb5ae44d189dcfb40ea1f360c3,db2f1a56c8656a10,ETHUSDT,1h,SHORT_ONLY,diagnostic_year_2023,,base,0,0,0,0,0.0,,,,,INSUFFICIENT_SAMPLE,combined,mixed/ordinary,0.0,,recent
donchian_atr,eth_short_regime_challenge_v1_donchian_atr,20261007T203647Z-194d4424b93c,322502fb5ae44d189dcfb40ea1f360c3,db2f1a56c8656a10,ETHUSDT,1h,SHORT_ONLY,diagnostic_year_2023,,base,0,0,0,0,0.0,,,,,INSUFFICIENT_SAMPLE,combined,mixed/unavailable,0.0,,recent
donchian_atr,eth_short_regime_challenge_v1_donchian_atr,20261007T203647Z-194d4424b93c,322502fb5ae44d189dcfb40ea1f360c3,db2f1a56c8656a10,ETHUSDT,1h,SHORT_ONLY,diagnostic_year_2023,,base,0,0,0,0,0.0,,,,,INSUFFICIENT_SAMPLE,combined,unavailable/high,0.0,,recent
donchian_atr,eth_short_regime_challenge_v1_donchian_atr,20261007T203647Z-194d4424b93c,322502fb5ae44d189dcfb40ea1f360c3,db2f1a56c8656a10,ETHUSDT,1h,SHORT_ONLY,diagnostic_year_2023,,base,0,0,0,0,0.0,,,,,INSUFFICIENT_SAMPLE,combined,unavailable/ordinary,0.0,,recent
donchian_atr,eth_short_regime_challenge_v1_donchian_atr,20261007T203647Z-194d4424b93c,322502fb5ae44d189dcfb40ea1f360c3,db2f1a56c8656a10,ETHUSDT,1h,SHORT_ONLY,diagnostic_year_2023,,base,0,0,0,0,0.0,,,,,INSUFFICIENT_SAMPLE,combined,unavailable/unavailable,0.0,,recent
donchian_atr,eth_short_regime_challenge_v1_donchian_atr,20261007T203647Z-194d4424b93c,5236dfd1d33e4bddb77298a78fb760ad,db2f1a56c8656a10,ETHUSDT,1h,SHORT_ONLY,diagnostic_year_2023,,adverse,24,5,19,0,-644.4629999957558,-26.85262499982316,0.2489420184123598,20.83333333333333,-38.18464772912114,DESCRIPTIVE_SAMPLE,trend,bearish,100.0,,recent
donchian_atr,eth_short_regime_challenge_v1_donchian_atr,20261007T203647Z-194d4424b93c,5236dfd1d33e4bddb77298a78fb760ad,db2f1a56c8656a10,ETHUSDT,1h,SHORT_ONLY,diagnostic_year_2023,,adverse,0,0,0,0,0.0,,,,,INSUFFICIENT_SAMPLE,trend,bullish,0.0,,recent
donchian_atr,eth_short_regime_challenge_v1_donchian_atr,20261007T203647Z-194d4424b93c,5236dfd1d33e4bddb77298a78fb760ad,db2f1a56c8656a10,ETHUSDT,1h,SHORT_ONLY,diagnostic_year_2023,,adverse,0,0,0,0,0.0,,,,,INSUFFICIENT_SAMPLE,trend,mixed,0.0,,recent
donchian_atr,eth_short_regime_challenge_v1_donchian_atr,20261007T203647Z-194d4424b93c,5236dfd1d33e4bddb77298a78fb760ad,db2f1a56c8656a10,ETHUSDT,1h,SHORT_ONLY,diagnostic_year_2023,,adverse,0,0,0,0,0.0,,,,,INSUFFICIENT_SAMPLE,trend,unavailable,0.0,,recent
donchian_atr,eth_short_regime_challenge_v1_donchian_atr,20261007T203647Z-194d4424b93c,5236dfd1d33e4bddb77298a78fb760ad,db2f1a56c8656a10,ETHUSDT,1h,SHORT_ONLY,diagnostic_year_2023,,adverse,24,5,19,0,-644.4629999957558,-26.85262499982316,0.2489420184123598,20.83333333333333,-38.18464772912114,DESCRIPTIVE_SAMPLE,volatility,high,100.0,,recent
donchian_atr,eth_short_regime_challenge_v1_donchian_atr,20261007T203647Z-194d4424b93c,5236dfd1d33e4bddb77298a78fb760ad,db2f1a56c8656a10,ETHUSDT,1h,SHORT_ONLY,diagnostic_year_2023,,adverse,0,0,0,0,0.0,,,,,INSUFFICIENT_SAMPLE,volatility,ordinary,0.0,,recent
donchian_atr,eth_short_regime_challenge_v1_donchian_atr,20261007T203647Z-194d4424b93c,5236dfd1d33e4bddb77298a78fb760ad,db2f1a56c8656a10,ETHUSDT,1h,SHORT_ONLY,diagnostic_year_2023,,adverse,0,0,0,0,0.0,,,,,INSUFFICIENT_SAMPLE,volatility,unavailable,0.0,,recent
donchian_atr,eth_short_regime_challenge_v1_donchian_atr,20261007T203647Z-194d4424b93c,5236dfd1d33e4bddb77298a78fb760ad,db2f1a56c8656a10,ETHUSDT,1h,SHORT_ONLY,diagnostic_year_2023,,adverse,24,5,19,0,-644.4629999957558,-26.85262499982316,0.2489420184123598,20.83333333333333,-38.18464772912114,DESCRIPTIVE_SAMPLE,combined,bearish/high,100.0,,recent
donchian_atr,eth_short_regime_challenge_v1_donchian_atr,20261007T203647Z-194d4424b93c,5236dfd1d33e4bddb77298a78fb760ad,db2f1a56c8656a10,ETHUSDT,1h,SHORT_ONLY,diagnostic_year_2023,,adverse,0,0,0,0,0.0,,,,,INSUFFICIENT_SAMPLE,combined,bearish/ordinary,0.0,,recent
donchian_atr,eth_short_regime_challenge_v1_donchian_atr,20261007T203647Z-194d4424b93c,5236dfd1d33e4bddb77298a78fb760ad,db2f1a56c8656a10,ETHUSDT,1h,SHORT_ONLY,diagnostic_year_2023,,adverse,0,0,0,0,0.0,,,,,INSUFFICIENT_SAMPLE,combined,bearish/unavailable,0.0,,recent
donchian_atr,eth_short_regime_challenge_v1_donchian_atr,20261007T203647Z-194d4424b93c,5236dfd1d33e4bddb77298a78fb760ad,db2f1a56c8656a10,ETHUSDT,1h,SHORT_ONLY,diagnostic_year_2023,,adverse,0,0,0,0,0.0,,,,,INSUFFICIENT_SAMPLE,combined,bullish/high,0.0,,recent
donchian_atr,eth_short_regime_challenge_v1_donchian_atr,20261007T203647Z-194d4424b93c,5236dfd1d33e4bddb77298a78fb760ad,db2f1a56c8656a10,ETHUSDT,1h,SHORT_ONLY,diagnostic_year_2023,,adverse,0,0,0,0,0.0,,,,,INSUFFICIENT_SAMPLE,combined,bullish/ordinary,0.0,,recent
donchian_atr,eth_short_regime_challenge_v1_donchian_atr,20261007T203647Z-194d4424b93c,5236dfd1d33e4bddb77298a78fb760ad,db2f1a56c8656a10,ETHUSDT,1h,SHORT_ONLY,diagnostic_year_2023,,adverse,0,0,0,0,0.0,,,,,INSUFFICIENT_SAMPLE,combined,bullish/unavailable,0.0,,recent
donchian_atr,eth_short_regime_challenge_v1_donchian_atr,20261007T203647Z-194d4424b93c,5236dfd1d33e4bddb77298a78fb760ad,db2f1a56c8656a10,ETHUSDT,1h,SHORT_ONLY,diagnostic_year_2023,,adverse,0,0,0,0,0.0,,,,,INSUFFICIENT_SAMPLE,combined,mixed/high,0.0,,recent
donchian_atr,eth_short_regime_challenge_v1_donchian_atr,20261007T203647Z-194d4424b93c,5236dfd1d33e4bddb77298a78fb760ad,db2f1a56c8656a10,ETHUSDT,1h,SHORT_ONLY,diagnostic_year_2023,,adverse,0,0,0,0,0.0,,,,,INSUFFICIENT_SAMPLE,combined,mixed/ordinary,0.0,,recent
donchian_atr,eth_short_regime_challenge_v1_donchian_atr,20261007T203647Z-194d4424b93c,5236dfd1d33e4bddb77298a78fb760ad,db2f1a56c8656a10,ETHUSDT,1h,SHORT_ONLY,diagnostic_year_2023,,adverse,0,0,0,0,0.0,,,,,INSUFFICIENT_SAMPLE,combined,mixed/unavailable,0.0,,recent
donchian_atr,eth_short_regime_challenge_v1_donchian_atr,20261007T203647Z-194d4424b93c,5236dfd1d33e4bddb77298a78fb760ad,db2f1a56c8656a10,ETHUSDT,1h,SHORT_ONLY,diagnostic_year_2023,,adverse,0,0,0,0,0.0,,,,,INSUFFICIENT_SAMPLE,combined,unavailable/high,0.0,,recent
donchian_atr,eth_short_regime_challenge_v1_donchian_atr,20261007T203647Z-194d4424b93c,5236dfd1d33e4bddb77298a78fb760ad,db2f1a56c8656a10,ETHUSDT,1h,SHORT_ONLY,diagnostic_year_2023,,adverse,0,0,0,0,0.0,,,,,INSUFFICIENT_SAMPLE,combined,unavailable/ordinary,0.0,,recent
donchian_atr,eth_short_regime_challenge_v1_donchian_atr,20261007T203647Z-194d4424b93c,5236dfd1d33e4bddb77298a78fb760ad,db2f1a56c8656a10,ETHUSDT,1h,SHORT_ONLY,diagnostic_year_2023,,adverse,0,0,0,0,0.0,,,,,INSUFFICIENT_SAMPLE,combined,unavailable/unavailable,0.0,,recent
donchian_atr,eth_short_regime_challenge_v1_donchian_atr,20261007T203647Z-194d4424b93c,92e7db64f9724ac2ba6c18841f7d7a71,ff43266d9f6c730a,ETHUSDT,1h,SHORT_ONLY,diagnostic_year_2024,,base,62,24,38,0,91.9349987815658,1.482822560992997,1.0367791282209595,38.70967741935484,-48.087742521984936,DESCRIPTIVE_SAMPLE,trend,bearish,100.0,100.00000000000006,recent
donchian_atr,eth_short_regime_challenge_v1_donchian_atr,20261007T203647Z-194d4424b93c,92e7db64f9724ac2ba6c18841f7d7a71,ff43266d9f6c730a,ETHUSDT,1h,SHORT_ONLY,diagnostic_year_2024,,base,0,0,0,0,0.0,,,,,INSUFFICIENT_SAMPLE,trend,bullish,0.0,0.0,recent
donchian_atr,eth_short_regime_challenge_v1_donchian_atr,20261007T203647Z-194d4424b93c,92e7db64f9724ac2ba6c18841f7d7a71,ff43266d9f6c730a,ETHUSDT,1h,SHORT_ONLY,diagnostic_year_2024,,base,0,0,0,0,0.0,,,,,INSUFFICIENT_SAMPLE,trend,mixed,0.0,0.0,recent
donchian_atr,eth_short_regime_challenge_v1_donchian_atr,20261007T203647Z-194d4424b93c,92e7db64f9724ac2ba6c18841f7d7a71,ff43266d9f6c730a,ETHUSDT,1h,SHORT_ONLY,diagnostic_year_2024,,base,0,0,0,0,0.0,,,,,INSUFFICIENT_SAMPLE,trend,unavailable,0.0,0.0,recent
donchian_atr,eth_short_regime_challenge_v1_donchian_atr,20261007T203647Z-194d4424b93c,92e7db64f9724ac2ba6c18841f7d7a71,ff43266d9f6c730a,ETHUSDT,1h,SHORT_ONLY,diagnostic_year_2024,,base,62,24,38,0,91.9349987815658,1.482822560992997,1.0367791282209595,38.70967741935484,-48.087742521984936,DESCRIPTIVE_SAMPLE,volatility,high,100.0,100.00000000000006,recent
donchian_atr,eth_short_regime_challenge_v1_donchian_atr,20261007T203647Z-194d4424b93c,92e7db64f9724ac2ba6c18841f7d7a71,ff43266d9f6c730a,ETHUSDT,1h,SHORT_ONLY,diagnostic_year_2024,,base,0,0,0,0,0.0,,,,,INSUFFICIENT_SAMPLE,volatility,ordinary,0.0,0.0,recent
donchian_atr,eth_short_regime_challenge_v1_donchian_atr,20261007T203647Z-194d4424b93c,92e7db64f9724ac2ba6c18841f7d7a71,ff43266d9f6c730a,ETHUSDT,1h,SHORT_ONLY,diagnostic_year_2024,,base,0,0,0,0,0.0,,,,,INSUFFICIENT_SAMPLE,volatility,unavailable,0.0,0.0,recent
donchian_atr,eth_short_regime_challenge_v1_donchian_atr,20261007T203647Z-194d4424b93c,92e7db64f9724ac2ba6c18841f7d7a71,ff43266d9f6c730a,ETHUSDT,1h,SHORT_ONLY,diagnostic_year_2024,,base,62,24,38,0,91.9349987815658,1.482822560992997,1.0367791282209595,38.70967741935484,-48.087742521984936,DESCRIPTIVE_SAMPLE,combined,bearish/high,100.0,100.00000000000006,recent
donchian_atr,eth_short_regime_challenge_v1_donchian_atr,20261007T203647Z-194d4424b93c,92e7db64f9724ac2ba6c18841f7d7a71,ff43266d9f6c730a,ETHUSDT,1h,SHORT_ONLY,diagnostic_year_2024,,base,0,0,0,0,0.0,,,,,INSUFFICIENT_SAMPLE,combined,bearish/ordinary,0.0,0.0,recent
donchian_atr,eth_short_regime_challenge_v1_donchian_atr,20261007T203647Z-194d4424b93c,92e7db64f9724ac2ba6c18841f7d7a71,ff43266d9f6c730a,ETHUSDT,1h,SHORT_ONLY,diagnostic_year_2024,,base,0,0,0,0,0.0,,,,,INSUFFICIENT_SAMPLE,combined,bearish/unavailable,0.0,0.0,recent
donchian_atr,eth_short_regime_challenge_v1_donchian_atr,20261007T203647Z-194d4424b93c,92e7db64f9724ac2ba6c18841f7d7a71,ff43266d9f6c730a,ETHUSDT,1h,SHORT_ONLY,diagnostic_year_2024,,base,0,0,0,0,0.0,,,,,INSUFFICIENT_SAMPLE,combined,bullish/high,0.0,0.0,recent
donchian_atr,eth_short_regime_challenge_v1_donchian_atr,20261007T203647Z-194d4424b93c,92e7db64f9724ac2ba6c18841f7d7a71,ff43266d9f6c730a,ETHUSDT,1h,SHORT_ONLY,diagnostic_year_2024,,base,0,0,0,0,0.0,,,,,INSUFFICIENT_SAMPLE,combined,bullish/ordinary,0.0,0.0,recent
donchian_atr,eth_short_regime_challenge_v1_donchian_atr,20261007T203647Z-194d4424b93c,92e7db64f9724ac2ba6c18841f7d7a71,ff43266d9f6c730a,ETHUSDT,1h,SHORT_ONLY,diagnostic_year_2024,,base,0,0,0,0,0.0,,,,,INSUFFICIENT_SAMPLE,combined,bullish/unavailable,0.0,0.0,recent
donchian_atr,eth_short_regime_challenge_v1_donchian_atr,20261007T203647Z-194d4424b93c,92e7db64f9724ac2ba6c18841f7d7a71,ff43266d9f6c730a,ETHUSDT,1h,SHORT_ONLY,diagnostic_year_2024,,base,0,0,0,0,0.0,,,,,INSUFFICIENT_SAMPLE,combined,mixed/high,0.0,0.0,recent
donchian_atr,eth_short_regime_challenge_v1_donchian_atr,20261007T203647Z-194d4424b93c,92e7db64f9724ac2ba6c18841f7d7a71,ff43266d9f6c730a,ETHUSDT,1h,SHORT_ONLY,diagnostic_year_2024,,base,0,0,0,0,0.0,,,,,INSUFFICIENT_SAMPLE,combined,mixed/ordinary,0.0,0.0,recent
donchian_atr,eth_short_regime_challenge_v1_donchian_atr,20261007T203647Z-194d4424b93c,92e7db64f9724ac2ba6c18841f7d7a71,ff43266d9f6c730a,ETHUSDT,1h,SHORT_ONLY,diagnostic_year_2024,,base,0,0,0,0,0.0,,,,,INSUFFICIENT_SAMPLE,combined,mixed/unavailable,0.0,0.0,recent
donchian_atr,eth_short_regime_challenge_v1_donchian_atr,20261007T203647Z-194d4424b93c,92e7db64f9724ac2ba6c18841f7d7a71,ff43266d9f6c730a,ETHUSDT,1h,SHORT_ONLY,diagnostic_year_2024,,base,0,0,0,0,0.0,,,,,INSUFFICIENT_SAMPLE,combined,unavailable/high,0.0,0.0,recent
donchian_atr,eth_short_regime_challenge_v1_donchian_atr,20261007T203647Z-194d4424b93c,92e7db64f9724ac2ba6c18841f7d7a71,ff43266d9f6c730a,ETHUSDT,1h,SHORT_ONLY,diagnostic_year_2024,,base,0,0,0,0,0.0,,,,,INSUFFICIENT_SAMPLE,combined,unavailable/ordinary,0.0,0.0,recent
donchian_atr,eth_short_regime_challenge_v1_donchian_atr,20261007T203647Z-194d4424b93c,92e7db64f9724ac2ba6c18841f7d7a71,ff43266d9f6c730a,ETHUSDT,1h,SHORT_ONLY,diagnostic_year_2024,,base,0,0,0,0,0.0,,,,,INSUFFICIENT_SAMPLE,combined,unavailable/unavailable,0.0,0.0,recent
donchian_atr,eth_short_regime_challenge_v1_donchian_atr,20261007T203647Z-194d4424b93c,35ccc5357e144a60b80a236bf4f9d84b,ff43266d9f6c730a,ETHUSDT,1h,SHORT_ONLY,diagnostic_year_2024,,adverse,60,23,37,0,-75.88448143480412,-1.2647413572467352,0.9696957598936174,38.333333333333336,-51.204016320876185,DESCRIPTIVE_SAMPLE,trend,bearish,100.0,,recent
donchian_atr,eth_short_regime_challenge_v1_donchian_atr,20261007T203647Z-194d4424b93c,35ccc5357e144a60b80a236bf4f9d84b,ff43266d9f6c730a,ETHUSDT,1h,SHORT_ONLY,diagnostic_year_2024,,adverse,0,0,0,0,0.0,,,,,INSUFFICIENT_SAMPLE,trend,bullish,0.0,,recent
donchian_atr,eth_short_regime_challenge_v1_donchian_atr,20261007T203647Z-194d4424b93c,35ccc5357e144a60b80a236bf4f9d84b,ff43266d9f6c730a,ETHUSDT,1h,SHORT_ONLY,diagnostic_year_2024,,adverse,0,0,0,0,0.0,,,,,INSUFFICIENT_SAMPLE,trend,mixed,0.0,,recent
donchian_atr,eth_short_regime_challenge_v1_donchian_atr,20261007T203647Z-194d4424b93c,35ccc5357e144a60b80a236bf4f9d84b,ff43266d9f6c730a,ETHUSDT,1h,SHORT_ONLY,diagnostic_year_2024,,adverse,0,0,0,0,0.0,,,,,INSUFFICIENT_SAMPLE,trend,unavailable,0.0,,recent
donchian_atr,eth_short_regime_challenge_v1_donchian_atr,20261007T203647Z-194d4424b93c,35ccc5357e144a60b80a236bf4f9d84b,ff43266d9f6c730a,ETHUSDT,1h,SHORT_ONLY,diagnostic_year_2024,,adverse,60,23,37,0,-75.88448143480412,-1.2647413572467352,0.9696957598936174,38.333333333333336,-51.204016320876185,DESCRIPTIVE_SAMPLE,volatility,high,100.0,,recent
donchian_atr,eth_short_regime_challenge_v1_donchian_atr,20261007T203647Z-194d4424b93c,35ccc5357e144a60b80a236bf4f9d84b,ff43266d9f6c730a,ETHUSDT,1h,SHORT_ONLY,diagnostic_year_2024,,adverse,0,0,0,0,0.0,,,,,INSUFFICIENT_SAMPLE,volatility,ordinary,0.0,,recent
donchian_atr,eth_short_regime_challenge_v1_donchian_atr,20261007T203647Z-194d4424b93c,35ccc5357e144a60b80a236bf4f9d84b,ff43266d9f6c730a,ETHUSDT,1h,SHORT_ONLY,diagnostic_year_2024,,adverse,0,0,0,0,0.0,,,,,INSUFFICIENT_SAMPLE,volatility,unavailable,0.0,,recent
donchian_atr,eth_short_regime_challenge_v1_donchian_atr,20261007T203647Z-194d4424b93c,35ccc5357e144a60b80a236bf4f9d84b,ff43266d9f6c730a,ETHUSDT,1h,SHORT_ONLY,diagnostic_year_2024,,adverse,60,23,37,0,-75.88448143480412,-1.2647413572467352,0.9696957598936174,38.333333333333336,-51.204016320876185,DESCRIPTIVE_SAMPLE,combined,bearish/high,100.0,,recent
donchian_atr,eth_short_regime_challenge_v1_donchian_atr,20261007T203647Z-194d4424b93c,35ccc5357e144a60b80a236bf4f9d84b,ff43266d9f6c730a,ETHUSDT,1h,SHORT_ONLY,diagnostic_year_2024,,adverse,0,0,0,0,0.0,,,,,INSUFFICIENT_SAMPLE,combined,bearish/ordinary,0.0,,recent
donchian_atr,eth_short_regime_challenge_v1_donchian_atr,20261007T203647Z-194d4424b93c,35ccc5357e144a60b80a236bf4f9d84b,ff43266d9f6c730a,ETHUSDT,1h,SHORT_ONLY,diagnostic_year_2024,,adverse,0,0,0,0,0.0,,,,,INSUFFICIENT_SAMPLE,combined,bearish/unavailable,0.0,,recent
donchian_atr,eth_short_regime_challenge_v1_donchian_atr,20261007T203647Z-194d4424b93c,35ccc5357e144a60b80a236bf4f9d84b,ff43266d9f6c730a,ETHUSDT,1h,SHORT_ONLY,diagnostic_year_2024,,adverse,0,0,0,0,0.0,,,,,INSUFFICIENT_SAMPLE,combined,bullish/high,0.0,,recent
donchian_atr,eth_short_regime_challenge_v1_donchian_atr,20261007T203647Z-194d4424b93c,35ccc5357e144a60b80a236bf4f9d84b,ff43266d9f6c730a,ETHUSDT,1h,SHORT_ONLY,diagnostic_year_2024,,adverse,0,0,0,0,0.0,,,,,INSUFFICIENT_SAMPLE,combined,bullish/ordinary,0.0,,recent
donchian_atr,eth_short_regime_challenge_v1_donchian_atr,20261007T203647Z-194d4424b93c,35ccc5357e144a60b80a236bf4f9d84b,ff43266d9f6c730a,ETHUSDT,1h,SHORT_ONLY,diagnostic_year_2024,,adverse,0,0,0,0,0.0,,,,,INSUFFICIENT_SAMPLE,combined,bullish/unavailable,0.0,,recent
donchian_atr,eth_short_regime_challenge_v1_donchian_atr,20261007T203647Z-194d4424b93c,35ccc5357e144a60b80a236bf4f9d84b,ff43266d9f6c730a,ETHUSDT,1h,SHORT_ONLY,diagnostic_year_2024,,adverse,0,0,0,0,0.0,,,,,INSUFFICIENT_SAMPLE,combined,mixed/high,0.0,,recent
donchian_atr,eth_short_regime_challenge_v1_donchian_atr,20261007T203647Z-194d4424b93c,35ccc5357e144a60b80a236bf4f9d84b,ff43266d9f6c730a,ETHUSDT,1h,SHORT_ONLY,diagnostic_year_2024,,adverse,0,0,0,0,0.0,,,,,INSUFFICIENT_SAMPLE,combined,mixed/ordinary,0.0,,recent
donchian_atr,eth_short_regime_challenge_v1_donchian_atr,20261007T203647Z-194d4424b93c,35ccc5357e144a60b80a236bf4f9d84b,ff43266d9f6c730a,ETHUSDT,1h,SHORT_ONLY,diagnostic_year_2024,,adverse,0,0,0,0,0.0,,,,,INSUFFICIENT_SAMPLE,combined,mixed/unavailable,0.0,,recent
donchian_atr,eth_short_regime_challenge_v1_donchian_atr,20261007T203647Z-194d4424b93c,35ccc5357e144a60b80a236bf4f9d84b,ff43266d9f6c730a,ETHUSDT,1h,SHORT_ONLY,diagnostic_year_2024,,adverse,0,0,0,0,0.0,,,,,INSUFFICIENT_SAMPLE,combined,unavailable/high,0.0,,recent
donchian_atr,eth_short_regime_challenge_v1_donchian_atr,20261007T203647Z-194d4424b93c,35ccc5357e144a60b80a236bf4f9d84b,ff43266d9f6c730a,ETHUSDT,1h,SHORT_ONLY,diagnostic_year_2024,,adverse,0,0,0,0,0.0,,,,,INSUFFICIENT_SAMPLE,combined,unavailable/ordinary,0.0,,recent
donchian_atr,eth_short_regime_challenge_v1_donchian_atr,20261007T203647Z-194d4424b93c,35ccc5357e144a60b80a236bf4f9d84b,ff43266d9f6c730a,ETHUSDT,1h,SHORT_ONLY,diagnostic_year_2024,,adverse,0,0,0,0,0.0,,,,,INSUFFICIENT_SAMPLE,combined,unavailable/unavailable,0.0,,recent
donchian_atr,eth_short_regime_challenge_v1_donchian_atr,20261007T203647Z-194d4424b93c,ce3016cf15b0499092b46d051dfdbfdf,e0dd4c731d1d27f0,ETHUSDT,1h,SHORT_ONLY,diagnostic_year_2024,,base,61,24,37,0,119.11527662878282,1.952709452930866,1.048056748015009,39.34426229508197,-48.6286710939489,DESCRIPTIVE_SAMPLE,trend,bearish,100.0,99.9999999999999,recent
donchian_atr,eth_short_regime_challenge_v1_donchian_atr,20261007T203647Z-194d4424b93c,ce3016cf15b0499092b46d051dfdbfdf,e0dd4c731d1d27f0,ETHUSDT,1h,SHORT_ONLY,diagnostic_year_2024,,base,0,0,0,0,0.0,,,,,INSUFFICIENT_SAMPLE,trend,bullish,0.0,0.0,recent
donchian_atr,eth_short_regime_challenge_v1_donchian_atr,20261007T203647Z-194d4424b93c,ce3016cf15b0499092b46d051dfdbfdf,e0dd4c731d1d27f0,ETHUSDT,1h,SHORT_ONLY,diagnostic_year_2024,,base,0,0,0,0,0.0,,,,,INSUFFICIENT_SAMPLE,trend,mixed,0.0,0.0,recent
donchian_atr,eth_short_regime_challenge_v1_donchian_atr,20261007T203647Z-194d4424b93c,ce3016cf15b0499092b46d051dfdbfdf,e0dd4c731d1d27f0,ETHUSDT,1h,SHORT_ONLY,diagnostic_year_2024,,base,0,0,0,0,0.0,,,,,INSUFFICIENT_SAMPLE,trend,unavailable,0.0,0.0,recent
donchian_atr,eth_short_regime_challenge_v1_donchian_atr,20261007T203647Z-194d4424b93c,ce3016cf15b0499092b46d051dfdbfdf,e0dd4c731d1d27f0,ETHUSDT,1h,SHORT_ONLY,diagnostic_year_2024,,base,61,24,37,0,119.11527662878282,1.952709452930866,1.048056748015009,39.34426229508197,-48.6286710939489,DESCRIPTIVE_SAMPLE,volatility,high,100.0,99.9999999999999,recent
donchian_atr,eth_short_regime_challenge_v1_donchian_atr,20261007T203647Z-194d4424b93c,ce3016cf15b0499092b46d051dfdbfdf,e0dd4c731d1d27f0,ETHUSDT,1h,SHORT_ONLY,diagnostic_year_2024,,base,0,0,0,0,0.0,,,,,INSUFFICIENT_SAMPLE,volatility,ordinary,0.0,0.0,recent
donchian_atr,eth_short_regime_challenge_v1_donchian_atr,20261007T203647Z-194d4424b93c,ce3016cf15b0499092b46d051dfdbfdf,e0dd4c731d1d27f0,ETHUSDT,1h,SHORT_ONLY,diagnostic_year_2024,,base,0,0,0,0,0.0,,,,,INSUFFICIENT_SAMPLE,volatility,unavailable,0.0,0.0,recent
donchian_atr,eth_short_regime_challenge_v1_donchian_atr,20261007T203647Z-194d4424b93c,ce3016cf15b0499092b46d051dfdbfdf,e0dd4c731d1d27f0,ETHUSDT,1h,SHORT_ONLY,diagnostic_year_2024,,base,61,24,37,0,119.11527662878282,1.952709452930866,1.048056748015009,39.34426229508197,-48.6286710939489,DESCRIPTIVE_SAMPLE,combined,bearish/high,100.0,99.9999999999999,recent
donchian_atr,eth_short_regime_challenge_v1_donchian_atr,20261007T203647Z-194d4424b93c,ce3016cf15b0499092b46d051dfdbfdf,e0dd4c731d1d27f0,ETHUSDT,1h,SHORT_ONLY,diagnostic_year_2024,,base,0,0,0,0,0.0,,,,,INSUFFICIENT_SAMPLE,combined,bearish/ordinary,0.0,0.0,recent
donchian_atr,eth_short_regime_challenge_v1_donchian_atr,20261007T203647Z-194d4424b93c,ce3016cf15b0499092b46d051dfdbfdf,e0dd4c731d1d27f0,ETHUSDT,1h,SHORT_ONLY,diagnostic_year_2024,,base,0,0,0,0,0.0,,,,,INSUFFICIENT_SAMPLE,combined,bearish/unavailable,0.0,0.0,recent
donchian_atr,eth_short_regime_challenge_v1_donchian_atr,20261007T203647Z-194d4424b93c,ce3016cf15b0499092b46d051dfdbfdf,e0dd4c731d1d27f0,ETHUSDT,1h,SHORT_ONLY,diagnostic_year_2024,,base,0,0,0,0,0.0,,,,,INSUFFICIENT_SAMPLE,combined,bullish/high,0.0,0.0,recent
donchian_atr,eth_short_regime_challenge_v1_donchian_atr,20261007T203647Z-194d4424b93c,ce3016cf15b0499092b46d051dfdbfdf,e0dd4c731d1d27f0,ETHUSDT,1h,SHORT_ONLY,diagnostic_year_2024,,base,0,0,0,0,0.0,,,,,INSUFFICIENT_SAMPLE,combined,bullish/ordinary,0.0,0.0,recent
donchian_atr,eth_short_regime_challenge_v1_donchian_atr,20261007T203647Z-194d4424b93c,ce3016cf15b0499092b46d051dfdbfdf,e0dd4c731d1d27f0,ETHUSDT,1h,SHORT_ONLY,diagnostic_year_2024,,base,0,0,0,0,0.0,,,,,INSUFFICIENT_SAMPLE,combined,bullish/unavailable,0.0,0.0,recent
donchian_atr,eth_short_regime_challenge_v1_donchian_atr,20261007T203647Z-194d4424b93c,ce3016cf15b0499092b46d051dfdbfdf,e0dd4c731d1d27f0,ETHUSDT,1h,SHORT_ONLY,diagnostic_year_2024,,base,0,0,0,0,0.0,,,,,INSUFFICIENT_SAMPLE,combined,mixed/high,0.0,0.0,recent
donchian_atr,eth_short_regime_challenge_v1_donchian_atr,20261007T203647Z-194d4424b93c,ce3016cf15b0499092b46d051dfdbfdf,e0dd4c731d1d27f0,ETHUSDT,1h,SHORT_ONLY,diagnostic_year_2024,,base,0,0,0,0,0.0,,,,,INSUFFICIENT_SAMPLE,combined,mixed/ordinary,0.0,0.0,recent
donchian_atr,eth_short_regime_challenge_v1_donchian_atr,20261007T203647Z-194d4424b93c,ce3016cf15b0499092b46d051dfdbfdf,e0dd4c731d1d27f0,ETHUSDT,1h,SHORT_ONLY,diagnostic_year_2024,,base,0,0,0,0,0.0,,,,,INSUFFICIENT_SAMPLE,combined,mixed/unavailable,0.0,0.0,recent
donchian_atr,eth_short_regime_challenge_v1_donchian_atr,20261007T203647Z-194d4424b93c,ce3016cf15b0499092b46d051dfdbfdf,e0dd4c731d1d27f0,ETHUSDT,1h,SHORT_ONLY,diagnostic_year_2024,,base,0,0,0,0,0.0,,,,,INSUFFICIENT_SAMPLE,combined,unavailable/high,0.0,0.0,recent
donchian_atr,eth_short_regime_challenge_v1_donchian_atr,20261007T203647Z-194d4424b93c,ce3016cf15b0499092b46d051dfdbfdf,e0dd4c731d1d27f0,ETHUSDT,1h,SHORT_ONLY,diagnostic_year_2024,,base,0,0,0,0,0.0,,,,,INSUFFICIENT_SAMPLE,combined,unavailable/ordinary,0.0,0.0,recent
donchian_atr,eth_short_regime_challenge_v1_donchian_atr,20261007T203647Z-194d4424b93c,ce3016cf15b0499092b46d051dfdbfdf,e0dd4c731d1d27f0,ETHUSDT,1h,SHORT_ONLY,diagnostic_year_2024,,base,0,0,0,0,0.0,,,,,INSUFFICIENT_SAMPLE,combined,unavailable/unavailable,0.0,0.0,recent
donchian_atr,eth_short_regime_challenge_v1_donchian_atr,20261007T203647Z-194d4424b93c,49b0cc7496e142fea0a8054bda77bf13,e0dd4c731d1d27f0,ETHUSDT,1h,SHORT_ONLY,diagnostic_year_2024,,adverse,59,23,36,0,-45.77419843514063,-0.7758338717820447,0.981547932392109,38.983050847457626,-51.51453890269235,DESCRIPTIVE_SAMPLE,trend,bearish,100.0,,recent
donchian_atr,eth_short_regime_challenge_v1_donchian_atr,20261007T203647Z-194d4424b93c,49b0cc7496e142fea0a8054bda77bf13,e0dd4c731d1d27f0,ETHUSDT,1h,SHORT_ONLY,diagnostic_year_2024,,adverse,0,0,0,0,0.0,,,,,INSUFFICIENT_SAMPLE,trend,bullish,0.0,,recent
donchian_atr,eth_short_regime_challenge_v1_donchian_atr,20261007T203647Z-194d4424b93c,49b0cc7496e142fea0a8054bda77bf13,e0dd4c731d1d27f0,ETHUSDT,1h,SHORT_ONLY,diagnostic_year_2024,,adverse,0,0,0,0,0.0,,,,,INSUFFICIENT_SAMPLE,trend,mixed,0.0,,recent
donchian_atr,eth_short_regime_challenge_v1_donchian_atr,20261007T203647Z-194d4424b93c,49b0cc7496e142fea0a8054bda77bf13,e0dd4c731d1d27f0,ETHUSDT,1h,SHORT_ONLY,diagnostic_year_2024,,adverse,0,0,0,0,0.0,,,,,INSUFFICIENT_SAMPLE,trend,unavailable,0.0,,recent
donchian_atr,eth_short_regime_challenge_v1_donchian_atr,20261007T203647Z-194d4424b93c,49b0cc7496e142fea0a8054bda77bf13,e0dd4c731d1d27f0,ETHUSDT,1h,SHORT_ONLY,diagnostic_year_2024,,adverse,59,23,36,0,-45.77419843514063,-0.7758338717820447,0.981547932392109,38.983050847457626,-51.51453890269235,DESCRIPTIVE_SAMPLE,volatility,high,100.0,,recent
donchian_atr,eth_short_regime_challenge_v1_donchian_atr,20261007T203647Z-194d4424b93c,49b0cc7496e142fea0a8054bda77bf13,e0dd4c731d1d27f0,ETHUSDT,1h,SHORT_ONLY,diagnostic_year_2024,,adverse,0,0,0,0,0.0,,,,,INSUFFICIENT_SAMPLE,volatility,ordinary,0.0,,recent
donchian_atr,eth_short_regime_challenge_v1_donchian_atr,20261007T203647Z-194d4424b93c,49b0cc7496e142fea0a8054bda77bf13,e0dd4c731d1d27f0,ETHUSDT,1h,SHORT_ONLY,diagnostic_year_2024,,adverse,0,0,0,0,0.0,,,,,INSUFFICIENT_SAMPLE,volatility,unavailable,0.0,,recent
donchian_atr,eth_short_regime_challenge_v1_donchian_atr,20261007T203647Z-194d4424b93c,49b0cc7496e142fea0a8054bda77bf13,e0dd4c731d1d27f0,ETHUSDT,1h,SHORT_ONLY,diagnostic_year_2024,,adverse,59,23,36,0,-45.77419843514063,-0.7758338717820447,0.981547932392109,38.983050847457626,-51.51453890269235,DESCRIPTIVE_SAMPLE,combined,bearish/high,100.0,,recent
donchian_atr,eth_short_regime_challenge_v1_donchian_atr,20261007T203647Z-194d4424b93c,49b0cc7496e142fea0a8054bda77bf13,e0dd4c731d1d27f0,ETHUSDT,1h,SHORT_ONLY,diagnostic_year_2024,,adverse,0,0,0,0,0.0,,,,,INSUFFICIENT_SAMPLE,combined,bearish/ordinary,0.0,,recent
donchian_atr,eth_short_regime_challenge_v1_donchian_atr,20261007T203647Z-194d4424b93c,49b0cc7496e142fea0a8054bda77bf13,e0dd4c731d1d27f0,ETHUSDT,1h,SHORT_ONLY,diagnostic_year_2024,,adverse,0,0,0,0,0.0,,,,,INSUFFICIENT_SAMPLE,combined,bearish/unavailable,0.0,,recent
donchian_atr,eth_short_regime_challenge_v1_donchian_atr,20261007T203647Z-194d4424b93c,49b0cc7496e142fea0a8054bda77bf13,e0dd4c731d1d27f0,ETHUSDT,1h,SHORT_ONLY,diagnostic_year_2024,,adverse,0,0,0,0,0.0,,,,,INSUFFICIENT_SAMPLE,combined,bullish/high,0.0,,recent
donchian_atr,eth_short_regime_challenge_v1_donchian_atr,20261007T203647Z-194d4424b93c,49b0cc7496e142fea0a8054bda77bf13,e0dd4c731d1d27f0,ETHUSDT,1h,SHORT_ONLY,diagnostic_year_2024,,adverse,0,0,0,0,0.0,,,,,INSUFFICIENT_SAMPLE,combined,bullish/ordinary,0.0,,recent
donchian_atr,eth_short_regime_challenge_v1_donchian_atr,20261007T203647Z-194d4424b93c,49b0cc7496e142fea0a8054bda77bf13,e0dd4c731d1d27f0,ETHUSDT,1h,SHORT_ONLY,diagnostic_year_2024,,adverse,0,0,0,0,0.0,,,,,INSUFFICIENT_SAMPLE,combined,bullish/unavailable,0.0,,recent
donchian_atr,eth_short_regime_challenge_v1_donchian_atr,20261007T203647Z-194d4424b93c,49b0cc7496e142fea0a8054bda77bf13,e0dd4c731d1d27f0,ETHUSDT,1h,SHORT_ONLY,diagnostic_year_2024,,adverse,0,0,0,0,0.0,,,,,INSUFFICIENT_SAMPLE,combined,mixed/high,0.0,,recent
donchian_atr,eth_short_regime_challenge_v1_donchian_atr,20261007T203647Z-194d4424b93c,49b0cc7496e142fea0a8054bda77bf13,e0dd4c731d1d27f0,ETHUSDT,1h,SHORT_ONLY,diagnostic_year_2024,,adverse,0,0,0,0,0.0,,,,,INSUFFICIENT_SAMPLE,combined,mixed/ordinary,0.0,,recent
donchian_atr,eth_short_regime_challenge_v1_donchian_atr,20261007T203647Z-194d4424b93c,49b0cc7496e142fea0a8054bda77bf13,e0dd4c731d1d27f0,ETHUSDT,1h,SHORT_ONLY,diagnostic_year_2024,,adverse,0,0,0,0,0.0,,,,,INSUFFICIENT_SAMPLE,combined,mixed/unavailable,0.0,,recent
donchian_atr,eth_short_regime_challenge_v1_donchian_atr,20261007T203647Z-194d4424b93c,49b0cc7496e142fea0a8054bda77bf13,e0dd4c731d1d27f0,ETHUSDT,1h,SHORT_ONLY,diagnostic_year_2024,,adverse,0,0,0,0,0.0,,,,,INSUFFICIENT_SAMPLE,combined,unavailable/high,0.0,,recent
donchian_atr,eth_short_regime_challenge_v1_donchian_atr,20261007T203647Z-194d4424b93c,49b0cc7496e142fea0a8054bda77bf13,e0dd4c731d1d27f0,ETHUSDT,1h,SHORT_ONLY,diagnostic_year_2024,,adverse,0,0,0,0,0.0,,,,,INSUFFICIENT_SAMPLE,combined,unavailable/ordinary,0.0,,recent
donchian_atr,eth_short_regime_challenge_v1_donchian_atr,20261007T203647Z-194d4424b93c,49b0cc7496e142fea0a8054bda77bf13,e0dd4c731d1d27f0,ETHUSDT,1h,SHORT_ONLY,diagnostic_year_2024,,adverse,0,0,0,0,0.0,,,,,INSUFFICIENT_SAMPLE,combined,unavailable/unavailable,0.0,,recent
donchian_atr,eth_short_regime_challenge_v1_donchian_atr,20261007T203647Z-194d4424b93c,27d628d6a97846acb587a4cb71c55fe0,827790540ac7604f,ETHUSDT,1h,SHORT_ONLY,diagnostic_year_2024,,base,60,24,36,0,176.60928452460274,2.9434880754100456,1.07285197254125,40.0,-48.13448053427464,DESCRIPTIVE_SAMPLE,trend,bearish,100.0,99.99999999999991,recent
donchian_atr,eth_short_regime_challenge_v1_donchian_atr,20261007T203647Z-194d4424b93c,27d628d6a97846acb587a4cb71c55fe0,827790540ac7604f,ETHUSDT,1h,SHORT_ONLY,diagnostic_year_2024,,base,0,0,0,0,0.0,,,,,INSUFFICIENT_SAMPLE,trend,bullish,0.0,0.0,recent
donchian_atr,eth_short_regime_challenge_v1_donchian_atr,20261007T203647Z-194d4424b93c,27d628d6a97846acb587a4cb71c55fe0,827790540ac7604f,ETHUSDT,1h,SHORT_ONLY,diagnostic_year_2024,,base,0,0,0,0,0.0,,,,,INSUFFICIENT_SAMPLE,trend,mixed,0.0,0.0,recent
donchian_atr,eth_short_regime_challenge_v1_donchian_atr,20261007T203647Z-194d4424b93c,27d628d6a97846acb587a4cb71c55fe0,827790540ac7604f,ETHUSDT,1h,SHORT_ONLY,diagnostic_year_2024,,base,0,0,0,0,0.0,,,,,INSUFFICIENT_SAMPLE,trend,unavailable,0.0,0.0,recent
donchian_atr,eth_short_regime_challenge_v1_donchian_atr,20261007T203647Z-194d4424b93c,27d628d6a97846acb587a4cb71c55fe0,827790540ac7604f,ETHUSDT,1h,SHORT_ONLY,diagnostic_year_2024,,base,60,24,36,0,176.60928452460274,2.9434880754100456,1.07285197254125,40.0,-48.13448053427464,DESCRIPTIVE_SAMPLE,volatility,high,100.0,99.99999999999991,recent
donchian_atr,eth_short_regime_challenge_v1_donchian_atr,20261007T203647Z-194d4424b93c,27d628d6a97846acb587a4cb71c55fe0,827790540ac7604f,ETHUSDT,1h,SHORT_ONLY,diagnostic_year_2024,,base,0,0,0,0,0.0,,,,,INSUFFICIENT_SAMPLE,volatility,ordinary,0.0,0.0,recent
donchian_atr,eth_short_regime_challenge_v1_donchian_atr,20261007T203647Z-194d4424b93c,27d628d6a97846acb587a4cb71c55fe0,827790540ac7604f,ETHUSDT,1h,SHORT_ONLY,diagnostic_year_2024,,base,0,0,0,0,0.0,,,,,INSUFFICIENT_SAMPLE,volatility,unavailable,0.0,0.0,recent
donchian_atr,eth_short_regime_challenge_v1_donchian_atr,20261007T203647Z-194d4424b93c,27d628d6a97846acb587a4cb71c55fe0,827790540ac7604f,ETHUSDT,1h,SHORT_ONLY,diagnostic_year_2024,,base,60,24,36,0,176.60928452460274,2.9434880754100456,1.07285197254125,40.0,-48.13448053427464,DESCRIPTIVE_SAMPLE,combined,bearish/high,100.0,99.99999999999991,recent
donchian_atr,eth_short_regime_challenge_v1_donchian_atr,20261007T203647Z-194d4424b93c,27d628d6a97846acb587a4cb71c55fe0,827790540ac7604f,ETHUSDT,1h,SHORT_ONLY,diagnostic_year_2024,,base,0,0,0,0,0.0,,,,,INSUFFICIENT_SAMPLE,combined,bearish/ordinary,0.0,0.0,recent
donchian_atr,eth_short_regime_challenge_v1_donchian_atr,20261007T203647Z-194d4424b93c,27d628d6a97846acb587a4cb71c55fe0,827790540ac7604f,ETHUSDT,1h,SHORT_ONLY,diagnostic_year_2024,,base,0,0,0,0,0.0,,,,,INSUFFICIENT_SAMPLE,combined,bearish/unavailable,0.0,0.0,recent
donchian_atr,eth_short_regime_challenge_v1_donchian_atr,20261007T203647Z-194d4424b93c,27d628d6a97846acb587a4cb71c55fe0,827790540ac7604f,ETHUSDT,1h,SHORT_ONLY,diagnostic_year_2024,,base,0,0,0,0,0.0,,,,,INSUFFICIENT_SAMPLE,combined,bullish/high,0.0,0.0,recent
donchian_atr,eth_short_regime_challenge_v1_donchian_atr,20261007T203647Z-194d4424b93c,27d628d6a97846acb587a4cb71c55fe0,827790540ac7604f,ETHUSDT,1h,SHORT_ONLY,diagnostic_year_2024,,base,0,0,0,0,0.0,,,,,INSUFFICIENT_SAMPLE,combined,bullish/ordinary,0.0,0.0,recent
donchian_atr,eth_short_regime_challenge_v1_donchian_atr,20261007T203647Z-194d4424b93c,27d628d6a97846acb587a4cb71c55fe0,827790540ac7604f,ETHUSDT,1h,SHORT_ONLY,diagnostic_year_2024,,base,0,0,0,0,0.0,,,,,INSUFFICIENT_SAMPLE,combined,bullish/unavailable,0.0,0.0,recent
donchian_atr,eth_short_regime_challenge_v1_donchian_atr,20261007T203647Z-194d4424b93c,27d628d6a97846acb587a4cb71c55fe0,827790540ac7604f,ETHUSDT,1h,SHORT_ONLY,diagnostic_year_2024,,base,0,0,0,0,0.0,,,,,INSUFFICIENT_SAMPLE,combined,mixed/high,0.0,0.0,recent
donchian_atr,eth_short_regime_challenge_v1_donchian_atr,20261007T203647Z-194d4424b93c,27d628d6a97846acb587a4cb71c55fe0,827790540ac7604f,ETHUSDT,1h,SHORT_ONLY,diagnostic_year_2024,,base,0,0,0,0,0.0,,,,,INSUFFICIENT_SAMPLE,combined,mixed/ordinary,0.0,0.0,recent
donchian_atr,eth_short_regime_challenge_v1_donchian_atr,20261007T203647Z-194d4424b93c,27d628d6a97846acb587a4cb71c55fe0,827790540ac7604f,ETHUSDT,1h,SHORT_ONLY,diagnostic_year_2024,,base,0,0,0,0,0.0,,,,,INSUFFICIENT_SAMPLE,combined,mixed/unavailable,0.0,0.0,recent
donchian_atr,eth_short_regime_challenge_v1_donchian_atr,20261007T203647Z-194d4424b93c,27d628d6a97846acb587a4cb71c55fe0,827790540ac7604f,ETHUSDT,1h,SHORT_ONLY,diagnostic_year_2024,,base,0,0,0,0,0.0,,,,,INSUFFICIENT_SAMPLE,combined,unavailable/high,0.0,0.0,recent
donchian_atr,eth_short_regime_challenge_v1_donchian_atr,20261007T203647Z-194d4424b93c,27d628d6a97846acb587a4cb71c55fe0,827790540ac7604f,ETHUSDT,1h,SHORT_ONLY,diagnostic_year_2024,,base,0,0,0,0,0.0,,,,,INSUFFICIENT_SAMPLE,combined,unavailable/ordinary,0.0,0.0,recent
donchian_atr,eth_short_regime_challenge_v1_donchian_atr,20261007T203647Z-194d4424b93c,27d628d6a97846acb587a4cb71c55fe0,827790540ac7604f,ETHUSDT,1h,SHORT_ONLY,diagnostic_year_2024,,base,0,0,0,0,0.0,,,,,INSUFFICIENT_SAMPLE,combined,unavailable/unavailable,0.0,0.0,recent
donchian_atr,eth_short_regime_challenge_v1_donchian_atr,20261007T203647Z-194d4424b93c,75c40ca6cbee4de29fff9a70ff29ffc8,827790540ac7604f,ETHUSDT,1h,SHORT_ONLY,diagnostic_year_2024,,adverse,58,23,35,0,14.215598833327576,0.2450965316090961,1.0058649170508618,39.6551724137931,-51.32495239005912,DESCRIPTIVE_SAMPLE,trend,bearish,100.0,99.99999999999946,recent
donchian_atr,eth_short_regime_challenge_v1_donchian_atr,20261007T203647Z-194d4424b93c,75c40ca6cbee4de29fff9a70ff29ffc8,827790540ac7604f,ETHUSDT,1h,SHORT_ONLY,diagnostic_year_2024,,adverse,0,0,0,0,0.0,,,,,INSUFFICIENT_SAMPLE,trend,bullish,0.0,0.0,recent
donchian_atr,eth_short_regime_challenge_v1_donchian_atr,20261007T203647Z-194d4424b93c,75c40ca6cbee4de29fff9a70ff29ffc8,827790540ac7604f,ETHUSDT,1h,SHORT_ONLY,diagnostic_year_2024,,adverse,0,0,0,0,0.0,,,,,INSUFFICIENT_SAMPLE,trend,mixed,0.0,0.0,recent
donchian_atr,eth_short_regime_challenge_v1_donchian_atr,20261007T203647Z-194d4424b93c,75c40ca6cbee4de29fff9a70ff29ffc8,827790540ac7604f,ETHUSDT,1h,SHORT_ONLY,diagnostic_year_2024,,adverse,0,0,0,0,0.0,,,,,INSUFFICIENT_SAMPLE,trend,unavailable,0.0,0.0,recent
donchian_atr,eth_short_regime_challenge_v1_donchian_atr,20261007T203647Z-194d4424b93c,75c40ca6cbee4de29fff9a70ff29ffc8,827790540ac7604f,ETHUSDT,1h,SHORT_ONLY,diagnostic_year_2024,,adverse,58,23,35,0,14.215598833327576,0.2450965316090961,1.0058649170508618,39.6551724137931,-51.32495239005912,DESCRIPTIVE_SAMPLE,volatility,high,100.0,99.99999999999946,recent
donchian_atr,eth_short_regime_challenge_v1_donchian_atr,20261007T203647Z-194d4424b93c,75c40ca6cbee4de29fff9a70ff29ffc8,827790540ac7604f,ETHUSDT,1h,SHORT_ONLY,diagnostic_year_2024,,adverse,0,0,0,0,0.0,,,,,INSUFFICIENT_SAMPLE,volatility,ordinary,0.0,0.0,recent
donchian_atr,eth_short_regime_challenge_v1_donchian_atr,20261007T203647Z-194d4424b93c,75c40ca6cbee4de29fff9a70ff29ffc8,827790540ac7604f,ETHUSDT,1h,SHORT_ONLY,diagnostic_year_2024,,adverse,0,0,0,0,0.0,,,,,INSUFFICIENT_SAMPLE,volatility,unavailable,0.0,0.0,recent
donchian_atr,eth_short_regime_challenge_v1_donchian_atr,20261007T203647Z-194d4424b93c,75c40ca6cbee4de29fff9a70ff29ffc8,827790540ac7604f,ETHUSDT,1h,SHORT_ONLY,diagnostic_year_2024,,adverse,58,23,35,0,14.215598833327576,0.2450965316090961,1.0058649170508618,39.6551724137931,-51.32495239005912,DESCRIPTIVE_SAMPLE,combined,bearish/high,100.0,99.99999999999946,recent
donchian_atr,eth_short_regime_challenge_v1_donchian_atr,20261007T203647Z-194d4424b93c,75c40ca6cbee4de29fff9a70ff29ffc8,827790540ac7604f,ETHUSDT,1h,SHORT_ONLY,diagnostic_year_2024,,adverse,0,0,0,0,0.0,,,,,INSUFFICIENT_SAMPLE,combined,bearish/ordinary,0.0,0.0,recent
donchian_atr,eth_short_regime_challenge_v1_donchian_atr,20261007T203647Z-194d4424b93c,75c40ca6cbee4de29fff9a70ff29ffc8,827790540ac7604f,ETHUSDT,1h,SHORT_ONLY,diagnostic_year_2024,,adverse,0,0,0,0,0.0,,,,,INSUFFICIENT_SAMPLE,combined,bearish/unavailable,0.0,0.0,recent
donchian_atr,eth_short_regime_challenge_v1_donchian_atr,20261007T203647Z-194d4424b93c,75c40ca6cbee4de29fff9a70ff29ffc8,827790540ac7604f,ETHUSDT,1h,SHORT_ONLY,diagnostic_year_2024,,adverse,0,0,0,0,0.0,,,,,INSUFFICIENT_SAMPLE,combined,bullish/high,0.0,0.0,recent
donchian_atr,eth_short_regime_challenge_v1_donchian_atr,20261007T203647Z-194d4424b93c,75c40ca6cbee4de29fff9a70ff29ffc8,827790540ac7604f,ETHUSDT,1h,SHORT_ONLY,diagnostic_year_2024,,adverse,0,0,0,0,0.0,,,,,INSUFFICIENT_SAMPLE,combined,bullish/ordinary,0.0,0.0,recent
donchian_atr,eth_short_regime_challenge_v1_donchian_atr,20261007T203647Z-194d4424b93c,75c40ca6cbee4de29fff9a70ff29ffc8,827790540ac7604f,ETHUSDT,1h,SHORT_ONLY,diagnostic_year_2024,,adverse,0,0,0,0,0.0,,,,,INSUFFICIENT_SAMPLE,combined,bullish/unavailable,0.0,0.0,recent
donchian_atr,eth_short_regime_challenge_v1_donchian_atr,20261007T203647Z-194d4424b93c,75c40ca6cbee4de29fff9a70ff29ffc8,827790540ac7604f,ETHUSDT,1h,SHORT_ONLY,diagnostic_year_2024,,adverse,0,0,0,0,0.0,,,,,INSUFFICIENT_SAMPLE,combined,mixed/high,0.0,0.0,recent
donchian_atr,eth_short_regime_challenge_v1_donchian_atr,20261007T203647Z-194d4424b93c,75c40ca6cbee4de29fff9a70ff29ffc8,827790540ac7604f,ETHUSDT,1h,SHORT_ONLY,diagnostic_year_2024,,adverse,0,0,0,0,0.0,,,,,INSUFFICIENT_SAMPLE,combined,mixed/ordinary,0.0,0.0,recent
donchian_atr,eth_short_regime_challenge_v1_donchian_atr,20261007T203647Z-194d4424b93c,75c40ca6cbee4de29fff9a70ff29ffc8,827790540ac7604f,ETHUSDT,1h,SHORT_ONLY,diagnostic_year_2024,,adverse,0,0,0,0,0.0,,,,,INSUFFICIENT_SAMPLE,combined,mixed/unavailable,0.0,0.0,recent
donchian_atr,eth_short_regime_challenge_v1_donchian_atr,20261007T203647Z-194d4424b93c,75c40ca6cbee4de29fff9a70ff29ffc8,827790540ac7604f,ETHUSDT,1h,SHORT_ONLY,diagnostic_year_2024,,adverse,0,0,0,0,0.0,,,,,INSUFFICIENT_SAMPLE,combined,unavailable/high,0.0,0.0,recent
donchian_atr,eth_short_regime_challenge_v1_donchian_atr,20261007T203647Z-194d4424b93c,75c40ca6cbee4de29fff9a70ff29ffc8,827790540ac7604f,ETHUSDT,1h,SHORT_ONLY,diagnostic_year_2024,,adverse,0,0,0,0,0.0,,,,,INSUFFICIENT_SAMPLE,combined,unavailable/ordinary,0.0,0.0,recent
donchian_atr,eth_short_regime_challenge_v1_donchian_atr,20261007T203647Z-194d4424b93c,75c40ca6cbee4de29fff9a70ff29ffc8,827790540ac7604f,ETHUSDT,1h,SHORT_ONLY,diagnostic_year_2024,,adverse,0,0,0,0,0.0,,,,,INSUFFICIENT_SAMPLE,combined,unavailable/unavailable,0.0,0.0,recent
donchian_atr,eth_short_regime_challenge_v1_donchian_atr,20261007T203647Z-194d4424b93c,b7ef6bf2425449e3b903f4d6a83c6dd7,6719be4e317770b6,ETHUSDT,1h,SHORT_ONLY,diagnostic_year_2024,,base,45,17,28,0,-32.12640530898413,-0.7139201179774252,0.9834853780277156,37.77777777777778,-50.41409118798408,DESCRIPTIVE_SAMPLE,trend,bearish,100.0,,recent
donchian_atr,eth_short_regime_challenge_v1_donchian_atr,20261007T203647Z-194d4424b93c,b7ef6bf2425449e3b903f4d6a83c6dd7,6719be4e317770b6,ETHUSDT,1h,SHORT_ONLY,diagnostic_year_2024,,base,0,0,0,0,0.0,,,,,INSUFFICIENT_SAMPLE,trend,bullish,0.0,,recent
donchian_atr,eth_short_regime_challenge_v1_donchian_atr,20261007T203647Z-194d4424b93c,b7ef6bf2425449e3b903f4d6a83c6dd7,6719be4e317770b6,ETHUSDT,1h,SHORT_ONLY,diagnostic_year_2024,,base,0,0,0,0,0.0,,,,,INSUFFICIENT_SAMPLE,trend,mixed,0.0,,recent
donchian_atr,eth_short_regime_challenge_v1_donchian_atr,20261007T203647Z-194d4424b93c,b7ef6bf2425449e3b903f4d6a83c6dd7,6719be4e317770b6,ETHUSDT,1h,SHORT_ONLY,diagnostic_year_2024,,base,0,0,0,0,0.0,,,,,INSUFFICIENT_SAMPLE,trend,unavailable,0.0,,recent
donchian_atr,eth_short_regime_challenge_v1_donchian_atr,20261007T203647Z-194d4424b93c,b7ef6bf2425449e3b903f4d6a83c6dd7,6719be4e317770b6,ETHUSDT,1h,SHORT_ONLY,diagnostic_year_2024,,base,45,17,28,0,-32.12640530898413,-0.7139201179774252,0.9834853780277156,37.77777777777778,-50.41409118798408,DESCRIPTIVE_SAMPLE,volatility,high,100.0,,recent
donchian_atr,eth_short_regime_challenge_v1_donchian_atr,20261007T203647Z-194d4424b93c,b7ef6bf2425449e3b903f4d6a83c6dd7,6719be4e317770b6,ETHUSDT,1h,SHORT_ONLY,diagnostic_year_2024,,base,0,0,0,0,0.0,,,,,INSUFFICIENT_SAMPLE,volatility,ordinary,0.0,,recent
donchian_atr,eth_short_regime_challenge_v1_donchian_atr,20261007T203647Z-194d4424b93c,b7ef6bf2425449e3b903f4d6a83c6dd7,6719be4e317770b6,ETHUSDT,1h,SHORT_ONLY,diagnostic_year_2024,,base,0,0,0,0,0.0,,,,,INSUFFICIENT_SAMPLE,volatility,unavailable,0.0,,recent
donchian_atr,eth_short_regime_challenge_v1_donchian_atr,20261007T203647Z-194d4424b93c,b7ef6bf2425449e3b903f4d6a83c6dd7,6719be4e317770b6,ETHUSDT,1h,SHORT_ONLY,diagnostic_year_2024,,base,45,17,28,0,-32.12640530898413,-0.7139201179774252,0.9834853780277156,37.77777777777778,-50.41409118798408,DESCRIPTIVE_SAMPLE,combined,bearish/high,100.0,,recent
donchian_atr,eth_short_regime_challenge_v1_donchian_atr,20261007T203647Z-194d4424b93c,b7ef6bf2425449e3b903f4d6a83c6dd7,6719be4e317770b6,ETHUSDT,1h,SHORT_ONLY,diagnostic_year_2024,,base,0,0,0,0,0.0,,,,,INSUFFICIENT_SAMPLE,combined,bearish/ordinary,0.0,,recent
donchian_atr,eth_short_regime_challenge_v1_donchian_atr,20261007T203647Z-194d4424b93c,b7ef6bf2425449e3b903f4d6a83c6dd7,6719be4e317770b6,ETHUSDT,1h,SHORT_ONLY,diagnostic_year_2024,,base,0,0,0,0,0.0,,,,,INSUFFICIENT_SAMPLE,combined,bearish/unavailable,0.0,,recent
donchian_atr,eth_short_regime_challenge_v1_donchian_atr,20261007T203647Z-194d4424b93c,b7ef6bf2425449e3b903f4d6a83c6dd7,6719be4e317770b6,ETHUSDT,1h,SHORT_ONLY,diagnostic_year_2024,,base,0,0,0,0,0.0,,,,,INSUFFICIENT_SAMPLE,combined,bullish/high,0.0,,recent
donchian_atr,eth_short_regime_challenge_v1_donchian_atr,20261007T203647Z-194d4424b93c,b7ef6bf2425449e3b903f4d6a83c6dd7,6719be4e317770b6,ETHUSDT,1h,SHORT_ONLY,diagnostic_year_2024,,base,0,0,0,0,0.0,,,,,INSUFFICIENT_SAMPLE,combined,bullish/ordinary,0.0,,recent
donchian_atr,eth_short_regime_challenge_v1_donchian_atr,20261007T203647Z-194d4424b93c,b7ef6bf2425449e3b903f4d6a83c6dd7,6719be4e317770b6,ETHUSDT,1h,SHORT_ONLY,diagnostic_year_2024,,base,0,0,0,0,0.0,,,,,INSUFFICIENT_SAMPLE,combined,bullish/unavailable,0.0,,recent
donchian_atr,eth_short_regime_challenge_v1_donchian_atr,20261007T203647Z-194d4424b93c,b7ef6bf2425449e3b903f4d6a83c6dd7,6719be4e317770b6,ETHUSDT,1h,SHORT_ONLY,diagnostic_year_2024,,base,0,0,0,0,0.0,,,,,INSUFFICIENT_SAMPLE,combined,mixed/high,0.0,,recent
donchian_atr,eth_short_regime_challenge_v1_donchian_atr,20261007T203647Z-194d4424b93c,b7ef6bf2425449e3b903f4d6a83c6dd7,6719be4e317770b6,ETHUSDT,1h,SHORT_ONLY,diagnostic_year_2024,,base,0,0,0,0,0.0,,,,,INSUFFICIENT_SAMPLE,combined,mixed/ordinary,0.0,,recent
donchian_atr,eth_short_regime_challenge_v1_donchian_atr,20261007T203647Z-194d4424b93c,b7ef6bf2425449e3b903f4d6a83c6dd7,6719be4e317770b6,ETHUSDT,1h,SHORT_ONLY,diagnostic_year_2024,,base,0,0,0,0,0.0,,,,,INSUFFICIENT_SAMPLE,combined,mixed/unavailable,0.0,,recent
donchian_atr,eth_short_regime_challenge_v1_donchian_atr,20261007T203647Z-194d4424b93c,b7ef6bf2425449e3b903f4d6a83c6dd7,6719be4e317770b6,ETHUSDT,1h,SHORT_ONLY,diagnostic_year_2024,,base,0,0,0,0,0.0,,,,,INSUFFICIENT_SAMPLE,combined,unavailable/high,0.0,,recent
donchian_atr,eth_short_regime_challenge_v1_donchian_atr,20261007T203647Z-194d4424b93c,b7ef6bf2425449e3b903f4d6a83c6dd7,6719be4e317770b6,ETHUSDT,1h,SHORT_ONLY,diagnostic_year_2024,,base,0,0,0,0,0.0,,,,,INSUFFICIENT_SAMPLE,combined,unavailable/ordinary,0.0,,recent
donchian_atr,eth_short_regime_challenge_v1_donchian_atr,20261007T203647Z-194d4424b93c,b7ef6bf2425449e3b903f4d6a83c6dd7,6719be4e317770b6,ETHUSDT,1h,SHORT_ONLY,diagnostic_year_2024,,base,0,0,0,0,0.0,,,,,INSUFFICIENT_SAMPLE,combined,unavailable/unavailable,0.0,,recent
donchian_atr,eth_short_regime_challenge_v1_donchian_atr,20261007T203647Z-194d4424b93c,66f73e9bd81c4aaba24d0bf497df3dc0,6719be4e317770b6,ETHUSDT,1h,SHORT_ONLY,diagnostic_year_2024,,adverse,44,16,28,0,-225.5727629803376,-5.126653704098582,0.8871871279272862,36.36363636363637,-54.096005506009135,DESCRIPTIVE_SAMPLE,trend,bearish,100.0,,recent
donchian_atr,eth_short_regime_challenge_v1_donchian_atr,20261007T203647Z-194d4424b93c,66f73e9bd81c4aaba24d0bf497df3dc0,6719be4e317770b6,ETHUSDT,1h,SHORT_ONLY,diagnostic_year_2024,,adverse,0,0,0,0,0.0,,,,,INSUFFICIENT_SAMPLE,trend,bullish,0.0,,recent
donchian_atr,eth_short_regime_challenge_v1_donchian_atr,20261007T203647Z-194d4424b93c,66f73e9bd81c4aaba24d0bf497df3dc0,6719be4e317770b6,ETHUSDT,1h,SHORT_ONLY,diagnostic_year_2024,,adverse,0,0,0,0,0.0,,,,,INSUFFICIENT_SAMPLE,trend,mixed,0.0,,recent
donchian_atr,eth_short_regime_challenge_v1_donchian_atr,20261007T203647Z-194d4424b93c,66f73e9bd81c4aaba24d0bf497df3dc0,6719be4e317770b6,ETHUSDT,1h,SHORT_ONLY,diagnostic_year_2024,,adverse,0,0,0,0,0.0,,,,,INSUFFICIENT_SAMPLE,trend,unavailable,0.0,,recent
donchian_atr,eth_short_regime_challenge_v1_donchian_atr,20261007T203647Z-194d4424b93c,66f73e9bd81c4aaba24d0bf497df3dc0,6719be4e317770b6,ETHUSDT,1h,SHORT_ONLY,diagnostic_year_2024,,adverse,44,16,28,0,-225.5727629803376,-5.126653704098582,0.8871871279272862,36.36363636363637,-54.096005506009135,DESCRIPTIVE_SAMPLE,volatility,high,100.0,,recent
donchian_atr,eth_short_regime_challenge_v1_donchian_atr,20261007T203647Z-194d4424b93c,66f73e9bd81c4aaba24d0bf497df3dc0,6719be4e317770b6,ETHUSDT,1h,SHORT_ONLY,diagnostic_year_2024,,adverse,0,0,0,0,0.0,,,,,INSUFFICIENT_SAMPLE,volatility,ordinary,0.0,,recent
donchian_atr,eth_short_regime_challenge_v1_donchian_atr,20261007T203647Z-194d4424b93c,66f73e9bd81c4aaba24d0bf497df3dc0,6719be4e317770b6,ETHUSDT,1h,SHORT_ONLY,diagnostic_year_2024,,adverse,0,0,0,0,0.0,,,,,INSUFFICIENT_SAMPLE,volatility,unavailable,0.0,,recent
donchian_atr,eth_short_regime_challenge_v1_donchian_atr,20261007T203647Z-194d4424b93c,66f73e9bd81c4aaba24d0bf497df3dc0,6719be4e317770b6,ETHUSDT,1h,SHORT_ONLY,diagnostic_year_2024,,adverse,44,16,28,0,-225.5727629803376,-5.126653704098582,0.8871871279272862,36.36363636363637,-54.096005506009135,DESCRIPTIVE_SAMPLE,combined,bearish/high,100.0,,recent
donchian_atr,eth_short_regime_challenge_v1_donchian_atr,20261007T203647Z-194d4424b93c,66f73e9bd81c4aaba24d0bf497df3dc0,6719be4e317770b6,ETHUSDT,1h,SHORT_ONLY,diagnostic_year_2024,,adverse,0,0,0,0,0.0,,,,,INSUFFICIENT_SAMPLE,combined,bearish/ordinary,0.0,,recent
donchian_atr,eth_short_regime_challenge_v1_donchian_atr,20261007T203647Z-194d4424b93c,66f73e9bd81c4aaba24d0bf497df3dc0,6719be4e317770b6,ETHUSDT,1h,SHORT_ONLY,diagnostic_year_2024,,adverse,0,0,0,0,0.0,,,,,INSUFFICIENT_SAMPLE,combined,bearish/unavailable,0.0,,recent
donchian_atr,eth_short_regime_challenge_v1_donchian_atr,20261007T203647Z-194d4424b93c,66f73e9bd81c4aaba24d0bf497df3dc0,6719be4e317770b6,ETHUSDT,1h,SHORT_ONLY,diagnostic_year_2024,,adverse,0,0,0,0,0.0,,,,,INSUFFICIENT_SAMPLE,combined,bullish/high,0.0,,recent
donchian_atr,eth_short_regime_challenge_v1_donchian_atr,20261007T203647Z-194d4424b93c,66f73e9bd81c4aaba24d0bf497df3dc0,6719be4e317770b6,ETHUSDT,1h,SHORT_ONLY,diagnostic_year_2024,,adverse,0,0,0,0,0.0,,,,,INSUFFICIENT_SAMPLE,combined,bullish/ordinary,0.0,,recent
donchian_atr,eth_short_regime_challenge_v1_donchian_atr,20261007T203647Z-194d4424b93c,66f73e9bd81c4aaba24d0bf497df3dc0,6719be4e317770b6,ETHUSDT,1h,SHORT_ONLY,diagnostic_year_2024,,adverse,0,0,0,0,0.0,,,,,INSUFFICIENT_SAMPLE,combined,bullish/unavailable,0.0,,recent
donchian_atr,eth_short_regime_challenge_v1_donchian_atr,20261007T203647Z-194d4424b93c,66f73e9bd81c4aaba24d0bf497df3dc0,6719be4e317770b6,ETHUSDT,1h,SHORT_ONLY,diagnostic_year_2024,,adverse,0,0,0,0,0.0,,,,,INSUFFICIENT_SAMPLE,combined,mixed/high,0.0,,recent
donchian_atr,eth_short_regime_challenge_v1_donchian_atr,20261007T203647Z-194d4424b93c,66f73e9bd81c4aaba24d0bf497df3dc0,6719be4e317770b6,ETHUSDT,1h,SHORT_ONLY,diagnostic_year_2024,,adverse,0,0,0,0,0.0,,,,,INSUFFICIENT_SAMPLE,combined,mixed/ordinary,0.0,,recent
donchian_atr,eth_short_regime_challenge_v1_donchian_atr,20261007T203647Z-194d4424b93c,66f73e9bd81c4aaba24d0bf497df3dc0,6719be4e317770b6,ETHUSDT,1h,SHORT_ONLY,diagnostic_year_2024,,adverse,0,0,0,0,0.0,,,,,INSUFFICIENT_SAMPLE,combined,mixed/unavailable,0.0,,recent
donchian_atr,eth_short_regime_challenge_v1_donchian_atr,20261007T203647Z-194d4424b93c,66f73e9bd81c4aaba24d0bf497df3dc0,6719be4e317770b6,ETHUSDT,1h,SHORT_ONLY,diagnostic_year_2024,,adverse,0,0,0,0,0.0,,,,,INSUFFICIENT_SAMPLE,combined,unavailable/high,0.0,,recent
donchian_atr,eth_short_regime_challenge_v1_donchian_atr,20261007T203647Z-194d4424b93c,66f73e9bd81c4aaba24d0bf497df3dc0,6719be4e317770b6,ETHUSDT,1h,SHORT_ONLY,diagnostic_year_2024,,adverse,0,0,0,0,0.0,,,,,INSUFFICIENT_SAMPLE,combined,unavailable/ordinary,0.0,,recent
donchian_atr,eth_short_regime_challenge_v1_donchian_atr,20261007T203647Z-194d4424b93c,66f73e9bd81c4aaba24d0bf497df3dc0,6719be4e317770b6,ETHUSDT,1h,SHORT_ONLY,diagnostic_year_2024,,adverse,0,0,0,0,0.0,,,,,INSUFFICIENT_SAMPLE,combined,unavailable/unavailable,0.0,,recent
donchian_atr,eth_short_regime_challenge_v1_donchian_atr,20261007T203647Z-194d4424b93c,92c1e8865c6f4804a4dcb7f79ede23ec,4c4aa07c4c65af74,ETHUSDT,1h,SHORT_ONLY,diagnostic_year_2024,,base,45,17,28,0,-32.12640530898413,-0.7139201179774252,0.9834853780277156,37.77777777777778,-50.41409118798408,DESCRIPTIVE_SAMPLE,trend,bearish,100.0,,recent
donchian_atr,eth_short_regime_challenge_v1_donchian_atr,20261007T203647Z-194d4424b93c,92c1e8865c6f4804a4dcb7f79ede23ec,4c4aa07c4c65af74,ETHUSDT,1h,SHORT_ONLY,diagnostic_year_2024,,base,0,0,0,0,0.0,,,,,INSUFFICIENT_SAMPLE,trend,bullish,0.0,,recent
donchian_atr,eth_short_regime_challenge_v1_donchian_atr,20261007T203647Z-194d4424b93c,92c1e8865c6f4804a4dcb7f79ede23ec,4c4aa07c4c65af74,ETHUSDT,1h,SHORT_ONLY,diagnostic_year_2024,,base,0,0,0,0,0.0,,,,,INSUFFICIENT_SAMPLE,trend,mixed,0.0,,recent
donchian_atr,eth_short_regime_challenge_v1_donchian_atr,20261007T203647Z-194d4424b93c,92c1e8865c6f4804a4dcb7f79ede23ec,4c4aa07c4c65af74,ETHUSDT,1h,SHORT_ONLY,diagnostic_year_2024,,base,0,0,0,0,0.0,,,,,INSUFFICIENT_SAMPLE,trend,unavailable,0.0,,recent
donchian_atr,eth_short_regime_challenge_v1_donchian_atr,20261007T203647Z-194d4424b93c,92c1e8865c6f4804a4dcb7f79ede23ec,4c4aa07c4c65af74,ETHUSDT,1h,SHORT_ONLY,diagnostic_year_2024,,base,45,17,28,0,-32.12640530898413,-0.7139201179774252,0.9834853780277156,37.77777777777778,-50.41409118798408,DESCRIPTIVE_SAMPLE,volatility,high,100.0,,recent
donchian_atr,eth_short_regime_challenge_v1_donchian_atr,20261007T203647Z-194d4424b93c,92c1e8865c6f4804a4dcb7f79ede23ec,4c4aa07c4c65af74,ETHUSDT,1h,SHORT_ONLY,diagnostic_year_2024,,base,0,0,0,0,0.0,,,,,INSUFFICIENT_SAMPLE,volatility,ordinary,0.0,,recent
donchian_atr,eth_short_regime_challenge_v1_donchian_atr,20261007T203647Z-194d4424b93c,92c1e8865c6f4804a4dcb7f79ede23ec,4c4aa07c4c65af74,ETHUSDT,1h,SHORT_ONLY,diagnostic_year_2024,,base,0,0,0,0,0.0,,,,,INSUFFICIENT_SAMPLE,volatility,unavailable,0.0,,recent
donchian_atr,eth_short_regime_challenge_v1_donchian_atr,20261007T203647Z-194d4424b93c,92c1e8865c6f4804a4dcb7f79ede23ec,4c4aa07c4c65af74,ETHUSDT,1h,SHORT_ONLY,diagnostic_year_2024,,base,45,17,28,0,-32.12640530898413,-0.7139201179774252,0.9834853780277156,37.77777777777778,-50.41409118798408,DESCRIPTIVE_SAMPLE,combined,bearish/high,100.0,,recent
donchian_atr,eth_short_regime_challenge_v1_donchian_atr,20261007T203647Z-194d4424b93c,92c1e8865c6f4804a4dcb7f79ede23ec,4c4aa07c4c65af74,ETHUSDT,1h,SHORT_ONLY,diagnostic_year_2024,,base,0,0,0,0,0.0,,,,,INSUFFICIENT_SAMPLE,combined,bearish/ordinary,0.0,,recent
donchian_atr,eth_short_regime_challenge_v1_donchian_atr,20261007T203647Z-194d4424b93c,92c1e8865c6f4804a4dcb7f79ede23ec,4c4aa07c4c65af74,ETHUSDT,1h,SHORT_ONLY,diagnostic_year_2024,,base,0,0,0,0,0.0,,,,,INSUFFICIENT_SAMPLE,combined,bearish/unavailable,0.0,,recent
donchian_atr,eth_short_regime_challenge_v1_donchian_atr,20261007T203647Z-194d4424b93c,92c1e8865c6f4804a4dcb7f79ede23ec,4c4aa07c4c65af74,ETHUSDT,1h,SHORT_ONLY,diagnostic_year_2024,,base,0,0,0,0,0.0,,,,,INSUFFICIENT_SAMPLE,combined,bullish/high,0.0,,recent
donchian_atr,eth_short_regime_challenge_v1_donchian_atr,20261007T203647Z-194d4424b93c,92c1e8865c6f4804a4dcb7f79ede23ec,4c4aa07c4c65af74,ETHUSDT,1h,SHORT_ONLY,diagnostic_year_2024,,base,0,0,0,0,0.0,,,,,INSUFFICIENT_SAMPLE,combined,bullish/ordinary,0.0,,recent
donchian_atr,eth_short_regime_challenge_v1_donchian_atr,20261007T203647Z-194d4424b93c,92c1e8865c6f4804a4dcb7f79ede23ec,4c4aa07c4c65af74,ETHUSDT,1h,SHORT_ONLY,diagnostic_year_2024,,base,0,0,0,0,0.0,,,,,INSUFFICIENT_SAMPLE,combined,bullish/unavailable,0.0,,recent
donchian_atr,eth_short_regime_challenge_v1_donchian_atr,20261007T203647Z-194d4424b93c,92c1e8865c6f4804a4dcb7f79ede23ec,4c4aa07c4c65af74,ETHUSDT,1h,SHORT_ONLY,diagnostic_year_2024,,base,0,0,0,0,0.0,,,,,INSUFFICIENT_SAMPLE,combined,mixed/high,0.0,,recent
donchian_atr,eth_short_regime_challenge_v1_donchian_atr,20261007T203647Z-194d4424b93c,92c1e8865c6f4804a4dcb7f79ede23ec,4c4aa07c4c65af74,ETHUSDT,1h,SHORT_ONLY,diagnostic_year_2024,,base,0,0,0,0,0.0,,,,,INSUFFICIENT_SAMPLE,combined,mixed/ordinary,0.0,,recent
donchian_atr,eth_short_regime_challenge_v1_donchian_atr,20261007T203647Z-194d4424b93c,92c1e8865c6f4804a4dcb7f79ede23ec,4c4aa07c4c65af74,ETHUSDT,1h,SHORT_ONLY,diagnostic_year_2024,,base,0,0,0,0,0.0,,,,,INSUFFICIENT_SAMPLE,combined,mixed/unavailable,0.0,,recent
donchian_atr,eth_short_regime_challenge_v1_donchian_atr,20261007T203647Z-194d4424b93c,92c1e8865c6f4804a4dcb7f79ede23ec,4c4aa07c4c65af74,ETHUSDT,1h,SHORT_ONLY,diagnostic_year_2024,,base,0,0,0,0,0.0,,,,,INSUFFICIENT_SAMPLE,combined,unavailable/high,0.0,,recent
donchian_atr,eth_short_regime_challenge_v1_donchian_atr,20261007T203647Z-194d4424b93c,92c1e8865c6f4804a4dcb7f79ede23ec,4c4aa07c4c65af74,ETHUSDT,1h,SHORT_ONLY,diagnostic_year_2024,,base,0,0,0,0,0.0,,,,,INSUFFICIENT_SAMPLE,combined,unavailable/ordinary,0.0,,recent
donchian_atr,eth_short_regime_challenge_v1_donchian_atr,20261007T203647Z-194d4424b93c,92c1e8865c6f4804a4dcb7f79ede23ec,4c4aa07c4c65af74,ETHUSDT,1h,SHORT_ONLY,diagnostic_year_2024,,base,0,0,0,0,0.0,,,,,INSUFFICIENT_SAMPLE,combined,unavailable/unavailable,0.0,,recent
donchian_atr,eth_short_regime_challenge_v1_donchian_atr,20261007T203647Z-194d4424b93c,0d58de13c1ce458680c63d3353d11796,4c4aa07c4c65af74,ETHUSDT,1h,SHORT_ONLY,diagnostic_year_2024,,adverse,44,16,28,0,-225.5727629803376,-5.126653704098582,0.8871871279272862,36.36363636363637,-54.096005506009135,DESCRIPTIVE_SAMPLE,trend,bearish,100.0,,recent
donchian_atr,eth_short_regime_challenge_v1_donchian_atr,20261007T203647Z-194d4424b93c,0d58de13c1ce458680c63d3353d11796,4c4aa07c4c65af74,ETHUSDT,1h,SHORT_ONLY,diagnostic_year_2024,,adverse,0,0,0,0,0.0,,,,,INSUFFICIENT_SAMPLE,trend,bullish,0.0,,recent
donchian_atr,eth_short_regime_challenge_v1_donchian_atr,20261007T203647Z-194d4424b93c,0d58de13c1ce458680c63d3353d11796,4c4aa07c4c65af74,ETHUSDT,1h,SHORT_ONLY,diagnostic_year_2024,,adverse,0,0,0,0,0.0,,,,,INSUFFICIENT_SAMPLE,trend,mixed,0.0,,recent
donchian_atr,eth_short_regime_challenge_v1_donchian_atr,20261007T203647Z-194d4424b93c,0d58de13c1ce458680c63d3353d11796,4c4aa07c4c65af74,ETHUSDT,1h,SHORT_ONLY,diagnostic_year_2024,,adverse,0,0,0,0,0.0,,,,,INSUFFICIENT_SAMPLE,trend,unavailable,0.0,,recent
donchian_atr,eth_short_regime_challenge_v1_donchian_atr,20261007T203647Z-194d4424b93c,0d58de13c1ce458680c63d3353d11796,4c4aa07c4c65af74,ETHUSDT,1h,SHORT_ONLY,diagnostic_year_2024,,adverse,44,16,28,0,-225.5727629803376,-5.126653704098582,0.8871871279272862,36.36363636363637,-54.096005506009135,DESCRIPTIVE_SAMPLE,volatility,high,100.0,,recent
donchian_atr,eth_short_regime_challenge_v1_donchian_atr,20261007T203647Z-194d4424b93c,0d58de13c1ce458680c63d3353d11796,4c4aa07c4c65af74,ETHUSDT,1h,SHORT_ONLY,diagnostic_year_2024,,adverse,0,0,0,0,0.0,,,,,INSUFFICIENT_SAMPLE,volatility,ordinary,0.0,,recent
donchian_atr,eth_short_regime_challenge_v1_donchian_atr,20261007T203647Z-194d4424b93c,0d58de13c1ce458680c63d3353d11796,4c4aa07c4c65af74,ETHUSDT,1h,SHORT_ONLY,diagnostic_year_2024,,adverse,0,0,0,0,0.0,,,,,INSUFFICIENT_SAMPLE,volatility,unavailable,0.0,,recent
donchian_atr,eth_short_regime_challenge_v1_donchian_atr,20261007T203647Z-194d4424b93c,0d58de13c1ce458680c63d3353d11796,4c4aa07c4c65af74,ETHUSDT,1h,SHORT_ONLY,diagnostic_year_2024,,adverse,44,16,28,0,-225.5727629803376,-5.126653704098582,0.8871871279272862,36.36363636363637,-54.096005506009135,DESCRIPTIVE_SAMPLE,combined,bearish/high,100.0,,recent
donchian_atr,eth_short_regime_challenge_v1_donchian_atr,20261007T203647Z-194d4424b93c,0d58de13c1ce458680c63d3353d11796,4c4aa07c4c65af74,ETHUSDT,1h,SHORT_ONLY,diagnostic_year_2024,,adverse,0,0,0,0,0.0,,,,,INSUFFICIENT_SAMPLE,combined,bearish/ordinary,0.0,,recent
donchian_atr,eth_short_regime_challenge_v1_donchian_atr,20261007T203647Z-194d4424b93c,0d58de13c1ce458680c63d3353d11796,4c4aa07c4c65af74,ETHUSDT,1h,SHORT_ONLY,diagnostic_year_2024,,adverse,0,0,0,0,0.0,,,,,INSUFFICIENT_SAMPLE,combined,bearish/unavailable,0.0,,recent
donchian_atr,eth_short_regime_challenge_v1_donchian_atr,20261007T203647Z-194d4424b93c,0d58de13c1ce458680c63d3353d11796,4c4aa07c4c65af74,ETHUSDT,1h,SHORT_ONLY,diagnostic_year_2024,,adverse,0,0,0,0,0.0,,,,,INSUFFICIENT_SAMPLE,combined,bullish/high,0.0,,recent
donchian_atr,eth_short_regime_challenge_v1_donchian_atr,20261007T203647Z-194d4424b93c,0d58de13c1ce458680c63d3353d11796,4c4aa07c4c65af74,ETHUSDT,1h,SHORT_ONLY,diagnostic_year_2024,,adverse,0,0,0,0,0.0,,,,,INSUFFICIENT_SAMPLE,combined,bullish/ordinary,0.0,,recent
donchian_atr,eth_short_regime_challenge_v1_donchian_atr,20261007T203647Z-194d4424b93c,0d58de13c1ce458680c63d3353d11796,4c4aa07c4c65af74,ETHUSDT,1h,SHORT_ONLY,diagnostic_year_2024,,adverse,0,0,0,0,0.0,,,,,INSUFFICIENT_SAMPLE,combined,bullish/unavailable,0.0,,recent
donchian_atr,eth_short_regime_challenge_v1_donchian_atr,20261007T203647Z-194d4424b93c,0d58de13c1ce458680c63d3353d11796,4c4aa07c4c65af74,ETHUSDT,1h,SHORT_ONLY,diagnostic_year_2024,,adverse,0,0,0,0,0.0,,,,,INSUFFICIENT_SAMPLE,combined,mixed/high,0.0,,recent
donchian_atr,eth_short_regime_challenge_v1_donchian_atr,20261007T203647Z-194d4424b93c,0d58de13c1ce458680c63d3353d11796,4c4aa07c4c65af74,ETHUSDT,1h,SHORT_ONLY,diagnostic_year_2024,,adverse,0,0,0,0,0.0,,,,,INSUFFICIENT_SAMPLE,combined,mixed/ordinary,0.0,,recent
donchian_atr,eth_short_regime_challenge_v1_donchian_atr,20261007T203647Z-194d4424b93c,0d58de13c1ce458680c63d3353d11796,4c4aa07c4c65af74,ETHUSDT,1h,SHORT_ONLY,diagnostic_year_2024,,adverse,0,0,0,0,0.0,,,,,INSUFFICIENT_SAMPLE,combined,mixed/unavailable,0.0,,recent
donchian_atr,eth_short_regime_challenge_v1_donchian_atr,20261007T203647Z-194d4424b93c,0d58de13c1ce458680c63d3353d11796,4c4aa07c4c65af74,ETHUSDT,1h,SHORT_ONLY,diagnostic_year_2024,,adverse,0,0,0,0,0.0,,,,,INSUFFICIENT_SAMPLE,combined,unavailable/high,0.0,,recent
donchian_atr,eth_short_regime_challenge_v1_donchian_atr,20261007T203647Z-194d4424b93c,0d58de13c1ce458680c63d3353d11796,4c4aa07c4c65af74,ETHUSDT,1h,SHORT_ONLY,diagnostic_year_2024,,adverse,0,0,0,0,0.0,,,,,INSUFFICIENT_SAMPLE,combined,unavailable/ordinary,0.0,,recent
donchian_atr,eth_short_regime_challenge_v1_donchian_atr,20261007T203647Z-194d4424b93c,0d58de13c1ce458680c63d3353d11796,4c4aa07c4c65af74,ETHUSDT,1h,SHORT_ONLY,diagnostic_year_2024,,adverse,0,0,0,0,0.0,,,,,INSUFFICIENT_SAMPLE,combined,unavailable/unavailable,0.0,,recent
donchian_atr,eth_short_regime_challenge_v1_donchian_atr,20261007T203647Z-194d4424b93c,b444796d7d0a47958c54c2efce3b90a4,db2f1a56c8656a10,ETHUSDT,1h,SHORT_ONLY,diagnostic_year_2024,,base,45,17,28,0,-32.12640530898413,-0.7139201179774252,0.9834853780277156,37.77777777777778,-50.41409118798408,DESCRIPTIVE_SAMPLE,trend,bearish,100.0,,recent
donchian_atr,eth_short_regime_challenge_v1_donchian_atr,20261007T203647Z-194d4424b93c,b444796d7d0a47958c54c2efce3b90a4,db2f1a56c8656a10,ETHUSDT,1h,SHORT_ONLY,diagnostic_year_2024,,base,0,0,0,0,0.0,,,,,INSUFFICIENT_SAMPLE,trend,bullish,0.0,,recent
donchian_atr,eth_short_regime_challenge_v1_donchian_atr,20261007T203647Z-194d4424b93c,b444796d7d0a47958c54c2efce3b90a4,db2f1a56c8656a10,ETHUSDT,1h,SHORT_ONLY,diagnostic_year_2024,,base,0,0,0,0,0.0,,,,,INSUFFICIENT_SAMPLE,trend,mixed,0.0,,recent
donchian_atr,eth_short_regime_challenge_v1_donchian_atr,20261007T203647Z-194d4424b93c,b444796d7d0a47958c54c2efce3b90a4,db2f1a56c8656a10,ETHUSDT,1h,SHORT_ONLY,diagnostic_year_2024,,base,0,0,0,0,0.0,,,,,INSUFFICIENT_SAMPLE,trend,unavailable,0.0,,recent
donchian_atr,eth_short_regime_challenge_v1_donchian_atr,20261007T203647Z-194d4424b93c,b444796d7d0a47958c54c2efce3b90a4,db2f1a56c8656a10,ETHUSDT,1h,SHORT_ONLY,diagnostic_year_2024,,base,45,17,28,0,-32.12640530898413,-0.7139201179774252,0.9834853780277156,37.77777777777778,-50.41409118798408,DESCRIPTIVE_SAMPLE,volatility,high,100.0,,recent
donchian_atr,eth_short_regime_challenge_v1_donchian_atr,20261007T203647Z-194d4424b93c,b444796d7d0a47958c54c2efce3b90a4,db2f1a56c8656a10,ETHUSDT,1h,SHORT_ONLY,diagnostic_year_2024,,base,0,0,0,0,0.0,,,,,INSUFFICIENT_SAMPLE,volatility,ordinary,0.0,,recent
donchian_atr,eth_short_regime_challenge_v1_donchian_atr,20261007T203647Z-194d4424b93c,b444796d7d0a47958c54c2efce3b90a4,db2f1a56c8656a10,ETHUSDT,1h,SHORT_ONLY,diagnostic_year_2024,,base,0,0,0,0,0.0,,,,,INSUFFICIENT_SAMPLE,volatility,unavailable,0.0,,recent
donchian_atr,eth_short_regime_challenge_v1_donchian_atr,20261007T203647Z-194d4424b93c,b444796d7d0a47958c54c2efce3b90a4,db2f1a56c8656a10,ETHUSDT,1h,SHORT_ONLY,diagnostic_year_2024,,base,45,17,28,0,-32.12640530898413,-0.7139201179774252,0.9834853780277156,37.77777777777778,-50.41409118798408,DESCRIPTIVE_SAMPLE,combined,bearish/high,100.0,,recent
donchian_atr,eth_short_regime_challenge_v1_donchian_atr,20261007T203647Z-194d4424b93c,b444796d7d0a47958c54c2efce3b90a4,db2f1a56c8656a10,ETHUSDT,1h,SHORT_ONLY,diagnostic_year_2024,,base,0,0,0,0,0.0,,,,,INSUFFICIENT_SAMPLE,combined,bearish/ordinary,0.0,,recent
donchian_atr,eth_short_regime_challenge_v1_donchian_atr,20261007T203647Z-194d4424b93c,b444796d7d0a47958c54c2efce3b90a4,db2f1a56c8656a10,ETHUSDT,1h,SHORT_ONLY,diagnostic_year_2024,,base,0,0,0,0,0.0,,,,,INSUFFICIENT_SAMPLE,combined,bearish/unavailable,0.0,,recent
donchian_atr,eth_short_regime_challenge_v1_donchian_atr,20261007T203647Z-194d4424b93c,b444796d7d0a47958c54c2efce3b90a4,db2f1a56c8656a10,ETHUSDT,1h,SHORT_ONLY,diagnostic_year_2024,,base,0,0,0,0,0.0,,,,,INSUFFICIENT_SAMPLE,combined,bullish/high,0.0,,recent
donchian_atr,eth_short_regime_challenge_v1_donchian_atr,20261007T203647Z-194d4424b93c,b444796d7d0a47958c54c2efce3b90a4,db2f1a56c8656a10,ETHUSDT,1h,SHORT_ONLY,diagnostic_year_2024,,base,0,0,0,0,0.0,,,,,INSUFFICIENT_SAMPLE,combined,bullish/ordinary,0.0,,recent
donchian_atr,eth_short_regime_challenge_v1_donchian_atr,20261007T203647Z-194d4424b93c,b444796d7d0a47958c54c2efce3b90a4,db2f1a56c8656a10,ETHUSDT,1h,SHORT_ONLY,diagnostic_year_2024,,base,0,0,0,0,0.0,,,,,INSUFFICIENT_SAMPLE,combined,bullish/unavailable,0.0,,recent
donchian_atr,eth_short_regime_challenge_v1_donchian_atr,20261007T203647Z-194d4424b93c,b444796d7d0a47958c54c2efce3b90a4,db2f1a56c8656a10,ETHUSDT,1h,SHORT_ONLY,diagnostic_year_2024,,base,0,0,0,0,0.0,,,,,INSUFFICIENT_SAMPLE,combined,mixed/high,0.0,,recent
donchian_atr,eth_short_regime_challenge_v1_donchian_atr,20261007T203647Z-194d4424b93c,b444796d7d0a47958c54c2efce3b90a4,db2f1a56c8656a10,ETHUSDT,1h,SHORT_ONLY,diagnostic_year_2024,,base,0,0,0,0,0.0,,,,,INSUFFICIENT_SAMPLE,combined,mixed/ordinary,0.0,,recent
donchian_atr,eth_short_regime_challenge_v1_donchian_atr,20261007T203647Z-194d4424b93c,b444796d7d0a47958c54c2efce3b90a4,db2f1a56c8656a10,ETHUSDT,1h,SHORT_ONLY,diagnostic_year_2024,,base,0,0,0,0,0.0,,,,,INSUFFICIENT_SAMPLE,combined,mixed/unavailable,0.0,,recent
donchian_atr,eth_short_regime_challenge_v1_donchian_atr,20261007T203647Z-194d4424b93c,b444796d7d0a47958c54c2efce3b90a4,db2f1a56c8656a10,ETHUSDT,1h,SHORT_ONLY,diagnostic_year_2024,,base,0,0,0,0,0.0,,,,,INSUFFICIENT_SAMPLE,combined,unavailable/high,0.0,,recent
donchian_atr,eth_short_regime_challenge_v1_donchian_atr,20261007T203647Z-194d4424b93c,b444796d7d0a47958c54c2efce3b90a4,db2f1a56c8656a10,ETHUSDT,1h,SHORT_ONLY,diagnostic_year_2024,,base,0,0,0,0,0.0,,,,,INSUFFICIENT_SAMPLE,combined,unavailable/ordinary,0.0,,recent
donchian_atr,eth_short_regime_challenge_v1_donchian_atr,20261007T203647Z-194d4424b93c,b444796d7d0a47958c54c2efce3b90a4,db2f1a56c8656a10,ETHUSDT,1h,SHORT_ONLY,diagnostic_year_2024,,base,0,0,0,0,0.0,,,,,INSUFFICIENT_SAMPLE,combined,unavailable/unavailable,0.0,,recent
donchian_atr,eth_short_regime_challenge_v1_donchian_atr,20261007T203647Z-194d4424b93c,a654e1cf1f6843849bab1ecfdaa08ba0,db2f1a56c8656a10,ETHUSDT,1h,SHORT_ONLY,diagnostic_year_2024,,adverse,44,16,28,0,-225.5727629803376,-5.126653704098582,0.8871871279272862,36.36363636363637,-54.096005506009135,DESCRIPTIVE_SAMPLE,trend,bearish,100.0,,recent
donchian_atr,eth_short_regime_challenge_v1_donchian_atr,20261007T203647Z-194d4424b93c,a654e1cf1f6843849bab1ecfdaa08ba0,db2f1a56c8656a10,ETHUSDT,1h,SHORT_ONLY,diagnostic_year_2024,,adverse,0,0,0,0,0.0,,,,,INSUFFICIENT_SAMPLE,trend,bullish,0.0,,recent
donchian_atr,eth_short_regime_challenge_v1_donchian_atr,20261007T203647Z-194d4424b93c,a654e1cf1f6843849bab1ecfdaa08ba0,db2f1a56c8656a10,ETHUSDT,1h,SHORT_ONLY,diagnostic_year_2024,,adverse,0,0,0,0,0.0,,,,,INSUFFICIENT_SAMPLE,trend,mixed,0.0,,recent
donchian_atr,eth_short_regime_challenge_v1_donchian_atr,20261007T203647Z-194d4424b93c,a654e1cf1f6843849bab1ecfdaa08ba0,db2f1a56c8656a10,ETHUSDT,1h,SHORT_ONLY,diagnostic_year_2024,,adverse,0,0,0,0,0.0,,,,,INSUFFICIENT_SAMPLE,trend,unavailable,0.0,,recent
donchian_atr,eth_short_regime_challenge_v1_donchian_atr,20261007T203647Z-194d4424b93c,a654e1cf1f6843849bab1ecfdaa08ba0,db2f1a56c8656a10,ETHUSDT,1h,SHORT_ONLY,diagnostic_year_2024,,adverse,44,16,28,0,-225.5727629803376,-5.126653704098582,0.8871871279272862,36.36363636363637,-54.096005506009135,DESCRIPTIVE_SAMPLE,volatility,high,100.0,,recent
donchian_atr,eth_short_regime_challenge_v1_donchian_atr,20261007T203647Z-194d4424b93c,a654e1cf1f6843849bab1ecfdaa08ba0,db2f1a56c8656a10,ETHUSDT,1h,SHORT_ONLY,diagnostic_year_2024,,adverse,0,0,0,0,0.0,,,,,INSUFFICIENT_SAMPLE,volatility,ordinary,0.0,,recent
donchian_atr,eth_short_regime_challenge_v1_donchian_atr,20261007T203647Z-194d4424b93c,a654e1cf1f6843849bab1ecfdaa08ba0,db2f1a56c8656a10,ETHUSDT,1h,SHORT_ONLY,diagnostic_year_2024,,adverse,0,0,0,0,0.0,,,,,INSUFFICIENT_SAMPLE,volatility,unavailable,0.0,,recent
donchian_atr,eth_short_regime_challenge_v1_donchian_atr,20261007T203647Z-194d4424b93c,a654e1cf1f6843849bab1ecfdaa08ba0,db2f1a56c8656a10,ETHUSDT,1h,SHORT_ONLY,diagnostic_year_2024,,adverse,44,16,28,0,-225.5727629803376,-5.126653704098582,0.8871871279272862,36.36363636363637,-54.096005506009135,DESCRIPTIVE_SAMPLE,combined,bearish/high,100.0,,recent
donchian_atr,eth_short_regime_challenge_v1_donchian_atr,20261007T203647Z-194d4424b93c,a654e1cf1f6843849bab1ecfdaa08ba0,db2f1a56c8656a10,ETHUSDT,1h,SHORT_ONLY,diagnostic_year_2024,,adverse,0,0,0,0,0.0,,,,,INSUFFICIENT_SAMPLE,combined,bearish/ordinary,0.0,,recent
donchian_atr,eth_short_regime_challenge_v1_donchian_atr,20261007T203647Z-194d4424b93c,a654e1cf1f6843849bab1ecfdaa08ba0,db2f1a56c8656a10,ETHUSDT,1h,SHORT_ONLY,diagnostic_year_2024,,adverse,0,0,0,0,0.0,,,,,INSUFFICIENT_SAMPLE,combined,bearish/unavailable,0.0,,recent
donchian_atr,eth_short_regime_challenge_v1_donchian_atr,20261007T203647Z-194d4424b93c,a654e1cf1f6843849bab1ecfdaa08ba0,db2f1a56c8656a10,ETHUSDT,1h,SHORT_ONLY,diagnostic_year_2024,,adverse,0,0,0,0,0.0,,,,,INSUFFICIENT_SAMPLE,combined,bullish/high,0.0,,recent
donchian_atr,eth_short_regime_challenge_v1_donchian_atr,20261007T203647Z-194d4424b93c,a654e1cf1f6843849bab1ecfdaa08ba0,db2f1a56c8656a10,ETHUSDT,1h,SHORT_ONLY,diagnostic_year_2024,,adverse,0,0,0,0,0.0,,,,,INSUFFICIENT_SAMPLE,combined,bullish/ordinary,0.0,,recent
donchian_atr,eth_short_regime_challenge_v1_donchian_atr,20261007T203647Z-194d4424b93c,a654e1cf1f6843849bab1ecfdaa08ba0,db2f1a56c8656a10,ETHUSDT,1h,SHORT_ONLY,diagnostic_year_2024,,adverse,0,0,0,0,0.0,,,,,INSUFFICIENT_SAMPLE,combined,bullish/unavailable,0.0,,recent
donchian_atr,eth_short_regime_challenge_v1_donchian_atr,20261007T203647Z-194d4424b93c,a654e1cf1f6843849bab1ecfdaa08ba0,db2f1a56c8656a10,ETHUSDT,1h,SHORT_ONLY,diagnostic_year_2024,,adverse,0,0,0,0,0.0,,,,,INSUFFICIENT_SAMPLE,combined,mixed/high,0.0,,recent
donchian_atr,eth_short_regime_challenge_v1_donchian_atr,20261007T203647Z-194d4424b93c,a654e1cf1f6843849bab1ecfdaa08ba0,db2f1a56c8656a10,ETHUSDT,1h,SHORT_ONLY,diagnostic_year_2024,,adverse,0,0,0,0,0.0,,,,,INSUFFICIENT_SAMPLE,combined,mixed/ordinary,0.0,,recent
donchian_atr,eth_short_regime_challenge_v1_donchian_atr,20261007T203647Z-194d4424b93c,a654e1cf1f6843849bab1ecfdaa08ba0,db2f1a56c8656a10,ETHUSDT,1h,SHORT_ONLY,diagnostic_year_2024,,adverse,0,0,0,0,0.0,,,,,INSUFFICIENT_SAMPLE,combined,mixed/unavailable,0.0,,recent
donchian_atr,eth_short_regime_challenge_v1_donchian_atr,20261007T203647Z-194d4424b93c,a654e1cf1f6843849bab1ecfdaa08ba0,db2f1a56c8656a10,ETHUSDT,1h,SHORT_ONLY,diagnostic_year_2024,,adverse,0,0,0,0,0.0,,,,,INSUFFICIENT_SAMPLE,combined,unavailable/high,0.0,,recent
donchian_atr,eth_short_regime_challenge_v1_donchian_atr,20261007T203647Z-194d4424b93c,a654e1cf1f6843849bab1ecfdaa08ba0,db2f1a56c8656a10,ETHUSDT,1h,SHORT_ONLY,diagnostic_year_2024,,adverse,0,0,0,0,0.0,,,,,INSUFFICIENT_SAMPLE,combined,unavailable/ordinary,0.0,,recent
donchian_atr,eth_short_regime_challenge_v1_donchian_atr,20261007T203647Z-194d4424b93c,a654e1cf1f6843849bab1ecfdaa08ba0,db2f1a56c8656a10,ETHUSDT,1h,SHORT_ONLY,diagnostic_year_2024,,adverse,0,0,0,0,0.0,,,,,INSUFFICIENT_SAMPLE,combined,unavailable/unavailable,0.0,,recent
donchian_atr,eth_short_regime_challenge_v1_donchian_atr,20261007T203647Z-194d4424b93c,6b2d45e5e0834affbc15aab0a678e9c6,ff43266d9f6c730a,ETHUSDT,1h,SHORT_ONLY,diagnostic_year_2025,,base,63,28,35,0,785.0136695580659,12.460534437429615,1.2661827866551,44.44444444444444,-55.56349162637281,DESCRIPTIVE_SAMPLE,trend,bearish,100.0,100.00000000000004,recent
donchian_atr,eth_short_regime_challenge_v1_donchian_atr,20261007T203647Z-194d4424b93c,6b2d45e5e0834affbc15aab0a678e9c6,ff43266d9f6c730a,ETHUSDT,1h,SHORT_ONLY,diagnostic_year_2025,,base,0,0,0,0,0.0,,,,,INSUFFICIENT_SAMPLE,trend,bullish,0.0,0.0,recent
donchian_atr,eth_short_regime_challenge_v1_donchian_atr,20261007T203647Z-194d4424b93c,6b2d45e5e0834affbc15aab0a678e9c6,ff43266d9f6c730a,ETHUSDT,1h,SHORT_ONLY,diagnostic_year_2025,,base,0,0,0,0,0.0,,,,,INSUFFICIENT_SAMPLE,trend,mixed,0.0,0.0,recent
donchian_atr,eth_short_regime_challenge_v1_donchian_atr,20261007T203647Z-194d4424b93c,6b2d45e5e0834affbc15aab0a678e9c6,ff43266d9f6c730a,ETHUSDT,1h,SHORT_ONLY,diagnostic_year_2025,,base,0,0,0,0,0.0,,,,,INSUFFICIENT_SAMPLE,trend,unavailable,0.0,0.0,recent
donchian_atr,eth_short_regime_challenge_v1_donchian_atr,20261007T203647Z-194d4424b93c,6b2d45e5e0834affbc15aab0a678e9c6,ff43266d9f6c730a,ETHUSDT,1h,SHORT_ONLY,diagnostic_year_2025,,base,63,28,35,0,785.0136695580659,12.460534437429615,1.2661827866551,44.44444444444444,-55.56349162637281,DESCRIPTIVE_SAMPLE,volatility,high,100.0,100.00000000000004,recent
donchian_atr,eth_short_regime_challenge_v1_donchian_atr,20261007T203647Z-194d4424b93c,6b2d45e5e0834affbc15aab0a678e9c6,ff43266d9f6c730a,ETHUSDT,1h,SHORT_ONLY,diagnostic_year_2025,,base,0,0,0,0,0.0,,,,,INSUFFICIENT_SAMPLE,volatility,ordinary,0.0,0.0,recent
donchian_atr,eth_short_regime_challenge_v1_donchian_atr,20261007T203647Z-194d4424b93c,6b2d45e5e0834affbc15aab0a678e9c6,ff43266d9f6c730a,ETHUSDT,1h,SHORT_ONLY,diagnostic_year_2025,,base,0,0,0,0,0.0,,,,,INSUFFICIENT_SAMPLE,volatility,unavailable,0.0,0.0,recent
donchian_atr,eth_short_regime_challenge_v1_donchian_atr,20261007T203647Z-194d4424b93c,6b2d45e5e0834affbc15aab0a678e9c6,ff43266d9f6c730a,ETHUSDT,1h,SHORT_ONLY,diagnostic_year_2025,,base,63,28,35,0,785.0136695580659,12.460534437429615,1.2661827866551,44.44444444444444,-55.56349162637281,DESCRIPTIVE_SAMPLE,combined,bearish/high,100.0,100.00000000000004,recent
donchian_atr,eth_short_regime_challenge_v1_donchian_atr,20261007T203647Z-194d4424b93c,6b2d45e5e0834affbc15aab0a678e9c6,ff43266d9f6c730a,ETHUSDT,1h,SHORT_ONLY,diagnostic_year_2025,,base,0,0,0,0,0.0,,,,,INSUFFICIENT_SAMPLE,combined,bearish/ordinary,0.0,0.0,recent
donchian_atr,eth_short_regime_challenge_v1_donchian_atr,20261007T203647Z-194d4424b93c,6b2d45e5e0834affbc15aab0a678e9c6,ff43266d9f6c730a,ETHUSDT,1h,SHORT_ONLY,diagnostic_year_2025,,base,0,0,0,0,0.0,,,,,INSUFFICIENT_SAMPLE,combined,bearish/unavailable,0.0,0.0,recent
donchian_atr,eth_short_regime_challenge_v1_donchian_atr,20261007T203647Z-194d4424b93c,6b2d45e5e0834affbc15aab0a678e9c6,ff43266d9f6c730a,ETHUSDT,1h,SHORT_ONLY,diagnostic_year_2025,,base,0,0,0,0,0.0,,,,,INSUFFICIENT_SAMPLE,combined,bullish/high,0.0,0.0,recent
donchian_atr,eth_short_regime_challenge_v1_donchian_atr,20261007T203647Z-194d4424b93c,6b2d45e5e0834affbc15aab0a678e9c6,ff43266d9f6c730a,ETHUSDT,1h,SHORT_ONLY,diagnostic_year_2025,,base,0,0,0,0,0.0,,,,,INSUFFICIENT_SAMPLE,combined,bullish/ordinary,0.0,0.0,recent
donchian_atr,eth_short_regime_challenge_v1_donchian_atr,20261007T203647Z-194d4424b93c,6b2d45e5e0834affbc15aab0a678e9c6,ff43266d9f6c730a,ETHUSDT,1h,SHORT_ONLY,diagnostic_year_2025,,base,0,0,0,0,0.0,,,,,INSUFFICIENT_SAMPLE,combined,bullish/unavailable,0.0,0.0,recent
donchian_atr,eth_short_regime_challenge_v1_donchian_atr,20261007T203647Z-194d4424b93c,6b2d45e5e0834affbc15aab0a678e9c6,ff43266d9f6c730a,ETHUSDT,1h,SHORT_ONLY,diagnostic_year_2025,,base,0,0,0,0,0.0,,,,,INSUFFICIENT_SAMPLE,combined,mixed/high,0.0,0.0,recent
donchian_atr,eth_short_regime_challenge_v1_donchian_atr,20261007T203647Z-194d4424b93c,6b2d45e5e0834affbc15aab0a678e9c6,ff43266d9f6c730a,ETHUSDT,1h,SHORT_ONLY,diagnostic_year_2025,,base,0,0,0,0,0.0,,,,,INSUFFICIENT_SAMPLE,combined,mixed/ordinary,0.0,0.0,recent
donchian_atr,eth_short_regime_challenge_v1_donchian_atr,20261007T203647Z-194d4424b93c,6b2d45e5e0834affbc15aab0a678e9c6,ff43266d9f6c730a,ETHUSDT,1h,SHORT_ONLY,diagnostic_year_2025,,base,0,0,0,0,0.0,,,,,INSUFFICIENT_SAMPLE,combined,mixed/unavailable,0.0,0.0,recent
donchian_atr,eth_short_regime_challenge_v1_donchian_atr,20261007T203647Z-194d4424b93c,6b2d45e5e0834affbc15aab0a678e9c6,ff43266d9f6c730a,ETHUSDT,1h,SHORT_ONLY,diagnostic_year_2025,,base,0,0,0,0,0.0,,,,,INSUFFICIENT_SAMPLE,combined,unavailable/high,0.0,0.0,recent
donchian_atr,eth_short_regime_challenge_v1_donchian_atr,20261007T203647Z-194d4424b93c,6b2d45e5e0834affbc15aab0a678e9c6,ff43266d9f6c730a,ETHUSDT,1h,SHORT_ONLY,diagnostic_year_2025,,base,0,0,0,0,0.0,,,,,INSUFFICIENT_SAMPLE,combined,unavailable/ordinary,0.0,0.0,recent
donchian_atr,eth_short_regime_challenge_v1_donchian_atr,20261007T203647Z-194d4424b93c,6b2d45e5e0834affbc15aab0a678e9c6,ff43266d9f6c730a,ETHUSDT,1h,SHORT_ONLY,diagnostic_year_2025,,base,0,0,0,0,0.0,,,,,INSUFFICIENT_SAMPLE,combined,unavailable/unavailable,0.0,0.0,recent
donchian_atr,eth_short_regime_challenge_v1_donchian_atr,20261007T203647Z-194d4424b93c,79b6f0cd14774339825ecf4cfd95fce9,ff43266d9f6c730a,ETHUSDT,1h,SHORT_ONLY,diagnostic_year_2025,,adverse,63,28,35,0,583.7461312388751,9.265811606966272,1.1935598958282216,44.44444444444444,-58.39812445381824,DESCRIPTIVE_SAMPLE,trend,bearish,100.0,99.99999999999996,recent
donchian_atr,eth_short_regime_challenge_v1_donchian_atr,20261007T203647Z-194d4424b93c,79b6f0cd14774339825ecf4cfd95fce9,ff43266d9f6c730a,ETHUSDT,1h,SHORT_ONLY,diagnostic_year_2025,,adverse,0,0,0,0,0.0,,,,,INSUFFICIENT_SAMPLE,trend,bullish,0.0,0.0,recent
donchian_atr,eth_short_regime_challenge_v1_donchian_atr,20261007T203647Z-194d4424b93c,79b6f0cd14774339825ecf4cfd95fce9,ff43266d9f6c730a,ETHUSDT,1h,SHORT_ONLY,diagnostic_year_2025,,adverse,0,0,0,0,0.0,,,,,INSUFFICIENT_SAMPLE,trend,mixed,0.0,0.0,recent
donchian_atr,eth_short_regime_challenge_v1_donchian_atr,20261007T203647Z-194d4424b93c,79b6f0cd14774339825ecf4cfd95fce9,ff43266d9f6c730a,ETHUSDT,1h,SHORT_ONLY,diagnostic_year_2025,,adverse,0,0,0,0,0.0,,,,,INSUFFICIENT_SAMPLE,trend,unavailable,0.0,0.0,recent
donchian_atr,eth_short_regime_challenge_v1_donchian_atr,20261007T203647Z-194d4424b93c,79b6f0cd14774339825ecf4cfd95fce9,ff43266d9f6c730a,ETHUSDT,1h,SHORT_ONLY,diagnostic_year_2025,,adverse,63,28,35,0,583.7461312388751,9.265811606966272,1.1935598958282216,44.44444444444444,-58.39812445381824,DESCRIPTIVE_SAMPLE,volatility,high,100.0,99.99999999999996,recent
donchian_atr,eth_short_regime_challenge_v1_donchian_atr,20261007T203647Z-194d4424b93c,79b6f0cd14774339825ecf4cfd95fce9,ff43266d9f6c730a,ETHUSDT,1h,SHORT_ONLY,diagnostic_year_2025,,adverse,0,0,0,0,0.0,,,,,INSUFFICIENT_SAMPLE,volatility,ordinary,0.0,0.0,recent
donchian_atr,eth_short_regime_challenge_v1_donchian_atr,20261007T203647Z-194d4424b93c,79b6f0cd14774339825ecf4cfd95fce9,ff43266d9f6c730a,ETHUSDT,1h,SHORT_ONLY,diagnostic_year_2025,,adverse,0,0,0,0,0.0,,,,,INSUFFICIENT_SAMPLE,volatility,unavailable,0.0,0.0,recent
donchian_atr,eth_short_regime_challenge_v1_donchian_atr,20261007T203647Z-194d4424b93c,79b6f0cd14774339825ecf4cfd95fce9,ff43266d9f6c730a,ETHUSDT,1h,SHORT_ONLY,diagnostic_year_2025,,adverse,63,28,35,0,583.7461312388751,9.265811606966272,1.1935598958282216,44.44444444444444,-58.39812445381824,DESCRIPTIVE_SAMPLE,combined,bearish/high,100.0,99.99999999999996,recent
donchian_atr,eth_short_regime_challenge_v1_donchian_atr,20261007T203647Z-194d4424b93c,79b6f0cd14774339825ecf4cfd95fce9,ff43266d9f6c730a,ETHUSDT,1h,SHORT_ONLY,diagnostic_year_2025,,adverse,0,0,0,0,0.0,,,,,INSUFFICIENT_SAMPLE,combined,bearish/ordinary,0.0,0.0,recent
donchian_atr,eth_short_regime_challenge_v1_donchian_atr,20261007T203647Z-194d4424b93c,79b6f0cd14774339825ecf4cfd95fce9,ff43266d9f6c730a,ETHUSDT,1h,SHORT_ONLY,diagnostic_year_2025,,adverse,0,0,0,0,0.0,,,,,INSUFFICIENT_SAMPLE,combined,bearish/unavailable,0.0,0.0,recent
donchian_atr,eth_short_regime_challenge_v1_donchian_atr,20261007T203647Z-194d4424b93c,79b6f0cd14774339825ecf4cfd95fce9,ff43266d9f6c730a,ETHUSDT,1h,SHORT_ONLY,diagnostic_year_2025,,adverse,0,0,0,0,0.0,,,,,INSUFFICIENT_SAMPLE,combined,bullish/high,0.0,0.0,recent
donchian_atr,eth_short_regime_challenge_v1_donchian_atr,20261007T203647Z-194d4424b93c,79b6f0cd14774339825ecf4cfd95fce9,ff43266d9f6c730a,ETHUSDT,1h,SHORT_ONLY,diagnostic_year_2025,,adverse,0,0,0,0,0.0,,,,,INSUFFICIENT_SAMPLE,combined,bullish/ordinary,0.0,0.0,recent
donchian_atr,eth_short_regime_challenge_v1_donchian_atr,20261007T203647Z-194d4424b93c,79b6f0cd14774339825ecf4cfd95fce9,ff43266d9f6c730a,ETHUSDT,1h,SHORT_ONLY,diagnostic_year_2025,,adverse,0,0,0,0,0.0,,,,,INSUFFICIENT_SAMPLE,combined,bullish/unavailable,0.0,0.0,recent
donchian_atr,eth_short_regime_challenge_v1_donchian_atr,20261007T203647Z-194d4424b93c,79b6f0cd14774339825ecf4cfd95fce9,ff43266d9f6c730a,ETHUSDT,1h,SHORT_ONLY,diagnostic_year_2025,,adverse,0,0,0,0,0.0,,,,,INSUFFICIENT_SAMPLE,combined,mixed/high,0.0,0.0,recent
donchian_atr,eth_short_regime_challenge_v1_donchian_atr,20261007T203647Z-194d4424b93c,79b6f0cd14774339825ecf4cfd95fce9,ff43266d9f6c730a,ETHUSDT,1h,SHORT_ONLY,diagnostic_year_2025,,adverse,0,0,0,0,0.0,,,,,INSUFFICIENT_SAMPLE,combined,mixed/ordinary,0.0,0.0,recent
donchian_atr,eth_short_regime_challenge_v1_donchian_atr,20261007T203647Z-194d4424b93c,79b6f0cd14774339825ecf4cfd95fce9,ff43266d9f6c730a,ETHUSDT,1h,SHORT_ONLY,diagnostic_year_2025,,adverse,0,0,0,0,0.0,,,,,INSUFFICIENT_SAMPLE,combined,mixed/unavailable,0.0,0.0,recent
donchian_atr,eth_short_regime_challenge_v1_donchian_atr,20261007T203647Z-194d4424b93c,79b6f0cd14774339825ecf4cfd95fce9,ff43266d9f6c730a,ETHUSDT,1h,SHORT_ONLY,diagnostic_year_2025,,adverse,0,0,0,0,0.0,,,,,INSUFFICIENT_SAMPLE,combined,unavailable/high,0.0,0.0,recent
donchian_atr,eth_short_regime_challenge_v1_donchian_atr,20261007T203647Z-194d4424b93c,79b6f0cd14774339825ecf4cfd95fce9,ff43266d9f6c730a,ETHUSDT,1h,SHORT_ONLY,diagnostic_year_2025,,adverse,0,0,0,0,0.0,,,,,INSUFFICIENT_SAMPLE,combined,unavailable/ordinary,0.0,0.0,recent
donchian_atr,eth_short_regime_challenge_v1_donchian_atr,20261007T203647Z-194d4424b93c,79b6f0cd14774339825ecf4cfd95fce9,ff43266d9f6c730a,ETHUSDT,1h,SHORT_ONLY,diagnostic_year_2025,,adverse,0,0,0,0,0.0,,,,,INSUFFICIENT_SAMPLE,combined,unavailable/unavailable,0.0,0.0,recent
donchian_atr,eth_short_regime_challenge_v1_donchian_atr,20261007T203647Z-194d4424b93c,0f97421b8732488da629986155893a51,e0dd4c731d1d27f0,ETHUSDT,1h,SHORT_ONLY,diagnostic_year_2025,,base,61,28,33,0,902.9878052693412,14.803078774907233,1.3175914281267438,45.90163934426229,-55.89769031417552,DESCRIPTIVE_SAMPLE,trend,bearish,100.0,100.0,recent
donchian_atr,eth_short_regime_challenge_v1_donchian_atr,20261007T203647Z-194d4424b93c,0f97421b8732488da629986155893a51,e0dd4c731d1d27f0,ETHUSDT,1h,SHORT_ONLY,diagnostic_year_2025,,base,0,0,0,0,0.0,,,,,INSUFFICIENT_SAMPLE,trend,bullish,0.0,0.0,recent
donchian_atr,eth_short_regime_challenge_v1_donchian_atr,20261007T203647Z-194d4424b93c,0f97421b8732488da629986155893a51,e0dd4c731d1d27f0,ETHUSDT,1h,SHORT_ONLY,diagnostic_year_2025,,base,0,0,0,0,0.0,,,,,INSUFFICIENT_SAMPLE,trend,mixed,0.0,0.0,recent
donchian_atr,eth_short_regime_challenge_v1_donchian_atr,20261007T203647Z-194d4424b93c,0f97421b8732488da629986155893a51,e0dd4c731d1d27f0,ETHUSDT,1h,SHORT_ONLY,diagnostic_year_2025,,base,0,0,0,0,0.0,,,,,INSUFFICIENT_SAMPLE,trend,unavailable,0.0,0.0,recent
donchian_atr,eth_short_regime_challenge_v1_donchian_atr,20261007T203647Z-194d4424b93c,0f97421b8732488da629986155893a51,e0dd4c731d1d27f0,ETHUSDT,1h,SHORT_ONLY,diagnostic_year_2025,,base,61,28,33,0,902.9878052693412,14.803078774907233,1.3175914281267438,45.90163934426229,-55.89769031417552,DESCRIPTIVE_SAMPLE,volatility,high,100.0,100.0,recent
donchian_atr,eth_short_regime_challenge_v1_donchian_atr,20261007T203647Z-194d4424b93c,0f97421b8732488da629986155893a51,e0dd4c731d1d27f0,ETHUSDT,1h,SHORT_ONLY,diagnostic_year_2025,,base,0,0,0,0,0.0,,,,,INSUFFICIENT_SAMPLE,volatility,ordinary,0.0,0.0,recent
donchian_atr,eth_short_regime_challenge_v1_donchian_atr,20261007T203647Z-194d4424b93c,0f97421b8732488da629986155893a51,e0dd4c731d1d27f0,ETHUSDT,1h,SHORT_ONLY,diagnostic_year_2025,,base,0,0,0,0,0.0,,,,,INSUFFICIENT_SAMPLE,volatility,unavailable,0.0,0.0,recent
donchian_atr,eth_short_regime_challenge_v1_donchian_atr,20261007T203647Z-194d4424b93c,0f97421b8732488da629986155893a51,e0dd4c731d1d27f0,ETHUSDT,1h,SHORT_ONLY,diagnostic_year_2025,,base,61,28,33,0,902.9878052693412,14.803078774907233,1.3175914281267438,45.90163934426229,-55.89769031417552,DESCRIPTIVE_SAMPLE,combined,bearish/high,100.0,100.0,recent
donchian_atr,eth_short_regime_challenge_v1_donchian_atr,20261007T203647Z-194d4424b93c,0f97421b8732488da629986155893a51,e0dd4c731d1d27f0,ETHUSDT,1h,SHORT_ONLY,diagnostic_year_2025,,base,0,0,0,0,0.0,,,,,INSUFFICIENT_SAMPLE,combined,bearish/ordinary,0.0,0.0,recent
donchian_atr,eth_short_regime_challenge_v1_donchian_atr,20261007T203647Z-194d4424b93c,0f97421b8732488da629986155893a51,e0dd4c731d1d27f0,ETHUSDT,1h,SHORT_ONLY,diagnostic_year_2025,,base,0,0,0,0,0.0,,,,,INSUFFICIENT_SAMPLE,combined,bearish/unavailable,0.0,0.0,recent
donchian_atr,eth_short_regime_challenge_v1_donchian_atr,20261007T203647Z-194d4424b93c,0f97421b8732488da629986155893a51,e0dd4c731d1d27f0,ETHUSDT,1h,SHORT_ONLY,diagnostic_year_2025,,base,0,0,0,0,0.0,,,,,INSUFFICIENT_SAMPLE,combined,bullish/high,0.0,0.0,recent
donchian_atr,eth_short_regime_challenge_v1_donchian_atr,20261007T203647Z-194d4424b93c,0f97421b8732488da629986155893a51,e0dd4c731d1d27f0,ETHUSDT,1h,SHORT_ONLY,diagnostic_year_2025,,base,0,0,0,0,0.0,,,,,INSUFFICIENT_SAMPLE,combined,bullish/ordinary,0.0,0.0,recent
donchian_atr,eth_short_regime_challenge_v1_donchian_atr,20261007T203647Z-194d4424b93c,0f97421b8732488da629986155893a51,e0dd4c731d1d27f0,ETHUSDT,1h,SHORT_ONLY,diagnostic_year_2025,,base,0,0,0,0,0.0,,,,,INSUFFICIENT_SAMPLE,combined,bullish/unavailable,0.0,0.0,recent
donchian_atr,eth_short_regime_challenge_v1_donchian_atr,20261007T203647Z-194d4424b93c,0f97421b8732488da629986155893a51,e0dd4c731d1d27f0,ETHUSDT,1h,SHORT_ONLY,diagnostic_year_2025,,base,0,0,0,0,0.0,,,,,INSUFFICIENT_SAMPLE,combined,mixed/high,0.0,0.0,recent
donchian_atr,eth_short_regime_challenge_v1_donchian_atr,20261007T203647Z-194d4424b93c,0f97421b8732488da629986155893a51,e0dd4c731d1d27f0,ETHUSDT,1h,SHORT_ONLY,diagnostic_year_2025,,base,0,0,0,0,0.0,,,,,INSUFFICIENT_SAMPLE,combined,mixed/ordinary,0.0,0.0,recent
donchian_atr,eth_short_regime_challenge_v1_donchian_atr,20261007T203647Z-194d4424b93c,0f97421b8732488da629986155893a51,e0dd4c731d1d27f0,ETHUSDT,1h,SHORT_ONLY,diagnostic_year_2025,,base,0,0,0,0,0.0,,,,,INSUFFICIENT_SAMPLE,combined,mixed/unavailable,0.0,0.0,recent
donchian_atr,eth_short_regime_challenge_v1_donchian_atr,20261007T203647Z-194d4424b93c,0f97421b8732488da629986155893a51,e0dd4c731d1d27f0,ETHUSDT,1h,SHORT_ONLY,diagnostic_year_2025,,base,0,0,0,0,0.0,,,,,INSUFFICIENT_SAMPLE,combined,unavailable/high,0.0,0.0,recent
donchian_atr,eth_short_regime_challenge_v1_donchian_atr,20261007T203647Z-194d4424b93c,0f97421b8732488da629986155893a51,e0dd4c731d1d27f0,ETHUSDT,1h,SHORT_ONLY,diagnostic_year_2025,,base,0,0,0,0,0.0,,,,,INSUFFICIENT_SAMPLE,combined,unavailable/ordinary,0.0,0.0,recent
donchian_atr,eth_short_regime_challenge_v1_donchian_atr,20261007T203647Z-194d4424b93c,0f97421b8732488da629986155893a51,e0dd4c731d1d27f0,ETHUSDT,1h,SHORT_ONLY,diagnostic_year_2025,,base,0,0,0,0,0.0,,,,,INSUFFICIENT_SAMPLE,combined,unavailable/unavailable,0.0,0.0,recent
donchian_atr,eth_short_regime_challenge_v1_donchian_atr,20261007T203647Z-194d4424b93c,a8dd3ff9b4d94cbdace99518580ca85d,e0dd4c731d1d27f0,ETHUSDT,1h,SHORT_ONLY,diagnostic_year_2025,,adverse,61,28,33,0,706.8524119842273,11.587744458757824,1.243325090986474,45.90163934426229,-58.76954405484357,DESCRIPTIVE_SAMPLE,trend,bearish,100.0,99.99999999999996,recent
donchian_atr,eth_short_regime_challenge_v1_donchian_atr,20261007T203647Z-194d4424b93c,a8dd3ff9b4d94cbdace99518580ca85d,e0dd4c731d1d27f0,ETHUSDT,1h,SHORT_ONLY,diagnostic_year_2025,,adverse,0,0,0,0,0.0,,,,,INSUFFICIENT_SAMPLE,trend,bullish,0.0,0.0,recent
donchian_atr,eth_short_regime_challenge_v1_donchian_atr,20261007T203647Z-194d4424b93c,a8dd3ff9b4d94cbdace99518580ca85d,e0dd4c731d1d27f0,ETHUSDT,1h,SHORT_ONLY,diagnostic_year_2025,,adverse,0,0,0,0,0.0,,,,,INSUFFICIENT_SAMPLE,trend,mixed,0.0,0.0,recent
donchian_atr,eth_short_regime_challenge_v1_donchian_atr,20261007T203647Z-194d4424b93c,a8dd3ff9b4d94cbdace99518580ca85d,e0dd4c731d1d27f0,ETHUSDT,1h,SHORT_ONLY,diagnostic_year_2025,,adverse,0,0,0,0,0.0,,,,,INSUFFICIENT_SAMPLE,trend,unavailable,0.0,0.0,recent
donchian_atr,eth_short_regime_challenge_v1_donchian_atr,20261007T203647Z-194d4424b93c,a8dd3ff9b4d94cbdace99518580ca85d,e0dd4c731d1d27f0,ETHUSDT,1h,SHORT_ONLY,diagnostic_year_2025,,adverse,61,28,33,0,706.8524119842273,11.587744458757824,1.243325090986474,45.90163934426229,-58.76954405484357,DESCRIPTIVE_SAMPLE,volatility,high,100.0,99.99999999999996,recent
donchian_atr,eth_short_regime_challenge_v1_donchian_atr,20261007T203647Z-194d4424b93c,a8dd3ff9b4d94cbdace99518580ca85d,e0dd4c731d1d27f0,ETHUSDT,1h,SHORT_ONLY,diagnostic_year_2025,,adverse,0,0,0,0,0.0,,,,,INSUFFICIENT_SAMPLE,volatility,ordinary,0.0,0.0,recent
donchian_atr,eth_short_regime_challenge_v1_donchian_atr,20261007T203647Z-194d4424b93c,a8dd3ff9b4d94cbdace99518580ca85d,e0dd4c731d1d27f0,ETHUSDT,1h,SHORT_ONLY,diagnostic_year_2025,,adverse,0,0,0,0,0.0,,,,,INSUFFICIENT_SAMPLE,volatility,unavailable,0.0,0.0,recent
donchian_atr,eth_short_regime_challenge_v1_donchian_atr,20261007T203647Z-194d4424b93c,a8dd3ff9b4d94cbdace99518580ca85d,e0dd4c731d1d27f0,ETHUSDT,1h,SHORT_ONLY,diagnostic_year_2025,,adverse,61,28,33,0,706.8524119842273,11.587744458757824,1.243325090986474,45.90163934426229,-58.76954405484357,DESCRIPTIVE_SAMPLE,combined,bearish/high,100.0,99.99999999999996,recent
donchian_atr,eth_short_regime_challenge_v1_donchian_atr,20261007T203647Z-194d4424b93c,a8dd3ff9b4d94cbdace99518580ca85d,e0dd4c731d1d27f0,ETHUSDT,1h,SHORT_ONLY,diagnostic_year_2025,,adverse,0,0,0,0,0.0,,,,,INSUFFICIENT_SAMPLE,combined,bearish/ordinary,0.0,0.0,recent
donchian_atr,eth_short_regime_challenge_v1_donchian_atr,20261007T203647Z-194d4424b93c,a8dd3ff9b4d94cbdace99518580ca85d,e0dd4c731d1d27f0,ETHUSDT,1h,SHORT_ONLY,diagnostic_year_2025,,adverse,0,0,0,0,0.0,,,,,INSUFFICIENT_SAMPLE,combined,bearish/unavailable,0.0,0.0,recent
donchian_atr,eth_short_regime_challenge_v1_donchian_atr,20261007T203647Z-194d4424b93c,a8dd3ff9b4d94cbdace99518580ca85d,e0dd4c731d1d27f0,ETHUSDT,1h,SHORT_ONLY,diagnostic_year_2025,,adverse,0,0,0,0,0.0,,,,,INSUFFICIENT_SAMPLE,combined,bullish/high,0.0,0.0,recent
donchian_atr,eth_short_regime_challenge_v1_donchian_atr,20261007T203647Z-194d4424b93c,a8dd3ff9b4d94cbdace99518580ca85d,e0dd4c731d1d27f0,ETHUSDT,1h,SHORT_ONLY,diagnostic_year_2025,,adverse,0,0,0,0,0.0,,,,,INSUFFICIENT_SAMPLE,combined,bullish/ordinary,0.0,0.0,recent
donchian_atr,eth_short_regime_challenge_v1_donchian_atr,20261007T203647Z-194d4424b93c,a8dd3ff9b4d94cbdace99518580ca85d,e0dd4c731d1d27f0,ETHUSDT,1h,SHORT_ONLY,diagnostic_year_2025,,adverse,0,0,0,0,0.0,,,,,INSUFFICIENT_SAMPLE,combined,bullish/unavailable,0.0,0.0,recent
donchian_atr,eth_short_regime_challenge_v1_donchian_atr,20261007T203647Z-194d4424b93c,a8dd3ff9b4d94cbdace99518580ca85d,e0dd4c731d1d27f0,ETHUSDT,1h,SHORT_ONLY,diagnostic_year_2025,,adverse,0,0,0,0,0.0,,,,,INSUFFICIENT_SAMPLE,combined,mixed/high,0.0,0.0,recent
donchian_atr,eth_short_regime_challenge_v1_donchian_atr,20261007T203647Z-194d4424b93c,a8dd3ff9b4d94cbdace99518580ca85d,e0dd4c731d1d27f0,ETHUSDT,1h,SHORT_ONLY,diagnostic_year_2025,,adverse,0,0,0,0,0.0,,,,,INSUFFICIENT_SAMPLE,combined,mixed/ordinary,0.0,0.0,recent
donchian_atr,eth_short_regime_challenge_v1_donchian_atr,20261007T203647Z-194d4424b93c,a8dd3ff9b4d94cbdace99518580ca85d,e0dd4c731d1d27f0,ETHUSDT,1h,SHORT_ONLY,diagnostic_year_2025,,adverse,0,0,0,0,0.0,,,,,INSUFFICIENT_SAMPLE,combined,mixed/unavailable,0.0,0.0,recent
donchian_atr,eth_short_regime_challenge_v1_donchian_atr,20261007T203647Z-194d4424b93c,a8dd3ff9b4d94cbdace99518580ca85d,e0dd4c731d1d27f0,ETHUSDT,1h,SHORT_ONLY,diagnostic_year_2025,,adverse,0,0,0,0,0.0,,,,,INSUFFICIENT_SAMPLE,combined,unavailable/high,0.0,0.0,recent
donchian_atr,eth_short_regime_challenge_v1_donchian_atr,20261007T203647Z-194d4424b93c,a8dd3ff9b4d94cbdace99518580ca85d,e0dd4c731d1d27f0,ETHUSDT,1h,SHORT_ONLY,diagnostic_year_2025,,adverse,0,0,0,0,0.0,,,,,INSUFFICIENT_SAMPLE,combined,unavailable/ordinary,0.0,0.0,recent
donchian_atr,eth_short_regime_challenge_v1_donchian_atr,20261007T203647Z-194d4424b93c,a8dd3ff9b4d94cbdace99518580ca85d,e0dd4c731d1d27f0,ETHUSDT,1h,SHORT_ONLY,diagnostic_year_2025,,adverse,0,0,0,0,0.0,,,,,INSUFFICIENT_SAMPLE,combined,unavailable/unavailable,0.0,0.0,recent
donchian_atr,eth_short_regime_challenge_v1_donchian_atr,20261007T203647Z-194d4424b93c,5ef729a9f8b3430182df8d5e0678ad00,827790540ac7604f,ETHUSDT,1h,SHORT_ONLY,diagnostic_year_2025,,base,60,28,32,0,955.5912364397436,15.926520607329058,1.3398837279548923,46.66666666666666,-59.39291440755687,DESCRIPTIVE_SAMPLE,trend,bearish,100.0,100.0,recent
donchian_atr,eth_short_regime_challenge_v1_donchian_atr,20261007T203647Z-194d4424b93c,5ef729a9f8b3430182df8d5e0678ad00,827790540ac7604f,ETHUSDT,1h,SHORT_ONLY,diagnostic_year_2025,,base,0,0,0,0,0.0,,,,,INSUFFICIENT_SAMPLE,trend,bullish,0.0,0.0,recent
donchian_atr,eth_short_regime_challenge_v1_donchian_atr,20261007T203647Z-194d4424b93c,5ef729a9f8b3430182df8d5e0678ad00,827790540ac7604f,ETHUSDT,1h,SHORT_ONLY,diagnostic_year_2025,,base,0,0,0,0,0.0,,,,,INSUFFICIENT_SAMPLE,trend,mixed,0.0,0.0,recent
donchian_atr,eth_short_regime_challenge_v1_donchian_atr,20261007T203647Z-194d4424b93c,5ef729a9f8b3430182df8d5e0678ad00,827790540ac7604f,ETHUSDT,1h,SHORT_ONLY,diagnostic_year_2025,,base,0,0,0,0,0.0,,,,,INSUFFICIENT_SAMPLE,trend,unavailable,0.0,0.0,recent
donchian_atr,eth_short_regime_challenge_v1_donchian_atr,20261007T203647Z-194d4424b93c,5ef729a9f8b3430182df8d5e0678ad00,827790540ac7604f,ETHUSDT,1h,SHORT_ONLY,diagnostic_year_2025,,base,60,28,32,0,955.5912364397436,15.926520607329058,1.3398837279548923,46.66666666666666,-59.39291440755687,DESCRIPTIVE_SAMPLE,volatility,high,100.0,100.0,recent
donchian_atr,eth_short_regime_challenge_v1_donchian_atr,20261007T203647Z-194d4424b93c,5ef729a9f8b3430182df8d5e0678ad00,827790540ac7604f,ETHUSDT,1h,SHORT_ONLY,diagnostic_year_2025,,base,0,0,0,0,0.0,,,,,INSUFFICIENT_SAMPLE,volatility,ordinary,0.0,0.0,recent
donchian_atr,eth_short_regime_challenge_v1_donchian_atr,20261007T203647Z-194d4424b93c,5ef729a9f8b3430182df8d5e0678ad00,827790540ac7604f,ETHUSDT,1h,SHORT_ONLY,diagnostic_year_2025,,base,0,0,0,0,0.0,,,,,INSUFFICIENT_SAMPLE,volatility,unavailable,0.0,0.0,recent
donchian_atr,eth_short_regime_challenge_v1_donchian_atr,20261007T203647Z-194d4424b93c,5ef729a9f8b3430182df8d5e0678ad00,827790540ac7604f,ETHUSDT,1h,SHORT_ONLY,diagnostic_year_2025,,base,60,28,32,0,955.5912364397436,15.926520607329058,1.3398837279548923,46.66666666666666,-59.39291440755687,DESCRIPTIVE_SAMPLE,combined,bearish/high,100.0,100.0,recent
donchian_atr,eth_short_regime_challenge_v1_donchian_atr,20261007T203647Z-194d4424b93c,5ef729a9f8b3430182df8d5e0678ad00,827790540ac7604f,ETHUSDT,1h,SHORT_ONLY,diagnostic_year_2025,,base,0,0,0,0,0.0,,,,,INSUFFICIENT_SAMPLE,combined,bearish/ordinary,0.0,0.0,recent
donchian_atr,eth_short_regime_challenge_v1_donchian_atr,20261007T203647Z-194d4424b93c,5ef729a9f8b3430182df8d5e0678ad00,827790540ac7604f,ETHUSDT,1h,SHORT_ONLY,diagnostic_year_2025,,base,0,0,0,0,0.0,,,,,INSUFFICIENT_SAMPLE,combined,bearish/unavailable,0.0,0.0,recent
donchian_atr,eth_short_regime_challenge_v1_donchian_atr,20261007T203647Z-194d4424b93c,5ef729a9f8b3430182df8d5e0678ad00,827790540ac7604f,ETHUSDT,1h,SHORT_ONLY,diagnostic_year_2025,,base,0,0,0,0,0.0,,,,,INSUFFICIENT_SAMPLE,combined,bullish/high,0.0,0.0,recent
donchian_atr,eth_short_regime_challenge_v1_donchian_atr,20261007T203647Z-194d4424b93c,5ef729a9f8b3430182df8d5e0678ad00,827790540ac7604f,ETHUSDT,1h,SHORT_ONLY,diagnostic_year_2025,,base,0,0,0,0,0.0,,,,,INSUFFICIENT_SAMPLE,combined,bullish/ordinary,0.0,0.0,recent
donchian_atr,eth_short_regime_challenge_v1_donchian_atr,20261007T203647Z-194d4424b93c,5ef729a9f8b3430182df8d5e0678ad00,827790540ac7604f,ETHUSDT,1h,SHORT_ONLY,diagnostic_year_2025,,base,0,0,0,0,0.0,,,,,INSUFFICIENT_SAMPLE,combined,bullish/unavailable,0.0,0.0,recent
donchian_atr,eth_short_regime_challenge_v1_donchian_atr,20261007T203647Z-194d4424b93c,5ef729a9f8b3430182df8d5e0678ad00,827790540ac7604f,ETHUSDT,1h,SHORT_ONLY,diagnostic_year_2025,,base,0,0,0,0,0.0,,,,,INSUFFICIENT_SAMPLE,combined,mixed/high,0.0,0.0,recent
donchian_atr,eth_short_regime_challenge_v1_donchian_atr,20261007T203647Z-194d4424b93c,5ef729a9f8b3430182df8d5e0678ad00,827790540ac7604f,ETHUSDT,1h,SHORT_ONLY,diagnostic_year_2025,,base,0,0,0,0,0.0,,,,,INSUFFICIENT_SAMPLE,combined,mixed/ordinary,0.0,0.0,recent
donchian_atr,eth_short_regime_challenge_v1_donchian_atr,20261007T203647Z-194d4424b93c,5ef729a9f8b3430182df8d5e0678ad00,827790540ac7604f,ETHUSDT,1h,SHORT_ONLY,diagnostic_year_2025,,base,0,0,0,0,0.0,,,,,INSUFFICIENT_SAMPLE,combined,mixed/unavailable,0.0,0.0,recent
donchian_atr,eth_short_regime_challenge_v1_donchian_atr,20261007T203647Z-194d4424b93c,5ef729a9f8b3430182df8d5e0678ad00,827790540ac7604f,ETHUSDT,1h,SHORT_ONLY,diagnostic_year_2025,,base,0,0,0,0,0.0,,,,,INSUFFICIENT_SAMPLE,combined,unavailable/high,0.0,0.0,recent
donchian_atr,eth_short_regime_challenge_v1_donchian_atr,20261007T203647Z-194d4424b93c,5ef729a9f8b3430182df8d5e0678ad00,827790540ac7604f,ETHUSDT,1h,SHORT_ONLY,diagnostic_year_2025,,base,0,0,0,0,0.0,,,,,INSUFFICIENT_SAMPLE,combined,unavailable/ordinary,0.0,0.0,recent
donchian_atr,eth_short_regime_challenge_v1_donchian_atr,20261007T203647Z-194d4424b93c,5ef729a9f8b3430182df8d5e0678ad00,827790540ac7604f,ETHUSDT,1h,SHORT_ONLY,diagnostic_year_2025,,base,0,0,0,0,0.0,,,,,INSUFFICIENT_SAMPLE,combined,unavailable/unavailable,0.0,0.0,recent
donchian_atr,eth_short_regime_challenge_v1_donchian_atr,20261007T203647Z-194d4424b93c,242e3c150a8b4aa880c61e452f832629,827790540ac7604f,ETHUSDT,1h,SHORT_ONLY,diagnostic_year_2025,,adverse,60,28,32,0,762.1897736484872,12.703162894141451,1.2655083328442431,46.66666666666666,-62.52201864869582,DESCRIPTIVE_SAMPLE,trend,bearish,100.0,100.0,recent
donchian_atr,eth_short_regime_challenge_v1_donchian_atr,20261007T203647Z-194d4424b93c,242e3c150a8b4aa880c61e452f832629,827790540ac7604f,ETHUSDT,1h,SHORT_ONLY,diagnostic_year_2025,,adverse,0,0,0,0,0.0,,,,,INSUFFICIENT_SAMPLE,trend,bullish,0.0,0.0,recent
donchian_atr,eth_short_regime_challenge_v1_donchian_atr,20261007T203647Z-194d4424b93c,242e3c150a8b4aa880c61e452f832629,827790540ac7604f,ETHUSDT,1h,SHORT_ONLY,diagnostic_year_2025,,adverse,0,0,0,0,0.0,,,,,INSUFFICIENT_SAMPLE,trend,mixed,0.0,0.0,recent
donchian_atr,eth_short_regime_challenge_v1_donchian_atr,20261007T203647Z-194d4424b93c,242e3c150a8b4aa880c61e452f832629,827790540ac7604f,ETHUSDT,1h,SHORT_ONLY,diagnostic_year_2025,,adverse,0,0,0,0,0.0,,,,,INSUFFICIENT_SAMPLE,trend,unavailable,0.0,0.0,recent
donchian_atr,eth_short_regime_challenge_v1_donchian_atr,20261007T203647Z-194d4424b93c,242e3c150a8b4aa880c61e452f832629,827790540ac7604f,ETHUSDT,1h,SHORT_ONLY,diagnostic_year_2025,,adverse,60,28,32,0,762.1897736484872,12.703162894141451,1.2655083328442431,46.66666666666666,-62.52201864869582,DESCRIPTIVE_SAMPLE,volatility,high,100.0,100.0,recent
donchian_atr,eth_short_regime_challenge_v1_donchian_atr,20261007T203647Z-194d4424b93c,242e3c150a8b4aa880c61e452f832629,827790540ac7604f,ETHUSDT,1h,SHORT_ONLY,diagnostic_year_2025,,adverse,0,0,0,0,0.0,,,,,INSUFFICIENT_SAMPLE,volatility,ordinary,0.0,0.0,recent
donchian_atr,eth_short_regime_challenge_v1_donchian_atr,20261007T203647Z-194d4424b93c,242e3c150a8b4aa880c61e452f832629,827790540ac7604f,ETHUSDT,1h,SHORT_ONLY,diagnostic_year_2025,,adverse,0,0,0,0,0.0,,,,,INSUFFICIENT_SAMPLE,volatility,unavailable,0.0,0.0,recent
donchian_atr,eth_short_regime_challenge_v1_donchian_atr,20261007T203647Z-194d4424b93c,242e3c150a8b4aa880c61e452f832629,827790540ac7604f,ETHUSDT,1h,SHORT_ONLY,diagnostic_year_2025,,adverse,60,28,32,0,762.1897736484872,12.703162894141451,1.2655083328442431,46.66666666666666,-62.52201864869582,DESCRIPTIVE_SAMPLE,combined,bearish/high,100.0,100.0,recent
donchian_atr,eth_short_regime_challenge_v1_donchian_atr,20261007T203647Z-194d4424b93c,242e3c150a8b4aa880c61e452f832629,827790540ac7604f,ETHUSDT,1h,SHORT_ONLY,diagnostic_year_2025,,adverse,0,0,0,0,0.0,,,,,INSUFFICIENT_SAMPLE,combined,bearish/ordinary,0.0,0.0,recent
donchian_atr,eth_short_regime_challenge_v1_donchian_atr,20261007T203647Z-194d4424b93c,242e3c150a8b4aa880c61e452f832629,827790540ac7604f,ETHUSDT,1h,SHORT_ONLY,diagnostic_year_2025,,adverse,0,0,0,0,0.0,,,,,INSUFFICIENT_SAMPLE,combined,bearish/unavailable,0.0,0.0,recent
donchian_atr,eth_short_regime_challenge_v1_donchian_atr,20261007T203647Z-194d4424b93c,242e3c150a8b4aa880c61e452f832629,827790540ac7604f,ETHUSDT,1h,SHORT_ONLY,diagnostic_year_2025,,adverse,0,0,0,0,0.0,,,,,INSUFFICIENT_SAMPLE,combined,bullish/high,0.0,0.0,recent
donchian_atr,eth_short_regime_challenge_v1_donchian_atr,20261007T203647Z-194d4424b93c,242e3c150a8b4aa880c61e452f832629,827790540ac7604f,ETHUSDT,1h,SHORT_ONLY,diagnostic_year_2025,,adverse,0,0,0,0,0.0,,,,,INSUFFICIENT_SAMPLE,combined,bullish/ordinary,0.0,0.0,recent
donchian_atr,eth_short_regime_challenge_v1_donchian_atr,20261007T203647Z-194d4424b93c,242e3c150a8b4aa880c61e452f832629,827790540ac7604f,ETHUSDT,1h,SHORT_ONLY,diagnostic_year_2025,,adverse,0,0,0,0,0.0,,,,,INSUFFICIENT_SAMPLE,combined,bullish/unavailable,0.0,0.0,recent
donchian_atr,eth_short_regime_challenge_v1_donchian_atr,20261007T203647Z-194d4424b93c,242e3c150a8b4aa880c61e452f832629,827790540ac7604f,ETHUSDT,1h,SHORT_ONLY,diagnostic_year_2025,,adverse,0,0,0,0,0.0,,,,,INSUFFICIENT_SAMPLE,combined,mixed/high,0.0,0.0,recent
donchian_atr,eth_short_regime_challenge_v1_donchian_atr,20261007T203647Z-194d4424b93c,242e3c150a8b4aa880c61e452f832629,827790540ac7604f,ETHUSDT,1h,SHORT_ONLY,diagnostic_year_2025,,adverse,0,0,0,0,0.0,,,,,INSUFFICIENT_SAMPLE,combined,mixed/ordinary,0.0,0.0,recent
donchian_atr,eth_short_regime_challenge_v1_donchian_atr,20261007T203647Z-194d4424b93c,242e3c150a8b4aa880c61e452f832629,827790540ac7604f,ETHUSDT,1h,SHORT_ONLY,diagnostic_year_2025,,adverse,0,0,0,0,0.0,,,,,INSUFFICIENT_SAMPLE,combined,mixed/unavailable,0.0,0.0,recent
donchian_atr,eth_short_regime_challenge_v1_donchian_atr,20261007T203647Z-194d4424b93c,242e3c150a8b4aa880c61e452f832629,827790540ac7604f,ETHUSDT,1h,SHORT_ONLY,diagnostic_year_2025,,adverse,0,0,0,0,0.0,,,,,INSUFFICIENT_SAMPLE,combined,unavailable/high,0.0,0.0,recent
donchian_atr,eth_short_regime_challenge_v1_donchian_atr,20261007T203647Z-194d4424b93c,242e3c150a8b4aa880c61e452f832629,827790540ac7604f,ETHUSDT,1h,SHORT_ONLY,diagnostic_year_2025,,adverse,0,0,0,0,0.0,,,,,INSUFFICIENT_SAMPLE,combined,unavailable/ordinary,0.0,0.0,recent
donchian_atr,eth_short_regime_challenge_v1_donchian_atr,20261007T203647Z-194d4424b93c,242e3c150a8b4aa880c61e452f832629,827790540ac7604f,ETHUSDT,1h,SHORT_ONLY,diagnostic_year_2025,,adverse,0,0,0,0,0.0,,,,,INSUFFICIENT_SAMPLE,combined,unavailable/unavailable,0.0,0.0,recent
donchian_atr,eth_short_regime_challenge_v1_donchian_atr,20261007T203647Z-194d4424b93c,40abb5fb23ef44fd8350a70b76469f5a,6719be4e317770b6,ETHUSDT,1h,SHORT_ONLY,diagnostic_year_2025,,base,46,24,22,0,1258.0988761045958,27.349975567491214,1.6171248270433989,52.17391304347826,69.51723154687176,DESCRIPTIVE_SAMPLE,trend,bearish,100.0,100.0,recent
donchian_atr,eth_short_regime_challenge_v1_donchian_atr,20261007T203647Z-194d4424b93c,40abb5fb23ef44fd8350a70b76469f5a,6719be4e317770b6,ETHUSDT,1h,SHORT_ONLY,diagnostic_year_2025,,base,0,0,0,0,0.0,,,,,INSUFFICIENT_SAMPLE,trend,bullish,0.0,0.0,recent
donchian_atr,eth_short_regime_challenge_v1_donchian_atr,20261007T203647Z-194d4424b93c,40abb5fb23ef44fd8350a70b76469f5a,6719be4e317770b6,ETHUSDT,1h,SHORT_ONLY,diagnostic_year_2025,,base,0,0,0,0,0.0,,,,,INSUFFICIENT_SAMPLE,trend,mixed,0.0,0.0,recent
donchian_atr,eth_short_regime_challenge_v1_donchian_atr,20261007T203647Z-194d4424b93c,40abb5fb23ef44fd8350a70b76469f5a,6719be4e317770b6,ETHUSDT,1h,SHORT_ONLY,diagnostic_year_2025,,base,0,0,0,0,0.0,,,,,INSUFFICIENT_SAMPLE,trend,unavailable,0.0,0.0,recent
donchian_atr,eth_short_regime_challenge_v1_donchian_atr,20261007T203647Z-194d4424b93c,40abb5fb23ef44fd8350a70b76469f5a,6719be4e317770b6,ETHUSDT,1h,SHORT_ONLY,diagnostic_year_2025,,base,46,24,22,0,1258.0988761045958,27.349975567491214,1.6171248270433989,52.17391304347826,69.51723154687176,DESCRIPTIVE_SAMPLE,volatility,high,100.0,100.0,recent
donchian_atr,eth_short_regime_challenge_v1_donchian_atr,20261007T203647Z-194d4424b93c,40abb5fb23ef44fd8350a70b76469f5a,6719be4e317770b6,ETHUSDT,1h,SHORT_ONLY,diagnostic_year_2025,,base,0,0,0,0,0.0,,,,,INSUFFICIENT_SAMPLE,volatility,ordinary,0.0,0.0,recent
donchian_atr,eth_short_regime_challenge_v1_donchian_atr,20261007T203647Z-194d4424b93c,40abb5fb23ef44fd8350a70b76469f5a,6719be4e317770b6,ETHUSDT,1h,SHORT_ONLY,diagnostic_year_2025,,base,0,0,0,0,0.0,,,,,INSUFFICIENT_SAMPLE,volatility,unavailable,0.0,0.0,recent
donchian_atr,eth_short_regime_challenge_v1_donchian_atr,20261007T203647Z-194d4424b93c,40abb5fb23ef44fd8350a70b76469f5a,6719be4e317770b6,ETHUSDT,1h,SHORT_ONLY,diagnostic_year_2025,,base,46,24,22,0,1258.0988761045958,27.349975567491214,1.6171248270433989,52.17391304347826,69.51723154687176,DESCRIPTIVE_SAMPLE,combined,bearish/high,100.0,100.0,recent
donchian_atr,eth_short_regime_challenge_v1_donchian_atr,20261007T203647Z-194d4424b93c,40abb5fb23ef44fd8350a70b76469f5a,6719be4e317770b6,ETHUSDT,1h,SHORT_ONLY,diagnostic_year_2025,,base,0,0,0,0,0.0,,,,,INSUFFICIENT_SAMPLE,combined,bearish/ordinary,0.0,0.0,recent
donchian_atr,eth_short_regime_challenge_v1_donchian_atr,20261007T203647Z-194d4424b93c,40abb5fb23ef44fd8350a70b76469f5a,6719be4e317770b6,ETHUSDT,1h,SHORT_ONLY,diagnostic_year_2025,,base,0,0,0,0,0.0,,,,,INSUFFICIENT_SAMPLE,combined,bearish/unavailable,0.0,0.0,recent
donchian_atr,eth_short_regime_challenge_v1_donchian_atr,20261007T203647Z-194d4424b93c,40abb5fb23ef44fd8350a70b76469f5a,6719be4e317770b6,ETHUSDT,1h,SHORT_ONLY,diagnostic_year_2025,,base,0,0,0,0,0.0,,,,,INSUFFICIENT_SAMPLE,combined,bullish/high,0.0,0.0,recent
donchian_atr,eth_short_regime_challenge_v1_donchian_atr,20261007T203647Z-194d4424b93c,40abb5fb23ef44fd8350a70b76469f5a,6719be4e317770b6,ETHUSDT,1h,SHORT_ONLY,diagnostic_year_2025,,base,0,0,0,0,0.0,,,,,INSUFFICIENT_SAMPLE,combined,bullish/ordinary,0.0,0.0,recent
donchian_atr,eth_short_regime_challenge_v1_donchian_atr,20261007T203647Z-194d4424b93c,40abb5fb23ef44fd8350a70b76469f5a,6719be4e317770b6,ETHUSDT,1h,SHORT_ONLY,diagnostic_year_2025,,base,0,0,0,0,0.0,,,,,INSUFFICIENT_SAMPLE,combined,bullish/unavailable,0.0,0.0,recent
donchian_atr,eth_short_regime_challenge_v1_donchian_atr,20261007T203647Z-194d4424b93c,40abb5fb23ef44fd8350a70b76469f5a,6719be4e317770b6,ETHUSDT,1h,SHORT_ONLY,diagnostic_year_2025,,base,0,0,0,0,0.0,,,,,INSUFFICIENT_SAMPLE,combined,mixed/high,0.0,0.0,recent
donchian_atr,eth_short_regime_challenge_v1_donchian_atr,20261007T203647Z-194d4424b93c,40abb5fb23ef44fd8350a70b76469f5a,6719be4e317770b6,ETHUSDT,1h,SHORT_ONLY,diagnostic_year_2025,,base,0,0,0,0,0.0,,,,,INSUFFICIENT_SAMPLE,combined,mixed/ordinary,0.0,0.0,recent
donchian_atr,eth_short_regime_challenge_v1_donchian_atr,20261007T203647Z-194d4424b93c,40abb5fb23ef44fd8350a70b76469f5a,6719be4e317770b6,ETHUSDT,1h,SHORT_ONLY,diagnostic_year_2025,,base,0,0,0,0,0.0,,,,,INSUFFICIENT_SAMPLE,combined,mixed/unavailable,0.0,0.0,recent
donchian_atr,eth_short_regime_challenge_v1_donchian_atr,20261007T203647Z-194d4424b93c,40abb5fb23ef44fd8350a70b76469f5a,6719be4e317770b6,ETHUSDT,1h,SHORT_ONLY,diagnostic_year_2025,,base,0,0,0,0,0.0,,,,,INSUFFICIENT_SAMPLE,combined,unavailable/high,0.0,0.0,recent
donchian_atr,eth_short_regime_challenge_v1_donchian_atr,20261007T203647Z-194d4424b93c,40abb5fb23ef44fd8350a70b76469f5a,6719be4e317770b6,ETHUSDT,1h,SHORT_ONLY,diagnostic_year_2025,,base,0,0,0,0,0.0,,,,,INSUFFICIENT_SAMPLE,combined,unavailable/ordinary,0.0,0.0,recent
donchian_atr,eth_short_regime_challenge_v1_donchian_atr,20261007T203647Z-194d4424b93c,40abb5fb23ef44fd8350a70b76469f5a,6719be4e317770b6,ETHUSDT,1h,SHORT_ONLY,diagnostic_year_2025,,base,0,0,0,0,0.0,,,,,INSUFFICIENT_SAMPLE,combined,unavailable/unavailable,0.0,0.0,recent
donchian_atr,eth_short_regime_challenge_v1_donchian_atr,20261007T203647Z-194d4424b93c,ce56873bce1f4832b757b0bc255700be,6719be4e317770b6,ETHUSDT,1h,SHORT_ONLY,diagnostic_year_2025,,adverse,46,24,22,0,1109.5319092418615,24.12025889656221,1.5343705446578766,52.17391304347826,65.30860315333483,DESCRIPTIVE_SAMPLE,trend,bearish,100.0,100.00000000000004,recent
donchian_atr,eth_short_regime_challenge_v1_donchian_atr,20261007T203647Z-194d4424b93c,ce56873bce1f4832b757b0bc255700be,6719be4e317770b6,ETHUSDT,1h,SHORT_ONLY,diagnostic_year_2025,,adverse,0,0,0,0,0.0,,,,,INSUFFICIENT_SAMPLE,trend,bullish,0.0,0.0,recent
donchian_atr,eth_short_regime_challenge_v1_donchian_atr,20261007T203647Z-194d4424b93c,ce56873bce1f4832b757b0bc255700be,6719be4e317770b6,ETHUSDT,1h,SHORT_ONLY,diagnostic_year_2025,,adverse,0,0,0,0,0.0,,,,,INSUFFICIENT_SAMPLE,trend,mixed,0.0,0.0,recent
donchian_atr,eth_short_regime_challenge_v1_donchian_atr,20261007T203647Z-194d4424b93c,ce56873bce1f4832b757b0bc255700be,6719be4e317770b6,ETHUSDT,1h,SHORT_ONLY,diagnostic_year_2025,,adverse,0,0,0,0,0.0,,,,,INSUFFICIENT_SAMPLE,trend,unavailable,0.0,0.0,recent
donchian_atr,eth_short_regime_challenge_v1_donchian_atr,20261007T203647Z-194d4424b93c,ce56873bce1f4832b757b0bc255700be,6719be4e317770b6,ETHUSDT,1h,SHORT_ONLY,diagnostic_year_2025,,adverse,46,24,22,0,1109.5319092418615,24.12025889656221,1.5343705446578766,52.17391304347826,65.30860315333483,DESCRIPTIVE_SAMPLE,volatility,high,100.0,100.00000000000004,recent
donchian_atr,eth_short_regime_challenge_v1_donchian_atr,20261007T203647Z-194d4424b93c,ce56873bce1f4832b757b0bc255700be,6719be4e317770b6,ETHUSDT,1h,SHORT_ONLY,diagnostic_year_2025,,adverse,0,0,0,0,0.0,,,,,INSUFFICIENT_SAMPLE,volatility,ordinary,0.0,0.0,recent
donchian_atr,eth_short_regime_challenge_v1_donchian_atr,20261007T203647Z-194d4424b93c,ce56873bce1f4832b757b0bc255700be,6719be4e317770b6,ETHUSDT,1h,SHORT_ONLY,diagnostic_year_2025,,adverse,0,0,0,0,0.0,,,,,INSUFFICIENT_SAMPLE,volatility,unavailable,0.0,0.0,recent
donchian_atr,eth_short_regime_challenge_v1_donchian_atr,20261007T203647Z-194d4424b93c,ce56873bce1f4832b757b0bc255700be,6719be4e317770b6,ETHUSDT,1h,SHORT_ONLY,diagnostic_year_2025,,adverse,46,24,22,0,1109.5319092418615,24.12025889656221,1.5343705446578766,52.17391304347826,65.30860315333483,DESCRIPTIVE_SAMPLE,combined,bearish/high,100.0,100.00000000000004,recent
donchian_atr,eth_short_regime_challenge_v1_donchian_atr,20261007T203647Z-194d4424b93c,ce56873bce1f4832b757b0bc255700be,6719be4e317770b6,ETHUSDT,1h,SHORT_ONLY,diagnostic_year_2025,,adverse,0,0,0,0,0.0,,,,,INSUFFICIENT_SAMPLE,combined,bearish/ordinary,0.0,0.0,recent
donchian_atr,eth_short_regime_challenge_v1_donchian_atr,20261007T203647Z-194d4424b93c,ce56873bce1f4832b757b0bc255700be,6719be4e317770b6,ETHUSDT,1h,SHORT_ONLY,diagnostic_year_2025,,adverse,0,0,0,0,0.0,,,,,INSUFFICIENT_SAMPLE,combined,bearish/unavailable,0.0,0.0,recent
donchian_atr,eth_short_regime_challenge_v1_donchian_atr,20261007T203647Z-194d4424b93c,ce56873bce1f4832b757b0bc255700be,6719be4e317770b6,ETHUSDT,1h,SHORT_ONLY,diagnostic_year_2025,,adverse,0,0,0,0,0.0,,,,,INSUFFICIENT_SAMPLE,combined,bullish/high,0.0,0.0,recent
donchian_atr,eth_short_regime_challenge_v1_donchian_atr,20261007T203647Z-194d4424b93c,ce56873bce1f4832b757b0bc255700be,6719be4e317770b6,ETHUSDT,1h,SHORT_ONLY,diagnostic_year_2025,,adverse,0,0,0,0,0.0,,,,,INSUFFICIENT_SAMPLE,combined,bullish/ordinary,0.0,0.0,recent
donchian_atr,eth_short_regime_challenge_v1_donchian_atr,20261007T203647Z-194d4424b93c,ce56873bce1f4832b757b0bc255700be,6719be4e317770b6,ETHUSDT,1h,SHORT_ONLY,diagnostic_year_2025,,adverse,0,0,0,0,0.0,,,,,INSUFFICIENT_SAMPLE,combined,bullish/unavailable,0.0,0.0,recent
donchian_atr,eth_short_regime_challenge_v1_donchian_atr,20261007T203647Z-194d4424b93c,ce56873bce1f4832b757b0bc255700be,6719be4e317770b6,ETHUSDT,1h,SHORT_ONLY,diagnostic_year_2025,,adverse,0,0,0,0,0.0,,,,,INSUFFICIENT_SAMPLE,combined,mixed/high,0.0,0.0,recent
donchian_atr,eth_short_regime_challenge_v1_donchian_atr,20261007T203647Z-194d4424b93c,ce56873bce1f4832b757b0bc255700be,6719be4e317770b6,ETHUSDT,1h,SHORT_ONLY,diagnostic_year_2025,,adverse,0,0,0,0,0.0,,,,,INSUFFICIENT_SAMPLE,combined,mixed/ordinary,0.0,0.0,recent
donchian_atr,eth_short_regime_challenge_v1_donchian_atr,20261007T203647Z-194d4424b93c,ce56873bce1f4832b757b0bc255700be,6719be4e317770b6,ETHUSDT,1h,SHORT_ONLY,diagnostic_year_2025,,adverse,0,0,0,0,0.0,,,,,INSUFFICIENT_SAMPLE,combined,mixed/unavailable,0.0,0.0,recent
donchian_atr,eth_short_regime_challenge_v1_donchian_atr,20261007T203647Z-194d4424b93c,ce56873bce1f4832b757b0bc255700be,6719be4e317770b6,ETHUSDT,1h,SHORT_ONLY,diagnostic_year_2025,,adverse,0,0,0,0,0.0,,,,,INSUFFICIENT_SAMPLE,combined,unavailable/high,0.0,0.0,recent
donchian_atr,eth_short_regime_challenge_v1_donchian_atr,20261007T203647Z-194d4424b93c,ce56873bce1f4832b757b0bc255700be,6719be4e317770b6,ETHUSDT,1h,SHORT_ONLY,diagnostic_year_2025,,adverse,0,0,0,0,0.0,,,,,INSUFFICIENT_SAMPLE,combined,unavailable/ordinary,0.0,0.0,recent
donchian_atr,eth_short_regime_challenge_v1_donchian_atr,20261007T203647Z-194d4424b93c,ce56873bce1f4832b757b0bc255700be,6719be4e317770b6,ETHUSDT,1h,SHORT_ONLY,diagnostic_year_2025,,adverse,0,0,0,0,0.0,,,,,INSUFFICIENT_SAMPLE,combined,unavailable/unavailable,0.0,0.0,recent
donchian_atr,eth_short_regime_challenge_v1_donchian_atr,20261007T203647Z-194d4424b93c,9f26cd76d87b4489aaa5d1c535a4c22a,4c4aa07c4c65af74,ETHUSDT,1h,SHORT_ONLY,diagnostic_year_2025,,base,45,24,21,0,1325.810844613304,29.462463213628972,1.6689670319711738,53.333333333333336,76.44173229243894,DESCRIPTIVE_SAMPLE,trend,bearish,100.0,100.00000000000004,recent
donchian_atr,eth_short_regime_challenge_v1_donchian_atr,20261007T203647Z-194d4424b93c,9f26cd76d87b4489aaa5d1c535a4c22a,4c4aa07c4c65af74,ETHUSDT,1h,SHORT_ONLY,diagnostic_year_2025,,base,0,0,0,0,0.0,,,,,INSUFFICIENT_SAMPLE,trend,bullish,0.0,0.0,recent
donchian_atr,eth_short_regime_challenge_v1_donchian_atr,20261007T203647Z-194d4424b93c,9f26cd76d87b4489aaa5d1c535a4c22a,4c4aa07c4c65af74,ETHUSDT,1h,SHORT_ONLY,diagnostic_year_2025,,base,0,0,0,0,0.0,,,,,INSUFFICIENT_SAMPLE,trend,mixed,0.0,0.0,recent
donchian_atr,eth_short_regime_challenge_v1_donchian_atr,20261007T203647Z-194d4424b93c,9f26cd76d87b4489aaa5d1c535a4c22a,4c4aa07c4c65af74,ETHUSDT,1h,SHORT_ONLY,diagnostic_year_2025,,base,0,0,0,0,0.0,,,,,INSUFFICIENT_SAMPLE,trend,unavailable,0.0,0.0,recent
donchian_atr,eth_short_regime_challenge_v1_donchian_atr,20261007T203647Z-194d4424b93c,9f26cd76d87b4489aaa5d1c535a4c22a,4c4aa07c4c65af74,ETHUSDT,1h,SHORT_ONLY,diagnostic_year_2025,,base,45,24,21,0,1325.810844613304,29.462463213628972,1.6689670319711738,53.333333333333336,76.44173229243894,DESCRIPTIVE_SAMPLE,volatility,high,100.0,100.00000000000004,recent
donchian_atr,eth_short_regime_challenge_v1_donchian_atr,20261007T203647Z-194d4424b93c,9f26cd76d87b4489aaa5d1c535a4c22a,4c4aa07c4c65af74,ETHUSDT,1h,SHORT_ONLY,diagnostic_year_2025,,base,0,0,0,0,0.0,,,,,INSUFFICIENT_SAMPLE,volatility,ordinary,0.0,0.0,recent
donchian_atr,eth_short_regime_challenge_v1_donchian_atr,20261007T203647Z-194d4424b93c,9f26cd76d87b4489aaa5d1c535a4c22a,4c4aa07c4c65af74,ETHUSDT,1h,SHORT_ONLY,diagnostic_year_2025,,base,0,0,0,0,0.0,,,,,INSUFFICIENT_SAMPLE,volatility,unavailable,0.0,0.0,recent
donchian_atr,eth_short_regime_challenge_v1_donchian_atr,20261007T203647Z-194d4424b93c,9f26cd76d87b4489aaa5d1c535a4c22a,4c4aa07c4c65af74,ETHUSDT,1h,SHORT_ONLY,diagnostic_year_2025,,base,45,24,21,0,1325.810844613304,29.462463213628972,1.6689670319711738,53.333333333333336,76.44173229243894,DESCRIPTIVE_SAMPLE,combined,bearish/high,100.0,100.00000000000004,recent
donchian_atr,eth_short_regime_challenge_v1_donchian_atr,20261007T203647Z-194d4424b93c,9f26cd76d87b4489aaa5d1c535a4c22a,4c4aa07c4c65af74,ETHUSDT,1h,SHORT_ONLY,diagnostic_year_2025,,base,0,0,0,0,0.0,,,,,INSUFFICIENT_SAMPLE,combined,bearish/ordinary,0.0,0.0,recent
donchian_atr,eth_short_regime_challenge_v1_donchian_atr,20261007T203647Z-194d4424b93c,9f26cd76d87b4489aaa5d1c535a4c22a,4c4aa07c4c65af74,ETHUSDT,1h,SHORT_ONLY,diagnostic_year_2025,,base,0,0,0,0,0.0,,,,,INSUFFICIENT_SAMPLE,combined,bearish/unavailable,0.0,0.0,recent
donchian_atr,eth_short_regime_challenge_v1_donchian_atr,20261007T203647Z-194d4424b93c,9f26cd76d87b4489aaa5d1c535a4c22a,4c4aa07c4c65af74,ETHUSDT,1h,SHORT_ONLY,diagnostic_year_2025,,base,0,0,0,0,0.0,,,,,INSUFFICIENT_SAMPLE,combined,bullish/high,0.0,0.0,recent
donchian_atr,eth_short_regime_challenge_v1_donchian_atr,20261007T203647Z-194d4424b93c,9f26cd76d87b4489aaa5d1c535a4c22a,4c4aa07c4c65af74,ETHUSDT,1h,SHORT_ONLY,diagnostic_year_2025,,base,0,0,0,0,0.0,,,,,INSUFFICIENT_SAMPLE,combined,bullish/ordinary,0.0,0.0,recent
donchian_atr,eth_short_regime_challenge_v1_donchian_atr,20261007T203647Z-194d4424b93c,9f26cd76d87b4489aaa5d1c535a4c22a,4c4aa07c4c65af74,ETHUSDT,1h,SHORT_ONLY,diagnostic_year_2025,,base,0,0,0,0,0.0,,,,,INSUFFICIENT_SAMPLE,combined,bullish/unavailable,0.0,0.0,recent
donchian_atr,eth_short_regime_challenge_v1_donchian_atr,20261007T203647Z-194d4424b93c,9f26cd76d87b4489aaa5d1c535a4c22a,4c4aa07c4c65af74,ETHUSDT,1h,SHORT_ONLY,diagnostic_year_2025,,base,0,0,0,0,0.0,,,,,INSUFFICIENT_SAMPLE,combined,mixed/high,0.0,0.0,recent
donchian_atr,eth_short_regime_challenge_v1_donchian_atr,20261007T203647Z-194d4424b93c,9f26cd76d87b4489aaa5d1c535a4c22a,4c4aa07c4c65af74,ETHUSDT,1h,SHORT_ONLY,diagnostic_year_2025,,base,0,0,0,0,0.0,,,,,INSUFFICIENT_SAMPLE,combined,mixed/ordinary,0.0,0.0,recent
donchian_atr,eth_short_regime_challenge_v1_donchian_atr,20261007T203647Z-194d4424b93c,9f26cd76d87b4489aaa5d1c535a4c22a,4c4aa07c4c65af74,ETHUSDT,1h,SHORT_ONLY,diagnostic_year_2025,,base,0,0,0,0,0.0,,,,,INSUFFICIENT_SAMPLE,combined,mixed/unavailable,0.0,0.0,recent
donchian_atr,eth_short_regime_challenge_v1_donchian_atr,20261007T203647Z-194d4424b93c,9f26cd76d87b4489aaa5d1c535a4c22a,4c4aa07c4c65af74,ETHUSDT,1h,SHORT_ONLY,diagnostic_year_2025,,base,0,0,0,0,0.0,,,,,INSUFFICIENT_SAMPLE,combined,unavailable/high,0.0,0.0,recent
donchian_atr,eth_short_regime_challenge_v1_donchian_atr,20261007T203647Z-194d4424b93c,9f26cd76d87b4489aaa5d1c535a4c22a,4c4aa07c4c65af74,ETHUSDT,1h,SHORT_ONLY,diagnostic_year_2025,,base,0,0,0,0,0.0,,,,,INSUFFICIENT_SAMPLE,combined,unavailable/ordinary,0.0,0.0,recent
donchian_atr,eth_short_regime_challenge_v1_donchian_atr,20261007T203647Z-194d4424b93c,9f26cd76d87b4489aaa5d1c535a4c22a,4c4aa07c4c65af74,ETHUSDT,1h,SHORT_ONLY,diagnostic_year_2025,,base,0,0,0,0,0.0,,,,,INSUFFICIENT_SAMPLE,combined,unavailable/unavailable,0.0,0.0,recent
donchian_atr,eth_short_regime_challenge_v1_donchian_atr,20261007T203647Z-194d4424b93c,780bc062273345a0b7b16820eabe149c,4c4aa07c4c65af74,ETHUSDT,1h,SHORT_ONLY,diagnostic_year_2025,,adverse,45,24,21,0,1180.1865705567548,26.22636823459455,1.5851691813540838,53.333333333333336,71.9953929723109,DESCRIPTIVE_SAMPLE,trend,bearish,100.0,100.0,recent
donchian_atr,eth_short_regime_challenge_v1_donchian_atr,20261007T203647Z-194d4424b93c,780bc062273345a0b7b16820eabe149c,4c4aa07c4c65af74,ETHUSDT,1h,SHORT_ONLY,diagnostic_year_2025,,adverse,0,0,0,0,0.0,,,,,INSUFFICIENT_SAMPLE,trend,bullish,0.0,0.0,recent
donchian_atr,eth_short_regime_challenge_v1_donchian_atr,20261007T203647Z-194d4424b93c,780bc062273345a0b7b16820eabe149c,4c4aa07c4c65af74,ETHUSDT,1h,SHORT_ONLY,diagnostic_year_2025,,adverse,0,0,0,0,0.0,,,,,INSUFFICIENT_SAMPLE,trend,mixed,0.0,0.0,recent
donchian_atr,eth_short_regime_challenge_v1_donchian_atr,20261007T203647Z-194d4424b93c,780bc062273345a0b7b16820eabe149c,4c4aa07c4c65af74,ETHUSDT,1h,SHORT_ONLY,diagnostic_year_2025,,adverse,0,0,0,0,0.0,,,,,INSUFFICIENT_SAMPLE,trend,unavailable,0.0,0.0,recent
donchian_atr,eth_short_regime_challenge_v1_donchian_atr,20261007T203647Z-194d4424b93c,780bc062273345a0b7b16820eabe149c,4c4aa07c4c65af74,ETHUSDT,1h,SHORT_ONLY,diagnostic_year_2025,,adverse,45,24,21,0,1180.1865705567548,26.22636823459455,1.5851691813540838,53.333333333333336,71.9953929723109,DESCRIPTIVE_SAMPLE,volatility,high,100.0,100.0,recent
donchian_atr,eth_short_regime_challenge_v1_donchian_atr,20261007T203647Z-194d4424b93c,780bc062273345a0b7b16820eabe149c,4c4aa07c4c65af74,ETHUSDT,1h,SHORT_ONLY,diagnostic_year_2025,,adverse,0,0,0,0,0.0,,,,,INSUFFICIENT_SAMPLE,volatility,ordinary,0.0,0.0,recent
donchian_atr,eth_short_regime_challenge_v1_donchian_atr,20261007T203647Z-194d4424b93c,780bc062273345a0b7b16820eabe149c,4c4aa07c4c65af74,ETHUSDT,1h,SHORT_ONLY,diagnostic_year_2025,,adverse,0,0,0,0,0.0,,,,,INSUFFICIENT_SAMPLE,volatility,unavailable,0.0,0.0,recent
donchian_atr,eth_short_regime_challenge_v1_donchian_atr,20261007T203647Z-194d4424b93c,780bc062273345a0b7b16820eabe149c,4c4aa07c4c65af74,ETHUSDT,1h,SHORT_ONLY,diagnostic_year_2025,,adverse,45,24,21,0,1180.1865705567548,26.22636823459455,1.5851691813540838,53.333333333333336,71.9953929723109,DESCRIPTIVE_SAMPLE,combined,bearish/high,100.0,100.0,recent
donchian_atr,eth_short_regime_challenge_v1_donchian_atr,20261007T203647Z-194d4424b93c,780bc062273345a0b7b16820eabe149c,4c4aa07c4c65af74,ETHUSDT,1h,SHORT_ONLY,diagnostic_year_2025,,adverse,0,0,0,0,0.0,,,,,INSUFFICIENT_SAMPLE,combined,bearish/ordinary,0.0,0.0,recent
donchian_atr,eth_short_regime_challenge_v1_donchian_atr,20261007T203647Z-194d4424b93c,780bc062273345a0b7b16820eabe149c,4c4aa07c4c65af74,ETHUSDT,1h,SHORT_ONLY,diagnostic_year_2025,,adverse,0,0,0,0,0.0,,,,,INSUFFICIENT_SAMPLE,combined,bearish/unavailable,0.0,0.0,recent
donchian_atr,eth_short_regime_challenge_v1_donchian_atr,20261007T203647Z-194d4424b93c,780bc062273345a0b7b16820eabe149c,4c4aa07c4c65af74,ETHUSDT,1h,SHORT_ONLY,diagnostic_year_2025,,adverse,0,0,0,0,0.0,,,,,INSUFFICIENT_SAMPLE,combined,bullish/high,0.0,0.0,recent
donchian_atr,eth_short_regime_challenge_v1_donchian_atr,20261007T203647Z-194d4424b93c,780bc062273345a0b7b16820eabe149c,4c4aa07c4c65af74,ETHUSDT,1h,SHORT_ONLY,diagnostic_year_2025,,adverse,0,0,0,0,0.0,,,,,INSUFFICIENT_SAMPLE,combined,bullish/ordinary,0.0,0.0,recent
donchian_atr,eth_short_regime_challenge_v1_donchian_atr,20261007T203647Z-194d4424b93c,780bc062273345a0b7b16820eabe149c,4c4aa07c4c65af74,ETHUSDT,1h,SHORT_ONLY,diagnostic_year_2025,,adverse,0,0,0,0,0.0,,,,,INSUFFICIENT_SAMPLE,combined,bullish/unavailable,0.0,0.0,recent
donchian_atr,eth_short_regime_challenge_v1_donchian_atr,20261007T203647Z-194d4424b93c,780bc062273345a0b7b16820eabe149c,4c4aa07c4c65af74,ETHUSDT,1h,SHORT_ONLY,diagnostic_year_2025,,adverse,0,0,0,0,0.0,,,,,INSUFFICIENT_SAMPLE,combined,mixed/high,0.0,0.0,recent
donchian_atr,eth_short_regime_challenge_v1_donchian_atr,20261007T203647Z-194d4424b93c,780bc062273345a0b7b16820eabe149c,4c4aa07c4c65af74,ETHUSDT,1h,SHORT_ONLY,diagnostic_year_2025,,adverse,0,0,0,0,0.0,,,,,INSUFFICIENT_SAMPLE,combined,mixed/ordinary,0.0,0.0,recent
donchian_atr,eth_short_regime_challenge_v1_donchian_atr,20261007T203647Z-194d4424b93c,780bc062273345a0b7b16820eabe149c,4c4aa07c4c65af74,ETHUSDT,1h,SHORT_ONLY,diagnostic_year_2025,,adverse,0,0,0,0,0.0,,,,,INSUFFICIENT_SAMPLE,combined,mixed/unavailable,0.0,0.0,recent
donchian_atr,eth_short_regime_challenge_v1_donchian_atr,20261007T203647Z-194d4424b93c,780bc062273345a0b7b16820eabe149c,4c4aa07c4c65af74,ETHUSDT,1h,SHORT_ONLY,diagnostic_year_2025,,adverse,0,0,0,0,0.0,,,,,INSUFFICIENT_SAMPLE,combined,unavailable/high,0.0,0.0,recent
donchian_atr,eth_short_regime_challenge_v1_donchian_atr,20261007T203647Z-194d4424b93c,780bc062273345a0b7b16820eabe149c,4c4aa07c4c65af74,ETHUSDT,1h,SHORT_ONLY,diagnostic_year_2025,,adverse,0,0,0,0,0.0,,,,,INSUFFICIENT_SAMPLE,combined,unavailable/ordinary,0.0,0.0,recent
donchian_atr,eth_short_regime_challenge_v1_donchian_atr,20261007T203647Z-194d4424b93c,780bc062273345a0b7b16820eabe149c,4c4aa07c4c65af74,ETHUSDT,1h,SHORT_ONLY,diagnostic_year_2025,,adverse,0,0,0,0,0.0,,,,,INSUFFICIENT_SAMPLE,combined,unavailable/unavailable,0.0,0.0,recent
donchian_atr,eth_short_regime_challenge_v1_donchian_atr,20261007T203647Z-194d4424b93c,d5ecbc42e22c47a786d55b6121080973,db2f1a56c8656a10,ETHUSDT,1h,SHORT_ONLY,diagnostic_year_2025,,base,45,24,21,0,1338.7561257568373,29.75013612792972,1.6751161712878355,53.333333333333336,85.04605680647566,DESCRIPTIVE_SAMPLE,trend,bearish,100.0,100.0,recent
donchian_atr,eth_short_regime_challenge_v1_donchian_atr,20261007T203647Z-194d4424b93c,d5ecbc42e22c47a786d55b6121080973,db2f1a56c8656a10,ETHUSDT,1h,SHORT_ONLY,diagnostic_year_2025,,base,0,0,0,0,0.0,,,,,INSUFFICIENT_SAMPLE,trend,bullish,0.0,0.0,recent
donchian_atr,eth_short_regime_challenge_v1_donchian_atr,20261007T203647Z-194d4424b93c,d5ecbc42e22c47a786d55b6121080973,db2f1a56c8656a10,ETHUSDT,1h,SHORT_ONLY,diagnostic_year_2025,,base,0,0,0,0,0.0,,,,,INSUFFICIENT_SAMPLE,trend,mixed,0.0,0.0,recent
donchian_atr,eth_short_regime_challenge_v1_donchian_atr,20261007T203647Z-194d4424b93c,d5ecbc42e22c47a786d55b6121080973,db2f1a56c8656a10,ETHUSDT,1h,SHORT_ONLY,diagnostic_year_2025,,base,0,0,0,0,0.0,,,,,INSUFFICIENT_SAMPLE,trend,unavailable,0.0,0.0,recent
donchian_atr,eth_short_regime_challenge_v1_donchian_atr,20261007T203647Z-194d4424b93c,d5ecbc42e22c47a786d55b6121080973,db2f1a56c8656a10,ETHUSDT,1h,SHORT_ONLY,diagnostic_year_2025,,base,45,24,21,0,1338.7561257568373,29.75013612792972,1.6751161712878355,53.333333333333336,85.04605680647566,DESCRIPTIVE_SAMPLE,volatility,high,100.0,100.0,recent
donchian_atr,eth_short_regime_challenge_v1_donchian_atr,20261007T203647Z-194d4424b93c,d5ecbc42e22c47a786d55b6121080973,db2f1a56c8656a10,ETHUSDT,1h,SHORT_ONLY,diagnostic_year_2025,,base,0,0,0,0,0.0,,,,,INSUFFICIENT_SAMPLE,volatility,ordinary,0.0,0.0,recent
donchian_atr,eth_short_regime_challenge_v1_donchian_atr,20261007T203647Z-194d4424b93c,d5ecbc42e22c47a786d55b6121080973,db2f1a56c8656a10,ETHUSDT,1h,SHORT_ONLY,diagnostic_year_2025,,base,0,0,0,0,0.0,,,,,INSUFFICIENT_SAMPLE,volatility,unavailable,0.0,0.0,recent
donchian_atr,eth_short_regime_challenge_v1_donchian_atr,20261007T203647Z-194d4424b93c,d5ecbc42e22c47a786d55b6121080973,db2f1a56c8656a10,ETHUSDT,1h,SHORT_ONLY,diagnostic_year_2025,,base,45,24,21,0,1338.7561257568373,29.75013612792972,1.6751161712878355,53.333333333333336,85.04605680647566,DESCRIPTIVE_SAMPLE,combined,bearish/high,100.0,100.0,recent
donchian_atr,eth_short_regime_challenge_v1_donchian_atr,20261007T203647Z-194d4424b93c,d5ecbc42e22c47a786d55b6121080973,db2f1a56c8656a10,ETHUSDT,1h,SHORT_ONLY,diagnostic_year_2025,,base,0,0,0,0,0.0,,,,,INSUFFICIENT_SAMPLE,combined,bearish/ordinary,0.0,0.0,recent
donchian_atr,eth_short_regime_challenge_v1_donchian_atr,20261007T203647Z-194d4424b93c,d5ecbc42e22c47a786d55b6121080973,db2f1a56c8656a10,ETHUSDT,1h,SHORT_ONLY,diagnostic_year_2025,,base,0,0,0,0,0.0,,,,,INSUFFICIENT_SAMPLE,combined,bearish/unavailable,0.0,0.0,recent
donchian_atr,eth_short_regime_challenge_v1_donchian_atr,20261007T203647Z-194d4424b93c,d5ecbc42e22c47a786d55b6121080973,db2f1a56c8656a10,ETHUSDT,1h,SHORT_ONLY,diagnostic_year_2025,,base,0,0,0,0,0.0,,,,,INSUFFICIENT_SAMPLE,combined,bullish/high,0.0,0.0,recent
donchian_atr,eth_short_regime_challenge_v1_donchian_atr,20261007T203647Z-194d4424b93c,d5ecbc42e22c47a786d55b6121080973,db2f1a56c8656a10,ETHUSDT,1h,SHORT_ONLY,diagnostic_year_2025,,base,0,0,0,0,0.0,,,,,INSUFFICIENT_SAMPLE,combined,bullish/ordinary,0.0,0.0,recent
donchian_atr,eth_short_regime_challenge_v1_donchian_atr,20261007T203647Z-194d4424b93c,d5ecbc42e22c47a786d55b6121080973,db2f1a56c8656a10,ETHUSDT,1h,SHORT_ONLY,diagnostic_year_2025,,base,0,0,0,0,0.0,,,,,INSUFFICIENT_SAMPLE,combined,bullish/unavailable,0.0,0.0,recent
donchian_atr,eth_short_regime_challenge_v1_donchian_atr,20261007T203647Z-194d4424b93c,d5ecbc42e22c47a786d55b6121080973,db2f1a56c8656a10,ETHUSDT,1h,SHORT_ONLY,diagnostic_year_2025,,base,0,0,0,0,0.0,,,,,INSUFFICIENT_SAMPLE,combined,mixed/high,0.0,0.0,recent
donchian_atr,eth_short_regime_challenge_v1_donchian_atr,20261007T203647Z-194d4424b93c,d5ecbc42e22c47a786d55b6121080973,db2f1a56c8656a10,ETHUSDT,1h,SHORT_ONLY,diagnostic_year_2025,,base,0,0,0,0,0.0,,,,,INSUFFICIENT_SAMPLE,combined,mixed/ordinary,0.0,0.0,recent
donchian_atr,eth_short_regime_challenge_v1_donchian_atr,20261007T203647Z-194d4424b93c,d5ecbc42e22c47a786d55b6121080973,db2f1a56c8656a10,ETHUSDT,1h,SHORT_ONLY,diagnostic_year_2025,,base,0,0,0,0,0.0,,,,,INSUFFICIENT_SAMPLE,combined,mixed/unavailable,0.0,0.0,recent
donchian_atr,eth_short_regime_challenge_v1_donchian_atr,20261007T203647Z-194d4424b93c,d5ecbc42e22c47a786d55b6121080973,db2f1a56c8656a10,ETHUSDT,1h,SHORT_ONLY,diagnostic_year_2025,,base,0,0,0,0,0.0,,,,,INSUFFICIENT_SAMPLE,combined,unavailable/high,0.0,0.0,recent
donchian_atr,eth_short_regime_challenge_v1_donchian_atr,20261007T203647Z-194d4424b93c,d5ecbc42e22c47a786d55b6121080973,db2f1a56c8656a10,ETHUSDT,1h,SHORT_ONLY,diagnostic_year_2025,,base,0,0,0,0,0.0,,,,,INSUFFICIENT_SAMPLE,combined,unavailable/ordinary,0.0,0.0,recent
donchian_atr,eth_short_regime_challenge_v1_donchian_atr,20261007T203647Z-194d4424b93c,d5ecbc42e22c47a786d55b6121080973,db2f1a56c8656a10,ETHUSDT,1h,SHORT_ONLY,diagnostic_year_2025,,base,0,0,0,0,0.0,,,,,INSUFFICIENT_SAMPLE,combined,unavailable/unavailable,0.0,0.0,recent
donchian_atr,eth_short_regime_challenge_v1_donchian_atr,20261007T203647Z-194d4424b93c,918158e1cd784c0e9dbe9b27a973801a,db2f1a56c8656a10,ETHUSDT,1h,SHORT_ONLY,diagnostic_year_2025,,adverse,45,24,21,0,1192.9790234979464,26.51064496662103,1.5911772054175877,53.333333333333336,80.51924619957367,DESCRIPTIVE_SAMPLE,trend,bearish,100.0,100.0,recent
donchian_atr,eth_short_regime_challenge_v1_donchian_atr,20261007T203647Z-194d4424b93c,918158e1cd784c0e9dbe9b27a973801a,db2f1a56c8656a10,ETHUSDT,1h,SHORT_ONLY,diagnostic_year_2025,,adverse,0,0,0,0,0.0,,,,,INSUFFICIENT_SAMPLE,trend,bullish,0.0,0.0,recent
donchian_atr,eth_short_regime_challenge_v1_donchian_atr,20261007T203647Z-194d4424b93c,918158e1cd784c0e9dbe9b27a973801a,db2f1a56c8656a10,ETHUSDT,1h,SHORT_ONLY,diagnostic_year_2025,,adverse,0,0,0,0,0.0,,,,,INSUFFICIENT_SAMPLE,trend,mixed,0.0,0.0,recent
donchian_atr,eth_short_regime_challenge_v1_donchian_atr,20261007T203647Z-194d4424b93c,918158e1cd784c0e9dbe9b27a973801a,db2f1a56c8656a10,ETHUSDT,1h,SHORT_ONLY,diagnostic_year_2025,,adverse,0,0,0,0,0.0,,,,,INSUFFICIENT_SAMPLE,trend,unavailable,0.0,0.0,recent
donchian_atr,eth_short_regime_challenge_v1_donchian_atr,20261007T203647Z-194d4424b93c,918158e1cd784c0e9dbe9b27a973801a,db2f1a56c8656a10,ETHUSDT,1h,SHORT_ONLY,diagnostic_year_2025,,adverse,45,24,21,0,1192.9790234979464,26.51064496662103,1.5911772054175877,53.333333333333336,80.51924619957367,DESCRIPTIVE_SAMPLE,volatility,high,100.0,100.0,recent
donchian_atr,eth_short_regime_challenge_v1_donchian_atr,20261007T203647Z-194d4424b93c,918158e1cd784c0e9dbe9b27a973801a,db2f1a56c8656a10,ETHUSDT,1h,SHORT_ONLY,diagnostic_year_2025,,adverse,0,0,0,0,0.0,,,,,INSUFFICIENT_SAMPLE,volatility,ordinary,0.0,0.0,recent
donchian_atr,eth_short_regime_challenge_v1_donchian_atr,20261007T203647Z-194d4424b93c,918158e1cd784c0e9dbe9b27a973801a,db2f1a56c8656a10,ETHUSDT,1h,SHORT_ONLY,diagnostic_year_2025,,adverse,0,0,0,0,0.0,,,,,INSUFFICIENT_SAMPLE,volatility,unavailable,0.0,0.0,recent
donchian_atr,eth_short_regime_challenge_v1_donchian_atr,20261007T203647Z-194d4424b93c,918158e1cd784c0e9dbe9b27a973801a,db2f1a56c8656a10,ETHUSDT,1h,SHORT_ONLY,diagnostic_year_2025,,adverse,45,24,21,0,1192.9790234979464,26.51064496662103,1.5911772054175877,53.333333333333336,80.51924619957367,DESCRIPTIVE_SAMPLE,combined,bearish/high,100.0,100.0,recent
donchian_atr,eth_short_regime_challenge_v1_donchian_atr,20261007T203647Z-194d4424b93c,918158e1cd784c0e9dbe9b27a973801a,db2f1a56c8656a10,ETHUSDT,1h,SHORT_ONLY,diagnostic_year_2025,,adverse,0,0,0,0,0.0,,,,,INSUFFICIENT_SAMPLE,combined,bearish/ordinary,0.0,0.0,recent
donchian_atr,eth_short_regime_challenge_v1_donchian_atr,20261007T203647Z-194d4424b93c,918158e1cd784c0e9dbe9b27a973801a,db2f1a56c8656a10,ETHUSDT,1h,SHORT_ONLY,diagnostic_year_2025,,adverse,0,0,0,0,0.0,,,,,INSUFFICIENT_SAMPLE,combined,bearish/unavailable,0.0,0.0,recent
donchian_atr,eth_short_regime_challenge_v1_donchian_atr,20261007T203647Z-194d4424b93c,918158e1cd784c0e9dbe9b27a973801a,db2f1a56c8656a10,ETHUSDT,1h,SHORT_ONLY,diagnostic_year_2025,,adverse,0,0,0,0,0.0,,,,,INSUFFICIENT_SAMPLE,combined,bullish/high,0.0,0.0,recent
donchian_atr,eth_short_regime_challenge_v1_donchian_atr,20261007T203647Z-194d4424b93c,918158e1cd784c0e9dbe9b27a973801a,db2f1a56c8656a10,ETHUSDT,1h,SHORT_ONLY,diagnostic_year_2025,,adverse,0,0,0,0,0.0,,,,,INSUFFICIENT_SAMPLE,combined,bullish/ordinary,0.0,0.0,recent
donchian_atr,eth_short_regime_challenge_v1_donchian_atr,20261007T203647Z-194d4424b93c,918158e1cd784c0e9dbe9b27a973801a,db2f1a56c8656a10,ETHUSDT,1h,SHORT_ONLY,diagnostic_year_2025,,adverse,0,0,0,0,0.0,,,,,INSUFFICIENT_SAMPLE,combined,bullish/unavailable,0.0,0.0,recent
donchian_atr,eth_short_regime_challenge_v1_donchian_atr,20261007T203647Z-194d4424b93c,918158e1cd784c0e9dbe9b27a973801a,db2f1a56c8656a10,ETHUSDT,1h,SHORT_ONLY,diagnostic_year_2025,,adverse,0,0,0,0,0.0,,,,,INSUFFICIENT_SAMPLE,combined,mixed/high,0.0,0.0,recent
donchian_atr,eth_short_regime_challenge_v1_donchian_atr,20261007T203647Z-194d4424b93c,918158e1cd784c0e9dbe9b27a973801a,db2f1a56c8656a10,ETHUSDT,1h,SHORT_ONLY,diagnostic_year_2025,,adverse,0,0,0,0,0.0,,,,,INSUFFICIENT_SAMPLE,combined,mixed/ordinary,0.0,0.0,recent
donchian_atr,eth_short_regime_challenge_v1_donchian_atr,20261007T203647Z-194d4424b93c,918158e1cd784c0e9dbe9b27a973801a,db2f1a56c8656a10,ETHUSDT,1h,SHORT_ONLY,diagnostic_year_2025,,adverse,0,0,0,0,0.0,,,,,INSUFFICIENT_SAMPLE,combined,mixed/unavailable,0.0,0.0,recent
donchian_atr,eth_short_regime_challenge_v1_donchian_atr,20261007T203647Z-194d4424b93c,918158e1cd784c0e9dbe9b27a973801a,db2f1a56c8656a10,ETHUSDT,1h,SHORT_ONLY,diagnostic_year_2025,,adverse,0,0,0,0,0.0,,,,,INSUFFICIENT_SAMPLE,combined,unavailable/high,0.0,0.0,recent
donchian_atr,eth_short_regime_challenge_v1_donchian_atr,20261007T203647Z-194d4424b93c,918158e1cd784c0e9dbe9b27a973801a,db2f1a56c8656a10,ETHUSDT,1h,SHORT_ONLY,diagnostic_year_2025,,adverse,0,0,0,0,0.0,,,,,INSUFFICIENT_SAMPLE,combined,unavailable/ordinary,0.0,0.0,recent
donchian_atr,eth_short_regime_challenge_v1_donchian_atr,20261007T203647Z-194d4424b93c,918158e1cd784c0e9dbe9b27a973801a,db2f1a56c8656a10,ETHUSDT,1h,SHORT_ONLY,diagnostic_year_2025,,adverse,0,0,0,0,0.0,,,,,INSUFFICIENT_SAMPLE,combined,unavailable/unavailable,0.0,0.0,recent
donchian_atr,eth_short_regime_challenge_v1_donchian_atr,20261007T203647Z-194d4424b93c,e53a3a266b234afcbf6e9606e894344b,ff43266d9f6c730a,ETHUSDT,1h,SHORT_ONLY,diagnostic_year_2026,,base,38,14,24,0,67.87679859565047,1.786231541990802,1.0474087596508077,36.8421052631579,-43.36949758898052,DESCRIPTIVE_SAMPLE,trend,bearish,100.0,99.99999999999986,recent
donchian_atr,eth_short_regime_challenge_v1_donchian_atr,20261007T203647Z-194d4424b93c,e53a3a266b234afcbf6e9606e894344b,ff43266d9f6c730a,ETHUSDT,1h,SHORT_ONLY,diagnostic_year_2026,,base,0,0,0,0,0.0,,,,,INSUFFICIENT_SAMPLE,trend,bullish,0.0,0.0,recent
donchian_atr,eth_short_regime_challenge_v1_donchian_atr,20261007T203647Z-194d4424b93c,e53a3a266b234afcbf6e9606e894344b,ff43266d9f6c730a,ETHUSDT,1h,SHORT_ONLY,diagnostic_year_2026,,base,0,0,0,0,0.0,,,,,INSUFFICIENT_SAMPLE,trend,mixed,0.0,0.0,recent
donchian_atr,eth_short_regime_challenge_v1_donchian_atr,20261007T203647Z-194d4424b93c,e53a3a266b234afcbf6e9606e894344b,ff43266d9f6c730a,ETHUSDT,1h,SHORT_ONLY,diagnostic_year_2026,,base,0,0,0,0,0.0,,,,,INSUFFICIENT_SAMPLE,trend,unavailable,0.0,0.0,recent
donchian_atr,eth_short_regime_challenge_v1_donchian_atr,20261007T203647Z-194d4424b93c,e53a3a266b234afcbf6e9606e894344b,ff43266d9f6c730a,ETHUSDT,1h,SHORT_ONLY,diagnostic_year_2026,,base,38,14,24,0,67.87679859565047,1.786231541990802,1.0474087596508077,36.8421052631579,-43.36949758898052,DESCRIPTIVE_SAMPLE,volatility,high,100.0,99.99999999999986,recent
donchian_atr,eth_short_regime_challenge_v1_donchian_atr,20261007T203647Z-194d4424b93c,e53a3a266b234afcbf6e9606e894344b,ff43266d9f6c730a,ETHUSDT,1h,SHORT_ONLY,diagnostic_year_2026,,base,0,0,0,0,0.0,,,,,INSUFFICIENT_SAMPLE,volatility,ordinary,0.0,0.0,recent
donchian_atr,eth_short_regime_challenge_v1_donchian_atr,20261007T203647Z-194d4424b93c,e53a3a266b234afcbf6e9606e894344b,ff43266d9f6c730a,ETHUSDT,1h,SHORT_ONLY,diagnostic_year_2026,,base,0,0,0,0,0.0,,,,,INSUFFICIENT_SAMPLE,volatility,unavailable,0.0,0.0,recent
donchian_atr,eth_short_regime_challenge_v1_donchian_atr,20261007T203647Z-194d4424b93c,e53a3a266b234afcbf6e9606e894344b,ff43266d9f6c730a,ETHUSDT,1h,SHORT_ONLY,diagnostic_year_2026,,base,38,14,24,0,67.87679859565047,1.786231541990802,1.0474087596508077,36.8421052631579,-43.36949758898052,DESCRIPTIVE_SAMPLE,combined,bearish/high,100.0,99.99999999999986,recent
donchian_atr,eth_short_regime_challenge_v1_donchian_atr,20261007T203647Z-194d4424b93c,e53a3a266b234afcbf6e9606e894344b,ff43266d9f6c730a,ETHUSDT,1h,SHORT_ONLY,diagnostic_year_2026,,base,0,0,0,0,0.0,,,,,INSUFFICIENT_SAMPLE,combined,bearish/ordinary,0.0,0.0,recent
donchian_atr,eth_short_regime_challenge_v1_donchian_atr,20261007T203647Z-194d4424b93c,e53a3a266b234afcbf6e9606e894344b,ff43266d9f6c730a,ETHUSDT,1h,SHORT_ONLY,diagnostic_year_2026,,base,0,0,0,0,0.0,,,,,INSUFFICIENT_SAMPLE,combined,bearish/unavailable,0.0,0.0,recent
donchian_atr,eth_short_regime_challenge_v1_donchian_atr,20261007T203647Z-194d4424b93c,e53a3a266b234afcbf6e9606e894344b,ff43266d9f6c730a,ETHUSDT,1h,SHORT_ONLY,diagnostic_year_2026,,base,0,0,0,0,0.0,,,,,INSUFFICIENT_SAMPLE,combined,bullish/high,0.0,0.0,recent
donchian_atr,eth_short_regime_challenge_v1_donchian_atr,20261007T203647Z-194d4424b93c,e53a3a266b234afcbf6e9606e894344b,ff43266d9f6c730a,ETHUSDT,1h,SHORT_ONLY,diagnostic_year_2026,,base,0,0,0,0,0.0,,,,,INSUFFICIENT_SAMPLE,combined,bullish/ordinary,0.0,0.0,recent
donchian_atr,eth_short_regime_challenge_v1_donchian_atr,20261007T203647Z-194d4424b93c,e53a3a266b234afcbf6e9606e894344b,ff43266d9f6c730a,ETHUSDT,1h,SHORT_ONLY,diagnostic_year_2026,,base,0,0,0,0,0.0,,,,,INSUFFICIENT_SAMPLE,combined,bullish/unavailable,0.0,0.0,recent
donchian_atr,eth_short_regime_challenge_v1_donchian_atr,20261007T203647Z-194d4424b93c,e53a3a266b234afcbf6e9606e894344b,ff43266d9f6c730a,ETHUSDT,1h,SHORT_ONLY,diagnostic_year_2026,,base,0,0,0,0,0.0,,,,,INSUFFICIENT_SAMPLE,combined,mixed/high,0.0,0.0,recent
donchian_atr,eth_short_regime_challenge_v1_donchian_atr,20261007T203647Z-194d4424b93c,e53a3a266b234afcbf6e9606e894344b,ff43266d9f6c730a,ETHUSDT,1h,SHORT_ONLY,diagnostic_year_2026,,base,0,0,0,0,0.0,,,,,INSUFFICIENT_SAMPLE,combined,mixed/ordinary,0.0,0.0,recent
donchian_atr,eth_short_regime_challenge_v1_donchian_atr,20261007T203647Z-194d4424b93c,e53a3a266b234afcbf6e9606e894344b,ff43266d9f6c730a,ETHUSDT,1h,SHORT_ONLY,diagnostic_year_2026,,base,0,0,0,0,0.0,,,,,INSUFFICIENT_SAMPLE,combined,mixed/unavailable,0.0,0.0,recent
donchian_atr,eth_short_regime_challenge_v1_donchian_atr,20261007T203647Z-194d4424b93c,e53a3a266b234afcbf6e9606e894344b,ff43266d9f6c730a,ETHUSDT,1h,SHORT_ONLY,diagnostic_year_2026,,base,0,0,0,0,0.0,,,,,INSUFFICIENT_SAMPLE,combined,unavailable/high,0.0,0.0,recent
donchian_atr,eth_short_regime_challenge_v1_donchian_atr,20261007T203647Z-194d4424b93c,e53a3a266b234afcbf6e9606e894344b,ff43266d9f6c730a,ETHUSDT,1h,SHORT_ONLY,diagnostic_year_2026,,base,0,0,0,0,0.0,,,,,INSUFFICIENT_SAMPLE,combined,unavailable/ordinary,0.0,0.0,recent
donchian_atr,eth_short_regime_challenge_v1_donchian_atr,20261007T203647Z-194d4424b93c,e53a3a266b234afcbf6e9606e894344b,ff43266d9f6c730a,ETHUSDT,1h,SHORT_ONLY,diagnostic_year_2026,,base,0,0,0,0,0.0,,,,,INSUFFICIENT_SAMPLE,combined,unavailable/unavailable,0.0,0.0,recent
donchian_atr,eth_short_regime_challenge_v1_donchian_atr,20261007T203647Z-194d4424b93c,617ee622ed084083bfd99ec8a79b0ce3,ff43266d9f6c730a,ETHUSDT,1h,SHORT_ONLY,diagnostic_year_2026,,adverse,37,14,23,0,11.46412192657246,0.309841133150607,1.007962016131292,37.83783783783784,-45.79674835048303,DESCRIPTIVE_SAMPLE,trend,bearish,100.0,100.00000000000009,recent
donchian_atr,eth_short_regime_challenge_v1_donchian_atr,20261007T203647Z-194d4424b93c,617ee622ed084083bfd99ec8a79b0ce3,ff43266d9f6c730a,ETHUSDT,1h,SHORT_ONLY,diagnostic_year_2026,,adverse,0,0,0,0,0.0,,,,,INSUFFICIENT_SAMPLE,trend,bullish,0.0,0.0,recent
donchian_atr,eth_short_regime_challenge_v1_donchian_atr,20261007T203647Z-194d4424b93c,617ee622ed084083bfd99ec8a79b0ce3,ff43266d9f6c730a,ETHUSDT,1h,SHORT_ONLY,diagnostic_year_2026,,adverse,0,0,0,0,0.0,,,,,INSUFFICIENT_SAMPLE,trend,mixed,0.0,0.0,recent
donchian_atr,eth_short_regime_challenge_v1_donchian_atr,20261007T203647Z-194d4424b93c,617ee622ed084083bfd99ec8a79b0ce3,ff43266d9f6c730a,ETHUSDT,1h,SHORT_ONLY,diagnostic_year_2026,,adverse,0,0,0,0,0.0,,,,,INSUFFICIENT_SAMPLE,trend,unavailable,0.0,0.0,recent
donchian_atr,eth_short_regime_challenge_v1_donchian_atr,20261007T203647Z-194d4424b93c,617ee622ed084083bfd99ec8a79b0ce3,ff43266d9f6c730a,ETHUSDT,1h,SHORT_ONLY,diagnostic_year_2026,,adverse,37,14,23,0,11.46412192657246,0.309841133150607,1.007962016131292,37.83783783783784,-45.79674835048303,DESCRIPTIVE_SAMPLE,volatility,high,100.0,100.00000000000009,recent
donchian_atr,eth_short_regime_challenge_v1_donchian_atr,20261007T203647Z-194d4424b93c,617ee622ed084083bfd99ec8a79b0ce3,ff43266d9f6c730a,ETHUSDT,1h,SHORT_ONLY,diagnostic_year_2026,,adverse,0,0,0,0,0.0,,,,,INSUFFICIENT_SAMPLE,volatility,ordinary,0.0,0.0,recent
donchian_atr,eth_short_regime_challenge_v1_donchian_atr,20261007T203647Z-194d4424b93c,617ee622ed084083bfd99ec8a79b0ce3,ff43266d9f6c730a,ETHUSDT,1h,SHORT_ONLY,diagnostic_year_2026,,adverse,0,0,0,0,0.0,,,,,INSUFFICIENT_SAMPLE,volatility,unavailable,0.0,0.0,recent
donchian_atr,eth_short_regime_challenge_v1_donchian_atr,20261007T203647Z-194d4424b93c,617ee622ed084083bfd99ec8a79b0ce3,ff43266d9f6c730a,ETHUSDT,1h,SHORT_ONLY,diagnostic_year_2026,,adverse,37,14,23,0,11.46412192657246,0.309841133150607,1.007962016131292,37.83783783783784,-45.79674835048303,DESCRIPTIVE_SAMPLE,combined,bearish/high,100.0,100.00000000000009,recent
donchian_atr,eth_short_regime_challenge_v1_donchian_atr,20261007T203647Z-194d4424b93c,617ee622ed084083bfd99ec8a79b0ce3,ff43266d9f6c730a,ETHUSDT,1h,SHORT_ONLY,diagnostic_year_2026,,adverse,0,0,0,0,0.0,,,,,INSUFFICIENT_SAMPLE,combined,bearish/ordinary,0.0,0.0,recent
donchian_atr,eth_short_regime_challenge_v1_donchian_atr,20261007T203647Z-194d4424b93c,617ee622ed084083bfd99ec8a79b0ce3,ff43266d9f6c730a,ETHUSDT,1h,SHORT_ONLY,diagnostic_year_2026,,adverse,0,0,0,0,0.0,,,,,INSUFFICIENT_SAMPLE,combined,bearish/unavailable,0.0,0.0,recent
donchian_atr,eth_short_regime_challenge_v1_donchian_atr,20261007T203647Z-194d4424b93c,617ee622ed084083bfd99ec8a79b0ce3,ff43266d9f6c730a,ETHUSDT,1h,SHORT_ONLY,diagnostic_year_2026,,adverse,0,0,0,0,0.0,,,,,INSUFFICIENT_SAMPLE,combined,bullish/high,0.0,0.0,recent
donchian_atr,eth_short_regime_challenge_v1_donchian_atr,20261007T203647Z-194d4424b93c,617ee622ed084083bfd99ec8a79b0ce3,ff43266d9f6c730a,ETHUSDT,1h,SHORT_ONLY,diagnostic_year_2026,,adverse,0,0,0,0,0.0,,,,,INSUFFICIENT_SAMPLE,combined,bullish/ordinary,0.0,0.0,recent
donchian_atr,eth_short_regime_challenge_v1_donchian_atr,20261007T203647Z-194d4424b93c,617ee622ed084083bfd99ec8a79b0ce3,ff43266d9f6c730a,ETHUSDT,1h,SHORT_ONLY,diagnostic_year_2026,,adverse,0,0,0,0,0.0,,,,,INSUFFICIENT_SAMPLE,combined,bullish/unavailable,0.0,0.0,recent
donchian_atr,eth_short_regime_challenge_v1_donchian_atr,20261007T203647Z-194d4424b93c,617ee622ed084083bfd99ec8a79b0ce3,ff43266d9f6c730a,ETHUSDT,1h,SHORT_ONLY,diagnostic_year_2026,,adverse,0,0,0,0,0.0,,,,,INSUFFICIENT_SAMPLE,combined,mixed/high,0.0,0.0,recent
donchian_atr,eth_short_regime_challenge_v1_donchian_atr,20261007T203647Z-194d4424b93c,617ee622ed084083bfd99ec8a79b0ce3,ff43266d9f6c730a,ETHUSDT,1h,SHORT_ONLY,diagnostic_year_2026,,adverse,0,0,0,0,0.0,,,,,INSUFFICIENT_SAMPLE,combined,mixed/ordinary,0.0,0.0,recent
donchian_atr,eth_short_regime_challenge_v1_donchian_atr,20261007T203647Z-194d4424b93c,617ee622ed084083bfd99ec8a79b0ce3,ff43266d9f6c730a,ETHUSDT,1h,SHORT_ONLY,diagnostic_year_2026,,adverse,0,0,0,0,0.0,,,,,INSUFFICIENT_SAMPLE,combined,mixed/unavailable,0.0,0.0,recent
donchian_atr,eth_short_regime_challenge_v1_donchian_atr,20261007T203647Z-194d4424b93c,617ee622ed084083bfd99ec8a79b0ce3,ff43266d9f6c730a,ETHUSDT,1h,SHORT_ONLY,diagnostic_year_2026,,adverse,0,0,0,0,0.0,,,,,INSUFFICIENT_SAMPLE,combined,unavailable/high,0.0,0.0,recent
donchian_atr,eth_short_regime_challenge_v1_donchian_atr,20261007T203647Z-194d4424b93c,617ee622ed084083bfd99ec8a79b0ce3,ff43266d9f6c730a,ETHUSDT,1h,SHORT_ONLY,diagnostic_year_2026,,adverse,0,0,0,0,0.0,,,,,INSUFFICIENT_SAMPLE,combined,unavailable/ordinary,0.0,0.0,recent
donchian_atr,eth_short_regime_challenge_v1_donchian_atr,20261007T203647Z-194d4424b93c,617ee622ed084083bfd99ec8a79b0ce3,ff43266d9f6c730a,ETHUSDT,1h,SHORT_ONLY,diagnostic_year_2026,,adverse,0,0,0,0,0.0,,,,,INSUFFICIENT_SAMPLE,combined,unavailable/unavailable,0.0,0.0,recent
donchian_atr,eth_short_regime_challenge_v1_donchian_atr,20261007T203647Z-194d4424b93c,1ffc60689d9147b58b3530fb5a433c43,e0dd4c731d1d27f0,ETHUSDT,1h,SHORT_ONLY,diagnostic_year_2026,,base,36,14,22,0,150.42347815140914,4.178429948650254,1.111491800894722,38.888888888888886,-43.36949758898052,DESCRIPTIVE_SAMPLE,trend,bearish,100.0,99.99999999999996,recent
donchian_atr,eth_short_regime_challenge_v1_donchian_atr,20261007T203647Z-194d4424b93c,1ffc60689d9147b58b3530fb5a433c43,e0dd4c731d1d27f0,ETHUSDT,1h,SHORT_ONLY,diagnostic_year_2026,,base,0,0,0,0,0.0,,,,,INSUFFICIENT_SAMPLE,trend,bullish,0.0,0.0,recent
donchian_atr,eth_short_regime_challenge_v1_donchian_atr,20261007T203647Z-194d4424b93c,1ffc60689d9147b58b3530fb5a433c43,e0dd4c731d1d27f0,ETHUSDT,1h,SHORT_ONLY,diagnostic_year_2026,,base,0,0,0,0,0.0,,,,,INSUFFICIENT_SAMPLE,trend,mixed,0.0,0.0,recent
donchian_atr,eth_short_regime_challenge_v1_donchian_atr,20261007T203647Z-194d4424b93c,1ffc60689d9147b58b3530fb5a433c43,e0dd4c731d1d27f0,ETHUSDT,1h,SHORT_ONLY,diagnostic_year_2026,,base,0,0,0,0,0.0,,,,,INSUFFICIENT_SAMPLE,trend,unavailable,0.0,0.0,recent
donchian_atr,eth_short_regime_challenge_v1_donchian_atr,20261007T203647Z-194d4424b93c,1ffc60689d9147b58b3530fb5a433c43,e0dd4c731d1d27f0,ETHUSDT,1h,SHORT_ONLY,diagnostic_year_2026,,base,36,14,22,0,150.42347815140914,4.178429948650254,1.111491800894722,38.888888888888886,-43.36949758898052,DESCRIPTIVE_SAMPLE,volatility,high,100.0,99.99999999999996,recent
donchian_atr,eth_short_regime_challenge_v1_donchian_atr,20261007T203647Z-194d4424b93c,1ffc60689d9147b58b3530fb5a433c43,e0dd4c731d1d27f0,ETHUSDT,1h,SHORT_ONLY,diagnostic_year_2026,,base,0,0,0,0,0.0,,,,,INSUFFICIENT_SAMPLE,volatility,ordinary,0.0,0.0,recent
donchian_atr,eth_short_regime_challenge_v1_donchian_atr,20261007T203647Z-194d4424b93c,1ffc60689d9147b58b3530fb5a433c43,e0dd4c731d1d27f0,ETHUSDT,1h,SHORT_ONLY,diagnostic_year_2026,,base,0,0,0,0,0.0,,,,,INSUFFICIENT_SAMPLE,volatility,unavailable,0.0,0.0,recent
donchian_atr,eth_short_regime_challenge_v1_donchian_atr,20261007T203647Z-194d4424b93c,1ffc60689d9147b58b3530fb5a433c43,e0dd4c731d1d27f0,ETHUSDT,1h,SHORT_ONLY,diagnostic_year_2026,,base,36,14,22,0,150.42347815140914,4.178429948650254,1.111491800894722,38.888888888888886,-43.36949758898052,DESCRIPTIVE_SAMPLE,combined,bearish/high,100.0,99.99999999999996,recent
donchian_atr,eth_short_regime_challenge_v1_donchian_atr,20261007T203647Z-194d4424b93c,1ffc60689d9147b58b3530fb5a433c43,e0dd4c731d1d27f0,ETHUSDT,1h,SHORT_ONLY,diagnostic_year_2026,,base,0,0,0,0,0.0,,,,,INSUFFICIENT_SAMPLE,combined,bearish/ordinary,0.0,0.0,recent
donchian_atr,eth_short_regime_challenge_v1_donchian_atr,20261007T203647Z-194d4424b93c,1ffc60689d9147b58b3530fb5a433c43,e0dd4c731d1d27f0,ETHUSDT,1h,SHORT_ONLY,diagnostic_year_2026,,base,0,0,0,0,0.0,,,,,INSUFFICIENT_SAMPLE,combined,bearish/unavailable,0.0,0.0,recent
donchian_atr,eth_short_regime_challenge_v1_donchian_atr,20261007T203647Z-194d4424b93c,1ffc60689d9147b58b3530fb5a433c43,e0dd4c731d1d27f0,ETHUSDT,1h,SHORT_ONLY,diagnostic_year_2026,,base,0,0,0,0,0.0,,,,,INSUFFICIENT_SAMPLE,combined,bullish/high,0.0,0.0,recent
donchian_atr,eth_short_regime_challenge_v1_donchian_atr,20261007T203647Z-194d4424b93c,1ffc60689d9147b58b3530fb5a433c43,e0dd4c731d1d27f0,ETHUSDT,1h,SHORT_ONLY,diagnostic_year_2026,,base,0,0,0,0,0.0,,,,,INSUFFICIENT_SAMPLE,combined,bullish/ordinary,0.0,0.0,recent
donchian_atr,eth_short_regime_challenge_v1_donchian_atr,20261007T203647Z-194d4424b93c,1ffc60689d9147b58b3530fb5a433c43,e0dd4c731d1d27f0,ETHUSDT,1h,SHORT_ONLY,diagnostic_year_2026,,base,0,0,0,0,0.0,,,,,INSUFFICIENT_SAMPLE,combined,bullish/unavailable,0.0,0.0,recent
donchian_atr,eth_short_regime_challenge_v1_donchian_atr,20261007T203647Z-194d4424b93c,1ffc60689d9147b58b3530fb5a433c43,e0dd4c731d1d27f0,ETHUSDT,1h,SHORT_ONLY,diagnostic_year_2026,,base,0,0,0,0,0.0,,,,,INSUFFICIENT_SAMPLE,combined,mixed/high,0.0,0.0,recent
donchian_atr,eth_short_regime_challenge_v1_donchian_atr,20261007T203647Z-194d4424b93c,1ffc60689d9147b58b3530fb5a433c43,e0dd4c731d1d27f0,ETHUSDT,1h,SHORT_ONLY,diagnostic_year_2026,,base,0,0,0,0,0.0,,,,,INSUFFICIENT_SAMPLE,combined,mixed/ordinary,0.0,0.0,recent
donchian_atr,eth_short_regime_challenge_v1_donchian_atr,20261007T203647Z-194d4424b93c,1ffc60689d9147b58b3530fb5a433c43,e0dd4c731d1d27f0,ETHUSDT,1h,SHORT_ONLY,diagnostic_year_2026,,base,0,0,0,0,0.0,,,,,INSUFFICIENT_SAMPLE,combined,mixed/unavailable,0.0,0.0,recent
donchian_atr,eth_short_regime_challenge_v1_donchian_atr,20261007T203647Z-194d4424b93c,1ffc60689d9147b58b3530fb5a433c43,e0dd4c731d1d27f0,ETHUSDT,1h,SHORT_ONLY,diagnostic_year_2026,,base,0,0,0,0,0.0,,,,,INSUFFICIENT_SAMPLE,combined,unavailable/high,0.0,0.0,recent
donchian_atr,eth_short_regime_challenge_v1_donchian_atr,20261007T203647Z-194d4424b93c,1ffc60689d9147b58b3530fb5a433c43,e0dd4c731d1d27f0,ETHUSDT,1h,SHORT_ONLY,diagnostic_year_2026,,base,0,0,0,0,0.0,,,,,INSUFFICIENT_SAMPLE,combined,unavailable/ordinary,0.0,0.0,recent
donchian_atr,eth_short_regime_challenge_v1_donchian_atr,20261007T203647Z-194d4424b93c,1ffc60689d9147b58b3530fb5a433c43,e0dd4c731d1d27f0,ETHUSDT,1h,SHORT_ONLY,diagnostic_year_2026,,base,0,0,0,0,0.0,,,,,INSUFFICIENT_SAMPLE,combined,unavailable/unavailable,0.0,0.0,recent
donchian_atr,eth_short_regime_challenge_v1_donchian_atr,20261007T203647Z-194d4424b93c,fb1516870a7842d39284bb754b8e5ce7,e0dd4c731d1d27f0,ETHUSDT,1h,SHORT_ONLY,diagnostic_year_2026,,adverse,35,14,21,0,100.43830695576136,2.869665913021753,1.0743504209990995,40.0,-45.79674835048303,DESCRIPTIVE_SAMPLE,trend,bearish,100.0,100.0,recent
donchian_atr,eth_short_regime_challenge_v1_donchian_atr,20261007T203647Z-194d4424b93c,fb1516870a7842d39284bb754b8e5ce7,e0dd4c731d1d27f0,ETHUSDT,1h,SHORT_ONLY,diagnostic_year_2026,,adverse,0,0,0,0,0.0,,,,,INSUFFICIENT_SAMPLE,trend,bullish,0.0,0.0,recent
donchian_atr,eth_short_regime_challenge_v1_donchian_atr,20261007T203647Z-194d4424b93c,fb1516870a7842d39284bb754b8e5ce7,e0dd4c731d1d27f0,ETHUSDT,1h,SHORT_ONLY,diagnostic_year_2026,,adverse,0,0,0,0,0.0,,,,,INSUFFICIENT_SAMPLE,trend,mixed,0.0,0.0,recent
donchian_atr,eth_short_regime_challenge_v1_donchian_atr,20261007T203647Z-194d4424b93c,fb1516870a7842d39284bb754b8e5ce7,e0dd4c731d1d27f0,ETHUSDT,1h,SHORT_ONLY,diagnostic_year_2026,,adverse,0,0,0,0,0.0,,,,,INSUFFICIENT_SAMPLE,trend,unavailable,0.0,0.0,recent
donchian_atr,eth_short_regime_challenge_v1_donchian_atr,20261007T203647Z-194d4424b93c,fb1516870a7842d39284bb754b8e5ce7,e0dd4c731d1d27f0,ETHUSDT,1h,SHORT_ONLY,diagnostic_year_2026,,adverse,35,14,21,0,100.43830695576136,2.869665913021753,1.0743504209990995,40.0,-45.79674835048303,DESCRIPTIVE_SAMPLE,volatility,high,100.0,100.0,recent
donchian_atr,eth_short_regime_challenge_v1_donchian_atr,20261007T203647Z-194d4424b93c,fb1516870a7842d39284bb754b8e5ce7,e0dd4c731d1d27f0,ETHUSDT,1h,SHORT_ONLY,diagnostic_year_2026,,adverse,0,0,0,0,0.0,,,,,INSUFFICIENT_SAMPLE,volatility,ordinary,0.0,0.0,recent
donchian_atr,eth_short_regime_challenge_v1_donchian_atr,20261007T203647Z-194d4424b93c,fb1516870a7842d39284bb754b8e5ce7,e0dd4c731d1d27f0,ETHUSDT,1h,SHORT_ONLY,diagnostic_year_2026,,adverse,0,0,0,0,0.0,,,,,INSUFFICIENT_SAMPLE,volatility,unavailable,0.0,0.0,recent
donchian_atr,eth_short_regime_challenge_v1_donchian_atr,20261007T203647Z-194d4424b93c,fb1516870a7842d39284bb754b8e5ce7,e0dd4c731d1d27f0,ETHUSDT,1h,SHORT_ONLY,diagnostic_year_2026,,adverse,35,14,21,0,100.43830695576136,2.869665913021753,1.0743504209990995,40.0,-45.79674835048303,DESCRIPTIVE_SAMPLE,combined,bearish/high,100.0,100.0,recent
donchian_atr,eth_short_regime_challenge_v1_donchian_atr,20261007T203647Z-194d4424b93c,fb1516870a7842d39284bb754b8e5ce7,e0dd4c731d1d27f0,ETHUSDT,1h,SHORT_ONLY,diagnostic_year_2026,,adverse,0,0,0,0,0.0,,,,,INSUFFICIENT_SAMPLE,combined,bearish/ordinary,0.0,0.0,recent
donchian_atr,eth_short_regime_challenge_v1_donchian_atr,20261007T203647Z-194d4424b93c,fb1516870a7842d39284bb754b8e5ce7,e0dd4c731d1d27f0,ETHUSDT,1h,SHORT_ONLY,diagnostic_year_2026,,adverse,0,0,0,0,0.0,,,,,INSUFFICIENT_SAMPLE,combined,bearish/unavailable,0.0,0.0,recent
donchian_atr,eth_short_regime_challenge_v1_donchian_atr,20261007T203647Z-194d4424b93c,fb1516870a7842d39284bb754b8e5ce7,e0dd4c731d1d27f0,ETHUSDT,1h,SHORT_ONLY,diagnostic_year_2026,,adverse,0,0,0,0,0.0,,,,,INSUFFICIENT_SAMPLE,combined,bullish/high,0.0,0.0,recent
donchian_atr,eth_short_regime_challenge_v1_donchian_atr,20261007T203647Z-194d4424b93c,fb1516870a7842d39284bb754b8e5ce7,e0dd4c731d1d27f0,ETHUSDT,1h,SHORT_ONLY,diagnostic_year_2026,,adverse,0,0,0,0,0.0,,,,,INSUFFICIENT_SAMPLE,combined,bullish/ordinary,0.0,0.0,recent
donchian_atr,eth_short_regime_challenge_v1_donchian_atr,20261007T203647Z-194d4424b93c,fb1516870a7842d39284bb754b8e5ce7,e0dd4c731d1d27f0,ETHUSDT,1h,SHORT_ONLY,diagnostic_year_2026,,adverse,0,0,0,0,0.0,,,,,INSUFFICIENT_SAMPLE,combined,bullish/unavailable,0.0,0.0,recent
donchian_atr,eth_short_regime_challenge_v1_donchian_atr,20261007T203647Z-194d4424b93c,fb1516870a7842d39284bb754b8e5ce7,e0dd4c731d1d27f0,ETHUSDT,1h,SHORT_ONLY,diagnostic_year_2026,,adverse,0,0,0,0,0.0,,,,,INSUFFICIENT_SAMPLE,combined,mixed/high,0.0,0.0,recent
donchian_atr,eth_short_regime_challenge_v1_donchian_atr,20261007T203647Z-194d4424b93c,fb1516870a7842d39284bb754b8e5ce7,e0dd4c731d1d27f0,ETHUSDT,1h,SHORT_ONLY,diagnostic_year_2026,,adverse,0,0,0,0,0.0,,,,,INSUFFICIENT_SAMPLE,combined,mixed/ordinary,0.0,0.0,recent
donchian_atr,eth_short_regime_challenge_v1_donchian_atr,20261007T203647Z-194d4424b93c,fb1516870a7842d39284bb754b8e5ce7,e0dd4c731d1d27f0,ETHUSDT,1h,SHORT_ONLY,diagnostic_year_2026,,adverse,0,0,0,0,0.0,,,,,INSUFFICIENT_SAMPLE,combined,mixed/unavailable,0.0,0.0,recent
donchian_atr,eth_short_regime_challenge_v1_donchian_atr,20261007T203647Z-194d4424b93c,fb1516870a7842d39284bb754b8e5ce7,e0dd4c731d1d27f0,ETHUSDT,1h,SHORT_ONLY,diagnostic_year_2026,,adverse,0,0,0,0,0.0,,,,,INSUFFICIENT_SAMPLE,combined,unavailable/high,0.0,0.0,recent
donchian_atr,eth_short_regime_challenge_v1_donchian_atr,20261007T203647Z-194d4424b93c,fb1516870a7842d39284bb754b8e5ce7,e0dd4c731d1d27f0,ETHUSDT,1h,SHORT_ONLY,diagnostic_year_2026,,adverse,0,0,0,0,0.0,,,,,INSUFFICIENT_SAMPLE,combined,unavailable/ordinary,0.0,0.0,recent
donchian_atr,eth_short_regime_challenge_v1_donchian_atr,20261007T203647Z-194d4424b93c,fb1516870a7842d39284bb754b8e5ce7,e0dd4c731d1d27f0,ETHUSDT,1h,SHORT_ONLY,diagnostic_year_2026,,adverse,0,0,0,0,0.0,,,,,INSUFFICIENT_SAMPLE,combined,unavailable/unavailable,0.0,0.0,recent
donchian_atr,eth_short_regime_challenge_v1_donchian_atr,20261007T203647Z-194d4424b93c,2732b175ba82422e9f3d5d4fb1d40df5,827790540ac7604f,ETHUSDT,1h,SHORT_ONLY,diagnostic_year_2026,,base,34,12,22,0,-62.96043459579724,-1.8517774881116835,0.9533551546292024,35.294117647058826,-43.48574952741589,DESCRIPTIVE_SAMPLE,trend,bearish,100.0,,recent
donchian_atr,eth_short_regime_challenge_v1_donchian_atr,20261007T203647Z-194d4424b93c,2732b175ba82422e9f3d5d4fb1d40df5,827790540ac7604f,ETHUSDT,1h,SHORT_ONLY,diagnostic_year_2026,,base,0,0,0,0,0.0,,,,,INSUFFICIENT_SAMPLE,trend,bullish,0.0,,recent
donchian_atr,eth_short_regime_challenge_v1_donchian_atr,20261007T203647Z-194d4424b93c,2732b175ba82422e9f3d5d4fb1d40df5,827790540ac7604f,ETHUSDT,1h,SHORT_ONLY,diagnostic_year_2026,,base,0,0,0,0,0.0,,,,,INSUFFICIENT_SAMPLE,trend,mixed,0.0,,recent
donchian_atr,eth_short_regime_challenge_v1_donchian_atr,20261007T203647Z-194d4424b93c,2732b175ba82422e9f3d5d4fb1d40df5,827790540ac7604f,ETHUSDT,1h,SHORT_ONLY,diagnostic_year_2026,,base,0,0,0,0,0.0,,,,,INSUFFICIENT_SAMPLE,trend,unavailable,0.0,,recent
donchian_atr,eth_short_regime_challenge_v1_donchian_atr,20261007T203647Z-194d4424b93c,2732b175ba82422e9f3d5d4fb1d40df5,827790540ac7604f,ETHUSDT,1h,SHORT_ONLY,diagnostic_year_2026,,base,34,12,22,0,-62.96043459579724,-1.8517774881116835,0.9533551546292024,35.294117647058826,-43.48574952741589,DESCRIPTIVE_SAMPLE,volatility,high,100.0,,recent
donchian_atr,eth_short_regime_challenge_v1_donchian_atr,20261007T203647Z-194d4424b93c,2732b175ba82422e9f3d5d4fb1d40df5,827790540ac7604f,ETHUSDT,1h,SHORT_ONLY,diagnostic_year_2026,,base,0,0,0,0,0.0,,,,,INSUFFICIENT_SAMPLE,volatility,ordinary,0.0,,recent
donchian_atr,eth_short_regime_challenge_v1_donchian_atr,20261007T203647Z-194d4424b93c,2732b175ba82422e9f3d5d4fb1d40df5,827790540ac7604f,ETHUSDT,1h,SHORT_ONLY,diagnostic_year_2026,,base,0,0,0,0,0.0,,,,,INSUFFICIENT_SAMPLE,volatility,unavailable,0.0,,recent
donchian_atr,eth_short_regime_challenge_v1_donchian_atr,20261007T203647Z-194d4424b93c,2732b175ba82422e9f3d5d4fb1d40df5,827790540ac7604f,ETHUSDT,1h,SHORT_ONLY,diagnostic_year_2026,,base,34,12,22,0,-62.96043459579724,-1.8517774881116835,0.9533551546292024,35.294117647058826,-43.48574952741589,DESCRIPTIVE_SAMPLE,combined,bearish/high,100.0,,recent
donchian_atr,eth_short_regime_challenge_v1_donchian_atr,20261007T203647Z-194d4424b93c,2732b175ba82422e9f3d5d4fb1d40df5,827790540ac7604f,ETHUSDT,1h,SHORT_ONLY,diagnostic_year_2026,,base,0,0,0,0,0.0,,,,,INSUFFICIENT_SAMPLE,combined,bearish/ordinary,0.0,,recent
donchian_atr,eth_short_regime_challenge_v1_donchian_atr,20261007T203647Z-194d4424b93c,2732b175ba82422e9f3d5d4fb1d40df5,827790540ac7604f,ETHUSDT,1h,SHORT_ONLY,diagnostic_year_2026,,base,0,0,0,0,0.0,,,,,INSUFFICIENT_SAMPLE,combined,bearish/unavailable,0.0,,recent
donchian_atr,eth_short_regime_challenge_v1_donchian_atr,20261007T203647Z-194d4424b93c,2732b175ba82422e9f3d5d4fb1d40df5,827790540ac7604f,ETHUSDT,1h,SHORT_ONLY,diagnostic_year_2026,,base,0,0,0,0,0.0,,,,,INSUFFICIENT_SAMPLE,combined,bullish/high,0.0,,recent
donchian_atr,eth_short_regime_challenge_v1_donchian_atr,20261007T203647Z-194d4424b93c,2732b175ba82422e9f3d5d4fb1d40df5,827790540ac7604f,ETHUSDT,1h,SHORT_ONLY,diagnostic_year_2026,,base,0,0,0,0,0.0,,,,,INSUFFICIENT_SAMPLE,combined,bullish/ordinary,0.0,,recent
donchian_atr,eth_short_regime_challenge_v1_donchian_atr,20261007T203647Z-194d4424b93c,2732b175ba82422e9f3d5d4fb1d40df5,827790540ac7604f,ETHUSDT,1h,SHORT_ONLY,diagnostic_year_2026,,base,0,0,0,0,0.0,,,,,INSUFFICIENT_SAMPLE,combined,bullish/unavailable,0.0,,recent
donchian_atr,eth_short_regime_challenge_v1_donchian_atr,20261007T203647Z-194d4424b93c,2732b175ba82422e9f3d5d4fb1d40df5,827790540ac7604f,ETHUSDT,1h,SHORT_ONLY,diagnostic_year_2026,,base,0,0,0,0,0.0,,,,,INSUFFICIENT_SAMPLE,combined,mixed/high,0.0,,recent
donchian_atr,eth_short_regime_challenge_v1_donchian_atr,20261007T203647Z-194d4424b93c,2732b175ba82422e9f3d5d4fb1d40df5,827790540ac7604f,ETHUSDT,1h,SHORT_ONLY,diagnostic_year_2026,,base,0,0,0,0,0.0,,,,,INSUFFICIENT_SAMPLE,combined,mixed/ordinary,0.0,,recent
donchian_atr,eth_short_regime_challenge_v1_donchian_atr,20261007T203647Z-194d4424b93c,2732b175ba82422e9f3d5d4fb1d40df5,827790540ac7604f,ETHUSDT,1h,SHORT_ONLY,diagnostic_year_2026,,base,0,0,0,0,0.0,,,,,INSUFFICIENT_SAMPLE,combined,mixed/unavailable,0.0,,recent
donchian_atr,eth_short_regime_challenge_v1_donchian_atr,20261007T203647Z-194d4424b93c,2732b175ba82422e9f3d5d4fb1d40df5,827790540ac7604f,ETHUSDT,1h,SHORT_ONLY,diagnostic_year_2026,,base,0,0,0,0,0.0,,,,,INSUFFICIENT_SAMPLE,combined,unavailable/high,0.0,,recent
donchian_atr,eth_short_regime_challenge_v1_donchian_atr,20261007T203647Z-194d4424b93c,2732b175ba82422e9f3d5d4fb1d40df5,827790540ac7604f,ETHUSDT,1h,SHORT_ONLY,diagnostic_year_2026,,base,0,0,0,0,0.0,,,,,INSUFFICIENT_SAMPLE,combined,unavailable/ordinary,0.0,,recent
donchian_atr,eth_short_regime_challenge_v1_donchian_atr,20261007T203647Z-194d4424b93c,2732b175ba82422e9f3d5d4fb1d40df5,827790540ac7604f,ETHUSDT,1h,SHORT_ONLY,diagnostic_year_2026,,base,0,0,0,0,0.0,,,,,INSUFFICIENT_SAMPLE,combined,unavailable/unavailable,0.0,,recent
donchian_atr,eth_short_regime_challenge_v1_donchian_atr,20261007T203647Z-194d4424b93c,03e1701098664a1da6a74d5c59daae27,827790540ac7604f,ETHUSDT,1h,SHORT_ONLY,diagnostic_year_2026,,adverse,33,12,21,0,-105.44638901392756,-3.1953451216341686,0.9219573014135904,36.36363636363637,-46.72117576341927,DESCRIPTIVE_SAMPLE,trend,bearish,100.0,,recent
donchian_atr,eth_short_regime_challenge_v1_donchian_atr,20261007T203647Z-194d4424b93c,03e1701098664a1da6a74d5c59daae27,827790540ac7604f,ETHUSDT,1h,SHORT_ONLY,diagnostic_year_2026,,adverse,0,0,0,0,0.0,,,,,INSUFFICIENT_SAMPLE,trend,bullish,0.0,,recent
donchian_atr,eth_short_regime_challenge_v1_donchian_atr,20261007T203647Z-194d4424b93c,03e1701098664a1da6a74d5c59daae27,827790540ac7604f,ETHUSDT,1h,SHORT_ONLY,diagnostic_year_2026,,adverse,0,0,0,0,0.0,,,,,INSUFFICIENT_SAMPLE,trend,mixed,0.0,,recent
donchian_atr,eth_short_regime_challenge_v1_donchian_atr,20261007T203647Z-194d4424b93c,03e1701098664a1da6a74d5c59daae27,827790540ac7604f,ETHUSDT,1h,SHORT_ONLY,diagnostic_year_2026,,adverse,0,0,0,0,0.0,,,,,INSUFFICIENT_SAMPLE,trend,unavailable,0.0,,recent
donchian_atr,eth_short_regime_challenge_v1_donchian_atr,20261007T203647Z-194d4424b93c,03e1701098664a1da6a74d5c59daae27,827790540ac7604f,ETHUSDT,1h,SHORT_ONLY,diagnostic_year_2026,,adverse,33,12,21,0,-105.44638901392756,-3.1953451216341686,0.9219573014135904,36.36363636363637,-46.72117576341927,DESCRIPTIVE_SAMPLE,volatility,high,100.0,,recent
donchian_atr,eth_short_regime_challenge_v1_donchian_atr,20261007T203647Z-194d4424b93c,03e1701098664a1da6a74d5c59daae27,827790540ac7604f,ETHUSDT,1h,SHORT_ONLY,diagnostic_year_2026,,adverse,0,0,0,0,0.0,,,,,INSUFFICIENT_SAMPLE,volatility,ordinary,0.0,,recent
donchian_atr,eth_short_regime_challenge_v1_donchian_atr,20261007T203647Z-194d4424b93c,03e1701098664a1da6a74d5c59daae27,827790540ac7604f,ETHUSDT,1h,SHORT_ONLY,diagnostic_year_2026,,adverse,0,0,0,0,0.0,,,,,INSUFFICIENT_SAMPLE,volatility,unavailable,0.0,,recent
donchian_atr,eth_short_regime_challenge_v1_donchian_atr,20261007T203647Z-194d4424b93c,03e1701098664a1da6a74d5c59daae27,827790540ac7604f,ETHUSDT,1h,SHORT_ONLY,diagnostic_year_2026,,adverse,33,12,21,0,-105.44638901392756,-3.1953451216341686,0.9219573014135904,36.36363636363637,-46.72117576341927,DESCRIPTIVE_SAMPLE,combined,bearish/high,100.0,,recent
donchian_atr,eth_short_regime_challenge_v1_donchian_atr,20261007T203647Z-194d4424b93c,03e1701098664a1da6a74d5c59daae27,827790540ac7604f,ETHUSDT,1h,SHORT_ONLY,diagnostic_year_2026,,adverse,0,0,0,0,0.0,,,,,INSUFFICIENT_SAMPLE,combined,bearish/ordinary,0.0,,recent
donchian_atr,eth_short_regime_challenge_v1_donchian_atr,20261007T203647Z-194d4424b93c,03e1701098664a1da6a74d5c59daae27,827790540ac7604f,ETHUSDT,1h,SHORT_ONLY,diagnostic_year_2026,,adverse,0,0,0,0,0.0,,,,,INSUFFICIENT_SAMPLE,combined,bearish/unavailable,0.0,,recent
donchian_atr,eth_short_regime_challenge_v1_donchian_atr,20261007T203647Z-194d4424b93c,03e1701098664a1da6a74d5c59daae27,827790540ac7604f,ETHUSDT,1h,SHORT_ONLY,diagnostic_year_2026,,adverse,0,0,0,0,0.0,,,,,INSUFFICIENT_SAMPLE,combined,bullish/high,0.0,,recent
donchian_atr,eth_short_regime_challenge_v1_donchian_atr,20261007T203647Z-194d4424b93c,03e1701098664a1da6a74d5c59daae27,827790540ac7604f,ETHUSDT,1h,SHORT_ONLY,diagnostic_year_2026,,adverse,0,0,0,0,0.0,,,,,INSUFFICIENT_SAMPLE,combined,bullish/ordinary,0.0,,recent
donchian_atr,eth_short_regime_challenge_v1_donchian_atr,20261007T203647Z-194d4424b93c,03e1701098664a1da6a74d5c59daae27,827790540ac7604f,ETHUSDT,1h,SHORT_ONLY,diagnostic_year_2026,,adverse,0,0,0,0,0.0,,,,,INSUFFICIENT_SAMPLE,combined,bullish/unavailable,0.0,,recent
donchian_atr,eth_short_regime_challenge_v1_donchian_atr,20261007T203647Z-194d4424b93c,03e1701098664a1da6a74d5c59daae27,827790540ac7604f,ETHUSDT,1h,SHORT_ONLY,diagnostic_year_2026,,adverse,0,0,0,0,0.0,,,,,INSUFFICIENT_SAMPLE,combined,mixed/high,0.0,,recent
donchian_atr,eth_short_regime_challenge_v1_donchian_atr,20261007T203647Z-194d4424b93c,03e1701098664a1da6a74d5c59daae27,827790540ac7604f,ETHUSDT,1h,SHORT_ONLY,diagnostic_year_2026,,adverse,0,0,0,0,0.0,,,,,INSUFFICIENT_SAMPLE,combined,mixed/ordinary,0.0,,recent
donchian_atr,eth_short_regime_challenge_v1_donchian_atr,20261007T203647Z-194d4424b93c,03e1701098664a1da6a74d5c59daae27,827790540ac7604f,ETHUSDT,1h,SHORT_ONLY,diagnostic_year_2026,,adverse,0,0,0,0,0.0,,,,,INSUFFICIENT_SAMPLE,combined,mixed/unavailable,0.0,,recent
donchian_atr,eth_short_regime_challenge_v1_donchian_atr,20261007T203647Z-194d4424b93c,03e1701098664a1da6a74d5c59daae27,827790540ac7604f,ETHUSDT,1h,SHORT_ONLY,diagnostic_year_2026,,adverse,0,0,0,0,0.0,,,,,INSUFFICIENT_SAMPLE,combined,unavailable/high,0.0,,recent
donchian_atr,eth_short_regime_challenge_v1_donchian_atr,20261007T203647Z-194d4424b93c,03e1701098664a1da6a74d5c59daae27,827790540ac7604f,ETHUSDT,1h,SHORT_ONLY,diagnostic_year_2026,,adverse,0,0,0,0,0.0,,,,,INSUFFICIENT_SAMPLE,combined,unavailable/ordinary,0.0,,recent
donchian_atr,eth_short_regime_challenge_v1_donchian_atr,20261007T203647Z-194d4424b93c,03e1701098664a1da6a74d5c59daae27,827790540ac7604f,ETHUSDT,1h,SHORT_ONLY,diagnostic_year_2026,,adverse,0,0,0,0,0.0,,,,,INSUFFICIENT_SAMPLE,combined,unavailable/unavailable,0.0,,recent
donchian_atr,eth_short_regime_challenge_v1_donchian_atr,20261007T203647Z-194d4424b93c,d7573b10635c4c848355c283228e175b,6719be4e317770b6,ETHUSDT,1h,SHORT_ONLY,diagnostic_year_2026,,base,30,11,19,0,105.83366865037404,3.5277889550124684,1.0945058579219435,36.66666666666666,-44.681727448653,DESCRIPTIVE_SAMPLE,trend,bearish,100.0,100.0,recent
donchian_atr,eth_short_regime_challenge_v1_donchian_atr,20261007T203647Z-194d4424b93c,d7573b10635c4c848355c283228e175b,6719be4e317770b6,ETHUSDT,1h,SHORT_ONLY,diagnostic_year_2026,,base,0,0,0,0,0.0,,,,,INSUFFICIENT_SAMPLE,trend,bullish,0.0,0.0,recent
donchian_atr,eth_short_regime_challenge_v1_donchian_atr,20261007T203647Z-194d4424b93c,d7573b10635c4c848355c283228e175b,6719be4e317770b6,ETHUSDT,1h,SHORT_ONLY,diagnostic_year_2026,,base,0,0,0,0,0.0,,,,,INSUFFICIENT_SAMPLE,trend,mixed,0.0,0.0,recent
donchian_atr,eth_short_regime_challenge_v1_donchian_atr,20261007T203647Z-194d4424b93c,d7573b10635c4c848355c283228e175b,6719be4e317770b6,ETHUSDT,1h,SHORT_ONLY,diagnostic_year_2026,,base,0,0,0,0,0.0,,,,,INSUFFICIENT_SAMPLE,trend,unavailable,0.0,0.0,recent
donchian_atr,eth_short_regime_challenge_v1_donchian_atr,20261007T203647Z-194d4424b93c,d7573b10635c4c848355c283228e175b,6719be4e317770b6,ETHUSDT,1h,SHORT_ONLY,diagnostic_year_2026,,base,30,11,19,0,105.83366865037404,3.5277889550124684,1.0945058579219435,36.66666666666666,-44.681727448653,DESCRIPTIVE_SAMPLE,volatility,high,100.0,100.0,recent
donchian_atr,eth_short_regime_challenge_v1_donchian_atr,20261007T203647Z-194d4424b93c,d7573b10635c4c848355c283228e175b,6719be4e317770b6,ETHUSDT,1h,SHORT_ONLY,diagnostic_year_2026,,base,0,0,0,0,0.0,,,,,INSUFFICIENT_SAMPLE,volatility,ordinary,0.0,0.0,recent
donchian_atr,eth_short_regime_challenge_v1_donchian_atr,20261007T203647Z-194d4424b93c,d7573b10635c4c848355c283228e175b,6719be4e317770b6,ETHUSDT,1h,SHORT_ONLY,diagnostic_year_2026,,base,0,0,0,0,0.0,,,,,INSUFFICIENT_SAMPLE,volatility,unavailable,0.0,0.0,recent
donchian_atr,eth_short_regime_challenge_v1_donchian_atr,20261007T203647Z-194d4424b93c,d7573b10635c4c848355c283228e175b,6719be4e317770b6,ETHUSDT,1h,SHORT_ONLY,diagnostic_year_2026,,base,30,11,19,0,105.83366865037404,3.5277889550124684,1.0945058579219435,36.66666666666666,-44.681727448653,DESCRIPTIVE_SAMPLE,combined,bearish/high,100.0,100.0,recent
donchian_atr,eth_short_regime_challenge_v1_donchian_atr,20261007T203647Z-194d4424b93c,d7573b10635c4c848355c283228e175b,6719be4e317770b6,ETHUSDT,1h,SHORT_ONLY,diagnostic_year_2026,,base,0,0,0,0,0.0,,,,,INSUFFICIENT_SAMPLE,combined,bearish/ordinary,0.0,0.0,recent
donchian_atr,eth_short_regime_challenge_v1_donchian_atr,20261007T203647Z-194d4424b93c,d7573b10635c4c848355c283228e175b,6719be4e317770b6,ETHUSDT,1h,SHORT_ONLY,diagnostic_year_2026,,base,0,0,0,0,0.0,,,,,INSUFFICIENT_SAMPLE,combined,bearish/unavailable,0.0,0.0,recent
donchian_atr,eth_short_regime_challenge_v1_donchian_atr,20261007T203647Z-194d4424b93c,d7573b10635c4c848355c283228e175b,6719be4e317770b6,ETHUSDT,1h,SHORT_ONLY,diagnostic_year_2026,,base,0,0,0,0,0.0,,,,,INSUFFICIENT_SAMPLE,combined,bullish/high,0.0,0.0,recent
donchian_atr,eth_short_regime_challenge_v1_donchian_atr,20261007T203647Z-194d4424b93c,d7573b10635c4c848355c283228e175b,6719be4e317770b6,ETHUSDT,1h,SHORT_ONLY,diagnostic_year_2026,,base,0,0,0,0,0.0,,,,,INSUFFICIENT_SAMPLE,combined,bullish/ordinary,0.0,0.0,recent
donchian_atr,eth_short_regime_challenge_v1_donchian_atr,20261007T203647Z-194d4424b93c,d7573b10635c4c848355c283228e175b,6719be4e317770b6,ETHUSDT,1h,SHORT_ONLY,diagnostic_year_2026,,base,0,0,0,0,0.0,,,,,INSUFFICIENT_SAMPLE,combined,bullish/unavailable,0.0,0.0,recent
donchian_atr,eth_short_regime_challenge_v1_donchian_atr,20261007T203647Z-194d4424b93c,d7573b10635c4c848355c283228e175b,6719be4e317770b6,ETHUSDT,1h,SHORT_ONLY,diagnostic_year_2026,,base,0,0,0,0,0.0,,,,,INSUFFICIENT_SAMPLE,combined,mixed/high,0.0,0.0,recent
donchian_atr,eth_short_regime_challenge_v1_donchian_atr,20261007T203647Z-194d4424b93c,d7573b10635c4c848355c283228e175b,6719be4e317770b6,ETHUSDT,1h,SHORT_ONLY,diagnostic_year_2026,,base,0,0,0,0,0.0,,,,,INSUFFICIENT_SAMPLE,combined,mixed/ordinary,0.0,0.0,recent
donchian_atr,eth_short_regime_challenge_v1_donchian_atr,20261007T203647Z-194d4424b93c,d7573b10635c4c848355c283228e175b,6719be4e317770b6,ETHUSDT,1h,SHORT_ONLY,diagnostic_year_2026,,base,0,0,0,0,0.0,,,,,INSUFFICIENT_SAMPLE,combined,mixed/unavailable,0.0,0.0,recent
donchian_atr,eth_short_regime_challenge_v1_donchian_atr,20261007T203647Z-194d4424b93c,d7573b10635c4c848355c283228e175b,6719be4e317770b6,ETHUSDT,1h,SHORT_ONLY,diagnostic_year_2026,,base,0,0,0,0,0.0,,,,,INSUFFICIENT_SAMPLE,combined,unavailable/high,0.0,0.0,recent
donchian_atr,eth_short_regime_challenge_v1_donchian_atr,20261007T203647Z-194d4424b93c,d7573b10635c4c848355c283228e175b,6719be4e317770b6,ETHUSDT,1h,SHORT_ONLY,diagnostic_year_2026,,base,0,0,0,0,0.0,,,,,INSUFFICIENT_SAMPLE,combined,unavailable/ordinary,0.0,0.0,recent
donchian_atr,eth_short_regime_challenge_v1_donchian_atr,20261007T203647Z-194d4424b93c,d7573b10635c4c848355c283228e175b,6719be4e317770b6,ETHUSDT,1h,SHORT_ONLY,diagnostic_year_2026,,base,0,0,0,0,0.0,,,,,INSUFFICIENT_SAMPLE,combined,unavailable/unavailable,0.0,0.0,recent
donchian_atr,eth_short_regime_challenge_v1_donchian_atr,20261007T203647Z-194d4424b93c,0e7367db0f874a1cae292711a3cad2d0,6719be4e317770b6,ETHUSDT,1h,SHORT_ONLY,diagnostic_year_2026,,adverse,29,11,18,0,72.87497499110314,2.512930172107005,1.0653280891258474,37.93103448275862,-47.23110726105935,DESCRIPTIVE_SAMPLE,trend,bearish,100.0,100.0,recent
donchian_atr,eth_short_regime_challenge_v1_donchian_atr,20261007T203647Z-194d4424b93c,0e7367db0f874a1cae292711a3cad2d0,6719be4e317770b6,ETHUSDT,1h,SHORT_ONLY,diagnostic_year_2026,,adverse,0,0,0,0,0.0,,,,,INSUFFICIENT_SAMPLE,trend,bullish,0.0,0.0,recent
donchian_atr,eth_short_regime_challenge_v1_donchian_atr,20261007T203647Z-194d4424b93c,0e7367db0f874a1cae292711a3cad2d0,6719be4e317770b6,ETHUSDT,1h,SHORT_ONLY,diagnostic_year_2026,,adverse,0,0,0,0,0.0,,,,,INSUFFICIENT_SAMPLE,trend,mixed,0.0,0.0,recent
donchian_atr,eth_short_regime_challenge_v1_donchian_atr,20261007T203647Z-194d4424b93c,0e7367db0f874a1cae292711a3cad2d0,6719be4e317770b6,ETHUSDT,1h,SHORT_ONLY,diagnostic_year_2026,,adverse,0,0,0,0,0.0,,,,,INSUFFICIENT_SAMPLE,trend,unavailable,0.0,0.0,recent
donchian_atr,eth_short_regime_challenge_v1_donchian_atr,20261007T203647Z-194d4424b93c,0e7367db0f874a1cae292711a3cad2d0,6719be4e317770b6,ETHUSDT,1h,SHORT_ONLY,diagnostic_year_2026,,adverse,29,11,18,0,72.87497499110314,2.512930172107005,1.0653280891258474,37.93103448275862,-47.23110726105935,DESCRIPTIVE_SAMPLE,volatility,high,100.0,100.0,recent
donchian_atr,eth_short_regime_challenge_v1_donchian_atr,20261007T203647Z-194d4424b93c,0e7367db0f874a1cae292711a3cad2d0,6719be4e317770b6,ETHUSDT,1h,SHORT_ONLY,diagnostic_year_2026,,adverse,0,0,0,0,0.0,,,,,INSUFFICIENT_SAMPLE,volatility,ordinary,0.0,0.0,recent
donchian_atr,eth_short_regime_challenge_v1_donchian_atr,20261007T203647Z-194d4424b93c,0e7367db0f874a1cae292711a3cad2d0,6719be4e317770b6,ETHUSDT,1h,SHORT_ONLY,diagnostic_year_2026,,adverse,0,0,0,0,0.0,,,,,INSUFFICIENT_SAMPLE,volatility,unavailable,0.0,0.0,recent
donchian_atr,eth_short_regime_challenge_v1_donchian_atr,20261007T203647Z-194d4424b93c,0e7367db0f874a1cae292711a3cad2d0,6719be4e317770b6,ETHUSDT,1h,SHORT_ONLY,diagnostic_year_2026,,adverse,29,11,18,0,72.87497499110314,2.512930172107005,1.0653280891258474,37.93103448275862,-47.23110726105935,DESCRIPTIVE_SAMPLE,combined,bearish/high,100.0,100.0,recent
donchian_atr,eth_short_regime_challenge_v1_donchian_atr,20261007T203647Z-194d4424b93c,0e7367db0f874a1cae292711a3cad2d0,6719be4e317770b6,ETHUSDT,1h,SHORT_ONLY,diagnostic_year_2026,,adverse,0,0,0,0,0.0,,,,,INSUFFICIENT_SAMPLE,combined,bearish/ordinary,0.0,0.0,recent
donchian_atr,eth_short_regime_challenge_v1_donchian_atr,20261007T203647Z-194d4424b93c,0e7367db0f874a1cae292711a3cad2d0,6719be4e317770b6,ETHUSDT,1h,SHORT_ONLY,diagnostic_year_2026,,adverse,0,0,0,0,0.0,,,,,INSUFFICIENT_SAMPLE,combined,bearish/unavailable,0.0,0.0,recent
donchian_atr,eth_short_regime_challenge_v1_donchian_atr,20261007T203647Z-194d4424b93c,0e7367db0f874a1cae292711a3cad2d0,6719be4e317770b6,ETHUSDT,1h,SHORT_ONLY,diagnostic_year_2026,,adverse,0,0,0,0,0.0,,,,,INSUFFICIENT_SAMPLE,combined,bullish/high,0.0,0.0,recent
donchian_atr,eth_short_regime_challenge_v1_donchian_atr,20261007T203647Z-194d4424b93c,0e7367db0f874a1cae292711a3cad2d0,6719be4e317770b6,ETHUSDT,1h,SHORT_ONLY,diagnostic_year_2026,,adverse,0,0,0,0,0.0,,,,,INSUFFICIENT_SAMPLE,combined,bullish/ordinary,0.0,0.0,recent
donchian_atr,eth_short_regime_challenge_v1_donchian_atr,20261007T203647Z-194d4424b93c,0e7367db0f874a1cae292711a3cad2d0,6719be4e317770b6,ETHUSDT,1h,SHORT_ONLY,diagnostic_year_2026,,adverse,0,0,0,0,0.0,,,,,INSUFFICIENT_SAMPLE,combined,bullish/unavailable,0.0,0.0,recent
donchian_atr,eth_short_regime_challenge_v1_donchian_atr,20261007T203647Z-194d4424b93c,0e7367db0f874a1cae292711a3cad2d0,6719be4e317770b6,ETHUSDT,1h,SHORT_ONLY,diagnostic_year_2026,,adverse,0,0,0,0,0.0,,,,,INSUFFICIENT_SAMPLE,combined,mixed/high,0.0,0.0,recent
donchian_atr,eth_short_regime_challenge_v1_donchian_atr,20261007T203647Z-194d4424b93c,0e7367db0f874a1cae292711a3cad2d0,6719be4e317770b6,ETHUSDT,1h,SHORT_ONLY,diagnostic_year_2026,,adverse,0,0,0,0,0.0,,,,,INSUFFICIENT_SAMPLE,combined,mixed/ordinary,0.0,0.0,recent
donchian_atr,eth_short_regime_challenge_v1_donchian_atr,20261007T203647Z-194d4424b93c,0e7367db0f874a1cae292711a3cad2d0,6719be4e317770b6,ETHUSDT,1h,SHORT_ONLY,diagnostic_year_2026,,adverse,0,0,0,0,0.0,,,,,INSUFFICIENT_SAMPLE,combined,mixed/unavailable,0.0,0.0,recent
donchian_atr,eth_short_regime_challenge_v1_donchian_atr,20261007T203647Z-194d4424b93c,0e7367db0f874a1cae292711a3cad2d0,6719be4e317770b6,ETHUSDT,1h,SHORT_ONLY,diagnostic_year_2026,,adverse,0,0,0,0,0.0,,,,,INSUFFICIENT_SAMPLE,combined,unavailable/high,0.0,0.0,recent
donchian_atr,eth_short_regime_challenge_v1_donchian_atr,20261007T203647Z-194d4424b93c,0e7367db0f874a1cae292711a3cad2d0,6719be4e317770b6,ETHUSDT,1h,SHORT_ONLY,diagnostic_year_2026,,adverse,0,0,0,0,0.0,,,,,INSUFFICIENT_SAMPLE,combined,unavailable/ordinary,0.0,0.0,recent
donchian_atr,eth_short_regime_challenge_v1_donchian_atr,20261007T203647Z-194d4424b93c,0e7367db0f874a1cae292711a3cad2d0,6719be4e317770b6,ETHUSDT,1h,SHORT_ONLY,diagnostic_year_2026,,adverse,0,0,0,0,0.0,,,,,INSUFFICIENT_SAMPLE,combined,unavailable/unavailable,0.0,0.0,recent
donchian_atr,eth_short_regime_challenge_v1_donchian_atr,20261007T203647Z-194d4424b93c,d7e2cfa4fe5e4a61944f2e04d7c086d9,4c4aa07c4c65af74,ETHUSDT,1h,SHORT_ONLY,diagnostic_year_2026,,base,28,11,17,0,188.69157904603173,6.7389849659297045,1.1819580973015107,39.285714285714285,-44.681727448653,DESCRIPTIVE_SAMPLE,trend,bearish,100.0,100.0,recent
donchian_atr,eth_short_regime_challenge_v1_donchian_atr,20261007T203647Z-194d4424b93c,d7e2cfa4fe5e4a61944f2e04d7c086d9,4c4aa07c4c65af74,ETHUSDT,1h,SHORT_ONLY,diagnostic_year_2026,,base,0,0,0,0,0.0,,,,,INSUFFICIENT_SAMPLE,trend,bullish,0.0,0.0,recent
donchian_atr,eth_short_regime_challenge_v1_donchian_atr,20261007T203647Z-194d4424b93c,d7e2cfa4fe5e4a61944f2e04d7c086d9,4c4aa07c4c65af74,ETHUSDT,1h,SHORT_ONLY,diagnostic_year_2026,,base,0,0,0,0,0.0,,,,,INSUFFICIENT_SAMPLE,trend,mixed,0.0,0.0,recent
donchian_atr,eth_short_regime_challenge_v1_donchian_atr,20261007T203647Z-194d4424b93c,d7e2cfa4fe5e4a61944f2e04d7c086d9,4c4aa07c4c65af74,ETHUSDT,1h,SHORT_ONLY,diagnostic_year_2026,,base,0,0,0,0,0.0,,,,,INSUFFICIENT_SAMPLE,trend,unavailable,0.0,0.0,recent
donchian_atr,eth_short_regime_challenge_v1_donchian_atr,20261007T203647Z-194d4424b93c,d7e2cfa4fe5e4a61944f2e04d7c086d9,4c4aa07c4c65af74,ETHUSDT,1h,SHORT_ONLY,diagnostic_year_2026,,base,28,11,17,0,188.69157904603173,6.7389849659297045,1.1819580973015107,39.285714285714285,-44.681727448653,DESCRIPTIVE_SAMPLE,volatility,high,100.0,100.0,recent
donchian_atr,eth_short_regime_challenge_v1_donchian_atr,20261007T203647Z-194d4424b93c,d7e2cfa4fe5e4a61944f2e04d7c086d9,4c4aa07c4c65af74,ETHUSDT,1h,SHORT_ONLY,diagnostic_year_2026,,base,0,0,0,0,0.0,,,,,INSUFFICIENT_SAMPLE,volatility,ordinary,0.0,0.0,recent
donchian_atr,eth_short_regime_challenge_v1_donchian_atr,20261007T203647Z-194d4424b93c,d7e2cfa4fe5e4a61944f2e04d7c086d9,4c4aa07c4c65af74,ETHUSDT,1h,SHORT_ONLY,diagnostic_year_2026,,base,0,0,0,0,0.0,,,,,INSUFFICIENT_SAMPLE,volatility,unavailable,0.0,0.0,recent
donchian_atr,eth_short_regime_challenge_v1_donchian_atr,20261007T203647Z-194d4424b93c,d7e2cfa4fe5e4a61944f2e04d7c086d9,4c4aa07c4c65af74,ETHUSDT,1h,SHORT_ONLY,diagnostic_year_2026,,base,28,11,17,0,188.69157904603173,6.7389849659297045,1.1819580973015107,39.285714285714285,-44.681727448653,DESCRIPTIVE_SAMPLE,combined,bearish/high,100.0,100.0,recent
donchian_atr,eth_short_regime_challenge_v1_donchian_atr,20261007T203647Z-194d4424b93c,d7e2cfa4fe5e4a61944f2e04d7c086d9,4c4aa07c4c65af74,ETHUSDT,1h,SHORT_ONLY,diagnostic_year_2026,,base,0,0,0,0,0.0,,,,,INSUFFICIENT_SAMPLE,combined,bearish/ordinary,0.0,0.0,recent
donchian_atr,eth_short_regime_challenge_v1_donchian_atr,20261007T203647Z-194d4424b93c,d7e2cfa4fe5e4a61944f2e04d7c086d9,4c4aa07c4c65af74,ETHUSDT,1h,SHORT_ONLY,diagnostic_year_2026,,base,0,0,0,0,0.0,,,,,INSUFFICIENT_SAMPLE,combined,bearish/unavailable,0.0,0.0,recent
donchian_atr,eth_short_regime_challenge_v1_donchian_atr,20261007T203647Z-194d4424b93c,d7e2cfa4fe5e4a61944f2e04d7c086d9,4c4aa07c4c65af74,ETHUSDT,1h,SHORT_ONLY,diagnostic_year_2026,,base,0,0,0,0,0.0,,,,,INSUFFICIENT_SAMPLE,combined,bullish/high,0.0,0.0,recent
donchian_atr,eth_short_regime_challenge_v1_donchian_atr,20261007T203647Z-194d4424b93c,d7e2cfa4fe5e4a61944f2e04d7c086d9,4c4aa07c4c65af74,ETHUSDT,1h,SHORT_ONLY,diagnostic_year_2026,,base,0,0,0,0,0.0,,,,,INSUFFICIENT_SAMPLE,combined,bullish/ordinary,0.0,0.0,recent
donchian_atr,eth_short_regime_challenge_v1_donchian_atr,20261007T203647Z-194d4424b93c,d7e2cfa4fe5e4a61944f2e04d7c086d9,4c4aa07c4c65af74,ETHUSDT,1h,SHORT_ONLY,diagnostic_year_2026,,base,0,0,0,0,0.0,,,,,INSUFFICIENT_SAMPLE,combined,bullish/unavailable,0.0,0.0,recent
donchian_atr,eth_short_regime_challenge_v1_donchian_atr,20261007T203647Z-194d4424b93c,d7e2cfa4fe5e4a61944f2e04d7c086d9,4c4aa07c4c65af74,ETHUSDT,1h,SHORT_ONLY,diagnostic_year_2026,,base,0,0,0,0,0.0,,,,,INSUFFICIENT_SAMPLE,combined,mixed/high,0.0,0.0,recent
donchian_atr,eth_short_regime_challenge_v1_donchian_atr,20261007T203647Z-194d4424b93c,d7e2cfa4fe5e4a61944f2e04d7c086d9,4c4aa07c4c65af74,ETHUSDT,1h,SHORT_ONLY,diagnostic_year_2026,,base,0,0,0,0,0.0,,,,,INSUFFICIENT_SAMPLE,combined,mixed/ordinary,0.0,0.0,recent
donchian_atr,eth_short_regime_challenge_v1_donchian_atr,20261007T203647Z-194d4424b93c,d7e2cfa4fe5e4a61944f2e04d7c086d9,4c4aa07c4c65af74,ETHUSDT,1h,SHORT_ONLY,diagnostic_year_2026,,base,0,0,0,0,0.0,,,,,INSUFFICIENT_SAMPLE,combined,mixed/unavailable,0.0,0.0,recent
donchian_atr,eth_short_regime_challenge_v1_donchian_atr,20261007T203647Z-194d4424b93c,d7e2cfa4fe5e4a61944f2e04d7c086d9,4c4aa07c4c65af74,ETHUSDT,1h,SHORT_ONLY,diagnostic_year_2026,,base,0,0,0,0,0.0,,,,,INSUFFICIENT_SAMPLE,combined,unavailable/high,0.0,0.0,recent
donchian_atr,eth_short_regime_challenge_v1_donchian_atr,20261007T203647Z-194d4424b93c,d7e2cfa4fe5e4a61944f2e04d7c086d9,4c4aa07c4c65af74,ETHUSDT,1h,SHORT_ONLY,diagnostic_year_2026,,base,0,0,0,0,0.0,,,,,INSUFFICIENT_SAMPLE,combined,unavailable/ordinary,0.0,0.0,recent
donchian_atr,eth_short_regime_challenge_v1_donchian_atr,20261007T203647Z-194d4424b93c,d7e2cfa4fe5e4a61944f2e04d7c086d9,4c4aa07c4c65af74,ETHUSDT,1h,SHORT_ONLY,diagnostic_year_2026,,base,0,0,0,0,0.0,,,,,INSUFFICIENT_SAMPLE,combined,unavailable/unavailable,0.0,0.0,recent
donchian_atr,eth_short_regime_challenge_v1_donchian_atr,20261007T203647Z-194d4424b93c,6ae586981b9c415fb93132c9cadfa698,4c4aa07c4c65af74,ETHUSDT,1h,SHORT_ONLY,diagnostic_year_2026,,adverse,27,11,16,0,162.3949196530658,6.014626653817253,1.158279203359455,40.74074074074074,-47.23110726105935,DESCRIPTIVE_SAMPLE,trend,bearish,100.0,100.0,recent
donchian_atr,eth_short_regime_challenge_v1_donchian_atr,20261007T203647Z-194d4424b93c,6ae586981b9c415fb93132c9cadfa698,4c4aa07c4c65af74,ETHUSDT,1h,SHORT_ONLY,diagnostic_year_2026,,adverse,0,0,0,0,0.0,,,,,INSUFFICIENT_SAMPLE,trend,bullish,0.0,0.0,recent
donchian_atr,eth_short_regime_challenge_v1_donchian_atr,20261007T203647Z-194d4424b93c,6ae586981b9c415fb93132c9cadfa698,4c4aa07c4c65af74,ETHUSDT,1h,SHORT_ONLY,diagnostic_year_2026,,adverse,0,0,0,0,0.0,,,,,INSUFFICIENT_SAMPLE,trend,mixed,0.0,0.0,recent
donchian_atr,eth_short_regime_challenge_v1_donchian_atr,20261007T203647Z-194d4424b93c,6ae586981b9c415fb93132c9cadfa698,4c4aa07c4c65af74,ETHUSDT,1h,SHORT_ONLY,diagnostic_year_2026,,adverse,0,0,0,0,0.0,,,,,INSUFFICIENT_SAMPLE,trend,unavailable,0.0,0.0,recent
donchian_atr,eth_short_regime_challenge_v1_donchian_atr,20261007T203647Z-194d4424b93c,6ae586981b9c415fb93132c9cadfa698,4c4aa07c4c65af74,ETHUSDT,1h,SHORT_ONLY,diagnostic_year_2026,,adverse,27,11,16,0,162.3949196530658,6.014626653817253,1.158279203359455,40.74074074074074,-47.23110726105935,DESCRIPTIVE_SAMPLE,volatility,high,100.0,100.0,recent
donchian_atr,eth_short_regime_challenge_v1_donchian_atr,20261007T203647Z-194d4424b93c,6ae586981b9c415fb93132c9cadfa698,4c4aa07c4c65af74,ETHUSDT,1h,SHORT_ONLY,diagnostic_year_2026,,adverse,0,0,0,0,0.0,,,,,INSUFFICIENT_SAMPLE,volatility,ordinary,0.0,0.0,recent
donchian_atr,eth_short_regime_challenge_v1_donchian_atr,20261007T203647Z-194d4424b93c,6ae586981b9c415fb93132c9cadfa698,4c4aa07c4c65af74,ETHUSDT,1h,SHORT_ONLY,diagnostic_year_2026,,adverse,0,0,0,0,0.0,,,,,INSUFFICIENT_SAMPLE,volatility,unavailable,0.0,0.0,recent
donchian_atr,eth_short_regime_challenge_v1_donchian_atr,20261007T203647Z-194d4424b93c,6ae586981b9c415fb93132c9cadfa698,4c4aa07c4c65af74,ETHUSDT,1h,SHORT_ONLY,diagnostic_year_2026,,adverse,27,11,16,0,162.3949196530658,6.014626653817253,1.158279203359455,40.74074074074074,-47.23110726105935,DESCRIPTIVE_SAMPLE,combined,bearish/high,100.0,100.0,recent
donchian_atr,eth_short_regime_challenge_v1_donchian_atr,20261007T203647Z-194d4424b93c,6ae586981b9c415fb93132c9cadfa698,4c4aa07c4c65af74,ETHUSDT,1h,SHORT_ONLY,diagnostic_year_2026,,adverse,0,0,0,0,0.0,,,,,INSUFFICIENT_SAMPLE,combined,bearish/ordinary,0.0,0.0,recent
donchian_atr,eth_short_regime_challenge_v1_donchian_atr,20261007T203647Z-194d4424b93c,6ae586981b9c415fb93132c9cadfa698,4c4aa07c4c65af74,ETHUSDT,1h,SHORT_ONLY,diagnostic_year_2026,,adverse,0,0,0,0,0.0,,,,,INSUFFICIENT_SAMPLE,combined,bearish/unavailable,0.0,0.0,recent
donchian_atr,eth_short_regime_challenge_v1_donchian_atr,20261007T203647Z-194d4424b93c,6ae586981b9c415fb93132c9cadfa698,4c4aa07c4c65af74,ETHUSDT,1h,SHORT_ONLY,diagnostic_year_2026,,adverse,0,0,0,0,0.0,,,,,INSUFFICIENT_SAMPLE,combined,bullish/high,0.0,0.0,recent
donchian_atr,eth_short_regime_challenge_v1_donchian_atr,20261007T203647Z-194d4424b93c,6ae586981b9c415fb93132c9cadfa698,4c4aa07c4c65af74,ETHUSDT,1h,SHORT_ONLY,diagnostic_year_2026,,adverse,0,0,0,0,0.0,,,,,INSUFFICIENT_SAMPLE,combined,bullish/ordinary,0.0,0.0,recent
donchian_atr,eth_short_regime_challenge_v1_donchian_atr,20261007T203647Z-194d4424b93c,6ae586981b9c415fb93132c9cadfa698,4c4aa07c4c65af74,ETHUSDT,1h,SHORT_ONLY,diagnostic_year_2026,,adverse,0,0,0,0,0.0,,,,,INSUFFICIENT_SAMPLE,combined,bullish/unavailable,0.0,0.0,recent
donchian_atr,eth_short_regime_challenge_v1_donchian_atr,20261007T203647Z-194d4424b93c,6ae586981b9c415fb93132c9cadfa698,4c4aa07c4c65af74,ETHUSDT,1h,SHORT_ONLY,diagnostic_year_2026,,adverse,0,0,0,0,0.0,,,,,INSUFFICIENT_SAMPLE,combined,mixed/high,0.0,0.0,recent
donchian_atr,eth_short_regime_challenge_v1_donchian_atr,20261007T203647Z-194d4424b93c,6ae586981b9c415fb93132c9cadfa698,4c4aa07c4c65af74,ETHUSDT,1h,SHORT_ONLY,diagnostic_year_2026,,adverse,0,0,0,0,0.0,,,,,INSUFFICIENT_SAMPLE,combined,mixed/ordinary,0.0,0.0,recent
donchian_atr,eth_short_regime_challenge_v1_donchian_atr,20261007T203647Z-194d4424b93c,6ae586981b9c415fb93132c9cadfa698,4c4aa07c4c65af74,ETHUSDT,1h,SHORT_ONLY,diagnostic_year_2026,,adverse,0,0,0,0,0.0,,,,,INSUFFICIENT_SAMPLE,combined,mixed/unavailable,0.0,0.0,recent
donchian_atr,eth_short_regime_challenge_v1_donchian_atr,20261007T203647Z-194d4424b93c,6ae586981b9c415fb93132c9cadfa698,4c4aa07c4c65af74,ETHUSDT,1h,SHORT_ONLY,diagnostic_year_2026,,adverse,0,0,0,0,0.0,,,,,INSUFFICIENT_SAMPLE,combined,unavailable/high,0.0,0.0,recent
donchian_atr,eth_short_regime_challenge_v1_donchian_atr,20261007T203647Z-194d4424b93c,6ae586981b9c415fb93132c9cadfa698,4c4aa07c4c65af74,ETHUSDT,1h,SHORT_ONLY,diagnostic_year_2026,,adverse,0,0,0,0,0.0,,,,,INSUFFICIENT_SAMPLE,combined,unavailable/ordinary,0.0,0.0,recent
donchian_atr,eth_short_regime_challenge_v1_donchian_atr,20261007T203647Z-194d4424b93c,6ae586981b9c415fb93132c9cadfa698,4c4aa07c4c65af74,ETHUSDT,1h,SHORT_ONLY,diagnostic_year_2026,,adverse,0,0,0,0,0.0,,,,,INSUFFICIENT_SAMPLE,combined,unavailable/unavailable,0.0,0.0,recent
donchian_atr,eth_short_regime_challenge_v1_donchian_atr,20261007T203647Z-194d4424b93c,ab8c24c5e66f403cb8759cf4374a1359,db2f1a56c8656a10,ETHUSDT,1h,SHORT_ONLY,diagnostic_year_2026,,base,25,9,16,0,39.29615174890579,1.5718460699562318,1.040119365206605,36.0,-44.87806085091083,DESCRIPTIVE_SAMPLE,trend,bearish,100.0,100.00000000000016,recent
donchian_atr,eth_short_regime_challenge_v1_donchian_atr,20261007T203647Z-194d4424b93c,ab8c24c5e66f403cb8759cf4374a1359,db2f1a56c8656a10,ETHUSDT,1h,SHORT_ONLY,diagnostic_year_2026,,base,0,0,0,0,0.0,,,,,INSUFFICIENT_SAMPLE,trend,bullish,0.0,0.0,recent
donchian_atr,eth_short_regime_challenge_v1_donchian_atr,20261007T203647Z-194d4424b93c,ab8c24c5e66f403cb8759cf4374a1359,db2f1a56c8656a10,ETHUSDT,1h,SHORT_ONLY,diagnostic_year_2026,,base,0,0,0,0,0.0,,,,,INSUFFICIENT_SAMPLE,trend,mixed,0.0,0.0,recent
donchian_atr,eth_short_regime_challenge_v1_donchian_atr,20261007T203647Z-194d4424b93c,ab8c24c5e66f403cb8759cf4374a1359,db2f1a56c8656a10,ETHUSDT,1h,SHORT_ONLY,diagnostic_year_2026,,base,0,0,0,0,0.0,,,,,INSUFFICIENT_SAMPLE,trend,unavailable,0.0,0.0,recent
donchian_atr,eth_short_regime_challenge_v1_donchian_atr,20261007T203647Z-194d4424b93c,ab8c24c5e66f403cb8759cf4374a1359,db2f1a56c8656a10,ETHUSDT,1h,SHORT_ONLY,diagnostic_year_2026,,base,25,9,16,0,39.29615174890579,1.5718460699562318,1.040119365206605,36.0,-44.87806085091083,DESCRIPTIVE_SAMPLE,volatility,high,100.0,100.00000000000016,recent
donchian_atr,eth_short_regime_challenge_v1_donchian_atr,20261007T203647Z-194d4424b93c,ab8c24c5e66f403cb8759cf4374a1359,db2f1a56c8656a10,ETHUSDT,1h,SHORT_ONLY,diagnostic_year_2026,,base,0,0,0,0,0.0,,,,,INSUFFICIENT_SAMPLE,volatility,ordinary,0.0,0.0,recent
donchian_atr,eth_short_regime_challenge_v1_donchian_atr,20261007T203647Z-194d4424b93c,ab8c24c5e66f403cb8759cf4374a1359,db2f1a56c8656a10,ETHUSDT,1h,SHORT_ONLY,diagnostic_year_2026,,base,0,0,0,0,0.0,,,,,INSUFFICIENT_SAMPLE,volatility,unavailable,0.0,0.0,recent
donchian_atr,eth_short_regime_challenge_v1_donchian_atr,20261007T203647Z-194d4424b93c,ab8c24c5e66f403cb8759cf4374a1359,db2f1a56c8656a10,ETHUSDT,1h,SHORT_ONLY,diagnostic_year_2026,,base,25,9,16,0,39.29615174890579,1.5718460699562318,1.040119365206605,36.0,-44.87806085091083,DESCRIPTIVE_SAMPLE,combined,bearish/high,100.0,100.00000000000016,recent
donchian_atr,eth_short_regime_challenge_v1_donchian_atr,20261007T203647Z-194d4424b93c,ab8c24c5e66f403cb8759cf4374a1359,db2f1a56c8656a10,ETHUSDT,1h,SHORT_ONLY,diagnostic_year_2026,,base,0,0,0,0,0.0,,,,,INSUFFICIENT_SAMPLE,combined,bearish/ordinary,0.0,0.0,recent
donchian_atr,eth_short_regime_challenge_v1_donchian_atr,20261007T203647Z-194d4424b93c,ab8c24c5e66f403cb8759cf4374a1359,db2f1a56c8656a10,ETHUSDT,1h,SHORT_ONLY,diagnostic_year_2026,,base,0,0,0,0,0.0,,,,,INSUFFICIENT_SAMPLE,combined,bearish/unavailable,0.0,0.0,recent
donchian_atr,eth_short_regime_challenge_v1_donchian_atr,20261007T203647Z-194d4424b93c,ab8c24c5e66f403cb8759cf4374a1359,db2f1a56c8656a10,ETHUSDT,1h,SHORT_ONLY,diagnostic_year_2026,,base,0,0,0,0,0.0,,,,,INSUFFICIENT_SAMPLE,combined,bullish/high,0.0,0.0,recent
donchian_atr,eth_short_regime_challenge_v1_donchian_atr,20261007T203647Z-194d4424b93c,ab8c24c5e66f403cb8759cf4374a1359,db2f1a56c8656a10,ETHUSDT,1h,SHORT_ONLY,diagnostic_year_2026,,base,0,0,0,0,0.0,,,,,INSUFFICIENT_SAMPLE,combined,bullish/ordinary,0.0,0.0,recent
donchian_atr,eth_short_regime_challenge_v1_donchian_atr,20261007T203647Z-194d4424b93c,ab8c24c5e66f403cb8759cf4374a1359,db2f1a56c8656a10,ETHUSDT,1h,SHORT_ONLY,diagnostic_year_2026,,base,0,0,0,0,0.0,,,,,INSUFFICIENT_SAMPLE,combined,bullish/unavailable,0.0,0.0,recent
donchian_atr,eth_short_regime_challenge_v1_donchian_atr,20261007T203647Z-194d4424b93c,ab8c24c5e66f403cb8759cf4374a1359,db2f1a56c8656a10,ETHUSDT,1h,SHORT_ONLY,diagnostic_year_2026,,base,0,0,0,0,0.0,,,,,INSUFFICIENT_SAMPLE,combined,mixed/high,0.0,0.0,recent
donchian_atr,eth_short_regime_challenge_v1_donchian_atr,20261007T203647Z-194d4424b93c,ab8c24c5e66f403cb8759cf4374a1359,db2f1a56c8656a10,ETHUSDT,1h,SHORT_ONLY,diagnostic_year_2026,,base,0,0,0,0,0.0,,,,,INSUFFICIENT_SAMPLE,combined,mixed/ordinary,0.0,0.0,recent
donchian_atr,eth_short_regime_challenge_v1_donchian_atr,20261007T203647Z-194d4424b93c,ab8c24c5e66f403cb8759cf4374a1359,db2f1a56c8656a10,ETHUSDT,1h,SHORT_ONLY,diagnostic_year_2026,,base,0,0,0,0,0.0,,,,,INSUFFICIENT_SAMPLE,combined,mixed/unavailable,0.0,0.0,recent
donchian_atr,eth_short_regime_challenge_v1_donchian_atr,20261007T203647Z-194d4424b93c,ab8c24c5e66f403cb8759cf4374a1359,db2f1a56c8656a10,ETHUSDT,1h,SHORT_ONLY,diagnostic_year_2026,,base,0,0,0,0,0.0,,,,,INSUFFICIENT_SAMPLE,combined,unavailable/high,0.0,0.0,recent
donchian_atr,eth_short_regime_challenge_v1_donchian_atr,20261007T203647Z-194d4424b93c,ab8c24c5e66f403cb8759cf4374a1359,db2f1a56c8656a10,ETHUSDT,1h,SHORT_ONLY,diagnostic_year_2026,,base,0,0,0,0,0.0,,,,,INSUFFICIENT_SAMPLE,combined,unavailable/ordinary,0.0,0.0,recent
donchian_atr,eth_short_regime_challenge_v1_donchian_atr,20261007T203647Z-194d4424b93c,ab8c24c5e66f403cb8759cf4374a1359,db2f1a56c8656a10,ETHUSDT,1h,SHORT_ONLY,diagnostic_year_2026,,base,0,0,0,0,0.0,,,,,INSUFFICIENT_SAMPLE,combined,unavailable/unavailable,0.0,0.0,recent
donchian_atr,eth_short_regime_challenge_v1_donchian_atr,20261007T203647Z-194d4424b93c,7823bf9ad3b94d4cb66ea35aead64557,db2f1a56c8656a10,ETHUSDT,1h,SHORT_ONLY,diagnostic_year_2026,,adverse,24,9,15,0,23.359524035411027,0.9733135014754596,1.024207290665854,37.5,-47.430477818347214,DESCRIPTIVE_SAMPLE,trend,bearish,100.0,99.99999999999994,recent
donchian_atr,eth_short_regime_challenge_v1_donchian_atr,20261007T203647Z-194d4424b93c,7823bf9ad3b94d4cb66ea35aead64557,db2f1a56c8656a10,ETHUSDT,1h,SHORT_ONLY,diagnostic_year_2026,,adverse,0,0,0,0,0.0,,,,,INSUFFICIENT_SAMPLE,trend,bullish,0.0,0.0,recent
donchian_atr,eth_short_regime_challenge_v1_donchian_atr,20261007T203647Z-194d4424b93c,7823bf9ad3b94d4cb66ea35aead64557,db2f1a56c8656a10,ETHUSDT,1h,SHORT_ONLY,diagnostic_year_2026,,adverse,0,0,0,0,0.0,,,,,INSUFFICIENT_SAMPLE,trend,mixed,0.0,0.0,recent
donchian_atr,eth_short_regime_challenge_v1_donchian_atr,20261007T203647Z-194d4424b93c,7823bf9ad3b94d4cb66ea35aead64557,db2f1a56c8656a10,ETHUSDT,1h,SHORT_ONLY,diagnostic_year_2026,,adverse,0,0,0,0,0.0,,,,,INSUFFICIENT_SAMPLE,trend,unavailable,0.0,0.0,recent
donchian_atr,eth_short_regime_challenge_v1_donchian_atr,20261007T203647Z-194d4424b93c,7823bf9ad3b94d4cb66ea35aead64557,db2f1a56c8656a10,ETHUSDT,1h,SHORT_ONLY,diagnostic_year_2026,,adverse,24,9,15,0,23.359524035411027,0.9733135014754596,1.024207290665854,37.5,-47.430477818347214,DESCRIPTIVE_SAMPLE,volatility,high,100.0,99.99999999999994,recent
donchian_atr,eth_short_regime_challenge_v1_donchian_atr,20261007T203647Z-194d4424b93c,7823bf9ad3b94d4cb66ea35aead64557,db2f1a56c8656a10,ETHUSDT,1h,SHORT_ONLY,diagnostic_year_2026,,adverse,0,0,0,0,0.0,,,,,INSUFFICIENT_SAMPLE,volatility,ordinary,0.0,0.0,recent
donchian_atr,eth_short_regime_challenge_v1_donchian_atr,20261007T203647Z-194d4424b93c,7823bf9ad3b94d4cb66ea35aead64557,db2f1a56c8656a10,ETHUSDT,1h,SHORT_ONLY,diagnostic_year_2026,,adverse,0,0,0,0,0.0,,,,,INSUFFICIENT_SAMPLE,volatility,unavailable,0.0,0.0,recent
donchian_atr,eth_short_regime_challenge_v1_donchian_atr,20261007T203647Z-194d4424b93c,7823bf9ad3b94d4cb66ea35aead64557,db2f1a56c8656a10,ETHUSDT,1h,SHORT_ONLY,diagnostic_year_2026,,adverse,24,9,15,0,23.359524035411027,0.9733135014754596,1.024207290665854,37.5,-47.430477818347214,DESCRIPTIVE_SAMPLE,combined,bearish/high,100.0,99.99999999999994,recent
donchian_atr,eth_short_regime_challenge_v1_donchian_atr,20261007T203647Z-194d4424b93c,7823bf9ad3b94d4cb66ea35aead64557,db2f1a56c8656a10,ETHUSDT,1h,SHORT_ONLY,diagnostic_year_2026,,adverse,0,0,0,0,0.0,,,,,INSUFFICIENT_SAMPLE,combined,bearish/ordinary,0.0,0.0,recent
donchian_atr,eth_short_regime_challenge_v1_donchian_atr,20261007T203647Z-194d4424b93c,7823bf9ad3b94d4cb66ea35aead64557,db2f1a56c8656a10,ETHUSDT,1h,SHORT_ONLY,diagnostic_year_2026,,adverse,0,0,0,0,0.0,,,,,INSUFFICIENT_SAMPLE,combined,bearish/unavailable,0.0,0.0,recent
donchian_atr,eth_short_regime_challenge_v1_donchian_atr,20261007T203647Z-194d4424b93c,7823bf9ad3b94d4cb66ea35aead64557,db2f1a56c8656a10,ETHUSDT,1h,SHORT_ONLY,diagnostic_year_2026,,adverse,0,0,0,0,0.0,,,,,INSUFFICIENT_SAMPLE,combined,bullish/high,0.0,0.0,recent
donchian_atr,eth_short_regime_challenge_v1_donchian_atr,20261007T203647Z-194d4424b93c,7823bf9ad3b94d4cb66ea35aead64557,db2f1a56c8656a10,ETHUSDT,1h,SHORT_ONLY,diagnostic_year_2026,,adverse,0,0,0,0,0.0,,,,,INSUFFICIENT_SAMPLE,combined,bullish/ordinary,0.0,0.0,recent
donchian_atr,eth_short_regime_challenge_v1_donchian_atr,20261007T203647Z-194d4424b93c,7823bf9ad3b94d4cb66ea35aead64557,db2f1a56c8656a10,ETHUSDT,1h,SHORT_ONLY,diagnostic_year_2026,,adverse,0,0,0,0,0.0,,,,,INSUFFICIENT_SAMPLE,combined,bullish/unavailable,0.0,0.0,recent
donchian_atr,eth_short_regime_challenge_v1_donchian_atr,20261007T203647Z-194d4424b93c,7823bf9ad3b94d4cb66ea35aead64557,db2f1a56c8656a10,ETHUSDT,1h,SHORT_ONLY,diagnostic_year_2026,,adverse,0,0,0,0,0.0,,,,,INSUFFICIENT_SAMPLE,combined,mixed/high,0.0,0.0,recent
donchian_atr,eth_short_regime_challenge_v1_donchian_atr,20261007T203647Z-194d4424b93c,7823bf9ad3b94d4cb66ea35aead64557,db2f1a56c8656a10,ETHUSDT,1h,SHORT_ONLY,diagnostic_year_2026,,adverse,0,0,0,0,0.0,,,,,INSUFFICIENT_SAMPLE,combined,mixed/ordinary,0.0,0.0,recent
donchian_atr,eth_short_regime_challenge_v1_donchian_atr,20261007T203647Z-194d4424b93c,7823bf9ad3b94d4cb66ea35aead64557,db2f1a56c8656a10,ETHUSDT,1h,SHORT_ONLY,diagnostic_year_2026,,adverse,0,0,0,0,0.0,,,,,INSUFFICIENT_SAMPLE,combined,mixed/unavailable,0.0,0.0,recent
donchian_atr,eth_short_regime_challenge_v1_donchian_atr,20261007T203647Z-194d4424b93c,7823bf9ad3b94d4cb66ea35aead64557,db2f1a56c8656a10,ETHUSDT,1h,SHORT_ONLY,diagnostic_year_2026,,adverse,0,0,0,0,0.0,,,,,INSUFFICIENT_SAMPLE,combined,unavailable/high,0.0,0.0,recent
donchian_atr,eth_short_regime_challenge_v1_donchian_atr,20261007T203647Z-194d4424b93c,7823bf9ad3b94d4cb66ea35aead64557,db2f1a56c8656a10,ETHUSDT,1h,SHORT_ONLY,diagnostic_year_2026,,adverse,0,0,0,0,0.0,,,,,INSUFFICIENT_SAMPLE,combined,unavailable/ordinary,0.0,0.0,recent
donchian_atr,eth_short_regime_challenge_v1_donchian_atr,20261007T203647Z-194d4424b93c,7823bf9ad3b94d4cb66ea35aead64557,db2f1a56c8656a10,ETHUSDT,1h,SHORT_ONLY,diagnostic_year_2026,,adverse,0,0,0,0,0.0,,,,,INSUFFICIENT_SAMPLE,combined,unavailable/unavailable,0.0,0.0,recent
